date,nav,return
2004-01-02,10000000.0,0.0
2004-01-05,10001223.30911929,0.0001223309119289251
2004-01-06,10013371.96076158,0.0012147165668436877
2004-01-07,10020664.273881601,0.0007282574889453386
2004-01-08,10021883.325544557,0.00012165377759765228
2004-01-09,10046198.368230524,0.002426194947210192
2004-01-12,10052266.6626552,0.0006040388814008146
2004-01-13,10064423.829210157,0.0012093955485801278
2004-01-14,10054699.798948724,-0.000966178534056783
2004-01-15,10053485.004742099,-0.00012081854564682803
2004-01-16,10046198.368230524,-0.0007247871268657446
2004-01-20,10051053.99717674,0.0004833299889410725
2004-01-21,10057125.839481696,0.0006041000582288625
2004-01-22,10064423.829210157,0.0007256536156492466
2004-01-23,10049844.87957856,-0.0014485627671286805
2004-01-26,10042549.72815432,-0.000725896917977753
2004-01-27,10054699.798948724,0.0012098591615972154
2004-01-28,10029180.605696963,-0.002538036317546677
2004-01-29,10031613.032414433,0.00024253494010140209
2004-01-30,10036470.08051276,0.0004841741884016315
2004-02-02,10039995.963931402,0.00035130712196185243
2004-02-03,10049741.99105055,0.0009707202228128597
2004-02-04,10043653.11892027,-0.0006058734777173447
2004-02-05,10036346.614279147,-0.0007274748096744998
2004-02-06,10052171.579463797,0.0015767655096861066
2004-02-09,10055829.444028718,0.0003638879953455909
2004-02-10,10042438.324713647,-0.00133167725144967
2004-02-11,10058260.451594077,0.001575526417871398
2004-02-12,10061907.67251817,0.0003626095130111473
2004-02-13,10076515.714768032,0.0014518163677610385
2004-02-17,10067997.254224507,-0.0008453775873181746
2004-02-18,10069206.371822687,0.00012009514580202385
2004-02-19,10074076.901866067,0.00048370545438514156
2004-02-20,10063130.98163746,-0.0010865432471118819
2004-02-23,10072860.688507333,0.0009668667622062532
2004-02-24,10074076.901866069,0.00012074160423192204
2004-02-25,10081389.79269169,0.0007259117531916992
2004-02-26,10077734.76643099,-0.0003625518242881265
2004-02-27,10085039.851920005,0.0007248737596614596
2004-03-01,10081748.1285996,-0.00032639665967981735
2004-03-02,10071998.55360018,-0.00096705203056624
2004-03-03,10064676.438285839,-0.0007269773993091588
2004-03-04,10073220.443567356,0.0008489100801110094
2004-03-05,10095156.987316053,0.002177709092299862
2004-03-08,10111003.949358419,0.0015697588519203443
2004-03-09,10117090.692760533,0.0006019919913591298
2004-03-10,10111003.949358419,-0.0006016298150286481
2004-03-11,10119537.310999108,0.000843967788305644
2004-03-12,10112223.001021374,-0.0007227909491261952
2004-03-15,10107346.084793497,-0.00048227933930888867
2004-03-16,10114660.39477123,0.0007236627613589341
2004-03-17,10114660.39477123,0.0
2004-03-18,10111003.949358417,-0.00036149957290732004
2004-03-19,10114660.394771228,0.00036163030210700775
2004-03-22,10120748.55732545,0.0006019146779630002
2004-03-23,10123190.208531637,0.000241252037075812
2004-03-24,10125626.183129381,0.0002406330956512548
2004-03-25,10124409.969770648,-0.00012011240951792512
2004-03-26,10114660.394771226,-0.0009629771046937297
2004-03-29,10107346.084793493,-0.0007231394522660972
2004-03-30,10106126.323554482,-0.00012068066421966339
2004-03-31,10113444.890988544,0.0007241713788006532
2004-04-01,10101225.281740725,-0.0012082539015668692
2004-04-02,10065830.208951702,-0.0035040375599784124
2004-04-05,10056067.861583287,-0.0009698501927574155
2004-04-06,10068273.988886056,0.0012138071730203315
2004-04-07,10070721.316700686,0.0002430732236062827
2004-04-08,10070721.316700686,0.0
2004-04-12,10060951.163995663,-0.0009701542121735018
2004-04-13,10047525.275453882,-0.0013344551944379779
2004-04-14,10030430.169130297,-0.0017014245652458015
2004-04-15,10036535.361509848,0.0006086670538159034
2004-04-16,10049959.121323463,0.0013374894154305483
2004-04-19,10037754.413172804,-0.0012144037605847924
2004-04-20,10014569.725142883,-0.0023097484831363646
2004-04-21,10015780.971469231,0.00012094841411980362
2004-04-22,10030430.169130297,0.0014626116228775299
2004-04-23,10009681.455698121,-0.002068576629547958
2004-04-26,10010899.797785023,0.00012171636952618137
2004-04-27,10023110.89212018,0.0012197798980926322
2004-04-28,10002355.082927452,-0.0020707951269944846
2004-04-29,10001133.192960277,-0.00012216022697097983
2004-04-30,10006007.980459986,0.0004874235154812556
2004-05-03,10010420.833947716,0.0004410203845877092
2004-05-04,10007974.925285198,-0.00024433624750552774
2004-05-05,10004313.512839999,-0.00036584948229123615
2004-05-06,10001857.670112707,-0.0002454783853125253
2004-05-07,9960299.929283658,-0.004155002220560533
2004-05-10,9965186.779576307,0.0004906328451297348
2004-05-11,9966408.669543484,0.0001226158620208917
2004-05-12,9968863.802694723,0.0002463408066679662
2004-05-13,9963968.437489409,-0.0004910655117978946
2004-05-14,9979849.459182426,0.0015938450420280859
2004-05-17,9993303.73076642,0.0013481437409472719
2004-05-18,9983518.676964233,-0.0009791610528219197
2004-05-19,9978633.95539975,-0.0004892785522356835
2004-05-20,9983518.676964233,0.0004895180629247431
2004-05-21,9983518.676964233,0.0
2004-05-24,9985975.22926758,0.00024606077104016855
2004-05-25,9985975.22926758,0.0
2004-05-26,10004313.512839999,0.0018364038715690256
2004-05-27,10009196.10567632,0.0004880487631713226
2004-05-28,10005529.726198735,-0.00036630109340207717
2004-06-01,9991328.980604598,-0.001419289731052653
2004-06-02,9985208.177551832,-0.0006126115018980638
2004-06-03,9987652.66706224,0.00024481107123075496
2004-06-04,9971744.681479122,-0.001592765198531465
2004-06-07,9975413.189684873,0.0003678903063537575
2004-06-08,9976632.24134783,0.0001222056309624353
2004-06-09,9960727.094068935,-0.001594240109701217
2004-06-10,9959491.722156709,-0.00012402427057378596
2004-06-14,9933786.619978467,-0.0025809652636245017
2004-06-15,9966845.058817482,0.0033278788948947202
2004-06-16,9959491.722156709,-0.0007377797705671041
2004-06-17,9971744.681479126,0.0012302795829588486
2004-06-18,9965627.426306637,-0.0006134588648113448
2004-06-21,9972965.861870248,0.0007363746656070536
2004-06-22,9976632.241347833,0.00036763180866805634
2004-06-23,9979086.664923014,0.00024601724467787633
2004-06-24,9988885.910246305,0.0009819781761928326
2004-06-25,9990106.381061371,0.00012218287665244354
2004-06-28,9966845.058817482,-0.0023284358901309865
2004-06-29,9976632.241347833,0.000981973981996731
2004-06-30,10003574.134590412,0.0027004997869841674
2004-07-01,10005660.997768963,0.00020861175720532366
2004-07-02,10032632.693205863,0.002695643540483239
2004-07-06,10030182.527087012,-0.0002442196573697597
2004-07-07,10031421.446879515,0.0001235191671893343
2004-07-08,10035084.988052879,0.00036520658540406536
2004-07-09,10035084.988052879,0.0
2004-07-12,10038760.592019182,0.0003662753201072455
2004-07-13,10031421.446879515,-0.0007310808014986403
2004-07-14,10027728.10351183,-0.0003681774698872653
2004-07-15,10027728.10351183,0.0
2004-07-16,10047350.719744291,0.0019568356889920757
2004-07-19,10042449.677930536,-0.00048779443959534596
2004-07-20,10024051.080393417,-0.0018320826219873076
2004-07-21,10021602.333426677,-0.0002442871596624041
2004-07-22,10024051.080393417,0.0002443468504604862
2004-07-23,10024051.080393417,0.0
2004-07-26,10016688.519243926,-0.0007344895881358227
2004-07-27,10008116.130920198,-0.0008558106111874464
2004-07-28,10014244.029733516,0.0006122929363685525
2004-07-29,10016688.519243924,0.00024410125249096915
2004-07-30,10031421.446879514,0.001470838152477727
2004-08-02,10039162.212066464,0.0007716518768492442
2004-08-03,10041604.572848706,0.00024328332690015664
2004-08-04,10040385.52118575,-0.00012140008642158584
2004-08-05,10046522.644487787,0.0006112437902994206
2004-08-06,10082154.71567927,0.003546706900723784
2004-08-09,10080932.116136035,-0.00012126371571474781
2004-08-10,10056348.144125123,-0.0024386606047631654
2004-08-11,10072331.3447701,0.0015893642916802175
2004-08-12,10074785.768345281,0.0002436797888361042
2004-08-13,10084616.94459106,0.000975819880624007
2004-08-16,10082154.71567927,-0.0002441569100065655
2004-08-17,10091981.634468714,0.0009746843870748201
2004-08-18,10089525.79174142,-0.00024334593702646234
2004-08-19,10095672.849108232,0.0006092513655937548
2004-08-20,10089525.79174142,-0.000608880404376011
2004-08-23,10080932.116136033,-0.0008517422704267252
2004-08-24,10085839.544134287,0.000486803000131264
2004-08-25,10082154.715679267,-0.0003653467258620813
2004-08-26,10091981.634468712,0.0009746843870748201
2004-08-27,10088298.934741855,-0.000364913439227732
2004-08-30,10090761.163653644,0.00024406779851759985
2004-08-31,10105496.220017398,0.0014602522173281507
2004-09-01,10108203.252668258,0.00026787726123700395
2004-09-02,10092205.15092612,-0.001582685007636142
2004-09-03,10078673.535552107,-0.0013407986829094831
2004-09-07,10078673.535552107,0.0
2004-09-08,10093441.94199046,0.001465312512232586
2004-09-09,10094668.798990024,0.00012154991395552095
2004-09-10,10097133.866206033,0.0002441949572684621
2004-09-13,10098362.851933762,0.00012171629533819228
2004-09-14,10100825.790421607,0.00024389482968256715
2004-09-15,10094668.798990022,-0.0006095532740920673
2004-09-16,10111898.015188051,0.0017067638910306382
2004-09-17,10099595.385541765,-0.0012166489048651696
2004-09-20,10115585.681947295,0.0015832610906789668
2004-09-21,10100825.790421605,-0.0014591237709578042
2004-09-22,10110661.224123714,0.000973725703836692
2004-09-23,10098362.85193376,-0.0012163766461297243
2004-09-24,10092205.150926119,-0.0006097722074289713
2004-09-27,10098362.85193376,0.0006101442564390158
2004-09-28,10104512.747604795,0.0006089992765367924
2004-09-29,10092205.15092612,-0.0012180297047565958
2004-09-30,10095900.623021971,0.0003661709250442069
2004-10-01,10088753.06341723,-0.0007079665174638539
2004-10-04,10089982.04914496,0.00012181740597716484
2004-10-05,10091214.582752964,0.00012215419234662406
2004-10-06,10082588.266649036,-0.0008548342752190408
2004-10-07,10078890.665825019,-0.00036673131206277354
2004-10-08,10104774.58116919,0.002568131375006999
2004-10-11,10112179.007305942,0.0007327650980508693
2004-10-12,10114639.107489564,0.0002432809171835082
2004-10-13,10122029.342105212,0.0007306473851524942
2004-10-14,10124495.828473335,0.00024367508577194386
2004-10-15,10120798.937225373,-0.0003651432437321578
2004-10-18,10122029.342105214,0.00012157191220496522
2004-10-19,10118332.450857252,-0.00036523222004336553
2004-10-20,10126960.895689346,0.0008527536403850622
2004-10-21,10114639.107489565,-0.001216731093039547
2004-10-22,10124495.828473335,0.0009745005114885075
2004-10-25,10128196.977177627,0.000365563754185505
2004-10-26,10126960.895689346,-0.00012204358693523876
2004-10-27,10113401.606849175,-0.0013389297124611899
2004-10-28,10134746.44396783,0.0021105497386952887
2004-10-29,10162124.97834687,0.002701452328423448
2004-11-01,10163507.458493635,0.00013604242712150771
2004-11-02,10194835.691565014,0.0030824233857573713
2004-11-03,10280616.102812367,0.008414104340918938
2004-11-04,10463645.473390197,0.017803346486964022
2004-11-05,10504429.157635972,0.003897655396438049
2004-11-08,10534528.198275805,0.002865366617085696
2004-11-09,10493088.650586488,-0.003933688050320017
2004-11-10,10526564.688645761,0.0031902940281938186
2004-11-11,10568272.626929011,0.003962160449955343
2004-11-12,10707329.807536794,0.013157985748158296
2004-11-15,10706964.346672727,-3.413183964973143e-05
2004-11-16,10687692.518050278,-0.0017999339493867117
2004-11-17,10679571.21104164,-0.0007598746871619877
2004-11-18,10769126.544210535,0.00838566749536751
2004-11-19,10657569.76626597,-0.010358943920529717
2004-11-22,10765877.496991035,0.010162516699434354
2004-11-23,10781294.658855258,0.001432039503378224
2004-11-24,10910784.201163521,0.012010574463049872
2004-11-26,10953745.842912534,0.003937539314949667
2004-11-29,10980030.758678906,0.0023996280490092836
2004-11-30,10982974.191900255,0.00026807149142293873
2004-12-01,11110560.894490702,0.011616771592210418
2004-12-02,11016263.247940157,-0.008487208471833707
2004-12-03,10992334.508124433,-0.0021721285409730395
2004-12-06,10998827.202061335,0.0005906565099618177
2004-12-07,10824632.836572329,-0.015837539974840165
2004-12-08,10829637.853033867,0.00046237286170369707
2004-12-09,10911006.336455783,0.007513499945810409
2004-12-10,10962687.770460071,0.00473663312169581
2004-12-13,11073715.053773548,0.010127742907414472
2004-12-14,11144104.013687493,0.0063563997784066295
2004-12-15,11257683.724411104,0.010191910501204049
2004-12-16,11166493.932798803,-0.008100226817934653
2004-12-17,11144048.783334903,-0.002010044477610995
2004-12-20,11134739.523812365,-0.0008353570325768667
2004-12-21,11221080.658068089,0.007754212307443664
2004-12-22,11231700.693380741,0.0009464360551598716
2004-12-23,11188538.055081634,-0.003842929889018909
2004-12-27,11119422.394967118,-0.006177362920361529
2004-12-28,11288392.469762469,0.015195939932260316
2004-12-29,11256709.326465802,-0.002806701076484952
2004-12-30,11295576.671983095,0.003452815950920174
2004-12-31,11298155.862000637,0.00022833628529461691
2005-01-03,11107347.02398924,-0.016888494046461977
2005-01-04,10872527.019603109,-0.021140962272896968
2005-01-05,10783717.959883928,-0.008168207773506464
2005-01-06,10780630.798548648,-0.00028627986625440194
2005-01-07,10770449.25986651,-0.0009444288439512949
2005-01-10,10864977.600161538,0.008776638561147632
2005-01-11,10802750.968522716,-0.005727267365732591
2005-01-12,10799373.745695522,-0.00031262618540728315
2005-01-13,10843491.139702829,0.004085180774940023
2005-01-14,10929682.86910508,0.007948706582759701
2005-01-18,11079586.636814903,0.013715289776024209
2005-01-19,11085494.583355047,0.000533228064710789
2005-01-20,10993073.84993063,-0.00833708705818037
2005-01-21,10916014.827588554,-0.007009779375089065
2005-01-24,10819967.06632372,-0.008798793587389442
2005-01-25,10797987.933270432,-0.0020313493487144063
2005-01-26,10853365.878482461,0.005128542979882411
2005-01-27,10910376.150533792,0.005252773442785852
2005-01-28,10935466.96268268,0.002299720174877784
2005-01-31,11098566.39360999,0.01491472028436358
2005-02-01,11209267.757984275,0.009974384118476953
2005-02-02,11250353.253215618,0.0036653148197016705
2005-02-03,11296400.983403169,0.0040930030507608794
2005-02-04,11443905.85346718,0.013057687159010012
2005-02-07,11451185.170615282,0.0006360867732844167
2005-02-08,11490549.290592095,0.003437558592435108
2005-02-09,11336067.173675003,-0.013444276075085027
2005-02-10,11405168.427234998,0.006095699019891487
2005-02-11,11454374.511131478,0.0043143671406884465
2005-02-14,11434730.257288855,-0.0017150001358462452
2005-02-15,11435749.340107027,8.912171911745759e-05
2005-02-16,11497328.408915699,0.005384786512651507
2005-02-17,11360787.404149551,-0.011875889764118241
2005-02-18,11395863.026973426,0.003087428852956542
2005-02-22,11213698.191600455,-0.015985172421061566
2005-02-23,11295079.991786191,0.007257356029672257
2005-02-24,11518379.856270947,0.01976965764272043
2005-02-25,11801300.037537858,0.024562497920476378
2005-02-28,11691827.543258067,-0.009276308028062785
2005-03-01,11630268.738517292,-0.005265113987784731
2005-03-02,11691768.202047732,0.005287879834346754
2005-03-03,11762527.352248788,0.006052048670333932
2005-03-04,12009976.81773293,0.02103710011240345
2005-03-07,11910496.208253767,-0.008283164155011402
2005-03-08,11737180.531667616,-0.014551507641305972
2005-03-09,11476122.393228812,-0.022241980323507327
2005-03-10,11314721.505842553,-0.014064061174660303
2005-03-11,11344288.106179835,0.0026131089768328675
2005-03-14,11332911.582764816,-0.0010028415453255946
2005-03-15,11264769.232492168,-0.006012784073624933
2005-03-16,11234475.563818417,-0.0026892400588527376
2005-03-17,11269481.645780481,0.003115951586988519
2005-03-18,11214315.471545711,-0.004895182934649522
2005-03-21,11135260.1971545,-0.007049496207931716
2005-03-22,11071158.946594693,-0.005756601051512655
2005-03-23,11074116.717415307,0.00026715999967863446
2005-03-24,11090449.870610913,0.001474894441912511
2005-03-28,11092820.867090417,0.00021378722298615038
2005-03-29,11002600.517432787,-0.008133219740822817
2005-03-30,11079265.605091393,0.006967906136111868
2005-03-31,11094280.64061328,0.0013552374369458775
2005-04-01,11145678.84893702,0.004632856332801305
2005-04-04,11127890.022508606,-0.001596028978540831
2005-04-05,11120513.66900864,-0.0006628708124402083
2005-04-06,11129279.92921023,0.0007882963379668428
2005-04-07,11146518.53817686,0.0015489419869281207
2005-04-08,11055573.29386022,-0.008159071732142475
2005-04-11,11115036.475173783,0.005378570584538167
2005-04-12,11101000.336538862,-0.0012628063494232178
2005-04-13,10974158.796995576,-0.011426135996572162
2005-04-14,10811965.9458046,-0.014779524717227543
2005-04-15,10655485.765490137,-0.01447287025309052
2005-04-18,10629211.14532768,-0.0024658303469892173
2005-04-19,10697121.460429287,0.0063890268217561275
2005-04-20,10644758.224201284,-0.004895077280528626
2005-04-21,10669464.394634355,0.0023209705577811324
2005-04-22,10673659.679711703,0.0003932048434838187
2005-04-25,10703589.99453793,0.0028041286423172718
2005-04-26,10654463.0528858,-0.00458976303064651
2005-04-27,10628625.685532097,-0.0024250276363486645
2005-04-28,10613165.386527272,-0.0014545905992220387
2005-04-29,10677638.289735217,0.006074804345345353
2005-05-02,10694183.413717315,0.0015495115617469857
2005-05-03,10667791.058918018,-0.0024679167897423415
2005-05-04,10725046.629901372,0.005367144019519321
2005-05-05,10708343.118898058,-0.0015574301520279166
2005-05-06,10739609.775918847,0.0029198407889647893
2005-05-09,10803598.850587301,0.005958230885812599
2005-05-10,10751868.912103234,-0.004788213557305077
2005-05-11,10800271.986367472,0.0045018289062053185
2005-05-12,10718453.007177595,-0.007575640622120572
2005-05-13,10616393.306413539,-0.009521868565893987
2005-05-16,10699249.872492602,0.007804587084109693
2005-05-17,10741033.692661721,0.0039053037051264283
2005-05-18,10755480.874128621,0.0013450457265364868
2005-05-19,10786624.899795074,0.002895642327008119
2005-05-20,10782366.876991436,-0.0003947502433053751
2005-05-23,10810783.62355683,0.0026354831819006552
2005-05-24,10768640.189262047,-0.003898277475737455
2005-05-25,10685698.27305729,-0.007702171745645581
2005-05-26,10760985.770742672,0.007045631999100133
2005-05-27,10816402.633241858,0.0051497942363101235
2005-05-31,10794949.204690207,-0.0019834162317255988
2005-06-01,10857747.769151744,0.00581740249729501
2005-06-02,10872468.330755249,0.0013557656630529547
2005-06-03,10829740.715933662,-0.003929890943045744
2005-06-06,10925624.215521794,0.008853720703309254
2005-06-07,10877769.24787331,-0.004380067143486155
2005-06-08,10872273.810750943,-0.0005051989058733053
2005-06-09,10945182.598792477,0.006705937443319154
2005-06-10,10946132.899096824,8.68236135642686e-05
2005-06-13,10975156.544259407,0.0026514976046907446
2005-06-14,11010129.56672623,0.003186562517426328
2005-06-15,11064623.005785398,0.004949391260921532
2005-06-16,11113501.03438524,0.004417505103814667
2005-06-17,11121560.286370404,0.0007251766981646313
2005-06-20,11148664.59065523,0.0024370954782344523
2005-06-21,11128865.899523614,-0.0017758800590530477
2005-06-22,11192391.2874321,0.005708163660342658
2005-06-23,11071545.479283381,-0.01079713932843085
2005-06-24,11037445.01260984,-0.0030800096280459988
2005-06-27,11032796.897915715,-0.00042112234206503896
2005-06-28,11194398.211546503,0.014647356887474094
2005-06-29,11308078.272776544,0.010155084630881328
2005-06-30,11228673.678499911,-0.0070219353245718485
2005-07-01,11279295.368609633,0.00450825195914728
2005-07-05,11368288.869974077,0.007889987668211251
2005-07-06,11237817.771911781,-0.011476757808899118
2005-07-07,11275066.18695468,0.0033145594455179506
2005-07-08,11400034.790704176,0.011083624847726847
2005-07-11,11469805.573623367,0.006120225437915572
2005-07-12,11511028.2093255,0.0035940134675804813
2005-07-13,11451647.172041336,-0.005158621471890501
2005-07-14,11377288.749858597,-0.0064932512385014185
2005-07-15,11397950.625462698,0.0018160632166743795
2005-07-18,11414342.927704724,0.0014381797904445826
2005-07-19,11489602.008916035,0.0065933783212912545
2005-07-20,11483461.27921466,-0.0005344597399118411
2005-07-21,11302260.899627328,-0.015779247665972385
2005-07-22,11281719.351155538,-0.0018174725087497512
2005-07-25,11206301.199493006,-0.006684987395543351
2005-07-26,11225918.420517053,0.0017505527180490255
2005-07-27,11299383.027366986,0.006544195681634779
2005-07-28,11378065.784883203,0.006963456086553466
2005-07-29,11343125.88497455,-0.00307081190856473
2005-08-01,11331503.00597584,-0.0010246627884211712
2005-08-02,11460330.680943256,0.011368983876143934
2005-08-03,11458941.70685123,-0.00012119843054236856
2005-08-04,11364634.851193883,-0.00822997952777449
2005-08-05,11252234.715911219,-0.009890342871056279
2005-08-08,11162488.734353302,-0.00797583625153242
2005-08-09,11260517.28379145,0.00878196178030266
2005-08-10,11242329.792339271,-0.0016151559465531484
2005-08-11,11278233.186577514,0.003193590198955709
2005-08-12,11241616.622247554,-0.0032466578518288713
2005-08-15,11228034.955080155,-0.001208159611182702
2005-08-16,11078511.16219443,-0.013317004576840263
2005-08-17,11037540.824325722,-0.0036981808538064653
2005-08-18,10983060.82915337,-0.004935881646053186
2005-08-19,10980088.676849354,-0.0002706123866788035
2005-08-22,11000304.76571368,0.0018411589796127892
2005-08-23,10974289.935946599,-0.0023649190018958377
2005-08-24,10939457.06099967,-0.0031740436192444488
2005-08-25,10990863.698555771,0.004699194600742418
2005-08-26,10946755.468036473,-0.004013172370165408
2005-08-29,10945823.384173358,-8.51470434172219e-05
2005-08-30,10992382.147714995,0.004253564296401446
2005-08-31,11162108.3460441,0.015440347328571358
2005-09-01,11219428.377996638,0.0051352334322083415
2005-09-02,11160664.908339374,-0.005237652728592668
2005-09-06,11257640.558344264,0.008689056682673835
2005-09-07,11284584.045109054,0.0023933511311853284
2005-09-08,11299158.005847413,0.0012914929500371652
2005-09-09,11415603.309884412,0.010305662065858145
2005-09-12,11370747.450737974,-0.003929346345418194
2005-09-13,11344290.596910588,-0.002326747115086847
2005-09-14,11313422.55990749,-0.0027210195947823257
2005-09-15,11275882.884441374,-0.0033181537476686396
2005-09-16,11375588.911052592,0.00884241417129239
2005-09-19,11392864.138035906,0.0015186226505188305
2005-09-20,11328119.19653853,-0.005682938084131117
2005-09-21,11320309.948901197,-0.0006893684204629658
2005-09-22,11260420.836761687,-0.005290412754583862
2005-09-23,11256788.982728528,-0.0003225327086623375
2005-09-26,11314762.718847437,0.0051501130746840484
2005-09-27,11327525.152901292,0.0011279453551946705
2005-09-28,11443357.448122626,0.010225737189527795
2005-09-29,11516262.34891584,0.006370936250459813
2005-09-30,11524334.569102002,0.0007009409773408581
2005-10-03,11620149.033532321,0.008314099513147433
2005-10-04,11430072.657614077,-0.016357481764626258
2005-10-05,11089176.35215839,-0.029824509053194892
2005-10-06,10948259.206588795,-0.012707629592541014
2005-10-07,10995979.736622201,0.004358732208741278
2005-10-10,10937754.407700326,-0.005295146982488119
2005-10-11,10949721.616996849,0.0010941194006055532
2005-10-12,10912141.94857506,-0.0034320204418215594
2005-10-13,10915062.029839069,0.00026759927407193906
2005-10-14,10975747.895547932,0.005559827836338682
2005-10-17,10966167.604104144,-0.0008728600123617536
2005-10-18,10939499.235523807,-0.002431876799909305
2005-10-19,10995357.570287235,0.005106114417197327
2005-10-20,10914200.558797864,-0.007381025216376957
2005-10-21,10955309.190973364,0.0037665270996292133
2005-10-24,10991152.023916323,0.003271731752901186
2005-10-25,10946883.055374788,-0.004027691405341982
2005-10-26,10959283.096355686,0.0011327462729044946
2005-10-27,10926724.375106616,-0.002970880573374024
2005-10-28,11010608.81748466,0.007676998110170308
2005-10-31,11068115.18420765,0.00522281443980388
2005-11-01,11102310.141205877,0.003089501367587566
2005-11-02,11308848.557920057,0.018603192856919026
2005-11-03,11331035.870979685,0.0019619427164483394
2005-11-04,11362184.209773675,0.0027489400923850216
2005-11-07,11405457.864879467,0.003808568344506158
2005-11-08,11394451.86930418,-0.0009649762162706743
2005-11-09,11377644.766766405,-0.001475025102616212
2005-11-10,11557976.810251867,0.0158496812989104
2005-11-11,11578987.340075959,0.0018178380324707089
2005-11-14,11640073.537860414,0.005275607960381068
2005-11-15,11570031.966334593,-0.0060172791261159375
2005-11-16,11570138.473115178,9.205400719247692e-06
2005-11-17,11744467.055382002,0.01506711286748219
2005-11-18,11738718.046541441,-0.0004895078519485674
2005-11-21,11777092.834034964,0.003269078219731991
2005-11-22,11833451.25014738,0.0047854268372193864
2005-11-23,11853256.856315542,0.001673696519256307
2005-11-25,11887457.275444359,0.0028853183174373243
2005-11-28,11704815.022830807,-0.015364282569564458
2005-11-29,11761011.216169272,0.004801117593815185
2005-11-30,11691651.772200061,-0.005897404797459371
2005-12-01,11801931.765472785,0.00943237067109215
2005-12-02,11826686.548526026,0.002097519587908714
2005-12-05,11762907.711588208,-0.005392789998798775
2005-12-06,11746792.664255429,-0.0013699884185015554
2005-12-07,11691248.162147202,-0.004728482377768128
2005-12-08,11667368.039602786,-0.0020425639942989182
2005-12-09,11753611.46112004,0.0073918488920994285
2005-12-12,11695071.362659104,-0.004980605208414479
2005-12-13,11731119.025997128,0.0030822952866385034
2005-12-14,11747918.308678985,0.0014320272980461457
2005-12-15,11693100.383701682,-0.004666182002372676
2005-12-16,11659354.626850814,-0.002885954600877705
2005-12-19,11537667.73009572,-0.010436846690884183
2005-12-20,11586396.955618702,0.004223490107612804
2005-12-21,11663180.798220478,0.0066270681814109
2005-12-22,11753842.799982734,0.007773351312198473
2005-12-23,11747624.096728345,-0.0005290783074278771
2005-12-27,11612901.377092034,-0.011468082271531954
2005-12-28,11639143.970165346,0.002259779207724799
2005-12-29,11608293.53696325,-0.002650575788148535
2005-12-30,11531707.279602135,-0.006597546583160474
2006-01-03,11717735.938746087,0.016131926924039197
2006-01-04,11856043.306056608,0.01180325005048033
2006-01-05,11821105.39559529,-0.0029468440321460676
2006-01-06,11882080.994083855,0.005158197685242394
2006-01-09,12031582.649302587,0.012582110431091031
2006-01-10,12073599.538389817,0.0034922163037018894
2006-01-11,12157623.33342327,0.006959299483661585
2006-01-12,12112460.461143535,-0.00371477804840159
2006-01-13,12113401.69159378,7.77076179743208e-05
2006-01-17,12039697.454720829,-0.006084520166131258
2006-01-18,11998486.275988908,-0.0034229413892590266
2006-01-19,12139339.38560887,0.011739239965780746
2006-01-20,11939232.429529939,-0.016484171808900716
2006-01-23,12010420.646723552,0.005962545550042053
2006-01-24,12083186.876480944,0.006058591276504766
2006-01-25,12040343.18390053,-0.0035457278794394087
2006-01-26,12151218.16447123,0.009208622950129364
2006-01-27,12285976.938783197,0.011090145242061977
2006-01-30,12356548.317095637,0.00574405915492715
2006-01-31,12291249.213484645,-0.005284574780535567
2006-02-01,12099400.678132284,-0.015608546537473567
2006-02-02,11978682.057098728,-0.009977239719958675
2006-02-03,11827018.634502415,-0.012661110953056443
2006-02-06,11982512.712828167,0.01314736055899468
2006-02-07,11696863.418906469,-0.023838847557899
2006-02-08,11718476.256104168,0.001847746393512928
2006-02-09,11661672.471945347,-0.004847369480245445
2006-02-10,11693973.666283708,0.002769859504806682
2006-02-13,11634053.8772999,-0.005123988705102889
2006-02-14,11783045.375918385,0.012806498937502298
2006-02-15,11827032.9952818,0.00373312823298777
2006-02-16,11844096.273615967,0.0014427353285455524
2006-02-17,11851379.65230376,0.0006149374776713845
2006-02-21,11771171.684346806,-0.006767816938626492
2006-02-22,11942506.260831898,0.01455543943114268
2006-02-23,11908118.057155825,-0.0028794796439719494
2006-02-24,11940286.73172073,0.002701407091406427
2006-02-27,12076537.65911658,0.011411026423166382
2006-02-28,11908891.978292463,-0.013881932517103568
2006-03-01,12083360.766230091,0.01465029561571729
2006-03-02,12075378.134906638,-0.0006606300579687918
2006-03-03,12048149.149952825,-0.0022549177880485383
2006-03-06,11942403.943632264,-0.00877688390178799
2006-03-07,11741520.718146758,-0.016821004082064883
2006-03-08,11683808.86040791,-0.0049151944730340125
2006-03-09,11641335.826905265,-0.0036352044106583437
2006-03-10,11699575.166831352,0.005002805587953629
2006-03-13,11740215.972415306,0.0034736992586852367
2006-03-14,11852505.180498105,0.009564492539714031
2006-03-15,11975010.874324733,0.010335848157079663
2006-03-16,11971224.770534039,-0.0003161670440577913
2006-03-17,12026156.414730856,0.004588640281153689
2006-03-20,11982664.079927556,-0.0036164783912194798
2006-03-21,11891339.929518301,-0.007621356135839141
2006-03-22,11966478.195822159,0.006318738405361568
2006-03-23,11934382.167551596,-0.002682161597199806
2006-03-24,11952397.449281197,0.0015095278060210937
2006-03-27,11937494.900681684,-0.0012468250543667958
2006-03-28,11904084.154139003,-0.002798807188665098
2006-03-29,12058022.814572472,0.01293158368507874
2006-03-30,12015061.493390646,-0.0035628827248449513
2006-03-31,12026055.388515372,0.0009150094762955252
2006-04-03,12039597.776177559,0.0011260872517784293
2006-04-04,12126368.27110963,0.007207092508003887
2006-04-05,12192402.038875569,0.005445469434015138
2006-04-06,12178838.140021794,-0.0011124878272982253
2006-04-07,12020378.500375114,-0.013011063766908415
2006-04-10,11984653.979307167,-0.002971996353262285
2006-04-11,11890433.800562805,-0.007861735424906202
2006-04-12,11975481.263701223,0.007152595486835223
2006-04-13,12019552.153956264,0.0036800934580076827
2006-04-17,11971407.995885927,-0.004005486847901474
2006-04-18,12211120.695338907,0.0200237682597868
2006-04-19,12300704.160457982,0.007336219774919606
2006-04-20,12267063.593170052,-0.002734848903697018
2006-04-21,12268552.726139909,0.0001213927814547322
2006-04-24,12252569.757469673,-0.0013027590969374447
2006-04-25,12178211.594956951,-0.006068780997340539
2006-04-26,12114765.230037397,-0.0052098261247018884
2006-04-27,12030017.336416874,-0.006995421868382423
2006-04-28,12034120.586972646,0.0003410843426925325
2006-05-01,12049320.935519941,0.0012631042241466606
2006-05-02,12155540.861060843,0.008815428363915467
2006-05-03,12254670.148782477,0.008155070091466321
2006-05-04,12499966.37596629,0.020016550768458208
2006-05-05,12627971.976443432,0.010240475584259112
2006-05-08,12660108.414189685,0.002544861344814686
2006-05-09,12659184.04112544,-7.301462467812492e-05
2006-05-10,12622195.40558257,-0.0029218814911534663
2006-05-11,12448452.952068627,-0.013764836300751537
2006-05-12,12150878.90648901,-0.023904500159609543
2006-05-15,12027904.685339738,-0.010120602970012382
2006-05-16,12061034.942940634,0.0027544496292257747
2006-05-17,11832139.205562206,-0.0189781174220377
2006-05-18,11836657.303857064,0.00038184965680043703
2006-05-19,11795486.087796014,-0.0034782806500306407
2006-05-22,11822655.818829449,0.0023034007103399645
2006-05-23,11772372.95019839,-0.004253094177957495
2006-05-24,11775650.012112387,0.00027836884949694607
2006-05-25,11795484.88662399,0.001684397421051198
2006-05-26,11790972.367185084,-0.00038256328436503395
2006-05-30,11765137.762737561,-0.0021910495286565634
2006-05-31,11800312.348679341,0.0029897300525612014
2006-06-01,11830245.11481484,0.002536607951640235
2006-06-02,11863290.012510948,0.002793255539120354
2006-06-05,11752321.846438207,-0.009353911600889386
2006-06-06,11768507.959103052,0.0013772693495244237
2006-06-07,11735225.09048028,-0.002828129847762706
2006-06-08,11708215.830375392,-0.002301554499094971
2006-06-09,11708859.592485223,5.4983792505902684e-05
2006-06-12,11627142.816261332,-0.006979055097418363
2006-06-13,11594822.90585418,-0.0027796949704574914
2006-06-14,11558773.610590374,-0.0031090854562000336
2006-06-15,11610033.982672468,0.004434758721732157
2006-06-16,11601543.811773006,-0.0007312787294277978
2006-06-19,11614895.016457353,0.0011508127625909914
2006-06-20,11616072.449142236,0.0001013726497927081
2006-06-21,11659230.107358322,0.0037153399658136355
2006-06-22,11628618.413421273,-0.002625533045936601
2006-06-23,11615793.62194858,-0.0011028645894762823
2006-06-26,11634336.190766247,0.0015963238863534457
2006-06-27,11638772.524565456,0.00038131387356088453
2006-06-28,11619352.177233491,-0.0016685906774941417
2006-06-29,11663809.077718653,0.003826108358456315
2006-06-30,11675096.676381737,0.0009677454927350393
2006-07-03,11677615.576505084,0.00021574983001571013
2006-07-05,11609736.247088715,-0.005812773076118272
2006-07-06,11657697.586181056,0.00413113080879568
2006-07-07,11513749.052173823,-0.012347938599631236
2006-07-10,11413867.525843244,-0.008674978573701031
2006-07-11,11488019.816061951,0.006496683972440742
2006-07-12,11405823.457446883,-0.007154963164334505
2006-07-13,11270194.022496223,-0.011891244455665029
2006-07-14,11263957.329867931,-0.0005533793487355609
2006-07-17,11222951.54377581,-0.0036404422434546113
2006-07-18,11233554.883173719,0.0009447906245116933
2006-07-19,11275792.345945586,0.0037599373672114744
2006-07-20,11276783.45666152,8.789721249979898e-05
2006-07-21,11279676.63962891,0.0002565610112588157
2006-07-24,11393965.381364368,0.010132271109078328
2006-07-25,11460926.288381048,0.005876874711783664
2006-07-26,11496121.826585595,0.0030709156763557566
2006-07-27,11429457.06578598,-0.005798891296145414
2006-07-28,11538485.4690372,0.009539246057242323
2006-07-31,11499998.304045968,-0.0033355473813707626
2006-08-01,11522169.792655418,0.0019279558155804732
2006-08-02,11574343.835211227,0.004528143873480106
2006-08-03,11620304.429371338,0.003970902784163899
2006-08-04,11585932.777618216,-0.0029578959795790727
2006-08-07,11561252.563922167,-0.0021301878898976057
2006-08-08,11617848.334933124,0.004895297520579156
2006-08-09,11562933.312084192,-0.004726780834606981
2006-08-10,11629777.801462457,0.005780928383320116
2006-08-11,11563337.578875173,-0.005712939982303822
2006-08-14,11588529.556009846,0.002178607773303698
2006-08-15,11672269.504497267,0.007226106477330685
2006-08-16,11645829.815841958,-0.0022651711944384756
2006-08-17,11589901.844812492,-0.004802403256261467
2006-08-18,11623333.983372562,0.0028845920360434096
2006-08-21,11623205.872363497,-1.1021881436756864e-05
2006-08-22,11625590.293695334,0.00020514317289244133
2006-08-23,11549992.777040716,-0.006502681992467507
2006-08-24,11585286.32228699,0.0030557201140792856
2006-08-25,11570199.305519834,-0.0013022567028085907
2006-08-28,11637591.710053347,0.0058246537292889755
2006-08-29,11651275.48202588,0.0011758250601550113
2006-08-30,11596562.526289063,-0.0046958769296308045
2006-08-31,11649185.315066483,0.004537792010186337
2006-09-01,11681514.89609717,0.0027752654075194894
2006-09-05,11614915.172604416,-0.005701291663378849
2006-09-06,11570850.096892212,-0.003793835345103358
2006-09-07,11530979.093925985,-0.0034458144935207713
2006-09-08,11585139.454424577,0.004696943777057205
2006-09-11,11613708.995400261,0.002466050675356657
2006-09-12,11592661.650365222,-0.0018122845202488413
2006-09-13,11566413.576401623,-0.0022641973651298386
2006-09-14,11582111.353238022,0.0013571861954189135
2006-09-15,11569014.314596096,-0.0011307988882582887
2006-09-18,11483240.765570547,-0.007414075797048003
2006-09-19,11479050.997996617,-0.00036485933365537626
2006-09-20,11611521.008148288,0.011540153465194214
2006-09-21,11516195.616302505,-0.00820955254517386
2006-09-22,11504891.498773195,-0.0009815843622270615
2006-09-25,11599461.434080442,0.008219976287245467
2006-09-26,11638435.746735364,0.003360010538110858
2006-09-27,11620753.847646698,-0.001519267663923407
2006-09-28,11651778.330558088,0.002669747876784534
2006-09-29,11631945.671484929,-0.0017021143477425893
2006-10-02,11623936.931519188,-0.0006885124975586354
2006-10-03,11717113.787942227,0.008015946488008074
2006-10-04,11804857.369610045,0.007488497872070843
2006-10-05,11786366.22933572,-0.0015664009903184617
2006-10-06,11716291.669657413,-0.00594539133731431
2006-10-09,11752797.261826647,0.003115797489386063
2006-10-10,11774402.94947761,0.0018383442826106489
2006-10-11,11773920.015635688,-4.101556945124152e-05
2006-10-12,11862669.162456442,0.00753777388523913
2006-10-13,11828112.828384744,-0.0029130319322284715
2006-10-16,11821637.576438846,-0.0005474459061938219
2006-10-17,11779906.801846052,-0.00353003332431423
2006-10-18,11772031.075887406,-0.0006685728580986261
2006-10-19,11766659.359623648,-0.00045631176380100946
2006-10-20,11797309.055908587,0.002604791670107298
2006-10-23,11873044.393963266,0.006419712978253056
2006-10-24,11852925.101667017,-0.0016945352538628722
2006-10-25,11847009.762013804,-0.0004990615904912898
2006-10-26,11878840.195364777,0.002686790505823211
2006-10-27,11807197.980324805,-0.006031078275463897
2006-10-30,11842080.682170657,0.0029543590193017444
2006-10-31,11842632.301577035,4.658129100643116e-05
2006-11-01,11811378.399526125,-0.0026391009409917343
2006-11-02,11783294.635063935,-0.0023776873039066393
2006-11-03,11717937.60659352,-0.005546583573997288
2006-11-06,11848910.583929177,0.011177135579042652
2006-11-07,11833745.52340384,-0.0012798696064012516
2006-11-08,11864833.270021893,0.0026270420093597036
2006-11-09,11813870.487116924,-0.004295280156505377
2006-11-10,11851706.758827873,0.0032026990436546665
2006-11-13,11890432.998217767,0.003267566450802395
2006-11-14,11954047.77108894,0.005350080428585535
2006-11-15,11926947.216314234,-0.002267060939830645
2006-11-16,12004944.678831443,0.00653959987435182
2006-11-17,12021564.184364894,0.0013843883481410302
2006-11-20,12031899.84015226,0.0008597596476511704
2006-11-21,12050442.509424374,0.0015411256342272583
2006-11-22,12037424.96753998,-0.0010802542623820077
2006-11-24,12025125.840419702,-0.0010217407089508912
2006-11-27,11867587.630003402,-0.013100753581037128
2006-11-28,11929835.202744035,0.005245174898330651
2006-11-29,12071087.811321333,0.011840281628098914
2006-11-30,12070829.898778874,-2.1366139198897294e-05
2006-12-01,12044726.078210773,-0.002162553924377808
2006-12-04,12207254.107932473,0.013493709086146666
2006-12-05,12256499.01049509,0.004034068769865229
2006-12-06,12236842.559208255,-0.0016037574245307828
2006-12-07,12174348.995533375,-0.005107000713011067
2006-12-08,12208883.22995632,0.0028366391037102368
2006-12-11,12247221.46295004,0.0031401916351900816
2006-12-12,12287570.495949501,0.0032945458789590543
2006-12-13,12300161.975579072,0.0010247330531061305
2006-12-14,12373076.710290942,0.0059279491486889935
2006-12-15,12391348.130335024,0.0014767078934283528
2006-12-18,12351392.037943533,-0.003224515361139324
2006-12-19,12378040.860593606,0.0021575562145714766
2006-12-20,12334581.37932954,-0.0035110145259272807
2006-12-21,12318403.513452763,-0.0013115861316451705
2006-12-22,12262189.732345697,-0.004563398255762241
2006-12-26,12301041.785044149,0.0031684432834999665
2006-12-27,12389309.096754782,0.0071755964456563515
2006-12-28,12364287.052348915,-0.002019648086140746
2006-12-29,12317500.494610507,-0.0037840077264722494
2007-01-03,12334762.690397996,0.0014014365816379382
2007-01-04,12315388.05350316,-0.0015707344665754075
2007-01-05,12162515.579359934,-0.012413126852283018
2007-01-08,12232059.56215436,0.005717894652685462
2007-01-09,12240608.93145156,0.0006989313004697184
2007-01-10,12279684.63744726,0.0031923008254348684
2007-01-11,12344772.365232598,0.005300439686117819
2007-01-12,12342168.261662692,-0.00021094788084063953
2007-01-16,12398645.03679407,0.004575920043709658
2007-01-17,12358636.01501283,-0.003226886620474212
2007-01-18,12318392.592951702,-0.0032562996444139847
2007-01-19,12334760.656567339,0.001328749955980646
2007-01-22,12304680.033974126,-0.002438687172839238
2007-01-23,12388229.516969483,0.006790057341163669
2007-01-24,12494818.44498916,0.008604048534430975
2007-01-25,12334820.7607146,-0.012805122777812317
2007-01-26,12341628.055026066,0.000551876224512915
2007-01-29,12389326.014976794,0.00386480290428981
2007-01-30,12426288.357329914,0.0029834021889840745
2007-01-31,12531187.612793116,0.008441720684948084
2007-02-01,12613632.70434574,0.006579192180353077
2007-02-02,12594288.60706,-0.0015335865360243117
2007-02-05,12639003.944764595,0.003550445690082782
2007-02-06,12659675.167473447,0.001635510424649711
2007-02-07,12701940.266085181,0.0033385610651628372
2007-02-08,12751006.581205081,0.0038628992179179367
2007-02-09,12608861.739028744,-0.011147734986338809
2007-02-12,12559514.637182526,-0.0039136841110305465
2007-02-13,12677031.281885728,0.009356782335783409
2007-02-14,12738779.536100315,0.004870876535803648
2007-02-15,12781138.89829667,0.0033252292400784977
2007-02-16,12781649.917064533,3.998225603596417e-05
2007-02-20,12888579.348925546,0.008365855156011959
2007-02-21,12918867.843766533,0.002350025865613503
2007-02-22,12908584.575375035,-0.0007959883571732052
2007-02-23,12903338.510981735,-0.00040640121019219766
2007-02-26,12895093.756062761,-0.0006389629251342122
2007-02-27,12380466.003228378,-0.03990880272525554
2007-02-28,12403561.133364882,0.0018654491786078697
2007-03-01,12466779.577420421,0.005096797877303549
2007-03-02,12375364.485881492,-0.0073326949410814635
2007-03-05,12263875.667775847,-0.009008932078957255
2007-03-06,12308107.034810878,0.003606638572767995
2007-03-07,12313849.514574306,0.00046656075927731244
2007-03-08,12346481.000181453,0.002649982490733338
2007-03-09,12318194.241662985,-0.002291078609204744
2007-03-12,12357356.718182575,0.003179238429861231
2007-03-13,12301608.427069327,-0.004511344325863864
2007-03-14,12302918.99473549,0.0001065362853918117
2007-03-15,12321030.381583858,0.0014721211166324188
2007-03-16,12296441.416283196,-0.001995690663778804
2007-03-19,12417714.333688851,0.009862440140206985
2007-03-20,12454497.9654668,0.0029621902058218907
2007-03-21,12548147.539476633,0.007519337533275161
2007-03-22,12578789.096796948,0.0024419187950983634
2007-03-23,12627927.927072521,0.003906483358408819
2007-03-26,12686131.388926966,0.004609106275437647
2007-03-27,12636544.625713017,-0.00390873795121105
2007-03-28,12582485.658092257,-0.004277986524161115
2007-03-29,12620428.470341828,0.003015525968445676
2007-03-30,12652933.787077572,0.0025756111856369834
2007-04-02,12742760.90916479,0.007099311795890184
2007-04-03,12815128.331669215,0.005679100708259943
2007-04-04,12870877.613267712,0.0043502710355796115
2007-04-05,12905005.871489162,0.0026515875021815294
2007-04-09,12924045.061074141,0.0014753336631208036
2007-04-10,12962199.787612058,0.002952227909885252
2007-04-11,12895209.710885622,-0.0051681101837713905
2007-04-12,12958967.735161062,0.004944318526407532
2007-04-13,12971926.520085601,0.000999985893118449
2007-04-16,13115159.680301378,0.011041780108297372
2007-04-17,13096620.356441744,-0.0014135797284633433
2007-04-18,13042008.723746054,-0.004169902708436424
2007-04-19,13118346.47630667,0.005853220479880905
2007-04-20,13199996.062575713,0.006224076061454253
2007-04-23,13272678.393150898,0.005506238807241104
2007-04-24,13213285.402743852,-0.004474830825230813
2007-04-25,13318579.302700775,0.007968790255227454
2007-04-26,13322764.295297224,0.00031422214797349746
2007-04-27,13363368.110321177,0.003047701972651806
2007-04-30,13180799.946762597,-0.013661837498704643
2007-05-01,13158825.322735008,-0.0016671692246559289
2007-05-02,13257106.188033912,0.0074688175341228735
2007-05-03,13300343.112103421,0.0032614149314527108
2007-05-04,13346073.44890019,0.0034382824872505324
2007-05-07,13364148.30638453,0.0013543202465913229
2007-05-08,13399809.222136263,0.002668401676947596
2007-05-09,13483209.0505483,0.006223956403369035
2007-05-10,13310274.64686178,-0.012825908360405314
2007-05-11,13430623.891554717,0.009041830306733223
2007-05-14,13443152.781483078,0.0009328598603852711
2007-05-15,13414731.036520809,-0.0021142172096279
2007-05-16,13453989.958348054,0.0029265530348960844
2007-05-17,13478149.256451435,0.0017956976464361674
2007-05-18,13582598.206735851,0.007749502420328236
2007-05-21,13621067.789991707,0.0028322698404474878
2007-05-22,13547955.248788733,-0.005367607175165379
2007-05-23,13500502.002982467,-0.0035026131201981725
2007-05-24,13282372.265493827,-0.016157157522027843
2007-05-25,13390020.524958376,0.008104595874353526
2007-05-29,13451340.0981219,0.004579498070912402
2007-05-30,13643248.505695362,0.01426686160438817
2007-05-31,13685875.675814617,0.0031244149882236893
2007-06-01,13813367.072549138,0.009315545439289696
2007-06-04,13785291.918284066,-0.002032462767232568
2007-06-05,13713367.38829206,-0.005217483272632717
2007-06-06,13570099.150659367,-0.010447341894669004
2007-06-07,13263684.36695247,-0.022580143321355828
2007-06-08,13385426.279894337,0.009178589415562266
2007-06-11,13394893.778296411,0.0007072989835441579
2007-06-12,13273303.052333873,-0.009077393817004342
2007-06-13,13501713.856019791,0.01720828664766727
2007-06-14,13627606.606791778,0.009324205216795889
2007-06-15,13707526.49128202,0.005864557643629809
2007-06-18,13696341.764527831,-0.0008159551441540014
2007-06-19,13736366.200140212,0.002922271968712087
2007-06-20,13527881.417261833,-0.015177578978365469
2007-06-21,13658623.624255471,0.009664647623744527
2007-06-22,13630611.399795078,-0.0020508819359110753
2007-06-25,13537722.56835366,-0.006814722297989739
2007-06-26,13424585.699057551,-0.008357156731855553
2007-06-27,13522221.472875621,0.007272907783286264
2007-06-28,13512813.41013753,-0.0006957483100659134
2007-06-29,13586548.033782974,0.005456644845708292
2007-07-02,13800045.427109696,0.015713880582165496
2007-07-03,13729770.86451903,-0.005092342844945641
2007-07-05,13734875.277279723,0.00037177698091706013
2007-07-06,13644963.808549792,-0.006546216613896982
2007-07-09,13815305.624514876,0.012483859858855029
2007-07-10,13569850.472389016,-0.017766899900520938
2007-07-11,13662623.21209852,0.006836681059844585
2007-07-12,13860281.328181326,0.014467069245368336
2007-07-13,14028800.940701671,0.012158455411558133
2007-07-16,13935948.040168714,-0.0066187339121452915
2007-07-17,13857951.664667772,-0.0055967757109977034
2007-07-18,13830512.494660167,-0.0019800307196599087
2007-07-19,13988592.464204226,0.011429798397210034
2007-07-20,13800850.63091064,-0.013421066756644895
2007-07-23,13854407.800551124,0.0038807151148008145
2007-07-24,13436361.96346416,-0.030174211926282002
2007-07-25,13378622.203620393,-0.004297276301484798
2007-07-26,13192991.867224667,-0.013875146003113237
2007-07-27,12947515.8118982,-0.018606549431467667
2007-07-30,13038345.931171421,0.007015254554835426
2007-07-31,12950432.41907679,-0.00674268903116404
2007-08-01,13003856.604822926,0.004125281999652675
2007-08-02,13142539.945805142,0.010664785470702487
2007-08-03,12959898.267600492,-0.013896984826205272
2007-08-06,13015948.281311976,0.004324880686109145
2007-08-07,13186039.69876923,0.01306792357968023
2007-08-08,13315104.772151198,0.009788008858642616
2007-08-09,13159360.582965635,-0.01169680538386042
2007-08-10,12714928.062598946,-0.03377310907811071
2007-08-13,12720397.96520447,0.00043019532462906795
2007-08-14,12504513.264706783,-0.016971536667973797
2007-08-15,12305063.903580785,-0.015950189895750033
2007-08-16,12273880.361154785,-0.0025342040212342765
2007-08-17,12355996.512169974,0.006690317047172378
2007-08-20,12434226.836530928,0.0063313650407639255
2007-08-21,12517269.300707867,0.006678538623162922
2007-08-22,12470713.940672163,-0.0037192904392551185
2007-08-23,12445538.413462864,-0.0020187719266970827
2007-08-24,12486495.860478297,0.003290934120706801
2007-08-27,12453168.946967745,-0.002669036524173052
2007-08-28,12347165.549930828,-0.00851216244542552
2007-08-29,12468766.719987959,0.009848508920155652
2007-08-30,12474052.815074775,0.0004239469071423141
2007-08-31,12498012.983191345,0.00192080059879296
2007-09-04,12533572.755341282,0.002845234054226209
2007-09-05,12553012.151738165,0.0015509860417572963
2007-09-06,12560195.743481921,0.0005722603990916397
2007-09-07,12515610.82484624,-0.003549699347545454
2007-09-10,12494736.607932147,-0.001667854426461779
2007-09-11,12558292.765822554,0.005086634467353246
2007-09-12,12551696.002642073,-0.000525291399355976
2007-09-13,12559449.260421302,0.0006177059879077795
2007-09-14,12632124.957677428,0.005786535360682521
2007-09-17,12636152.885751132,0.00031886385601787026
2007-09-18,12865148.696748834,0.018122272899683267
2007-09-19,12836647.943030693,-0.0022153458455823616
2007-09-20,12823784.956932247,-0.0010020517938587048
2007-09-21,12839979.3779543,0.0012628425286638212
2007-09-24,13019489.995539714,0.013980600147506905
2007-09-25,13117992.37754205,0.00756576348505833
2007-09-26,13123051.937641023,0.00038569622190309794
2007-09-27,13237930.823497621,0.008753976316064893
2007-09-28,13129761.241068974,-0.008171185049301144
2007-10-01,13184962.774138682,0.0042043059318581655
2007-10-02,13168991.853373628,-0.0012112981309571058
2007-10-03,12863264.579091791,-0.023215693174228558
2007-10-04,12866198.47191921,0.00022808306626820318
2007-10-05,13065887.271581072,0.015520419656022577
2007-10-08,13072642.762256492,0.0005170326771541944
2007-10-09,13139030.9831522,0.0050784085592383565
2007-10-10,13278245.65596382,0.010595505329893173
2007-10-11,13188059.179184513,-0.006792047618037533
2007-10-12,13335482.199448157,0.011178522803137803
2007-10-15,13334282.76842742,-8.994283092267352e-05
2007-10-16,13286116.13010167,-0.0036122406553278363
2007-10-17,13413501.622106928,0.009587865314277133
2007-10-18,13370363.077403596,-0.003216053937193819
2007-10-19,13087326.685359953,-0.021168938375501933
2007-10-22,13152674.055624958,0.004993179419759297
2007-10-23,13483289.873405261,0.02513677571435813
2007-10-24,13366084.016829219,-0.008692674983367454
2007-10-25,13389664.25926992,0.0017641848136680238
2007-10-26,13539204.024722222,0.011168298364820695
2007-10-29,13642846.200559739,0.007654968168606446
2007-10-30,13588098.650909113,-0.004012912617044728
2007-10-31,13737350.469759375,0.01098401054368825
2007-11-01,13151831.243211329,-0.04262242765349655
2007-11-02,13152262.084824963,3.275905884625452e-05
2007-11-05,13097646.253794499,-0.004152580801555006
2007-11-06,13349902.822906835,0.019259687139531412
2007-11-07,13108394.224631265,-0.018090663391284845
2007-11-08,13017504.23766169,-0.006933723949100412
2007-11-09,12755839.812077826,-0.020100967190533114
2007-11-12,12528222.787379034,-0.017844142608570035
2007-11-13,12659697.211665493,0.010494259761959723
2007-11-14,12654721.872739889,-0.00039300615507764647
2007-11-15,12590575.525639828,-0.005068965382656221
2007-11-16,12660250.758496579,0.005533919614306937
2007-11-19,12587407.45072073,-0.005753701815658152
2007-11-20,12642103.996975157,0.0043453385034657455
2007-11-21,12599431.436177544,-0.003375431874933388
2007-11-23,12717038.746077042,0.009334334687659318
2007-11-26,12616399.100219423,-0.007913764192050143
2007-11-27,12645075.495149136,0.0022729460840544835
2007-11-28,12726346.068084778,0.006427053200814825
2007-11-29,12726101.441628488,-1.9222049674083586e-05
2007-11-30,12735951.168424323,0.0007739783342930462
2007-12-03,12724928.117166378,-0.0008655067149813123
2007-12-04,12725241.296679834,2.4611495685666895e-05
2007-12-05,12775665.86060785,0.003962562497040523
2007-12-06,12896142.05749041,0.00943013054638775
2007-12-07,12891430.676148765,-0.0003653326181304317
2007-12-10,13004260.385260709,0.008752303134259343
2007-12-11,12675482.236008117,-0.025282341287570342
2007-12-12,12757850.389417686,0.0064982264087420916
2007-12-13,12796011.388864059,0.0029911778459188465
2007-12-14,12707294.624205694,-0.006933157681898616
2007-12-17,12485381.473938677,-0.01746344574747649
2007-12-18,12518727.690625787,0.0026708208120604926
2007-12-19,12537757.820996027,0.0015201329432614763
2007-12-20,12573803.64198735,0.0028749814365498505
2007-12-21,12698196.845636725,0.00989304487259468
2007-12-24,12786020.767852057,0.006916251439708088
2007-12-26,12841913.27974739,0.0043713765924628945
2007-12-27,12734481.970431434,-0.008365677837537056
2007-12-28,12820402.642024627,0.006747088086715536
2007-12-31,12732336.463275166,-0.006869220976007728
2008-01-02,12633031.721512076,-0.007799412311285003
2008-01-03,12726292.498262104,0.0073822957787099686
2008-01-04,12536219.055870337,-0.014935492203854595
2008-01-07,12456609.023737933,-0.006350402125043009
2008-01-08,12436428.114056773,-0.0016200965802734002
2008-01-09,12456008.762038138,0.0015744591454867063
2008-01-10,12486695.512556937,0.0024636102225876755
2008-01-11,12489449.537099931,0.00022055671496312712
2008-01-14,12575409.816665567,0.006882631561166086
2008-01-15,12478821.508882454,-0.007680728436787021
2008-01-16,12433116.84352549,-0.003662578659726079
2008-01-17,12363552.98242745,-0.0055950460349984965
2008-01-18,12373765.438681833,0.0008260130618520378
2008-01-22,12431296.3472424,0.0046494261464435915
2008-01-23,12412061.846429557,-0.0015472642816619642
2008-01-24,12408369.00045903,-0.00029752075168631986
2008-01-25,12447264.267616032,0.003134599491324108
2008-01-28,12441033.219576271,-0.000500595786013136
2008-01-29,12416799.35355898,-0.0019478981841443144
2008-01-30,12418154.400152585,0.00010913010309820947
2008-01-31,12434074.265625544,0.0012819832126393926
2008-02-01,12465046.126676232,0.0024908859629630964
2008-02-04,12450455.849366803,-0.0011704952521759404
2008-02-05,12452890.910402603,0.00019558007074294004
2008-02-06,12466563.61447004,0.0010979542152751431
2008-02-07,12448752.222779348,-0.0014287330688320665
2008-02-08,12482473.285884697,0.002708790608238143
2008-02-11,12492310.552875081,0.0007880863643832114
2008-02-12,12472761.461931938,-0.001564889926519153
2008-02-13,12492231.34126873,0.0015609918778785037
2008-02-14,12487924.49314455,-0.0003447621170729054
2008-02-15,12451466.79018779,-0.0029194365306079995
2008-02-19,12438135.378739152,-0.001070669959875148
2008-02-20,12434493.530278971,-0.0002927969787501761
2008-02-21,12466514.869560083,0.0025752025366483355
2008-02-22,12455292.556688776,-0.000900196485443483
2008-02-25,12431350.549293179,-0.0019222356509595029
2008-02-26,12456802.974534431,0.002047438461358464
2008-02-27,12480373.598502953,0.001892188871952749
2008-02-28,12519115.641393967,0.00310423743209598
2008-02-29,12561101.207323374,0.0033537165988453133
2008-03-03,12571112.604540193,0.0007970158867107724
2008-03-04,12549676.16108238,-0.0017052144970900462
2008-03-05,12565726.536210071,0.001278947354631077
2008-03-06,12589450.635891415,0.0018880006351387202
2008-03-07,12580172.249696633,-0.0007369969082153816
2008-03-10,12590705.31468681,0.0008372751009375623
2008-03-11,12533348.310893783,-0.004555503632200919
2008-03-12,12580154.915327178,0.0037345650397915264
2008-03-13,12586639.550158273,0.0005154654195231867
2008-03-14,12624772.973694786,0.003029674710596897
2008-03-17,12655375.784712749,0.00242402862069091
2008-03-18,12589450.635891413,-0.005209260471030097
2008-03-19,12570639.971876211,-0.001494160830304514
2008-03-20,12528372.430048592,-0.0033624017490105906
2008-03-24,12481913.909651898,-0.0037082646334224423
2008-03-25,12490849.253585128,0.0007158632881067994
2008-03-26,12517628.059622524,0.0021438739267236606
2008-03-27,12531027.672302082,0.0010704594045880533
2008-03-28,12536978.013907384,0.0004748486525534279
2008-03-31,12539959.234879438,0.00023779422511127635
2008-04-01,12494620.021663932,-0.003615578995615598
2008-04-02,12484178.185549999,-0.0008357065757764737
2008-04-03,12475207.296871541,-0.0007185806342335788
2008-04-04,12497601.242635986,0.0017950760441520774
2008-04-07,12473734.080622539,-0.0019097394411995428
2008-04-08,12481184.864239145,0.0005973178174594196
2008-04-09,12505053.538794942,0.0019123724883032267
2008-04-10,12500580.95106569,-0.00035766242146639815
2008-04-11,12521467.648378255,0.0016708581300604042
2008-04-14,12513999.470524624,-0.0005964299124789907
2008-04-15,12497601.242635986,-0.0013103906490696815
2008-04-16,12470752.103379313,-0.002148343408899689
2008-04-17,12448371.770496016,-0.001794625752943313
2008-04-18,12440903.592642386,-0.0005999321028740123
2008-04-21,12428978.708754174,-0.0009585223291388445
2008-04-22,12433442.977500506,0.0003591822667767808
2008-04-23,12433442.977500506,0.0
2008-04-24,12399137.760729,-0.0027591083848282905
2008-04-25,12400632.152570901,0.00012052385179828207
2008-04-28,12414057.478470413,0.0010826323798927007
2008-04-29,12411071.719871312,-0.00024051432050142818
2008-04-30,12434940.394427108,0.0019231759427817963
2008-05-01,12412824.75645508,-0.0017785077588259313
2008-05-02,12396385.689922987,-0.0013243614450888508
2008-05-05,12409835.972771274,0.0010850164866378353
2008-05-06,12417315.494692532,0.0006027091685716357
2008-05-07,12411170.2218772,-0.0004948954399973671
2008-05-08,12448929.590013634,0.0030423696928976174
2008-05-09,12448664.80126034,-2.1270001680173678e-05
2008-05-12,12438259.875422385,-0.0008358266532247915
2008-05-13,12440505.515688676,0.0001805429608952025
2008-05-14,12411638.168462344,-0.0023204320105745246
2008-05-15,12451143.494188637,0.00318292599172576
2008-05-16,12460158.338260958,0.000724017362463858
2008-05-19,12419080.410153557,-0.0032967420631617728
2008-05-20,12386483.22857344,-0.0026247661262798205
2008-05-21,12271937.953132687,-0.009247602675190092
2008-05-22,12249590.643924594,-0.001821008979465133
2008-05-23,12232751.80154597,-0.0013746453141252335
2008-05-27,12301954.047926921,0.005657128298164782
2008-05-28,12350726.153204532,0.003964581975156145
2008-05-29,12324344.279771507,-0.002136058488041215
2008-05-30,12359511.00606472,0.002853435890373124
2008-06-02,12347789.147338076,-0.0009484079686399305
2008-06-03,12323195.572861878,-0.001991739102663481
2008-06-04,12305834.359447848,-0.0014088239784381118
2008-06-05,12426754.907939583,0.009826277923113524
2008-06-06,12312735.065996539,-0.009175351311563662
2008-06-09,12308198.86916185,-0.0003684150442915257
2008-06-10,12220929.544455146,-0.007090340807326068
2008-06-11,12188036.32630431,-0.0026915479735959424
2008-06-12,12180802.228691306,-0.0005935408641168927
2008-06-13,12268798.466027966,0.0072241742115628504
2008-06-16,12264885.095738836,-0.000318969318794049
2008-06-17,12279357.855467375,0.0011800159247776776
2008-06-18,12228447.193083739,-0.004146036216459703
2008-06-19,12199606.94877675,-0.002358455153921857
2008-06-20,12177944.428041855,-0.0017756736611147517
2008-06-23,12182190.930954978,0.0003487044088774649
2008-06-24,12180284.367855085,-0.00015650412234535782
2008-06-25,12200772.817244457,0.0016820994297508385
2008-06-26,12203704.10392157,0.00024025418069983928
2008-06-27,12204556.0140546,6.980750481777598e-05
2008-06-30,12250121.428073198,0.003733475758243454
2008-07-01,12243490.934522545,-0.0005412594144134086
2008-07-02,12223744.371507812,-0.0016128213040166317
2008-07-03,12230562.25027663,0.0005577569819530392
2008-07-07,12227185.265299376,-0.0002761103625614769
2008-07-08,12222512.678185282,-0.0003821474045506701
2008-07-09,12247839.21440632,0.0020721219022534765
2008-07-10,12246278.91620726,-0.00012739375262427188
2008-07-11,12214857.445017727,-0.0025657974479046386
2008-07-14,12226360.405615063,0.0009417187756071144
2008-07-15,12236160.066769648,0.0008015190808610129
2008-07-16,12207348.834793817,-0.0023545975059672264
2008-07-17,12190800.39197525,-0.0013556131673242433
2008-07-18,12168718.284165077,-0.0018113747334185248
2008-07-21,12174616.178593613,0.00048467671703855686
2008-07-22,12164317.268380275,-0.0008459330513800323
2008-07-23,12158430.483887242,-0.000483938749964663
2008-07-24,12192278.01339744,0.002783873260208569
2008-07-25,12176091.578028703,-0.0013275972997787155
2008-07-28,12201100.783513315,0.00205396003506908
2008-07-29,12190800.391975245,-0.000844218216112802
2008-07-30,12193759.338131469,0.00024271959683397348
2008-07-31,12218783.356863422,0.002052198836965724
2008-08-01,12221122.368618455,0.00019142754943102247
2008-08-04,12219645.487858629,-0.00012084657327526838
2008-08-05,12213742.408793522,-0.00048308104117844586
2008-08-06,12215225.214852285,0.00012140472667043767
2008-08-07,12241798.699256033,0.0021754395794060244
2008-08-08,12231467.940560913,-0.0008438922211445599
2008-08-11,12215225.214852283,-0.0013279457369762548
2008-08-12,12237370.278963652,0.0018129067390786346
2008-08-13,12235888.213567255,-0.00012110979422952362
2008-08-14,12240318.115184369,0.0003620416875174115
2008-08-15,12249175.696431495,0.0007236397913661374
2008-08-18,12259512.38042555,0.0008438677222228907
2008-08-19,12268375.146309244,0.0007229297225430642
2008-08-20,12284611.946718939,0.0013234678770464026
2008-08-21,12274287.853985121,-0.0008404085353770352
2008-08-22,12252132.420600615,-0.0018050280104285887
2008-08-25,12272803.566601625,0.0016871467995442924
2008-08-26,12268375.146309244,-0.0003608320029200307
2008-08-27,12275759.55010838,0.0006019056077983809
2008-08-28,12269853.508393805,-0.0004811141575775668
2008-08-29,12275759.550108382,0.000481345739827832
2008-09-02,12291297.905905979,0.0012657755093825607
2008-09-03,12295736.695471497,0.00036113269725457364
2008-09-04,12303149.24444058,0.0006028552133694465
2008-09-05,12298703.048251389,-0.0003613868368864681
2008-09-08,12292796.265874447,-0.00048027685145068943
2008-09-09,12312020.15761031,0.0015638339170420679
2008-09-10,12314987.99171494,0.00024105175808974977
2008-09-11,12310555.127448358,-0.00035995684848122433
2008-09-12,12312020.157610312,0.0001190060193700937
2008-09-15,12399384.246449148,0.007095837053583409
2008-09-16,12377172.52272475,-0.0017913569966798715
2008-09-17,12436383.294330994,0.00478386897310612
2008-09-18,12396414.931019787,-0.0032138253031671615
2008-09-19,12326835.626937702,-0.0056128569807690765
2008-09-22,12335723.575341877,0.0007210243304252018
2008-09-23,12344595.969836341,0.0007192439454626331
2008-09-24,12371242.779814424,0.002158580972855928
2008-09-25,12349034.018739492,-0.0017951924046927248
2008-09-26,12349034.018739492,0.0
2008-09-29,12420107.238815848,0.005755366773506632
2008-09-30,12371242.779814424,-0.003934302503339926
2008-10-01,12409859.434305832,0.0031214854625936095
2008-10-02,12436614.3809895,0.002155942766741248
2008-10-03,12470781.135979883,0.002747271399088369
2008-10-06,12496036.241370346,0.002025142219648002
2008-10-07,12499001.853487873,0.00023732422507771744
2008-10-08,12445515.661316281,-0.00427923707817246
2008-10-09,12452953.39280584,0.0005976234084601462
2008-10-10,12472256.535414975,0.0015500855098586896
2008-10-13,12417300.12844486,-0.004406292222587482
2008-10-14,12420273.887848424,0.00023948518380034756
2008-10-15,12461866.523730494,0.003348769621156489
2008-10-16,12454436.198864605,-0.0005962449406546888
2008-10-17,12463353.77376346,0.000716015944556947
2008-10-20,12454436.198864603,-0.0007155036325477981
2008-10-21,12479694.266904535,0.002028037852266129
2008-10-22,12497516.084779639,0.0014280652629741208
2008-10-23,12490087.241238482,-0.0005944256035168571
2008-10-24,12500486.140871366,0.0008325722176343309
2008-10-27,12469296.848596383,-0.0024950463464782358
2008-10-28,12484144.166405557,0.0011907101089541072
2008-10-29,12491571.52862198,0.0005949436435066513
2008-10-30,12501970.428254867,0.000832473288813862
2008-10-31,12507914.984412527,0.00047548953917098125
2008-11-03,12531319.915210187,0.0018712096162172287
2008-11-04,12526852.239812355,-0.0003565207358890987
2008-11-05,12549230.612569336,0.0017864322439964386
2008-11-06,12553695.3253177,0.0003557758149643764
2008-11-07,12531319.91521019,-0.0017823763862091502
2008-11-10,12570100.996747073,0.0030947323824852546
2008-11-11,12579049.679465342,0.0007119022130837038
2008-11-12,12598429.850960646,0.0015406705585192526
2008-11-13,12567111.683433801,-0.0024858786291099833
2008-11-14,12564137.18336787,-0.00023668923622688354
2008-11-17,12586505.186851712,0.0017803055758935926
2008-11-18,12599924.507617282,0.0010661673408427497
2008-11-19,12617817.42907962,0.0014200816402925032
2008-11-20,12641678.607895363,0.0018910702227115106
2008-11-21,12620805.261068158,-0.0016511531003619018
2008-11-24,12589478.20559291,-0.0024821756478474732
2008-11-25,12599924.507617284,0.0008297644949044614
2008-11-26,12638684.85060789,0.003076236128809695
2008-11-28,12646159.6152158,0.0005914194946914364
2008-12-01,12666963.339780506,0.0016450626275248403
2008-12-02,12665459.795175465,-0.00011869810977660489
2008-12-03,12675928.317070847,0.0008265410071706114
2008-12-04,12678919.111708852,0.00023594284877548333
2008-12-05,12663950.325271487,-0.0011806043011616252
2008-12-08,12645999.632144522,-0.0014174639560251556
2008-12-09,12684909.588933267,0.00307685892144427
2008-12-10,12668450.589813469,-0.0012975259306662323
2008-12-11,12698377.793415062,0.002362341265762735
2008-12-12,12704362.345340539,0.00047128475958402305
2008-12-15,12713327.322630884,0.0007056613347959928
2008-12-16,12719320.762504766,0.0004714296833381315
2008-12-17,12692385.834865915,-0.002117638837936364
2008-12-18,12698377.793415062,0.0004720907973572164
2008-12-19,12686404.245589904,-0.0009429194830985477
2008-12-22,12662467.519212727,-0.0018868014855745185
2008-12-23,12665459.795175465,0.00023631065258000739
2008-12-24,12668450.589813469,0.00023613786521536895
2008-12-26,12683406.044328226,0.001180527516662755
2008-12-29,12711348.272786219,0.0022030540030284484
2008-12-30,12723370.7043276,0.0009458030165943043
2008-12-31,12717368.376505313,-0.00047175610628436004
2009-01-02,12649753.309020553,-0.005316749934654363
2009-01-05,12675297.27273415,0.0020193250484483727
2009-01-06,12681298.119231703,0.0004734284623415519
2009-01-07,12672297.590147741,-0.0007097482449617276
2009-01-08,12675297.27273415,0.00023671181686424347
2009-01-09,12684322.984338589,0.0007120710000114716
2009-01-12,12687307.853677658,0.00023531956279843058
2009-01-13,12688832.136828976,0.00012014236344670692
2009-01-14,12703845.363008363,0.0011831842377212354
2009-01-15,12690314.942887742,-0.00106506492593339
2009-01-16,12696326.158658432,0.00047368531023406213
2009-01-20,12702341.818403324,0.0004738110591770983
2009-01-21,12682814.995759351,-0.0015372616264885952
2009-01-22,12688832.136828978,0.00047443261386681534
2009-01-23,12685808.753046824,-0.00023827124116326814
2009-01-26,12669294.944911866,-0.001301754460943716
2009-01-27,12682814.995759351,0.0010671510061350808
2009-01-28,12678301.399294766,-0.00035588285929377683
2009-01-29,12654272.830784079,-0.0018952514026858713
2009-01-30,12661780.18453614,0.0005932663103167535
2009-02-02,12673513.757754385,0.0009266922223603036
2009-02-03,12659972.968360625,-0.0010684321374943018
2009-02-04,12638902.605343794,-0.0016643292264121312
2009-02-05,12641912.657203343,0.0002381576908643268
2009-02-06,12634387.527554475,-0.0005952524632085732
2009-02-09,12629885.781687759,-0.0003563089905939121
2009-02-10,12658472.386405054,0.0022634095993760983
2009-02-11,12655468.259844445,-0.00023732141358823178
2009-02-12,12670509.631193778,0.0011885274444611849
2009-02-13,12646432.178966867,-0.001900274963497428
2009-02-17,12679544.230746621,0.0026182919665536097
2009-02-18,12658472.386405056,-0.0016618771115185504
2009-02-19,12653961.752589937,-0.000356333187562452
2009-02-20,12664485.08350048,0.0008316234169420955
2009-02-23,12662984.501544908,-0.00011848740360775878
2009-02-24,12653961.752589937,-0.0007125294162579898
2009-02-25,12629885.78168776,-0.0019026429329335182
2009-02-26,12635907.366731588,0.0004767727236740793
2009-02-27,12643426.57108152,0.0005950664350173884
2009-03-02,12671910.964392165,0.002252901391130546
2009-03-03,12661359.488311676,-0.000832666525999004
2009-03-04,12647802.404345842,-0.0010707447315077001
2009-03-05,12662870.439540386,0.001191355993146015
2009-03-06,12653821.026740203,-0.0007146415059200439
2009-03-09,12641766.006054673,-0.0009526782985198601
2009-03-10,12634220.137859529,-0.0005968998470253783
2009-03-11,12640269.868073303,0.0004788368532258058
2009-03-12,12644779.020563688,0.00035672913137507756
2009-03-13,12655333.459293647,0.000834687479535523
2009-03-16,12638754.472870393,-0.0013100394767614487
2009-03-17,12635747.383660315,-0.00023792607226713613
2009-03-18,12683961.541103495,0.0038156949469825285
2009-03-19,12668886.09928528,-0.0011885436398842986
2009-03-20,12683961.541103493,0.001189957956845511
2009-03-23,12673411.546347737,-0.0008317586521819909
2009-03-24,12656847.373171823,-0.0013070019162036983
2009-03-25,12653821.0267402,-0.00023910744456290267
2009-03-26,12670397.050513988,0.0013099619268170937
2009-03-27,12676427.523506222,0.00047594980395571085
2009-03-30,12688486.988165956,0.0009513299103687256
2009-03-31,12706573.963168452,0.001425463494533652
2009-04-01,12703700.193184435,-0.00022616403070929714
2009-04-02,12682564.651879307,-0.0016637311164244828
2009-04-03,12653881.7610543,-0.0022616002056615736
2009-04-06,12662943.024452357,0.0007160856699282014
2009-04-07,12667478.840787953,0.0003581960628613601
2009-04-08,12667478.840787953,0.0
2009-04-09,12652384.141748196,-0.0011916103614204587
2009-04-13,12676532.697562339,0.001908617027715831
2009-04-14,12687093.061591234,0.0008330640783915655
2009-04-15,12693138.347830806,0.00047649104568114886
2009-04-16,12675018.783684162,-0.0014275085995372194
2009-04-17,12661435.035873115,-0.0010716944915720727
2009-04-20,12673507.832455453,0.000953509341408143
2009-04-21,12675018.783684164,0.00011922123288088393
2009-04-22,12675018.783684164,0.0
2009-04-23,12665966.408234512,-0.0007141902985819959
2009-04-24,12665966.408234512,0.0
2009-04-27,12681058.144624801,0.0011915187443161113
2009-04-28,12668977.941418793,-0.0009526179178611649
2009-04-29,12675018.783684162,0.00047682159470974206
2009-04-30,12685585.07301199,0.0008336310587113704
2009-05-01,12676058.673647448,-0.0007509625539313669
2009-05-04,12673030.845891092,-0.00023886192343458568
2009-05-05,12670005.980784204,-0.00023868521616265959
2009-05-06,12677572.587525625,0.0005972062485919416
2009-05-07,12659414.508935895,-0.0014322993194767486
2009-05-08,12668492.066906027,0.0007170598579993026
2009-05-11,12689666.12265424,0.0016713951144609052
2009-05-12,12688162.5780492,-0.00011848574978312598
2009-05-13,12694198.976340367,0.00047575038970659733
2009-05-14,12698746.643273834,0.0003582476485475272
2009-05-15,12697229.766746188,-0.00011945088521392311
2009-05-18,12685127.34366917,-0.000953154609260709
2009-05-19,12692692.469085857,0.0005963775697106488
2009-05-20,12709326.264524272,0.0013105017299464006
2009-05-21,12692692.46908586,-0.0013087865628914619
2009-05-22,12695720.296842214,0.00023854889447050276
2009-05-26,12679083.538754333,-0.0013104225438882455
2009-05-27,12676058.673647445,-0.00023857127351845087
2009-05-28,12674549.203743469,-0.00011908038159480494
2009-05-29,12692692.469085857,0.0014314722402142266
2009-06-01,12662681.181291174,-0.0023644540248476398
2009-06-02,12682817.837515716,0.0015902363753967919
2009-06-03,12662097.38735167,-0.001633741841087999
2009-06-04,12674299.48606876,0.0009636712105278722
2009-06-05,12570028.920332482,-0.008226929295057972
2009-06-08,12528258.472749323,-0.003323019210846434
2009-06-09,12566729.883760432,0.0030707708573214365
2009-06-10,12561412.099503271,-0.0004231637272662514
2009-06-11,12564955.836012252,0.000282112909035126
2009-06-12,12538289.452977357,-0.002122282273246512
2009-06-15,12523869.408305712,-0.0011500806968706145
2009-06-16,12497784.150917502,-0.002082843292098735
2009-06-17,12526188.375866944,0.002272740880018942
2009-06-18,12475840.984565133,-0.00401937044143541
2009-06-19,12498155.215168523,0.0017885953043963454
2009-06-22,12460413.241322557,-0.0030198035787041277
2009-06-23,12371983.269776383,-0.007096873099915468
2009-06-24,12374347.499021826,0.0001910954124242359
2009-06-25,12395818.5006883,0.001735121926079053
2009-06-26,12416957.870241113,0.0017053629457095543
2009-06-29,12412014.055215696,-0.0003981502616889898
2009-06-30,12401819.698580746,-0.0008213297688514087
2009-07-01,12398891.155937929,-0.000236138140530473
2009-07-02,12363759.620904215,-0.0028334416837662024
2009-07-06,12356599.292599257,-0.0005791384275096734
2009-07-07,12294936.864950212,-0.004990242556945024
2009-07-08,12325739.786542028,0.002505333856542835
2009-07-09,12303499.571200015,-0.0018043716423655765
2009-07-10,12357349.541301155,0.004376801071070302
2009-07-13,12394316.926929545,0.002991530303875889
2009-07-14,12409320.039252233,0.0012104831925097148
2009-07-15,12432515.181167299,0.0018691710618872204
2009-07-16,12471008.433766844,0.0030961757969822923
2009-07-17,12473687.735374266,0.00021484241804925475
2009-07-20,12550995.719220193,0.006197684717301977
2009-07-21,12546342.27845324,-0.0003707626766079608
2009-07-22,12509948.540567555,-0.002900744860770077
2009-07-23,12655947.070235128,0.011670593943222451
2009-07-24,12686327.888828836,0.0024005171975758355
2009-07-27,12731878.236301232,0.0035905068725605727
2009-07-28,12753420.275426863,0.0016919765274074905
2009-07-29,12762885.973046308,0.0007422085538641987
2009-07-30,12839875.336150654,0.006032284803526133
2009-07-31,12847834.454325117,0.0006198750350834281
2009-08-03,13101435.408051074,0.019738809262177526
2009-08-04,13154598.050753456,0.0040577723773467245
2009-08-05,12951504.63474898,-0.015438967821053473
2009-08-06,12664201.095569273,-0.022183024079601488
2009-08-07,12812668.976083117,0.011723430431453519
2009-08-10,12648173.767089646,-0.012838481139294755
2009-08-11,12629094.964243166,-0.0015084235240444555
2009-08-12,12792258.975627534,0.012919691541344536
2009-08-13,12837447.616309227,0.003532498893884961
2009-08-14,12619416.23940965,-0.01698401297642549
2009-08-17,12304115.561826833,-0.024985361573077625
2009-08-18,12432743.100321656,0.010454025553359392
2009-08-19,12509384.612506326,0.006164489330008571
2009-08-20,12546902.670538276,0.0029991929414689977
2009-08-21,12750458.323203607,0.0162235778829547
2009-08-24,12656156.788559195,-0.00739593293464591
2009-08-25,12725151.88741469,0.005451504750467739
2009-08-26,12635909.292070776,-0.007013086848273731
2009-08-27,12875856.088910174,0.01898927819859919
2009-08-28,12874200.529446356,-0.00012857859332893185
2009-08-31,12775674.183264796,-0.007653006954195463
2009-09-01,12458323.16564655,-0.024840256026093188
2009-09-02,12435224.403627127,-0.0018540827455106879
2009-09-03,12565444.150254825,0.010471845332338026
2009-09-04,12687403.479132893,0.009705930599802404
2009-09-08,12842180.285496064,0.01219924995825461
2009-09-09,12991608.30312718,0.011635720283407203
2009-09-10,13146897.649496429,0.011953050211024996
2009-09-11,13142114.70926957,-0.00036380751979470105
2009-09-14,13242402.058726363,0.007630990268716609
2009-09-15,13426480.069761246,0.013900651121945273
2009-09-16,13546917.451624718,0.008970138207311518
2009-09-17,13423837.47456269,-0.00908546003188837
2009-09-18,13406700.875944365,-0.0012765797150626756
2009-09-21,13399452.727759413,-0.0005406362275118815
2009-09-22,13424763.359898016,0.0018889302908742245
2009-09-23,13270068.517228205,-0.011523096424322143
2009-09-24,13095924.16321291,-0.013123093809893072
2009-09-25,12914617.747883035,-0.013844491848782559
2009-09-28,13095090.549772099,0.013974304575808727
2009-09-29,13115070.392379122,0.0015257506262429388
2009-09-30,13111336.791760653,-0.00028468018140703766
2009-10-01,12806530.055571018,-0.023247571245456844
2009-10-02,12673331.97432686,-0.010400794021969695
2009-10-05,12933289.285286762,0.020512151933407274
2009-10-06,13081702.630359758,0.011475297721967426
2009-10-07,13138455.432428584,0.0043383345174896615
2009-10-08,13236878.483309578,0.007491219297975027
2009-10-09,13325534.054885818,0.006697619207430616
2009-10-12,13365415.18077283,0.002992835088090784
2009-10-13,13336903.484890126,-0.0021332443098154297
2009-10-14,13626880.626277717,0.02174246381224232
2009-10-15,13597429.149716876,-0.002161277945302187
2009-10-16,13454525.401238225,-0.010509615229848501
2009-10-19,13584815.067744449,0.009683705862581604
2009-10-20,13489219.507585112,-0.0070369423273428655
2009-10-21,13402520.334998801,-0.006427293479623453
2009-10-22,13548685.647766376,0.010905807946128165
2009-10-23,13341262.640717465,-0.015309456019677148
2009-10-26,13237470.423301684,-0.007779789680401605
2009-10-27,12960769.602613574,-0.020902847133168145
2009-10-28,12556191.369984508,-0.031215602547821075
2009-10-29,12754316.898875108,0.015779110325143453
2009-10-30,12644122.574547194,-0.008639766849264374
2009-11-02,12741632.444853922,0.0077118732226637565
2009-11-03,12850688.972809054,0.00855907030964298
2009-11-04,12900600.002571983,0.00388391858744197
2009-11-05,13095505.824498972,0.015108275730441267
2009-11-06,13156219.741353177,0.004636240681946235
2009-11-09,13385707.462273067,0.017443287314406586
2009-11-10,13413652.175421737,0.0020876530603579635
2009-11-11,13502450.255389847,0.006619977826085144
2009-11-12,13366414.433271483,-0.010074898966138557
2009-11-13,13469380.472349534,0.007703340308059747
2009-11-16,13591683.359676305,0.00908006775648218
2009-11-17,13575271.712302279,-0.0012074771711292343
2009-11-18,13485013.88439424,-0.006648694024020574
2009-11-19,13287924.783762656,-0.01461541695998314
2009-11-20,13192981.67375761,-0.007145066784323029
2009-11-23,13321799.938786976,0.009764150986853792
2009-11-24,13294099.440484922,-0.0020793360078470435
2009-11-25,13459352.982055344,0.012430593159787007
2009-11-27,13196610.735822193,-0.01952116469368559
2009-11-30,13235572.38661901,0.00295239827685867
2009-12-01,13520776.881900035,0.021548331039265456
2009-12-02,13581443.872565044,0.004486945624124772
2009-12-03,13506635.201106671,-0.005508153047665942
2009-12-04,13607217.65480237,0.007446892005157357
2009-12-07,13512397.107157635,-0.006968400892100934
2009-12-08,13368413.637715591,-0.01065565704591187
2009-12-09,13391634.512183914,0.001736995510283279
2009-12-10,13475042.96313759,0.006228399593626088
2009-12-11,13527587.41430735,0.0038993902515562784
2009-12-14,13525631.125210095,-0.00014461478143446005
2009-12-15,13489067.143422093,-0.002703310584882934
2009-12-16,13591936.41080981,0.0076261216801696285
2009-12-17,13434685.094334502,-0.011569456457303895
2009-12-18,13523865.768761517,0.006638091909175081
2009-12-21,13587737.10903211,0.004722861152476554
2009-12-22,13790345.731984463,0.014911137986153289
2009-12-23,13827933.37865385,0.0027256493346798916
2009-12-24,13897677.005574029,0.005043676810581266
2009-12-28,13868918.211045746,-0.002069323852953886
2009-12-29,13807362.937621962,-0.004438361556906356
2009-12-30,13853903.539100906,0.0033707089245935684
2009-12-31,13717861.263307203,-0.009819779343037904
2010-01-04,13883303.233121743,0.012060332630500437
2010-01-05,13951381.253567751,0.004903589535060648
2010-01-06,13968278.249047946,0.0012111342363232414
2010-01-07,14011237.696475886,0.0030755005493154908
2010-01-08,14059918.698135981,0.0034744255086287534
2010-01-11,14118002.18296181,0.004131139452003385
2010-01-12,13961785.577875637,-0.011065064522705836
2010-01-13,14132669.874359466,0.012239429944735702
2010-01-14,14188014.651739335,0.003916087892230413
2010-01-15,13920779.480106555,-0.018835275984157462
2010-01-19,14065166.724386506,0.010372066053218276
2010-01-20,13914368.769583993,-0.010721376984537012
2010-01-21,13872303.07064689,-0.003023184136750512
2010-01-22,13664140.639216907,-0.015005614451319427
2010-01-25,13727994.902594535,0.004673126913987025
2010-01-26,13700101.872502707,-0.002031835697036577
2010-01-27,13728249.653573435,0.0020545672822493977
2010-01-28,13599394.77619616,-0.009386111167036804
2010-01-29,13438175.59479766,-0.01185487913629002
2010-02-01,13543303.266905498,0.007823061349826022
2010-02-02,13655354.558900034,0.008273557033042778
2010-02-03,13548620.455419157,-0.007816282105345462
2010-02-04,13182383.998958148,-0.027031272863985323
2010-02-05,13175664.80537592,-0.0005097100481035177
2010-02-08,13131819.229257546,-0.003327769548333137
2010-02-09,13201262.738614589,0.005288186514350146
2010-02-10,13196478.24055918,-0.0003624273033681069
2010-02-11,13323939.652418867,0.009658744517756057
2010-02-12,13336223.452774681,0.0009219345536126689
2010-02-16,13348498.22704427,0.0009204085634177961
2010-02-17,13390732.846210385,0.0031639978106710043
2010-02-18,13405933.75670007,0.001135181372391214
2010-02-19,13426894.54535167,0.0015635455934670528
2010-02-22,13413124.63652532,-0.0010255468068092188
2010-02-23,13275462.127512274,-0.010263269204117909
2010-02-24,13397916.824455302,0.009224138170621732
2010-02-25,13460841.553247353,0.004696605421314004
2010-02-26,13536820.394351404,0.00564443469626319
2010-03-01,13765635.467507988,0.016903162374235503
2010-03-02,13803199.474369675,0.002728824757153525
2010-03-03,13794838.149097975,-0.0006057526943101799
2010-03-04,13839085.974239018,0.0032075639208521967
2010-03-05,13957824.818478853,0.008579962900791438
2010-03-08,13933596.779520666,-0.0017358033413710228
2010-03-09,13955917.945849651,0.0016019672940292828
2010-03-10,14061259.05287197,0.007548131726702101
2010-03-11,14116376.219142035,0.003919788837032145
2010-03-12,14108535.910421684,-0.0005554051973847285
2010-03-15,14105899.581652852,-0.0001868605492144626
2010-03-16,14244034.655791711,0.009792716397792
2010-03-17,14286574.46136355,0.002986499724257685
2010-03-18,14286829.651312016,1.7862220867304046e-05
2010-03-19,14192602.891903678,-0.006595358222087011
2010-03-22,14408119.094665613,0.015185107651034091
2010-03-23,14519548.686810294,0.007733805600339316
2010-03-24,14475412.659903154,-0.003039765757129498
2010-03-25,14373991.297566392,-0.007006457412968903
2010-03-26,14489060.615881857,0.008005383886307671
2010-03-29,14653169.968849618,0.011326431527788339
2010-03-30,14661089.928600116,0.0005404946347673523
2010-03-31,14554533.508460898,-0.007267973981344489
2010-04-01,14683945.53817676,0.008891527141054123
2010-04-05,14845169.709391579,0.010979621982092791
2010-04-06,14779131.908164125,-0.004448436934047062
2010-04-07,14698554.147116989,-0.005452130852328652
2010-04-08,14831752.408471083,0.0090619975285271
2010-04-09,14971635.924800929,0.009431354601763253
2010-04-12,15059228.739891438,0.005850584099858391
2010-04-13,15093628.336984526,0.002284286777712863
2010-04-14,15279874.292760743,0.012339376034578242
2010-04-15,15425171.183651444,0.009509037057951364
2010-04-16,15159295.299660414,-0.01723649487098211
2010-04-19,15024872.741013058,-0.008867335584548441
2010-04-20,15191914.124903683,0.011117657152240445
2010-04-21,15192625.774167642,4.6843949887298564e-05
2010-04-22,15323893.013429347,0.008640194342501406
2010-04-23,15495606.941461748,0.011205633443271523
2010-04-26,15429272.986779397,-0.004280823263841271
2010-04-27,14892248.048468277,-0.0348055892699074
2010-04-28,14953566.78143053,0.004117493394058869
2010-04-29,15047594.136168007,0.0062879549816998725
2010-04-30,14822724.380439883,-0.014943900911550512
2010-05-03,15091181.048116136,0.018111155600417872
2010-05-04,14554719.1321087,-0.03554804056070915
2010-05-05,14381616.770522587,-0.011893212092580763
2010-05-06,14075766.898280066,-0.021266723840772217
2010-05-07,13991699.56221805,-0.0059724870885925485
2010-05-10,14132065.47369957,0.010032084441017552
2010-05-11,14129506.56252803,-0.00018107127909239296
2010-05-12,14204829.259132765,0.005330879480568429
2010-05-13,14122845.09853587,-0.005771569590967474
2010-05-14,14005245.16634005,-0.008326929267815308
2010-05-17,13998629.193401996,-0.0004723925114823446
2010-05-18,13853201.11209625,-0.010388737303956175
2010-05-19,13734755.777072154,-0.008550033603473284
2010-05-20,13501455.157743694,-0.01698614981694213
2010-05-21,13420231.860667637,-0.006015892074379248
2010-05-24,13398224.439938946,-0.0016398688902827807
2010-05-25,13373155.111780135,-0.0018710933132364271
2010-05-26,13385888.353913963,0.0009521494387372265
2010-05-27,13431494.71904108,0.003407048073412522
2010-05-28,13432034.926508717,4.021946022669809e-05
2010-06-01,13396107.160279674,-0.002674782073275983
2010-06-02,13464901.073464414,0.005135365995631691
2010-06-03,13465504.386556838,4.480635164960667e-05
2010-06-04,13402168.77919062,-0.004703545114095209
2010-06-07,13369287.88441976,-0.0024534010362498027
2010-06-08,13347556.869269455,-0.0016254429808210125
2010-06-09,13369926.96321424,0.0016759691802690213
2010-06-10,13441773.303524278,0.005373727209409207
2010-06-11,13480353.773342837,0.002870191971504399
2010-06-14,13487687.456267675,0.0005440274823751423
2010-06-15,13556452.61170029,0.005098365131575022
2010-06-16,13562728.019818055,0.00046290930950099174
2010-06-17,13558901.777143026,-0.00028211453252158236
2010-06-18,13523398.73290836,-0.0026184306677783376
2010-06-21,13467882.173118338,-0.004105222428658184
2010-06-22,13376620.72200257,-0.00677622880440143
2010-06-23,13360241.020275312,-0.0012245022167904906
2010-06-24,13297512.109979145,-0.004695193013432131
2010-06-25,13330931.040736629,0.002513171673098391
2010-06-28,13346938.873638954,0.0012008038188338066
2010-06-29,13235098.647313626,-0.008379466436773675
2010-06-30,13193863.407145195,-0.0031155974932458586
2010-07-01,13188383.21611112,-0.00041535908512646547
2010-07-02,13180079.39127318,-0.0006296317525711359
2010-07-06,13173934.520343462,-0.00046622412106156474
2010-07-07,13190488.052248178,0.0012565366769625719
2010-07-08,13191460.555785816,7.372763871860144e-05
2010-07-09,13197213.957613837,0.0004361459296862158
2010-07-12,13202190.204455337,0.0003770679824910417
2010-07-13,13200567.018948613,-0.00012294819886593533
2010-07-14,13201484.208389249,6.948106390569642e-05
2010-07-15,13197121.337496094,-0.0003304833626496251
2010-07-16,13179591.570870422,-0.0013283022999770466
2010-07-19,13172029.066719988,-0.0005738041357175039
2010-07-20,13203649.802754425,0.002400597195334697
2010-07-21,13183130.053134665,-0.0015540967782619042
2010-07-22,13192863.054243783,0.0007382921256096076
2010-07-23,13202636.54940126,0.0007408168429623441
2010-07-26,13227954.148141375,0.0019176168824599493
2010-07-27,13190353.705494821,-0.0028424987133658375
2010-07-28,13164126.631438095,-0.00198835259783825
2010-07-29,13135028.318973055,-0.002210424837113645
2010-07-30,13112037.393069943,-0.0017503522143079708
2010-08-02,13154891.713979768,0.00326831899766189
2010-08-03,13148633.3768314,-0.0004757422017938051
2010-08-04,13179086.998187702,0.0023161054448415097
2010-08-05,13218805.960563203,0.0030137870992856808
2010-08-06,13223609.875065137,0.00036341516141957797
2010-08-09,13224893.490083743,9.706994010971748e-05
2010-08-10,13215006.366259981,-0.0007476146277605178
2010-08-11,13094982.889843963,-0.009082362360600671
2010-08-12,13131034.354752108,0.002753074609674
2010-08-13,13124358.579163957,-0.0005083967803142242
2010-08-16,13142810.36891113,0.0014059193549060822
2010-08-17,13219875.76681038,0.005863692447510616
2010-08-18,13209531.333869321,-0.0007824909343724373
2010-08-19,13187209.166164111,-0.001689853117496698
2010-08-20,13183523.940372143,-0.00027945456430800153
2010-08-23,13157146.621730393,-0.0020007790603674414
2010-08-24,13098421.562447483,-0.004463358277540186
2010-08-25,13093728.528533662,-0.00035829003452414465
2010-08-26,13059025.231134217,-0.002650375507925018
2010-08-27,13115834.623396795,0.004350201585271218
2010-08-30,13068996.133280763,-0.003571140644948234
2010-08-31,13083891.2861574,0.0011397319828341246
2010-09-01,13168503.220952189,0.006466878464842285
2010-09-02,13208554.744400155,0.0030414636178424104
2010-09-03,13228906.581943482,0.0015408072977822762
2010-09-07,13215530.1492765,-0.0010111517973253603
2010-09-08,13254252.883567171,0.002930093144450252
2010-09-09,13238422.10744778,-0.001194392189318938
2010-09-10,13245809.687993327,0.0005580408666219228
2010-09-13,13307849.267975235,0.004683713675740275
2010-09-14,13311305.621744812,0.00025972294245124594
2010-09-15,13329170.622455494,0.0013420922949511915
2010-09-16,13336545.647884578,0.0005532996491663944
2010-09-17,13346857.519056067,0.0007732040547638874
2010-09-20,13483500.794331957,0.010237861240430357
2010-09-21,13410270.305400994,-0.005431118375559207
2010-09-22,13318515.739111366,-0.006842111620425251
2010-09-23,13252528.726949112,-0.004954531980502552
2010-09-24,13425152.395666284,0.013025715489764611
2010-09-27,13387700.026764518,-0.0027897164812711317
2010-09-28,13450481.160151767,0.004689463706367691
2010-09-29,13430691.412036648,-0.0014713041027667462
2010-09-30,13337001.312845655,-0.006975820999582161
2010-10-01,13335418.86360036,-0.00011865105267483411
2010-10-04,13264589.512560576,-0.005311370551180472
2010-10-05,13586663.062231433,0.024280702344077643
2010-10-06,13505357.312566366,-0.005984232426509695
2010-10-07,13472336.909976449,-0.002444985484330142
2010-10-08,13597641.17475554,0.009300855940315822
2010-10-11,13580254.124524564,-0.0012786813541789677
2010-10-12,13610175.494893696,0.0022032997390746267
2010-10-13,13697534.752817012,0.006418672408455839
2010-10-14,13729079.396805517,0.0023029431615071427
2010-10-15,13736390.015474942,0.0005324915428142063
2010-10-18,13790233.560714755,0.0039197740584793195
2010-10-19,13593193.228288144,-0.014288397042667489
2010-10-20,13716448.757671133,0.009067444809545355
2010-10-21,13620756.819417724,-0.006976436827345056
2010-10-22,13747275.798991688,0.009288689406274253
2010-10-25,13789878.700004583,0.0030990067876590643
2010-10-26,13755676.700028533,-0.0024802248605738653
2010-10-27,13811383.710820738,0.004049747024956529
2010-10-28,13805180.198423311,-0.00044915936935174816
2010-10-29,13933164.352253143,0.009270734028118621
2010-11-01,13916707.46071274,-0.0011811309422860017
2010-11-02,13996533.564908288,0.0057359906731460075
2010-11-03,13997209.76403889,4.83119000476151e-05
2010-11-04,14229821.946650812,0.01661846800421185
2010-11-05,14257408.057811325,0.001938612532464301
2010-11-08,14282328.582277456,0.0017479000646598575
2010-11-09,14242444.67183839,-0.002792535559541509
2010-11-10,14253626.620754676,0.000785114436034684
2010-11-11,14246687.20711204,-0.00048685249216018356
2010-11-12,14058535.212034907,-0.013206719031720326
2010-11-15,14059398.416405328,6.140073324867323e-05
2010-11-16,13834408.987855671,-0.016002777777968547
2010-11-17,13941792.389110368,0.0077620519495238405
2010-11-18,14121813.272928666,0.012912319936632333
2010-11-19,14265533.499463689,0.010177179357733879
2010-11-22,14410393.616568193,0.010154553077874828
2010-11-23,14258507.601782767,-0.010540032342405747
2010-11-24,14552872.059696605,0.020644829468480452
2010-11-26,14476986.4101063,-0.005214479264231797
2010-11-29,14389453.979912294,-0.0060463156981966915
2010-11-30,14438200.447204303,0.003387652329272406
2010-12-01,14755133.542090625,0.02195101086490947
2010-12-02,14867817.938657016,0.007636962162690386
2010-12-03,15002258.199475212,0.009042366631935028
2010-12-06,14974343.286428854,-0.0018607140788534648
2010-12-07,14955657.14866915,-0.0012478769454042915
2010-12-08,14969241.468648504,0.0009083064585071465
2010-12-09,15026963.542072026,0.0038560453142808537
2010-12-10,15125396.882955913,0.006550447840529827
2010-12-13,15053556.13210766,-0.004749677076520631
2010-12-14,15081990.767539393,0.0018888982232634355
2010-12-15,15082172.936953174,1.2078605310605894e-05
2010-12-16,15197716.415961627,0.007660930523171405
2010-12-17,15298493.872759106,0.006631092069308231
2010-12-20,15301899.387296218,0.00022260456260836392
2010-12-21,15416833.91704488,0.0075111283141804375
2010-12-22,15327881.062508509,-0.005769852293603828
2010-12-23,15255568.78155787,-0.00471769585474624
2010-12-27,15271482.678071434,0.001043153273498465
2010-12-28,15172491.732562587,-0.00648207823664626
2010-12-29,15208157.862163277,0.002350710102820175
2010-12-30,15223921.085680425,0.0010364978888315335
2010-12-31,15108002.620249424,-0.007614231890628598
2011-01-03,15235384.587709913,0.008431423442418318
2011-01-04,14989139.484416608,-0.016162710030434457
2011-01-05,15144346.948330572,0.010354661391691389
2011-01-06,15048040.207076814,-0.006359253494544026
2011-01-07,14964016.102611106,-0.005583724080308716
2011-01-10,15010369.163041767,0.0030976350274425357
2011-01-11,15063918.776060853,0.003567508063088587
2011-01-12,15082728.282061372,0.0012486462706111645
2011-01-13,15167287.160576617,0.005606338384801068
2011-01-14,15254213.54350165,0.005731175391138876
2011-01-18,15408617.69872169,0.010122065931469582
2011-01-19,15132869.34110363,-0.01789572322512334
2011-01-20,14978624.01537469,-0.010192734917097379
2011-01-21,14926709.693299152,-0.003465893931395292
2011-01-24,15092422.00514356,0.011101730739681903
2011-01-25,15073258.850646721,-0.0012697202934233154
2011-01-26,15148854.91855584,0.005015243794202817
2011-01-27,15219888.074964194,0.0046890115979223435
2011-01-28,14955123.768935263,-0.017395943040110273
2011-01-31,15126768.0827216,0.01147729142455356
2011-02-01,15396249.60894478,0.017814877887299074
2011-02-02,15361881.920617025,-0.0022322116879546217
2011-02-03,15368038.906498348,0.00040079632906553364
2011-02-04,15503974.797047894,0.00884536350907239
2011-02-07,15592556.057388382,0.0057134548720598755
2011-02-08,15668973.835467221,0.004900914115529398
2011-02-09,15681619.517614746,0.0008070523494589921
2011-02-10,15756487.216783337,0.004774232602984263
2011-02-11,15942462.164280372,0.01180307164524197
2011-02-14,16005972.59090753,0.003983727605730625
2011-02-15,15919016.991236202,-0.0054326970246547646
2011-02-16,16024559.428989688,0.0066299594888044044
2011-02-17,16079154.724422306,0.0034069763773880712
2011-02-18,16052570.496814365,-0.0016533348962407546
2011-02-22,15518396.278297424,-0.03327655334844637
2011-02-23,15184572.801782936,-0.021511467456295286
2011-02-24,15194961.959807325,0.0006841916568880446
2011-02-25,15350695.78274983,0.010249043291746363
2011-02-28,15428088.43879877,0.005041638316870989
2011-03-01,15119872.015191521,-0.019977615816107352
2011-03-02,15225581.971385771,0.0069914583991212975
2011-03-03,15547033.579902403,0.021112599119084807
2011-03-04,15601536.027197555,0.003505649294126778
2011-03-07,15369865.697587185,-0.01484920005354018
2011-03-08,15454700.92098108,0.005519581306895338
2011-03-09,15441541.529701058,-0.0008514814584446029
2011-03-10,15090648.603193885,-0.022723957050029497
2011-03-11,15180916.106884453,0.00598168482111916
2011-03-14,15092084.174471874,-0.005851552817177752
2011-03-15,14992813.456927437,-0.006577667895091177
2011-03-16,14774119.228243284,-0.014586603729342396
2011-03-17,14825486.233714502,0.0034768235370012945
2011-03-18,14831037.78387008,0.0003744599042527774
2011-03-21,14996330.960345095,0.011145084982170594
2011-03-22,14924518.32988976,-0.004788680020815117
2011-03-23,15033360.334621819,0.007292831991373427
2011-03-24,15193502.398018662,0.010652446281623096
2011-03-25,15277370.40122225,0.00551999144150761
2011-03-28,15261292.035164539,-0.0010524302046394096
2011-03-29,15388804.141306117,0.008355262834088384
2011-03-30,15527107.552575571,0.008987274774537202
2011-03-31,15594722.603712533,0.004354645635577192
2011-04-01,15733011.22192443,0.008867654893648158
2011-04-04,15871770.563330986,0.008819630231572617
2011-04-05,15946795.019889787,0.004726911610739348
2011-04-06,15930342.544206575,-0.001031710488702653
2011-04-07,15956025.476779696,0.0016122021545896814
2011-04-08,15879745.463482637,-0.004780639978800849
2011-04-11,15912462.305959793,0.002060287587883014
2011-04-12,15852705.971866706,-0.003755316615625559
2011-04-13,15907545.355735943,0.0034593074498801
2011-04-14,15987069.16366267,0.004999125015730632
2011-04-15,16042813.702005748,0.003486851640686073
2011-04-18,15864038.812577724,-0.011143611884346205
2011-04-19,15907122.83601778,0.0027158294271125705
2011-04-20,16107084.078277374,0.012570547440976076
2011-04-21,16304220.254938927,0.01223909775993648
2011-04-25,16283553.467879288,-0.001267572857608923
2011-04-26,16366973.231703661,0.005122945921412381
2011-04-27,16691276.613213908,0.019814499414103848
2011-04-28,16705999.953350661,0.0008820979052672762
2011-04-29,16493016.010697007,-0.012748949075085836
2011-05-02,16364432.512534413,-0.007796239212961242
2011-05-03,16262115.212383611,-0.0062524196957292055
2011-05-04,16131025.60081196,-0.00806104309676925
2011-05-05,16117849.926564537,-0.0008167908584039152
2011-05-06,16160524.953558002,0.002647687327273829
2011-05-09,16364354.129184552,0.012612781837985532
2011-05-10,16615194.246970998,0.01532844595064664
2011-05-11,16401944.477019139,-0.012834623946135104
2011-05-12,16499229.234789882,0.005931294177165869
2011-05-13,16332032.831573315,-0.010133588717224473
2011-05-16,16152186.541619847,-0.011011874137663247
2011-05-17,16074632.774340747,-0.00480144078817224
2011-05-18,16250439.573797679,0.010936909223678404
2011-05-19,16151664.096723393,-0.0060783264739221465
2011-05-20,16002993.135933788,-0.009204683796003699
2011-05-23,15774967.895490471,-0.014248911969555245
2011-05-24,15732533.078460837,-0.002690009723681608
2011-05-25,15818084.364932148,0.005437858356607483
2011-05-26,15926776.56700617,0.006871388441636261
2011-05-27,15911110.269217871,-0.0009836452293022768
2011-05-31,15933409.155984849,0.001401466421241393
2011-06-01,15727110.629104488,-0.012947544675514178
2011-06-02,15689786.184912056,-0.0023732550163002575
2011-06-03,15521409.166298395,-0.010731632453702789
2011-06-06,15341908.29687444,-0.011564727628835758
2011-06-07,15354699.16369323,0.0008337207191753127
2011-06-08,15286218.165607799,-0.004459937466398389
2011-06-09,15306428.659457315,0.0013221382575179241
2011-06-10,15210189.368804544,-0.006287507869662812
2011-06-13,15200849.7390131,-0.0006140377062365809
2011-06-14,15276128.454386925,0.00495227021293565
2011-06-15,15142902.84397496,-0.0087211632718176
2011-06-16,15098248.27300002,-0.0029488778627874135
2011-06-17,15093908.693764362,-0.00028742269680503973
2011-06-20,15222485.980464818,0.008518488438556293
2011-06-21,15312998.633947698,0.005945983698000257
2011-06-22,15284207.57004774,-0.0018801715188644375
2011-06-23,15267459.384593837,-0.0010957836955004518
2011-06-24,15143487.335466534,-0.008120018269208606
2011-06-27,15191360.621988637,0.003161311886858531
2011-06-28,15275319.72170582,0.00552676628554627
2011-06-29,15290700.076823754,0.0010068761504271606
2011-06-30,15309188.869053349,0.0012091527619209064
2011-07-01,15548953.290394008,0.015661471250467685
2011-07-05,15638572.290376699,0.005763667708620357
2011-07-06,15701667.070199382,0.004034561381380586
2011-07-07,15764624.251943665,0.004009585826957984
2011-07-08,15719804.554595813,-0.0028430552248859264
2011-07-11,15358397.917603303,-0.022990529922768732
2011-07-12,15309884.736380447,-0.003158739699487212
2011-07-13,15385788.61720456,0.004957834897590274
2011-07-14,15302187.016189665,-0.005433689692149524
2011-07-15,15358156.407988876,0.0036576073563860945
2011-07-18,15272875.514157623,-0.005552808004149035
2011-07-19,15553759.473797765,0.018391033134511403
2011-07-20,15518756.720739804,-0.0022504368231311966
2011-07-21,15581914.02008988,0.004069739637432956
2011-07-22,15707922.317923225,0.008086830518438282
2011-07-25,15600778.882444873,-0.0068209807325121385
2011-07-26,15523014.678673757,-0.004984635982413832
2011-07-27,15204927.498461261,-0.020491327670358994
2011-07-28,15336254.305954747,0.008637121584879281
2011-07-29,15366008.772327723,0.0019401390834672405
2011-08-01,15330866.492345285,-0.002287014181960201
2011-08-02,14949251.880515493,-0.024891914101550117
2011-08-03,15009956.614492547,0.004060720527170547
2011-08-04,14509423.71468081,-0.03334672528823024
2011-08-05,14642577.434421772,0.009177050884952465
2011-08-08,14535884.197142756,-0.007286506611069887
2011-08-09,14582606.076806685,0.0032142440755762447
2011-08-10,14621987.29728268,0.002700561221264275
2011-08-11,14599727.99566551,-0.0015223171217846332
2011-08-12,14597475.051156012,-0.00015431414271316335
2011-08-15,14601693.03828662,0.0002889532001819628
2011-08-16,14612216.69404834,0.0007207147646595136
2011-08-17,14617945.866576156,0.0003920809996029728
2011-08-18,14632701.956516847,0.0010094503068609484
2011-08-19,14643771.65530835,0.0007565040840986637
2011-08-22,14665182.564958984,0.0014621171481372652
2011-08-23,14624332.732159728,-0.0027854977337181674
2011-08-24,14594449.430951232,-0.0020433958769812133
2011-08-25,14606094.913487064,0.0007979391474086661
2011-08-26,14633086.081725083,0.0018479387131118408
2011-08-29,14612067.780107912,-0.0014363546759572632
2011-08-30,14641177.425963365,0.001992164715734601
2011-08-31,14634327.081725083,-0.0004678820588659427
2011-09-01,14638974.414237916,0.0003175637996117864
2011-09-02,14659119.872301046,0.0013761522831501338
2011-09-06,14659060.257832015,-4.066715433848067e-06
2011-09-07,14626931.87835736,-0.0021917079887497914
2011-09-08,14655282.33594059,0.0019382367962743619
2011-09-09,14654643.05170253,-4.362142082336984e-05
2011-09-12,14624896.62017865,-0.002029829823826712
2011-09-13,14635789.01170534,0.0007447841724681492
2011-09-14,14629186.958360614,-0.0004510896774643225
2011-09-15,14616866.257832013,-0.0008421999502549182
2011-09-16,14628206.313542437,0.0007758198994498589
2011-09-19,14621207.806204455,-0.00047842552859700405
2011-09-20,14626965.313542437,0.0003937778201563713
2011-09-21,14601466.475604862,-0.0017432760241775647
2011-09-22,14580570.463583993,-0.0014310899563260149
2011-09-23,14558694.06827788,-0.0015003799310013832
2011-09-26,14553526.073656006,-0.0003549765245177694
2011-09-27,14548364.60016299,-0.0003546544986343658
2011-09-28,14543208.017516622,-0.00035444414462293405
2011-09-29,14546641.39186163,0.00023608094863747375
2011-09-30,14553526.073656008,0.00047328325548945394
2011-10-03,14556801.31062615,0.000225047658798605
2011-10-04,14548193.420530407,-0.0005913311525010956
2011-10-05,14548193.420530407,0.0
2011-10-06,14544753.525056541,-0.00023644829116797883
2011-10-07,14539579.009305805,-0.00035576510401647
2011-10-10,14527532.854018413,-0.0008285078460443795
2011-10-11,14534406.123837283,0.0004731202391994316
2011-10-12,14534406.123837283,0.0
2011-10-13,14537859.061568871,0.00023756992216728
2011-10-14,14544753.525056541,0.0004742420089829391
2011-10-17,14546462.06081797,0.00011746749496199804
2011-10-18,14546462.06081797,0.0
2011-10-19,14551634.946286488,0.00035561124395000476
2011-10-20,14553358.154587852,0.0001184202536501644
2011-10-21,14548193.420530407,-0.000354882632763176
2011-10-24,14548193.420530407,0.0
2011-10-25,14556801.310626147,0.0005916810319275267
2011-10-26,14548193.420530405,-0.0005913311525010956
2011-10-27,14537859.061568871,-0.0007103534207174578
2011-10-28,14526289.86717418,-0.0007957976718370174
2011-10-31,14497837.358550088,-0.001958690683185882
2011-11-01,14401126.005386103,-0.00667074342001428
2011-11-02,14459770.743289664,0.004072232815796939
2011-11-03,14512160.292113464,0.003623124443249637
2011-11-04,14510293.547480743,-0.00012863313215571992
2011-11-07,14492094.802989684,-0.0012541954738206629
2011-11-08,14517740.023015803,0.0017696006253580254
2011-11-09,14420528.010210218,-0.006696084421643378
2011-11-10,14435838.809356906,0.001061736375800315
2011-11-11,14506421.603131702,0.004889414096882705
2011-11-14,14475463.648492076,-0.0021340862334335853
2011-11-15,14507888.440381045,0.0022399829584973663
2011-11-16,14440857.75671375,-0.004620292190883002
2011-11-17,14387553.294298455,-0.003691225501512352
2011-11-18,14396210.741356812,0.0006017317108244491
2011-11-21,14339162.781756304,-0.003962706619501155
2011-11-22,14329755.470273022,-0.0006560572347537041
2011-11-23,14299135.844596598,-0.0021367863352549366
2011-11-25,14299176.213922236,2.823200372148449e-06
2011-11-28,14336650.367684217,0.0026207211661253282
2011-11-29,14347652.575340452,0.0007674182862849044
2011-11-30,14393317.86901492,0.00318277107942766
2011-12-01,14376084.531943167,-0.0011973151172359753
2011-12-02,14370551.411506262,-0.00038488368822608976
2011-12-05,14396977.144158881,0.0018388809097096281
2011-12-06,14402802.56679667,0.0004046281785028416
2011-12-07,14405902.75656059,0.00021524906347525352
2011-12-08,14366025.068974724,-0.002768149158004385
2011-12-09,14391708.94111847,0.00178782036230829
2011-12-12,14360503.932925453,-0.002168262874178928
2011-12-13,14358729.1037743,-0.00012359100763059683
2011-12-14,14332904.379902333,-0.001798538274893624
2011-12-15,14373410.917548032,0.0028261220874743476
2011-12-16,14390787.530651843,0.0012089415103686552
2011-12-19,14369687.328840708,-0.0014662298200284196
2011-12-20,14416347.88118884,0.003247151540624049
2011-12-21,14435561.215127425,0.001332746275057417
2011-12-22,14435669.174856469,7.478734455501623e-06
2011-12-23,14457018.901012419,0.0014789564582939896
2011-12-27,14464905.488042697,0.0005455195904686683
2011-12-28,14445423.347314782,-0.0013468557222181543
2011-12-29,14467088.86625146,0.0014998188987451755
2011-12-30,14465559.861948576,-0.00010568845723002429
2012-01-03,14447392.634031763,-0.0012558952498341602
2012-01-04,14448814.218933595,9.839733285055274e-05
2012-01-05,14454739.660915267,0.0004100988421531504
2012-01-06,14453863.694334945,-6.060064732194004e-05
2012-01-09,14439757.900545103,-0.0009759185563213979
2012-01-10,14459837.110527152,0.0013905503208810899
2012-01-11,14475303.941636655,0.0010696407567580835
2012-01-12,14466431.7747222,-0.0006129174869299314
2012-01-13,14449551.371840028,-0.0011668670716483698
2012-01-17,14523400.047177464,0.00511079364590894
2012-01-18,14660904.390156668,0.009467779069125548
2012-01-19,14645904.82472751,-0.0010230996008151472
2012-01-20,14647375.16379901,0.00010039250487392515
2012-01-23,14600761.718314078,-0.003182375337810517
2012-01-24,14645050.27116421,0.0030333042689534295
2012-01-25,14731199.959405616,0.0058825122922951945
2012-01-26,14659170.664401494,-0.004889574182864398
2012-01-27,14710349.882132355,0.003491276478221561
2012-01-30,14679516.61312459,-0.0020960255367695746
2012-01-31,14754817.24707101,0.005129639887399007
2012-02-01,15000608.29696817,0.016658359489064578
2012-02-02,14979006.644732801,-0.0014400517504169486
2012-02-03,15275210.883403543,0.019774624959853382
2012-02-06,15258569.677995775,-0.0010894255755152793
2012-02-07,15347611.841748659,0.005835551144829143
2012-02-08,15422501.80485386,0.004879584125361269
2012-02-09,15459656.507861968,0.0024091229476410625
2012-02-10,15338665.095469024,-0.007826267830169042
2012-02-13,15495773.913359996,0.010242665637010484
2012-02-14,15498458.930744613,0.00017327417137269485
2012-02-15,15394271.219443506,-0.006722456198172577
2012-02-16,15600828.830152271,0.013417823277523944
2012-02-17,15464332.463495322,-0.00874930224175896
2012-02-21,15407362.434394982,-0.0036839630313705296
2012-02-22,15384146.631039813,-0.0015067993275307279
2012-02-23,15532371.777416868,0.00963492808096289
2012-02-24,15588988.300312854,0.0036450661693729902
2012-02-27,15630732.032236708,0.0026777704312612727
2012-02-28,15693510.893681437,0.0040163737255078935
2012-02-29,15644883.846001398,-0.003098544870518305
2012-03-01,15807266.34992585,0.01037927194109245
2012-03-02,15716425.004156224,-0.0057468093317761815
2012-03-05,15673664.810326934,-0.002720732852285579
2012-03-06,15477341.636700988,-0.01252567130927762
2012-03-07,15673309.380100578,0.01266158930903849
2012-03-08,15789255.349233847,0.007397669906298088
2012-03-09,15890263.361494986,0.006397262570463136
2012-03-12,15875987.903945647,-0.0008983776558374457
2012-03-13,16121716.4372198,0.01547799952739215
2012-03-14,16102895.130760346,-0.0011674505337411212
2012-03-15,16125424.336075336,0.001399077937976223
2012-03-16,16061312.316448426,-0.003975834575929871
2012-03-19,16112447.590490298,0.0031837544177200083
2012-03-20,16085427.068998473,-0.0016769967033297695
2012-03-21,16164783.606702179,0.004933443007966609
2012-03-22,16188687.745043356,0.0014787787404260122
2012-03-23,16196154.6117272,0.0004612397744301333
2012-03-26,16426683.59351704,0.014233562676841949
2012-03-27,16406290.363394191,-0.001241469710349663
2012-03-28,16350624.957707198,-0.003392930665861771
2012-03-29,16314861.51176589,-0.0021872831181569685
2012-03-30,16327798.696360042,0.000792969317258585
2012-04-02,16497209.62343337,0.010375613407770379
2012-04-03,16522927.799858382,0.0015589409974205992
2012-04-04,16344491.174644282,-0.010799334559558504
2012-04-05,16392472.236118248,0.0029356105957216716
2012-04-09,16270197.652833145,-0.007459191116742536
2012-04-10,15827542.821046187,-0.027206481521131254
2012-04-11,16025371.026512314,0.01249898406233152
2012-04-12,16219794.48898442,0.012132228461384953
2012-04-13,16218208.880305165,-9.775763067354504e-05
2012-04-16,16187574.164502019,-0.0018889086969614555
2012-04-17,16293257.354872663,0.00652866138537278
2012-04-18,16327227.657015333,0.0020849300666396786
2012-04-19,16209529.04932163,-0.007208731951693692
2012-04-20,16282198.268633928,0.004483117251043112
2012-04-23,16202040.749760624,-0.00492301577163079
2012-04-24,16141049.118210765,-0.0037644413127870813
2012-04-25,16381267.678353094,0.014882462619564718
2012-04-26,16656867.646662619,0.016824092843175764
2012-04-27,16702861.325467521,0.0027612441775100027
2012-04-30,16630104.419377234,-0.004355954627926706
2012-05-01,16727326.239073254,0.005846134049690033
2012-05-02,16863949.320095435,0.008167658062592453
2012-05-03,16706696.619711377,-0.00932478492429245
2012-05-04,16437677.661204549,-0.016102462660956385
2012-05-07,16451031.391105682,0.0008123854340233994
2012-05-08,16479788.472597593,0.001748041250924759
2012-05-09,16387376.257623874,-0.005607609292278326
2012-05-10,16468515.171172988,0.004951305948770468
2012-05-11,16481578.220322622,0.000793213535880799
2012-05-14,16322395.917950224,-0.009658195364817601
2012-05-15,16367793.615453446,0.0027813133397467382
2012-05-16,16316032.520407625,-0.0031623746157791732
2012-05-17,15899044.00835388,-0.025556979708896033
2012-05-18,15707273.04937302,-0.012061791820948353
2012-05-21,15830168.708392289,0.007824124444323788
2012-05-22,15804896.98921014,-0.0015964276595960003
2012-05-23,15860424.521350302,0.0035133118664467666
2012-05-24,15884147.70190429,0.0014957468838272536
2012-05-25,15906242.136233758,0.0013909738655237813
2012-05-29,15881802.109463863,-0.0015365053895552983
2012-05-30,15839348.212682635,-0.002673115839664675
2012-05-31,15947137.770238992,0.0068051763310594815
2012-06-01,15712437.052264448,-0.01471741959943107
2012-06-04,15568010.280288512,-0.00919187593213755
2012-06-05,15567215.802514328,-5.103271130224574e-05
2012-06-06,15635992.316038135,0.0044180355945666605
2012-06-07,15589603.440007273,-0.0029668008971378557
2012-06-08,15712416.316942919,0.007877870492874361
2012-06-11,15636366.454963738,-0.004840112459162382
2012-06-12,15745772.662722092,0.006996907374450911
2012-06-13,15666372.479064655,-0.00504263495721724
2012-06-14,15769437.8820615,0.0065787662801055635
2012-06-15,15862009.723078184,0.005870332329473094
2012-06-18,15993170.832592174,0.008268883439351393
2012-06-19,15958165.446320275,-0.0021887708596572963
2012-06-20,15868742.417322796,-0.0056035907948365216
2012-06-21,15664995.595094014,-0.012839506551342472
2012-06-22,15747134.088132367,0.005243441821590755
2012-06-25,15651215.376571357,-0.006091185292776413
2012-06-26,15766857.438526332,0.007388695329570538
2012-06-27,15758745.02274172,-0.0005145233167891394
2012-06-28,15733720.92475622,-0.0015879499255421203
2012-06-29,15999342.871777624,0.01688233497287106
2012-07-02,16078036.508842524,0.004918554324109925
2012-07-03,16033562.469282594,-0.0027661362465168926
2012-07-05,16014940.72971427,-0.0011614224601674827
2012-07-06,15972723.474493125,-0.0026361168569806193
2012-07-09,15953928.978023356,-0.001176661982521754
2012-07-10,15907632.377088897,-0.0029018933830176064
2012-07-11,15862540.769123973,-0.002834589516279462
2012-07-12,15901080.22404078,0.0024295890221963656
2012-07-13,16070243.850650609,0.010638499034428595
2012-07-16,16002161.638185967,-0.004236538853882088
2012-07-17,16120987.117310077,0.007425589230429797
2012-07-18,16037247.490315259,-0.005194447857656437
2012-07-19,15961303.586257728,-0.004735469980331253
2012-07-20,15867940.060434654,-0.005849367209797118
2012-07-23,15722933.505300168,-0.00913833519550833
2012-07-24,15644509.65051477,-0.0049878640496038296
2012-07-25,15715583.988152236,0.004543085032717942
2012-07-26,15858976.23686096,0.009124207462912315
2012-07-27,16093286.014500521,0.01477458406772536
2012-07-30,16054909.66954077,-0.0023846183386768693
2012-07-31,15960085.934875507,-0.005906214149878575
2012-08-01,15851362.432307543,-0.006812212854718003
2012-08-02,15864928.3037224,0.0008558173767578836
2012-08-03,16031475.59972001,0.01049782846850511
2012-08-06,16032091.206471873,3.83998807866881e-05
2012-08-07,16039469.333698928,0.00046020990849138244
2012-08-08,16052831.099842153,0.0008330553751645375
2012-08-09,16050615.221695028,-0.0001380365951241247
2012-08-10,16043860.347528696,-0.00042084830226329917
2012-08-13,16000153.991462763,-0.0027241795377921374
2012-08-14,16011879.330376374,0.0007328266290353991
2012-08-15,16040910.007298041,0.001813071178134118
2012-08-16,16132003.067104887,0.005678796263142383
2012-08-17,16168506.764604528,0.002262812457187957
2012-08-20,16111036.20547672,-0.0035544753739176205
2012-08-21,15987303.741087979,-0.007679981772164335
2012-08-22,16053677.989018887,0.004151684924852184
2012-08-23,15981776.410454594,-0.004478822772792435
2012-08-24,16122634.942710087,0.00881369684056832
2012-08-27,16094304.890211517,-0.00175716020360428
2012-08-28,16082019.79772012,-0.0007633192346734319
2012-08-29,16140304.581607029,0.003624220379033094
2012-08-30,16054545.050021082,-0.005313377523474716
2012-08-31,16141687.247241262,0.005427883315825666
2012-09-04,16233469.46191475,0.00568603599287143
2012-09-05,16227374.349459382,-0.0003754657911956283
2012-09-06,16551820.588331433,0.019993760659305915
2012-09-07,16493783.004040956,-0.0035064169515824917
2012-09-10,16428986.476875857,-0.0039285424786554834
2012-09-11,16418096.034077812,-0.0006628797712733281
2012-09-12,16501199.116656663,0.00506167599497287
2012-09-13,16781546.133796997,0.016989493621548224
2012-09-14,16791844.781461302,0.0006136888450083422
2012-09-17,16658630.80812947,-0.007933254211526797
2012-09-18,16559735.542028353,-0.005936578296270145
2012-09-19,16705036.368769651,0.008774344636877096
2012-09-20,16670228.45765694,-0.0020836776612941366
2012-09-21,16721901.239359813,0.003099704472204756
2012-09-24,16666345.379336666,-0.0033223411158762595
2012-09-25,16457320.191011075,-0.012541753069916894
2012-09-26,16314243.80607318,-0.008693783877161465
2012-09-27,16449588.900973313,0.008296130455629713
2012-09-28,16449739.867153535,9.17750474682677e-06
2012-10-01,16443706.822998654,-0.0003667562042684036
2012-10-02,16467041.702885222,0.0014190766192652138
2012-10-03,16605647.632704329,0.008417172453921706
2012-10-04,16691131.708529066,0.005147891712237618
2012-10-05,16734328.245388586,0.0025879932897208136
2012-10-08,16637551.153037768,-0.005783147726738713
2012-10-09,16480027.923232775,-0.009467933613308888
2012-10-10,16492615.763833601,0.0007638239849752093
2012-10-11,16390560.631628212,-0.006187928808065957
2012-10-12,16326287.152635483,-0.003921371601451007
2012-10-15,16522472.705435706,0.012016544298533605
2012-10-16,16629128.78593443,0.006455212993853765
2012-10-17,16721345.597120753,0.0055454986471885626
2012-10-18,16755694.79087122,0.0020542122971480836
2012-10-19,16562920.16024645,-0.011505021607924992
2012-10-22,16509226.601895384,-0.00324179298285443
2012-10-23,16343611.43001208,-0.01003167355303547
2012-10-24,16352463.898042561,0.0005416469957322256
2012-10-25,16253740.706969403,-0.00603720587238088
2012-10-26,16239323.228471864,-0.000887025255137508
2012-10-31,16295997.662443507,0.0034899504846530593
2012-11-01,16525289.459622173,0.014070436307627832
2012-11-02,16362490.58883656,-0.009851498891041754
2012-11-05,16413821.107498847,0.0031370846866862756
2012-11-06,16473609.928507537,0.0036425900231953356
2012-11-07,16226687.927556045,-0.014988943044243919
2012-11-08,15980066.054464875,-0.015198534303008215
2012-11-09,15951550.531314775,-0.0017844433842081342
2012-11-12,15955822.99036114,0.0002678397336970395
2012-11-13,15927275.418236682,-0.0017891632504134503
2012-11-14,15634965.77592124,-0.018352771245529365
2012-11-15,15551877.33637084,-0.005314270638082319
2012-11-16,15688345.345805557,0.0087750183777211
2012-11-19,15882441.767929617,0.012372013609195154
2012-11-20,15948396.458844852,0.004152679536241877
2012-11-21,15938999.286210692,-0.0005892236663672668
2012-11-23,16141174.082060492,0.012684284139764523
2012-11-26,16091273.573214242,-0.0030915042854106067
2012-11-27,15990338.594890272,-0.006272653178427623
2012-11-28,16111979.70350432,0.007607162780963073
2012-11-29,16176168.067422625,0.00398389056463011
2012-11-30,16100144.943233535,-0.0046996992039290975
2012-12-03,16067926.985755725,-0.0020010973560428136
2012-12-04,16054956.476032376,-0.0008072298147014934
2012-12-05,15902349.057738231,-0.009505314979954327
2012-12-06,15901436.574165422,-5.738042659586551e-05
2012-12-07,15945107.903560717,0.002746376353583324
2012-12-10,15986349.507817347,0.0025864738267102894
2012-12-11,16066785.45010956,0.005031539079818126
2012-12-12,16105193.267960018,0.0023905104085519824
2012-12-13,16031094.98209042,-0.004600893925129745
2012-12-14,16057904.358991127,0.0016723359777144342
2012-12-17,16360336.115590518,0.01883382475310702
2012-12-18,16530625.10517416,0.010408648598690062
2012-12-19,16451703.221484037,-0.004774283076894648
2012-12-20,16526249.42987042,0.004531215241533992
2012-12-21,16343242.264335487,-0.011073726456297783
2012-12-24,16321963.374942634,-0.0013019992635908695
2012-12-26,16200236.021524558,-0.007457886690577342
2012-12-27,16169283.691196917,-0.0019106098384317205
2012-12-28,16051975.77352476,-0.0072549854348850085
2012-12-31,16272594.321994107,0.013744012050729948
2013-01-02,16635314.153315965,0.02229022761488042
2013-01-03,16538092.365111902,-0.005844301304323896
2013-01-04,16686515.758128975,0.00897463805016474
2013-01-07,16586713.67762265,-0.005981001783293527
2013-01-08,16565796.489014732,-0.0012610809479479679
2013-01-09,16632968.170798924,0.004054841662985309
2013-01-10,16738787.171926226,0.006362003464485566
2013-01-11,16699034.49645599,-0.0023748838587844823
2013-01-14,16603345.752078854,-0.0057301962216704805
2013-01-15,16713035.54958507,0.006606487580521625
2013-01-16,16671266.84174129,-0.002499169448892724
2013-01-17,16880861.350410305,0.012572200460749361
2013-01-18,16886211.685628735,0.00031694681375360467
2013-01-22,17002923.427703395,0.0069116593021270045
2013-01-23,17038043.657590404,0.002065540672246069
2013-01-24,17157426.11771919,0.007006817362837259
2013-01-25,17364086.04254767,0.012044925818742502
2013-01-28,17196539.28982748,-0.009649039535374548
2013-01-29,17095386.90062542,-0.005882136370420676
2013-01-30,17009313.56393349,-0.005034886732442345
2013-01-31,17048513.858019687,0.0023046370412804773
2013-02-01,17137595.861630313,0.005225206393501658
2013-02-04,16912367.906242345,-0.013142330885059339
2013-02-05,17111604.56428239,0.011780530032492242
2013-02-06,17093836.687015817,-0.0010383524934688415
2013-02-07,16954651.459398553,-0.008142421749178563
2013-02-08,17118714.865601864,0.009676601527091044
2013-02-11,17074085.02492325,-0.0026070789208769707
2013-02-12,17327203.315631982,0.0148247059997213
2013-02-13,17402891.405954465,0.004368165418489722
2013-02-14,17450113.228275713,0.002713446933599206
2013-02-15,17446503.418587215,-0.00020686454244023267
2013-02-19,17511032.477009233,0.003698681441994145
2013-02-20,16886956.360909875,-0.035639024536030406
2013-02-21,16744766.50129278,-0.008420099903037492
2013-02-22,16917477.51427424,0.010314327940501578
2013-02-25,16503764.953102726,-0.024454742784344785
2013-02-26,16622694.641690068,0.007206215607486799
2013-02-27,16848667.82066248,0.013594256758207246
2013-02-28,16843837.438295808,-0.00028669224285782224
2013-03-01,16927815.366439298,0.0049856767171452265
2013-03-04,17124420.7415388,0.011614338344526631
2013-03-05,17276324.571148627,0.008870596670248476
2013-03-06,17302030.140385352,0.0014879072878530852
2013-03-07,17337763.513202365,0.0020652705218451306
2013-03-08,17442850.063968707,0.0060611364716285365
2013-03-11,17469320.611359295,0.0015175586153359788
2013-03-12,17409924.59293767,-0.0034000187954076333
2013-03-13,17507443.458024677,0.00560133759146586
2013-03-14,17662382.94872683,0.008849920953543533
2013-03-15,17636512.703953974,-0.0014647086323490432
2013-03-18,17656240.097145036,0.001118554077113032
2013-03-19,17697119.96351231,0.0023153211636424142
2013-03-20,17959957.957999356,0.01485202083892534
2013-03-21,17784593.86267317,-0.009764170703310482
2013-03-22,17935465.25174142,0.008483263111501493
2013-03-25,17861219.159785282,-0.004139624532401243
2013-03-26,17980976.041606553,0.006704854845009933
2013-03-27,18028081.12066777,0.0026197175810824813
2013-03-28,18154040.712960094,0.006986855198245268
2013-04-01,17996931.425265867,-0.008654232420117203
2013-04-02,17871281.72696315,-0.006981729014442828
2013-04-03,17532344.555498518,-0.01896546518839015
2013-04-04,17577197.369928706,0.002558289582332174
2013-04-05,17478209.139876395,-0.005631627612127765
2013-04-08,17597088.498427264,0.0068015754703179
2013-04-09,17594527.529551197,-0.00014553367031688857
2013-04-10,17729345.673847843,0.007662504382127233
2013-04-11,17816372.159743953,0.004908612393094813
2013-04-12,17792632.38357062,-0.0013324697059805546
2013-04-15,17418445.61165031,-0.02103043348806699
2013-04-16,17686966.617326215,0.015415899424246149
2013-04-17,17580576.02268626,-0.006015197345130563
2013-04-18,17474430.21714434,-0.006037675068493176
2013-04-19,17676020.571292922,0.01153630485478141
2013-04-22,17693856.681197044,0.0010090568650440446
2013-04-23,17830324.486467406,0.00771272242842258
2013-04-24,17682875.896882888,-0.008269540450395407
2013-04-25,17698853.926637337,0.0009035877335579201
2013-04-26,17649276.983830847,-0.002801138594170527
2013-04-29,17752530.236702725,0.005850282307115151
2013-04-30,17825392.02193286,0.004104304246134616
2013-05-01,17713247.32766903,-0.006291289085022411
2013-05-02,17873139.31815528,0.009026689885173855
2013-05-03,18155321.104128033,0.015788037062191673
2013-05-06,18121029.64101711,-0.0018887830688451013
2013-05-07,18280505.70680824,0.008800607302697383
2013-05-08,18284573.113207772,0.00022249966520448972
2013-05-09,18197299.486621767,-0.0047730743313314505
2013-05-10,18395659.732087284,0.010900532005386099
2013-05-13,18456404.261080995,0.003302112013289449
2013-05-14,18639081.660898462,0.009897778420614678
2013-05-15,18697651.810264133,0.0031423302087110194
2013-05-16,18460648.233402614,-0.012675579760845435
2013-05-17,18573399.26244404,0.006107641921122564
2013-05-20,18498612.826613575,-0.0040265346571043414
2013-05-21,18578419.758288532,0.004314211688356551
2013-05-22,18292861.09549088,-0.015370449506086459
2013-05-23,18231341.22755957,-0.003363053357819168
2013-05-24,18174330.722275652,-0.0031270604050642747
2013-05-28,18338688.9002077,0.009043423961169417
2013-05-29,18120137.532848537,-0.011917502311557637
2013-05-30,18206454.869930886,0.00476361379298984
2013-05-31,17990016.831802208,-0.011887983667053126
2013-06-03,18078336.897581648,0.004909393170956289
2013-06-04,18010671.558198523,-0.003742896250162109
2013-06-05,17607067.600103002,-0.022409156526525975
2013-06-06,17670060.29391279,0.0035776936421496597
2013-06-07,18027553.481333587,0.02023157711261181
2013-06-10,18038181.509624165,0.0005895435729303955
2013-06-11,17854958.766375404,-0.010157495263644178
2013-06-12,17715725.407025263,-0.007798021892514662
2013-06-13,17946996.09112048,0.01305454215290025
2013-06-14,17919913.431186307,-0.0015090358183993402
2013-06-17,18070916.278735414,0.008426538896461055
2013-06-18,18214134.662970796,0.007925352650983708
2013-06-19,18021212.13438493,-0.010591912937707448
2013-06-20,17546904.97612753,-0.02631938155549529
2013-06-21,17560983.473708525,0.0008023350898718196
2013-06-24,17384081.465960655,-0.01007358204127462
2013-06-25,17417280.8754187,0.0019097591968291194
2013-06-26,17442334.004098203,0.0014384064228338822
2013-06-27,17589719.8736498,0.008449893776656614
2013-06-28,17573513.770789493,-0.0009213394514930862
2013-07-01,17602026.79201322,0.0016224997229137283
2013-07-02,17602437.02101165,2.3305781957860816e-05
2013-07-03,17667373.86649859,0.0036890826769853113
2013-07-05,17850168.657760616,0.010346460806416102
2013-07-08,17849079.802024655,-6.099974497930649e-05
2013-07-09,17804315.87065903,-0.002507912556956926
2013-07-10,17728036.642790332,-0.004284311086302672
2013-07-11,17941490.88147455,0.012040489479190342
2013-07-12,17964181.70285283,0.0012647121428301933
2013-07-15,17968308.83767796,0.00022974243377160697
2013-07-16,17894891.084732104,-0.004085957872223656
2013-07-17,17957830.07492626,0.0035171485479370546
2013-07-18,18117413.962039787,0.008886590776707948
2013-07-19,18077302.41505877,-0.0022139775061198463
2013-07-22,18118971.248118125,0.0023050360116034785
2013-07-23,18110738.78050199,-0.000454356238188125
2013-07-24,18126249.10818717,0.0008564160674591204
2013-07-25,18165217.001349173,0.002149804569573366
2013-07-26,18067919.26230287,-0.005356266266407617
2013-07-29,17968881.640144072,-0.00548140716819745
2013-07-30,18012616.065067764,0.002433897990957057
2013-07-31,18155232.53632535,0.007917587914071156
2013-08-01,18381312.093958788,0.012452583968896702
2013-08-02,18460170.125631113,0.004290119838520345
2013-08-05,18349559.77428808,-0.005991838135308125
2013-08-06,18157877.321482416,-0.01044616084328387
2013-08-07,18095195.250509042,-0.0034520593934851407
2013-08-08,18196877.35525999,0.005619287514904592
2013-08-09,18090880.987800524,-0.005824975647748976
2013-08-12,18109095.671070978,0.0010068433528880316
2013-08-13,18190227.88682446,0.004480191458875016
2013-08-14,18031965.469539493,-0.008700408717781771
2013-08-15,17670616.108910516,-0.02003937736235062
2013-08-16,17613134.521739088,-0.003252947538283202
2013-08-19,17581699.920461956,-0.0017847249868178094
2013-08-20,17774271.891811557,0.010952977938468944
2013-08-21,17673383.07884033,-0.005676115094070622
2013-08-22,17893030.258430716,0.01242813436513801
2013-08-23,17894012.49433497,5.489488868382075e-05
2013-08-26,17935324.181184776,0.002308687716792601
2013-08-27,17546983.979823634,-0.02165225436898066
2013-08-28,17618666.14083909,0.004085155665376927
2013-08-29,17700802.747225687,0.0046619083266588035
2013-08-30,17602319.33761532,-0.005563782107328663
2013-09-03,17726579.777815286,0.007059322002778812
2013-09-04,17802454.318034217,0.0042802695821722025
2013-09-05,17944404.43063675,0.007973625999350809
2013-09-06,17889855.37829729,-0.003039892048260162
2013-09-09,18079626.516777042,0.010607751402505361
2013-09-10,18182000.018674634,0.005662368180149757
2013-09-11,18173464.29947099,-0.00046945986111956994
2013-09-12,18101215.431124777,-0.003975514362900889
2013-09-13,18164438.63725995,0.0034927602721339657
2013-09-16,18197134.557577137,0.0017999961887134042
2013-09-17,18407547.470845524,0.011562969576480508
2013-09-18,18481950.837488156,0.004042003246791825
2013-09-19,18541478.99000539,0.003220880362720502
2013-09-20,18432736.997550152,-0.0058647960345479255
2013-09-23,18294328.63207051,-0.0075088341735704
2013-09-24,18432939.834537793,0.007576730759296213
2013-09-25,18419026.300714403,-0.0007548190331159166
2013-09-26,18574049.31127119,0.008416460676359039
2013-09-27,18550311.721105292,-0.0012779975851304748
2013-09-30,18505886.783479653,-0.0023948350999997148
2013-10-01,18775821.433894955,0.01458642071971794
2013-10-02,18712240.069461532,-0.0033863426245971384
2013-10-03,18495078.050986953,-0.011605345894903696
2013-10-04,18703242.241810888,0.01125511286030112
2013-10-07,18409488.13701257,-0.01570605251220203
2013-10-08,17894985.51315079,-0.027947687628933404
2013-10-09,17849638.915255863,-0.002534039374415875
2013-10-10,18285890.304419685,0.024440348134491474
2013-10-11,18419843.17412767,0.007325477046945084
2013-10-14,18549433.28572498,0.007035353687447898
2013-10-15,18500633.534173753,-0.002630794741787623
2013-10-16,18735081.5221117,0.012672430244341726
2013-10-17,18917707.414171033,0.009747803437299973
2013-10-18,19075650.360317998,0.008348947506644055
2013-10-21,18976593.72008019,-0.0051928316134306485
2013-10-22,19046763.046861935,0.0036976776663293354
2013-10-23,18805397.327027656,-0.01267226978360747
2013-10-24,18949228.62674457,0.007648405253857238
2013-10-25,18919898.909951735,-0.0015478053154859284
2013-10-28,18772253.31342594,-0.007803720158786609
2013-10-29,18913703.085769575,0.007535044940101487
2013-10-30,18745906.234492224,-0.008871708015951607
2013-10-31,18744506.889664352,-7.464802236645252e-05
2013-11-01,18770184.24367967,0.00136986020312313
2013-11-04,18858714.42253957,0.004716532225287562
2013-11-05,18956237.67435441,0.005171256620667863
2013-11-06,18781473.157471407,-0.009219367254475808
2013-11-07,18464055.776368268,-0.016900558249173803
2013-11-08,18840847.034458313,0.020406743927425364
2013-11-11,18916181.164103154,0.003998447071252187
2013-11-12,18906288.376962684,-0.0005229801435420178
2013-11-13,19051370.916464284,0.007673771636657278
2013-11-14,19115039.726340525,0.003341954243367251
2013-11-15,19146787.326693766,0.001660870226154687
2013-11-18,18878875.77158049,-0.013992506969551122
2013-11-19,18609089.291667145,-0.01429038906646507
2013-11-20,18597925.74200791,-0.0005998976889337593
2013-11-21,18732635.502435774,0.007243268001849712
2013-11-22,18878343.307859622,0.007778286477890584
2013-11-25,18765645.633595668,-0.005969680306482927
2013-11-26,18801120.46958565,0.001890413827620785
2013-11-27,18785835.397584416,-0.0008129872911543101
2013-11-29,18756066.850413196,-0.0015846272758808233
2013-12-02,18761232.78297313,0.0002754272844691652
2013-12-03,18632849.158064023,-0.0068430271290925715
2013-12-04,18583803.247177362,-0.002632228193906294
2013-12-05,18427476.7194281,-0.00841197712169095
2013-12-06,18620170.960139785,0.010456897797001652
2013-12-09,18591512.97293142,-0.0015390829262370564
2013-12-10,18589497.319045104,-0.00010841795873473004
2013-12-11,18428360.605880115,-0.008668158713463603
2013-12-12,18450634.333872784,0.0012086657337040396
2013-12-13,18457251.78582907,0.00035865715164806744
2013-12-16,18518530.880703,0.0033200552056713573
2013-12-17,18422161.17588156,-0.0052039605864122596
2013-12-18,18611560.478325404,0.010281057723662057
2013-12-19,18577561.730656922,-0.0018267542750151078
2013-12-20,18676926.090987213,0.005348622266522662
2013-12-23,18726871.1900959,0.002674160558615135
2013-12-24,18809404.287267,0.004407201626652313
2013-12-26,18903411.321459718,0.0049978740824001555
2013-12-27,18817556.618694067,-0.0045417571096380005
2013-12-30,18829340.359843325,0.0006262099478713257
2013-12-31,18913242.67125106,0.004455934717005228
2014-01-02,18784501.402110357,-0.00680693794176257
2014-01-03,18827626.93376986,0.0022958039043110556
2014-01-06,18757032.63856895,-0.003749505736928005
2014-01-07,18896434.101225924,0.007431957140722423
2014-01-08,19158005.015218407,0.013842342560044907
2014-01-09,19310167.415574793,0.007942497156437467
2014-01-10,19525163.654949207,0.011133836115838402
2014-01-13,19192112.04205066,-0.017057558071433943
2014-01-14,19467924.227449156,0.014371122094023914
2014-01-15,19399914.63370137,-0.0034934178371156532
2014-01-16,19501126.715225372,0.0052171405614422905
2014-01-17,19450383.66363636,-0.0026020574262201057
2014-01-21,19569908.99707534,0.006145140142527872
2014-01-22,19568135.306479663,-9.063356380167864e-05
2014-01-23,19489513.25654119,-0.004017861114872789
2014-01-24,18996562.161013193,-0.025293145551623653
2014-01-27,18756305.622233305,-0.012647369389444996
2014-01-28,19103038.83323292,0.018486221006582815
2014-01-29,19094543.611850727,-0.00044470523545259155
2014-01-30,19198313.97757725,0.00543455595671416
2014-01-31,19136103.72220019,-0.003240402019141886
2014-02-03,18720350.52037839,-0.0217261156114803
2014-02-04,18862369.030536942,0.007586316826918127
2014-02-05,18795986.51964771,-0.0035193093074238346
2014-02-06,18962511.023115776,0.00885957772389312
2014-02-07,19254736.19220316,0.015410678930187771
2014-02-10,19273574.8246456,0.00097838953774243
2014-02-11,19451503.614287823,0.009231748197262357
2014-02-12,19491637.226928383,0.00206326531030121
2014-02-13,19641055.191191807,0.00766574723938529
2014-02-14,19631208.71560587,-0.0005013211097921744
2014-02-18,19753196.839429494,0.00621398944868079
2014-02-19,19604436.077183858,-0.007530971490583904
2014-02-20,19792434.29647597,0.009589575469141298
2014-02-21,19850325.04896101,0.002924892997894002
2014-02-24,19987832.21939787,0.006927199937416528
2014-02-25,20008505.056155764,0.001034271077072102
2014-02-26,20002371.99306895,-0.00030652280465737203
2014-02-27,20039868.318595544,0.0018745939501370046
2014-02-28,19948130.79141392,-0.0045777509973206065
2014-03-03,19827165.38570102,-0.0060639970219648065
2014-03-04,20225794.27024843,0.020105187846715333
2014-03-05,20213313.264718078,-0.0006170835796898144
2014-03-06,20221116.425690684,0.000386040668860943
2014-03-07,20141038.570536792,-0.003960110483917423
2014-03-10,20067191.904110603,-0.0036664775834457375
2014-03-11,20032300.945221595,-0.0017387065941130153
2014-03-12,20081610.322116688,0.002461493416554106
2014-03-13,19777475.399346273,-0.015144946938615678
2014-03-14,19717822.745530028,-0.0030161915316156973
2014-03-17,19850756.39534249,0.006741801644535084
2014-03-18,20019073.718034565,0.008479138998026547
2014-03-19,19873407.474831745,-0.007276372785999241
2014-03-20,19858412.056560185,-0.000754546913535159
2014-03-21,19635684.434789214,-0.01121578206437679
2014-03-24,19375067.242494136,-0.013272630916462136
2014-03-25,19412938.74516554,0.00195465141862039
2014-03-26,19184704.32957208,-0.011756819438288213
2014-03-27,19142354.242301106,-0.002207492309677872
2014-03-28,19236274.587517403,0.0049064155864773085
2014-03-31,19388896.966808103,0.007934092362652079
2014-04-01,19486365.98393775,0.005027053230336254
2014-04-02,19496512.65090104,0.0005207059629102062
2014-04-03,19481412.47900523,-0.000774506301008282
2014-04-04,19312325.691969324,-0.008679390532802866
2014-04-07,19066922.597716883,-0.012707071026380135
2014-04-08,19127089.078689422,0.003155542309682735
2014-04-09,19292924.894459385,0.00867020669416596
2014-04-10,19014181.408513434,-0.014447964083766363
2014-04-11,18802491.899655964,-0.01113324335712329
2014-04-14,18946692.191469498,0.007669211750394256
2014-04-15,19075928.016465567,0.006821023094166101
2014-04-16,19163669.470694307,0.00459959033987789
2014-04-17,19145774.528938252,-0.0009337951577290671
2014-04-21,19058749.288599025,-0.004545401921854375
2014-04-22,19075139.398892187,0.0008599782727067851
2014-04-23,19106986.173311174,0.0016695434698021927
2014-04-24,19127172.475854952,0.0010564880489616346
2014-04-25,19055970.583250053,-0.0037225519189927336
2014-04-28,19094523.39348603,0.0020231354822652925
2014-04-29,19134862.585436117,0.0021126053328908156
2014-04-30,19147127.488956816,0.0006409716017523603
2014-05-01,19144497.387616098,-0.00013736271105080355
2014-05-02,19094972.535690613,-0.0025868974736061867
2014-05-05,19144337.69329848,0.0025852437082902746
2014-05-06,19056320.33823228,-0.004597565947502713
2014-05-07,19255317.74661269,0.01044259357779409
2014-05-08,19176802.637041636,-0.004077580573027206
2014-05-09,19096904.416773032,-0.004166399466106641
2014-05-12,19183707.892409593,0.004545421275728767
2014-05-13,19239362.398434445,0.0029011339380784484
2014-05-14,19211810.194151726,-0.0014320747076816964
2014-05-15,19041033.393732015,-0.00888915717435601
2014-05-16,19144517.614711836,0.005434800666537676
2014-05-19,19170609.74588748,0.0013629035581232962
2014-05-20,19007532.05177305,-0.008506651393778153
2014-05-21,19118305.249561172,0.005827858003153441
2014-05-22,19168390.638016663,0.002619760894164047
2014-05-23,19222850.82713993,0.0028411456210233332
2014-05-27,19297139.97722145,0.0038646270914528547
2014-05-28,19280905.23965631,-0.0008413027829152764
2014-05-29,19401510.036922846,0.006255141849796475
2014-05-30,19424982.59985953,0.0012098317549515958
2014-06-02,19458699.252684653,0.0017357365779759881
2014-06-03,19495697.7816631,0.0019013875746778375
2014-06-04,19534666.101566225,0.001998816371670209
2014-06-05,19687805.893085994,0.00783938618267399
2014-06-06,19835263.99492349,0.007489818958916095
2014-06-09,19889132.292824976,0.0027157842676190924
2014-06-10,19871725.668400515,-0.0008751826961672649
2014-06-11,19783535.51735156,-0.004437971443476241
2014-06-12,19592550.947784968,-0.009653712775407941
2014-06-13,19720648.855573222,0.006538092366310089
2014-06-16,19757071.768636018,0.0018469429342586885
2014-06-17,19924813.205286093,0.008490197262752242
2014-06-18,20015323.37565093,0.004542585640944674
2014-06-19,20114862.377756864,0.004973139840799279
2014-06-20,20233484.16244772,0.005897220794412572
2014-06-23,20223444.067293912,-0.000496211876965913
2014-06-24,19982169.620889504,-0.011930433095449167
2014-06-25,20091216.58702575,0.005457213516106396
2014-06-26,20134720.61278809,0.00216532560753091
2014-06-27,20181117.53371447,0.002304324048922446
2014-06-30,20237389.710627332,0.002788357821059906
2014-07-01,20206908.38704201,-0.0015061884966971473
2014-07-02,20062630.12086196,-0.0071400465334207075
2014-07-03,20091178.89784239,0.0014229827698784003
2014-07-07,20014030.8520494,-0.003839896413508792
2014-07-08,19972254.204491552,-0.0020873680003130612
2014-07-09,20076487.78866874,0.005218919362329544
2014-07-10,20026630.544420242,-0.0024833648581021883
2014-07-11,20102962.72211542,0.00381153372385179
2014-07-14,20201285.377349645,0.004890953467573178
2014-07-15,20095975.131257176,-0.0052130468000093355
2014-07-16,20186532.10676969,0.004506224501226619
2014-07-17,19949271.20956797,-0.01175342530092871
2014-07-18,20109201.22229247,0.008016834852984323
2014-07-21,20126823.60758232,0.0008763344249751448
2014-07-22,20263379.34213661,0.006784763319674925
2014-07-23,20273215.35237816,0.00048540818762132787
2014-07-24,20240830.78305458,-0.0015974066649364627
2014-07-25,20168991.343187418,-0.0035492337561214837
2014-07-28,20192975.94274395,0.0011891819054516972
2014-07-29,20083753.774277404,-0.0054089188624915074
2014-07-30,19989867.16131332,-0.004674754232663836
2014-07-31,19580286.397985402,-0.020489418965253914
2014-08-01,19593717.519738175,0.0006859512409458368
2014-08-04,19722384.909043476,0.006566767596587253
2014-08-05,19652077.816642925,-0.003564837250910391
2014-08-06,19617150.49719643,-0.0017772837952492182
2014-08-07,19576123.96218998,-0.00209136056800463
2014-08-08,19586134.946743898,0.0005113874724769207
2014-08-11,19607231.744302884,0.0010771291843107988
2014-08-12,19618837.02120243,0.0005918875775474675
2014-08-13,19746629.473911397,0.006513762898935349
2014-08-14,19878096.717337467,0.0066577054884104925
2014-08-15,19976555.70516286,0.004953139590045286
2014-08-18,20145977.12844727,0.008481012732371118
2014-08-19,20177337.297399256,0.0015566467067862355
2014-08-20,20196363.665094167,0.0009429573097021748
2014-08-21,20242480.11519602,0.0022834036298107208
2014-08-22,20241374.02115705,-5.464221936624103e-05
2014-08-25,20284784.79256774,0.002144655366049575
2014-08-26,20315067.084894102,0.0014928574611969836
2014-08-27,20293299.953403167,-0.0010714772144228002
2014-08-28,20248962.182152383,-0.0021848477750090467
2014-08-29,20303642.644580353,0.002700408146159905
2014-09-02,20360477.453823023,0.002799241999949187
2014-09-03,20263310.185154624,-0.004772347254074494
2014-09-04,20188801.24629105,-0.00367703688009291
2014-09-05,20260176.95600284,0.00353541098557808
2014-09-08,20192071.75497286,-0.003361530413968028
2014-09-09,20097470.417846125,-0.004685073343374868
2014-09-10,20190264.685866617,0.004617211325167236
2014-09-11,20232330.815105077,0.0020834857736118373
2014-09-12,20215368.284872714,-0.000838387350789005
2014-09-15,20117605.8765286,-0.004836043893262754
2014-09-16,20214139.00896226,0.004798440382326241
2014-09-17,20336892.83477173,0.006072671497660442
2014-09-18,20426982.240740735,0.004429851044647881
2014-09-19,20363745.745146412,-0.0030957336159131987
2014-09-22,20195906.618814792,-0.00824205568229619
2014-09-23,20028552.367389176,-0.008286543138880775
2014-09-24,20219341.335711066,0.009525849138879217
2014-09-25,19855543.448481396,-0.017992568659352726
2014-09-26,20072728.981924243,0.010938281996983434
2014-09-29,20080916.118825298,0.00040787363334726656
2014-09-30,19942676.547380324,-0.00688412673141825
2014-10-01,19608062.889073297,-0.016778773777534006
2014-10-02,19684905.20305178,0.003918914092289283
2014-10-03,19905007.75786514,0.011181285992641454
2014-10-06,19731431.207664385,-0.008720245292653361
2014-10-07,19560755.49859234,-0.00864994065943625
2014-10-08,19829154.03021507,0.013721276340376676
2014-10-09,19535356.911385804,-0.014816422242803995
2014-10-10,19384330.404604934,-0.007730931534342567
2014-10-13,19234145.479592763,-0.0077477489228358065
2014-10-14,19253658.781462453,0.001014513584208565
2014-10-15,19147022.00444148,-0.005538520144734438
2014-10-16,19036146.28439419,-0.00579075534678819
2014-10-17,19045574.492488097,0.0004952792415573448
2014-10-20,19089590.98624129,0.0023111139950413584
2014-10-21,19106290.03796663,0.0008747726306643777
2014-10-22,19050495.581035893,-0.0029202140666695353
2014-10-23,19104158.828360893,0.002816895082688564
2014-10-24,19190502.237420287,0.004519613233701536
2014-10-27,19238344.604187433,0.0024930231723616636
2014-10-28,19353920.92489978,0.006007602165894799
2014-10-29,19337658.793661874,-0.0008402499576705136
2014-10-30,19479458.919774756,0.00733284869827977
2014-10-31,19581777.382234614,0.00525263370411122
2014-11-03,19580146.19070801,-8.330150500446276e-05
2014-11-04,19641584.732651077,0.0031377979175775117
2014-11-05,19693798.478876166,0.0026583265523525412
2014-11-06,19770126.52384308,0.003875740124424709
2014-11-07,19749754.183288187,-0.0010304608081452837
2014-11-10,19925545.83102539,0.008900953708373516
2014-11-11,19909604.305747643,-0.0008000546340329873
2014-11-12,19898630.01818662,-0.0005512057091889844
2014-11-13,19852037.7840093,-0.0023414794955600726
2014-11-14,19762468.952761278,-0.004511820510444964
2014-11-17,19811378.03301772,0.0024748466587525275
2014-11-18,19925032.521464717,0.005736829021059542
2014-11-19,19902085.267748885,-0.0011516796116197714
2014-11-20,19945326.020384397,0.0021726744737438075
2014-11-21,20065942.747142706,0.006047368021712796
2014-11-24,20226283.560993217,0.00799069427591892
2014-11-25,20234962.613283746,0.0004290977264487239
2014-11-26,20341578.923577514,0.005268915605694202
2014-11-28,20489348.965663116,0.007264433239954959
2014-12-01,20264701.86523574,-0.010964091675330967
2014-12-02,20385215.984948374,0.00594699692667966
2014-12-03,20454362.396857284,0.003391988191832951
2014-12-04,20437196.768312328,-0.0008392160171951657
2014-12-05,20423308.435545035,-0.0006795615330584814
2014-12-08,20443196.811830446,0.0009738077622525321
2014-12-09,20506215.181318767,0.0030826083644537317
2014-12-10,20292650.003473047,-0.010414656042441184
2014-12-11,20458945.302146204,0.008194853734958096
2014-12-12,20351482.32755839,-0.005252615567457375
2014-12-15,20241322.638191942,-0.005412858267197507
2014-12-16,20005266.939406455,-0.01166206887785537
2014-12-17,20273659.515902787,0.013416095736650924
2014-12-18,20496588.416293245,0.01099598719291861
2014-12-19,20481776.51992146,-0.0007226517931155918
2014-12-22,20636978.56971264,0.007577567777883987
2014-12-23,20699637.034497116,0.0030362227965112787
2014-12-24,20720639.264719736,0.0010146182847370344
2014-12-26,20776544.71018573,0.0026980560180487334
2014-12-29,20830861.505344875,0.002614332455989077
2014-12-30,20711636.00322967,-0.005723503182266998
2014-12-31,20522196.27594901,-0.00914653614282912
2015-01-02,20538441.477855343,0.0007915917813032802
2015-01-05,20379730.378537,-0.007727514256106849
2015-01-06,20343723.159758747,-0.0017668152673979698
2015-01-07,20651858.385458045,0.015146451968477859
2015-01-08,20872880.423678987,0.010702283256821765
2015-01-09,20668069.056348205,-0.009812319295349203
2015-01-12,20673594.750352174,0.0002673541485129771
2015-01-13,20660085.587852642,-0.0006534500972212864
2015-01-14,20595496.787667304,-0.003126260049150731
2015-01-15,20526035.499034144,-0.0033726444838541036
2015-01-16,20866573.442065045,0.016590536591780003
2015-01-20,20772166.183725066,-0.004524329718154085
2015-01-21,20767970.728874803,-0.00020197483561201768
2015-01-22,21138522.415164214,0.017842459965248914
2015-01-23,21135665.934152894,-0.0001351315364063188
2015-01-26,21250455.716545157,0.005431093713814672
2015-01-27,21067985.85492259,-0.00858663287303063
2015-01-28,20888471.170313396,-0.00852073310877266
2015-01-29,20950718.01224322,0.0029799615980650174
2015-01-30,20551107.06973038,-0.019073854284102132
2015-02-02,20566965.14024023,0.0007716406934208386
2015-02-03,20781756.30090971,0.010443502928355164
2015-02-04,20759476.733086824,-0.00107207338495785
2015-02-05,20889370.842339553,0.006257099392380283
2015-02-06,20637534.587722376,-0.01205571276023032
2015-02-09,20514025.49068987,-0.005984682739477165
2015-02-10,20631494.026850678,0.0057262547623391225
2015-02-11,20638612.98132896,0.0003450527852717489
2015-02-12,20813718.023898706,0.008484341594474198
2015-02-13,20863149.851817712,0.0023749638513526072
2015-02-17,20904181.23355926,0.001966691608552562
2015-02-18,20988374.21732227,0.004027566677801797
2015-02-19,21000289.902839936,0.0005677278951807807
2015-02-20,21216330.47620716,0.010287504332880948
2015-02-23,21215161.977189735,-5.5075453256892004e-05
2015-02-24,21172765.902252533,-0.0019983856348957385
2015-02-25,21188738.612499572,0.0007543988499556509
2015-02-26,21247850.34689718,0.0027897712779720862
2015-02-27,21229795.685384676,-0.0008497170875049198
2015-03-02,21489481.891159967,0.012232157559296075
2015-03-03,21336568.618286207,-0.0071157263654951786
2015-03-04,21311200.751601785,-0.0011889384435828099
2015-03-05,21416993.582623392,0.004964189125460594
2015-03-06,21170843.733844094,-0.011493202714456197
2015-03-09,21323859.716324702,0.007227675212395646
2015-03-10,21043429.495542414,-0.013151006642929675
2015-03-11,21077378.586481936,0.0016132869856937404
2015-03-12,21300634.616803244,0.010592210478417519
2015-03-13,21235741.408645995,-0.003046538721717562
2015-03-16,21560755.401109166,0.015305045687307395
2015-03-17,21599827.2979026,0.0018121766174956644
2015-03-18,21749837.522722065,0.006944973344024552
2015-03-19,21808140.066748492,0.002680596761493792
2015-03-20,22057328.903187968,0.01142641397555133
2015-03-23,21900200.345346026,-0.007123643961224668
2015-03-24,21783995.63183618,-0.0053061027605868505
2015-03-25,21244574.566586524,-0.02476226466283893
2015-03-26,21131636.72187472,-0.005316079376304961
2015-03-27,21251350.94842273,0.005665165842269282
2015-03-30,21403405.96284812,0.007155075213544304
2015-03-31,21243386.636066705,-0.007476348720347303
2015-04-01,21081694.96379722,-0.007611388666012853
2015-04-02,21153970.65245564,0.003428362320132994
2015-04-06,21301264.90783781,0.006962960183792832
2015-04-07,21132629.555107478,-0.007916682575422329
2015-04-08,21333445.638531093,0.009502654787940434
2015-04-09,21404375.996782694,0.0033248430400520945
2015-04-10,21446003.523088694,0.0019448138227555756
2015-04-13,21420050.50422323,-0.0012101564208698568
2015-04-14,21383669.32839454,-0.0016984635877267396
2015-04-15,21356580.729628213,-0.0012667890786337566
2015-04-16,21368007.821357667,0.0005350618563018106
2015-04-17,21090598.067127362,-0.012982480938303897
2015-04-20,21226452.21865897,0.006441455623932946
2015-04-21,21234069.794584066,0.00035887183814931056
2015-04-22,21248544.50564755,0.0006816738949957379
2015-04-23,21394473.193951212,0.006867702786177876
2015-04-24,21282896.74836824,-0.005215199485001376
2015-04-27,21104153.99855899,-0.00839842207207786
2015-04-28,21068040.226065468,-0.0017112163082201315
2015-04-29,20904862.904796187,-0.007745253925773188
2015-04-30,20602173.47151264,-0.014479379016357874
2015-05-01,20760807.69672042,0.007699878142814809
2015-05-04,20845436.98105585,0.004076396524244963
2015-05-05,20570046.319103546,-0.01321107646736186
2015-05-06,20453784.52659573,-0.005651994687043693
2015-05-07,20458422.53715477,0.0002267556184045727
2015-05-08,20567173.58987374,0.005315710559866682
2015-05-11,20573000.88288311,0.00028332979171419304
2015-05-12,20509938.601611987,-0.0030652932758871154
2015-05-13,20525794.497647315,0.0007730835446813078
2015-05-14,20733030.277001325,0.010096358480923273
2015-05-15,20780136.965269987,0.0022720599757632964
2015-05-18,20876805.782824274,0.004651981732163302
2015-05-19,20948034.95316369,0.00341188068138365
2015-05-20,20895837.316536598,-0.002491767688176827
2015-05-21,20915259.44702606,0.0009294736647902369
2015-05-22,20919372.117603846,0.00019663493002330945
2015-05-26,20815755.072441675,-0.004953162292809732
2015-05-27,20931501.396931306,0.005560515296553881
2015-05-28,20900893.88146095,-0.0014622704262792219
2015-05-29,20758444.290737964,-0.0068154783968037425
2015-06-01,20826750.893772423,0.00329054538373752
2015-06-02,20861734.583421446,0.0016797478314047876
2015-06-03,20942440.339165244,0.0038686023648260015
2015-06-04,20744409.575261537,-0.009455954544770107
2015-06-05,20780996.53139638,0.0017637019748431015
2015-06-08,20656476.022581585,-0.005992037418738216
2015-06-09,20683105.499478847,0.0012891587542884775
2015-06-10,20918135.487795636,0.011363380045743776
2015-06-11,20991823.799467295,0.0035226997986819164
2015-06-12,20911061.118235905,-0.0038473398978053908
2015-06-15,20747841.205000974,-0.007805434277679546
2015-06-16,21063434.38182915,0.015210892242230267
2015-06-17,21053755.51544527,-0.000459510363240212
2015-06-18,21181367.220333632,0.006061232391282534
2015-06-19,21191789.52937814,0.0004920508169321547
2015-06-22,21377234.92912022,0.008750813586790196
2015-06-23,21441986.75581457,0.0030290085181290394
2015-06-24,21315651.963122804,-0.005891935021250183
2015-06-25,21355816.286365874,0.0018842643571286288
2015-06-26,21442639.980067562,0.004065575978808189
2015-06-29,21033779.76326389,-0.0190676249372157
2015-06-30,21071389.983397886,0.00178808661863461
2015-07-01,21211967.494981084,0.006671487343452798
2015-07-02,21078509.94480498,-0.006291615815820939
2015-07-06,21103551.51126931,0.00118801407357072
2015-07-07,21088497.816214845,-0.0007133251977244903
2015-07-08,20666595.36599454,-0.020006282756465765
2015-07-09,20683523.706007503,0.0008191160524106955
2015-07-10,20777790.34449499,0.004557571515733105
2015-07-13,21021275.214099266,0.011718516048497163
2015-07-14,21025437.748802755,0.00019801532785690412
2015-07-15,20938882.779109947,-0.004116678602695711
2015-07-16,21014050.315798532,0.003589854219136157
2015-07-17,20924866.05057828,-0.0042440302502370075
2015-07-20,20945462.889303565,0.0009843235639119818
2015-07-21,20841382.996943455,-0.004969090103673968
2015-07-22,20973760.848667502,0.006351682695119765
2015-07-23,20867049.27915476,-0.005087860507359765
2015-07-24,20719046.727168776,-0.007092644005677884
2015-07-27,20577909.754816428,-0.006811943339423809
2015-07-28,20708008.886040002,0.006322271444169525
2015-07-29,20859299.87386138,0.007305916694065662
2015-07-30,20962524.89167698,0.004948632909053341
2015-07-31,20943763.506523207,-0.0008949964401102628
2015-08-03,20925311.888163693,-0.000881007768912534
2015-08-04,20925988.468676336,3.233311485439927e-05
2015-08-05,21140097.12892828,0.010231710706160468
2015-08-06,20936277.178392496,-0.00964139139440734
2015-08-07,20901805.66622047,-0.0016464967423912569
2015-08-10,21090912.24664001,0.009047380089518109
2015-08-11,21091429.609881386,2.45301500154671e-05
2015-08-12,21020381.794312462,-0.00336856329243973
2015-08-13,21073010.19004663,0.002503684102845849
2015-08-14,21147760.49877943,0.0035472060260335336
2015-08-17,21262346.25535395,0.005418339997804056
2015-08-18,21230462.611813053,-0.0014995355243482278
2015-08-19,21062428.840536207,-0.007914748460702392
2015-08-20,20555220.41568745,-0.02408119351708371
2015-08-21,20065579.341235425,-0.02382076497113783
2015-08-24,19356825.85261639,-0.03532185523108844
2015-08-25,19517579.960756157,0.008304776277048509
2015-08-26,19506080.756057635,-0.000589171645339337
2015-08-27,19508387.893991735,0.00011827788282814389
2015-08-28,19499182.95017838,-0.0004718454371203107
2015-08-31,19492293.728998415,-0.00035330819745460484
2015-09-01,19499180.804003555,0.0003533229644951952
2015-09-02,19503790.78752211,0.00023641934319673652
2015-09-03,19503790.78752211,0.0
2015-09-04,19506078.60988281,0.00011730142030441648
2015-09-08,19499180.804003555,-0.0003536234020793394
2015-09-09,19494585.843708757,-0.00023564888909866077
2015-09-10,19501492.2342873,0.00035427223917006145
2015-09-11,19508402.91721549,0.0003543668784504739
2015-09-14,19503790.78752211,-0.00023641759466164203
2015-09-15,19476203.85635474,-0.0014144394527150217
2015-09-16,19473881.695196882,-0.0001192306865847037
2015-09-17,19517590.691630267,0.002244493271424508
2015-09-18,19526793.4892688,0.00047151299481229536
2015-09-21,19515292.138395455,-0.0005890035596302079
2015-09-22,19526793.4892688,0.0005893506892840072
2015-09-23,19519891.3910399,-0.00035346808131564433
2015-09-24,19531392.74191324,0.0005892118272041724
2015-09-25,19522189.94427471,-0.0004711797955290198
2015-09-28,19535989.84838286,0.0007068829955831912
2015-09-29,19545194.792196214,0.00047117877746627457
2015-09-30,19549791.898665834,0.00023520392191000994
2015-10-01,19549794.044840656,1.0977993181171541e-07
2015-10-02,19577406.730105896,0.0014124284481926708
2015-10-05,19563604.679822918,-0.0007049989037491988
2015-10-06,19561314.711287398,-0.00011705248460069928
2015-10-07,19556683.26602062,-0.00023676554133178485
2015-10-08,19552092.598075464,-0.00023473652882288754
2015-10-09,19552092.598075464,0.0
2015-10-12,19547484.76073173,-0.00023566977911038123
2015-10-13,19554401.882184386,0.0003538624808931967
2015-10-14,19582005.98275034,0.0014116566045982992
2015-10-15,19570504.631876998,-0.0005873428331845121
2015-10-16,19561314.7112874,-0.00046958015454678925
2015-10-19,19568193.201593254,0.00035163742352573024
2015-10-20,19556683.26602062,-0.0005881961330849172
2015-10-21,19563604.679822918,0.0003539155238212466
2015-10-22,19570504.631876994,0.00035269328771470043
2015-10-23,19516786.58380945,-0.0027448473648474803
2015-10-26,19569698.385984454,0.0027110919078705553
2015-10-27,19540375.65488846,-0.0014983741965587383
2015-10-28,19635706.403361116,0.004878654850671182
2015-10-29,19590630.478670016,-0.002295610036386786
2015-10-30,19577070.745616898,-0.0006921539900353046
2015-11-02,19736289.96318634,0.008132943872876774
2015-11-03,19737981.788905106,8.572156782871154e-05
2015-11-04,19736044.37234122,-9.815677127522626e-05
2015-11-05,19814279.903231684,0.003964093787715006
2015-11-06,19846086.6311044,0.0016052426849753054
2015-11-09,19579876.243873265,-0.013413747111932217
2015-11-10,19641913.356769245,0.0031684119002228783
2015-11-11,19647185.154576853,0.00026839532951061784
2015-11-12,19409296.76703374,-0.012108013726724431
2015-11-13,19242180.262090918,-0.008610126731982692
2015-11-16,19385463.125042282,0.007446290441091463
2015-11-17,19415930.739266075,0.0015716732701853697
2015-11-18,19617879.95076696,0.010401211984778502
2015-11-19,19614424.237900168,-0.00017615118837832622
2015-11-20,19700239.060182303,0.004375087498939667
2015-11-23,19779601.17218802,0.004028484718549663
2015-11-24,19773424.825948507,-0.00031225838103343673
2015-11-25,19846342.165839307,0.0036876434169923478
2015-11-27,19923121.88446846,0.00386870880223511
2015-11-30,19805222.955323964,-0.00591769351350524
2015-12-01,19958373.778336495,0.007732850236425115
2015-12-02,19851929.893974874,-0.005333294462956606
2015-12-03,19617837.659683798,-0.01179191320649009
2015-12-04,19962162.691409238,0.01755163018975603
2015-12-07,19900548.321136557,-0.003086557865756512
2015-12-08,19851270.349911306,-0.0024762117319607757
2015-12-09,19639847.724516444,-0.010650332279405372
2015-12-10,19629810.756027646,-0.0005110512377480836
2015-12-11,19349721.793500535,-0.014268551337974889
2015-12-14,19372404.651888978,0.0011722575978359018
2015-12-15,19490116.856929004,0.0060762825862481495
2015-12-16,19557304.13236666,0.0034472484660230673
2015-12-17,19379876.530399665,-0.009072191175539368
2015-12-18,19135305.171729676,-0.012619861550012934
2015-12-21,19279999.288564987,0.007561631002837688
2015-12-22,19346846.618440855,0.00346718528747636
2015-12-23,19443701.094537824,0.00500621512162347
2015-12-24,19452215.580179065,0.000437904573817649
2015-12-28,19455764.158624355,0.0001824254121933766
2015-12-29,19563442.38240201,0.005534515267544782
2015-12-30,19504193.95980005,-0.0030285274668867546
2015-12-31,19350318.632009298,-0.007889345650884283
2016-01-04,19200930.649599563,-0.00772018204199576
2016-01-05,19319625.06120053,0.006181700968928894
2016-01-06,19230873.971823204,-0.0045938308376161086
2016-01-07,18994666.29322346,-0.012282732388857243
2016-01-08,18990417.507485922,-0.0002236830946091839
2016-01-11,19040691.34311962,0.0026473265063224893
2016-01-12,19056194.31370773,0.0008142020848267428
2016-01-13,18929294.05462855,-0.00665926559050134
2016-01-14,18942958.901366353,0.0007218888722615446
2016-01-15,18901550.452371195,-0.002185954644718713
2016-01-19,18863172.179000005,-0.0020304299093292233
2016-01-20,18825324.127133377,-0.0020064521230827026
2016-01-21,18815853.053790618,-0.0005031028033726237
2016-01-22,18820921.61957779,0.00026937741130761417
2016-01-25,18821765.126688387,4.481752422358376e-05
2016-01-26,18834180.01898671,0.0006596029763816791
2016-01-27,18839653.56172338,0.00029061752256565043
2016-01-28,18853147.498941094,0.0007162518765806425
2016-01-29,18887685.613226473,0.001831954812177683
2016-02-01,18898876.786190208,0.0005925116074516623
2016-02-02,18916323.085439574,0.0009231394779034563
2016-02-03,18896925.882613078,-0.0010254214172006337
2016-02-04,18899220.669630203,0.00012143705443845576
2016-02-05,18890811.1401204,-0.0004449669992646621
2016-02-08,18924501.830734678,0.001783443302904475
2016-02-09,18926190.92854908,8.925454574759684e-05
2016-02-10,18926401.743139535,1.113877542757713e-05
2016-02-11,18930080.22753989,0.0001943573031089052
2016-02-12,18906063.871984474,-0.0012686874681321347
2016-02-16,18899383.831488498,-0.000353327934423997
2016-02-17,18898032.894209053,-7.14804933055202e-05
2016-02-18,18934943.94224924,0.001953168789937676
2016-02-19,18911718.528790183,-0.0012265900300466592
2016-02-22,18925109.509771492,0.00070807848376786
2016-02-23,18927218.5776011,0.00011144283358155427
2016-02-24,18928876.622533783,8.760108760208496e-05
2016-02-25,18941176.67438342,0.0006498035829023419
2016-02-26,18893093.10735756,-0.0025385733870952887
2016-02-29,18903403.72771901,0.0005457349044362125
2016-03-01,18864893.99377784,-0.002037185180820078
2016-03-02,18873229.67015211,0.00044186181894345644
2016-03-03,18884038.019480005,0.0005726814920812284
2016-03-04,18880786.02973713,-0.00017220838782050496
2016-03-07,18865164.448491737,-0.000827379814632101
2016-03-08,18891872.576268807,0.0014157378723091973
2016-03-09,18894286.902382024,0.00012779707800114615
2016-03-10,18898802.631485943,0.00023899971071950077
2016-03-11,18880257.584859278,-0.0009812815652018303
2016-03-14,18891013.24568855,0.0005696776530155212
2016-03-15,18885525.239237357,-0.0002905088456515159
2016-03-16,18931587.83452076,0.002439042319442697
2016-03-17,18932956.942378923,7.231870195623102e-05
2016-03-18,18905017.67306231,-0.0014756949694464394
2016-03-21,18885462.621934146,-0.0010343841760078742
2016-03-22,18852009.707477584,-0.0017713579553888525
2016-03-23,18839254.85689409,-0.0006765777644616167
2016-03-24,18818727.53017885,-0.0010896039610468478
2016-03-28,18889737.623520806,0.003773373796293278
2016-03-29,19102704.52987295,0.01127421198730505
2016-03-30,19115986.96776866,0.0006953171408237147
2016-03-31,19087974.600207873,-0.0014653895510611248
2016-04-01,19195586.553227484,0.005637683163012941
2016-04-04,19045813.125360027,-0.0078024929038844615
2016-04-05,18892600.780054364,-0.008044410826527293
2016-04-06,18961002.67204469,0.0036205651506986403
2016-04-07,18812854.998892676,-0.007813282647253561
2016-04-08,18881964.032807242,0.0036735005887533756
2016-04-11,18818894.788201183,-0.0033401845537083252
2016-04-12,18928903.623767555,0.005845658674671128
2016-04-13,18964261.920954756,0.0018679527293279374
2016-04-14,18851466.066286173,-0.005947811475011777
2016-04-15,18963134.93522562,0.005923617216124999
2016-04-18,19079082.97981902,0.006114392213600439
2016-04-19,19133723.30279178,0.002863886227160828
2016-04-20,18904133.262349054,-0.01199923490109367
2016-04-21,18775321.812723532,-0.006813930468955842
2016-04-22,18779134.675197426,0.00020307840855804393
2016-04-25,18830721.765974548,0.002747043017123474
2016-04-26,18971899.271141917,0.007497190331942738
2016-04-27,18983286.72028966,0.0006002271562268735
2016-04-28,18908934.733323943,-0.0039167077893970115
2016-04-29,18930882.32473727,0.0011606995170725387
2016-05-02,18994617.52423492,0.0033667315872736303
2016-05-03,18758443.75982182,-0.01243372045326896
2016-05-04,18636550.680325076,-0.006498037953330926
2016-05-05,18678673.28121421,0.002260214436226482
2016-05-06,18837385.431839976,0.008496971291070743
2016-05-09,18788499.112582255,-0.0025951753991872994
2016-05-10,18965466.3652085,0.009418913749621005
2016-05-11,18881782.807779446,-0.004412417591932671
2016-05-12,18965991.718596682,0.0044597966026036495
2016-05-13,18881086.649708755,-0.004476700725576821
2016-05-16,18973082.84289001,0.004872399289723717
2016-05-17,18767373.471640028,-0.01084216903248636
2016-05-18,18526178.62451065,-0.012851816877511135
2016-05-19,18521947.78937995,-0.00022837063252223455
2016-05-20,18601718.845199652,0.0043068394710323865
2016-05-23,18548996.297471486,-0.0028342836577046615
2016-05-24,18683281.96396199,0.007239511202490556
2016-05-25,18750021.65037276,0.003572160744536479
2016-05-26,18816021.10277346,0.003519966730245905
2016-05-27,18988783.01197181,0.009181638788281488
2016-05-31,18902883.568505537,-0.004523693983554122
2016-06-01,19009063.40693908,0.005617123866247242
2016-06-02,19080930.343717113,0.00378066689765455
2016-06-03,19064319.13003146,-0.0008705662347917587
2016-06-06,19126074.730792552,0.003239328944290021
2016-06-07,19152937.26018909,0.0014044977746159315
2016-06-08,19261087.16650765,0.0056466485975161795
2016-06-09,19270646.563634545,0.0004963062076535074
2016-06-10,19100479.327559154,-0.008830385400587004
2016-06-13,18973190.661567815,-0.006664160820701537
2016-06-14,18941783.03679291,-0.0016553686375230248
2016-06-15,18984327.68728849,0.002246074216610827
2016-06-16,19042308.21640531,0.0030541260176226714
2016-06-17,18981475.81838323,-0.003194591607842412
2016-06-20,19104147.684692625,0.006462714884929444
2016-06-21,19159599.984081216,0.0029026314234903428
2016-06-22,19120721.26840812,-0.0020292028907388238
2016-06-23,19359537.490922876,0.012489917046661692
2016-06-24,18725240.979895033,-0.032764032267054155
2016-06-27,18585355.54197422,-0.007470421238957914
2016-06-28,18770317.723416362,0.009952038906353655
2016-06-29,18934732.33454203,0.008759287591629583
2016-06-30,19182263.55027393,0.01307286585088585
2016-07-01,19197668.97998365,0.0008031080205599395
2016-07-05,19351005.156950522,0.007987228924863032
2016-07-06,19346509.500634514,-0.00023232159154240595
2016-07-07,19145082.863919955,-0.010411523417593882
2016-07-08,19316988.427255373,0.00897909737749858
2016-07-11,19330898.751918018,0.000720108349965054
2016-07-12,19217845.795834504,-0.005848303151052225
2016-07-13,19255584.291280407,0.001963721420539466
2016-07-14,19198155.61501275,-0.002982442672158414
2016-07-15,19181168.4718096,-0.000884832040316752
2016-07-18,19179633.29566305,-8.00355905743455e-05
2016-07-19,19210741.822077177,0.0016219562665549248
2016-07-20,19172105.265954103,-0.00201119542810535
2016-07-21,19121640.17507066,-0.0026322143647448115
2016-07-22,19297445.26414901,0.009194038140491356
2016-07-25,19289987.78997087,-0.0003864487799322136
2016-07-26,19305970.38498665,0.0008285435527382035
2016-07-27,19180841.699112423,-0.006481346618636419
2016-07-28,19291041.568725437,0.005745309373890173
2016-07-29,19325387.47060087,0.0017804068148976615
2016-08-01,19389429.816505473,0.0033138971211847945
2016-08-02,19140231.046779566,-0.012852300046171217
2016-08-03,19137299.965830855,-0.00015313717695186746
2016-08-04,19095928.8776768,-0.0021618038191344446
2016-08-05,19203055.840794712,0.005609937270092402
2016-08-08,19207606.396286253,0.00023697038269676618
2016-08-09,19205779.381757505,-9.511932361860875e-05
2016-08-10,19212304.171579473,0.0003397305411185769
2016-08-11,19229126.459809516,0.0008755997240001978
2016-08-12,19229985.510280214,4.467444074984783e-05
2016-08-15,19239895.814405855,0.000515356817109458
2016-08-16,19168096.53865809,-0.003731791296603837
2016-08-17,19160309.910595033,-0.0004062285499946139
2016-08-18,19257951.617766008,0.0050960400758957025
2016-08-19,19329393.920724332,0.0037097560725209977
2016-08-22,19253003.73659753,-0.003952021695046493
2016-08-23,19331557.157520026,0.0040800605452111505
2016-08-24,19207886.26690887,-0.006397357936737569
2016-08-25,19266640.3968085,0.00305885452897825
2016-08-26,19160695.90741875,-0.005498856427885612
2016-08-29,19226485.67677647,0.0034335793269515413
2016-08-30,19206552.58419112,-0.0010367517455062147
2016-08-31,19174463.706796315,-0.001670725511730753
2016-09-01,19236055.36171185,0.003212170929907332
2016-09-02,19388303.645758975,0.007914735177471321
2016-09-06,19423227.306463797,0.0018012746933877555
2016-09-07,19412002.824468214,-0.0005778896482279139
2016-09-08,19287657.160229214,-0.006405607157766724
2016-09-09,18775779.904244795,-0.02653911005012566
2016-09-12,18892427.7328392,0.0062126755420708335
2016-09-13,18686678.291085795,-0.010890577148841896
2016-09-14,18670553.830253124,-0.0008628853443879425
2016-09-15,18834565.43298638,0.00878450656710017
2016-09-16,18804151.14642068,-0.0016148122277581667
2016-09-19,18725223.686277546,-0.004197342359596901
2016-09-20,18676103.60191735,-0.002623204143413993
2016-09-21,18828453.72814355,0.008157489885125768
2016-09-22,18838235.481354617,0.0005195197307383825
2016-09-23,18687666.219221704,-0.007992747637215802
2016-09-26,18579343.22784284,-0.005796496475704571
2016-09-27,18706313.97842008,0.006833974108781282
2016-09-28,18646795.113174036,-0.003181752712731356
2016-09-29,18390100.062634274,-0.013766175312260764
2016-09-30,18579534.70021654,0.01030090303680109
2016-10-03,18493544.075343363,-0.004628244262337433
2016-10-04,18442581.85056193,-0.0027556764984477677
2016-10-05,18645198.17457489,0.010986331830040497
2016-10-06,18655277.62713547,0.0005405924070212009
2016-10-07,18564282.19445594,-0.004877731358292503
2016-10-10,18539665.709824637,-0.001326013275032789
2016-10-11,18283402.24827782,-0.013822442408495839
2016-10-12,18299163.91936953,0.0008620753882497834
2016-10-13,18139963.10593698,-0.008699895477958686
2016-10-14,18195768.070085716,0.0030763548868779633
2016-10-17,18192199.77781846,-0.00019610561387195524
2016-10-18,18228855.588091116,0.0020149190708289577
2016-10-19,18327668.79942463,0.005420702953951029
2016-10-20,18253143.93463881,-0.004066248992242838
2016-10-21,18204702.631382037,-0.002653860805033492
2016-10-24,18270742.422941186,0.0036276226476397166
2016-10-25,18063372.147814274,-0.011349854884196264
2016-10-26,18057173.167480502,-0.00034317957262053334
2016-10-27,17950363.40453175,-0.005915087702714539
2016-10-28,17962321.300504893,0.0006661645618897261
2016-10-31,17900347.88351764,-0.003450189758353206
2016-11-01,17792267.713455155,-0.0060378809823022905
2016-11-02,17611039.690784816,-0.0101857742694198
2016-11-03,17700048.326217033,0.005054138596870761
2016-11-04,17571115.77885714,-0.007284304821299159
2016-11-07,17804104.13576741,0.013259736026019375
2016-11-08,17898843.87589119,0.0053212303972909325
2016-11-09,18128536.225047022,0.01283280365751538
2016-11-10,18067777.00649882,-0.0033515788475108055
2016-11-11,18090337.79726065,0.001248675515184594
2016-11-14,18287916.783729237,0.010921796413249085
2016-11-15,18366707.66843611,0.004308357569571486
2016-11-16,18163493.397659987,-0.011064273164501537
2016-11-17,18383908.760214116,0.012135075435572684
2016-11-18,18378487.966913946,-0.0002948661990698209
2016-11-21,18460211.722841978,0.004446707263141336
2016-11-22,18484485.82492048,0.0013149416942204173
2016-11-23,18608161.521915298,0.006690783728919403
2016-11-25,18663620.85318398,0.002980376712840016
2016-11-28,18427276.18958944,-0.012663387530947423
2016-11-29,18500502.49238387,0.003973799602341677
2016-11-30,18592671.557655495,0.004981976317106396
2016-12-01,18719912.328517437,0.006843598052456823
2016-12-02,18520982.53356742,-0.010626641378387869
2016-12-05,18680121.654893868,0.008592369278358936
2016-12-06,18817081.775602736,0.007331864494200868
2016-12-07,19077173.64243976,0.013822114924017859
2016-12-08,19105383.06011962,0.0014787000531937267
2016-12-09,19187263.330863528,0.004285717302094927
2016-12-12,19027487.513279498,-0.008327181152875673
2016-12-13,19102990.330899693,0.003968091823342457
2016-12-14,18966322.927423365,-0.007154241357452018
2016-12-15,19078273.514035992,0.005902598360315592
2016-12-16,18878270.78185738,-0.01048327208599198
2016-12-19,18962714.26312255,0.004473051702718722
2016-12-20,19130853.212866675,0.00886681871651196
2016-12-21,19028822.488787647,-0.005333307560501543
2016-12-22,18961256.79322187,-0.003550702919510207
2016-12-23,19030271.615790762,0.003639781018817567
2016-12-27,19027986.86665249,-0.00012005867201481113
2016-12-28,18836075.64140057,-0.01008573458647144
2016-12-29,18765873.81324384,-0.0037269880145537337
2016-12-30,18784217.038269885,0.0009774777987210381
2017-01-03,18880395.549168672,0.005120176726175929
2017-01-04,19014914.958977114,0.007124819469916499
2017-01-05,18818081.68797878,-0.01035151992122929
2017-01-06,18856018.26768357,0.0020159642376842424
2017-01-09,18740236.87822211,-0.006140288358751245
2017-01-10,18899562.206604682,0.00850177772126881
2017-01-11,18972227.269448146,0.0038448013794769587
2017-01-12,18879994.30157406,-0.004861472855251625
2017-01-13,19018854.27251038,0.00735487356183917
2017-01-17,18641888.962667655,-0.01982061087599718
2017-01-18,18754365.4448278,0.006033534605070834
2017-01-19,18824870.45299461,0.0037593918266243254
2017-01-20,18911006.52679971,0.004575652938498376
2017-01-23,18876342.404618874,-0.0018330130726627036
2017-01-24,19146031.120842565,0.014287127794296639
2017-01-25,19433124.327094365,0.014994920066711215
2017-01-26,19525533.08853735,0.004755218969815678
2017-01-27,19393292.52202063,-0.006772699414509309
2017-01-30,19302366.448529534,-0.004688532047245286
2017-01-31,19209154.248050444,-0.004829055583813746
2017-02-01,19233709.712529596,0.0012783209589586342
2017-02-02,19094009.069415703,-0.0072633228431687735
2017-02-03,19342861.079738148,0.013032989008109785
2017-02-06,19331489.911124352,-0.0005878741809145493
2017-02-07,19349707.29862755,0.0009423685182545771
2017-02-08,19333702.87207082,-0.0008271146591384282
2017-02-09,19577822.73348932,0.012626648037047827
2017-02-10,19671818.315931022,0.004801125422436048
2017-02-13,19792189.99124474,0.006118990800979329
2017-02-14,19907693.266945466,0.005835800674499403
2017-02-15,20014901.413695123,0.005385262135199964
2017-02-16,20022995.52594059,0.0004044043024826749
2017-02-17,20052669.683071353,0.0014820038836007576
2017-02-21,20119134.13457495,0.0033144939079960967
2017-02-22,20054095.56470652,-0.0032326724119136063
2017-02-23,19910338.229963176,-0.007168477594987843
2017-02-24,19885117.66032989,-0.0012667072423376835
2017-02-27,20050199.199077293,0.008301763236570503
2017-02-28,19901734.32625293,-0.007404658245549811
2017-03-01,20361724.137127664,0.02311305152274845
2017-03-02,20026857.12070944,-0.016445906749498862
2017-03-03,20130987.33459777,0.005199528476220516
2017-03-06,20049913.615419727,-0.004027309631192688
2017-03-07,20008095.92318672,-0.00208567942162341
2017-03-08,20009414.71991557,6.591315505044548e-05
2017-03-09,19976271.84222199,-0.0016563641744399282
2017-03-10,20035042.301483013,0.002942013390947462
2017-03-13,20106027.652742565,0.00354305971464286
2017-03-14,20032924.666447416,-0.0036358741546432816
2017-03-15,20149710.252566125,0.005829682288692961
2017-03-16,20131130.335598253,-0.0009220935058114055
2017-03-17,20068726.908540353,-0.003099847153021029
2017-03-20,19967944.34289088,-0.005021871397661193
2017-03-21,19407349.200914558,-0.02807475483453603
2017-03-22,19424411.877162248,0.0008791863366319763
2017-03-23,19455104.615843356,0.0015801116077647226
2017-03-24,19453828.87392301,-6.557363455683696e-05
2017-03-27,19427214.766109493,-0.001368065278357311
2017-03-28,19565626.985830873,0.007124655870013763
2017-03-29,19552611.540339604,-0.0006652199543972781
2017-03-30,19657009.1973797,0.0053393203677529755
2017-03-31,19651242.740235455,-0.0002933537389306906
2017-04-03,19572410.220992565,-0.004011579332918291
2017-04-04,19563063.791116685,-0.00047753085952872976
2017-04-05,19444500.413455937,-0.006060573074171849
2017-04-06,19502496.19203108,0.0029826314557821476
2017-04-07,19539926.291636117,0.0019192466049720025
2017-04-10,19528617.52249874,-0.0005787518831232852
2017-04-11,19495142.201508246,-0.00171416747508768
2017-04-12,19206581.888800904,-0.014801652110289165
2017-04-13,19142599.471316513,-0.003331275593691063
2017-04-17,19298030.2527965,0.00811962772939423
2017-04-18,19349931.941231526,0.0026894811416053876
2017-04-19,19401392.772922527,0.002659483860061762
2017-04-20,19592186.34001258,0.009834013945448916
2017-04-21,19541684.600548737,-0.002577646955138735
2017-04-24,19757308.499464605,0.01103404866691049
2017-04-25,19897028.680155292,0.007071822596406374
2017-04-26,20023534.140615292,0.00635800764493899
2017-04-27,20032473.40565438,0.0004464379253088513
2017-04-28,19954795.406634483,-0.003877604000610768
2017-05-01,20121040.356072467,0.008331077620706173
2017-05-02,20091311.661593996,-0.0014774929105243473
2017-05-03,20041101.81022182,-0.002499082798469332
2017-05-04,19922176.26273015,-0.005934082298360122
2017-05-05,20019546.12570335,0.004887511368693032
2017-05-08,20064176.37283703,0.0022293336149303844
2017-05-09,20042263.09897649,-0.0010921591523790353
2017-05-10,20154772.187668033,0.0056135920447670795
2017-05-11,20149852.737621073,-0.00024408363444416992
2017-05-12,20107507.211336024,-0.0021015303107395633
2017-05-15,20313770.203595042,0.01025800911525887
2017-05-16,20399213.97905624,0.0042061997652249605
2017-05-17,19892579.780649636,-0.02483596666649812
2017-05-18,20084600.34654458,0.00965287398679826
2017-05-19,20232629.940283455,0.007370303176799098
2017-05-22,20486996.737003386,0.012572107406239041
2017-05-23,20476174.518038087,-0.0005282481909977266
2017-05-24,20635859.39370302,0.007798569773092234
2017-05-25,20726260.741342105,0.0043807890873044375
2017-05-26,20778610.66507658,0.002525777533525675
2017-05-30,20790771.2910059,0.0005852473067295971
2017-05-31,20873599.047378354,0.00398387126735833
2017-06-01,21083775.119698543,0.010068990586775906
2017-06-02,21190989.59671481,0.005085165081091025
2017-06-05,21131891.816026807,-0.002788816464577182
2017-06-06,21051010.2169194,-0.0038274660788327752
2017-06-07,21130671.36177096,0.003784195819141134
2017-06-08,21167680.659435097,0.001751449210037448
2017-06-09,20718814.994128093,-0.02120523606382596
2017-06-12,20558519.437231172,-0.007736714524568589
2017-06-13,20667443.39909068,0.005298239602908872
2017-06-14,20642688.243701234,-0.0011977850821420777
2017-06-15,20643880.35771685,5.774994039264847e-05
2017-06-16,20680483.827398133,0.0017730905743986725
2017-06-19,20894948.158917736,0.010370373019777945
2017-06-20,20734730.935585402,-0.007667749262347701
2017-06-21,20830211.227406703,0.004604848363739089
2017-06-22,20793784.874629997,-0.0017487269994065358
2017-06-23,20820663.46250002,0.0012926260434105163
2017-06-26,20784499.056337975,-0.0017369478271996863
2017-06-27,20505011.700777695,-0.013446913240617864
2017-06-28,20746330.160100285,0.011768755016776655
2017-06-29,20479858.8423841,-0.012844262848408117
2017-06-30,20545447.76789559,0.003202606327332269
2017-07-03,20518911.416061677,-0.0012915927719705511
2017-07-05,20651787.869329125,0.0064758042263117765
2017-07-06,20557372.62676847,-0.004571770887733861
2017-07-07,20673476.83933255,0.005647813787881484
2017-07-10,20634074.93894446,-0.0019059155213373424
2017-07-11,20634785.497364435,3.443616552134543e-05
2017-07-12,20739990.735887855,0.005098441102615592
2017-07-13,20724727.927463923,-0.0007359120174302847
2017-07-14,20851562.671032052,0.0061199714665518545
2017-07-17,20727059.65127053,-0.005970920344233299
2017-07-18,20742018.254935697,0.0007216944379395684
2017-07-19,21160789.242778093,0.02018950049582302
2017-07-20,21088562.126818925,-0.0034132524609788994
2017-07-21,21178538.342586316,0.004266588458061049
2017-07-24,21288740.996728946,0.005203506132480884
2017-07-25,21097439.075967304,-0.008986060791055461
2017-07-26,21003919.613225132,-0.004432740030931193
2017-07-27,20770159.23645203,-0.011129369235726716
2017-07-28,20798822.683764994,0.0013800302148219146
2017-07-31,20621990.328039348,-0.008502036793826662
2017-08-01,20799352.208171293,0.008600618917505187
2017-08-02,20690250.51427558,-0.005245437108029272
2017-08-03,20780194.44376061,0.0043471648360648985
2017-08-04,20807774.71075035,0.0013272381576785452
2017-08-07,20903146.6928777,0.004583478216826142
2017-08-08,20788016.791350294,-0.005507778480386971
2017-08-09,20826267.551995836,0.001840038952703571
2017-08-10,20542077.6544372,-0.013645743139000577
2017-08-11,20544301.618345775,0.00010826382540196633
2017-08-14,20816952.21376782,0.013271348935929295
2017-08-15,20825699.779829968,0.0004202135822919395
2017-08-16,20919733.742564254,0.004515284659263097
2017-08-17,20603644.805459104,-0.015109606125723318
2017-08-18,20626421.943625458,0.0011054907217347143
2017-08-21,20679979.092247248,0.002596531224279719
2017-08-22,20918672.2570887,0.011542234340601087
2017-08-23,20778849.086883947,-0.0066841321708345225
2017-08-24,20797954.808441214,0.0009194792973075128
2017-08-25,20770663.266234167,-0.0013122224015974515
2017-08-28,20814460.093702022,0.0021085907034588125
2017-08-29,20845819.495368943,0.001506616146935702
2017-08-30,21024470.826354913,0.008570127503294334
2017-08-31,21207177.528311696,0.008690192655301132
2017-09-01,21180066.431356356,-0.0012783925121174766
2017-09-05,21174652.78451906,-0.00025560103198163375
2017-09-06,21120578.769302122,-0.002553714375731042
2017-09-07,21318929.38268859,0.009391343653648354
2017-09-08,21371268.74360709,0.0024550651666870316
2017-09-11,21514902.209859602,0.006720867533682506
2017-09-12,21552473.05189024,0.0017462706390281024
2017-09-13,21492629.571461625,-0.002776641004701985
2017-09-14,21456983.352029752,-0.0016585322569930838
2017-09-15,21467362.05551047,0.00048369816532178866
2017-09-18,21529792.132984236,0.0029081392167484843
2017-09-19,21562813.126923777,0.0015337349165092107
2017-09-20,21515511.341234114,-0.002193674146839464
2017-09-21,21416711.376913223,-0.004592034219123686
2017-09-22,21463591.476684637,0.0021889495051956587
2017-09-25,21180318.831156526,-0.013197821335531046
2017-09-26,21181188.31932515,4.1051703496775005e-05
2017-09-27,21300761.1482922,0.005645237045456719
2017-09-28,21403303.949481636,0.004814043990050587
2017-09-29,21540387.453132533,0.006404782363248929
2017-10-02,21653991.848275434,0.0052740181851456125
2017-10-03,21733837.23837416,0.003687328907214127
2017-10-04,21872871.889623612,0.006397151580944449
2017-10-05,21980384.28041527,0.004915330338612911
2017-10-06,22128787.356905036,0.006751614284650875
2017-10-09,22051419.202873282,-0.003496267228019212
2017-10-10,22023984.504225053,-0.001244123944850406
2017-10-11,22107465.05640941,0.003790438200151458
2017-10-12,22097114.605258994,-0.000468188058830199
2017-10-13,22166801.809926435,0.0031536789265171894
2017-10-16,22207723.195634257,0.0018460662958377227
2017-10-17,22226621.706300255,0.0008509882125022905
2017-10-18,22297551.89926782,0.003191226894704302
2017-10-19,22339716.35190849,0.0018909902231041276
2017-10-20,22492033.5830771,0.006818225834617442
2017-10-23,22442541.050823834,-0.002200447197024613
2017-10-24,22582690.901129156,0.006244829851839606
2017-10-25,22479303.692935314,-0.004578161594935182
2017-10-26,22538869.383434128,0.002649801404548624
2017-10-27,22710635.126948334,0.007620867781436003
2017-10-30,22592417.165565986,-0.005205400937557725
2017-10-31,22719096.224196743,0.005607149412229839
2017-11-01,22673752.81415633,-0.001995828073130812
2017-11-02,22599803.688261095,-0.0032614418310613624
2017-11-03,22693586.61916828,0.004149723254273097
2017-11-06,22735421.050156325,0.0018434473003359209
2017-11-07,22796205.34899228,0.0026735506108226392
2017-11-08,23035256.80578299,0.010486458300011492
2017-11-09,22890285.279249907,-0.006293462571543285
2017-11-10,22968310.89896039,0.003408678343612026
2017-11-13,23110891.166095708,0.006207694930747909
2017-11-14,23104413.761033535,-0.00028027500175653586
2017-11-15,22922553.99103947,-0.007871213348021766
2017-11-16,23177699.357130244,0.011130756467648162
2017-11-17,23255490.619355857,0.003356297837286526
2017-11-20,23399303.233667817,0.0061840283942349306
2017-11-21,23705553.21744048,0.013087995856732038
2017-11-22,23581938.261444815,-0.0052145990798779795
2017-11-24,23669525.204453237,0.00371415368988659
2017-11-27,23448102.94677425,-0.009354740146512386
2017-11-28,23476905.479814123,0.0012283523790923567
2017-11-29,23218117.582756698,-0.011023083825077995
2017-11-30,23436782.951568704,0.009417876709109319
2017-12-01,23248520.79672373,-0.008032764361645128
2017-12-04,22624138.713734433,-0.026856852031518885
2017-12-05,22510182.71207023,-0.005036921100338931
2017-12-06,22347063.29915016,-0.007246472185789998
2017-12-07,22421141.719412185,0.0033149062706974153
2017-12-08,22549029.348749496,0.0057038856869000565
2017-12-11,22541569.849420175,-0.00033081243604549115
2017-12-12,22474887.813193902,-0.002958180671165045
2017-12-13,22588326.39006329,0.005047347858296858
2017-12-14,22446491.955889612,-0.0062791032732761876
2017-12-15,22705949.710024267,0.011558944473128552
2017-12-18,22873018.83418885,0.007357944780914449
2017-12-19,22862095.20704496,-0.0004775769749973957
2017-12-20,22932451.147887968,0.0030774056448390485
2017-12-21,22931702.700330835,-3.263705010447815e-05
2017-12-22,22963709.021503784,0.0013957237101493991
2017-12-26,23053530.765538312,0.0039114649968094994
2017-12-27,23044552.037599664,-0.0003894730065413521
2017-12-28,23141262.278741222,0.00419666396568541
2017-12-29,22993287.0550499,-0.006394431812272394
2018-01-02,23077235.803398233,0.0036510111906724596
2018-01-03,23193939.17244349,0.005057077461074089
2018-01-04,23197607.682175733,0.00015816673937818493
2018-01-05,23361328.921290495,0.007057677729439327
2018-01-08,23452027.918982603,0.003882441705165496
2018-01-09,23480100.077484455,0.0011970034573909327
2018-01-10,23388517.14966637,-0.0039004487849652048
2018-01-11,23614811.402805652,0.00967544251271657
2018-01-12,23733036.72474358,0.0050064055105636385
2018-01-16,23588045.799894705,-0.006109244532441549
2018-01-17,23891267.49524604,0.012854888358436511
2018-01-18,23804826.95527559,-0.003618080957305869
2018-01-19,24082778.996472646,0.011676289087052316
2018-01-22,24215298.744142376,0.005502676733824652
2018-01-23,24208267.014980443,-0.0002903837460866976
2018-01-24,23968781.49997245,-0.009892716189052075
2018-01-25,24087003.10987737,0.004932316225797928
2018-01-26,24477158.0424421,0.016197736629374848
2018-01-29,24197822.361605454,-0.011412096140911876
2018-01-30,23889684.875105415,-0.01273409986631524
2018-01-31,23823388.913376834,-0.002775087326399417
2018-02-01,23693605.439267613,-0.0054477335101702495
2018-02-02,23191181.433450326,-0.021205046530597405
2018-02-05,22535621.35156312,-0.028267644913581025
2018-02-06,22480745.952016197,-0.002435051543103528
2018-02-07,22512642.672268547,0.0014188461682023146
2018-02-08,22267073.51619461,-0.010908055515687298
2018-02-09,22372969.4710911,0.004755719462616881
2018-02-12,22445378.80910725,0.0032364652403300553
2018-02-13,22475311.040334173,0.0013335587463900733
2018-02-14,22570621.190285414,0.004240659885871967
2018-02-15,22610179.246308446,0.001752634794121466
2018-02-16,22479733.688395675,-0.0057693287829228
2018-02-20,22353828.538889244,-0.005600829229192583
2018-02-21,22236981.42579628,-0.005227163342050423
2018-02-22,22057550.824137677,-0.008069017922120225
2018-02-23,22239639.08679985,0.00825514419592377
2018-02-26,22383688.545290925,0.00647714910879893
2018-02-27,22159078.108216092,-0.010034558719862363
2018-02-28,22010824.24757344,-0.006690434499063591
2018-03-01,21833821.121382266,-0.00804164006764474
2018-03-02,22121463.12048264,0.013174148377476547
2018-03-05,22331413.918567576,0.00949081880079361
2018-03-06,22505419.663915016,0.0077919717032679525
2018-03-07,22613787.609702446,0.004815193291471287
2018-03-08,22699896.289605267,0.0038077955532702656
2018-03-09,22880774.106698245,0.007968222179755236
2018-03-12,22879511.617365997,-5.517686273903699e-05
2018-03-13,22782599.12275859,-0.004235776367439992
2018-03-14,22827796.22225439,0.001983842987021367
2018-03-15,22683359.906477474,-0.006327212419922956
2018-03-16,22637506.014586613,-0.002021477068649191
2018-03-19,22393133.225044616,-0.010795040292183034
2018-03-20,22637098.700041942,0.010894655631507266
2018-03-21,22593898.504789338,-0.0019083803903070518
2018-03-22,22163529.438053526,-0.0190480215994856
2018-03-23,21821382.505416237,-0.01543738480793777
2018-03-26,22245702.77431335,0.01944515975519856
2018-03-27,21909307.125085976,-0.015121826118067228
2018-03-28,21801931.36593299,-0.004900919893995215
2018-03-29,21957428.89304837,0.007132282204977303
2018-04-02,21788864.147655964,-0.007676889048051083
2018-04-03,21845709.865556806,0.00260893443162602
2018-04-04,22007649.67101842,0.007412888226486114
2018-04-05,22120592.926195674,0.0051319998666639055
2018-04-06,21856127.909492627,-0.01195560252771799
2018-04-09,21821631.346418656,-0.0015783474189400293
2018-04-10,22088895.51922467,0.012247671522041204
2018-04-11,22147376.545024276,0.0026475305543778305
2018-04-12,22233645.134988107,0.0038952058176484616
2018-04-13,22167705.13569404,-0.0029657754674827785
2018-04-16,22338457.60115894,0.007702757882229072
2018-04-17,22609515.448445395,0.012134134420829223
2018-04-18,22645426.84087788,0.001588330918208758
2018-04-19,22546170.097763408,-0.00438308113209418
2018-04-20,22471191.247638784,-0.003325569256308447
2018-04-23,22538109.436895087,0.002977954685127626
2018-04-24,22253313.41890436,-0.012636198204118765
2018-04-25,22104199.989102,-0.006700729324905286
2018-04-26,22362191.796427924,0.011671619305522185
2018-04-27,22241049.76262539,-0.005417270136368613
2018-04-30,22163843.265739534,-0.003471351294559666
2018-05-01,21921095.881825462,-0.01095240482454174
2018-05-02,21980751.32143742,0.0027213712276774604
2018-05-03,22035242.348822784,0.0024790338869000728
2018-05-04,22240833.945480037,0.009330126413074735
2018-05-07,22440318.858890224,0.00896930906004667
2018-05-08,22530614.513953783,0.004023813370538809
2018-05-09,23039061.926325332,0.02256695715319501
2018-05-10,23225136.244677078,0.008076471123120266
2018-05-11,23353340.128628265,0.005520048735152994
2018-05-14,23278892.12772418,-0.003187895200173929
2018-05-15,23182920.132051457,-0.004122704600638016
2018-05-16,23284118.844493855,0.004365227152833384
2018-05-17,23646260.356997706,0.015553155132150831
2018-05-18,23698829.441874176,0.002223145820219097
2018-05-21,24171574.33640924,0.0199480272093
2018-05-22,23978505.923725754,-0.007987415713864854
2018-05-23,24073573.815951053,0.003964712919466429
2018-05-24,24360296.64052994,0.011910272515869957
2018-05-25,24331364.63250444,-0.0011876705958236977
2018-05-29,24396689.000019107,0.0026847802620737493
2018-05-30,24784943.955025874,0.015914247831189776
2018-05-31,24652054.469690777,-0.005361702071073227
2018-06-01,25224636.29002037,0.02322653558280785
2018-06-04,25534349.665835533,0.012278209772947024
2018-06-05,25566866.814738773,0.0012734668918059633
2018-06-06,25701584.669613086,0.00526923599401119
2018-06-07,25241647.64316739,-0.01789527892377296
2018-06-08,25446631.531149104,0.008120860051590073
2018-06-11,25489814.659112476,0.0016970076338203022
2018-06-12,25505608.01923023,0.0006195949373883902
2018-06-13,25334969.584149063,-0.006690232005154062
2018-06-14,25381587.394063644,0.0018400578599371276
2018-06-15,25384375.668753147,0.00010985422803599931
2018-06-18,25702665.322192967,0.012538801725646476
2018-06-19,25576994.291998215,-0.004889416277238823
2018-06-20,25778305.708127283,0.0078708003696919
2018-06-21,25614513.015831813,-0.006353896728124697
2018-06-22,25456504.61889173,-0.006168705875548741
2018-06-25,24729808.98578266,-0.02854655986705168
2018-06-26,24972233.016163025,0.009802907516177628
2018-06-27,24550192.409115605,-0.01690039520191322
2018-06-28,24829146.28101467,0.011362594119445069
2018-06-29,24704151.67743846,-0.005034188536389039
2018-07-02,24854224.12187943,0.006074786392200826
2018-07-03,24831918.2659008,-0.0008974674030960417
2018-07-05,25104369.114041712,0.010971800294423684
2018-07-06,25386227.297043312,0.011227455337403658
2018-07-09,25358829.168599863,-0.0010792516793797224
2018-07-10,25295785.98545968,-0.0024860447113325135
2018-07-11,25248613.242774416,-0.0018648458961655345
2018-07-12,25427034.96800555,0.007066595044866286
2018-07-13,25434309.00887051,0.00028607507222577766
2018-07-16,25488749.744910628,0.002140444862140045
2018-07-17,25738368.52034553,0.009793292253761798
2018-07-18,25734380.645812243,-0.00015493890104711916
2018-07-19,25942949.484914865,0.008104676851298676
2018-07-20,25893218.18605813,-0.0019169485291428146
2018-07-23,26044815.431107983,0.005854708517131213
2018-07-24,25584069.086409777,-0.017690520630370465
2018-07-25,26017506.933360077,0.016941708744077077
2018-07-26,26052004.181735016,0.0013259244424648209
2018-07-27,25461409.261448458,-0.022669845903856567
2018-07-30,25100119.175585832,-0.014189712837681001
2018-07-31,25308198.224700652,0.008289962595763756
2018-08-01,25278141.399553474,-0.001187631963378677
2018-08-02,25950652.4393017,0.02660444963568831
2018-08-03,25922228.875438053,-0.0010952928420635555
2018-08-06,25931111.04616836,0.0003426468755054479
2018-08-07,25840915.23478917,-0.0034782856476378576
2018-08-08,25554598.498764437,-0.011079976596156671
2018-08-09,25669796.141176052,0.0045079026546703815
2018-08-10,25767216.469851017,0.003795134489544827
2018-08-13,25596718.725919135,-0.006616847579612339
2018-08-14,25995090.298938163,0.015563384404253311
2018-08-15,25703029.316859312,-0.011235236297324147
2018-08-16,25965493.53981314,0.010211412037011147
2018-08-17,26194592.702976763,0.008823216197001882
2018-08-20,26502882.511290386,0.011769215570913927
2018-08-21,26657903.5054741,0.005849212594806419
2018-08-22,26645874.827404812,-0.000451223708076709
2018-08-23,26796453.636763163,0.005651111488502725
2018-08-24,26922645.216242626,0.004709264188091478
2018-08-27,27090216.92140958,0.006224191710027638
2018-08-28,27188883.079180054,0.003642132436839196
2018-08-29,27353598.85052247,0.006058202937675894
2018-08-30,27269293.290505,-0.003082064648171845
2018-08-31,27709315.048031967,0.016136162856856373
2018-09-04,28022843.92123165,0.011314926863266184
2018-09-05,27610601.053178214,-0.014710957574905481
2018-09-06,27710207.63415382,0.0036075484479227704
2018-09-07,27833742.109341007,0.004458085511958698
2018-09-10,28301984.48950579,0.016822832457287218
2018-09-11,28354927.897467993,0.0018706606238807488
2018-09-12,28207608.277064703,-0.005195556163500092
2018-09-13,28287866.4669379,0.002845267457094236
2018-09-14,28436480.345701486,0.0052536262831019975
2018-09-17,27971311.44053401,-0.01635817441231935
2018-09-18,28155807.842799027,0.0065959153419477
2018-09-19,27724289.836159408,-0.015326074430145664
2018-09-20,27752850.79840646,0.0010301783171304812
2018-09-21,27773154.39982844,0.0007315861555796666
2018-09-24,27711751.836561687,-0.0022108602567353364
2018-09-25,27991572.89725829,0.01009755941619761
2018-09-26,27988628.96432011,-0.00010517211551441807
2018-09-27,28078029.98559086,0.0031941908045842737
2018-09-28,28184727.665747344,0.003800041534653298
2018-10-01,27886615.481316105,-0.0105770823109117
2018-10-02,27440796.286409564,-0.01598685201527006
2018-10-03,27364560.57643526,-0.002778188693163375
2018-10-04,27021452.107316732,-0.012538424220632005
2018-10-05,26893065.326297082,-0.0047512909561543415
2018-10-08,26759421.380564056,-0.004969457520424214
2018-10-09,26629964.875663072,-0.004837791634575872
2018-10-10,26012200.789693706,-0.023198081141065918
2018-10-11,25665009.2690485,-0.013347256675904418
2018-10-12,25738711.993264362,0.0028717201479737664
2018-10-15,25752166.46816872,0.0005227330298376298
2018-10-16,25927859.480351895,0.006822455594186261
2018-10-17,25872776.464640662,-0.002124472162963298
2018-10-18,25802150.04890372,-0.00272975789179275
2018-10-19,25756403.408118293,-0.0017729778603224888
2018-10-22,25745172.180787347,-0.00043605573157801114
2018-10-23,25609861.23996882,-0.0052557792143842486
2018-10-24,25444031.52343286,-0.006475229013625294
2018-10-25,25424871.17168408,-0.0007530391451973095
2018-10-26,25389577.980762396,-0.0013881364701264776
2018-10-29,25440111.953404892,0.0019903431510672753
2018-10-30,25455720.781802256,0.0006135518753200842
2018-10-31,25414350.2554472,-0.0016251956371484688
2018-11-01,25436590.829127558,0.0008751187205973121
2018-11-02,25388922.979731623,-0.0018739873482318536
2018-11-05,25434370.1666077,0.0017900399679167123
2018-11-06,25446548.069671087,0.00047879711522691437
2018-11-07,25493720.463004712,0.0018537835939267389
2018-11-08,25405770.61299621,-0.0034498632765715964
2018-11-09,25191252.56366045,-0.008443674179519856
2018-11-12,24837816.132158868,-0.014030125362302526
2018-11-13,24896856.40736608,0.002377031655805162
2018-11-14,24895577.308519658,-5.137591772597094e-05
2018-11-15,24682657.94463044,-0.008552497548082738
2018-11-16,24886176.46895794,0.008245405530637795
2018-11-19,24774798.285745107,-0.0044755040354134135
2018-11-20,24450478.10220307,-0.013090729530929934
2018-11-21,24432360.80283905,-0.0007409793496999661
2018-11-23,24448882.101000547,0.0006762055576545745
2018-11-26,24487348.371247694,0.0015733345225454887
2018-11-27,24525514.99520088,0.0015586262495452807
2018-11-28,24560961.870262254,0.001445306044268957
2018-11-29,24629465.066896647,0.002789108871071422
2018-11-30,24678145.902844474,0.0019765283499095787
2018-12-03,24782618.964069467,0.004233424246549822
2018-12-04,24374113.579491556,-0.016483543775989706
2018-12-06,24338818.892580643,-0.0014480398146913265
2018-12-07,24158287.822001837,-0.007417412955640135
2018-12-10,24182469.253984876,0.001000958021578624
2018-12-11,24235879.954642184,0.0022086537192023137
2018-12-12,24258433.040155847,0.0009305659854674797
2018-12-13,24331581.33744114,0.0030153760205453572
2018-12-14,24215030.730617423,-0.0047900958514508485
2018-12-17,23929607.00696959,-0.011787047756538382
2018-12-18,23932810.80803865,0.0001338843996947503
2018-12-19,23894965.73051869,-0.0015813051723638782
2018-12-20,23874274.09046811,-0.0008659413988677533
2018-12-21,23872698.99836128,-6.597445019107528e-05
2018-12-24,23791874.88763388,-0.003385629364025755
2018-12-26,23773270.661516346,-0.0007819571263466552
2018-12-27,23798939.8911396,0.0010797517089142783
2018-12-28,23833135.595176898,0.0014368582883823589
2018-12-31,23841697.992143393,0.00035926439189259973
2019-01-02,23844541.005580273,0.00011924542613606093
2019-01-03,23893026.187803484,0.0020333871057474084
2019-01-04,23841697.99214339,-0.002148250090074244
2019-01-07,23824593.725383233,-0.0007174097568802829
2019-01-08,23810337.603853166,-0.0005983783687727451
2019-01-09,23821743.014256544,0.0004790108646561819
2019-01-10,23824593.72538324,0.00011966845268163162
2019-01-11,23838849.84691331,0.0005983783687728561
2019-01-14,23838849.84691331,0.0
2019-01-15,23847394.282603577,0.00035842482943326814
2019-01-16,23841697.9921434,-0.00023886427140307198
2019-01-17,23838849.84691331,-0.00011946067058754561
2019-01-18,23818882.039543442,-0.000837616223018145
2019-01-22,23838849.846913308,0.0008383184121201204
2019-01-23,23833135.595176905,-0.00023970333187628423
2019-01-24,23853105.96844338,0.0008379247114473909
2019-01-25,23836006.833476428,-0.000716851507286842
2019-01-28,23838849.846913308,0.00011927389754262663
2019-01-29,23850260.38910989,0.0004786532181653147
2019-01-30,23881607.947917096,0.0013143487029398937
2019-01-31,23901570.623493757,0.0008359016536991781
2019-02-01,23873584.389237378,-0.0011708951975261117
2019-02-04,23873584.389237378,0.0
2019-02-05,23873584.389237378,0.0
2019-02-06,23878908.85483279,0.0002230274896555251
2019-02-07,23928616.712946683,0.0020816637148741712
2019-02-08,23990948.075917695,0.0026048878511764073
2019-02-11,24002924.455416467,0.0004992040940139386
2019-02-12,24037347.484578073,0.001434118131127926
2019-02-13,24022387.038955815,-0.000622383382020697
2019-02-14,24006406.48228101,-0.0006652360004395508
2019-02-15,24161449.43637313,0.006458399103029144
2019-02-19,24110560.063470922,-0.0021062218571041846
2019-02-20,24131728.315427773,0.0008779659991773325
2019-02-21,24173622.038698144,0.001736043217575478
2019-02-22,24391729.593913294,0.009022543451121745
2019-02-25,24359635.303821508,-0.0013157857448450327
2019-02-26,24310147.53201583,-0.0020315481405386304
2019-02-27,24420073.321323484,0.004521806754273383
2019-02-28,24452654.99155526,0.0013342167242111902
2019-03-01,24701049.134092413,0.010158166572216354
2019-03-04,24571065.448782913,-0.0052622738655296875
2019-03-05,24589514.183461927,0.0007508316933781956
2019-03-06,24431063.329654623,-0.006443838321697037
2019-03-07,24369151.188914035,-0.0025341566146831473
2019-03-08,24382929.18831988,0.0005653869229600428
2019-03-11,24639239.10356924,0.01051185906622476
2019-03-12,24736942.405479424,0.003965353860948984
2019-03-13,24844319.71437978,0.004340767227422937
2019-03-14,24845912.591571126,6.411434121189608e-05
2019-03-15,24942498.297016304,0.0038873881202472482
2019-03-18,25037118.25015508,0.0037935234879857838
2019-03-19,24990916.06903008,-0.0018453474023398808
2019-03-20,24982044.641040917,-0.0003549861063378845
2019-03-21,25359925.041149255,0.015126079772011414
2019-03-22,24849796.646026343,-0.02011553245110831
2019-03-25,24896199.47694099,0.0018673324202862496
2019-03-26,25077933.145954154,0.007299655081149492
2019-03-27,24966207.023560137,-0.004455156720602482
2019-03-28,25052042.69276624,0.0034380740784976105
2019-03-29,25181980.88049604,0.005186730252831451
2019-04-01,25304683.902622975,0.004872651707156672
2019-04-02,25295568.39481151,-0.00036023006043239825
2019-04-03,25400647.802600183,0.0041540639114567846
2019-04-04,25307299.576500952,-0.0036750332835870925
2019-04-05,25430918.40598741,0.004884710401944492
2019-04-08,25418056.017338566,-0.0005057775910215501
2019-04-09,25269208.871762313,-0.005855961033161661
2019-04-10,25396292.221968204,0.005029178034453796
2019-04-11,25454083.582113836,0.002275582578768809
2019-04-12,25626613.22719231,0.006778073330430345
2019-04-15,25591898.448625572,-0.0013546377845161661
2019-04-16,25505769.022394564,-0.003365495779998784
2019-04-17,25333288.92195707,-0.006762395608854388
2019-04-18,25424663.0405173,0.003606879424212339
2019-04-22,25362546.95431715,-0.0024431429475058053
2019-04-23,25709089.859906066,0.01366356881322317
2019-04-24,25730264.603816327,0.0008236286864158338
2019-04-25,25644004.047542375,-0.0033524939444717905
2019-04-26,25852742.281575687,0.008139845620298791
2019-04-29,25862829.710594274,0.00039018796956691304
2019-04-30,26045826.046334453,0.007075650181666671
2019-05-01,25762387.27916563,-0.010882310534693684
2019-05-02,25767273.50458315,0.0001896650867241334
2019-05-03,26013157.508000106,0.009542492082960319
2019-05-06,25966882.127699822,-0.0017789220814909967
2019-05-07,25579691.774589248,-0.014910929668277118
2019-05-08,25623129.124857806,0.0016981185954596523
2019-05-09,25647636.065082964,0.000956438228357559
2019-05-10,25966570.683476795,0.012435244230092346
2019-05-13,25554754.310258996,-0.015859482495308774
2019-05-14,25740509.875692904,0.007268923941848859
2019-05-15,25779302.926777437,0.0015070816884310556
2019-05-16,26027228.878152985,0.009617248072213203
2019-05-17,25981707.624983758,-0.0017489857787910124
2019-05-20,25811178.694232583,-0.006563422743899872
2019-05-21,26050461.98636685,0.009270529446519848
2019-05-22,26123937.91932261,0.002820523221208626
2019-05-23,25981077.96936003,-0.005468545760741184
2019-05-24,26043276.710780576,0.0023940015689070115
2019-05-28,25837581.06658803,-0.007898224423787625
2019-05-29,25626942.539073594,-0.008152408964739455
2019-05-30,25814268.560689952,0.007309729646084007
2019-05-31,26006388.45503415,0.007442391555372518
2019-06-03,26085595.4644667,0.003045675087469224
2019-06-04,26339008.09954546,0.009714657862572196
2019-06-05,26792861.20019476,0.01723121458993493
2019-06-06,26919912.140817106,0.004741969872983143
2019-06-07,27059755.032093972,0.0051947751740553105
2019-06-10,27090797.965113916,0.0011471993365470556
2019-06-11,26939845.29814596,-0.005572101167427568
2019-06-12,27175964.466695953,0.008764681680122344
2019-06-13,27158805.518224187,-0.0006314016377521048
2019-06-14,27192977.38278074,0.0012582241341070333
2019-06-17,27177856.17764928,-0.0005560702279344687
2019-06-18,27249560.366232254,0.002638331298623342
2019-06-19,27456202.479259625,0.007583319152680401
2019-06-20,27588869.91464366,0.004831965945918837
2019-06-21,27331055.025222912,-0.009344887638326416
2019-06-24,27214606.453142922,-0.004260668751079111
2019-06-25,26934487.38078892,-0.010292967963225985
2019-06-26,26621651.73337668,-0.011614687259107304
2019-06-27,26850061.474495813,0.00857984859116634
2019-06-28,27058367.0685791,0.007758104922074516
2019-07-01,27202854.89507549,0.005339857580104024
2019-07-02,27430502.52756376,0.008368519898603655
2019-07-03,27737536.36277714,0.011193153858732874
2019-07-05,27702728.671462614,-0.001254894842111387
2019-07-08,27704180.79663401,5.241812778145061e-05
2019-07-09,27811260.09240348,0.0038650951838459235
2019-07-10,27842256.703913532,0.0011145345952345842
2019-07-11,27790895.78666748,-0.0018447110014193635
2019-07-12,27889706.526275326,0.003555507543418157
2019-07-15,27927720.378719974,0.001363006541816203
2019-07-16,27830340.855787277,-0.0034868410887878287
2019-07-17,27759981.005310524,-0.002528170633674498
2019-07-18,27856012.719230544,0.0034593580558159864
2019-07-19,27523231.15195851,-0.011946489636770474
2019-07-22,27508848.052203707,-0.000522580349501589
2019-07-23,27512697.234435465,0.000139925242396588
2019-07-24,27601256.56603647,0.0032188531297527856
2019-07-25,27533651.68809096,-0.0024493405864969287
2019-07-26,27795742.68548867,0.009518933426148957
2019-07-29,27630754.00135705,-0.005935753759073292
2019-07-30,27708196.50312511,0.0028027646934374317
2019-07-31,27401278.900195092,-0.01107678021900127
2019-08-01,27373298.998450924,-0.0010211166364197943
2019-08-02,27268051.888910178,-0.003844882180503717
2019-08-05,26634165.11927206,-0.023246500051436247
2019-08-06,27135844.049548157,0.018835917252502554
2019-08-07,27440090.13863323,0.011211963354798904
2019-08-08,27868477.529587395,0.015611734101085739
2019-08-09,27814007.60802573,-0.001954535245200839
2019-08-12,27664396.09183889,-0.005378998894919107
2019-08-13,27796201.84301424,0.004764454309350796
2019-08-14,27296569.207497563,-0.017974852763642746
2019-08-15,27625342.225943275,0.012044481339266833
2019-08-16,27844521.5412088,0.007933994571827974
2019-08-19,27907099.71341271,0.002247414167677375
2019-08-20,27941869.46992174,0.001245910784928972
2019-08-21,28179481.707643807,0.008503806016911142
2019-08-22,28109072.146334264,-0.0024986109411104795
2019-08-23,27782850.418857902,-0.011605567262343963
2019-08-26,28041892.231545787,0.009323802589818353
2019-08-27,28086664.495644115,0.001596620646304281
2019-08-28,28102310.575298145,0.000557064355450887
2019-08-29,28086736.01141517,-0.0005542093715478202
2019-08-30,28065349.379458733,-0.0007614495307587399
2019-09-03,28161460.6296891,0.0034245520670663776
2019-09-04,28367534.280359507,0.00731757678979017
2019-09-05,28097612.142677676,-0.00951517798530388
2019-09-06,28051310.28651721,-0.0016478929214820415
2019-09-09,27605038.670882236,-0.01590911836476583
2019-09-10,27215836.780760407,-0.014098943847246193
2019-09-11,27455033.84499781,0.00878889251740711
2019-09-12,27572215.543372147,0.0042681316306476536
2019-09-13,27459902.459988937,-0.004073415254082002
2019-09-16,27302567.551468372,-0.005729623721344668
2019-09-17,27523356.12940954,0.008086733144234692
2019-09-18,27491599.456992514,-0.0011538081427174829
2019-09-19,27447922.777816154,-0.0015887281947595255
2019-09-20,27367161.3634056,-0.0029423506858532456
2019-09-23,27370905.43090087,0.00013680876308486134
2019-09-24,27271799.599010125,-0.0036208459431839035
2019-09-25,27442032.73245164,0.006242093882491417
2019-09-26,27456822.597809736,0.0005389493374010623
2019-09-27,27191766.997847408,-0.009653542357937361
2019-09-30,27374064.238278862,0.0067041336609674484
2019-10-01,27107360.224311203,-0.009742945426229777
2019-10-02,26728358.861794986,-0.0139814928263029
2019-10-03,26891319.828109436,0.00609693124658639
2019-10-04,27236127.709832847,0.012822274396624644
2019-10-07,27318916.35583288,0.0030396628655160463
2019-10-08,27045612.365224697,-0.010004203206611773
2019-10-09,27219505.981853213,0.006429642423334769
2019-10-10,27302736.157541305,0.003057740127377029
2019-10-11,27395128.11184641,0.0033839815091054604
2019-10-14,27442828.110506915,0.0017411854569819862
2019-10-15,27573704.977956682,0.0047690736145251655
2019-10-16,27586444.26284578,0.00046200845694421844
2019-10-17,27718035.96281984,0.004770158079100195
2019-10-18,27718381.1006023,1.2451740192709337e-05
2019-10-21,27820789.935789093,0.0036946181963191105
2019-10-22,27635563.157742396,-0.006657854736483171
2019-10-23,27593268.648597643,-0.0015304377516512924
2019-10-24,27766041.96660225,0.006261429923539952
2019-10-25,27694242.646122374,-0.002585868038600503
2019-10-28,27509201.036017302,-0.006681591277636234
2019-10-29,27568940.66191852,0.0021716234442070714
2019-10-30,27757057.11189694,0.006823492142310261
2019-10-31,27590491.670470685,-0.006000832175932058
2019-11-01,27873313.112232506,0.010250685096145462
2019-11-04,27686150.662996285,-0.006714754305762183
2019-11-05,27549280.72702039,-0.004943624617301023
2019-11-06,27627709.2320858,0.0028468440189979294
2019-11-07,27385413.10353691,-0.008770040487739661
2019-11-08,27483411.39305017,0.0035784849818680797
2019-11-11,27591467.516605236,0.003931685263147022
2019-11-12,27612234.988004506,0.0007526773045605228
2019-11-13,27709521.71076651,0.0035233193837538312
2019-11-14,27806290.16078783,0.0034922454104908685
2019-11-15,28100124.521627266,0.010567190342198218
2019-11-18,28098739.7613684,-4.92795061387552e-05
2019-11-19,28068042.561357748,-0.0010924760423902669
2019-11-20,28023051.67031387,-0.0016029222894873296
2019-11-21,27828174.649363928,-0.006954168419722184
2019-11-22,27866624.556452617,0.0013816898726977112
2019-11-25,28153923.92907622,0.01030980167840534
2019-11-26,28439052.047972377,0.010127473513618757
2019-11-27,28528492.565871105,0.0031449894232711273
2019-11-29,28322574.239941157,-0.007217988313069523
2019-12-02,28018879.828358687,-0.010722698050313229
2019-12-03,28007709.33437684,-0.0003986773936101029
2019-12-04,28107391.97266219,0.003559114281545206
2019-12-05,28333649.992199987,0.008049769247814087
2019-12-06,28601644.003596842,0.009458506456832438
2019-12-09,28501610.861690104,-0.003497461261113499
2019-12-10,28113416.86691881,-0.013620072095401392
2019-12-11,28123270.602095086,0.00035049937981290746
2019-12-12,28070906.140022434,-0.0018619620318538477
2019-12-13,28121145.83039423,0.0017897423802848422
2019-12-16,28326545.57795282,0.007304103068822565
2019-12-17,28429698.069653444,0.003641548575584519
2019-12-18,28386998.89493136,-0.0015019214983383877
2019-12-19,28536011.888449714,0.005249339462402913
2019-12-20,28768022.63418994,0.00813045448141736
2019-12-23,28655173.966047443,-0.003922712018739172
2019-12-24,28712174.93771446,0.0019892034762920563
2019-12-26,28783447.135809917,0.00248229882445572
2019-12-27,28739300.886498354,-0.0015337373978615565
2019-12-30,28579095.439552113,-0.0055744378605084854
2019-12-31,28643869.547289204,0.0022664855811862505
2020-01-02,28794860.62323019,0.0052713225666563
2020-01-03,28767691.756621636,-0.000943531797706787
2020-01-06,28734493.277729467,-0.0011540195568359168
2020-01-07,28679431.554220624,-0.0019162239256022007
2020-01-08,28876383.51235202,0.00686735919988668
2020-01-09,28877368.198239278,3.410004188508786e-05
2020-01-10,28716182.885526054,-0.0055817175445735945
2020-01-13,29095134.420019243,0.013196445224068931
2020-01-14,29172948.43136372,0.002674468184994394
2020-01-15,29213906.298277337,0.0014039673435812805
2020-01-16,29489647.131552264,0.009438684113640239
2020-01-17,29536947.18284078,0.0016039544684109952
2020-01-21,29637398.884408206,0.0034008830007246083
2020-01-22,29796653.12586348,0.005373421671598155
2020-01-23,29929656.725154653,0.004463709354515455
2020-01-24,29624916.95661067,-0.010181866479205715
2020-01-27,29128086.043107953,-0.016770710757784912
2020-01-28,29467844.941095438,0.01166430562875509
2020-01-29,29541617.53781556,0.0025034948048487937
2020-01-30,29955110.692563683,0.013996970687838006
2020-01-31,29644707.548496667,-0.010362276649642732
2020-02-03,30330802.825719006,0.023143938124534857
2020-02-04,30973838.616136376,0.02120075073885319
2020-02-05,30303390.934053928,-0.021645611652834185
2020-02-06,30285594.305851292,-0.0005872817415504272
2020-02-07,30625809.248664554,0.011233556765552155
2020-02-10,30814258.4046632,0.006153279231531306
2020-02-11,30931008.457408603,0.003788832144269172
2020-02-12,31022662.71452128,0.00296318360388681
2020-02-13,31139539.01864083,0.0037674491450032654
2020-02-14,31305298.497349646,0.005323119221822381
2020-02-18,31298698.243981995,-0.000210835024243905
2020-02-19,31354829.371312402,0.0017934013387026493
2020-02-20,31305703.446409695,-0.001566773791716214
2020-02-21,31136817.496872246,-0.005394734215972918
2020-02-24,30402849.909739476,-0.023572338027369022
2020-02-25,29753333.072149668,-0.021363682665214156
2020-02-26,29570971.722240057,-0.0061291065934494515
2020-02-27,29030202.6894613,-0.018287158023016614
2020-02-28,29006149.065401018,-0.0008285723774505982
2020-03-02,29138543.612239026,0.004564361389010729
2020-03-03,29167930.414616205,0.0010085199441758341
2020-03-04,29313940.902761262,0.005005856982979173
2020-03-05,29207189.382047337,-0.0036416639123356687
2020-03-06,29058607.878653005,-0.005087155133306265
2020-03-09,28628418.778067715,-0.014804188224767478
2020-03-10,28551470.18841423,-0.002687839319733376
2020-03-11,28518199.0481795,-0.0011653039235868246
2020-03-12,28536562.228306357,0.0006439109319573699
2020-03-13,28572982.920731805,0.0012762817095508527
2020-03-16,28619357.419520948,0.0016230191617654377
2020-03-17,28553127.66584033,-0.002314159354096512
2020-03-18,28516683.70326558,-0.0012763562367407166
2020-03-19,28566353.83694955,0.0017417920751521265
2020-03-20,28642525.76191922,0.002666490984619241
2020-03-23,28675647.910681188,0.00115639762489117
2020-03-24,28635908.31321162,-0.0013858308482984638
2020-03-25,28669021.735667598,0.0011563601228845588
2020-03-26,28702146.793198224,0.0011554303399692323
2020-03-27,28695526.43572196,-0.00023065722309778547
2020-03-30,28708761.333137162,0.0004612181430039275
2020-03-31,28702146.79319822,-0.00023040143955310732
2020-04-01,28720713.463572126,0.0006468739257616818
2020-04-02,28727333.82104839,0.00023050811340952215
2020-04-03,28720713.463572126,-0.00023045499166418626
2020-04-06,28700832.029762693,-0.0006922332843385393
2020-04-07,28694182.5845998,-0.00023168126819450574
2020-04-08,28710756.748439766,0.0005776140787805417
2020-04-09,28720713.46357213,0.00034679389399605576
2020-04-13,28724035.27738491,0.00011565916762457107
2020-04-14,28724035.27738491,0.0
2020-04-15,28733962.904830646,0.00034562091815670826
2020-04-16,28740618.16753086,0.00023161659678683222
2020-04-17,28730658.543629836,-0.00034653478373247726
2020-04-20,28730658.543629836,0.0
2020-04-21,28737290.536180753,0.0002308332940175184
2020-04-22,28727333.821048394,-0.0003464736913809663
2020-04-23,28724035.27738491,-0.00011482247827210301
2020-04-24,28724035.27738491,0.0
2020-04-27,28724035.27738491,0.0
2020-04-28,28733962.904830646,0.00034562091815670826
2020-04-29,28730658.543629836,-0.00011499845015305876
2020-04-30,28780395.57899304,0.00173114846245781
2020-05-01,28737913.012674566,-0.0014760938987746774
2020-05-04,28737913.012674566,0.0
2020-05-05,28734602.833936434,-0.0001151850775201746
2020-05-06,28744556.640300136,0.00034640487015691335
2020-05-07,28764461.34425887,0.0006924686370297639
2020-05-08,28757826.442939293,-0.0002306631520114788
2020-05-11,28747869.72780693,-0.0003462262752060852
2020-05-12,28754516.26420116,0.0002312010057496927
2020-05-13,28754516.26420116,0.0
2020-05-14,28747869.72780693,-0.00023114756420039573
2020-05-15,28764461.34425887,0.0005771424668692404
2020-05-18,28741237.735256013,-0.0008073715938885506
2020-05-19,28757826.44293929,0.0005771744361213749
2020-05-20,28757826.44293929,0.0
2020-05-21,28751191.54161971,-0.0002307163697765624
2020-05-22,28751191.54161971,0.0
2020-05-26,28751191.54161971,0.0
2020-05-27,28746655.551349647,-0.00015776703596781516
2020-05-28,28752077.53772858,0.00018861277164039514
2020-05-29,28918585.122823443,0.005791149696100062
2020-06-01,28935084.1893166,0.0005705350529108255
2020-06-02,29102928.991648525,0.005800736615582336
2020-06-03,29075123.18257665,-0.0009554299184063586
2020-06-04,28748576.579368204,-0.011231133954546002
2020-06-05,28744966.043295696,-0.000125590081392013
2020-06-08,28913097.74821854,0.005849083441935576
2020-06-09,28834661.274189387,-0.0027128353631352686
2020-06-10,29050624.28095466,0.007489701533570203
2020-06-11,28059304.889464922,-0.03412385847210997
2020-06-12,28276916.425798662,0.007755414369350344
2020-06-15,28689533.171725184,0.014591999343679163
2020-06-16,28775048.361176956,0.0029807103845123084
2020-06-17,28864925.07237218,0.0031234252004415097
2020-06-18,28894311.558918156,0.0010180690395800163
2020-06-19,29015579.57884983,0.0041969513509396705
2020-06-22,29272401.913043484,0.008851187462781462
2020-06-23,29309845.47753931,0.0012791421970446137
2020-06-24,28899017.295283698,-0.01401672972211454
2020-06-25,29303199.503035925,0.013986019096164481
2020-06-26,29028236.027664565,-0.00938339430623858
2020-06-29,28959604.114640504,-0.002364315660057792
2020-06-30,29157937.15375125,0.0068486101648910225
2020-07-01,29522025.219355896,0.01248675664827692
2020-07-02,29826802.61674639,0.010323729321614072
2020-07-06,29978670.468448933,0.0050916571130315
2020-07-07,30052851.621924788,0.0024744644214267364
2020-07-08,30409466.522378355,0.011866258315180955
2020-07-09,30580669.609970246,0.005629927360478515
2020-07-10,30371406.995843306,-0.006842970307579965
2020-07-13,29298305.629449263,-0.035332619477948746
2020-07-14,29873223.993223153,0.01962292192064541
2020-07-15,30090200.121724863,0.007263231064411846
2020-07-16,29923473.351588983,-0.005540899344684158
2020-07-17,30199545.12619836,0.00922592679551748
2020-07-20,30928145.10456216,0.024126190487939958
2020-07-21,30608438.49359712,-0.010337076791516964
2020-07-22,30714918.906509265,0.0034787927170614186
2020-07-23,30273619.52525507,-0.014367590635594119
2020-07-24,29892294.90767488,-0.01259593743860321
2020-07-27,30244514.517445352,0.011782956472841555
2020-07-28,29848218.140535176,-0.013103082765027918
2020-07-29,30226321.73602611,0.012667543292222527
2020-07-30,30215833.970971063,-0.0003469745722498585
2020-07-31,30352511.1597367,0.0045233631114383055
2020-08-03,30816183.846118774,0.015276254539266843
2020-08-04,30848510.181304153,0.0010490051379106191
2020-08-05,31063410.356427692,0.00696630643945273
2020-08-06,30808455.835256122,-0.008207550885307557
2020-08-07,30656389.3789807,-0.004935867512756098
2020-08-10,30419061.425072268,-0.007741549436058315
2020-08-11,30061158.334942818,-0.011765750597237612
2020-08-12,30514586.074172396,0.015083508565354231
2020-08-13,30651096.587553315,0.004473615111445284
2020-08-14,30494675.479514264,-0.005103279342461464
2020-08-17,30828477.180424705,0.01094622899445774
2020-08-18,30736894.051280387,-0.00297073152878502
2020-08-19,30664866.373765357,-0.0023433622601835014
2020-08-20,30658406.19610346,-0.00021067033468058494
2020-08-21,30700405.558360737,0.0013699134256566214
2020-08-24,30786305.108301528,0.0027979939801607845
2020-08-25,30895906.0965249,0.0035600565848292742
2020-08-26,31180506.666999526,0.009211594882036378
2020-08-27,30905776.232379504,-0.008810967620060839
2020-08-28,31047246.582277834,0.004577472794555337
2020-08-31,31239440.69138639,0.006190375323596786
2020-09-01,31979209.32147249,0.023680597786440938
2020-09-02,32315784.67616573,0.010524817899961292
2020-09-03,30887745.853122644,-0.04419013300631147
2020-09-04,30200899.092097938,-0.02223686909011746
2020-09-08,29487509.54130419,-0.023621467315203426
2020-09-09,29889805.74883066,0.013642936069692801
2020-09-10,29710421.835444555,-0.0060015081694909655
2020-09-11,29729490.848763186,0.0006418291003826848
2020-09-14,29918333.04781963,0.006352015916353926
2020-09-15,29919282.43083568,3.1732483709356885e-05
2020-09-16,29982473.785992876,0.002112061186737124
2020-09-17,29889337.500236973,-0.003106357614808042
2020-09-18,29783094.07226682,-0.0035545594802598446
2020-09-21,29215004.021044403,-0.019074245605375406
2020-09-22,29298045.09351609,0.0028424118104475316
2020-09-23,28826492.28404274,-0.016095026407673463
2020-09-24,28815041.855233364,-0.0003972189434825468
2020-09-25,29052023.3772348,0.008224229664216098
2020-09-28,29272600.65239676,0.007592492691397279
2020-09-29,29270501.042327266,-7.172612008166102e-05
2020-09-30,29307205.603698336,0.0012539778980207306
2020-10-01,29557665.679522578,0.008546023773506217
2020-10-02,29658666.30357898,0.0034170703854456974
2020-10-05,29925808.532657966,0.009007223262994524
2020-10-06,29740463.997077376,-0.0061934679351545174
2020-10-07,30283253.515660737,0.01825087593242336
2020-10-08,30463980.940803025,0.005967899883968064
2020-10-09,30834406.32255504,0.012159454224706101
2020-10-12,31125189.212147675,0.009430468242222378
2020-10-13,31238916.428155333,0.003653864245852345
2020-10-14,31099705.866782576,-0.004456318505570489
2020-10-15,31254041.246143837,0.0049625993256130485
2020-10-16,31254406.65065285,1.1691432353799769e-05
2020-10-19,30943163.917670213,-0.009958363198558251
2020-10-20,30901064.303029448,-0.001360546541161023
2020-10-21,30770360.52198012,-0.00422975013959348
2020-10-22,30637413.6891837,-0.004320613426074482
2020-10-23,31035706.17982422,0.01300019951687803
2020-10-26,30455947.81404473,-0.018680366492075495
2020-10-27,30445552.33675101,-0.0003413283131816769
2020-10-28,29457260.639569324,-0.032460954764440664
2020-10-29,30006675.513985455,0.018651254817568352
2020-10-30,29448770.976594493,-0.018592680723025667
2020-11-02,29981980.77674523,0.018106351554519007
2020-11-03,30328271.929166973,0.011549975800476009
2020-11-04,30682529.159340758,0.0116807588312704
2020-11-05,31482936.067841727,0.02608673177964871
2020-11-06,31766819.310576133,0.009017051081978922
2020-11-09,30887421.59718739,-0.02768290097888293
2020-11-10,30531471.942338232,-0.0115240973976789
2020-11-11,30884017.044713102,0.01154694090873476
2020-11-12,30662109.86513973,-0.007185178639556478
2020-11-13,31325784.632912405,0.021644784742201217
2020-11-16,31531762.315158706,0.006575339920772194
2020-11-17,31635154.789085597,0.0032789944594115994
2020-11-18,31408226.52972272,-0.007173293789008661
2020-11-19,31687182.52135242,0.008881621869535117
2020-11-20,31793396.859913312,0.0033519653724125575
2020-11-23,32272154.3164868,0.015058392743718674
2020-11-24,32387681.91194747,0.0035797918641475857
2020-11-25,32369811.411284752,-0.0005517684381148857
2020-11-27,32521849.181323357,0.004696900087147293
2020-11-30,32262417.04240507,-0.007977164443259133
2020-12-01,32486946.971258488,0.006959488762367183
2020-12-02,32312643.411057916,-0.00536534135863187
2020-12-03,32503540.09962707,0.005907801665766099
2020-12-04,32862834.679905213,0.011054013783633021
2020-12-07,33011636.41390547,0.004527964049651612
2020-12-08,33375162.313743867,0.011012053303884883
2020-12-09,33136610.47934854,-0.007147585745136298
2020-12-10,33229889.611716215,0.002814987140154379
2020-12-11,33064858.654654007,-0.004966340815168446
2020-12-14,32910145.687697522,-0.00467907540668433
2020-12-15,33374563.612280957,0.01411169458168171
2020-12-16,33357419.651335828,-0.0005136834489970488
2020-12-17,33598481.80274948,0.007226642646023684
2020-12-18,33569662.923172295,-0.0008577435059825556
2020-12-21,33491156.99030524,-0.002338597591722169
2020-12-22,33766093.233492196,0.008209219026578785
2020-12-23,33866010.15452157,0.002959090361400296
2020-12-24,33804032.05596,-0.0018300974422077454
2020-12-28,33431663.086627804,-0.011015519353305803
2020-12-29,33120438.93074192,-0.00930926334952109
2020-12-30,33353462.73334717,0.007035649590650728
2020-12-31,33380861.839856178,0.0008214771200236726
2021-01-04,32741333.117138747,-0.019158544371489006
2021-01-05,33112491.619735528,0.01133608400332653
2021-01-06,34094892.37940701,0.029668584622184024
2021-01-07,34858064.995492235,0.022383781347442344
2021-01-08,34536829.03644724,-0.009215541915092995
2021-01-11,34942821.12741574,0.011755337774062902
2021-01-12,35282222.91739188,0.009713062054679034
2021-01-13,34928360.24744612,-0.010029489093538069
2021-01-14,35033277.24329673,0.003003776733500718
2021-01-15,34765312.10208419,-0.007648874507274694
2021-01-19,34951813.020733304,0.005364569088333715
2021-01-20,35318032.57827809,0.010477841516477016
2021-01-21,35150414.98112912,-0.004745949446007924
2021-01-22,35098843.26865048,-0.0014671722227553863
2021-01-25,34807703.91373466,-0.008294841875198133
2021-01-26,34159285.82744292,-0.018628579693125924
2021-01-27,32559205.316257276,-0.046841743684821746
2021-01-28,32542384.1755117,-0.0005166324110857934
2021-01-29,32282362.770606846,-0.007990238315130016
2021-02-01,32790341.724502623,0.015735494873946765
2021-02-02,33287023.5804486,0.015147199749212525
2021-02-03,33080095.35306566,-0.006216483335700906
2021-02-04,33348601.284708183,0.008116842735087282
2021-02-05,33640142.334941566,0.008742227229993738
2021-02-08,34111618.508990556,0.014015284755774404
2021-02-09,34236573.98778702,0.003663135443530363
2021-02-10,34270184.51190393,0.0009817140035359717
2021-02-11,34896984.387926266,0.01828994751413182
2021-02-12,35076758.6376107,0.005151569765628139
2021-02-16,35482479.430165626,0.011566655766188427
2021-02-17,35155366.91942422,-0.00921898683504363
2021-02-18,34786970.37869088,-0.010479098158119093
2021-02-19,35184331.29004219,0.011422693813966545
2021-02-22,34774546.16948487,-0.01164680713068722
2021-02-23,34885823.61765603,0.0031999683799988077
2021-02-24,35213569.12761534,0.009394804994468764
2021-02-25,34302092.384014025,-0.025884247640393654
2021-02-26,34279654.908451006,-0.0006541139039517585
2021-03-01,35200514.85689762,0.026863162739120705
2021-03-02,34643487.355739504,-0.015824413461639097
2021-03-03,34185777.52668908,-0.013212002139114665
2021-03-04,33310396.060722847,-0.02560659810305088
2021-03-05,33881015.67116119,0.017130376036302186
2021-03-08,33920788.627947,0.001173900958927554
2021-03-09,33883817.18808994,-0.0010899345608552657
2021-03-10,34254676.156692766,0.010945017397071322
2021-03-11,34798542.61627138,0.01587714497987891
2021-03-12,35081360.949744634,0.008127303967638388
2021-03-15,35176468.60310972,0.0027110593999282173
2021-03-16,34653594.69401328,-0.0148643092914168
2021-03-17,34994744.684396386,0.009844577262342113
2021-03-18,34400679.000343904,-0.016975854214972053
2021-03-19,34332573.987324886,-0.0019797578128715188
2021-03-22,33872404.174108915,-0.0134033007075397
2021-03-23,32749184.997054596,-0.03316030274322468
2021-03-24,32792185.810868308,0.0013130346241465585
2021-03-25,33240740.16125404,0.013678696289805448
2021-03-26,33739892.77477324,0.0150162905849196
2021-03-29,33260994.151190534,-0.014193839523425233
2021-03-30,33851015.29861809,0.01773913145065875
2021-03-31,33878958.204174876,0.0008254672809746566
2021-04-01,34102469.28336976,0.006597342156977382
2021-04-05,34521535.63318583,0.012288445928472225
2021-04-06,34607704.86762688,0.00249610085010854
2021-04-07,34445803.76959796,-0.004678180730221415
2021-04-08,34510563.546442725,0.0018800483588052863
2021-04-09,34744236.27873416,0.006771049449162847
2021-04-12,34863407.9874199,0.0034299705922355983
2021-04-13,34571891.56192164,-0.008361673236404576
2021-04-14,34761006.78239207,0.00547020171377377
2021-04-15,34882888.87791894,0.003506287844016187
2021-04-16,35241345.2672552,0.01027599493237985
2021-04-19,35220807.90149264,-0.0005827633879130767
2021-04-20,34729541.838814475,-0.013948176999578288
2021-04-21,35355548.92369355,0.01802520424209675
2021-04-22,35129235.31066495,-0.006401077621989271
2021-04-23,35824460.97090854,0.019790515053782487
2021-04-26,35784335.95040126,-0.0011200453382915754
2021-04-27,36307738.45234479,0.01462658138099826
2021-04-28,36328984.44128756,0.0005851642059904183
2021-04-29,36466007.00985215,0.0037717148076636953
2021-04-30,36027655.80338611,-0.012020817259965177
2021-05-03,36133944.793320954,0.0029502055452872433
2021-05-04,36352826.17437869,0.006057500289815998
2021-05-05,36614935.31056753,0.007210144678478025
2021-05-06,36935034.8670899,0.00874232205539327
2021-05-07,37508138.39011347,0.015516528550355568
2021-05-10,37175907.77697912,-0.008857560715994528
2021-05-11,36659627.2734406,-0.01388750226721358
2021-05-12,35425429.5899394,-0.033666400214476755
2021-05-13,36124762.598645166,0.019740988798181647
2021-05-14,36642258.782929376,0.014325248030934379
2021-05-17,36899988.013048895,0.00703366109732273
2021-05-18,36295624.8894573,-0.016378409753896817
2021-05-19,35971567.709855,-0.008928271123289866
2021-05-20,36070547.43774814,0.0027516100685827105
2021-05-21,36225922.26426618,0.004307526155132191
2021-05-24,36493812.1678666,0.007394978149795062
2021-05-25,36290855.18578277,-0.005561408086123154
2021-05-26,36569073.95846945,0.007666360334095401
2021-05-27,36541012.41576201,-0.0007673572138936491
2021-05-28,36545130.346824706,0.000112693403670594
2021-06-01,37039356.75233662,0.01352372808145863
2021-06-02,36691619.4487126,-0.009388319185701932
2021-06-03,36657038.521777876,-0.000942474806353677
2021-06-04,36931210.83533789,0.007479390715022793
2021-06-07,36927115.0181371,-0.00011090395110668894
2021-06-08,37111774.91436517,0.005000658625440302
2021-06-09,36928255.08690321,-0.00494505659956801
2021-06-10,36852440.32415755,-0.002053028570324855
2021-06-11,37121854.96202403,0.00731063222670425
2021-06-14,36880697.02195309,-0.006496387109901969
2021-06-15,36780572.162082225,-0.0027148310079733173
2021-06-16,36433423.24474436,-0.009438377298973788
2021-06-17,35928033.91472916,-0.013871585072316894
2021-06-18,35233984.2783243,-0.019317773915825898
2021-06-21,35823601.04282984,0.0167343199068255
2021-06-22,35992171.6522897,0.004705574106252497
2021-06-23,36021545.06628662,0.0008161056320994398
2021-06-24,36174102.971305914,0.0042351849355311
2021-06-25,36297927.17659813,0.0034230069337293223
2021-06-28,36469453.97522597,0.004725526000240121
2021-06-29,36582511.31887237,0.0031000558364049358
2021-06-30,36476311.16099261,-0.0029030308213141565
2021-07-01,36653022.11318522,0.004844540102004302
2021-07-02,36938277.39598769,0.0077825856193138865
2021-07-06,36930594.42074599,-0.00020799495221002218
2021-07-07,37018488.856706396,0.002379989743978461
2021-07-08,36697952.51433902,-0.008658817587290701
2021-07-09,37242157.482097685,0.014829300559643599
2021-07-12,37456183.34313046,0.005746870630028766
2021-07-13,37161160.30801885,-0.007876484168420239
2021-07-14,37083405.268839076,-0.0020923738262014213
2021-07-15,36868571.7045654,-0.005793253416621957
2021-07-16,36628241.45438917,-0.006518566873217613
2021-07-19,36390721.93620562,-0.006484600645633498
2021-07-20,36921458.506433785,0.014584392449222827
2021-07-21,37400538.30539298,0.012975646638545335
2021-07-22,37647569.88107346,0.006605027276969988
2021-07-23,38229260.73914454,0.015450953671342083
2021-07-26,37989627.17186713,-0.006268328569378756
2021-07-27,37804415.81805918,-0.0048753138052669565
2021-07-28,38034911.51892569,0.006097057602366007
2021-07-29,38382956.02890685,0.009150659120318538
2021-07-30,38455305.135881804,0.0018849279591823809
2021-08-02,38395443.698263675,-0.0015566496587819945
2021-08-03,38875336.52098907,0.01249869194107256
2021-08-04,39220148.48516375,0.00886968435600588
2021-08-05,39443022.37783283,0.0056826376563410275
2021-08-06,39361745.88671229,-0.0020606050505455054
2021-08-09,39843314.858928695,0.012234441368592197
2021-08-10,39592762.83041424,-0.006288433314385888
2021-08-11,39112263.55111623,-0.012136038127879889
2021-08-12,39444849.164508104,0.008503358875080691
2021-08-13,39632465.94256771,0.004756432893864959
2021-08-16,39641220.67972788,0.00022089811854897334
2021-08-17,39287331.912552126,-0.00892729237666312
2021-08-18,39036257.188867815,-0.006390729822100538
2021-08-19,38995915.617823444,-0.001033438499218442
2021-08-20,39319730.9433163,0.00830382670499108
2021-08-23,39726846.234636106,0.01035396940804878
2021-08-24,39632780.39187731,-0.002367815512039906
2021-08-25,39856913.90458183,0.005655255838433515
2021-08-26,39799648.99158554,-0.0014367623427490317
2021-08-27,40073683.25025671,0.006885343605143479
2021-08-30,40359060.950350344,0.00712132444406155
2021-08-31,40375455.188569136,0.0004062096052968034
2021-09-01,40524965.90090268,0.0037030099508543746
2021-09-02,40782276.88804143,0.006349443643406394
2021-09-03,41153866.72976773,0.009111552127077704
2021-09-07,40904114.63173597,-0.006068739534773937
2021-09-08,40856629.50106903,-0.0011608888517562477
2021-09-09,41010724.968342535,0.0037716147698740876
2021-09-10,40763039.651232935,-0.0060395254485453576
2021-09-13,40060896.77474043,-0.01722498818782936
2021-09-14,40557267.63731794,0.012390408167060496
2021-09-15,40915758.216986306,0.008839120595454109
2021-09-16,41021377.917729765,0.0025813941949537345
2021-09-17,40342562.07159815,-0.016547855791022248
2021-09-20,39657135.75258077,-0.016990153421612586
2021-09-21,40000787.87461141,0.008665580998453049
2021-09-22,40294286.16848023,0.007337312824658326
2021-09-23,40961967.54076594,0.016570125339706143
2021-09-24,40809099.05116783,-0.0037319615920786697
2021-09-27,40290432.33792855,-0.012709585001838941
2021-09-28,38946917.82642758,-0.03334574571532245
2021-09-29,39116244.00117376,0.004347614245132414
2021-09-30,38760273.21562532,-0.009100331451500132
2021-10-01,38983071.131118536,0.00574809971678425
2021-10-04,38376313.13564627,-0.015564653524383742
2021-10-05,38735512.852897935,0.009359932935246507
2021-10-06,38542064.0599841,-0.004994094015186357
2021-10-07,38990105.90591332,0.01162474965616589
2021-10-08,39264427.27993504,0.007035666296564491
2021-10-11,39273795.00541374,0.00023858046908253883
2021-10-12,39586158.95136743,0.007953495350032647
2021-10-13,39527794.93158509,-0.001474354201781547
2021-10-14,39880281.54183175,0.008917436726656458
2021-10-15,39894225.806157194,0.00034965310640600045
2021-10-18,40298191.269640684,0.010125913094449546
2021-10-19,40363869.529546164,0.001629806644819709
2021-10-20,40380226.18081387,0.00040523001036207873
2021-10-21,40363627.732543565,-0.0004110538706737499
2021-10-22,40714695.785967514,0.008697633814041428
2021-10-25,41093455.21341689,0.009302769433436664
2021-10-26,40886929.38871727,-0.005025759543144659
2021-10-27,39994303.21125476,-0.021831577739091168
2021-10-28,40488997.82383224,0.012369126922012974
2021-10-29,40576218.843698844,0.0021541906333690797
2021-11-01,40820545.44274433,0.006021423533489889
2021-11-02,44363116.81777561,0.08678402840060429
2021-11-03,43550448.42567838,-0.018318559433849413
2021-11-04,43598244.74132597,0.0010974930770035751
2021-11-05,44079872.51344243,0.011046953265527515
2021-11-08,44255945.85408844,0.003994415832131004
2021-11-09,44146119.16200134,-0.0024816256882000953
2021-11-10,43051106.66907236,-0.02480427529565299
2021-11-11,43350514.81174494,0.006954714195249068
2021-11-12,43642909.75981013,0.0067449014004781205
2021-11-15,43743812.73537919,0.0023120130193972077
2021-11-16,43930813.19404474,0.004274900768179046
2021-11-17,43772999.96975989,-0.0035923128394591552
2021-11-18,43732060.32537788,-0.0009352716151574958
2021-11-19,43398412.827997886,-0.00762935692710498
2021-11-22,42970988.45616815,-0.009848848010266087
2021-11-23,42813104.82042978,-0.003674191388439163
2021-11-24,42912643.981531896,0.002324969457824011
2021-11-26,41739514.8047079,-0.027337611202163825
2021-11-29,42303434.81654909,0.01351045920106353
2021-11-30,41608112.54336416,-0.01643654412934159
2021-12-01,41352169.59572763,-0.00615127512380631
2021-12-02,41620805.27528041,0.006496289848369585
2021-12-03,41459541.94106884,-0.0038745846733374556
2021-12-06,41542461.40980742,0.0020000092826988336
2021-12-07,42060401.90740743,0.012467737346871122
2021-12-08,42253891.26627605,0.004600273656313769
2021-12-09,41833057.88065496,-0.009959636213599188
2021-12-10,42394155.43104095,0.013412778764266609
2021-12-13,42025609.29952534,-0.00869332406244272
2021-12-14,41694710.696713634,-0.007873737188515806
2021-12-15,42374028.519525856,0.01629266186192213
2021-12-16,42016818.32616876,-0.008429932339156565
2021-12-17,41680838.170640185,-0.007996325493292322
2021-12-20,41411154.483200364,-0.006470207876716483
2021-12-21,41909725.20676282,0.012039527267097005
2021-12-22,42340633.04634111,0.01028181018731078
2021-12-23,42533598.82525535,0.004557460884041298
2021-12-27,43073367.853732966,0.012690415186713988
2021-12-28,43082948.980250485,0.00022243736663574154
2021-12-29,43340649.38798252,0.0059814941602573946
2021-12-30,43088521.98904592,-0.005817342437109629
2021-12-31,43173335.86728291,0.00196836359944208
2022-01-03,42668386.73683218,-0.01169585625727354
2022-01-04,42694770.21402253,0.0006183378188886479
2022-01-05,41824677.925608076,-0.02037936459319989
2022-01-06,41974390.59306298,0.0035795294759040086
2022-01-07,41779293.32164794,-0.0046480072410457485
2022-01-10,41537801.08957276,-0.005780189488031717
2022-01-11,41688614.64679344,0.003630754475795861
2022-01-12,41759556.00045189,0.0017016961167815037
2022-01-13,41597300.31747727,-0.0038854743324585606
2022-01-14,41857263.7846225,0.00624952737704465
2022-01-18,41294071.82691805,-0.013455059093264277
2022-01-19,40715366.199067354,-0.014014254401365722
2022-01-20,40276681.82133315,-0.010774418080617854
2022-01-21,40062902.61635277,-0.005307766064957975
2022-01-24,39992905.11967855,-0.0017471898465400981
2022-01-25,40095011.2489435,0.002553106081176093
2022-01-26,39925911.836293355,-0.0042174676445464465
2022-01-27,40003852.61845536,0.0019521353070552916
2022-01-28,40033827.86725505,0.0007493090499453015
2022-01-31,40012128.34737027,-0.0005420296044817974
2022-02-01,40215220.38789798,0.005075761998075912
2022-02-02,40559327.361310825,0.008556635276239621
2022-02-03,40482272.82892418,-0.0018997980834403183
2022-02-04,40469655.28579898,-0.000311680699809469
2022-02-07,40588583.42135999,0.002938699001044931
2022-02-08,40580647.77027906,-0.0001955143641884094
2022-02-09,40672481.119912766,0.0022629838279950576
2022-02-10,40103112.830012605,-0.013998858053963281
2022-02-11,39979164.65007383,-0.0030907371321564625
2022-02-14,39732406.240778126,-0.006172175218154385
2022-02-15,39965199.27125281,0.005859021702938394
2022-02-16,40343707.90207393,0.009470955674512949
2022-02-17,39849029.845370166,-0.012261591272286876
2022-02-18,39531401.32095191,-0.007970796921550671
2022-02-22,39095044.870314,-0.011038223691975046
2022-02-23,38798097.39374977,-0.007595527196586183
2022-02-24,38655795.427490905,-0.003667756302962233
2022-02-25,39234322.54907186,0.014966116081251979
2022-02-28,39289957.70913709,0.0014180227018230074
2022-03-01,39284885.768239304,-0.00012909000654393044
2022-03-02,39576842.49540351,0.007431782515204599
2022-03-03,39710115.89263938,0.0033674590703225427
2022-03-04,39863397.841239676,0.003860022695846732
2022-03-07,39782106.18594496,-0.002039255550128183
2022-03-08,39763151.66038996,-0.0004764585732691673
2022-03-09,39529020.59269963,-0.0058881416063294445
2022-03-10,39865885.47124169,0.008521963698849389
2022-03-11,39760938.04394305,-0.0026325121355789127
2022-03-14,39498281.57065613,-0.006605892270364344
2022-03-15,39360171.18727439,-0.0034966175208073214
2022-03-16,39239098.98872532,-0.0030760079262107665
2022-03-17,39494228.481297836,0.006501920256778204
2022-03-18,39538293.10456602,0.0011157231059484296
2022-03-21,39754497.95871421,0.005468239450205692
2022-03-22,39607334.85418807,-0.0037017975847405404
2022-03-23,39607149.78414038,-4.672620573242803e-06
2022-03-24,40167226.64432499,0.014140801931899594
2022-03-25,40898468.46474053,0.018204936748324352
2022-03-28,40605023.47620091,-0.007174962768901838
2022-03-29,40301712.18623202,-0.007469797182771187
2022-03-30,40403169.56742564,0.002517445926981665
2022-03-31,40149089.27928439,-0.006288622671477229
2022-04-01,40532592.719110526,0.009551983537121389
2022-04-04,40122515.772865064,-0.010117214782860762
2022-04-05,39766055.1665211,-0.008884303475931055
2022-04-06,39983541.4464294,0.005469143946956079
2022-04-07,40281824.132911384,0.007460136738553391
2022-04-08,40572669.082836576,0.007220252711633401
2022-04-11,40201013.43596235,-0.00916024642390234
2022-04-12,40316282.74417991,0.0028673234420117932
2022-04-13,40465080.8365408,0.00369076914419586
2022-04-14,40726130.80550754,0.006451240515773282
2022-04-18,40709022.45720661,-0.00042008283042249683
2022-04-19,40710134.41692708,2.731482244855421e-05
2022-04-20,41106821.33959779,0.009744181107536942
2022-04-21,40725202.458762296,-0.009283590129307462
2022-04-22,39805330.24139653,-0.022587296362669096
2022-04-25,39501229.26903589,-0.007639704796228108
2022-04-26,39177445.3574004,-0.008196805963436082
2022-04-27,39421005.466665715,0.006216845101649993
2022-04-28,39503198.92718539,0.0020850168468984354
2022-04-29,38906100.89986947,-0.015115181644314912
2022-05-02,38936020.26809607,0.0007690148211869641
2022-05-03,39023120.079248235,0.002236998300094273
2022-05-04,39381514.46620165,0.00918415509127879
2022-05-05,39096215.45258568,-0.007244490657179248
2022-05-06,39185561.68488549,0.0022852910765278622
2022-05-09,38623358.33579471,-0.014347206596444617
2022-05-10,38674811.950379126,0.0013321890379669465
2022-05-11,38677718.27827537,7.51478223079971e-05
2022-05-12,38713829.24864781,0.0009336375561928012
2022-05-13,38723464.7258104,0.0002488897985446492
2022-05-16,38819387.73070479,0.0024771286756903876
2022-05-17,38788401.1422441,-0.00079822455407208
2022-05-18,38732759.868855715,-0.001434482261445602
2022-05-19,38743707.038360946,0.0002826333455787644
2022-05-20,38783761.511324,0.0010338317116480589
2022-05-23,38814590.39543867,0.0007948915451552185
2022-05-24,38914880.29133142,0.002583819508875429
2022-05-25,38967194.64413768,0.0013443277331093295
2022-05-26,38995542.85250325,0.0007274890744497498
2022-05-27,38978207.071723394,-0.00044455800616560737
2022-05-31,38872814.03249972,-0.0027038965396674053
2022-06-01,38807835.80356067,-0.0016715596891115903
2022-06-02,38816626.61443185,0.00022652154363056454
2022-06-03,38820458.77540993,9.872472989846948e-05
2022-06-06,38769487.47591568,-0.001313000956251975
2022-06-07,38840020.84352986,0.0018193010072160565
2022-06-08,38811209.29116915,-0.0007418006410649935
2022-06-09,38749169.08569325,-0.0015985125588452442
2022-06-10,38557915.18299842,-0.004935690421435157
2022-06-13,38268556.13675634,-0.007504530389383479
2022-06-14,38194940.4696915,-0.0019236593824383252
2022-06-15,38310093.21130868,0.0030148689905291626
2022-06-16,38283838.297282435,-0.0006853262893783407
2022-06-17,38267644.66998918,-0.0004229886033763064
2022-06-21,38253705.89548072,-0.0003642443800413453
2022-06-22,38365187.85090541,0.0029142785728861753
2022-06-23,38397717.03726191,0.00084788289015858
2022-06-24,38388421.831337884,-0.00024207704627354776
2022-06-27,38346605.5078125,-0.0010892951971067655
2022-06-28,38337314.33626605,-0.00024229449838941708
2022-06-29,38383774.22837587,0.0012118713299087425
2022-06-30,38458107.63512504,0.0019365840968870174
2022-07-01,38573870.065152764,0.003010091685374361
2022-07-05,38569234.565323465,-0.00012017201855740733
2022-07-06,38462275.147156075,-0.002773179695496286
2022-07-07,38434377.4262513,-0.0007253268507397825
2022-07-08,38387889.29349848,-0.0012095456168640384
2022-07-11,38401828.06800694,0.00036310343613554785
2022-07-12,38420430.582987696,0.000484417433144424
2022-07-13,38378581.98444174,-0.0010892277340713852
2022-07-14,38364639.175555706,-0.0003632966140252325
2022-07-15,38392544.96521562,0.0007273830866028064
2022-07-18,38369274.675385,-0.0006061148030616081
2022-07-19,38327446.2487269,-0.0010901542187592428
2022-07-20,38322782.5082546,-0.00012168148229940723
2022-07-21,38429741.926421985,0.0027910138869573498
2022-07-22,38527377.898022346,0.0025406356302704047
2022-07-25,38494832.57415556,-0.0008447323862248446
2022-07-26,38476230.059174806,-0.00048324706815960905
2022-07-27,38536669.069568805,0.0015708142482007137
2022-07-28,38620370.30103828,0.002171989263482388
2022-07-29,38615734.80120898,-0.00012002732737070865
2022-08-01,38614790.75685732,-2.4447141988126475e-05
2022-08-02,38479800.48332531,-0.0034958178171154985
2022-08-03,38493767.49847677,0.000362970051196454
2022-08-04,38544971.81861032,0.0013301976777297941
2022-08-05,38386703.18649254,-0.004106077256005758
2022-08-08,38423940.49147463,0.000970057386829426
2022-08-09,38386703.18649255,-0.0009691172874458642
2022-08-10,38423940.491474636,0.000970057386829426
2022-08-11,38409965.40756803,-0.00036370772304594734
2022-08-12,38419300.95726776,0.00024305019805859196
2022-08-15,38451886.624910265,0.0008481587855735384
2022-08-16,38419300.95726776,-0.0008474400218738687
2022-08-17,38386703.18649255,-0.0008484738129793667
2022-08-18,38442563.178343244,0.0014551911785525284
2022-08-19,38414645.28555061,-0.0007262235003195894
2022-08-22,38363440.965417065,-0.0013329374709286634
2022-08-23,38382051.54915296,0.00048511247342686303
2022-08-24,38340178.74434158,-0.0010909475424406567
2022-08-25,38363440.965417065,0.000606732202022231
2022-08-26,38354117.51885004,-0.00024302946587684282
2022-08-29,38326199.62605741,-0.0007278981918672489
2022-08-30,38307589.04232151,-0.00048558385432107
2022-08-31,38302941.4393595,-0.0001213232959368371
2022-09-01,38274967.06528087,-0.0007303453214662081
2022-09-02,38358841.77498591,0.0021913724853632743
2022-09-06,38274967.06528087,-0.0021865808722028035
2022-09-07,38330903.710305415,0.0014614420158518548
2022-09-08,38284294.54622546,-0.001215968306727544
2022-09-09,38251672.56918482,-0.0008520981626356505
2022-09-12,38247008.82871252,-0.00012192252414211513
2022-09-13,38116520.92054996,-0.0034117153774546605
2022-09-14,38083902.977886885,-0.0008557429134485872
2022-09-15,38041961.5886568,-0.0011012891523864976
2022-09-16,38060596.37865813,0.0004898482944393212
2022-09-19,38018654.98942804,-0.0011019635323845645
2022-09-20,38000008.09629401,-0.0004904669336466272
2022-09-21,37967390.153630935,-0.0008583667293021735
2022-09-22,37897474.390322216,-0.0018414687716435951
2022-09-23,37850889.43250769,-0.0012292364745664086
2022-09-26,37766994.550914794,-0.0022164573369534146
2022-09-27,37766994.550914794,0.0
2022-09-28,37930108.470495574,0.004318954195862146
2022-09-29,37878839.60032089,-0.0013516668483709582
2022-09-30,37846213.588902675,-0.0008613255253452357
2022-10-03,37929285.45747105,0.002194984932197608
2022-10-04,37943276.67888793,0.0003688764828584379
2022-10-05,37905970.78948714,-0.0009832015752491152
2022-10-06,37859280.93785576,-0.0012317281594151908
2022-10-07,37812627.39562252,-0.0012322881226881632
2022-10-10,37798628.105450496,-0.00037022791422436363
2022-10-11,37817279.03296211,0.0004934286889879402
2022-10-12,37854621.23176105,0.00098743748238439
2022-10-13,37742630.944762394,-0.0029584310542433156
2022-10-14,37723959.845362924,-0.0004946952274417216
2022-10-17,37765961.75025658,0.0011134012724494102
2022-10-18,37784612.67776819,0.0004938554891027458
2022-10-19,37714628.33004076,-0.0018521917459963788
2022-10-20,37672634.49390224,-0.0011134628126526769
2022-10-21,37770617.421973735,0.002600904592625408
2022-10-24,37761293.975406714,-0.00024684390151374913
2022-10-25,37798628.1054505,0.0009886877835305619
2022-10-26,37831290.426266864,0.0008641139230036732
2022-10-27,37910618.39244917,0.0020968876633198352
2022-10-28,37854621.23176105,-0.0014770838108847384
2022-10-31,37798628.1054505,-0.0014791622393403037
2022-11-01,37761697.41316383,-0.0009770379015778818
2022-11-02,37742990.00436623,-0.0004954069885397816
2022-11-03,37672884.62531166,-0.0018574410518736872
2022-11-04,37714947.04586888,0.0011165171176981126
2022-11-07,37682232.2781441,-0.0008674218124976596
2022-11-08,37719626.92385146,0.0009923681121473127
2022-11-09,37780392.71882872,0.0016109861081059496
2022-11-10,37986081.42491827,0.005444324192719119
2022-11-11,37976729.737708256,-0.00024618720487135093
2022-11-14,37944014.96998348,-0.000861442466234541
2022-11-15,37981413.65006842,0.0009856279077087304
2022-11-16,37986081.42491829,0.00012289629061390528
2022-11-17,37939339.12637848,-0.0012305111974290073
2022-11-18,37897252.499555826,-0.0011093136515230029
2022-11-21,37887908.88110095,-0.000246551341815171
2022-11-22,37915955.873975866,0.0007402623608214753
2022-11-23,37948682.74483336,0.0008631424449978553
2022-11-25,37953354.554060794,0.00012310860060282813
2022-11-28,37962710.275648385,0.00024650578842155824
2022-11-29,37948682.74483336,-0.0003695081492647301
2022-11-30,38060878.78508815,0.00295652001965907
2022-12-01,38007085.25523257,-0.0014133549085748598
2022-12-02,38192046.95790469,0.004866505848318159
2022-12-05,37561393.79744564,-0.016512682893225272
2022-12-06,37252551.51979627,-0.008222332731177229
2022-12-07,37320094.47852002,0.0018131095983549006
2022-12-08,37471669.28518889,0.004061479714530414
2022-12-09,37041621.43394129,-0.011476613117355372
2022-12-12,37312237.317844,0.007305724572163275
2022-12-13,37374421.95533577,0.0016666016825002128
2022-12-14,37466394.09058779,0.002460830975845596
2022-12-15,36879101.08121808,-0.015675194360837752
2022-12-16,36628568.403633624,-0.006793350983059776
2022-12-19,36518336.02659078,-0.0030094645203744275
2022-12-20,36533411.27336514,0.0004128130800753471
2022-12-21,36675531.30400284,0.0038901385248222287
2022-12-22,36662869.55040295,-0.0003452370872267796
2022-12-23,36554203.73030996,-0.0029639202120715913
2022-12-27,36286402.74089432,-0.0073261338529333475
2022-12-28,36238240.76261367,-0.0013272734314435652
2022-12-29,36243052.3550092,0.0001327766551100229
2022-12-30,36201586.71523368,-0.0011440989950114444
2023-01-03,36217083.75348526,0.0004280762159261098
2023-01-04,36269636.808856525,0.001451057068232453
2023-01-05,36250428.315126,-0.0005296025938101856
2023-01-06,36402156.29613412,0.004185550021344353
2023-01-09,36358141.03152139,-0.0012091389382175022
2023-01-10,36336105.86819202,-0.0006060585801200835
2023-01-11,36370172.940579005,0.0009375543023395494
2023-01-12,36366868.08012002,-9.086732868668346e-05
2023-01-13,36541311.43793602,0.0047967660407732815
2023-01-17,36373198.674082555,-0.004600622069599214
2023-01-18,35999353.74942328,-0.010278032680300253
2023-01-19,35696801.76826598,-0.008404372569108975
2023-01-20,36037710.48657486,0.009550119378256117
2023-01-23,36200014.40244122,0.004503724395222619
2023-01-24,36234206.17906073,0.0009445238402225886
2023-01-25,36211675.31323758,-0.0006218120444478892
2023-01-26,36311768.471328355,0.002764112878649083
2023-01-27,36264454.58286683,-0.001302990475357313
2023-01-30,35872945.401884735,-0.010795948415202927
2023-01-31,36587971.883467734,0.019932193288634492
2023-02-01,37140682.95748985,0.015106359974870864
2023-02-02,37038033.562380806,-0.0027637993417226614
2023-02-03,36985951.3998839,-0.001406180552463332
2023-02-06,36820211.20607721,-0.0044811661599494235
2023-02-07,37220813.61900627,0.010879959669078065
2023-02-08,37001638.95095787,-0.005888497502818613
2023-02-09,36817073.736131154,-0.0049880280998185755
2023-02-10,36819437.45370509,6.420166879306244e-05
2023-02-13,37361608.17316665,0.014725122298331117
2023-02-14,37439784.8774876,0.002092434136095278
2023-02-15,37704247.38221924,0.00706367586237544
2023-02-16,37454746.017911345,-0.006617327798076
2023-02-17,37419064.04268536,-0.0009526689944425737
2023-02-21,36524131.80999763,-0.023916478286758913
2023-02-22,36439285.21448086,-0.0023230284010076208
2023-02-23,36759592.83517143,0.008790172990640333
2023-02-24,36601500.24528971,-0.00430071656643749
2023-02-27,36742977.67082844,0.00386534498833635
2023-02-28,36869822.73789747,0.0034522261152976075
2023-03-01,37071897.51712917,0.005480763514059239
2023-03-02,37255681.55674729,0.004957502904543887
2023-03-03,37713587.81372176,0.012290910750807127
2023-03-06,37430591.9201936,-0.007503817852757999
2023-03-07,37078346.98742516,-0.00941061614840244
2023-03-08,37228656.165336095,0.004053826292793161
2023-03-09,36351412.20774327,-0.023563675081284097
2023-03-10,35354297.17894017,-0.027429884239564828
2023-03-13,34980111.612452716,-0.01058387795388982
2023-03-14,35429191.370185584,0.012838145364093112
2023-03-15,35466045.52039608,0.0010402199086461117
2023-03-16,35618225.02249123,0.004290850582922445
2023-03-17,35656557.43919199,0.001076202328345932
2023-03-20,35706117.10838024,0.00138991738820482
2023-03-21,35762860.06718679,0.0015891663222384889
2023-03-22,35692969.50670244,-0.0019542777158495506
2023-03-23,35831126.28086597,0.003870699918581577
2023-03-24,35725763.16003294,-0.0029405472774459707
2023-03-27,35583719.35563357,-0.003975948778563221
2023-03-28,35367051.420143425,-0.006088962576528467
2023-03-29,35494887.22172874,0.0036145450766220666
2023-03-30,35665883.49699578,0.004817490310614625
2023-03-31,36101523.08059252,0.012214462138122606
2023-04-03,36065790.94476426,-0.000989768097830579
2023-04-04,35646903.38466418,-0.01161453968226056
2023-04-05,35492089.656241976,-0.004342978315721169
2023-04-06,35462401.55673702,-0.0008364708810469912
2023-04-10,35689575.76384037,0.006406058166700479
2023-04-11,35669341.51317952,-0.0005669512799687526
2023-04-12,35664945.73110312,-0.00012323698419758333
2023-04-13,35956457.851050764,0.008173631389922997
2023-04-14,35862661.002611265,-0.0026086231527046033
2023-04-17,35829420.14528134,-0.0009268932198730484
2023-04-18,36066745.452938125,0.0066237551904126946
2023-04-19,35940040.38076479,-0.0035130719609471894
2023-04-20,35718546.72815232,-0.0061628659919651385
2023-04-21,35650008.95254488,-0.0019188287846385599
2023-04-24,35540822.553161435,-0.0030627313313943416
2023-04-25,34777423.6555801,-0.021479494360026385
2023-04-26,34556939.668528944,-0.006339859709986961
2023-04-27,35218337.39597155,0.019139360539062622
2023-04-28,35408792.64814624,0.005407843363908427
2023-05-01,35647620.32206045,0.006744869170983048
2023-05-02,35396974.109395795,-0.007031218645176862
2023-05-03,35399445.907034904,6.983076099875696e-05
2023-05-04,35053803.51366539,-0.009764062247675453
2023-05-05,35321434.10264597,0.007634851632469575
2023-05-08,35481187.92182743,0.004522857670988145
2023-05-09,35507832.95007494,0.000750962124104193
2023-05-10,35576030.771916576,0.001920641621174779
2023-05-11,35564704.48360914,-0.00031836852121169823
2023-05-12,35616705.096870735,0.0014621410192108275
2023-05-15,35805395.594289824,0.005297808904722867
2023-05-16,35768453.319685094,-0.001031751611497933
2023-05-17,35771574.391327426,8.7257662902962e-05
2023-05-18,36357338.94570366,0.016375140438835478
2023-05-19,36341739.42261225,-0.00042906118939867177
2023-05-22,36151470.3191092,-0.005235553017714389
2023-05-23,35593376.536308646,-0.015437651024266974
2023-05-24,35659771.22097485,0.0018653662879797306
2023-05-25,37112408.659137376,0.04073602797844367
2023-05-26,37955997.00888738,0.02273062784736024
2023-05-30,38162774.894666135,0.005447831754500809
2023-05-31,37427516.380413495,-0.019266379771440745
2023-06-01,38019171.653513744,0.015808029234070986
2023-06-02,37938260.646707535,-0.0021281633262183464
2023-06-05,37891510.721508905,-0.001232263272003431
2023-06-06,38196821.43953401,0.00805749657935384
2023-06-07,37847217.05361721,-0.009152708857469327
2023-06-08,38343795.96405486,0.013120618874940204
2023-06-09,38491702.24605711,0.00385737192376312
2023-06-12,38857686.592062145,0.009508136160502723
2023-06-13,39055281.33571735,0.005085087687530354
2023-06-14,39281459.920168556,0.005791241970759087
2023-06-15,39389062.511006676,0.002739271683303013
2023-06-16,39092540.12652831,-0.0075280386375153885
2023-06-20,38985341.745238885,-0.0027421697577711956
2023-06-21,38708763.55670579,-0.007094414878814681
2023-06-22,38893384.22013636,0.004769479737065652
2023-06-23,38383032.44195615,-0.013121814632833795
2023-06-26,38105985.53676601,-0.007217952505683245
2023-06-27,39042443.07047191,0.02457507713066165
2023-06-28,39015370.32807942,-0.0006934182459746863
2023-06-29,39307808.59738988,0.007495463117518808
2023-06-30,39964569.6620533,0.016708157694322212
2023-07-03,39848535.98393781,-0.002903413676080935
2023-07-05,39687846.71696015,-0.004032501144896061
2023-07-06,39077868.475277625,-0.0153693962293463
2023-07-07,39187556.0339638,0.0028068971764816375
2023-07-10,39774337.289512396,0.014973662941369259
2023-07-11,39997189.94812541,0.00560292575061383
2023-07-12,40335919.1301567,0.008468824496686178
2023-07-13,41190065.20707744,0.021175817865078717
2023-07-14,40896609.88906813,-0.007124419845756735
2023-07-17,41455686.98007965,0.013670499646010192
2023-07-18,41895724.8703022,0.01061465681256224
2023-07-19,41486439.50782004,-0.009769143838642136
2023-07-20,40734976.75027474,-0.018113455058095584
2023-07-21,40442628.68599986,-0.007176831499551728
2023-07-24,40470999.40289733,0.0007015052636103469
2023-07-25,40979079.32263974,0.012554172796287233
2023-07-26,40534023.502145894,-0.010860561726870444
2023-07-27,40718278.7600196,0.004545693764250958
2023-07-28,41196017.118167184,0.011732773896539594
2023-07-31,41194769.97374555,-3.027342225969676e-05
2023-08-01,41038641.873181015,-0.003789998115392712
2023-08-02,40634995.16719935,-0.009835771544999594
2023-08-03,40508017.21693304,-0.00312484226327181
2023-08-04,40393821.344957985,-0.002819093103557768
2023-08-07,40942286.45034893,0.013577945515655054
2023-08-08,40856363.80659593,-0.002098628366962285
2023-08-09,39254312.64845006,-0.039211790009742065
2023-08-10,38999669.189387724,-0.006487018670861655
2023-08-11,38840710.519349985,-0.004075897907385162
2023-08-14,39211913.68794685,0.009557064318170383
2023-08-15,39013966.079245426,-0.005048149658716361
2023-08-16,38522656.327687666,-0.012593176263079986
2023-08-17,37681680.89261044,-0.021830670967328603
2023-08-18,37889702.91602163,0.005520508068735941
2023-08-21,38098581.03831411,0.005512793878469813
2023-08-22,38063585.724500865,-0.0009185463830806428
2023-08-23,38550183.63291669,0.012783816846309692
2023-08-24,37946700.02149226,-0.015654493819560855
2023-08-25,38386321.97257928,0.011585248541718496
2023-08-28,38684013.18170573,0.00775513760706481
2023-08-29,39073145.94681522,0.010059265652756055
2023-08-30,39417526.295074195,0.00881373485328596
2023-08-31,39699076.1717664,0.007142758644582692
2023-09-01,39871400.027607724,0.00434075229095332
2023-09-05,39462007.48772213,-0.010267824545968418
2023-09-06,39340748.04113102,-0.003072814950654368
2023-09-07,39482890.107874796,0.0036131002540968904
2023-09-08,39342336.94530178,-0.0035598499043256737
2023-09-11,39434228.2068815,0.00233568386411509
2023-09-12,39124286.58323586,-0.007859710655920837
2023-09-13,38915172.46748012,-0.0053448671916573876
2023-09-14,39365547.552010514,0.01157325166441825
2023-09-15,38805214.64002366,-0.014234094197382308
2023-09-18,38871626.50621414,0.0017114160250508714
2023-09-19,38682227.57849144,-0.004872420959602053
2023-09-20,38198662.368491665,-0.012500965954418186
2023-09-21,37716015.07215592,-0.012635188417850385
2023-09-22,37796910.35110025,0.0021448522276164006
2023-09-25,37846414.38244646,0.0013097375125734612
2023-09-26,37389491.35508932,-0.012073086309837167
2023-09-27,37431481.34742214,0.0011230426200248278
2023-09-28,37506389.02515303,0.0020011945836617695
2023-09-29,37245677.017818406,-0.006951135902733441
2023-10-02,37361741.08024991,0.003116175398717669
2023-10-03,36947685.467527166,-0.011082342544834534
2023-10-04,37295848.69399174,0.009423140368848726
2023-10-05,37328192.47760965,0.0008672220837038225
2023-10-06,37709027.68711327,0.010202347990250438
2023-10-09,38043823.19108281,0.008878391316463397
2023-10-10,38215081.76380531,0.004501613096620449
2023-10-11,38670092.65391137,0.011906579002455953
2023-10-12,38486683.17581125,-0.004742928333314023
2023-10-13,38033178.478711054,-0.011783418566586823
2023-10-16,38553666.73054064,0.01368511054422994
2023-10-17,38607079.47106166,0.0013854127259629312
2023-10-18,38017830.794616655,-0.015262710479995945
2023-10-19,37384468.23406348,-0.01665961858725673
2023-10-20,36892513.62784813,-0.013159331386907058
2023-10-23,36866318.96775581,-0.0007100264394169775
2023-10-24,37185788.46415985,0.008665619604806496
2023-10-25,36665161.27765733,-0.014000703171973994
2023-10-26,36193561.21835934,-0.012862347876412161
2023-10-27,36292095.27123214,0.002722419390519093
2023-10-30,36594062.91664335,0.008320479794688751
2023-10-31,36695006.544954926,0.002758470097772747
2023-11-01,37024953.969258085,0.00899161644511337
2023-11-02,36869825.53594146,-0.004189834603047116
2023-11-03,37034300.89292429,0.004460974647750637
2023-11-06,36953622.12144469,-0.002178487767674153
2023-11-07,36929104.251189075,-0.0006634767811132258
2023-11-08,36836276.50388089,-0.002513674490363438
2023-11-09,36880894.19122009,0.001211243143277585
2023-11-10,37401017.900396794,0.014102795514663091
2023-11-13,37637311.52112409,0.006317839299362582
2023-11-14,38149162.93068467,0.013599574169193884
2023-11-15,37946091.65245096,-0.005323086081932771
2023-11-16,37917218.90659778,-0.0007608885288535872
2023-11-17,38044923.53904792,0.0033679852091663687
2023-11-20,38218684.06528917,0.0045672460364629686
2023-11-21,38132594.574057266,-0.002252549854538044
2023-11-22,38507935.50980689,0.00984304739664843
2023-11-24,38459203.7427198,-0.001265499342977705
2023-11-27,38556111.99743024,0.0025197675791399643
2023-11-28,38419352.580639794,-0.003547023019322193
2023-11-29,38430858.68749786,0.0002994872657970937
2023-11-30,38812325.890312105,0.0099260650384152
2023-12-01,39164499.18563624,0.00907374879617917
2023-12-04,39398537.580216944,0.005975779071535792
2023-12-05,39267707.63738323,-0.0033206801792411422
2023-12-06,39041615.216794565,-0.005757718853275362
2023-12-07,39274071.66056526,0.005954068305829008
2023-12-08,39683659.82693543,0.010428971304786705
2023-12-11,39898267.32530079,0.005407956304970041
2023-12-12,40358120.52825874,0.01152564343731144
2023-12-13,40351942.16689163,-0.00015308843142947115
2023-12-14,39932941.996634945,-0.010383643209135762
2023-12-15,39889869.79435703,-0.0010786132983024999
2023-12-18,40092323.997119546,0.005075328744019947
2023-12-19,40592899.269308016,0.012485563875629602
2023-12-20,39944637.90612712,-0.01596982168925898
2023-12-21,40448170.927889675,0.012605772593205167
2023-12-22,40582935.42131266,0.0033317821382639057
2023-12-26,40750981.26489312,0.004140800605867634
2023-12-27,42573659.964533314,0.04472723461043193
2023-12-28,42400330.68398097,-0.004071279770091141
2023-12-29,42125144.40124978,-0.006490191899261699
2024-01-02,41615150.47774582,-0.012106639176026834
2024-01-03,41186323.97001989,-0.010304576645836061
2024-01-04,41137639.50746578,-0.0011820540864377893
2024-01-05,41583202.56342052,0.01083103117459805
2024-01-08,42894245.8453753,0.03152819410566665
2024-01-09,42649117.80003007,-0.005714706961601923
2024-01-10,42835996.24290174,0.004381765731893861
2024-01-11,42261194.38460019,-0.013418664411168013
2024-01-12,42251098.55871415,-0.0002388911632303925
2024-01-16,41989520.99688426,-0.00619102392015658
2024-01-17,41762203.25997751,-0.005413677782216464
2024-01-18,42207596.074994504,0.010664974073430367
2024-01-19,42895759.40370758,0.01630425308966532
2024-01-22,42954015.23452903,0.0013580790183287395
2024-01-23,43006709.990280375,0.0012267713615043974
2024-01-24,43033018.74965331,0.0006117361541695399
2024-01-25,43353043.22228174,0.007436719103769862
2024-01-26,43240286.30509782,-0.0026008997016838675
2024-01-29,43771437.571539,0.012283712986853157
2024-01-30,43972976.517020404,0.004604348329935837
2024-01-31,43371133.91216441,-0.013686646948337433
2024-02-01,44189317.135308124,0.018864695232564177
2024-02-02,45447360.48958053,0.028469400204132134
2024-02-05,45218030.661491826,-0.005046053843793197
2024-02-06,44696773.633447275,-0.01152763666217027
2024-02-07,45373470.115844496,0.015139716525105928
2024-02-08,45588556.12347892,0.0047403473237837
2024-02-09,45940692.6869835,0.007724231549488092
2024-02-12,45542851.84603897,-0.008659879023923733
2024-02-13,45136237.06526315,-0.008928180039107114
2024-02-14,46292216.9449466,0.025610905003268236
2024-02-15,46371864.14882497,0.0017205312066408407
2024-02-16,45956183.32251066,-0.00896407409847122
2024-02-20,45514122.15269687,-0.009619188058144434
2024-02-21,44881961.28837453,-0.013889334440011503
2024-02-22,46241614.34747574,0.030293976022242042
2024-02-23,46272464.74634674,0.0006671566143687802
2024-02-26,46782143.282464534,0.01101472633696332
2024-02-27,46897454.98994973,0.0024648658525319167
2024-02-28,46966604.964331284,0.0014744931126084992
2024-02-29,47146670.56425911,0.0038339070934461095
2024-03-01,47898445.88192581,0.015945459322351363
2024-03-04,48212461.538347766,0.006555863152554853
2024-03-05,47733390.77829306,-0.009936658381851315
2024-03-06,48132408.38741897,0.008359297393709664
2024-03-07,48431881.42613323,0.006221858592734275
2024-03-08,47907910.128302544,-0.010818726888193075
2024-03-11,47322198.31458924,-0.012225785097799147
2024-03-12,48335629.155987576,0.021415548674667217
2024-03-13,48363615.81009954,0.0005790067203148563
2024-03-14,48210580.590689294,-0.0031642634002210235
2024-03-15,48109952.73250694,-0.0020872567172897094
2024-03-18,48663447.604435585,0.011504789352134726
2024-03-19,48829816.13653673,0.003418757615643697
2024-03-20,49199932.30184345,0.007579716545968784
2024-03-21,49976355.0548448,0.015780971978537783
2024-03-22,49889456.95785034,-0.0017387842090343941
2024-03-25,49629658.84987458,-0.005207475162442687
2024-03-26,49611063.62776983,-0.00037467962778059416
2024-03-27,49530627.52877596,-0.0016213338943381617
2024-03-28,49523123.80264793,-0.0001514966900766357
2024-04-01,49295612.42573546,-0.004594043336585973
2024-04-02,49141306.06375851,-0.0031302250724527525
2024-04-03,49824513.16896126,0.013902908976743955
2024-04-04,49063562.36632779,-0.015272618922597014
2024-04-05,50171070.10814754,0.02257291742394618
2024-04-08,49854598.83784957,-0.006307843735758212
2024-04-09,49538350.11925254,-0.006343421188196086
2024-04-10,49574473.40060799,0.0007291983133974611
2024-04-11,49715354.994834274,0.0028418172612310055
2024-04-12,48941827.269800775,-0.015559131079600497
2024-04-15,48164340.188951306,-0.015885943051603513
2024-04-16,48278741.88838568,0.0023752365128553166
2024-04-17,47952145.78456676,-0.006764801464254622
2024-04-18,47840868.25551842,-0.0023205954025138364
2024-04-19,47125434.87230201,-0.014954439777206341
2024-04-22,47153675.77714542,0.0005992709652429262
2024-04-23,47702048.56803204,0.011629481304454403
2024-04-24,48227952.7957456,0.011024772384010229
2024-04-25,48210052.14954175,-0.0003711674488788841
2024-04-26,48538312.30581632,0.006808956672694544
2024-04-29,48751223.97358941,0.004386466229638009
2024-04-30,48244131.84973918,-0.010401628564750465
2024-05-01,47598541.35401395,-0.013381741384340451
2024-05-02,48191330.90699209,0.01245394367380448
2024-05-03,48386335.24343708,0.0040464609043759925
2024-05-06,49254496.0640671,0.01794227267393178
2024-05-07,49231943.175178796,-0.0004578848773312272
2024-05-08,49607001.89929618,0.007618198672005194
2024-05-09,49975597.53593006,0.007430314724162113
2024-05-10,49697401.48729934,-0.0055666377661760524
2024-05-13,49301879.0624049,-0.007958613791820057
2024-05-14,49843106.30801234,0.010977821857912629
2024-05-15,50654913.94647542,0.01628726013676607
2024-05-16,49754680.48948045,-0.017771887993851876
2024-05-17,49964994.23182025,0.004227014228023407
2024-05-20,50302821.8178706,0.006761285400793904
2024-05-21,50257234.445535615,-0.0009062587482675521
2024-05-22,50033259.108159214,-0.004456579034788022
2024-05-23,50078346.09330073,0.0009011402803893453
2024-05-24,50787552.05465205,0.0141619285914516
2024-05-28,50451484.86267769,-0.006617117352155866
2024-05-29,49868929.43839896,-0.01154684398019945
2024-05-30,49831995.88674143,-0.0007406124830321437
2024-05-31,48938754.76673128,-0.01792505204969752
2024-06-03,48384940.2988019,-0.01131648058004664
2024-06-04,47569746.689909115,-0.016848085455072215
2024-06-05,48637595.05967436,0.02244805667615135
2024-06-06,47250777.2011725,-0.028513290116428336
2024-06-07,47082625.484338,-0.003558707957724949
2024-06-10,47862464.89003969,0.0165632098397126
2024-06-11,47880631.27453025,0.0003795538849136193
2024-06-12,48269959.32424872,0.008131222152987228
2024-06-13,48667008.95324044,0.008225605211816589
2024-06-14,47784261.0222861,-0.018138528542045562
2024-06-17,47968900.54919616,0.0038640239057781134
2024-06-18,48929417.17074208,0.02002373643233346
2024-06-20,47959850.95713442,-0.019815609293368563
2024-06-21,47600888.96280865,-0.0074846353181247105
2024-06-24,47200501.78776255,-0.008411338186539496
2024-06-25,47624696.58443526,0.00898708235306711
2024-06-26,46948417.853695214,-0.014200168804037516
2024-06-27,46882103.03892857,-0.0014125037178739364
2024-06-28,46616348.810550086,-0.005668564572664625
2024-07-01,46871615.86269892,0.005475912607103783
2024-07-02,47019151.339326486,0.0031476507458103598
2024-07-03,47639599.191707194,0.013195641237824018
2024-07-05,47479316.52224581,-0.0033644840045019553
2024-07-08,47730260.79133101,0.00528533870043435
2024-07-09,47556811.83652108,-0.0036339410666164085
2024-07-10,47890525.30719211,0.007017153963520206
2024-07-11,47608268.89963839,-0.00589378391118478
2024-07-12,47471795.670812756,-0.002866586666138482
2024-07-15,47600562.291296154,0.0027124868285226533
2024-07-16,48312856.18008641,0.01496398056038295
2024-07-17,46594235.76633974,-0.03557273466384403
2024-07-18,46588909.355743445,-0.00011431479685608537
2024-07-19,46452099.291926354,-0.002936537165367792
2024-07-22,46931263.01476643,0.010315222135145907
2024-07-23,47026461.692408696,0.0020284703953590277
2024-07-24,46167406.50332503,-0.01826748511726406
2024-07-25,46202704.69859872,0.0007645695945937003
2024-07-26,46682570.282333665,0.010386092910909195
2024-07-29,46638068.14757539,-0.0009532922992270265
2024-07-30,46889816.689022794,0.005397919584722022
2024-07-31,47125939.384281486,0.005035692436689887
2024-08-01,46281422.820508026,-0.017920418665545834
2024-08-02,45234705.404958375,-0.022616362068407114
2024-08-05,43840288.159831844,-0.030826270065056782
2024-08-06,44182436.09719544,0.007804418075816555
2024-08-07,44119635.07803719,-0.0014214023649601337
2024-08-08,44420257.47211638,0.006813800557222693
2024-08-09,44311590.552013755,-0.0024463370157374875
2024-08-12,44253816.6371609,-0.0013038104507903103
2024-08-13,44335979.08140998,0.001856618264651333
2024-08-14,44453899.36929925,0.0026596973909776
2024-08-15,44385257.615663975,-0.0015441109690971233
2024-08-16,44451358.9714621,0.0014892637634438266
2024-08-19,44738505.413359195,0.0064597899488616495
2024-08-20,44633714.98805828,-0.002342287126776199
2024-08-21,44828462.81702,0.00436324489265183
2024-08-22,44809706.18086709,-0.00041840908597445825
2024-08-23,45200175.240710795,0.008713939302963603
2024-08-26,45207086.167816505,0.00015289602460399898
2024-08-27,45402163.70362719,0.004315198176819468
2024-08-28,45480726.63971317,0.0017303786797213672
2024-08-29,45529248.822449386,0.0010668735159091725
2024-08-30,45842483.83510655,0.006879863401188402
2024-09-03,45445032.627830885,-0.008669931775627249
2024-09-04,45385791.92240836,-0.0013035683329282177
2024-09-05,45095456.00544796,-0.006397066232902926
2024-09-06,44823456.717545904,-0.0060316340490979
2024-09-09,45255321.407888584,0.009634792181782537
2024-09-10,45256782.43128361,3.228401322918906e-05
2024-09-11,45138476.08419912,-0.0026141130838038817
2024-09-12,45508929.5232995,0.008207043552142856
2024-09-13,45882210.77790432,0.008202373875080937
2024-09-16,46312788.53235975,0.009384416033038745
2024-09-17,46318713.36548242,0.00012793082235873499
2024-09-18,46329283.8733014,0.00022821246642967807
2024-09-19,46409477.370799065,0.0017309461919803315
2024-09-20,46570288.6903051,0.0034650534463294136
2024-09-23,46953196.05608671,0.008222138546917002
2024-09-24,46860163.87077064,-0.0019813813143825243
2024-09-25,47009063.8225564,0.003177538008539482
2024-09-26,46578913.45773319,-0.009150370797573859
2024-09-27,46817774.0213287,0.005128083629779345
2024-09-30,47175366.86256963,0.007637971875339877
2024-10-01,47358446.8781105,0.0038808392539737557
2024-10-02,47525933.29371936,0.0035365690103801306
2024-10-03,47867951.687685445,0.007196458233704739
2024-10-04,48194724.0735809,0.006826537889640161
2024-10-07,47767060.99049338,-0.008873649373624115
2024-10-08,47952819.38124877,0.003888838603496314
2024-10-09,47943496.56692858,-0.00019441639595929594
2024-10-10,47695255.742316544,-0.005177778893650231
2024-10-11,48428827.62664992,0.015380395238818956
2024-10-14,48726646.63599084,0.006149622527245269
2024-10-15,48561237.26128394,-0.003394638993784671
2024-10-16,49170799.38293385,0.01255244215401996
2024-10-17,49049170.751709364,-0.002473594750357022
2024-10-18,49306535.626796,0.005247079025850088
2024-10-21,49192821.68608981,-0.0023062650673105756
2024-10-22,48722883.52428194,-0.009552982441353941
2024-10-23,48654994.88467878,-0.0013933625165950536
2024-10-24,48358054.678780176,-0.006102974763483315
2024-10-25,47959682.80977399,-0.008237963078795985
2024-10-28,48167033.43361117,0.0043234360965149765
2024-10-29,48346796.69268581,0.003732080766867485
2024-10-30,48369462.53792512,0.0004688179318967922
2024-10-31,47940723.4618424,-0.008863837917292394
2024-11-01,47514239.14488933,-0.008896075948718662
2024-11-04,47464370.601743296,-0.001049549441252129
2024-11-05,48190192.14830616,0.015291923970781829
2024-11-06,49840937.21551507,0.03425479321868474
2024-11-07,49883055.1433402,0.000845046866655208
2024-11-08,52450132.50168897,0.051461911283745776
2024-11-11,53207756.44820937,0.014444652670724922
2024-11-12,52965936.03107365,-0.004544833935463788
2024-11-13,52213522.79899974,-0.014205606252903569
2024-11-14,51814331.987174116,-0.00764535297421598
2024-11-15,51367200.34926399,-0.008629497298562216
2024-11-18,51666215.27662657,0.005821125646900738
2024-11-19,52125011.081906006,0.008879996392671563
2024-11-20,52409755.208313994,0.0054627158920035335
2024-11-21,53294531.729251206,0.016881905237307038
2024-11-22,54520569.505340934,0.023004945091145368
2024-11-25,53820756.36735043,-0.012835763535484546
2024-11-26,53837210.464331605,0.0003057202851046714
2024-11-27,54127219.823351145,0.0053867827942475355
2024-11-29,54261722.84420249,0.0024849423504533785
2024-12-02,53337678.37399566,-0.017029397921255907
2024-12-03,54316085.03384224,0.018343630425496693
2024-12-04,54185477.81889074,-0.002404577113209183
2024-12-05,54338705.46921771,0.002827836101014336
2024-12-06,54441672.241907276,0.00189490661951619
2024-12-09,52425604.26808353,-0.03703170550797019
2024-12-10,51487746.860464476,-0.017889300861907542
2024-12-11,52188044.84179339,0.013601255134095602
2024-12-12,52213722.656688645,0.0004920248492370494
2024-12-13,52178802.66046981,-0.0006687896292788542
2024-12-16,52541335.37043005,0.0069478924673542775
2024-12-17,52151211.37075729,-0.007425087256010654
2024-12-18,50303860.74407723,-0.03542296675616485
2024-12-19,50753067.03435929,0.008929857144910125
2024-12-20,51201696.770071626,0.00883946058685714
2024-12-23,51258807.90090834,0.0011154148092626937
2024-12-24,51554874.79621759,0.005775922371850539
2024-12-26,51549441.848250195,-0.00010538184776653914
2024-12-27,51222497.31669395,-0.0063423486236514615
2024-12-30,50849347.28022052,-0.007284885665889029
2024-12-31,50723491.41188496,-0.0024750734290057697
2025-01-02,50656533.544469975,-0.0013200563595134884
2025-01-03,50874525.31344296,0.0043033297724885955
2025-01-06,50913864.01825327,0.0007732495697587716
2025-01-07,50403152.73094041,-0.01003088838689914
2025-01-08,50415453.545598626,0.00024404851664505678
2025-01-10,49844170.85476635,-0.011331499583070892
2025-01-13,49751787.88771651,-0.001853435727098729
2025-01-14,50183456.24109511,0.008676439012660575
2025-01-15,50562154.97600347,0.007546286431308946
2025-01-16,50958175.77385339,0.007832355999024765
2025-01-17,50895728.83988513,-0.001225454660021441
2025-01-21,51760143.07671855,0.016984023149620553
2025-01-22,51509018.028846934,-0.004851706988123983
2025-01-23,51645848.76009388,0.002656442240275725
2025-01-24,51973818.5643495,0.006350361396500803
2025-01-27,51551412.16749921,-0.00812729194271744
2025-01-28,52066056.4829332,0.009983127402249048
2025-01-29,51909062.566627845,-0.003015283409390057
2025-01-30,52532801.14717499,0.012015986221029173
2025-01-31,52381977.72729428,-0.002871033270397394
2025-02-03,52532476.95053959,0.0028731107486781315
2025-02-04,53014499.52847964,0.00917570626631381
2025-02-05,53236919.012078725,0.004195446256728186
2025-02-06,52905659.761316076,-0.0062223595375136
2025-02-07,52750253.73090655,-0.0029374178700470877
2025-02-10,52848895.52401698,0.0018699776045367766
2025-02-11,52408856.27775782,-0.00832636598922254
2025-02-12,52404877.90629867,-7.591028962872226e-05
2025-02-13,52733122.61194806,0.006263628859823012
2025-02-14,52269016.300830096,-0.00880103980439817
2025-02-18,52552783.350380965,0.005428972451244629
2025-02-19,52725715.883900866,0.0032906446147089596
2025-02-20,52392462.79010112,-0.00632050391754857
2025-02-21,51682902.24630292,-0.013543179801279837
2025-02-24,51812453.3629194,0.002506653283499416
2025-02-25,51736487.64583137,-0.0014661671501237095
2025-02-26,51711306.66946842,-0.0004867160008102944
2025-02-27,51596548.99807374,-0.0022191988326303314
2025-02-28,52262382.301309235,0.012904609245481646
2025-03-03,52065696.96306018,-0.00376342083135639
2025-03-04,50810213.546191245,-0.02411344685848882
2025-03-05,51172408.37026957,0.007128386180645707
2025-03-06,50525539.552540466,-0.01264096880194765
2025-03-07,50808476.26464746,0.005599875124792542
2025-03-10,50275053.37139,-0.01049869888793764
2025-03-11,49224710.46147643,-0.020891930281098148
2025-03-12,48863664.88221055,-0.0073346409939462065
2025-03-13,48774027.74369522,-0.0018344333919980693
2025-03-14,49113751.158309855,0.006965252416713641
2025-03-17,49394169.74794881,0.005709573857127559
2025-03-18,49257801.68157308,-0.002760813008328644
2025-03-19,49317479.13344188,0.001211532992369202
2025-03-20,49181057.67090836,-0.0027661888833449
2025-03-21,49283457.05090253,0.002082089829774869
2025-03-24,49322231.64427669,0.0007867669131675914
2025-03-25,49326756.16529542,9.173390716310514e-05
2025-03-26,49386989.33124458,0.001221105351977947
2025-03-27,49525326.40384181,0.0028010833312672734
2025-03-28,49418162.89322321,-0.0021638123037243107
2025-03-31,49526446.292723194,0.0021911660239970487
2025-04-01,49639339.420688815,0.002279451412652733
2025-04-02,49518505.96893066,-0.0024342276341371427
2025-04-03,49751838.4303123,0.004712025470397618
2025-04-04,48813295.58479223,-0.018864485718144808
2025-04-07,48550544.528282195,-0.005382776421100521
2025-04-08,48499055.41300511,-0.0010605260101066438
2025-04-09,48507043.24464892,0.0001647007673815093
2025-04-10,48619735.33025202,0.0023232107765203125
2025-04-11,48586152.25441317,-0.0006907293018099114
2025-04-14,48783638.73733735,0.004064666036735609
2025-04-15,48788977.28615022,0.00010943318192424556
2025-04-16,48727119.877616465,-0.0012678562243876312
2025-04-17,48817019.12861686,0.001844953102629221
2025-04-21,48600473.85213968,-0.004435856189962228
2025-04-22,48708154.39645977,0.0022156274576188295
2025-04-23,48678070.50189891,-0.0006176356902377611
2025-04-24,48730933.97649939,0.0010859813064780788
2025-04-25,48678773.32688477,-0.0010703806670272487
2025-04-28,48860098.8104271,0.0037249394582050677
2025-04-29,48923127.47620177,0.001289982364121256
2025-04-30,49049035.96808917,0.0025735985899233427
2025-05-01,48946196.49498202,-0.0020966665516944927
2025-05-02,48862216.53362243,-0.0017157607204105751
2025-05-05,48893266.8507583,0.0006354668154382459
2025-05-06,49009158.286514804,0.0023702943824606137
2025-05-07,49008030.8905368,-2.3003781689401315e-05
2025-05-08,48744117.377823,-0.005385107459291105
2025-05-09,48802757.99064524,0.0012030295341631803
2025-05-12,48567431.39832358,-0.004821993715329875
2025-05-13,48559657.37304523,-0.00016006663425527368
2025-05-14,48496363.73353781,-0.0013034202243477067
2025-05-15,48732349.71689278,0.004866055208831543
2025-05-16,48929392.62781516,0.004043369795774021
2025-05-19,48885440.25884955,-0.0008982815155695878
2025-05-20,48763264.709882036,-0.0024992216152823765
2025-05-21,48184516.199666165,-0.011868534923966778
2025-05-22,47979669.35715246,-0.004251300182508078
2025-05-23,48017621.08789663,0.0007909960875649436
2025-05-27,48344236.26445781,0.006801985795241716
2025-05-28,47887723.66296583,-0.009442958184192163
2025-05-29,47611929.33684632,-0.005759186384814319
2025-05-30,47303513.210828125,-0.006477706959451379
2025-06-02,47529998.87479819,0.004787924798748788
2025-06-03,47679686.53762772,0.003149330241387638
2025-06-04,47507197.122725576,-0.003617670908260262
2025-06-05,47711364.27467388,0.004297604664423416
2025-06-06,47864346.4358994,0.0032064092811263656
2025-06-09,47699193.994254515,-0.003450427174766957
2025-06-10,47298724.274056,-0.008395733484443113
2025-06-11,47570788.08008525,0.005752032643689731
2025-06-12,47610694.05537475,0.0008388756398636232
2025-06-13,47439752.83523387,-0.0035903954674986194
2025-06-16,47727875.016140014,0.006073433432649766
2025-06-17,47538055.08490843,-0.003977129322589534
2025-06-18,47665079.57755865,0.0026720590992488358
2025-06-20,47611380.91834062,-0.001126582808503529
2025-06-23,47747870.04605546,0.002866733228110485
2025-06-24,47679110.85811839,-0.0014400472287191546
2025-06-25,47648359.314122565,-0.0006449689065581854
2025-06-26,48082481.33339183,0.009110954196918097
2025-06-27,47905222.31295334,-0.003686561415360834
2025-06-30,48249811.456184216,0.007193143598828611
2025-07-01,47889130.0778065,-0.007475290938810164
2025-07-02,48319219.57691629,0.008980941988526725
2025-07-03,48853484.47397631,0.011056985227370086
2025-07-07,48611255.92752709,-0.004958265496461056
2025-07-08,48233592.77677716,-0.007769047385094763
2025-07-09,48416148.8989916,0.003784833592208159
2025-07-10,48586142.68422796,0.003511096795224544
2025-07-11,48318701.501991436,-0.005504474474845256
2025-07-14,48825186.98224872,0.010482183181938609
2025-07-15,49035675.350601345,0.0043110611830150525
2025-07-16,49169219.62138895,0.002723410452344588
2025-07-17,49498692.6986451,0.006700799398346113
2025-07-18,49738675.42110708,0.004848263850583567
2025-07-21,49622237.27938151,-0.0023409980410568076
2025-07-22,49537743.0078277,-0.0017027501415967095
2025-07-23,50300232.81822253,0.015392098309249702
2025-07-24,49784841.82428196,-0.01024629440191882
2025-07-25,49970354.11195359,0.0037262805479305605
2025-07-28,50102741.07656094,0.002649310115168557
2025-07-29,49934195.885019496,-0.0033639914288100536
2025-07-30,49557775.908166066,-0.007538320587362368
2025-07-31,49385367.76632512,-0.0034789321893788916
2025-08-01,49032504.64493242,-0.007145094536145424
2025-08-04,49779287.933894694,0.015230372063798958
2025-08-05,49724631.41268126,-0.0010979771604209265
2025-08-06,49689494.79365879,-0.0007066240216213604
2025-08-07,49609097.73266956,-0.0016179891005752012
2025-08-08,50151101.71022764,0.010925495570969446
2025-08-11,50012060.13544344,-0.0027724530477430953
2025-08-12,50759681.59234632,0.014948823441349068
2025-08-13,50674167.59518801,-0.0016846834825536838
2025-08-14,50490126.69244301,-0.003631848562668294
2025-08-15,50076838.53725125,-0.00818552422554375
2025-08-18,49985349.11199643,-0.0018269808543677213
2025-08-19,49407490.69405024,-0.011560555807091588
2025-08-20,49271643.79191618,-0.00274952037081333
2025-08-21,49430307.77710922,0.003220188590888462
2025-08-22,49756571.22374493,0.00660047370343908
2025-08-25,49721244.89709391,-0.0007099831395569467
2025-08-26,49745536.9034984,0.0004885639218157323
2025-08-27,50194521.94086184,0.009025634565658303
2025-08-28,50429889.32411341,0.004689104988964132
2025-08-29,49747871.09218132,-0.013524087422614794
2025-09-02,49465027.77545987,-0.005685536094546584
2025-09-03,49175540.37636071,-0.005852365036834839
2025-09-04,49463468.18717608,0.005855102122147349
2025-09-05,49546327.65756775,0.001675164994054068
2025-09-08,50171078.73124549,0.012609432489035566
2025-09-09,50327623.11890139,0.0031202117158866116
2025-09-10,50454208.06662918,0.002515218082696391
2025-09-11,50829566.063258,0.007439577609327008
2025-09-12,50701391.48205137,-0.002521654051642175
2025-09-15,51197109.23864429,0.009777202204961144
2025-09-16,51052695.37477911,-0.002820742538255816
2025-09-17,51068735.27138583,0.0003141831491750846
2025-09-18,52024159.34018278,0.018708590759487276
2025-09-19,52431941.11325137,0.007838315471897062
2025-09-22,52529275.06408477,0.0018563865606875396
2025-09-23,52797976.36261879,0.005115267595187767
2025-09-24,51993185.59666981,-0.015242833559029667
2025-09-25,52415520.755493805,0.008122894451980889
2025-09-26,52461559.94707925,0.0008783503611498045
2025-09-29,52605657.42119765,0.002746724921328436
2025-09-30,52971920.38277881,0.006962425327158295
2025-10-01,53388101.28965379,0.007856632417092557
2025-10-02,53474303.271773174,0.0016146291034344618
2025-10-03,53206460.7322597,-0.005008808401901321
2025-10-06,53715567.77316482,0.009568519196700542
2025-10-07,53214634.212749556,-0.009325668166269008
2025-10-08,53489222.24379287,0.005160009743664151
2025-10-09,52866605.813143186,-0.01164003521703727
2025-10-10,52310886.56315255,-0.010511725529624871
2025-10-13,54106737.39472849,0.034330345929195705
2025-10-14,54234629.951009065,0.0023637085220562515
2025-10-15,54041405.11096005,-0.0035627576001451278
2025-10-16,53652236.173246525,-0.007201310493582969
2025-10-17,52664422.817218155,-0.018411410716203114
2025-10-20,53318441.97538703,0.012418614373478798
2025-10-21,51800298.90963283,-0.028473132550553615
2025-10-22,50947603.39611775,-0.01646120836102971
2025-10-23,51387272.78193995,0.008629834506714174
2025-10-24,51898440.643425494,0.009947363107878138
2025-10-27,51979480.43665788,0.001561507286686803
2025-10-28,51604059.394234754,-0.007222485474448259
2025-10-29,52044427.490110055,0.008533594082416274
2025-10-30,51624110.95210701,-0.008076110320992869
2025-10-31,51768990.95053506,0.0028064405518277713
2025-11-03,51726066.2957696,-0.0008291576477986728
2025-11-04,50858466.971185245,-0.016772961617135596
2025-11-05,51983094.005470425,0.02211287719156685
2025-11-06,51544769.69920926,-0.00843205497185373
2025-11-07,51919948.66881144,0.0072787010552486375
2025-11-10,52626739.59380019,0.013613089825978975
2025-11-11,52389336.25258426,-0.004511078266453916
2025-11-12,52649008.75587291,0.004956590822924101
2025-11-13,51724652.44653375,-0.017556955604336122
2025-11-14,51487814.951005995,-0.004578812700047896
2025-11-17,50753542.624821305,-0.014261089286531137
2025-11-18,50778172.72559399,0.00048528830696126235
2025-11-19,50739102.657291695,-0.0007694264327594569
2025-11-20,50068872.85565838,-0.013209334941539308
2025-11-21,50590883.88746651,0.010425859461886011
2025-11-24,51347827.91220674,0.014962063648145785
2025-11-25,51704111.07018836,0.006938621797026867
2025-11-26,51954322.332625866,0.004839291446242067
2025-11-28,51967299.54477644,0.00024978118408491845
2025-12-01,51437951.11752382,-0.010186183078389921
2025-12-02,51294333.39495155,-0.002792057604396714
2025-12-03,51228192.80843182,-0.0012894326164738512
2025-12-04,51093206.42602666,-0.002635001841855833
2025-12-05,51161452.17295952,0.0013357107863580797
2025-12-08,50984997.619410515,-0.00344897468806149
2025-12-09,50743616.978071034,-0.004734346427577085
2025-12-10,51544385.55646772,0.015780675996012183
2025-12-11,51981623.086585246,0.008482738234186993
2025-12-12,51145910.21552818,-0.016077083042694285
2025-12-15,51217675.89118898,0.0014031557041096487
2025-12-16,50881226.26191548,-0.006569013986270633
2025-12-17,50329630.1536474,-0.010840857203965437
2025-12-18,50884909.57202166,0.011032853145932053
2025-12-19,51349976.82663807,0.009139590863538105
2025-12-22,51592101.131426886,0.004715178462616265
2025-12-23,51616243.690228485,0.00046795067989369166
2025-12-24,51737596.051199116,0.002351049830338736
2025-12-26,52016306.175955996,0.005386994101563403
2025-12-29,51516201.771420754,-0.009614377515457018
2025-12-30,51369425.83735799,-0.002849121810532762
2025-12-31,50737378.39140095,-0.012303961659181906
2026-01-02,51521682.83263706,0.01545811916385964
2026-01-05,51698873.76176837,0.003439152593421646
2026-01-06,52691456.698265344,0.019199314497079012
2026-01-07,52026744.913937055,-0.012615171907938039
2026-01-08,52280878.233487114,0.004884666914496627
2026-01-09,52660306.13919022,0.007257489134145256
2026-01-12,53182956.507689975,0.009924939804153432
2026-01-13,53467464.52031438,0.005349608809041451
2026-01-14,53659778.2781952,0.0035968370598113975
2026-01-15,54089438.827445865,0.008007124946046495
2026-01-16,53857531.8655543,-0.004287472137238901
2026-01-20,53308209.32154349,-0.010199549162076327
2026-01-21,53812714.85760313,0.009463937027345493
2026-01-22,53848796.46884356,0.0006705034551017786
2026-01-23,53937769.61843282,0.0016522774030938159
2026-01-26,54209755.983806446,0.005042595704229491
2026-01-27,54684619.297832504,0.008759739006534373
2026-01-28,54530491.51246541,-0.0028184851123796983
2026-01-29,54645943.251829535,0.0021171960156958214
2026-01-30,52300227.80836204,-0.04292570141314134
2026-02-02,53294692.569825724,0.019014539766587513
2026-02-03,53936272.79986104,0.012038351270996284
2026-02-04,53093076.42370845,-0.01563319696341292
2026-02-05,52321051.80462457,-0.014540965999459976
2026-02-06,53492722.89084885,0.022393874851742046
2026-02-09,53885611.52524634,0.007344711825553629
2026-02-10,53711770.99066363,-0.0032261030294006288
2026-02-11,54089158.91412628,0.007026167942372208
2026-02-12,53188690.2600827,-0.016647858316177433
2026-02-13,53514884.47000022,0.006132773872086217
2026-02-17,53183138.13711679,-0.006199141344860881
2026-02-18,53413313.611038536,0.004327978415419986
2026-02-19,53271933.143570274,-0.0026469143722819277
2026-02-20,53756762.45797018,0.009101027234984516
2026-02-23,53788430.471142605,0.0005890982217759966
2026-02-24,54130370.108051464,0.006357122413012339
2026-02-25,54270693.74318664,0.00259232728050951
2026-02-26,54211485.44328699,-0.00109098107681882
2026-02-27,54092275.378939606,-0.0021989816986678346
2026-03-02,54582871.058818884,0.009069607008439728
2026-03-03,53404116.815610334,-0.021595680482587976
2026-03-04,53568063.94650902,0.0030699343173252736
2026-03-05,52369422.84032446,-0.022376039339063514
2026-03-06,51394075.64185479,-0.01862436409588708
2026-03-09,51242763.88440153,-0.002944147852910084
2026-03-10,51084529.213585235,-0.0030879417662414976
2026-03-11,51423706.54137559,0.006639531243838093
2026-03-12,51100709.59809616,-0.006281090279238177
2026-03-13,50696927.76739389,-0.007901687351858588
2026-03-16,50881013.662401184,0.003631105534676937
2026-03-17,51287664.05078919,0.007992183313920487
2026-03-18,51290412.55632886,5.358999265303588e-05
2026-03-19,51410214.86261663,0.0023357641383014993
2026-03-20,50584370.738215804,-0.016063813905616287
2026-03-23,50833045.14597887,0.004916032445080765
2026-03-24,51976181.10217035,0.02248804794024628
2026-03-25,52170420.43293266,0.003737083537947772
2026-03-26,52308288.42169934,0.0026426466879621024
2026-03-27,52860947.96841706,0.010565429751061561
2026-03-30,52572152.10596508,-0.005463312209696536
2026-03-31,52477648.60913849,-0.0017975961234401039
2026-04-01,51765135.88498646,-0.01357745141096034
2026-04-02,52439479.86698898,0.013026991438809254
2026-04-06,52455189.8574418,0.0002995832623180483
2026-04-07,52629301.58146794,0.0033192468562086574
2026-04-08,51534107.12928723,-0.020809595021613503
2026-04-09,51943522.96535333,0.007944560580800841
2026-04-10,52053564.07897164,0.0021184761320811596
2026-04-13,53162578.055458486,0.02130524578114068
2026-04-14,53268316.319726825,0.001988960432995457
2026-04-15,52843465.76293882,-0.007975670832882531
2026-04-16,53635479.74717306,0.014987926563849951
2026-04-17,54484423.178886935,0.015828019730887544
2026-04-20,55835544.14624644,0.024798298091977866
2026-04-21,57092996.51076694,0.022520643144928076
2026-04-22,54744324.34399238,-0.04113765803712244
2026-04-23,54968562.60449001,0.004096100612889231
2026-04-24,56069554.33758874,0.020029480141596334
2026-04-27,55498713.96069742,-0.01018093301498979
2026-04-28,53878196.650254786,-0.02919918669809607
2026-04-29,54259485.181273244,0.007076861415640012
2026-04-30,55711885.27377124,0.026767671820802086
2026-05-01,56168983.85171421,0.008204686947798745
2026-05-04,55351712.83380148,-0.014550219033164669
2026-05-05,56816228.80597721,0.026458367721574838
2026-05-06,58319045.7200184,0.026450486870101653
2026-05-07,56807701.47358692,-0.02591510591046431
2026-05-08,58254919.48815726,0.02547573615952814
2026-05-11,59730275.08403605,0.025325854174061968
2026-05-12,58711368.62875534,-0.017058459112187063
2026-05-13,59511289.55788037,0.013624634339272523
2026-05-14,59381805.58866287,-0.0021757883282224055
2026-05-15,57720082.05032404,-0.027983715245197716
2026-05-18,56859156.14474328,-0.014915535026962523
2026-05-19,56481295.72512211,-0.006645550958569779
2026-05-20,58184655.13431738,0.03015793790363852
2026-05-21,57931795.13556306,-0.00434581932591338
2026-05-22,58852150.23848685,0.015886873534129542
2026-05-26,61130832.81222542,0.038718764981477305
2026-05-27,60936674.834985934,-0.003176105547848085
