ticker,entry_date,entry_price,exit_date,exit_price,shares,stop_loss,atr_at_entry,R,gross_pnl,net_pnl,pnl_r_multiple,exit_reason,holding_days,gap_adjusted_loss_multiple,entry_commission,exit_commission
WYNN,2004-10-28,30.79707738606906,2004-11-22,31.190687848414196,16419,28.88620098178538,0.9554382021418398,1.9108764042836803,6462.690181244806,6157.357046029311,0.2059842601346515,trailing_stop,25,0.2059842601346515,151.69716408056038,153.6359711349338
PGR,2004-10-28,12.253048181034655,2004-11-22,12.192822136547576,41268,11.868508134014988,0.19227002350983338,0.3845400470196676,-2485.408403892777,-2788.0580567725724,-0.156618393724799,trailing_stop,25,-0.156618393724799,151.69763770048147,150.9520151793136
CTSH,2004-10-29,7.614094932671049,2004-11-23,8.128527529945394,66683,7.136363677386223,0.2388656276424134,0.4777312552848265,34303.90888404514,33988.97929594274,1.0768242428844994,stop_loss,25,1.0768242428844994,152.31920771859106,162.61038038380462
BBWI,2004-10-29,7.001839627441657,2004-11-26,7.319524762590838,72513,6.7508818225349065,0.12547890245337542,0.2509578049067507,23036.30220507254,22724.75667626821,1.2658906355481718,trailing_stop,28,1.2658906355481718,152.31731907140306,159.22820973292482
DUK,2004-10-28,16.034142867447756,2004-12-02,16.416346539994514,31537,15.547710596511598,0.24321613546807921,0.4864322709361577,12053.557221107118,11746.539895774366,0.7857284464519441,trailing_stop,35,0.7857284464519441,151.70062908320995,155.3166962495421
XLU,2004-11-12,6.5708377379362535,2004-12-02,6.4267930365480606,40462,6.411813683294441,0.07951202732090641,0.15902405464181246,-5828.336707569062,-5986.1097484882175,-0.9058044816719131,trailing_stop,20,-0.9058044816719131,79.76077096571301,78.0122699534423
WMB,2004-11-22,5.115888729729612,2004-12-03,5.108973953101983,104879,4.8847833600606085,0.11555268483450172,0.2311053696690033,-725.2148579290977,-1046.926869922906,-0.029920449868960336,trailing_stop,11,-0.029920449868960336,160.9647882255936,160.7472237682149
OVV,2004-11-22,44.578165482563115,2004-12-08,43.009176805486135,12036,42.70046219152078,0.9388516455211688,1.8777032910423372,-18884.347717298537,-19200.608092832226,-0.8355892459484451,trailing_stop,16,-0.8355892459484451,160.9628399244389,155.29753560924937
HAL,2004-10-28,13.036355280637295,2004-12-09,13.795318443602012,38789,12.399218242688315,0.31856851897448996,0.63713703794898,29439.422128238402,29127.189990611547,1.1912086690296795,trailing_stop,42,1.1912086690296795,151.70015549419202,160.53198213266353
GRMN,2004-11-23,13.689588792485724,2004-12-09,13.644334618129683,39764,12.963473737941413,0.363057527272155,0.7261150545443105,-1799.4869890935993,-2125.5588282435124,-0.06232369659990162,trailing_stop,16,-0.06232369659990162,163.3058426233207,162.76599652659263
IJR,2004-11-26,20.050135318219287,2004-12-10,19.735397506609605,27502,19.56641576365478,0.24185977728225327,0.4837195545645052,-8655.919294889467,-8984.173812014,-0.650661749436699,stop_loss,14,-0.650661749436699,165.42564645650006,162.82887066803323
EFA,2004-12-02,28.356234823053992,2004-12-10,27.511987942517585,9934,27.787224399786332,0.2845052116338289,0.5690104232676596,-8386.748511248663,-8553.24698873462,-1.4837107476663518,stop_loss,8,-1.4837107476663518,84.5072510196655,81.99122646629091
FDX,2004-12-09,51.94409944319242,2004-12-17,51.23264763342811,10498,50.38185284784978,0.7811232976713225,1.5622465953426428,-7468.821098905755,-7793.765946148864,-0.455403015045952,stop_loss,8,-0.455403015045952,163.59274678639022,161.3521004567185
BC,2004-10-28,34.5939983646651,2004-12-20,34.73109068499367,14617,33.293319585263454,0.6503393897008205,1.3006787794016432,2003.8784462427059,1699.8809982510472,0.10540059736473678,trailing_stop,53,0.10540059736473678,151.69814222889292,152.29930576276575
DVA,2004-12-08,18.768749999999997,2004-12-20,19.13085,29074,17.909629672222785,0.42956016388860635,0.8591203277772124,10527.695400000048,10197.127508880048,0.421477630423269,trailing_stop,12,0.421477630423269,163.70479125,166.86309986999999
NTAP,2004-12-03,24.731339750949502,2004-12-27,23.448931049234595,22472,23.156856491550986,0.7872416296992581,1.5744832593985159,-28818.288344937388,-29143.10045856391,-0.8144949741827122,stop_loss,24,-0.8144949741827122,166.72880006500114,158.08331356151993
FLR,2004-12-09,22.189108162513143,2004-12-28,21.340691150129654,24575,21.20672922258155,0.49118946996579727,0.9823789399315928,-20849.84807932425,-21170.771524756707,-0.863635179763288,stop_loss,19,-0.863635179763288,163.58919992812815,157.33424550433088
GRMN,2004-12-27,15.212639174495834,2005-01-04,14.655664019059971,36977,14.348161098141674,0.4322390381770799,0.8644780763541604,-20595.2703225519,-20926.602396708335,-0.644290665860311,stop_loss,8,-0.644290665860311,168.75532762659975,162.5767465298342
NVR,2004-10-28,614.6139999999999,2005-01-06,709.29,822,592.15058827451,11.231705862744937,22.46341172548989,77823.67200000004,77497.19727360005,4.214675898611092,trailing_stop,70,4.214675898611092,151.5638124,174.91091400000002
LH,2004-11-01,37.417168513702485,2005-01-06,39.0709221883174,13592,36.052567711091214,0.6823004013056352,1.364600802611271,22477.819945365878,22165.93210671932,1.2118955752116836,trailing_stop,66,1.2118955752116836,152.57224633147325,159.31559231508302
NKE,2004-12-20,8.533756999171283,2005-01-06,8.184754337444355,65828,8.215399173021641,0.15917891307482082,0.3183578261496418,-22974.147216160214,-23304.311065440234,-1.0962590929455642,stop_loss,17,-1.0962590929455642,168.52804672243417,161.63580255758612
JBHT,2004-12-20,17.3120221512842,2005-01-06,16.643398469055068,32449,16.46053904325616,0.4257415540140205,0.8514831080280416,-21696.169864653104,-22026.715697765918,-0.7852459736724601,trailing_stop,17,-0.7852459736724601,168.5273420361063,162.01849107671035
FFIV,2004-10-28,19.789769999999997,2005-01-07,21.163815,25552,18.204421950643777,0.7926740246781108,1.5853480493562202,35109.59784000006,34795.66403882406,0.8667150412541751,trailing_stop,71,0.8667150412541751,151.70046091199998,162.233340264
SLM,2005-01-04,14.842673069897167,2005-01-07,14.535660391641011,37582,14.381710431122299,0.23048131938743427,0.460962638774868,-11538.150474222837,-11869.379432668296,-0.6660250797594447,stop_loss,3,-0.6660250797594447,167.3452017938626,163.88375665159575
ADSK,2004-11-01,26.67233566646645,2005-01-10,34.727201735528695,19068,25.375784923466963,0.6482753714997427,1.2965507429994858,153590.1862048789,153238.95629112452,6.212534382131344,trailing_stop,70,6.212534382131344,152.57642894645468,198.65348480791837
ADBE,2004-10-28,27.666928756267122,2005-01-12,29.205273587016045,18277,26.426164924015385,0.6203819161258682,1.2407638322517371,28116.328471598055,27804.4924989296,1.2398369381521506,trailing_stop,76,1.2398369381521506,151.70053706348824,160.13543560496765
VRSN,2004-10-28,22.385438531456,2005-01-12,25.6675176374516,22589,20.74027583303537,0.822581349210315,1.6451626984206307,74138.8849253346,73813.24445726475,1.9949875529918235,trailing_stop,76,1.9949875529918235,151.69940129611788,173.94106677371826
BALL,2004-10-29,8.10439287349662,2005-01-13,8.477414186820317,62648,7.782533226017739,0.1609298237394407,0.3218596474788811,23369.039237102985,23057.394122488564,1.158956446530543,trailing_stop,76,1.158956446530543,152.31720142164485,159.32791319277578
MGM,2005-01-07,36.215678760105455,2005-01-21,34.239303438263924,15032,34.52947472996138,0.8431020150720363,1.6862040301440757,-29708.873837921885,-30026.59762564365,-1.1720855166457296,stop_loss,14,-1.1720855166457296,163.31822493657157,154.405562785195
DVA,2005-01-11,21.27125,2005-01-25,19.98,25893,20.36127794877032,0.4549860256148398,0.9099720512296798,-33434.33624999995,-33754.77183487495,-1.4189996255984816,stop_loss,14,-1.4189996255984816,165.232942875,155.202642
ROK,2005-01-12,33.4448929602243,2005-01-25,33.724755086676275,16323,31.88431009417277,0.7802914330257655,1.5605828660515328,4568.189490075569,4239.266440554701,0.17933179489536466,trailing_stop,13,0.17933179489536466,163.77629633692237,165.14675318394504
MCO,2004-10-28,30.228667539449543,2005-01-26,32.36274493911684,16728,29.299374878461407,0.46464633049406745,0.9292926609881356,35698.8467416345,35384.737997252065,2.2964535170202325,trailing_stop,90,2.2964535170202325,151.6995451799736,162.40919920246395
ABT,2004-12-17,13.668796992849591,2005-01-28,13.473705142799831,41192,13.142125241930586,0.2633358754595029,0.5266717509190055,-8036.223487249716,-8371.639671641216,-0.3704239874444345,trailing_stop,42,-0.3704239874444345,168.91352571883812,166.5026586726632
FFIV,2005-01-21,25.23521,2005-01-31,23.811165000000003,22126,23.11318478860876,1.0610126056956193,2.1220252113912395,-31508.419669999912,-31833.97969797491,-0.671078266344614,stop_loss,10,-0.671078266344614,167.50627693799998,158.05375103700004
XRAY,2005-01-28,23.7691090180164,2005-02-01,22.903069745454793,23297,22.923823401904247,0.42264280805607635,0.8452856161121538,-20176.116932867775,-20502.31345746355,-1.024552241341701,stop_loss,4,-1.024552241341701,166.12467983781843,160.07184475795808
AMT,2004-11-01,12.37473777748203,2005-02-04,12.772664284598777,41100,11.792141750072604,0.2912980137047134,0.5825960274094264,16354.779442498295,16044.711975072838,0.6830230355091301,trailing_stop,95,0.6830230355091301,152.58051679635344,157.48695062910295
CAG,2004-12-28,10.338037556443805,2005-02-04,10.206089566736507,54030,10.058692162368963,0.13967269703742033,0.2793453940748414,-7129.149883885295,-7462.149640424924,-0.4723471104447371,trailing_stop,38,-0.4723471104447371,167.56925075239764,165.43050578723202
ANF,2005-01-07,33.681348539492554,2005-02-17,35.415045988914194,16163,31.89082323355908,0.895262652966738,1.7905253059334747,28021.751875001977,27686.710367573185,0.9682619082101119,trailing_stop,41,0.9682619082101119,163.31749093314545,171.72401649564605
GIS,2005-01-10,12.558571953736026,2005-02-22,12.781667622755553,43464,12.232702686579378,0.16293463357832436,0.3258692671566479,9696.630158264708,9366.21370637892,0.6846170888287016,trailing_stop,43,0.6846170888287016,163.75373141915478,166.6627204666342
TLT,2005-01-14,44.7553747265489,2005-02-22,45.19875073592623,12298,44.132738066621066,0.31131832996391606,0.622636659927835,5452.638163322424,5120.761412841168,0.7120942885513999,trailing_stop,39,0.7120942885513999,165.12047951612954,166.75627096512622
MO,2005-01-11,4.034639809096975,2005-02-23,4.094551380473769,136512,3.9071490500617485,0.06374537951761307,0.1274907590352261,8178.6484317889535,7845.728787487748,0.46992873703293747,trailing_stop,43,0.46992873703293747,165.23302488583386,167.68661941537053
DIS,2005-01-18,22.79021791090616,2005-02-23,22.84109282847066,24356,22.110284969778103,0.3399664705640297,0.6799329411280581,1239.1094922009463,905.6906308904677,0.07482343402879432,trailing_stop,36,0.07482343402879432,166.52356423140913,166.8952970790694
FLR,2005-02-04,22.889003010087198,2005-03-09,23.782669912513622,24865,21.838751574453266,0.5251257178169653,1.0502514356339319,22221.027528833052,21872.880184666912,0.8509075751817539,trailing_stop,33,0.8509075751817539,170.74051795374547,177.40682621239534
NVDA,2005-02-22,0.21452874703280977,2005-03-09,0.20029950518463543,2709923,0.19900297689865937,0.007762885067075201,0.015525770134150407,-38560.14975693015,-38897.39554345031,-0.916491853558734,trailing_stop,15,-0.916491853558734,174.40691572361789,162.83887079653886
AAPL,2004-10-28,0.7488110200098214,2005-03-10,1.1839214348596787,675296,0.708896447725212,0.019957286142304693,0.03991457228460937,293828.32270644925,293436.7727576962,10.90104164833131,trailing_stop,133,10.90104164833131,151.70072597056568,239.84922278250045
SPGI,2004-10-28,29.939734776931875,2005-03-10,31.067950925485448,16889,29.195935467521558,0.37189965470515846,0.743799309410317,19054.442532921297,18745.334891772858,1.5168287120998016,trailing_stop,133,1.5168287120998016,151.69565419428073,157.41198695415713
KBH,2005-01-18,39.812569162417994,2005-03-10,42.772514922917125,6971,37.71000790454292,1.0512806289375374,2.102561257875074,20633.781896439446,20461.071710091783,1.4077809858869759,trailing_stop,51,1.4077809858869759,83.26002588936475,89.45016045829658
CLF,2005-01-25,12.389173471748114,2005-03-11,14.473711536060122,44407,11.520998331137903,0.4340875703051056,0.8681751406102105,92568.08182190335,92210.21178154084,2.401057075703479,trailing_stop,45,2.401057075703479,165.04980790797555,192.82023245454656
ATI,2005-02-01,19.672369822268333,2005-03-11,19.132806690662445,28641,18.022741844650596,0.8248139888088686,1.6496279776177367,-15453.627652324243,-15787.053370476298,-0.3270817050430261,trailing_stop,38,-0.3270817050430261,169.0309032238762,164.39481492817893
WMB,2005-02-17,6.2164387122743365,2005-03-11,5.8847201097654285,94605,5.893835924855801,0.16130139370926783,0.32260278741853554,-31382.238390355247,-31725.687429462967,-1.028257087185505,stop_loss,22,-1.028257087185505,176.43185531241406,167.0171837953075
EOG,2005-02-23,14.715109641964569,2005-03-11,15.2676917224814,19465,14.072494076063723,0.3213077829504226,0.6426155659008455,10756.010197260126,10580.925628692445,0.8598952621731141,trailing_stop,16,0.8598952621731141,85.9288827542521,89.15568581343014
VLO,2005-02-23,16.963034422631388,2005-03-11,17.563030429319912,16885,15.9568255669034,0.5031044278639942,1.006208855727989,10130.932572935733,9956.040791428175,0.5962937051020378,trailing_stop,16,0.5962937051020378,85.9262508678393,88.96553063972001
PHM,2005-02-25,30.61808748694456,2005-03-16,30.186226124420987,9598,28.755098638735518,0.9314944241045209,1.8629888482090422,-4145.005357501258,-4320.085298113824,-0.2318110293245916,trailing_stop,19,-0.2318110293245916,88.16172110990817,86.91821950265779
DD,2005-02-22,24.34460427270511,2005-03-17,23.789797794296124,23880,23.672990408964985,0.33580693187006244,0.6716138637401237,-13248.778704406552,-13593.613560814549,-0.8260795501143244,trailing_stop,23,-0.8260795501143244,174.40474500965936,170.43011139833746
TOL,2004-12-10,27.91063142191433,2005-03-18,34.649286218988834,19707,26.447239316580387,0.7316960526669722,1.463392105333945,132798.67008594723,132428.80959686244,4.6048183344113,trailing_stop,98,4.6048183344113,165.01044402949972,204.85004505528389
STZ,2005-01-10,20.772977314524404,2005-03-18,21.84125860887983,26277,19.926543291012017,0.42321701175619425,0.8464340235123871,28071.22757177753,27735.29528856974,1.2620963532662064,trailing_stop,67,1.2620963532662064,163.75545746812733,172.1768257396606
COO,2005-02-04,20.082101236846317,2005-03-18,19.623152804829687,28341,19.2313838326456,0.4253587021003572,0.8507174042007151,-13007.057511783309,-13344.64349322185,-0.5394840046182332,trailing_stop,42,-0.5394840046182332,170.74404934603845,166.84193209250347
CB,2005-03-15,21.10336268651881,2005-03-21,20.51050590160784,27236,20.513555261121436,0.2949037126986877,0.5898074253973746,-16147.04739383521,-16487.065991295076,-1.005170093461509,stop_loss,6,-1.005170093461509,172.4313558390079,167.58724162085733
HUM,2004-12-02,23.711769208781273,2005-03-22,27.56339182710297,23759,22.44879348513845,0.631487861821412,1.2629757236428247,91510.70178870515,91145.22782338966,3.0496410550254973,trailing_stop,110,3.0496410550254973,169.0103773894303,196.46358792604184
M,2005-03-15,16.678414073396134,2005-03-22,16.132535680369912,34462,15.925439396850592,0.37648733827277114,0.7529746765455414,-18812.061180469642,-19151.280465593925,-0.724962485498947,stop_loss,7,-0.724962485498947,172.43145173921326,166.78783338507236
BYD,2005-03-16,51.1181469459626,2005-03-22,48.963286962593195,11166,48.1365589265573,1.4907940097026486,2.981588019405301,-24061.16657430278,-24396.41936160966,-0.7227222437656587,stop_loss,6,-0.7227222437656587,171.23556863958552,164.01721866729469
CNP,2005-03-09,5.495414754468317,2005-03-23,5.219219547916569,107688,5.289744482201628,0.10283513613334487,0.20567027226668966,-29742.9094031447,-30089.060664771267,-1.3429029072009504,stop_loss,14,-1.3429029072009504,177.53706722375523,168.61419440281188
ZION,2005-03-09,45.86234696611711,2005-03-24,44.827528043436146,12903,44.51756485166913,0.6723910572239892,1.3447821144479803,-13352.268559352457,-13703.319996526936,-0.7695067561972634,stop_loss,15,-0.7695067561972634,177.5285588711427,173.52287830333697
NOV,2005-03-15,17.431977615474665,2005-03-24,16.31957167603469,16486,16.434995628695628,0.49849099338951797,0.996981986779037,-18339.124317607406,-18506.05273009335,-1.115773358186579,stop_loss,9,-1.115773358186579,86.2150748906146,80.71333759533236
D,2005-03-21,15.814199045745095,2005-03-24,15.239236041405155,35763,15.38601272369091,0.21409316102709228,0.4281863220541844,-20562.401924209284,-20895.57112391581,-1.3427869474709242,stop_loss,3,-1.3427869474709242,169.66896014189456,163.50023956463178
DVN,2005-02-23,27.347784260496567,2005-03-30,28.04348537624555,10473,26.085668148056193,0.6310580562201865,1.2621161124403741,7286.077785239085,7112.043955167404,0.5512179972124779,trailing_stop,35,0.5512179972124779,85.92400336805417,88.1098267036259
CNX,2005-03-18,21.79692535627809,2005-03-30,20.049172823486916,26075,20.356033025624054,0.720446165327019,1.4408923306540373,-45572.64729252989,-45899.9883955411,-1.2129653934640976,stop_loss,12,-1.2129653934640976,170.50644859948537,156.8346544117264
ITT,2005-03-21,35.27720719968616,2005-03-30,34.192109175460864,16032,34.35968172954585,0.4587627350701565,0.9175254701403119,-17396.291524379943,-17730.41114841785,-1.1826353158995773,stop_loss,9,-1.1826353158995773,169.66925574761058,164.45036829029658
YUM,2005-03-28,12.609894887862202,2005-04-05,12.303813239184844,44142,12.189614756120044,0.21014006587107897,0.4202801317421585,-13511.056135915931,-13840.978407159166,-0.7282800816887978,stop_loss,8,-0.7282800816887978,166.987794042004,162.93447720122919
ADM,2004-11-01,11.355618743297129,2005-04-07,12.628252433392266,44788,10.918369190111079,0.2186247765930248,0.4372495531860494,56998.717711981015,56676.46082530254,2.9105431459494997,trailing_stop,157,2.9105431459494997,152.57863568243752,169.67825099603184
EOG,2005-04-01,16.79534530403833,2005-04-11,16.09472005250701,33111,15.780590289676836,0.507377507180748,1.014755014361496,-23198.40270345356,-23525.109589659733,-0.6904378314131002,trailing_stop,10,-0.6904378314131002,166.83320350860396,159.87368269756792
VLO,2005-04-04,20.25360801735347,2005-04-13,18.728977368968312,27515,18.8277806454928,0.7129136859303352,1.4258273718606702,-41950.21229031765,-42271.99404138904,-1.0692953989202445,stop_loss,9,-1.0692953989202445,167.18340737924422,154.59834369214894
MUR,2005-01-31,20.527446023378445,2005-04-15,21.35459079858812,27054,19.707244264520305,0.4101008794290701,0.8202017588581398,22377.57474852254,22037.6517612681,1.00846501031795,trailing_stop,74,1.00846501031795,166.60485741494412,173.3181298395009
ADBE,2005-03-21,33.93253053909522,2005-04-15,31.343625,16667,32.226388896722526,0.8530708211863456,1.7061416423726925,-43149.28862010001,-43475.67592541104,-1.5174036403536149,stop_loss,25,-1.5174036403536149,169.66604594852998,156.7212593625
UNP,2005-03-23,11.279775368792668,2005-04-15,10.484523294601965,49446,10.887261674045195,0.19625684737373678,0.392513694747473,-39322.0340604335,-39644.881313946564,-2.026049243204967,stop_loss,23,-2.026049243204967,167.32193186559667,155.52532164746663
WDC,2005-04-01,7.750082848678247,2005-04-15,7.577366304924303,71756,7.2073899437462545,0.2713464524659962,0.5426929049319922,-12393.44831360797,-12723.399246047742,-0.31825834129080344,trailing_stop,14,-0.31825834129080344,166.83448346692686,163.1164489728445
LMT,2005-04-05,33.68744924974973,2005-04-18,32.24464768064087,16510,32.74308352852672,0.47218286061150627,0.944365721223015,-23820.65390598738,-24147.215582083605,-1.5277995978510786,stop_loss,13,-1.5277995978510786,166.8539361340104,159.7077399622142
M,2005-04-05,16.678414073396592,2005-04-18,15.97203869504831,33349,15.903153532007492,0.3876302706945502,0.7752605413891,-23556.912492536856,-23883.570477349316,-0.9111457898819529,stop_loss,13,-0.9111457898819529,166.8625292801109,159.79545553234982
WY,2005-04-06,12.712762020823385,2005-04-18,11.978469183478103,43704,12.294721911950338,0.20902005443652313,0.418040108873047,-32091.53416333824,-32415.26583390408,-1.7565128841937927,stop_loss,12,-1.7565128841937927,166.67956540741957,157.0521051584181
ISRG,2005-04-07,5.761305349799999,2005-04-18,5.28914471085,96424,5.369477375841346,0.19591398697932638,0.39182797395865254,-45527.61745011473,-45847.27602910916,-1.2050202393150822,stop_loss,11,-1.2050202393150822,166.65843211473455,153.0001468797001
STZ,2005-04-11,24.49799115816674,2005-04-18,23.567123131942154,22486,23.419263564408826,0.539363796878957,1.0787275937579146,-20931.498437686067,-21255.736085664284,-0.862931505239209,trailing_stop,7,-0.862931505239209,165.25854875476122,158.97909922345536
AIZ,2005-01-27,21.43353385985279,2005-04-19,21.87775685015879,25753,20.63504053208465,0.39924666388407126,0.7984933277681421,11440.07466935039,11105.45596845391,0.5563264899753647,trailing_stop,82,0.5563264899753647,165.59333924783667,169.0253616486418
DGX,2005-03-31,37.58683245723132,2005-04-19,36.95689858968221,14812,36.564900763457466,0.5109658468869266,1.0219316937738512,-9330.580446137354,-9661.822969417417,-0.6164148459109315,stop_loss,19,-0.6164148459109315,167.02084870695307,164.22167457311187
MCK,2005-04-05,33.046911682114995,2005-04-19,30.659848849777898,16830,31.602238348692815,0.7223366667110903,1.4446733334221804,-40174.267468233345,-40495.922902158876,-1.6523201315570488,stop_loss,14,-1.6523201315570488,166.85385708299862,154.80157684252862
DUK,2005-04-07,19.322997561907453,2005-04-19,18.988946870681417,28749,18.70132190968938,0.31083782610903715,0.6216756522180731,-9603.623322057307,-9934.052349205056,-0.5373391897111915,stop_loss,12,-0.5373391897111915,166.6550570721832,163.773970075566
CLX,2005-03-30,33.967054992175136,2005-04-21,34.30243048610692,16297,33.08988242025785,0.4385862859586414,0.8771725719172849,5465.614424606304,5131.8380831544355,0.3823369593040698,trailing_stop,22,0.3823369593040698,166.06832856224344,167.70801288962534
GILD,2005-04-25,6.840975893020257,2005-04-28,6.299476349223136,77506,6.4208817726365135,0.21004706019187164,0.4200941203837436,-41969.46364153967,-42275.00280898586,-1.2889957690968805,stop_loss,3,-1.2889957690968805,159.0650032693284,146.4741641768665
MNST,2005-04-26,0.6511707029689225,2005-04-29,0.593155656793518,815510,0.5850941570209466,0.03303827297398797,0.06607654594797596,-47311.85030650416,-47616.278483399125,-0.8779975609058246,stop_loss,3,-0.8779975609058246,159.31086599345582,145.11731090150457
HIG,2005-05-05,47.842845333839925,2005-05-11,46.132460792337724,5583,46.044277581555534,0.8992838761421961,1.7985677522843915,-9549.076895206787,-9706.476135437522,-0.9509703147572908,stop_loss,6,-0.9509703147572908,80.1319816496485,77.26725858108645
PEG,2005-05-02,13.236440876949011,2005-05-13,12.684791551113017,20004,12.730975075315596,0.25273290081670735,0.5054658016334148,-11035.193114023225,-11190.75161407051,-1.091368246978009,stop_loss,11,-1.091368246978009,79.4345289907464,76.12397105653943
EIX,2005-04-05,17.014404706086143,2005-05-16,17.109085464610448,32690,16.38618072147987,0.3141119923031359,0.6282239846062723,3095.113996159531,2760.4649280555095,0.1507117856756845,trailing_stop,41,0.1507117856756845,166.86026695258678,167.78880115143468
CB,2005-05-02,21.602737322283627,2005-05-16,21.219327251675782,24514,20.87364134206303,0.3645479901102973,0.7290959802205954,-9398.9144708807,-9713.83649817051,-0.5258705040341052,trailing_stop,14,-0.5258705040341052,158.87085081553826,156.05117647427403
MNST,2005-05-04,0.6871441045468394,2005-05-16,0.6490371634271622,772582,0.6136456953233315,0.03674920461175394,0.07349840922350792,-29440.736784122422,-29750.42966303459,-0.51847300536525,trailing_stop,12,-0.51847300536525,159.26254997370188,150.43032893846515
PPL,2005-05-10,10.474356080556404,2005-05-16,10.131727460784376,25752,10.179444684644462,0.14745569795597133,0.29491139591194226,-8823.372216369284,-8982.566575376266,-1.1618018988806196,stop_loss,6,-1.1618018988806196,80.92068533594657,78.27367367103577
RSG,2005-05-02,14.612562753420839,2005-05-26,14.7092663934906,36241,14.057660927074092,0.27745091317337306,0.5549018263467467,3504.6366197681905,3185.840896734225,0.1742716197321225,trailing_stop,24,0.1742716197321225,158.8721660240174,159.92355700994787
VNO,2005-05-20,27.001857094934753,2005-05-26,25.987846749994333,9898,26.322661001984066,0.33959804647534403,0.6791960929506864,-10036.674394220277,-10194.022020817409,-1.4929566813836828,stop_loss,6,-1.4929566813836828,80.17931445769926,77.16831213943317
BXP,2005-04-28,26.431424398601308,2005-05-27,26.10367109837821,19992,25.759542583691875,0.3359409074547164,0.6718818149094332,-6552.443978060164,-6867.528466812849,-0.48781391749273223,trailing_stop,29,-0.48781391749273223,158.5251109730512,156.55937777963317
BMY,2005-04-14,11.571660913737905,2005-06-01,11.38247152973799,47308,11.163997976793972,0.20383146847196634,0.4076629369439324,-8950.17137826799,-9275.945607558779,-0.4640828656590267,trailing_stop,48,-0.4640828656590267,164.22964035213386,161.54458893865342
JNJ,2005-01-27,35.01330473882111,2005-06-06,36.48170791708767,15765,33.993470951593665,0.509916893613723,1.0198337872274479,23149.37610537225,22811.24044301613,1.4398455872486855,trailing_stop,130,1.4398455872486855,165.59542476225445,172.54023759386615
ADSK,2005-06-01,39.36932999999999,2005-06-06,36.858105,13588,37.478236126001995,0.9455469369989984,1.8910938739979954,-34122.52529999985,-34433.25881603385,-1.3279219157380924,stop_loss,5,-1.3279219157380924,160.48513681199995,150.248379222
BAX,2005-04-25,13.618986218338513,2005-06-09,13.476904944305764,38932,13.06794191337646,0.27552215248102635,0.551044304962053,-5531.508160643004,-5847.977331066224,-0.2578400189482654,trailing_stop,45,-0.2578400189482654,159.0643114357065,157.4048589875136
EFX,2005-05-16,28.81640916899699,2005-06-10,27.928946223715904,18270,27.66698789699669,0.5747106360001507,1.1494212720002999,-16213.94801028545,-16524.96930319291,-0.7720954596017385,trailing_stop,25,-0.7720954596017385,157.9427386552725,153.07855425218685
STT,2005-06-06,32.16081411283363,2005-06-15,31.56215068189003,16648,31.063331340451775,0.5487413861909256,1.097482772381852,-9966.54879834898,-10284.806773719747,-0.545487770750446,trailing_stop,9,-0.545487770750446,160.62397000513627,157.6340053656316
COP,2005-06-20,23.040843262078024,2005-06-22,22.071989674181662,11920,22.033739731378844,0.5035517653495903,1.0071035306991796,-11548.734767724634,-11710.058258304698,-0.962019850356137,stop_loss,2,-0.962019850356137,82.394055505191,78.92943507487362
SGI,2005-05-26,5.238718157183122,2005-06-27,5.287767182014849,101024,4.989971303547796,0.12437342681766275,0.24874685363532567,4955.12868460039,4636.1003881282495,0.19718450350184186,stop_loss,32,0.19718450350184186,158.77087893338032,160.25741753876045
DVA,2005-05-27,22.48246,2005-06-27,22.302675,23728,21.68554812456137,0.39845593771931387,0.796911875438628,-4265.938479999975,-4584.736984983975,-0.22560210926841012,trailing_stop,31,-0.22560210926841012,160.039143264,158.75936172
MGM,2005-06-10,38.676021521082426,2005-06-27,36.477936491717664,13999,36.20861168914644,1.2337049159679947,2.4674098319359885,-30770.992326077303,-31086.61640354366,-0.8908471551481547,trailing_stop,17,-0.8908471551481547,162.4276875820899,153.19638988426667
GLW,2005-04-28,8.861332838872716,2005-06-30,11.139822060163192,59633,8.322595177818224,0.26936883052724603,0.5387376610544923,135873.14773321495,135515.3290721867,4.229311195416894,trailing_stop,63,4.229311195416894,158.528358354149,199.2903026741135
DRI,2005-03-28,14.55301781719015,2005-07-07,15.276859263291993,38248,13.813023839669912,0.36999698876011966,0.7399939775202391,27685.48763050325,27343.20768893096,0.978172077193756,trailing_stop,101,0.978172077193756,166.98714764156668,175.29279393071766
ZION,2005-05-03,46.49895939533308,2005-07-07,45.344125643550385,11404,44.96004095279781,0.7694592212676348,1.5389184425352695,-13169.724105329871,-13483.937667864899,-0.7504190734631667,trailing_stop,65,-0.7504190734631667,159.08223988331352,155.13132265171458
LMT,2005-05-05,34.87900205934012,2005-07-07,34.65632466592883,15316,33.771605430558154,0.5536983143909818,1.107396628781963,-3410.5269574872937,-3730.0278767245595,-0.20108187764325564,trailing_stop,63,-0.20108187764325564,160.26203866225595,159.23888057500977
UHS,2005-03-30,23.177580599367595,2005-07-14,25.736102553743134,23883,22.29635022386767,0.4406151877499628,0.8812303754999249,61105.179836351,60754.71818792728,2.9033519786742272,trailing_stop,106,2.9033519786742272,166.06504723640887,184.39660118731416
HAL,2005-06-24,17.507960986268365,2005-07-18,16.7269183973197,15563,16.735095070263796,0.38643295800228544,0.7728659160045694,-12155.365811808077,-12315.20504016211,-1.010579678537729,trailing_stop,24,-1.010579678537729,81.74291904878838,78.09630930524595
OVV,2005-06-09,63.35905069422779,2005-07-19,66.46280038210841,8481,60.223820286375656,1.5676152039260673,3.1352304078521342,26322.90110291556,25992.59536722204,0.9899590410029614,trailing_stop,40,0.9899590410029614,161.20443268132377,169.10130301219843
CCI,2005-06-27,12.428506475501468,2005-07-19,12.275297182668064,43629,11.925986107933934,0.251260183783767,0.5025203675675343,-6684.368237028589,-7007.708911969272,-0.3048817574798382,trailing_stop,22,-0.3048817574798382,162.67299270589606,160.6676822347875
CI,2005-05-05,28.689460233567285,2005-07-22,30.89042817156937,18621,27.399247866798106,0.6451061833845887,1.290212366769179,40984.2239735368,40651.39284293918,1.7058958623327474,trailing_stop,78,1.7058958623327474,160.26793170277693,172.56319889483797
HUM,2005-07-07,35.83422549061937,2005-07-22,33.424973886612555,15521,34.00559657552908,0.9143144575451437,1.8286289150902846,-37393.99414578973,-37716.485755849935,-1.3175180508877933,stop_loss,15,-1.3175180508877933,166.85490415197094,155.63670590823403
FISV,2005-04-25,10.495484999999999,2005-07-26,10.7167725,50518,10.065152864230097,0.21516606788495113,0.4303321357699019,11179.001925000037,10857.521677684537,0.5142249012012501,trailing_stop,92,0.5142249012012501,159.063273369,162.41697394649998
ROP,2005-05-04,31.283523283511155,2005-07-27,32.95742894686395,16969,29.97509394072892,0.6542146713911164,1.308429342782233,28404.50520143357,28077.4737859144,1.2793244607258774,trailing_stop,84,1.2793244607258774,159.25503197937022,167.77638353980032
SWK,2005-07-19,29.36876645378377,2005-07-27,28.193622452592034,19063,28.185239310002054,0.5917635718908584,1.183527143781717,-22401.770094718064,-22730.963640634738,-0.9929168142581045,stop_loss,8,-0.9929168142581045,167.957038472544,161.2365074441286
TOL,2005-07-19,51.659547947857234,2005-07-27,48.215553982853024,10837,48.956214086706716,1.3516669305752593,2.7033338611505187,-37322.56259875063,-37647.26654263756,-1.2739802561931706,stop_loss,8,-1.2739802561931706,167.95035633327865,156.75358755365346
WHR,2005-07-26,42.81033397299402,2005-07-27,41.79599886536595,12872,41.080035178161204,0.8651493974164091,1.7302987948328195,-13056.521505388528,-13383.23732027714,-0.5862196232564997,stop_loss,1,-0.5862196232564997,165.3163856701137,161.39942921849715
NBIX,2005-07-22,52.252199999999995,2005-07-28,49.7502,10622,49.254914471206575,1.4986427643967086,2.9972855287934195,-26576.24399999995,-26901.28484783995,-0.8347553064145994,stop_loss,6,-0.8347553064145994,166.50686051999998,158.53398731999997
UNM,2005-07-07,11.330647881759072,2005-08-02,11.052712791966323,49086,10.939481594542563,0.1955831436082539,0.3911662872165085,-13642.721817566859,-13972.334710176005,-0.7105292528415492,trailing_stop,26,-0.7105292528415492,166.85285457720772,162.76003803193768
AFL,2005-07-28,14.248361411017454,2005-08-02,13.788146237733484,38752,13.788206661124857,0.2300773749462986,0.4601547498925971,-17834.25839510041,-18160.199618421728,-1.0001313110239265,stop_loss,5,-1.0001313110239265,165.6457504199245,160.2954729013944
OKE,2005-07-14,5.23196942543575,2005-08-08,5.219371235861367,107572,5.068648338161316,0.08166054363721668,0.16332108727443373,-1355.2124488955724,-1692.4939341806883,-0.07713755635984877,trailing_stop,25,-0.07713755635984877,168.8440245098924,168.43746077522366
EG,2005-07-27,63.41295348930365,2005-08-08,61.62201021016136,8685,61.84935241130616,0.7818005389987478,1.5636010779974967,-15554.34237935079,-15880.120977269748,-1.1453965492502414,stop_loss,12,-1.1453965492502414,165.22245031638067,160.5561476025754
SPG,2005-05-02,24.663083709548623,2005-08-09,27.13352074211322,10736,23.923106454174526,0.3699886276870488,0.7399772553740966,26522.61198161351,26355.785477995596,3.3385310354108975,trailing_stop,99,3.3385310354108975,79.4348600117142,87.39164360619826
EEM,2005-08-11,17.649133265070123,2005-08-15,17.384266738515187,31450,17.19727666162569,0.22592830172221653,0.45185660344443335,-8330.052260152741,-8660.59238918657,-0.5861738536869869,stop_loss,4,-0.5861738536869869,166.51957235593662,164.02055667789077
GT,2005-07-27,15.456921675412891,2005-08-17,14.92842456286991,35633,14.634485763626481,0.4112179558932049,0.8224359117864104,-18831.93761124404,-19156.75392399666,-0.6425997515052985,trailing_stop,21,-0.6425997515052985,165.23294701799625,159.58336573462304
ED,2005-05-12,17.56999909535938,2005-08-18,18.088169567620508,15315,17.136737620453967,0.21663073745270625,0.4332614749054109,7935.780782679196,7771.949326757135,1.1959763382476036,trailing_stop,98,1.1959763382476036,80.72536084362866,83.10609507843242
CME,2005-06-06,23.69300957372713,2005-08-18,25.893641480432162,22598,22.4061267544372,0.6434414096449654,1.2868828192899322,49729.87982772028,49393.71208556372,1.7100484004590883,trailing_stop,73,1.7100484004590883,160.62438910412575,175.5433530524418
TEX,2005-08-02,22.276511252051836,2005-08-18,21.039914919994004,24953,21.064488437398275,0.60601140732678,1.2120228146535617,-30856.78827383909,-31181.050708520408,-1.0202747977242448,stop_loss,16,-1.0202747977242448,166.75973558173484,157.50269909958314
AMZN,2005-08-03,2.302800499999999,2005-08-19,2.17782,121687,2.178236394865531,0.062282052567234056,0.12456410513446814,-15208.502103499884,-15372.072083534933,-1.003342815854386,stop_loss,16,-1.003342815854386,84.06626533304998,79.503714702
L,2005-08-17,25.990134869239093,2005-08-19,25.738636710693928,21066,25.340835558896902,0.3246496551710959,0.6492993103421902,-5298.060207912432,-5624.975698543292,-0.3873377878880252,stop_loss,2,-0.3873377878880252,164.2524543466172,162.6630362842435
BBY,2005-06-15,24.928489489470795,2005-08-22,26.375961800120013,21927,23.796296671824503,0.5660964088231454,1.1321928176462919,31738.7253556054,31401.239544577344,1.2784680207196142,trailing_stop,68,1.2784680207196142,163.98209671068784,173.50371431736946
M,2005-05-18,17.521413229525606,2005-08-23,18.644928726505984,30360,16.694604299835046,0.4134044648452802,0.8268089296905607,34109.93048832427,33780.527445788735,1.3588574779917555,trailing_stop,97,1.3588574779917555,159.58503169451924,169.81801084101653
RL,2005-08-10,39.272635025626286,2005-08-23,37.150906351824574,14115,37.58584046450486,0.8433972805607126,1.686794561121424,-29948.20023071117,-30271.815716673984,-1.2578465230473195,stop_loss,13,-1.2578465230473195,166.29997301601452,157.31551294680114
PRU,2005-05-17,29.470123678016652,2005-08-25,31.13448165746783,17996,28.326482237191804,0.571820720412423,1.1436414408248474,29951.786198203412,29624.594054918198,1.4553145068359592,trailing_stop,100,1.4553145068359592,159.1033037128763,168.08883957233735
BAX,2005-07-22,14.487809221359544,2005-08-29,14.414396544791803,38311,14.035805803429298,0.22600170896512353,0.45200341793024634,-2812.51305198675,-3144.6947735188573,-0.16241619787722658,trailing_stop,38,-0.16241619787722658,166.51273772385167,165.6689838082556
VRTX,2005-08-22,18.948929999999997,2005-08-29,17.30268,28668,17.448991107706213,0.7499694461468913,1.499938892293784,-47194.694999999956,-47506.47334664395,-1.097544712293224,stop_loss,7,-1.097544712293224,162.96837757199998,148.80996907199997
BWA,2005-07-07,9.909523167227148,2005-09-09,10.106607676657832,56126,9.479727987047072,0.21489759009003756,0.4297951801800757,11061.565176306602,10724.537568383435,0.4585544894852242,trailing_stop,64,0.4585544894852242,166.85456918513725,170.17303873802928
ISRG,2005-07-28,7.229437215000001,2005-09-21,7.482502517489999,76376,6.708574894014833,0.26043116049258386,0.5208623209851675,19328.115542976073,18991.023810273477,0.48585833970740283,trailing_stop,55,0.48585833970740283,165.64664901985202,171.44508368274487
TXN,2005-07-27,20.083905386677518,2005-09-22,19.991265754778087,27424,19.19917484461568,0.44236527103091927,0.8847305420618383,-2540.5492652099874,-2870.255713224971,-0.1047094312846223,trailing_stop,57,-0.1047094312846223,165.23430639727326,164.4721416177103
ADSK,2005-08-25,41.46142,2005-09-22,40.96899,13132,39.35536043203554,1.0530297839822287,2.106059567964458,-6466.590759999985,-6791.333603235985,-0.2338157987031396,trailing_stop,28,-0.2338157987031396,163.341410232,161.40143300399998
NFLX,2005-09-09,0.347775652224,2005-09-22,0.32253396318,1606393,0.323104417414303,0.012335617404848493,0.024671234809696962,-40548.072588458264,-40871.106790663565,-1.0231222408891671,stop_loss,13,-1.0231222408891671,167.5993119909204,155.43489021438293
DVN,2005-09-22,41.818168288701145,2005-09-26,39.2644190742706,6674,39.88298539173397,0.9675914484835868,1.9351828969671772,-17043.722257109464,-17206.065813527606,-1.3196423027677577,stop_loss,4,-1.3196423027677577,83.72833654763743,78.6152198705046
GLD,2005-09-22,46.88684,2005-09-26,45.794160000000005,11905,45.99289355892204,0.4469732205389795,0.8939464410779578,-13008.355399999933,-13339.365591499933,-1.2223103642343442,stop_loss,4,-1.2223103642343442,167.45634905999998,163.55384244000004
MDT,2005-08-19,35.403996677028275,2005-09-27,34.67076080677621,15361,34.506513733014415,0.44874147200692943,0.8974829440138592,-11263.236202941993,-11586.161707854608,-0.8169914260128197,trailing_stop,39,-0.8169914260128197,163.1522378867494,159.77326702586677
A,2005-08-18,19.667792049189263,2005-10-05,20.503001100992932,27754,18.72144439177549,0.4731738287068875,0.9463476574137744,23180.392023759046,22845.921965832,0.8825604895416239,trailing_stop,48,0.8825604895416239,163.75797015995965,170.71208776708735
HPQ,2005-08-18,7.66063784200067,2005-10-06,7.983351856457092,71255,7.266321350236079,0.19715824588229566,0.3943164917645916,22994.9871000923,22660.57335430322,0.8184136884872744,trailing_stop,49,0.8184136884872744,163.75762482952732,170.65612095955504
HAL,2005-09-01,22.60576336924292,2005-10-06,22.264459830245542,12221,21.539211060340545,0.5332761544511868,1.0665523089023736,-4171.070550086937,-4335.578249403222,-0.3200063758228828,trailing_stop,35,-0.3200063758228828,82.87951024065532,81.62818907562922
FCX,2005-09-27,14.827073136043179,2005-10-06,14.17472920396291,38016,14.154437570892247,0.33631778257546563,0.6726355651509319,-24799.506921963508,-25130.26667729081,-0.9698326491759179,trailing_stop,9,-0.9698326491759179,169.09980370194526,161.65995162535617
EIX,2005-08-31,21.285694272654265,2005-10-07,21.482477484825807,25494,20.509762720827798,0.38796577591323356,0.7759315518264671,5016.791211101304,4689.691679865744,0.25360898356090045,trailing_stop,37,0.25360898356090045,162.79724693611436,164.30228429944475
OVV,2005-09-01,83.47931626333495,2005-10-07,84.29253725354941,6618,78.96737792313719,2.2559691700988784,4.511938340197759,5381.896513239302,5048.80227526688,0.180237611620113,trailing_stop,36,0.180237611620113,165.73983450922523,167.35440346319697
RRC,2005-09-28,23.243636589353905,2005-10-07,21.31340474293413,12097,21.642449513099933,0.8005935381269854,1.6011870762539715,-23350.014646140033,-23511.71660483904,-1.205500515864527,stop_loss,9,-1.205500515864527,84.35348154642426,77.34847715258225
NOV,2005-08-02,19.15746912614563,2005-10-11,20.78926328153659,29016,18.14754672461479,0.5049612007654193,1.0099224015308401,47348.13921282409,47000.410896561705,1.6157619168735011,trailing_stop,70,1.6157619168735011,166.76193724927248,180.96637901311973
MO,2005-08-19,4.666390553852954,2005-10-11,4.813899961896788,116551,4.532030892446708,0.06717983070312313,0.1343596614062461,17192.369016916866,16860.88781494652,1.097869751233061,trailing_stop,53,1.097869751233061,163.1617456326347,168.31945633770977
TRV,2005-06-30,24.50787731901033,2005-10-12,25.57588688977716,22678,23.83703217191073,0.33542257354979876,0.6708451470995982,24220.321045850156,23879.581164432093,1.592035919741498,trailing_stop,104,1.592035919741498,166.73689255215487,174.0029888659099
FE,2005-05-13,17.590899551244966,2005-10-13,19.454605583027995,15147,16.99173168556471,0.2995839328401292,0.5991678656802577,28229.55526341753,28061.21678353688,3.1104906296453216,trailing_stop,153,3.1104906296453216,79.93480665081226,88.40367322983751
CME,2005-09-21,31.307530621930738,2005-10-13,31.149290367686703,17937,29.593392933243567,0.8570688443435859,1.7141376886871704,-2838.3554403752537,-3174.441839802484,-0.09231478619738444,trailing_stop,22,-0.09231478619738444,168.4689530296715,167.61744639755892
DVA,2005-10-05,25.150124999999996,2005-10-13,24.02595,22528,24.136955997661552,0.5065845011692225,1.0131690023384436,-25325.414399999863,-25657.765985279864,-1.1095631601493363,stop_loss,8,-1.1095631601493363,169.9746048,162.37698048000001
BEN,2005-06-27,12.611912238084884,2005-10-14,13.68229380823973,42995,12.22864005887851,0.19163608960318693,0.383272179206374,46021.055608807656,45681.89979211914,2.792745281880992,trailing_stop,109,2.792745281880992,162.67475000293788,176.48106668558015
VLO,2005-08-31,24.873314299854147,2005-10-20,24.78787789439232,21817,23.526854536295875,0.6732298817791368,1.346459763558272,-1863.966057960686,-2189.0035269912487,-0.06345262426264087,trailing_stop,50,-0.06345262426264087,162.7983294239754,162.23913960658717
EWJ,2005-08-23,31.628714496682885,2005-10-21,33.0970010293323,17229,30.805379393772103,0.4116675514553906,0.8233351029107823,25297.108671016715,24962.5608651774,1.7833401338756198,trailing_stop,59,1.7833401338756198,163.47933661900484,171.06846922030985
NTRS,2005-10-20,31.913463262792913,2005-11-04,31.252327733904142,8520,30.60213115956519,0.6556660516138619,1.3113321032277234,-5632.874706132327,-5794.3264679198855,-0.5041709321852538,trailing_stop,15,-0.5041709321852538,81.57081209969868,79.88094968785899
WCC,2005-10-26,38.73429451631827,2005-11-29,39.39248785838895,14032,36.958374049697056,0.8879602333106063,1.7759204666212156,9235.768975935707,8906.88647285114,0.37062095653580873,trailing_stop,34,0.37062095653580873,163.0558861958934,165.82661688867412
CME,2005-10-26,35.3569640358218,2005-12-01,34.969965347582544,15372,33.06623399402322,1.1453650208992878,2.290730041798575,-5948.943835613788,-6273.263503158296,-0.1689412026636709,trailing_stop,36,-0.1689412026636709,163.0521753475958,161.26749219691166
AFL,2005-10-25,14.73976516242955,2005-12-07,14.743324765181251,37011,14.274804798126674,0.23248018215143795,0.46496036430287546,131.74445744324174,-195.61513494999926,0.007655712239125927,trailing_stop,43,0.007655712239125927,163.66003452800402,163.69955786523698
ADBE,2005-12-07,36.936899999999994,2005-12-13,35.544419999999995,16350,35.138607428767955,0.8991462856160194,1.7982925712320394,-22767.047999999984,-23122.568874599983,-0.7743345116784798,stop_loss,6,-0.7743345116784798,181.17549449999999,174.34538009999994
GS,2005-10-25,88.47968459979762,2005-12-19,91.74795483412863,3082,84.7827660720141,1.848459263891764,3.6969185277835237,10072.808862208181,9906.170386787573,0.8840525453208984,trailing_stop,55,0.8840525453208984,81.80831638097288,84.83015903963533
CHRW,2005-10-26,21.51887766456037,2005-12-19,23.854812469863052,25257,20.4416996468662,0.5385890088470855,1.0771780176941697,58998.70537752983,58654.904390012285,2.1685689523288207,trailing_stop,54,2.1685689523288207,163.05068795214038,180.75029956539933
PFG,2005-10-26,26.534602685580804,2005-12-20,26.26191345929196,20483,25.716634309423306,0.4089841880787496,0.8179683761574985,-5585.493422074379,-5909.922734133008,-0.3333738005493962,trailing_stop,55,-0.3333738005493962,163.0524800426255,161.3768320160032
XLK,2005-12-02,8.411242003764599,2005-12-20,8.168033900285836,35978,8.220074370984355,0.0955838163901224,0.1911676327802443,-8750.141146958918,-8929.087903501697,-1.2722242774138501,stop_loss,18,-1.2722242774138501,90.78589944343281,88.16085709934514
INTU,2005-12-13,24.1752957446,2005-12-20,23.0039915782032,24797,23.255070517257458,0.46011261367127093,0.9202252273425415,-29044.829414141484,-29395.800850464548,-1.272845094433386,stop_loss,7,-1.272845094433386,179.84244257365387,171.1289937494114
STT,2005-10-20,35.02955011438641,2005-12-28,36.80158610998614,15525,33.64066439207531,0.6944428611555492,1.3888857223111017,27510.8588316858,27176.305314720783,1.275868825731081,trailing_stop,69,1.275868825731081,163.15012965775472,171.40338730726043
IWF,2005-11-21,10.249722681177818,2006-01-03,10.243790520474615,29022,10.047032224437455,0.10134522837018138,0.20269045674036335,-172.16316792836437,-350.5919899698714,-0.029267094260890872,trailing_stop,43,-0.029267094260890872,89.24023549594278,89.18858654556428
FDX,2005-12-22,54.27545209572622,2006-01-13,52.826632394180415,10929,52.41746384792099,0.9289941239026149,1.8579882478052312,-15834.15051819414,-16185.306122611197,-0.7797787220975388,stop_loss,22,-0.7797787220975388,177.95292478625757,173.2026796307993
MCO,2005-11-29,47.683315811711466,2006-01-18,49.72062071723813,12586,46.13121922503356,0.7760482933389536,1.552096586677905,25641.51954095855,25273.741757412543,1.312614770893409,trailing_stop,50,1.312614770893409,180.04266384186013,187.7351197041477
PGR,2005-09-23,13.700658340354817,2006-01-19,14.71752140879977,40623,13.262025781780485,0.2193162792871659,0.4386325585743318,41308.02842943935,40961.69891465438,2.31825715753983,trailing_stop,118,2.31825715753983,166.9685531280701,179.36096165690194
MET,2005-05-05,19.54614616101167,2006-01-23,21.99473280934186,27331,18.665198043066436,0.44047405897261765,0.8809481179452341,66922.32168551238,66581.71555657077,2.7794901861433,trailing_stop,263,2.7794901861433,160.26471621798296,180.34141272363672
AON,2005-10-26,26.968602640184386,2006-01-23,28.55249809709181,20153,25.74556265080228,0.6115199946910529,1.2230399893821051,31920.245143055316,31584.57012010782,1.2950479711686511,trailing_stop,89,1.2950479711686511,163.0494747022908,172.62554824520737
SNPS,2006-01-13,21.601579999999995,2006-01-23,20.62935,29068,20.581319412066897,0.5101302939665484,1.0202605879330982,-28260.78163999989,-28629.052241971887,-0.9529232154008761,stop_loss,10,-0.9529232154008761,188.37441823199995,179.89618374
MUR,2006-01-18,27.49683097196926,2006-01-25,26.38947961542918,22636,26.203604801365444,0.6466130853019079,1.2932261706038162,-25066.005306641222,-25431.936464578128,-0.8562704511485789,stop_loss,7,-0.8562704511485789,186.72547976444886,179.2056781724565
AAPL,2005-08-15,1.392746546997678,2006-01-26,2.228786676979914,398942,1.3220998344505008,0.03532335627358868,0.07064671254717725,333531.5215353731,333098.0870231411,11.834098146094703,trailing_stop,164,11.834098146094703,166.6875278857043,266.74698434631625
ISRG,2005-10-27,9.923236743419999,2006-02-06,12.7094872905,54769,9.09074606891117,0.41624533725441426,0.8324906745088292,152600.1562130246,152228.28471424046,3.346884995106875,trailing_stop,102,3.346884995106875,163.04572596011096,208.82577282401834
JBL,2005-12-22,28.75727106433073,2006-02-06,29.591835224611472,20627,27.50568984644788,0.6257906089414249,1.2515812178828511,17214.554934110864,16853.48482948426,0.6668078334480548,trailing_stop,46,0.6668078334480548,177.95286907318498,183.11723555341825
NEM,2006-01-04,38.58289785342134,2006-02-08,38.248199859932285,15502,36.585604558768814,0.9986466473262634,1.997293294652529,-5188.488295067383,-5545.798998093105,-0.16757578588240646,trailing_stop,35,-0.16757578588240646,179.43362475712132,177.87707826860108
GLD,2006-01-10,54.01396,2006-02-08,54.645300000000006,5750,52.23608320247594,0.8889383987620277,1.7778767975240584,3630.20500000005,3442.76777650005,0.35510897092489074,trailing_stop,29,0.35510897092489074,93.17408099999999,94.2631425
SLB,2006-01-23,39.53950937803791,2006-02-08,37.61955253319868,15364,37.5365630313563,1.0014731733408064,2.002946346681611,-29498.216964109994,-29853.858512271265,-0.9585662881185658,stop_loss,16,-0.9585662881185658,182.24550662525235,173.39604153601937
HAL,2006-01-23,27.37559672053088,2006-02-08,26.75277024542301,11095,25.837349188560072,0.7691237659854028,1.538247531970807,-6910.259741321791,-7090.426010767968,-0.40489353121854227,trailing_stop,16,-0.40489353121854227,91.11967368428704,89.0465957618905
NUE,2006-01-26,21.86344894706113,2006-02-09,22.72191834749966,14036,20.741098733562282,0.5611751067494242,1.122350213498848,12049.476504555205,11861.736439951268,0.7648854966243663,trailing_stop,14,0.7648854966243663,92.062610826285,95.67745377765156
RS,2006-01-23,25.976835006367942,2006-02-10,26.919314239061197,23386,24.48751591249923,0.7446595469343564,1.489319093868712,22040.81933576447,21669.71053188839,0.6328255889374489,trailing_stop,18,0.6328255889374489,182.24827903767618,188.86052483840555
STLD,2006-01-25,6.699985530185583,2006-02-10,6.883738885615364,92030,6.281470511269009,0.2092575094582873,0.4185150189165743,16910.821300202744,16535.788252806895,0.43906036133534776,trailing_stop,16,0.43906036133534776,184.9799005028938,190.0531468929546
SLAB,2006-01-26,49.07402499999999,2006-02-13,46.77318,12506,45.18670424465907,1.9436603776704604,3.887320755340923,-28774.367569999853,-29133.967113718852,-0.5918845253093094,trailing_stop,18,-0.5918845253093094,184.11592699499997,175.48361672399997
MU,2006-02-08,15.998246278040446,2006-02-24,15.34282718504363,38597,15.136517849772153,0.4308642141341467,0.8617284282682931,-25297.2107323981,-25660.1121561345,-0.760586597234501,trailing_stop,16,-0.760586597234501,185.24529347805813,177.65613025833872
T,2006-02-06,6.555670801694801,2006-03-07,6.596280243524537,95085,6.359484038731002,0.09809338148189976,0.19618676296379967,3861.348776380387,3486.1827968399825,0.2069937911011285,trailing_stop,29,0.2069937911011285,187.00378745374502,188.16219208665916
DRI,2005-12-19,18.808629942904158,2006-03-08,19.60314375545984,31566,17.75762241794126,0.5255037624814487,1.0510075249628983,25079.623007132646,24715.871192563878,0.7559544472183763,trailing_stop,79,0.7559544472183763,178.1139638333138,185.63785073545358
WDC,2005-12-22,11.137335633975317,2006-03-08,11.822626597180871,53261,10.44740072054958,0.3449674567128689,0.6899349134257378,36499.28199129104,36132.420826772955,0.9932690024380351,trailing_stop,76,0.9932690024380351,177.9556899603478,188.90547455773512
DLTR,2006-02-06,9.049044524520001,2006-03-08,8.754574377285001,68885,8.612141110565267,0.21845170697736732,0.43690341395473453,-20284.576092282958,-20652.49677869821,-0.6739936970726175,trailing_stop,30,-0.6739936970726175,187.0030296214681,180.91765679378318
WHR,2006-02-09,46.26270971844896,2006-03-08,45.05442032951516,13398,44.29068620687818,0.9860117557853929,1.9720235115707823,-16188.661232935046,-16555.701305449835,-0.6127155086357753,trailing_stop,27,-0.6127155086357753,185.94833544233373,181.09173707245324
VRTX,2006-02-24,41.73168999999999,2006-03-08,38.841120000000004,15180,38.72358261029234,1.5040536948538263,3.0081073897076536,-43878.852599999846,-44245.781176739845,-0.9609264648895773,trailing_stop,12,-0.9609264648895773,190.04611625999996,176.88246048000002
CNO,2006-03-08,19.349259045498446,2006-03-20,19.47113861044799,32070,18.84996446276703,0.24964729136570735,0.4992945827314159,3908.677647931901,3535.1866020840403,0.24410351957515047,stop_loss,12,0.24410351957515047,186.15922127674054,187.3318245711201
ALV,2006-03-20,25.3429543768426,2006-03-22,24.825329759205836,25217,24.499005683632372,0.42197434660511296,0.8439486932102263,-13052.939982946245,-13432.468069263867,-0.6133365947493958,stop_loss,2,-0.6133365947493958,191.72198415625195,187.80610216136807
PSA,2006-03-09,39.45449149988433,2006-03-28,38.785103876999756,15646,38.205026427048864,0.6247325364177307,1.2494650728354628,-10473.238747651998,-10840.479760432016,-0.5357393635385918,trailing_stop,19,-0.5357393635385918,185.19149220215706,182.04952057786147
BEN,2005-10-25,14.864689226582755,2006-03-29,16.069053887197164,36700,14.271192969309675,0.29674812863654,0.5934962572730793,44200.18304454882,43859.60253286611,2.029270860355666,trailing_stop,155,2.029270860355666,163.66022838467615,176.92028329804077
GPN,2005-09-26,17.643298825483697,2006-03-30,22.863910515304642,31570,16.857457148873927,0.39292083830488483,0.7858416766097704,164814.71104764723,164431.06726798063,6.6433377679119605,trailing_stop,185,6.6433377679119605,167.0996831761561,216.54409649045024
CPT,2006-03-29,31.333509485196576,2006-04-04,30.372739766141628,20161,30.37951719340306,0.4769961458967578,0.9539922917935151,-19370.078305866806,-19743.296213213674,-1.0071042788497706,trailing_stop,6,-1.0071042788497706,189.51446541931443,183.70344192755442
WHR,2006-03-30,49.76675608177152,2006-04-05,48.000387080509704,12937,47.538502522212276,1.1141267797796206,2.228253559559242,-22851.515769324098,-23230.95982865123,-0.792714542599546,stop_loss,6,-0.792714542599546,193.14975702896345,186.2943022981662
CTSH,2006-02-10,12.083428306193587,2006-04-12,12.803415737756598,51008,11.377251310927228,0.35308849763317995,0.7061769952663592,36725.118909166056,36344.29046686791,1.0195566216249263,trailing_stop,61,1.0195566216249263,184.90545331269675,195.92298898544655
ECL,2006-03-10,31.071163884088985,2006-04-12,29.67672403280308,19806,29.837075346459187,0.6170442688148986,1.2340885376297983,-27618.275694568652,-27979.227494993243,-1.129935015816677,stop_loss,33,-1.129935015816677,184.61864156647994,176.3331588581093
TEX,2006-04-04,37.88314731515429,2006-04-12,35.80179071069047,17117,35.72445079608332,1.0793482595354853,2.158696519070972,-35626.58099860722,-36004.96052386374,-0.9641728636128827,stop_loss,8,-0.9641728636128827,194.5337497780488,183.84577547846663
WRB,2005-10-26,5.732711712600496,2006-04-26,7.579509461256663,94810,5.468058649453794,0.13232653157335122,0.2646530631467021,175094.89455009118,174716.25504324317,6.9781839163238875,trailing_stop,182,6.9781839163238875,163.05551924149592,215.58398760652327
JHG,2005-10-27,23.127313806051657,2006-04-28,28.05347408442735,23500,22.101766811901108,0.5127734970752746,1.0255469941505488,115764.7665418288,115403.94198720092,4.803446654783467,trailing_stop,183,4.803446654783467,163.04756233266417,197.77699229521284
EXP,2006-04-05,57.316240064735396,2006-04-28,54.78264040918313,11403,53.66790132659033,1.8241693690725327,3.648338738145064,-28890.636872262483,-29274.11593247571,-0.6944529654174687,stop_loss,23,-0.6944529654174687,196.07312563745333,187.40593457577458
ATI,2006-04-06,55.31144803192351,2006-04-28,56.48757399790481,5936,51.626486473981004,1.8424807789712532,3.6849615579425077,6981.483734064992,6782.392035634273,0.31916912767958083,trailing_stop,22,0.31916912767958083,98.4986266552494,100.5930717754689
HWM,2006-04-12,45.74503726433811,2006-04-28,45.18159210374163,14087,43.42019911544297,1.1624190744475713,2.3248381488951395,-7937.251977322612,-8321.517005695054,-0.24235887597777617,trailing_stop,16,-0.24235887597777617,193.32310198281928,190.9419263896225
COLM,2006-04-12,20.855659212863195,2006-05-01,18.970793916222426,30900,19.953248207930628,0.45120550246628266,0.9024110049325671,-58242.337666199746,-58611.52888670637,-2.08869936906589,stop_loss,19,-2.08869936906589,193.33196090324182,175.8592596033819
WYNN,2006-03-07,38.50171207707364,2006-05-04,38.328402337982844,16428,35.86107914827086,1.3203164644013907,2.6406329288027806,-2847.132393783616,-3225.7819296667803,-0.06563189347539226,trailing_stop,58,-0.06563189347539226,189.75183780064972,188.89769808251467
QCOM,2006-03-09,31.13981581169752,2006-05-12,30.9897376588786,19824,29.501105365411448,0.819355223143036,1.6387104462860727,-2975.1493014822854,-3344.6461818824955,-0.09158308178180818,trailing_stop,64,-0.09158308178180818,185.1947125953275,184.3021678048828
GME,2006-03-22,3.6987223817910557,2006-05-12,3.767675791205651,171247,3.457282705913519,0.12071983793876828,0.24143967587753679,11808.064502021178,11424.485015641827,0.2855927020444219,trailing_stop,51,0.2855927020444219,190.01853351437185,193.56095286497822
EEM,2006-04-19,23.478584877359822,2006-05-15,22.77281077226085,14046,22.624962572181552,0.42681115258913405,0.8536223051782699,-9913.30308022015,-10108.197211208522,-0.8267990431102639,trailing_stop,26,-0.8267990431102639,98.93406095621881,95.96007003215277
JPM,2006-04-28,26.503550344930893,2006-05-15,26.50440618164724,12257,25.712552027804605,0.3954991585631434,0.790998317126288,10.489990632269702,-184.42556631161077,0.0010819703377582903,trailing_stop,17,0.0010819703377582903,97.4562049733454,97.45935197053507
XLF,2006-04-28,18.39730018307559,2006-05-15,18.044732300292107,17657,17.99601001607091,0.2006450835023399,0.401290167004678,-6225.291106307948,-6418.328196575595,-0.8785859006093523,stop_loss,17,-0.8785859006093523,97.4523387997697,95.58475146787733
RSG,2006-02-08,16.475022824983746,2006-05-16,17.420850278361005,37480,15.957544886318972,0.258738969332387,0.5174779386647739,35449.612952579664,35068.48775540566,1.827763818913202,trailing_stop,97,1.827763818913202,185.24515664411726,195.88004052989115
GRMN,2006-05-04,24.02098728916783,2006-05-16,22.969980746698617,27442,22.496402262777195,0.7622925131953171,1.5245850263906355,-28841.72153844016,-29228.579381892236,-0.689372205732211,stop_loss,12,-0.689372205732211,197.7551799568031,189.10266349527106
CNX,2006-05-12,43.848514576045616,2006-05-16,40.797927203006076,15245,41.63097657808944,1.10876899897809,2.2175379979561782,-46506.2045019878,-46893.33500346429,-1.3756640814503078,stop_loss,4,-1.3756640814503078,200.54118141354462,186.58932006294827
GLD,2006-05-12,71.96189,2006-05-16,68.25168,9289,69.33747726900846,1.3122063654957699,2.624412730991537,-34464.14069000004,-34854.87384551904,-1.4137296150816332,stop_loss,4,-1.4137296150816332,200.536198863,190.196956656
STLD,2006-03-28,8.837245293318276,2006-05-18,9.577831967633218,72025,8.162714764171334,0.3372652645734706,0.6745305291469421,53340.755217533704,52942.8514356177,1.0979290666821844,trailing_stop,51,1.0979290666821844,190.95077767537464,206.95300424063475
CB,2006-04-26,27.823071673261087,2006-05-18,27.50121760292692,23703,27.04897523594188,0.3870482186596022,0.774096437319205,-7628.907029130719,-8022.312517744764,-0.4157803276408132,trailing_stop,22,-0.4157803276408132,197.84708036139224,195.55840825265307
BAC,2006-04-28,30.138377895564457,2006-05-18,29.90604026129551,21557,29.3800325544661,0.3791726705491777,0.7583453410983552,-5008.502381935708,-5396.815638597937,-0.3063744466768133,trailing_stop,20,-0.3063744466768133,194.9079036884049,193.4053529738242
WFC,2006-04-28,19.2863484930517,2006-05-18,19.207883945469767,16843,18.82758666247883,0.2293809152864365,0.4587618305728718,-1321.5783749225125,-1516.0858820111175,-0.1710354749521173,trailing_stop,20,-0.1710354749521173,97.45199030054096,97.0555167880642
R,2006-05-01,30.692389182620804,2006-05-18,30.96457563657453,21108,29.24610944786104,0.7231398673798816,1.446279734759763,5745.311670055244,5354.875106034171,0.18819765458370183,trailing_stop,17,0.18819765458370183,194.356485260028,196.08007876104455
AMT,2005-06-27,14.614249486709953,2006-05-19,21.490741925807058,37104,14.039893082497999,0.28717820210597755,0.5743564042119544,255145.37546025895,254743.48357984793,11.97251808923763,trailing_stop,326,11.97251808923763,162.6741338864658,239.21774652454351
FAST,2005-10-20,2.7096264724557404,2006-05-19,3.3362434550318447,200708,2.5932377056021183,0.0581943834268111,0.1163887668536221,125767.04133888475,125403.0050004629,5.3838269750222345,trailing_stop,211,5.3838269750222345,163.15311301009405,200.88322541175947
EXPD,2005-10-27,23.506759732617255,2006-05-24,37.77218558879149,23120,22.48755215727016,0.5096037876735473,1.019207575347096,329816.64579474827,329391.615029999,13.996585387737207,trailing_stop,209,13.996585387737207,163.04288550543328,261.9878792438578
GL,2006-04-28,22.06275525581602,2006-05-24,21.661215858343393,29448,21.524330184365716,0.26921253572515136,0.5384250714503018,-11824.532176773864,-12210.807227184794,-0.7457665305054212,trailing_stop,26,-0.7457665305054212,194.91120503198104,191.36384537894887
AKAM,2006-02-10,26.5265,2006-05-25,30.02994,23235,24.459295519718193,1.0336022401409029,2.0672044802818057,81402.42840000003,81008.20173498003,1.69477186868442,trailing_stop,104,1.69477186868442,184.90296824999996,209.32369677
BWA,2006-05-16,11.836614084696143,2006-05-25,11.639400709755288,54628,11.411477827927978,0.21256812838408196,0.42513625676816424,-10773.37224626902,-11158.106567126408,-0.4638827477102229,stop_loss,9,-0.4638827477102229,193.98316626563425,190.75115459175353
JEF,2006-05-26,18.82868694466248,2006-06-06,17.912037206878363,33258,18.164112495438307,0.33228722461208565,0.6645744492241725,-30485.93697922413,-30852.513880373714,-1.3793033103427577,stop_loss,11,-1.3793033103427577,187.86134112167545,178.71556002790817
BBWI,2006-05-22,8.577927388343884,2006-06-07,8.280968120607202,73469,8.174114281444483,0.20190655344970038,0.40381310689940086,-21817.300441346284,-22188.882299590423,-0.7353878877702236,stop_loss,16,-0.7353878877702236,189.06352418827103,182.51833405586717
MDLZ,2006-05-26,12.862340865991401,2006-06-08,12.381110460647244,48686,12.467210187310943,0.1975653393402292,0.3951306786804576,-23429.183514585602,-23797.88431597222,-1.2179019026091058,stop_loss,13,-1.2179019026091058,187.86477822049721,180.83602316612152
BRK-B,2006-05-19,61.561499999999995,2006-06-09,60.079860000000004,10272,60.34044240254616,0.6105287987269196,1.2210575974538358,-15219.406079999913,-15594.256094975914,-1.2134071341839447,stop_loss,21,-1.2134071341839447,189.70791839999998,185.142096576
GIS,2006-05-26,13.351070028771277,2006-06-09,13.206297810762477,46904,13.026815340069014,0.1621273443511312,0.32425468870226304,-6790.396113484756,-7164.090147828403,-0.4464768685017619,stop_loss,14,-0.4464768685017619,187.8655765888464,185.82845775480098
OKE,2006-06-05,5.5111682183774695,2006-06-09,5.365620681536717,114444,5.274048719289487,0.1185597495439912,0.23711949908798235,-16657.04230620312,-17030.477274861652,-0.6138151328784139,stop_loss,4,-0.6138151328784139,189.21604067519732,184.2189279833364
OMC,2006-05-25,26.583190175907035,2006-06-13,26.022335184826726,23455,25.8839128285283,0.34963867368936863,0.6992773473787359,-13154.853815788634,-13525.012594989437,-0.8020494202803677,trailing_stop,19,-0.8020494202803677,187.05261767276986,183.10616152803325
ADM,2006-01-19,16.904979237784843,2006-06-14,23.462186276304518,36561,16.094754478382555,0.40511237970114405,0.8102247594022884,239738.04653531782,239295.28735380963,8.093071659963831,trailing_stop,146,8.093071659963831,185.41888377379547,257.34029773439084
WM,2006-02-13,18.663724351069497,2006-06-14,19.95760947080443,33073,18.1135350972159,0.27509462692679765,0.5501892538535955,42792.66256499349,42409.46555294623,2.351709181290617,trailing_stop,121,2.351709181290617,185.17960663887644,198.0174054083745
PFG,2006-06-01,29.421099036774528,2006-06-14,28.167368955192043,21326,28.594462204421525,0.41331841617650245,0.8266368323530031,-26737.04771982809,-27105.48722034709,-1.516663705890979,stop_loss,13,-1.516663705890979,188.23030741747607,180.20919310152763
WFC,2006-06-09,20.205458009810535,2006-06-14,19.43703266666172,30844,19.630089506063673,0.2876842518734309,0.5753685037468621,-23701.31128408199,-24068.131178809523,-1.3355359880576427,stop_loss,5,-1.3355359880576427,186.96514405637882,179.85475067115422
CMCSA,2006-06-05,6.615223115601254,2006-06-23,6.302815343666718,95344,6.349053133196553,0.1330849912023507,0.26616998240470124,-29786.206607326418,-30155.70384498455,-1.1737152668835968,stop_loss,18,-1.1737152668835968,189.2165498201658,180.2806878379679
CL,2006-03-10,17.93189752696858,2006-06-29,18.560017812712744,34319,17.39762425633999,0.2671366353142941,0.5342732706285886,21556.460086453946,21180.750273691192,1.1756535845507692,trailing_stop,111,1.1756535845507692,184.6214373684104,191.08837539434657
EXPD,2006-06-30,44.582693549943926,2006-07-07,42.63479378922163,13903,42.03839594581002,1.2721488020669534,2.5442976041339094,-27081.65037332205,-27445.425791264974,-0.7655943068756564,stop_loss,7,-0.7655943068756564,185.94995652746113,177.82546141546447
ECL,2006-06-30,32.776787911218214,2006-07-07,31.94003193746489,18911,31.563956615374096,0.6064156479220598,1.2128312958441185,-15823.8922196491,-16191.050153696635,-0.6899195103396055,stop_loss,7,-0.6899195103396055,185.9525508567143,181.20538319081956
GRMN,2006-06-30,27.113166990908134,2006-07-10,24.973523165979298,22861,25.029764669561516,1.0417011606733095,2.083402321346618,-48914.39748169811,-49271.6236288011,-1.026995027799463,stop_loss,10,-1.026995027799463,185.95023317374526,171.27591392923586
IDCC,2006-06-06,22.258243841573744,2006-07-11,19.78484552265047,28050,20.805922542012897,0.7261606497804239,1.4523212995608468,-69378.82284579781,-69732.61544279776,-1.7030655128938617,stop_loss,35,-1.7030655128938617,187.30312192684306,166.4894750731037
INTU,2006-07-03,26.610407352328796,2006-07-11,25.741308653870398,23303,25.326410994733187,0.6419981787978049,1.2839963575956084,-20252.606970176046,-20618.592581603785,-0.6768700653371468,stop_loss,8,-0.6768700653371468,186.0306967593954,179.95491466834255
MNST,2006-07-06,4.308883607804137,2006-07-11,3.8578011421950005,142789,3.932221092495118,0.1883312576545094,0.3766625153090186,-64409.61418186294,-64759.44800649323,-1.197577266851368,stop_loss,5,-1.197577266851368,184.57835444242343,165.25547018786457
SEIC,2006-07-03,19.07295358886365,2006-07-14,17.916303304936704,32513,18.181439648991088,0.4457569699362821,0.8915139398725636,-37606.17068131682,-37966.960194133266,-1.2974001103025745,stop_loss,11,-1.2974001103025745,186.03568201041716,174.75383080602214
GL,2006-07-10,22.809122336940458,2006-07-14,22.08773370312148,26742,22.29035726725602,0.25938253484221824,0.5187650696844379,-19291.374845587132,-19651.564362854133,-1.3905882951174715,stop_loss,4,-1.3905882951174715,182.9884648603385,177.20105240666237
XLP,2006-07-12,14.670379600678109,2006-07-14,14.373678515333877,41284,14.382581096590162,0.1438992520439734,0.28779850408794694,-12249.007607351265,-12608.724075929695,-1.0309333826612397,stop_loss,2,-1.0309333826612397,181.69558543031852,178.0208831481131
CMI,2006-06-30,19.238314152982767,2006-07-17,18.367763078919094,32219,18.213955245208282,0.5121794538872431,1.0243589077744844,-28048.28505525749,-28411.774115957884,-0.8498496644647988,stop_loss,17,-0.8498496644647988,185.95177310848553,177.53728759190827
LVS,2006-06-30,47.36463780953991,2006-07-17,42.59342418844369,13086,43.58966366548016,1.8874870720298726,3.7749741440597475,-62436.10144566508,-62789.25880545676,-1.2639063047899648,stop_loss,17,-1.2639063047899648,185.94409511269177,167.21326467899226
LECO,2006-07-03,22.010258883657812,2006-07-18,20.644762453180014,28174,20.64877251538277,0.6807431841375202,1.3614863682750418,-38471.49643228147,-38832.02520362469,-1.0029453561168127,stop_loss,15,-1.0029453561168127,186.03511013645254,174.49366120676814
RNR,2006-07-10,39.65028146516993,2006-07-18,38.45929042315248,15383,38.404984242518296,0.6226486113258198,1.2452972226516366,-18321.015199354453,-18681.48306266187,-0.9563909887162921,stop_loss,8,-0.9563909887162921,182.9820839336127,177.4857793738064
INTU,2006-07-26,27.586210198747192,2006-08-02,26.2589423316408,21864,26.11881279886664,0.733698699940277,1.4673973998805536,-29019.384646414175,-29372.5657708915,-0.904504715092471,stop_loss,7,-0.904504715092471,180.94346993562257,172.23765454169833
AES,2006-07-10,10.843490706506987,2006-08-07,11.174893748575585,56253,10.3472474332401,0.2481216366334444,0.496243273266888,18642.41532548481,18270.835271259282,0.6678237467822828,stop_loss,28,0.6678237467822828,182.99366481394125,188.5863894115867
ESS,2006-08-07,62.32490009669173,2006-08-09,60.42907196673484,9744,60.47734204457323,0.9237790260592492,1.8475580521185009,-18472.949298299933,-18831.783709435742,-1.0261264201051976,stop_loss,2,-1.0261264201051976,182.18814796264925,176.64626317315927
WFC,2006-07-20,20.626889455666586,2006-08-10,20.315214411697088,14383,20.003798351287006,0.3115455521897897,0.6230911043795793,-4482.822157413283,-4659.483241390571,-0.5002078215830682,trailing_stop,21,-0.5002078215830682,89.00296531225575,87.65811866503176
ILMN,2006-07-20,18.033579766570156,2006-08-14,16.61274805446379,32903,16.154986201715076,0.9392967824275402,1.8785935648550804,-46749.625823435774,-47091.61626072442,-0.7563273603654515,trailing_stop,25,-0.7563273603654515,178.00766251783733,163.98277477080663
DINO,2006-07-03,11.451055626133714,2006-08-18,11.2456100907423,54154,10.554684408576101,0.448185608778807,0.8963712175576131,-11125.697523586632,-11494.432094156144,-0.2291969346708851,trailing_stop,46,-0.2291969346708851,186.03613991329354,182.69843065621754
MRK,2006-07-25,18.82982307325192,2006-08-18,18.466877812978197,31843,18.07576252112526,0.3770302760633304,0.7540605521266599,-11557.265922896144,-11913.557576792211,-0.4813211077679586,trailing_stop,24,-0.4813211077679586,179.87941683646827,176.41223705959945
ETR,2006-08-09,17.912975459749894,2006-08-18,17.552293634326194,34051,17.477978673884948,0.21749839293247247,0.4349967858649464,-12281.576837502427,-12643.865200879141,-0.8291597481726717,stop_loss,9,-0.8291597481726717,182.98641821398311,179.30194516273235
PEG,2006-08-21,16.990373914197946,2006-08-31,16.276260789911248,35898,16.309834784160792,0.3402695650185762,0.6805391300371539,-25635.23293564387,-25993.494631426303,-1.04933440674853,stop_loss,10,-1.04933440674853,182.97613283156335,175.2855629508702
ECL,2006-07-20,33.43806000566381,2006-09-07,34.12661615033131,17745,32.1860761846139,0.6259919105249514,1.2519838210499046,12218.42878712481,11858.74823360837,0.5499720787845989,trailing_stop,49,0.5499720787845989,178.0075124401513,181.67304107628874
USB,2006-08-07,17.193279219452958,2006-09-11,17.18554650901514,17661,16.807650681045075,0.19281426920394054,0.38562853840788236,-136.56739904229943,-318.7167313994419,-0.02005222556853095,stop_loss,35,-0.02005222556853095,91.0951512884276,91.05418106871491
KR,2006-06-30,7.704052326592762,2006-09-13,7.938511003836519,80458,7.382050999269788,0.16100066366148652,0.3220013273229734,18864.07625367821,18486.505445546303,0.7281295365860113,trailing_stop,75,0.7281295365860113,185.95579262790014,191.6150155040036
EXC,2006-08-21,19.844605056800365,2006-09-13,19.362479588142993,30735,19.222144139690357,0.3112304585550041,0.6224609171100077,-14818.12627918434,-15179.63520315304,-0.7745473738267911,trailing_stop,23,-0.7745473738267911,182.97718092622776,178.53174304247244
OKE,2006-07-11,5.693552202574162,2006-09-18,5.969290348987277,105709,5.409891736853381,0.14183023286039073,0.2836604657207813,29148.003719183973,28778.14349219907,0.972071119295614,trailing_stop,69,0.972071119295614,180.55791293457364,189.30231405032882
PNW,2006-07-26,18.386604626846278,2006-09-19,18.823898202084674,32804,17.90298183985797,0.24181139349415542,0.4836227869883096,14344.97844212034,13978.782441680265,0.9042038278667097,trailing_stop,55,0.9042038278667097,180.9462534537196,185.2497469863557
CVS,2006-07-13,20.89658623376724,2006-09-22,21.43639812341812,28774,19.940293644969664,0.4781462943987883,0.9562925887975773,15532.547312814355,15167.12052524626,0.5644840250509795,trailing_stop,71,0.5644840250509795,180.3835116871256,185.0432758809699
ESS,2006-08-31,64.32545244548264,2006-09-22,62.31812038726996,9467,62.484777428194896,0.9203375086438728,1.8406750172877437,-19003.412595099468,-19363.09300630177,-1.090541263047352,stop_loss,22,-1.090541263047352,182.69071749041524,176.9896937118854
MO,2006-07-07,5.37363825858815,2006-09-26,5.361017178566303,114982,5.1922595134007485,0.09068937259370073,0.18137874518740116,-1451.197023071926,-1821.4846685143941,-0.0695841180773751,trailing_stop,81,-0.0695841180773751,185.3615022746948,184.9261431677732
CPB,2006-05-23,17.97261005923544,2006-09-29,19.446331365817844,34956,17.52004262892543,0.22628371515500487,0.45256743031000823,51515.40199289455,51122.997037958296,3.256357413022204,trailing_stop,129,3.256357413022204,188.4751671691902,203.92978776705857
ABT,2006-07-20,14.10073912099707,2006-10-04,14.528791296169793,42080,13.64827123957287,0.22623394071209973,0.4524678814241998,18012.435531268206,17651.01633928189,0.9460388079378701,trailing_stop,76,0.9460388079378701,178.007730663467,183.4114613228475
LH,2006-06-09,50.20272937053863,2006-10-10,53.60837090744441,12414,48.91930551988684,0.6417119253258934,1.2834238506517863,42277.63403914839,41891.02073949313,2.653559488688191,trailing_stop,123,2.653559488688191,186.96500472175995,199.64829493350447
CME,2006-10-10,50.965524764997795,2006-10-12,49.293567758910214,12186,48.70175001760275,1.1318873736975228,2.263774747395047,-20374.46807618326,-20740.995266632162,-0.7385703935479987,stop_loss,2,-0.7385703935479987,186.31976543587894,180.20742501302396
HUM,2006-09-13,57.33476078499013,2006-10-16,55.65013919527751,10647,54.88935342681227,1.2227036790889287,2.44540735817786,-17936.166065670266,-18297.051134697238,-0.688892009782729,trailing_stop,33,-0.688892009782729,183.13295942333698,177.7521096036359
AKAM,2006-09-18,47.25720999999999,2006-10-19,46.128825,12901,43.82692500393339,1.7151424980333032,3.4302849960666038,-14557.294884999928,-14918.72685626043,-0.32894788663154134,trailing_stop,31,-0.32894788663154134,182.89957986299996,178.5323913975
SEIC,2006-10-12,23.803832592451077,2006-10-19,22.724073633193456,26094,22.83182635861389,0.4860031169185944,0.9720062338371882,-28175.23028286836,-28539.46003838395,-1.110856002430208,stop_loss,7,-1.110856002430208,186.34116230022553,177.888593215365
ALL,2006-09-19,37.76561396276666,2006-10-20,38.26000117402078,16015,36.813397721605696,0.4761081205804798,0.9522162411609614,7917.611188234755,7552.3461203100605,0.5191963651568834,trailing_stop,31,0.5191963651568834,181.44489228411243,183.82017564058282
RF,2006-10-16,20.734557451536514,2006-10-20,20.346912664043362,30156,20.21855028981983,0.2580035808583418,0.5160071617166828,-11689.816211643476,-12061.472055485105,-0.7512391614944105,stop_loss,4,-0.7512391614944105,187.58139435256055,184.07444948906746
TMO,2006-10-20,41.02939762975415,2006-10-23,39.58628770952918,15180,39.96264532483406,0.5333761524600462,1.0667523049200938,-21906.40858901504,-22273.532420050138,-1.3528069389389015,stop_loss,3,-1.3528069389389015,186.8478768059004,180.2759542291959
BDX,2006-08-18,37.06749305014288,2006-10-25,39.106266073457085,16427,35.77851757865509,0.6444877357438925,1.2889754714877881,33490.92445398247,33115.53255164546,1.5817004034692541,trailing_stop,68,1.5817004034692541,182.67231250040913,192.71958983660386
OMC,2006-10-25,28.660213399715893,2006-10-30,28.688974146534374,21904,27.911726031207223,0.3742436842543351,0.7484873685086697,629.9753983120067,253.12241710808698,0.03842515990054122,stop_loss,5,0.03842515990054122,188.3319942922131,188.52098691170667
JNJ,2006-10-19,38.392692998877735,2006-11-01,37.96663269987541,16266,37.69610963061065,0.3482916841335411,0.6965833682670848,-6930.296823571786,-7302.915061116562,-0.6116429395411038,trailing_stop,13,-0.6116429395411038,187.3486632959236,185.26957424885205
TJX,2006-08-14,5.167447868100306,2006-11-02,5.4303738596943365,117537,4.919730260939312,0.12385880358049714,0.2477176071609941,30903.532273987512,30529.841422261572,1.0613940389919554,trailing_stop,80,1.0613940389919554,182.20989602187174,191.48095570406798
APH,2006-09-22,3.3509863096048242,2006-11-02,3.5033626328856373,180998,3.1939548535688944,0.07851572801796486,0.15703145603592983,27579.809761180604,27207.62272621274,0.9703554123955163,trailing_stop,41,0.9703554123955163,181.9565460197562,190.23048894811035
D,2006-11-02,18.234416896691055,2006-11-03,17.800178312427708,34074,17.769285946281247,0.232565475204904,0.465130950409808,-14796.245520189306,-15164.59835933596,-0.9335835077858345,stop_loss,1,-0.9335835077858345,186.39585640135533,181.95698274529852
DUK,2006-06-30,21.09228230744749,2006-11-07,21.929082109102374,29387,20.30111005440456,0.3955861265214644,0.7911722530429302,24591.035771232073,24211.755120399328,1.0576708149666088,trailing_stop,130,1.0576708149666088,185.9516700506878,193.32898078205744
NI,2006-11-03,4.3891262680936425,2006-11-07,4.290135060613565,141091,4.282076173833392,0.053525047130125104,0.10705009426025036,-13966.7684545716,-14334.138152610189,-0.9247185456877699,stop_loss,4,-0.9247185456877699,185.77986428748005,181.58983375110856
SYK,2006-10-19,41.844252309647004,2006-11-10,40.19801150069416,14924,40.29544214154607,0.7744050840504677,1.5488101681009354,-24568.49783281228,-24935.817456343942,-1.0629067673098862,stop_loss,22,-1.0629067673098862,187.34508644075157,179.9745370909079
SCHW,2006-11-07,14.152991850576461,2006-11-10,13.5257994810801,43935,13.41297014204025,0.3700108542681056,0.7400217085362115,-27555.69675382264,-27920.51706296954,-0.8475323929847539,stop_loss,3,-0.8475323929847539,186.54350908652302,178.27680006037625
BAX,2006-08-02,16.01581313005618,2006-11-24,16.660775016462374,37788,15.435924980595098,0.28994407473054107,0.5798881494610821,24371.81976351723,24001.384889653036,1.1122177388960048,trailing_stop,114,1.1122177388960048,181.56166396756888,188.87320989662405
MAT,2006-10-31,13.959014550933064,2006-11-28,13.631069424635422,44792,13.460144892463806,0.24943482923462906,0.4988696584692587,-14689.318097123993,-15060.062609554092,-0.6573763722249925,trailing_stop,28,-0.6573763722249925,187.57565392961814,183.16885850048095
DLTR,2006-09-13,10.357018511839998,2006-12-01,9.990004995,58940,9.852723899243847,0.25214730629807536,0.5042946125961514,-21631.776682549505,-21991.55275219745,-0.727776001711741,trailing_stop,79,-0.727776001711741,183.13280132635487,176.64326832159
ORCL,2006-09-08,12.80339374219342,2006-12-08,14.003845638966968,47344,12.22574017642578,0.28882678288381897,0.5776535657676387,56834.1946008469,56453.44601846841,2.0781519718973414,trailing_stop,91,2.0781519718973414,181.84916199912158,198.89942037937567
AGCO,2006-11-07,22.819087841904093,2006-12-26,23.964317123015107,27249,21.35395397174141,0.7325669350813409,1.4651338701626813,31206.352680994023,30823.912380427297,0.7816550449303676,trailing_stop,49,0.7816550449303676,186.5391973812134,195.9011031855116
LVS,2006-11-10,52.41686584259182,2006-12-26,55.967683751640976,11829,49.30047199910224,1.5581969217447862,3.1163938434895755,42002.62504614249,41618.00079499744,1.1393996033162281,trailing_stop,46,1.1393996033162281,186.01173181560557,198.61251932944833
FXI,2006-12-28,24.3511026324566,2007-01-08,23.26462207365176,26576,23.551039003660172,0.40003181439821256,0.8000636287964262,-28874.307330797346,-29253.937980734205,-1.357992689205584,stop_loss,11,-1.357992689205584,194.14647106804998,185.48417886881074
CMS,2006-11-29,8.38386496435528,2007-01-11,8.585896940433953,74642,8.161009012263756,0.11142797604576175,0.22285595209152298,15080.070758464364,14700.07366803518,0.9065585827194007,trailing_stop,43,0.9065585827194007,187.736534600822,192.26055582836133
CSCO,2006-11-10,17.186712473390145,2007-01-18,17.448214848218438,36079,16.40854329715763,0.3890845881162574,0.7781691762325131,9434.744181429982,9059.866118579088,0.3360482306615513,trailing_stop,69,0.3360482306615513,186.0238197982329,188.85424305266193
KO,2006-10-23,12.935470336791223,2007-01-26,13.342902488348868,48263,12.62996226289902,0.1527540369461013,0.30550807389220225,19663.897930626605,19283.415998328685,1.333621551689027,trailing_stop,95,1.333621551689027,187.29138145936645,193.19055083855443
CMCSA,2006-09-26,7.196933911764784,2007-02-09,8.248544569542194,84953,6.94089405252321,0.12801992962078718,0.25603985924157424,89337.48021016427,88943.83829013753,4.107214637956867,trailing_stop,136,4.107214637956867,183.4203379818461,210.2215820448954
LVS,2007-01-11,63.50019108998757,2007-02-12,59.06859595947611,10342,59.50414978576533,1.9980206521111186,3.9960413042222385,-45831.55683974946,-46211.83875844912,-1.108996327397569,stop_loss,32,-1.108996327397569,197.01569287579545,183.26622582387057
SPGI,2006-10-20,44.59943134757459,2007-02-28,45.37343670606708,13965,43.19709573033644,0.7011678086190729,1.402335617238144,10808.984831347694,10432.043500636963,0.5519401696555881,trailing_stop,131,0.5519401696555881,186.84931763066373,190.09201308006803
AKAM,2006-12-08,53.10805499999999,2007-02-28,51.87807,12056,49.28568973993357,1.9111826300332133,3.8223652600664266,-14828.699159999906,-15208.412976899905,-0.3217863590510492,trailing_stop,82,-0.3217863590510492,192.08121332399998,187.63260357599998
SPXC,2007-01-18,14.792388230479139,2007-02-28,15.279543252730841,44853,14.372952508868117,0.2097178608055111,0.4194357216110216,21850.3642130556,21445.719310210676,1.1614533458918945,trailing_stop,41,1.1614533458918945,199.04489679050425,205.6000060544209
STLD,2007-01-26,12.330488929922051,2007-02-28,12.194428090968819,53996,11.5684462517013,0.3810213391103763,0.7620426782207517,-7346.741060118755,-7744.015285956762,-0.1785475313153236,trailing_stop,33,-0.1785475313153236,199.73912407802135,197.5351017599857
ATI,2007-01-30,85.447355779786,2007-02-28,83.42532998723149,3904,79.91736138365275,2.7649971980666272,5.529994396133247,-7893.988694132773,-8091.7723837031035,-0.3656469876295657,trailing_stop,29,-0.3656469876295657,100.07594308928536,97.70774648104552
BWA,2007-02-09,13.307737730204451,2007-02-28,13.15976199927421,51929,12.752637096068604,0.2775503170679236,0.5551006341358473,-7684.231731476506,-8096.560969512136,-0.26657460256841997,trailing_stop,19,-0.26657460256841997,207.31725377753608,205.01198425809312
NKE,2007-02-13,9.968827253642282,2007-02-28,9.98513243161786,67844,9.678439967073187,0.14519364328454715,0.2903872865690946,1106.2084945751335,700.0815623090967,0.05614976526081021,trailing_stop,15,0.05614976526081021,202.8975348588321,203.22939740720463
GIS,2006-09-22,14.129037649474572,2007-03-02,14.636657724367048,42927,13.751734526845482,0.18865156131454494,0.3773031226290904,21790.606954909297,21420.159453315428,1.3453906009452612,trailing_stop,161,1.3453906009452612,181.9551597536985,188.4923418401713
XEL,2006-07-25,9.76734244095415,2007-03-05,11.51341483032079,61389,9.475616526398282,0.14586295727793483,0.2917259145558688,107189.63791082866,106797.71658839079,5.985318075101098,trailing_stop,223,5.985318075101098,179.88221553232032,212.0391069055689
LMT,2006-07-26,44.031830622231986,2007-03-05,53.72958382431298,13698,42.65751096196558,0.6871598301332048,1.3743196602664085,132839.8233621055,132438.08260557885,7.056402875151411,trailing_stop,222,7.056402875151411,180.9444047590001,220.79635176763176
ETR,2006-10-04,18.315960986547836,2007-03-05,22.02381679389242,33718,17.84353603481041,0.2362124758687128,0.4724249517374268,125021.48211204464,124613.42912388439,7.848560482904815,trailing_stop,152,7.848560482904815,185.27327176332597,222.7797163969394
BG,2006-11-01,41.24952881613529,2007-03-05,48.3211653828922,15150,39.62727279162712,0.8111280122540847,1.622256024508168,107135.29398636715,106728.19518123257,4.359137189150443,trailing_stop,124,4.359137189150443,187.4791084693349,219.61969666524502
MCD,2006-09-11,21.455866930869057,2007-03-06,25.17735207851583,28379,20.740536455389606,0.35766523773972575,0.7153304754794512,105612.02700506781,105215.00576838761,5.2024697328216645,trailing_stop,176,5.2024697328216645,182.6688142893399,214.35242239086023
SRE,2006-10-04,14.022623256660287,2007-03-06,15.998435463684583,44041,13.633915759922623,0.19435374836883243,0.38870749673766447,87016.74540955701,86620.0981754262,5.083030874389736,trailing_stop,153,5.083030874389736,185.2711052539727,211.3761288768398
ICE,2007-01-04,19.764390607221745,2007-03-08,22.346479108428202,32737,18.097621046290598,0.8333847804655745,1.6667695609311473,84529.83126399577,84116.2562014314,1.549157461073361,trailing_stop,63,1.549157461073361,194.10805659258548,219.4670059717842
OKE,2007-03-14,7.183165864815043,2007-04-02,7.296915286775459,92098,6.91525982208142,0.13395302136681206,0.26790604273362373,10476.094263710334,10076.01830954058,0.42458699624597596,stop_loss,19,0.42458699624597596,198.46656294532073,201.60939122443386
IEF,2007-02-28,51.29057584884198,2007-04-09,50.80414701157734,13017,50.92347208541113,0.18355188171542705,0.3671037634308547,-6331.844174673818,-6730.534276916042,-1.3250445397742716,trailing_stop,40,-1.3250445397742716,200.2948277473128,198.3952744949107
ES,2007-03-16,16.09403807615124,2007-04-20,16.91108319106397,41236,15.588024844467048,0.2530066158420955,0.5060132316841912,33691.67235854134,33283.37260436888,1.614671442865861,trailing_stop,35,1.614671442865861,199.09612623245175,209.20362794001417
MGM,2006-11-24,51.00134706085083,2007-05-04,62.38952497120279,12417,48.49035396784527,1.2554965465027785,2.5109930930055597,141407.00511284024,140984.61277543366,4.5353282500354295,trailing_stop,161,4.5353282500354295,189.98511793637542,232.40721947022752
EL,2007-03-13,18.343606324392788,2007-05-04,17.807742886365542,36248,17.464514384215835,0.4395459700884755,0.8790919401769521,-19423.977901611597,-19817.102133469067,-0.6095647264373528,stop_loss,52,-0.6095647264373528,199.47571261397692,193.64851924349344
TAP,2007-03-19,28.128114393284488,2007-05-11,29.16676281871309,23525,27.135472673762496,0.49632085976099505,0.9926417195219912,24434.20420820784,24029.845612284167,1.0463477456183934,trailing_stop,53,1.0463477456183934,198.5141673306053,205.84442859306762
AAPL,2007-05-11,3.2283673187973485,2007-05-17,3.204273345511199,223299,3.1000102265302445,0.06417854613355209,0.128357092267104,-5380.1601408239185,-5811.080809133749,-0.1877104946878305,stop_loss,6,-0.1877104946878305,216.26735817603873,214.65331013379154
CMC,2007-04-02,19.87793377769395,2007-05-25,21.167633677867848,34391,18.75330598908153,0.5623138943062107,1.1246277886124219,44354.06926688049,43930.58983377123,1.1467793284435404,trailing_stop,53,1.1467793284435404,205.0866061646018,218.39282694466593
RS,2007-04-20,41.068221501706205,2007-05-25,42.80427511980431,17228,39.120821477314486,0.9737000121958594,1.9474000243917189,29908.73173259414,29475.245121055526,0.8914725256000601,trailing_stop,35,0.8914725256000601,212.25699600941837,221.22961552919662
UNM,2007-05-04,16.752509393409994,2007-05-30,15.952671974937566,42948,15.950053949107762,0.4012277221511166,0.8024554443022325,-34351.41744855385,-34772.804087376186,-0.9967374813786944,stop_loss,26,-0.9967374813786944,215.84603202845176,205.5406067938856
NLY,2007-03-21,5.438030765622353,2007-06-06,5.474965018097818,123812,5.227354792710963,0.10533798645569518,0.21067597291139073,4572.903667492273,4167.555717300084,0.17531307422037806,trailing_stop,77,0.17531307422037806,201.98803954597042,203.35991064621814
BDC,2007-03-09,48.72515957261159,2007-06-07,50.83874903700444,13626,45.76428657684079,1.4804364978854003,2.9608729957707993,28799.770041817006,28392.772696202617,0.7138399611911165,trailing_stop,90,0.7138399611911165,199.17870730092162,207.81863831346678
MA,2007-05-04,12.359810162485468,2007-06-08,12.631230669152988,58212,11.678718626773183,0.34054576785614293,0.6810915357122855,15799.930534129644,15363.496993462242,0.3985081188590428,trailing_stop,35,0.3985081188590428,215.8467807535812,220.58675991382012
CMG,2007-05-29,1.746745,2007-06-08,1.6513470000000003,416719,1.6573312000251397,0.0447068999874302,0.08941379997486032,-39754.15916199985,-40178.97401204425,-1.0669270294610211,stop_loss,10,-1.0669270294610211,218.3705488965,206.44430114790006
AAPL,2007-06-08,3.7702739733923063,2007-06-12,3.5691089480287155,190944,3.607311838996912,0.08148106719769707,0.1629621343953942,-38411.25460302549,-38831.67794278983,-1.234428022865147,stop_loss,4,-1.234428022865147,215.97335807262618,204.44998169171853
PPG,2007-03-20,23.3430797339737,2007-06-13,24.298013942917166,28678,22.57101136034642,0.386034186813638,0.7720683736272775,27385.60324408074,26975.727858740975,1.2368518664442396,trailing_stop,85,1.2368518664442396,200.82985218326934,209.04553315649355
KR,2007-03-21,9.798769596790349,2007-06-25,10.63138160710864,68712,9.359966168119131,0.21940171433560854,0.4388034286712177,57210.43645299043,56789.297488133736,1.8974601288773032,trailing_stop,96,1.8974601288773032,201.9879169603975,219.15104789629467
MTN,2007-06-12,41.81559444128604,2007-06-26,41.35913655249968,17448,39.91615187829306,0.9497212814964909,1.8994425629929808,-7964.277243544417,-8399.647055458288,-0.24031149858362272,trailing_stop,14,-0.24031149858362272,218.87954754346768,216.49026437040433
EQT,2007-03-21,20.705836966732726,2007-06-27,21.574920282500035,32517,19.89921405010516,0.4033114583137822,0.806622916627564,28259.98217880559,27847.529163763596,1.0774344465700127,trailing_stop,98,1.0774344465700127,201.98751019417443,210.4655048478161
HAL,2007-05-17,26.173814403808866,2007-06-27,24.97599587265934,27681,25.026001773816184,0.5739063149963414,1.147812629992682,-33156.81476075003,-33581.5781302289,-1.0435662579851233,trailing_stop,41,-1.0435662579851233,217.35520695354998,207.40816252532497
CROX,2007-06-06,42.367325,2007-06-29,41.96799,17542,39.833672677981276,1.2668261610093607,2.5336523220187246,-7005.134570000012,-7448.957598719012,-0.1576123908278878,trailing_stop,23,-0.1576123908278878,222.962284545,220.86074417399996
PTC,2007-06-27,21.351329999999997,2007-07-09,17.26272,34278,20.464960156794408,0.443184921602794,0.8863698432055891,-140149.37357999984,-140546.45730176984,-4.612758467970195,stop_loss,12,-4.612758467970195,219.56426692199994,177.51945484799998
TGT,2007-07-09,41.22472187827248,2007-07-11,39.395888919664415,18280,39.69495335695541,0.7648842606585383,1.5297685213170737,-33431.06648335548,-33873.189912971364,-1.1954965297844609,stop_loss,2,-1.1954965297844609,226.0763747804463,216.04705483543967
ACN,2007-06-27,29.833977682739395,2007-07-12,29.104894642736543,24531,28.636279650602667,0.5988490160683642,1.1976980321367279,-17885.136054309958,-18318.88489741483,-0.6087369440710749,stop_loss,15,-0.6087369440710749,219.557191960584,214.19165114429103
INGR,2007-06-29,30.091123881328336,2007-07-18,28.769805331881297,24519,28.8382163699018,0.6264537557132678,1.2529075114265353,-32397.409513891944,-32830.37285090555,-1.0546018260698364,stop_loss,19,-1.0546018260698364,221.34127993388682,211.6220570797193
CROX,2007-07-11,48.45840999999999,2007-07-19,46.96299,15494,44.663911487710074,1.8972492561449592,3.7944985122899197,-23170.037479999934,-23613.575231479936,-0.3941021442376409,stop_loss,8,-0.3941021442376409,225.24438136199996,218.29337011799998
GWW,2007-06-26,68.35546667774355,2007-07-23,68.54040380778737,10814,66.26682030075456,1.0443231884944932,2.08864637698899,1999.9101242938773,1555.7925412647178,0.08854401208424167,trailing_stop,27,0.08854401208424167,221.75880499593563,222.35877803322379
DLTR,2007-03-09,11.875202604264999,2007-07-25,13.503156751574998,55910,11.352851536491183,0.26117553388690745,0.5223510677738155,91018.91637610208,90593.24515462657,3.116590063169784,trailing_stop,138,3.116590063169784,199.18277328133684,226.48844819416743
NRG,2007-04-10,28.62645694202427,2007-07-25,30.80297984965809,24443,27.56295756520363,0.5317496884103199,1.0634993768206407,53200.74943129348,52764.95931424375,2.0465671678535378,trailing_stop,106,2.0465671678535378,209.91494611016978,225.87517093955782
KLAC,2007-07-18,3.256058964668518,2007-07-25,3.1905680604848685,233145,3.1193302785437633,0.06836434306237735,0.13672868612475453,-15268.876855896924,-15719.776513230741,-0.4789843743828114,stop_loss,7,-0.4789843743828114,227.74016019529248,223.1594971385234
HAS,2006-11-02,14.497664253790761,2007-07-26,16.091572273950923,42856,13.990286348324894,0.25368895273293357,0.5073779054658676,68308.52211198391,67915.24241579404,3.1414612323267357,trailing_stop,266,3.1414612323267357,186.39356977813708,206.88612641173225
GT,2007-01-03,19.143076959739183,2007-07-26,27.635357375309912,33627,18.129122245898866,0.5069773569201587,1.0139547138403167,285569.9135343969,285098.0080109815,8.37540404877307,trailing_stop,204,8.37540404877307,193.11727467754488,278.7882487378639
BAX,2007-03-16,19.626888838386268,2007-07-26,20.128314084244423,33814,19.00090831142848,0.3129902634788951,0.6259805269577896,16955.193263447636,16551.908533959886,0.8010237128222457,trailing_stop,132,0.8010237128222457,199.099085754358,204.18564373339228
DINO,2007-03-22,14.509585790457459,2007-07-26,16.09394930411569,46835,13.767089856224137,0.3712479671166612,0.7424959342333217,74203.66516218321,73773.67019233691,2.1338345984267173,trailing_stop,126,2.1338345984267173,203.8669351488225,226.12803469747752
AXON,2007-06-13,12.212199999999998,2007-07-26,14.25573,59264,11.343799031697007,0.4342004841514958,0.868400968302991,121107.76192000014,120637.18329894413,2.3532101812293247,trailing_stop,43,2.3532101812293247,217.12314623999995,253.455474816
CSX,2007-07-19,4.1386474757538565,2007-07-26,3.8421382371707717,183439,3.930049882050824,0.10429879685151637,0.20859759370303266,-54391.35821644249,-54830.55442156044,-1.4214413182790901,stop_loss,7,-1.4214413182790901,227.7568062914435,211.43939882651074
AYI,2007-07-25,58.69252534708068,2007-07-26,55.281905432312385,12610,55.879290807307456,1.4066172698866148,2.8132345397732266,-43007.917125228225,-43439.08239686667,-1.2123482299642268,stop_loss,1,-1.2123482299642268,222.03382338800623,209.13144825043776
LMT,2007-07-25,59.303308688590896,2007-07-26,58.14001513065251,12481,57.12639305069087,1.0884578189500131,2.1769156379000236,-14519.066896629025,-14958.809934005418,-0.5343769587050086,stop_loss,1,-0.5343769587050086,222.04937872269088,217.69365865370216
YUM,2007-07-12,16.88706703872751,2007-07-27,15.983222365349961,44631,16.23225874608177,0.3274041463228705,0.6548082926457397,-40339.4916175133,-40779.60178343132,-1.380319527911873,stop_loss,15,-1.380319527911873,226.10600670163421,214.0041592163802
SGI,2007-07-23,7.525868961344377,2007-07-27,7.262235911955676,101695,7.132176796830958,0.1968460822567097,0.3936921645134195,-26810.16295758401,-27261.325855111085,-0.6696426120508053,stop_loss,4,-0.6696426120508053,229.60297320717493,221.55992431989972
BA,2007-07-26,77.13879047742405,2007-07-27,75.19905245397712,9547,74.72549048515386,1.2066499961350967,2.413299992270197,-18518.67890984789,-18954.989725787716,-0.80376995386397,stop_loss,1,-0.80376995386397,220.9332098063902,215.37760613343585
BIIB,2007-07-25,56.99693999999999,2007-07-31,56.043898002,12986,55.00125844585996,0.9978407770700143,1.9956815541400275,-12376.203386027859,-12816.58788271605,-0.4775521405320955,stop_loss,6,-0.4775521405320955,222.04867885199994,218.3358178361916
NOV,2007-07-26,42.67553651665264,2007-07-31,41.925014284398316,17256,40.1138766148366,1.280829950908023,2.561659901816043,-12951.011639780652,-13388.971771167533,-0.2929827771915612,stop_loss,5,-0.2929827771915612,220.9227174394074,217.0374139474732
GD,2007-07-26,53.631320904660654,2007-07-31,52.031589446512406,13731,51.69138134085234,0.9699697819041567,1.9399395638083163,-21965.912651833598,-22401.169878443183,-0.8246295338231044,stop_loss,5,-0.8246295338231044,220.92350020256862,214.33372640701853
AMZN,2007-07-26,4.255250999999999,2007-08-01,3.9010949999999993,173068,3.9724417585989955,0.1414046207005016,0.28280924140100305,-61293.07060799987,-61716.55135485827,-1.2522787382956544,stop_loss,6,-1.2522787382956544,220.93433402039992,202.54641283799995
ALGN,2007-07-26,27.717689999999997,2007-08-01,25.93404,26569,26.076627089397757,0.8205314553011206,1.6410629106022405,-47389.79684999995,-47817.43869431095,-1.0868870342974424,stop_loss,6,-1.0868870342974424,220.92939168299995,206.712452628
CL,2007-07-26,22.15591154458845,2007-08-01,21.440426328425296,33239,21.541364012936253,0.3072737658260983,0.614547531652196,-23782.013100047025,-24216.742702415355,-1.1642471563421433,stop_loss,6,-1.1642471563421433,220.93210314917266,213.79749921915854
AAPL,2007-07-27,4.380499520462508,2007-08-01,3.9964450759507346,164235,4.138338089512134,0.12108071547518713,0.24216143095037435,-63075.181694391125,-63487.917943128705,-1.585943901159376,stop_loss,5,-1.585943901159376,215.829401622948,196.9068471146307
SPXC,2007-07-31,21.13444898464228,2007-08-02,18.74864205625354,34046,20.121784806621605,0.5063320890103378,1.0126641780206747,-81227.182683923,-81634.54059919651,-2.3559704985832233,stop_loss,2,-2.3559704985832233,215.8630350393393,191.49488023416242
FLS,2007-03-12,13.566919318166978,2007-08-06,16.47751226654173,48846,12.959665565819302,0.30362687617383777,0.6072537523476758,142170.82315631316,141730.55806475715,4.793042343702683,trailing_stop,147,4.793042343702683,198.80692230455526,241.45816925144922
SLB,2007-06-25,57.34537903105669,2007-08-06,56.91944860042154,12939,54.57643998802573,1.3844695215154785,2.7689390430309544,-5511.113841988182,-5954.655623405291,-0.15382441578378458,trailing_stop,42,-0.15382441578378458,222.59755778485277,220.94422363225632
FFIV,2007-07-27,45.7457,2007-08-06,41.873084999999996,15726,42.70183688201092,1.52193155899454,3.0438631179890763,-60900.74349000005,-61314.111393873056,-1.2722697604609896,stop_loss,10,-1.2722697604609896,215.81906346,197.54884041299997
FCX,2007-03-20,21.845175797533717,2007-08-07,30.12025344349811,30644,20.193564669612233,0.825805563960742,1.651611127921484,253581.4793829329,253103.75079883425,5.010306303989606,trailing_stop,140,5.010306303989606,200.82707014188696,276.90151395676685
ISRG,2007-07-31,24.010629322679996,2007-08-07,23.225616774360002,29968,22.429362607395554,0.790633357642222,1.5812667152844426,-23525.256048053576,-23949.928794964402,-0.4964453755537273,stop_loss,7,-0.4964453755537273,215.8651618626222,208.80758504820616
BG,2007-07-27,57.572220386781524,2007-08-10,58.051798576008835,12496,54.57976771412642,1.4962263363275536,2.992452672655105,5992.809052584481,5559.357730296772,0.16026258112941089,stop_loss,14,0.16026258112941089,215.82673978596657,217.6245825017419
CROX,2007-07-30,56.771715,2007-08-10,50.039910000000006,12573,52.149522877950815,2.311096061024592,4.622192122049185,-84638.98426499993,-85041.86703333743,-1.4564096044141803,trailing_stop,11,-1.4564096044141803,214.1372318085,188.74553652900002
CMG,2007-08-02,1.9919899999999997,2007-08-13,2.076921,356355,1.8538293693569894,0.06908031532150517,0.13816063064301032,30265.586505000112,29830.593471178614,0.6147264933919658,trailing_stop,11,0.6147264933919658,212.95667893499993,222.0363548865
TRMB,2007-08-02,18.213195,2007-08-13,18.73125,38974,17.33695649673545,0.43811925163227405,0.876238503264549,20190.675570000014,19758.713730171017,0.5912260167407779,stop_loss,11,0.5912260167407779,212.952318579,219.00952124999998
HSIC,2007-08-08,23.655003921539446,2007-08-13,22.788952941135147,30433,22.699572804000773,0.4777155587693372,0.9554311175386729,-26356.529486644045,-26780.55816840458,-0.9064504646189152,stop_loss,5,-0.9064504646189152,215.967820303263,208.06086145726977
GGG,2007-08-08,11.151048350807024,2007-08-13,10.41180961124891,64559,10.625005842821562,0.2630212539927307,0.526042507985462,-47724.51378713232,-48142.13675128402,-1.4052832771806048,stop_loss,5,-1.4052832771806048,215.97015914392517,201.6528050077855
WYNN,2007-08-08,67.39059956527551,2007-08-13,64.9655379675049,10682,62.73402846587456,2.3282855497004737,4.656571099400949,-25904.50798738563,-26328.65646572318,-0.5207826845127701,stop_loss,5,-0.5207826845127701,215.9599153668819,208.18856297066623
EXPD,2007-08-08,39.349886788675896,2007-08-13,38.39997898439493,18295,37.10933627216909,1.1202752582534037,2.240550516506808,-17378.56327932032,-17805.293417615816,-0.4239617885348769,trailing_stop,5,-0.4239617885348769,215.97185363964763,210.75828465585158
WTRG,2007-08-10,12.49041263804801,2007-08-13,11.511002787578978,57084,11.761797066121911,0.36430778596304925,0.7286155719260989,-55908.63190417425,-56319.6609436212,-1.3442065860326833,stop_loss,3,-1.3442065860326833,213.90081450909977,197.12822493784748
COST,2007-08-08,44.852770929286564,2007-08-14,42.36660455084691,16050,43.0636668696636,0.894552029811481,1.7891040596229644,-39902.97037395647,-40322.93166689332,-1.3896153021773312,stop_loss,6,-1.3896153021773312,215.96609202451484,203.99520091232787
DECK,2007-06-07,4.9749650250299995,2007-08-15,5.0504949495,147840,4.7162566797158885,0.1293541726570553,0.258708345314111,11166.344033644875,10721.694832854519,0.2919500891179052,trailing_stop,69,0.2919500891179052,220.64964879013053,223.99955200022404
ILMN,2007-07-26,22.021026264573244,2007-08-15,22.083925097323995,33443,20.597874495784776,0.7115758843942341,1.4231517687884683,2103.5256636833556,1661.025097164577,0.04419685526884922,trailing_stop,20,0.04419685526884922,220.9347544098369,221.56581210894188
AMAT,2007-08-02,16.65207653031234,2007-08-15,15.209161794547711,42628,15.941985743550227,0.35504539338105584,0.7100907867621125,-61508.56935617456,-61916.0236163682,-2.0320144447220083,stop_loss,13,-2.0320144447220083,212.9534155002463,194.50084469339393
T,2006-07-26,7.2618251285617665,2007-08-16,9.775424274825818,83059,7.007023993331977,0.127400567614895,0.25480113522978964,208777.03148954586,208352.50242008705,9.864944848056464,trailing_stop,386,9.864944848056464,180.94798000596353,243.5810894528273
APD,2007-06-11,49.46341573123729,2007-08-16,51.69054449141077,14680,48.0118087711397,0.7258034800487956,1.4516069600975925,32694.25019934666,32248.76815852612,1.534250538467897,trailing_stop,66,1.534250538467897,217.83688288036902,227.64515794017302
PAYX,2007-08-07,23.471600087521228,2007-08-16,22.948144864756248,30078,22.480544608942083,0.4955277392895723,0.9910554785791454,-15744.48619032507,-16163.35011692745,-0.5281795359382366,trailing_stop,9,-0.5281795359382366,211.79363622973906,207.07029037264152
J,2007-08-10,51.573680707723916,2007-08-16,46.45608931099323,13824,48.10847962990211,1.7326005389109043,3.46520107782181,-70745.58346840504,-71152.13253062667,-1.4768526506252717,stop_loss,6,-1.4768526506252717,213.88636863107263,192.6626935905511
FLR,2007-08-14,52.40608356167109,2007-08-16,48.068366015227944,13177,48.72695511633182,1.8395642226696345,3.6791284453392663,-57158.10410948132,-57555.28965610376,-1.1790068248196612,stop_loss,2,-1.1790068248196612,207.16648892764198,190.0190576947976
JEF,2007-08-07,23.81944747465249,2007-08-17,24.394216976028524,29639,22.411888945284876,0.7037792646838061,1.4075585293676127,17035.59325128432,16606.8918110882,0.4083450097341727,trailing_stop,10,0.4083450097341727,211.79538111036754,216.90605908575282
WFC,2007-08-20,22.515114696681234,2007-09-10,21.335152467834288,29779,21.11023052933895,0.7024420836711429,1.404884167342285,-35138.09521283322,-35529.84034460085,-0.8399000118843687,stop_loss,21,-0.8399000118843687,201.14328016574112,190.60185160189118
PH,2007-09-19,56.505205870932436,2007-09-26,54.131754616465514,12432,53.20601458547719,1.6495956427276226,3.299191285455244,-29506.74599553277,-29919.377603366567,-0.719403953608412,stop_loss,7,-0.719403953608412,210.74181581622963,201.88979201756976
GRMN,2007-05-25,30.651678322720603,2007-10-03,50.013106378745015,23572,29.21422898399782,0.718724669361391,1.4374493387227822,456387.58213660744,455817.15304511256,13.469294210554672,trailing_stop,131,13.469294210554672,216.756408426951,353.67268306793324
LVS,2007-09-13,74.35616607599704,2007-10-04,80.05017469919716,9169,69.10063799210056,2.6277640419482378,5.255528083896479,52208.36506612189,51783.639544551566,1.083432251203679,trailing_stop,21,1.083432251203679,204.53150602524505,220.19401554508164
SYNA,2007-09-18,31.164482248899997,2007-10-04,30.16315508157,22129,28.964915482890177,1.0997833830049093,2.19956676600982,-22158.3688858455,-22565.504671791292,-0.45523836002781576,trailing_stop,16,-0.45523836002781576,206.89164830577243,200.24413764001875
FLG,2007-09-11,19.62543935702873,2007-10-16,19.19012516083309,34403,18.469863255360334,0.5777880508341969,1.1555761016683945,-14976.114291718517,-15376.725851550918,-0.37670751027746313,trailing_stop,35,-0.37670751027746313,202.55219705995782,198.05936277244223
SLAB,2007-09-17,40.15011,2007-10-22,40.509449999999994,17167,38.02218904781077,1.0639604760946142,2.1279209521892284,6168.789779999931,5753.384980043931,0.16886905485389533,trailing_stop,35,0.16886905485389533,206.77708151099998,208.62771844499997
IVZ,2007-10-03,14.100195668504808,2007-10-22,13.542699643218302,25489,13.259599465331956,0.4202981015864264,0.8405962031728524,-14210.016188527745,-14421.393116107898,-0.6632150171297734,trailing_stop,19,-0.6632150171297734,107.81996621835572,103.55696136179739
CIEN,2007-10-04,45.39534999999999,2007-10-22,43.20675,15497,42.5058033822065,1.4447733088967463,2.889546617793492,-33916.734199999904,-34328.65422310991,-0.7574198618298281,trailing_stop,18,-0.7574198618298281,211.04752168499996,200.872501425
GDX,2007-09-19,36.43385298511727,2007-10-23,38.264345137485606,9640,34.441320698260604,0.9962661434283315,1.9925322868566653,17645.944348830762,17429.917159860197,0.9186762816556631,trailing_stop,34,0.9186762816556631,105.36670283295915,110.66048613760837
MNST,2007-10-05,5.185174814819999,2007-10-23,5.0907324092625,135680,4.813339012670367,0.18591790107481593,0.37183580214963197,-12813.945586041411,-13232.216113690465,-0.2539895432648351,trailing_stop,18,-0.2539895432648351,211.05735566243325,207.21317198662084
OLN,2007-10-17,12.652296103204035,2007-10-23,11.99433679112688,58057,11.82342979411364,0.4144331545451978,0.8288663090903956,-38199.143781263396,-38628.41665104725,-0.7938063169670931,stop_loss,6,-0.7938063169670931,220.36630645911498,208.90656332473597
ILMN,2007-09-12,25.214878404645493,2007-10-26,26.695068093366626,27022,23.525621284585966,0.8446285600297632,1.6892571200595263,39997.68576862245,39576.87259634166,0.8762370577837041,trailing_stop,44,0.8762370577837041,204.40693327509916,216.40623900568588
BKNG,2007-08-24,3.173556686188463,2007-10-29,3.3926071128019366,212795,2.913012228423447,0.13027222888250795,0.260544457765016,46612.83553121412,46193.66148353227,0.8407410715718786,trailing_stop,66,0.8407410715718786,202.59509851124218,216.57894917060645
DVA,2007-09-12,30.20017,2007-10-31,32.012955000000005,22561,28.96192986670347,0.6191200666482638,1.2382401332965287,40898.242385000114,40477.165291062614,1.4640011668608117,trailing_stop,49,1.4640011668608117,204.403810611,216.67328332650004
BIIB,2007-09-07,66.06599999999999,2007-11-02,73.35657,10323,62.79618572338665,1.6349071383066693,3.2698142766133387,75260.55411000017,74828.77635296716,2.2296587461080866,trailing_stop,56,2.2296587461080866,204.59979539999995,227.17796163300002
CROX,2007-09-26,65.17510999999999,2007-11-02,48.50145,10988,59.30545422712525,2.9348278864373682,5.8696557728747365,-183210.1760799999,-183584.8994923839,-2.840653804104403,stop_loss,37,-2.840653804104403,214.84323260399998,159.88017978
CF,2007-10-22,10.716032986276698,2007-11-02,11.58435110138989,66999,9.710579826801567,0.5027265797375651,1.005453159475131,58176.44539446876,57728.21436442189,0.863608719044131,trailing_stop,11,0.863608719044131,215.38904821426576,232.84198183260634
BG,2007-10-26,74.85765730573921,2007-11-02,66.865555246548,9781,70.05179787288209,2.4029297164285617,4.805859432857119,-78170.75024094923,-78586.60866354141,-1.6629912237029054,stop_loss,7,-1.6629912237029054,219.65482383223056,196.2035987599458
WYNN,2007-09-13,78.89994102822791,2007-11-08,79.85037988261405,8641,73.15614240597343,2.8718993111272417,5.743798622254488,8212.742140750595,7801.21368385342,0.16547217562670752,trailing_stop,56,0.16547217562670752,204.53231712747524,206.9961397697004
MRK,2007-10-23,27.407533825134912,2007-11-08,27.158287069732108,26249,26.34749659556313,0.5300186147858916,1.0600372295717833,-6542.478082568218,-6972.167552369027,-0.23513019019482106,trailing_stop,16,-0.23513019019482106,215.8261066127899,213.86336318801943
MSFT,2007-10-29,24.818873396163678,2007-11-09,24.29308950980418,15086,23.749303245209546,0.5347850754770653,1.0695701509541315,-7931.975709619393,-8154.2466313392215,-0.4915842928960408,trailing_stop,11,-0.4915842928960408,112.32525721635758,109.94566450347173
DVN,2007-10-29,58.51124187465823,2007-11-09,56.25102357855117,6399,55.577527905709275,1.4668569844744794,2.9337139689489575,-14463.136876789093,-14683.445997779618,-0.7704289920659225,stop_loss,11,-0.7704289920659225,112.32403102678143,107.98508996374467
GME,2007-08-24,8.137189239975871,2007-11-12,8.587381295578034,82991,7.509420410061562,0.31388441495715447,0.6277688299143094,37361.88888647906,36945.49223648421,0.7171303099958207,trailing_stop,80,0.7171303099958207,202.59404166445125,213.80260833039497
FXI,2007-09-19,35.70122956219683,2007-11-12,37.954198502011955,19676,33.54272729389627,1.0792511341502782,2.158502268300559,44329.416859802426,43894.64359902502,1.0437649164894987,trailing_stop,54,1.0437649164894987,210.73721785973544,224.03604291767618
ISRG,2007-10-22,29.787505768019994,2007-11-12,30.642629357340006,24102,27.52491270019085,1.1312965339145715,2.262593067829144,20610.188749790934,20173.242614753504,0.3779396310713816,trailing_stop,21,0.3779396310713816,215.38153920624535,221.56459583118266
DECK,2007-10-23,6.629950036709999,2007-11-12,6.81428318571,108513,6.093689145107918,0.2681304458010402,0.5362608916020806,20002.54299743714,19564.880773537803,0.3437378184512125,trailing_stop,20,0.3437378184512125,215.83073050005362,221.83149339928477
XRAY,2007-11-02,37.012350283862105,2007-11-12,35.03291264431361,19571,35.319745181431905,0.8463025512150985,1.6926051024301998,-38739.57404360356,-39162.573395833766,-1.16946217207219,stop_loss,10,-1.16946217207219,217.31061222163962,205.6887400085585
FTI,2007-09-13,17.224954423826073,2007-11-13,17.775955213895596,39580,16.119911032317148,0.552521695754463,1.105043391508925,21808.611270951715,21393.010469913406,0.4986236688109931,trailing_stop,61,0.4986236688109931,204.5291088285108,211.07169220979634
AGCO,2007-10-31,46.36345769662779,2007-11-13,45.2123150917842,16100,42.78943620121937,1.7870107477042112,3.5740214954084237,-18533.395937981833,-18975.706920549866,-0.32208608882808204,trailing_stop,13,-0.32208608882808204,223.9355006747122,218.37548189331767
OVV,2007-11-02,123.60061846107979,2007-11-13,117.88797980606982,2930,117.87559090239291,2.8625137793434403,5.725027558686875,-16738.031259179206,-16950.29973705603,-0.9978360097746414,stop_loss,11,-0.9978360097746414,108.64494362728912,103.62353424953538
SPXC,2007-11-02,23.32672905773624,2007-11-20,22.13402388247094,31054,21.89142691991628,0.7176510689099799,1.43530213781996,-37038.266512688606,-37461.78797923016,-0.8309784705517582,trailing_stop,18,-0.8309784705517582,217.31647324768235,206.2049932938758
BKNG,2007-11-14,4.322765315704789,2007-11-21,3.900128615110923,160396,3.910892116314942,0.2059365996949233,0.4118731993898468,-67789.23622845371,-68184.91201693185,-1.0261330458499465,stop_loss,7,-1.0261330458499465,208.0062796733356,187.66950880479948
O,2007-11-14,11.395909480690458,2007-11-21,10.580192392835963,60842,10.651104915216921,0.3724022827367682,0.7448045654735367,-49629.85905924316,-50030.980056299886,-1.095209569957285,stop_loss,7,-1.095209569957285,208.00497738725065,193.11601966947768
SCHW,2007-11-15,18.89069691151045,2007-11-28,18.11461166080497,36662,17.534959966856388,0.6778684723270313,1.355736944654062,-28452.83746136423,-28859.844048227696,-0.5724453064185755,stop_loss,13,-0.5724453064185755,207.77121905093884,199.23536781252955
AON,2007-11-02,38.3551310118402,2007-12-12,40.00062167939659,18886,36.59840356641133,0.8783637227144367,1.7567274454288722,31076.736747469935,30632.788723871927,0.9366795468688496,trailing_stop,40,0.9366795468688496,217.3125012868842,226.6355223111252
CCI,2007-12-04,25.573688780203952,2007-12-13,23.96372756786089,27128,24.122916706323792,0.7253860369400806,1.4507720738801595,-43675.0277684426,-44078.183077649686,-1.1097271868744647,stop_loss,9,-1.1097271868744647,208.12890876881187,195.02640043827904
D,2007-12-06,22.608853014246478,2007-12-13,21.793995542510906,30878,21.809039399951963,0.3999068071472579,0.7998136142945143,-25161.169012250975,-25572.490359571642,-1.0188092040097703,stop_loss,7,-1.0188092040097703,209.43484901217082,201.88649830849553
BRK-B,2007-08-20,79.37929999999999,2007-12-18,90.2097,8446,77.36266747281614,1.0083162635919227,2.0166325271838446,91473.5584000001,91043.8537918001,5.370537197039204,trailing_stop,120,5.370537197039204,201.13127033999996,228.57333785999998
BKNG,2007-12-06,4.671723241402217,2007-12-18,4.312563205306204,149438,4.250443529043716,0.2106398561792508,0.42127971235850126,-53672.15747411606,-54074.93561352302,-0.8525452936845316,stop_loss,12,-0.8525452936845316,209.43989332459938,193.33824608236455
AGCO,2007-12-03,53.3745171532046,2007-12-19,48.83147958096914,13001,48.900814257653046,2.236851447775776,4.473702895551554,-59064.03147663325,-59462.66552569555,-1.015498274763139,stop_loss,16,-1.015498274763139,208.17662925264392,190.45741980965394
WDC,2007-12-06,18.596563145012876,2007-12-19,17.567636964079924,37541,17.109782921042736,0.7433901119850693,1.4867802239701398,-38626.917758403964,-39034.209829292595,-0.6920499508565008,stop_loss,13,-0.6920499508565008,209.44007310807854,197.8519977805573
XRAY,2007-12-14,38.34307569603554,2007-12-19,36.8394132020825,18190,36.510256974081905,0.9164093609768174,1.832818721953636,-27351.62076500587,-27761.8916069229,-0.8204098288292592,stop_loss,5,-0.8204098288292592,209.23816407326595,201.0326778437642
WAT,2007-10-24,73.9739,2007-12-20,76.68324000000001,9963,70.9402056383634,1.516847180818301,3.0336943616366057,26993.154420000115,26542.855294254114,0.8930827159985845,trailing_stop,57,0.8930827159985845,221.10058971,229.19853603600004
LDOS,2007-12-12,28.394122724970533,2007-12-21,27.829785798476898,24373,26.95268644651041,0.7207181392300612,1.4414362784601238,-13754.583909429357,-14165.687506161952,-0.391510145073157,stop_loss,9,-0.391510145073157,207.61498595271203,203.48861077988323
NEE,2007-12-04,10.295900817582806,2008-01-02,9.768799255380802,67384,9.857997673102142,0.2189515722403319,0.43790314448066425,-35518.21166741985,-35923.823592334826,-1.20369439873999,stop_loss,29,-1.20369439873999,208.13369420759994,197.478230707374
NFLX,2007-12-24,0.40182959816999997,2008-01-02,0.379048763808,1720690,0.37034602098126956,0.015741788594365196,0.031483577188730405,-39198.75387834971,-39601.84875495129,-0.7235783349979173,stop_loss,9,-0.7235783349979173,207.42725138254116,195.66762521903627
MCD,2007-09-14,31.49817262961133,2008-01-03,34.94247015136706,21707,30.039847641459183,0.7291624940760737,1.458324988152146,74765.36630475169,74332.69819489768,2.361817530206368,trailing_stop,111,2.361817530206368,205.11924998129192,227.5488598727174
CL,2007-11-15,25.21323508287635,2008-01-03,25.059587026805477,27469,24.313340683406665,0.44994719973484176,0.8998943994696837,-4220.558452210757,-4634.841697370012,-0.17074009590616113,trailing_stop,49,-0.17074009590616113,207.77470634745913,206.50853881179592
ELV,2007-12-24,70.9897156575892,2008-01-04,69.61450355450596,9739,68.6267895073293,1.1814630751299466,2.362926150259895,-13393.190671927701,-13803.99401919968,-0.5819953801484592,stop_loss,11,-0.5819953801484592,207.4106522367784,203.39269503520006
CNX,2007-12-06,56.44466445196853,2008-01-07,60.35032754681995,12368,51.84385964277444,2.3004024045970453,4.600804809194088,48305.24115712236,47871.885018810055,0.8489086707278863,trailing_stop,32,0.8489086707278863,209.43228298258404,223.9238553297207
IVZ,2007-12-24,15.876480076712712,2008-01-07,14.431564147851384,43550,14.56577031192646,0.6553548823931252,1.3107097647862513,-62926.088701910805,-63322.06329970473,-1.1023919769888662,stop_loss,14,-1.1023919769888662,207.42621220225158,188.54838559167834
FLS,2007-11-08,22.584549382958734,2008-01-08,21.875324217975816,31927,21.093354441309806,0.7455974708244641,1.4911949416489279,-22643.431842409624,-23069.272957746733,-0.47560861774294494,trailing_stop,61,-0.47560861774294494,216.31707244491707,209.52404289219416
J,2007-12-07,71.27217110092371,2008-01-08,69.57119371705384,9866,66.20099929700322,2.5355859019602454,5.0711718039204925,-16781.84286926013,-17198.71106044838,-0.33542097362090034,trailing_stop,32,-0.33542097362090034,210.951372024514,205.91681916373597
STLD,2007-12-24,19.082654762732204,2008-01-08,18.248794774804804,36233,17.553263294345932,0.7646957341931362,1.5293914683862724,-30213.248942573508,-30619.038065901583,-0.5452233814323828,stop_loss,15,-0.5452233814323828,207.4265490054228,198.36257432265072
IRM,2007-10-03,11.647717955895333,2008-01-14,12.39360387834703,61712,11.13295277212655,0.2573825918843914,0.5147651837687821,46030.112046339105,45585.02063042868,1.4489828488220513,trailing_stop,103,1.4489828488220513,215.64119114826386,229.45022476216553
ECL,2007-12-04,39.96093723378922,2008-01-14,40.0546612410182,17361,38.159683349936294,0.9006269419264606,1.8012538838529224,1627.1424895024143,1210.3972479660747,0.05203264685181835,trailing_stop,41,0.05203264685181835,208.1285493947444,208.61669214159508
ADM,2007-12-24,27.455077508467184,2008-01-17,25.912957895101528,25183,25.867759778649493,0.7936588649088459,1.5873177298176913,-38835.19822338733,-39238.38839405775,-0.9715254762150071,trailing_stop,24,-0.9715254762150071,207.42036506871872,195.7698056017025
RRC,2007-12-24,46.53429908104087,2008-01-17,46.121919583261366,14858,43.559896924425495,1.4872010783076897,2.974402156615376,-6127.1345780078755,-6540.140407082136,-0.13864281830966602,trailing_stop,24,-0.13864281830966602,207.42198472383157,205.58384435042922
FCN,2007-08-07,48.708659999999995,2008-02-20,52.69725,14494,45.60591861630197,1.5513706918490109,3.1027413836980244,57810.62346000003,57369.690282138035,1.2855051410202203,trailing_stop,197,1.2855051410202203,211.794995412,229.13818245000002
GLD,2007-09-07,69.32925999999999,2008-03-24,90.55935000000001,9837,67.62530869541905,0.8519756522904712,1.70395130458094,208840.39533000017,208368.54805302917,12.459329056484524,trailing_stop,199,12.459329056484524,204.597579186,267.249697785
AME,2008-05-16,20.935051462334446,2008-05-20,20.02431787550563,32258,20.03094197549543,0.4520547434195075,0.9041094868390154,-29378.444043923926,-29774.824244753938,-1.0073266568775419,stop_loss,4,-1.0073266568775419,202.5968670215954,193.78333380841818
MRSH,2008-05-16,19.78588317634449,2008-05-22,18.45649012489237,34131,18.7164042237548,0.5347394762948455,1.0694789525896908,-45373.51423911238,-45765.089372055736,-1.2430287180809516,stop_loss,6,-1.2430287180809516,202.59359360754414,188.98153933581042
HWM,2008-05-20,62.23324623948002,2008-05-23,57.12102930523151,10839,58.22851657504363,2.0023648322181966,4.00472966443639,-55411.31935031958,-55799.42364810831,-1.276544826395412,stop_loss,3,-1.276544826395412,202.36384679691716,185.7404509918213
JEF,2008-05-16,32.61653164445059,2008-05-27,30.861826370624733,20704,30.781840782210047,0.9173454311202713,1.8346908622405422,-36329.417989290516,-36723.694766593755,-0.9564037789358109,stop_loss,11,-0.9564037789358109,202.5878013500115,191.68897595322434
CSX,2008-05-20,5.433139300467836,2008-06-05,5.221532796468777,62077,5.120124492248912,0.15650740410946207,0.3130148082189237,-13135.896948749592,-13334.319972678053,-0.6760271349560586,trailing_stop,16,-0.6760271349560586,101.18189650654257,97.24112742191768
VMI,2008-05-20,98.1160306238112,2008-06-19,91.00104625123531,6874,91.89367914199373,3.111175740908733,6.222351481817469,-48908.402577086665,-49298.39981301839,-1.143455877310501,stop_loss,30,-1.143455877310501,202.33487835242346,187.66235757929743
GLW,2008-05-19,18.139592224608805,2008-06-20,16.701039204891867,37221,17.140184449322884,0.4997038876429606,0.9994077752859205,-53544.381946884154,-53933.42288961539,-1.4394054712105702,stop_loss,32,-1.4394054712105702,202.5521286576493,186.48881407358405
QCOM,2008-05-19,30.072543464012167,2008-06-25,30.292689340291336,22451,28.57669585540399,0.7479238043040878,1.4958476086081767,4942.495068343619,4535.9171158367935,0.14717132615133524,trailing_stop,37,0.14717132615133524,202.54760199316112,204.03035051366427
WMB,2008-05-19,13.524573255821878,2008-07-07,12.9940376845612,49922,12.837286298728458,0.3436434785467103,0.6872869570934199,-26485.39678847558,-26882.55541708532,-0.7719273089429004,stop_loss,49,-0.7719273089429004,202.55212382314193,194.60650478659923
EXC,2008-05-21,30.806902736769093,2008-07-17,29.57806938041632,21814,29.523039276027994,0.64193173037055,1.2838634607410988,-26805.770835479387,-27200.94217000867,-0.9571371052521735,stop_loss,57,-0.9571371052521735,201.60653288996429,193.56480163932048
GDX,2009-06-01,38.33551489018771,2009-06-04,36.565366631890775,8978,35.454901504743134,1.4403066927222872,2.880613385444576,-15892.39106298988,-16094.129097281448,-0.6145039342111301,stop_loss,3,-0.6145039342111301,103.25287580523158,98.48515848633461
SLV,2009-06-01,15.605589999999998,2009-06-09,15.00498,44111,14.838018195305112,0.3837859023474429,0.7675718046948852,-26493.507709999907,-26898.586565980906,-0.7824805397050043,stop_loss,8,-0.7824805397050043,206.51345414699998,198.565401834
SYNA,2009-06-10,40.34029999999999,2009-06-16,37.42254,16894,36.455054619882674,1.942622690058661,3.8852453801173183,-49292.637439999904,-49686.7550656879,-0.7509847421559485,stop_loss,6,-0.7509847421559485,204.45270845999994,189.664917228
SLAB,2009-06-10,38.498459999999994,2009-06-18,37.4625,17703,35.85399575087625,1.3222321245618724,2.644464249123743,-18339.599879999925,-18743.020942463925,-0.39174664597688036,stop_loss,8,-0.39174664597688036,204.461471214,198.95959125
RMBS,2009-06-16,19.26925,2009-06-24,14.96502,35249,17.518366025331133,0.8754419873344332,1.7508839746688665,-151719.80326999995,-152081.82040496895,-2.4583182336876606,stop_loss,8,-2.4583182336876606,203.76653797499998,158.25059699400003
CAG,2009-06-25,8.360192685002762,2009-06-26,8.025482401406979,80275,7.972663837195123,0.19376442390381934,0.38752884780763885,-26868.868015651457,-27263.47603591992,-0.863704174513289,stop_loss,1,-0.863704174513289,201.334340336579,193.27367993188358
VRTX,2009-06-29,35.925889999999995,2009-07-08,33.3666,18745,33.57396202428752,1.1759639878562385,2.351927975712478,-47973.89104999995,-48363.55736751495,-1.0881668258674897,stop_loss,9,-1.0881668258674897,202.02924241499997,187.6370751
ORCL,2009-06-25,16.995886292371114,2009-07-09,16.39520051437124,39487,15.894404965169635,0.5507406636007397,1.1014813272014798,-23719.27931588105,-24114.8334693024,-0.5453435870093502,stop_loss,14,-0.5453435870093502,201.33496860805747,194.21918481329314
HSY,2009-07-24,27.137917335889256,2009-08-06,25.91017940883111,25282,26.119232119146236,0.5093426083715106,1.0186852167430196,-31039.67027188407,-31442.01886645408,-1.2052181644330904,stop_loss,13,-1.2052181644330904,205.83024782578562,196.51834674422042
FXI,2009-07-24,28.297005726587944,2009-08-06,28.618628516157273,12123,26.76685689418601,0.765074416200967,1.5301488324019346,3899.0330779489714,3692.036607771531,0.2101905270642626,stop_loss,13,0.2101905270642626,102.91338012702771,104.0830900504124
IBB,2009-07-24,24.446399047419504,2009-08-07,24.723879590953374,14033,23.56366499744376,0.441367024987872,0.8827340499757454,3893.8844674107863,3686.8825113711005,0.3143421776258585,trailing_stop,14,0.3143421776258585,102.91689534973138,104.0850606899546
SWKS,2009-07-23,9.160241253604092,2009-08-10,8.731021435138015,73969,8.412929167153425,0.37365604322533325,0.7473120864506662,-31748.960752117244,-32145.980395064315,-0.5743515008631028,trailing_stop,18,-0.5743515008631028,203.27216558635232,193.7474773607171
ALV,2009-07-22,15.649697130513763,2009-08-12,16.245499449944703,43415,14.407619060043727,0.6210390352350179,1.2420780704700363,25866.757698094236,25451.338710232052,0.47968186025977544,trailing_stop,21,0.47968186025977544,203.82948027637653,211.58950758580482
GRMN,2009-08-06,17.38941071187231,2009-08-17,14.980928037052223,40194,16.04535810769696,0.6720263020876744,1.3440526041753493,-96806.55263171851,-97196.88065042079,-1.791955662552228,stop_loss,11,-1.791955662552228,209.68499224589868,180.6430264563831
FFIV,2009-06-12,35.10507,2009-08-18,34.47549,19412,32.39821520265998,1.3534273986700058,2.7068547973400143,-12221.406959999944,-12626.616309215944,-0.23258728196971482,trailing_stop,67,-0.23258728196971482,204.43788565199998,200.771463564
EBAY,2009-07-24,8.029560650746523,2009-08-18,7.885301291365384,42724,7.51124091081507,0.25915986996572626,0.518319739931453,-6163.336870199782,-6367.320838684219,-0.2783211756515719,trailing_stop,25,-0.2783211756515719,102.91648477274833,101.06748371168841
RL,2009-08-06,52.312146245895335,2009-08-18,49.806214198423355,6680,49.007187334923614,1.6524794554858615,3.3049589109717203,-16739.626077112825,-16944.271271443242,-0.7582339493398387,stop_loss,12,-0.7582339493398387,104.83354107677424,99.81165325364042
XLY,2009-08-10,10.781653065969008,2009-08-18,10.268429478549727,32246,10.306586143504685,0.23753346123216218,0.4750669224643236,-16549.40779992214,-16753.042088441307,-1.080318504931951,stop_loss,8,-1.080318504931951,104.29955542957099,99.33473308959435
NTAP,2009-07-22,16.48020588223822,2009-08-21,15.970226592505698,41227,15.33238720763509,0.573909337301565,1.1478186746031298,-21024.916177802683,-21426.266371693564,-0.44430300797192773,trailing_stop,30,-0.44430300797192773,203.82883437211052,197.5213595187697
CAR,2009-08-21,11.104996751210072,2009-08-28,9.62979286272576,61603,9.846249835881489,0.6293734576642914,1.258746915328583,-90876.98514229909,-91260.18271567528,-1.171962267013163,stop_loss,7,-1.171962267013163,205.2303344594382,177.96723891674847
HAL,2009-08-24,19.216594485227972,2009-09-01,17.866741173469126,18030,17.85706011043048,0.6797671873987455,1.3595343747974908,-24337.85521101199,-24538.43897358988,-0.9928791333135015,stop_loss,8,-0.9928791333135015,103.9425595705981,96.64120300729451
SRE,2009-07-24,15.078618803939234,2009-09-02,14.682535041201316,45502,14.427530204956302,0.32554429949146574,0.6510885989829323,-18022.60337210075,-18428.860978779227,-0.608340805470472,trailing_stop,40,-0.608340805470472,205.83219384505293,200.4254128334227
AIG,2009-08-28,30.354484093112873,2009-09-02,21.688208094334815,23079,26.332508700596243,2.010987696258315,4.02197539251663,-200008.9837757988,-200369.31176369704,-2.154731233538303,stop_loss,5,-2.154731233538303,210.16534151548558,150.16264638274595
BLK,2009-07-24,128.0275176670003,2009-09-03,126.14794886143446,5359,119.8922664661737,4.067625600413303,8.135251200826602,-10072.60922902733,-10481.247126565093,-0.23104004525082897,trailing_stop,41,-0.23104004525082897,205.82984015323638,202.80805738452818
TXN,2009-07-21,15.06896631861583,2009-09-25,15.276986180715046,45102,14.132991260221308,0.4679875291972607,0.9359750583945221,9382.111820398808,8971.512875511362,0.22224936469571288,trailing_stop,66,0.22224936469571288,203.89215567066336,206.706789216783
SBUX,2009-07-23,6.346033291173473,2009-09-25,7.044015126957783,106771,5.848975496872005,0.24852889715073392,0.497057794301468,74524.21858852654,74095.31793063086,1.40422671927961,trailing_stop,64,1.40422671927961,203.2716961595649,225.6289617361228
CI,2009-08-18,26.95211721583776,2009-09-25,26.125379779477132,24750,24.526791519921343,1.2126628479582091,2.425325695916417,-20461.751549925524,-20855.851965115737,-0.34087687181669096,trailing_stop,38,-0.34087687181669096,200.1194703275954,193.98094486261772
TXT,2009-09-03,17.036631402899054,2009-09-25,16.85739914974417,39414,15.652686908545776,0.6919722471766389,1.383944494353278,-7064.260025846545,-7465.029821907109,-0.12950826704841117,trailing_stop,22,-0.12950826704841117,201.444537034159,199.32525902640504
SLV,2009-09-04,15.745729999999998,2009-09-25,15.76422,42883,14.960231669212373,0.39274916539381266,0.7854983307876253,792.9066700000717,387.5343142450717,0.023539197061643154,trailing_stop,21,0.023539197061643154,202.567241877,202.805113878
RMD,2009-08-10,19.000829333413414,2009-09-28,18.17859387709475,36594,18.08884199050797,0.4559936714527225,0.9119873429054444,-30088.884288525118,-30497.04743241472,-0.9015864778332917,trailing_stop,49,-0.9015864778332917,208.59490458807915,199.5682393015216
XLK,2009-07-22,7.716668457420045,2009-10-02,8.058442575148607,44024,7.4386052420736775,0.1390316076731841,0.2780632153463678,15046.263758882214,14837.918712452874,1.2291238066237318,trailing_stop,72,1.2291238066237318,101.91558365083802,106.42946277850268
INTC,2009-07-23,12.2000783166782,2009-10-02,12.17612864108334,27769,11.523167357446365,0.33845547961591743,0.6769109592318348,-665.0585415936688,-868.1294088966929,-0.03538083594042912,trailing_stop,71,-0.03538083594042912,101.63519243275107,101.43567487027298
A,2009-08-19,16.086015285796297,2009-10-02,16.85816497752658,21005,15.064109029413343,0.510953128191477,1.0219062563829535,16219.004274794623,16011.406522865294,0.7555973817630937,trailing_stop,44,0.7555973817630937,101.36602532344537,106.23172660588375
PCG,2009-09-25,30.167987245518123,2009-10-02,29.024310391591754,23026,29.135471043869916,0.5162581008241034,1.0325162016482068,-26334.303238508568,-26743.191792126196,-1.1076599593311138,stop_loss,7,-1.1076599593311138,208.3944222945901,200.4941313230375
MMM,2009-07-24,35.416987865142204,2009-10-05,36.90384469713875,9686,33.830911469552646,0.7930381977947805,1.5860763955895578,14401.69527471856,14191.545399459086,0.9374433893166102,trailing_stop,73,0.9374433893166102,102.91468333853022,107.2351919209458
GAP,2009-09-04,12.865052494257029,2009-10-05,12.821006167830516,52485,12.069150915366702,0.3979507894451632,0.7959015788903265,-2311.771442495498,-2716.2112791593972,-0.05534142360657608,trailing_stop,31,-0.05534142360657608,202.56668404832405,201.8731526155754
CTAS,2009-09-25,6.024547980236049,2009-10-05,5.7972801690988005,115307,5.751277361473663,0.13663530938119253,0.27327061876238545,-26205.5694988027,-26614.511360327302,-0.8316584203838705,stop_loss,10,-0.8316584203838705,208.40176618712343,200.54009533748263
FIS,2009-09-28,19.146780294408302,2009-10-05,18.036948881840704,35872,18.388023856580983,0.37937821891366014,0.7587564378273193,-39811.87243162486,-40212.02885152798,-1.462697853010082,stop_loss,7,-1.462697853010082,206.04999081630436,194.10642908681695
BND,2009-10-02,48.66629735782702,2009-10-12,48.1004718752411,14026,48.30458895290485,0.18085420246108302,0.3617084049221688,-7936.268218750138,-8343.443430329042,-1.5643138917595074,stop_loss,10,-1.5643138917595074,204.77804602226453,202.3971655566395
IBM,2009-07-20,61.599439082529805,2009-10-19,65.66345654038446,10982,58.984312341441424,1.3075633705441898,2.615126741088382,44631.0397221598,44211.75938624055,1.5540422550087427,trailing_stop,91,1.5540422550087427,202.9455120013027,216.33482391795064
KDP,2009-08-18,3.015874644886,2009-10-26,3.1949991817600543,221187,2.847615590149911,0.08412952736804444,0.16825905473608893,39620.018937561465,39207.889572833155,1.0645759133439074,trailing_stop,69,1.0645759133439074,200.1216795235199,212.00768520478834
MAT,2009-07-21,12.513063035160187,2009-10-28,13.20354179267287,54314,11.740876379373942,0.38609332789312245,0.7721866557862445,37502.663235543936,37083.631733158254,0.8941863373819057,trailing_stop,99,0.8941863373819057,203.8903517075071,215.14115067817028
WSM,2009-09-30,6.951972126799699,2009-10-28,6.7131274132077134,100477,6.453611671958207,0.24918022742074605,0.4983604548414924,-23998.400287581957,-24410.308749526353,-0.4792609671807774,trailing_stop,28,-0.4792609671807774,209.553991015336,202.35447092906145
BBWI,2009-10-07,6.284583176116563,2009-10-28,6.279050112357353,110636,5.863991239981181,0.2102959680676908,0.4205919361353816,-612.1560420638752,-1029.1530818149554,-0.013155420453492132,trailing_stop,21,-0.013155420453492132,208.5903432818496,208.40669646923044
SLV,2009-10-09,17.43742,2009-10-28,16.06392,20170,16.605681969233707,0.415869015383147,0.8317380307662923,-27703.495,-27906.21160834,-1.6513613051149947,stop_loss,19,-1.6513613051149947,105.51382842000001,97.20277991999998
BALL,2009-07-02,9.958279707217992,2009-10-29,10.528261009476616,67527,9.336995291193313,0.3106422080123393,0.6212844160246789,38489.12739761809,38074.10900712522,0.9174241097268772,trailing_stop,119,0.9174241097268772,201.73582613679278,213.2825643560782
APD,2009-07-24,47.278908164189694,2009-10-29,51.7614824350019,7256,44.479126316181784,1.3998909240039557,2.7997818480079104,32525.55890901338,32309.967786757057,1.601044122063164,trailing_stop,97,1.601044122063164,102.91672729180814,112.67439496451213
EQIX,2009-07-24,58.05964088930278,2009-10-29,65.42924967777876,11817,54.135393993645735,1.9621234478285192,3.924246895657042,87086.66705342065,86648.8865874713,1.8779676672820749,trailing_stop,97,1.8779676672820749,205.82723291666727,231.95323303269348
PVH,2009-07-29,34.42332428960767,2009-10-29,38.301396374353516,10027,31.980663952592472,1.2213301685075988,2.442660337015198,38885.42879374659,38666.66556151733,1.5876427950210403,trailing_stop,92,1.5876427950210403,103.54880179556883,115.21443043369281
BKNG,2009-08-12,6.002860497290546,2009-10-29,6.613040392840355,114229,5.614109307322989,0.194375594983778,0.3887511899675564,69700.23928875913,69267.90876592549,1.5695897820936113,trailing_stop,78,1.5695897820936113,205.71022552350053,226.62029731012825
JBL,2009-10-06,11.447762135895097,2009-10-29,11.625033533586539,60202,10.53446926078677,0.45664643755416356,0.9132928751083274,10672.092683820176,10255.384150351936,0.19410136936677103,trailing_stop,23,0.19410136936677103,206.753452831547,209.95508063669308
GLD,2009-10-07,102.39228999999999,2009-10-29,101.61828,6790,99.73712213106332,1.3275839344683376,2.6551678689366724,-5255.527899999931,-5671.097431089931,-0.29151075871898124,trailing_stop,22,-0.29151075871898124,208.57309472999995,206.99643636
NTAP,2009-10-12,21.245566619200755,2009-10-29,19.977461757755936,33394,20.0162797125866,0.6146434533070775,1.2292869066141563,-42347.09374308828,-42760.074285974304,-1.031577620018405,stop_loss,17,-1.031577620018405,212.842335504477,200.13820738155053
AAPL,2009-07-23,4.69332813391972,2009-11-02,5.675885030022155,72184,4.469304622261788,0.11201175582896608,0.22402351165793188,70924.88698825815,70700.33960335037,4.385954352874933,trailing_stop,102,4.385954352874933,101.63495940565832,122.91242550213576
GPN,2009-10-06,22.181228027003492,2009-11-20,23.20579345390934,31070,21.164050297471345,0.5085888647660733,1.017177729532147,31833.24781396471,31410.19538674112,1.007262936612955,trailing_stop,45,1.007262936612955,206.75122643969954,216.30120078388896
MSCI,2009-11-09,28.661211556956548,2009-11-20,27.03816462358744,24825,26.709101670466715,0.9760549432449169,1.9521098864898327,-40292.14012088808,-40706.96122499268,-0.8314321568687779,trailing_stop,11,-0.8314321568687779,213.45437307043392,201.36673103416746
GLD,2009-11-04,107.21710999999999,2009-12-09,110.83905,6479,104.30743519594412,1.4548374020279373,2.909674804055868,23466.54926000006,23042.713501808063,1.2447920279445996,trailing_stop,35,1.2447920279445996,208.39789670699997,215.437861485
DVA,2009-11-05,29.274244999999997,2009-12-09,28.816155,23774,27.996814113077996,0.6387154434610016,1.2774308869220015,-10890.631659999966,-11304.944010879966,-0.3586025707455507,trailing_stop,34,-0.3586025707455507,208.78977018899997,205.52258069099997
SLV,2009-11-17,17.96795,2009-12-09,17.37261,20476,17.062936524661918,0.4525067376690405,0.9050134753380803,-12190.181839999932,-12407.271831967932,-0.6578244592187968,trailing_stop,22,-0.6578244592187968,110.37352325999997,106.71646870800001
PEP,2009-10-05,36.80018243899062,2009-12-14,37.51529376534213,18418,35.57141647881311,0.614382980088753,1.2287659601775047,13170.920408742137,12760.297676522716,0.5819752088902334,trailing_stop,70,0.5819752088902334,203.33572804839878,207.2870041710214
RGLD,2009-11-09,42.73690840679071,2009-12-14,41.761917012482975,8324,39.42830211026758,1.6543031482615649,3.3086062965231307,-8115.8283662175945,-8326.838833054606,-0.294683412569308,trailing_stop,35,-0.294683412569308,106.72260767343778,104.28785916357249
AMZN,2009-10-26,5.966460499999999,2009-12-17,6.461532000000001,120164,5.599317048925681,0.18357172553715892,0.3671434510743179,59489.7717260002,59041.7525387692,1.3484415929287223,trailing_stop,52,1.3484415929287223,215.08612785659997,232.93305937440005
DCI,2009-11-20,17.099195178838055,2009-12-18,16.406059618605017,42182,16.136584596595153,0.481305291121452,0.9626105822429025,-29237.844201750027,-29661.83979910975,-0.7200581138615973,trailing_stop,28,-0.7200581138615973,216.38347531012408,207.61212204959904
FDX,2009-12-09,48.51150566447241,2009-12-18,45.652946679568046,14991,46.18903733166405,1.1612341664041779,2.3224683328083557,-42852.6577427013,-43276.14353422816,-1.2308279706219978,stop_loss,9,-1.2308279706219978,218.17079442483177,205.31499710202138
PG,2009-10-30,36.670927537783285,2010-01-04,37.79119531123104,18810,35.50676059962604,0.5820834690786219,1.1641669381572441,21072.23681855232,20652.047059315333,0.9622913490577438,trailing_stop,66,0.9622913490577438,206.93404409571107,213.25571514127674
UNH,2009-12-17,24.88241428211143,2010-01-04,24.283268928469145,29565,23.47490343076114,0.703755425675144,1.4075108513502883,-17713.732380434165,-18149.807407670407,-0.42567725361939357,trailing_stop,18,-0.42567725361939357,220.69457347518735,215.38045376105708
VRTX,2009-11-06,38.6386,2010-01-11,40.76919,18317,35.97682683800383,1.3308865809980832,2.661773161996166,39026.01703000009,38589.663283171096,0.8004401090294989,trailing_stop,66,0.8004401090294989,212.32297085999994,224.03077596900002
NTAP,2009-11-20,22.429552851703036,2010-01-13,24.006714698605848,32158,21.10214788440941,0.663702483646814,1.327404967293628,50718.37067270061,50270.381425135754,1.1881542451346998,trailing_stop,54,1.1881542451346998,216.38686818151987,231.60237938333006
HAL,2010-01-11,26.38872186818914,2010-01-13,25.304105586970813,28712,24.990563674408527,0.6990790968903067,1.3981581937806133,-31141.502666340613,-31586.76400490838,-0.7757464684919021,stop_loss,2,-0.7757464684919021,227.30189468383398,217.9594438839318
MDLZ,2010-01-13,13.278334059482212,2010-01-15,12.671953867654084,56591,12.88002505089192,0.19915450429514597,0.3983090085902923,-34315.661435745606,-34756.227258970976,-1.522386335107629,stop_loss,2,-1.522386335107629,225.43026082804735,215.13556239732364
VWO,2010-01-05,27.329184171879266,2010-01-21,26.459359952635367,13705,26.475726969677165,0.4267286011010497,0.853457202202101,-11920.940924737635,-12142.092523905578,-1.0191773143393337,stop_loss,16,-1.0191773143393337,112.3639407226816,108.78765844526032
NSC,2009-11-05,34.763204166099385,2010-01-22,34.79038717906232,20020,32.53225821335374,1.11547297637282,2.2309459527456426,544.203919517988,126.46504989894677,0.01218452330926355,trailing_stop,78,0.01218452330926355,208.7878042215929,208.95106539744833
WAT,2009-11-06,59.099039999999995,2010-01-22,59.140800000000006,11975,56.35013862239056,1.3744506888047165,2.7489013776094353,500.07600000012786,75.29937480012782,0.015191523544699518,trailing_stop,77,0.015191523544699518,212.3133012,212.46332400000003
HYG,2010-01-05,34.341723031920395,2010-01-22,33.979614541694616,10907,33.96430179924187,0.18871061633926145,0.3774212326785218,-3949.5173028925733,-4173.071551567199,-0.9594279782722621,stop_loss,17,-0.9594279782722621,112.36955193274673,111.18469674187894
IWD,2010-01-05,40.960092170550226,2010-01-22,40.39601762798986,9144,39.96538876339934,0.49735170357544406,0.9947034071508867,-5157.897617171956,-5381.073697571311,-0.5670781244994751,trailing_stop,17,-0.5670781244994751,112.36172484225338,110.81435555710178
OSK,2009-07-07,17.54405760627949,2010-01-25,28.802477343423632,38198,15.552546491458749,0.9957555574103709,1.9915111148207423,430049.1171194319,429518.0136368293,5.653204570820345,trailing_stop,202,5.653204570820345,201.0443737333992,330.0591088692288
CTSH,2009-11-04,18.812077683007846,2010-01-25,19.87265211944499,36926,17.813652518923554,0.4992125820421456,0.998425164084292,39162.77163987795,38734.22994007234,1.0622473016391283,trailing_stop,82,1.0622473016391283,208.3964341568243,220.1452656487877
RSP,2009-12-15,29.89769211615192,2010-01-25,29.96510458909343,12245,28.972845548577794,0.4624232837870624,0.9248465675741251,825.4657311687788,605.55974747206,0.07289043967404472,trailing_stop,41,0.07289043967404472,109.82917198868408,110.07681170803471
DHR,2009-12-18,23.45383845956362,2010-01-25,23.347028324457735,15509,22.633262192409962,0.41028813357682853,0.8205762671536583,-1656.5183853571705,-1874.2687782431865,-0.13016478709088,trailing_stop,38,-0.13016478709088,109.12367420081165,108.6267186852045
DOV,2010-01-13,22.591765278775316,2010-01-25,21.816432096470617,16630,21.756596992082518,0.41758414334639904,0.8351682866927987,-12893.790821727147,-13115.34331843225,-0.9283556316236073,stop_loss,12,-0.9283556316236073,112.71031697581006,108.84217972929191
TXT,2010-01-15,21.968322462256186,2010-01-25,20.854710282511554,34839,20.5405804284932,0.7138710168814928,1.4277420337629856,-38797.134730123216,-39244.70822146171,-0.7799813645673601,stop_loss,10,-0.7799813645673601,229.60631587876296,217.967175459726
SBUX,2009-11-09,7.807096769896688,2010-01-26,8.178127337616479,91139,7.3002546328380715,0.2534210685293084,0.5068421370586167,33815.35491141398,33378.291709433586,0.7320436494743935,trailing_stop,78,0.7320436494743935,213.45929775348426,223.60390422690847
KRE,2010-01-22,17.386327812541154,2010-01-26,16.80804611503056,43311,16.56860218984239,0.40886281134938224,0.817725622698763,-25045.958600881328,-25490.256359634444,-0.70718304704954,stop_loss,4,-0.70718304704954,225.90577316669095,218.39198558642659
MTB,2010-01-22,48.708829757721595,2010-01-26,46.18620634568484,15459,46.204151371921355,1.2523391929001217,2.50467838580024,-38997.23532667624,-39437.330035613006,-1.0071646029838615,stop_loss,4,-1.0071646029838615,225.89693976738545,214.19776916938255
TNL,2010-01-14,6.12024018724656,2010-01-28,5.981163831731754,62197,5.765618881390841,0.1773106529278594,0.35462130585571927,-8650.132083954404,-8875.933391684923,-0.3921827403438378,trailing_stop,14,-0.3921827403438378,114.19817367785228,111.60313405266598
SWK,2009-11-04,32.10373737307149,2010-01-29,33.75782518776751,21638,30.491936630427524,0.8059003713219823,1.6118007426439647,35791.152134392476,35363.618387185044,1.0262359179601122,trailing_stop,86,1.0262359179601122,208.39820078355626,219.135546423874
MMM,2009-12-10,41.369491445373605,2010-01-29,42.004552737848364,17600,39.857564344562995,0.7559635504053064,1.5119271008106097,11177.078747555766,10736.863794268354,0.420034333754766,trailing_stop,50,0.420034333754766,218.43091483157264,221.78403845583935
STX,2009-07-23,6.147254554626091,2010-02-01,8.895193463373424,110223,5.586546889402024,0.2803538326120335,0.5607076652240668,302886.0703388573,302388.6632144909,4.900840632612392,trailing_stop,193,4.900840632612392,203.27065163236549,294.1364727340227
UAL,2009-12-14,11.211199999999998,2010-02-01,12.33765,32761,10.135326312399261,0.5379368438003681,1.0758736876007369,36903.62845000006,36672.183287545064,1.0470095262874708,trailing_stop,49,1.0470095262874708,110.18703695999999,121.258125495
ROK,2010-01-28,36.6816139471331,2010-02-01,34.7238086021512,20184,34.73277706130684,0.9744184429131313,1.9488368858262604,-39516.34308311466,-39948.71719773509,-1.004601954745862,stop_loss,4,-1.004601954745862,222.11450877268035,210.25960584774595
DAL,2009-12-14,9.905526734957684,2010-02-05,9.799847241037815,74160,9.089039214531093,0.4082437602132957,0.8164875204265911,-7837.191269097475,-8275.596429315423,-0.12943185446931801,trailing_stop,53,-0.12943185446931801,220.37815879933854,218.0270014186093
FITB,2010-01-22,7.3712808374159495,2010-02-05,6.925625212556049,102157,6.798094676730437,0.28659308034275643,0.5731861606855126,-45526.84166881282,-45965.00037821692,-0.7775059054582023,trailing_stop,14,-0.7775059054582023,225.90838095237035,212.2503284517265
TGT,2010-01-27,32.7426618786149,2010-02-05,30.63491435131703,22601,31.460493885722943,0.6410839964459805,1.28216799289196,-47637.20186445926,-48066.92084457107,-1.6438934203495443,stop_loss,9,-1.6438934203495443,222.00507033557264,207.71390977623486
BRK-B,2010-01-29,74.62454999999999,2010-02-05,72.17775,9838,71.51906571810169,1.5527421409491489,3.105484281898299,-24071.61839999982,-24504.890708219824,-0.7878964367207548,trailing_stop,7,-0.7878964367207548,220.24689686999992,213.02541134999998
BA,2010-01-29,48.91197921111481,2010-02-05,46.33826981357896,15011,46.483455534778926,1.2142618381679442,2.4285236763358853,-38633.95176641065,-39062.89221284356,-1.0597835312929784,stop_loss,7,-1.0597835312929784,220.26531598141332,208.67513045149016
EFX,2010-02-02,27.863161266009598,2010-02-05,26.343500680487953,26167,27.013611874616583,0.42477469569650805,0.8495493913930154,-39764.958541344895,-40190.4862582911,-1.788784267186445,stop_loss,3,-1.788784267186445,218.72860225430196,206.7991146918985
COR,2010-02-03,19.547445166931176,2010-02-05,18.728327465110258,37606,18.79976611577293,0.37383952557912414,0.7476790511582472,-30803.74029467745,-31235.559906357612,-1.0955472144792657,stop_loss,2,-1.0955472144792657,220.53036688428415,211.28924479588093
SPGI,2010-01-28,27.301751611395332,2010-02-08,26.032310558889304,27119,26.05132422218203,0.6252136946066524,1.2504273892133035,-34425.971902910984,-34859.88183250977,-1.0152057316216396,stop_loss,11,-1.0152057316216396,222.118860584829,211.79106901395573
ALV,2010-02-02,23.209090204448927,2010-02-08,21.072483577301753,31414,21.8522866491824,0.6784017776332635,1.3568035552665272,-67119.36058520131,-67536.67899283528,-1.5747354278766346,stop_loss,6,-1.5747354278766346,218.72710790476756,198.59129972920718
MCD,2010-02-04,41.64361238047275,2010-02-08,40.470236580414465,17514,40.40574051657428,0.6189359319492393,1.2378718638984765,-20550.50376222086,-20981.946347431152,-0.9478976251733613,stop_loss,4,-0.9478976251733613,218.8038681694799,212.63871704081367
EW,2009-09-28,5.779106666633558,2010-02-09,7.3259999999661805,118849,5.559812891713159,0.10964688746019943,0.21929377492039848,183846.72577324888,183379.46712658327,7.05397740494061,trailing_stop,134,7.05397740494061,206.0523144668195,261.2063321987942
UTHR,2009-12-18,52.45239999999999,2010-02-22,54.46548000000001,13870,49.77547672833233,1.338461635833832,2.676923271667661,27921.419600000227,27476.53430132023,0.7520125889696921,trailing_stop,66,0.7520125889696921,218.25443639999995,226.63086228
STX,2010-02-19,10.633508509857778,2010-02-26,10.157820343966396,67714,9.798515421015244,0.41749654442126716,0.8349930888425341,-32210.74846516906,-32633.107677771415,-0.5696911414569674,stop_loss,7,-0.5696911414569674,216.01121857095285,206.34799403140215
CF,2010-02-17,14.542955247942476,2010-03-15,13.249095095664645,49326,13.619542592366788,0.46170632778784404,0.9234126555756887,-63820.94587125633,-64232.207073830956,-1.4011722109994178,stop_loss,26,-1.4011722109994178,215.2037431680032,196.0574594066263
GPC,2010-02-17,24.921609641828898,2010-04-19,26.279174096283015,28784,23.934254314843457,0.4936776634927195,0.9873553269854405,39076.13525700731,38634.00624927196,1.3749502507866003,trailing_stop,61,1.3749502507866003,215.20308357912091,226.92592415622306
BKNG,2010-02-19,9.116035699766787,2010-04-20,9.826430197910868,78986,8.529557140620547,0.29323927957311974,0.58647855914624,56111.21983040842,55662.36294699024,1.2112880975192526,trailing_stop,60,1.2112880975192526,216.01175873453386,232.84512468365637
KDP,2010-02-26,3.64981978398502,2010-04-22,3.9272662684375694,196978,3.481998150179984,0.0839108169025181,0.167821633805036,54650.85361449429,54203.09783756406,1.6532224014388295,trailing_stop,55,1.6532224014388295,215.68026042294036,232.07551650728868
HRL,2010-02-19,7.167397614890126,2010-04-23,6.926584434785043,100460,6.959680719194951,0.1038584478475871,0.20771689569517449,-24192.092073356638,-24616.85650436975,-1.1593336175140874,stop_loss,63,-1.1593336175140874,216.0110293175586,208.75340169555162
RSP,2010-03-17,32.59363583902448,2010-04-28,33.753420544909865,11751,31.79990496871933,0.3968654351525753,0.7937308703051507,13628.630078859169,13394.736800988885,1.4611813012129733,trailing_stop,42,1.4611813012129733,114.902344423313,118.99093344697074
OMC,2010-04-21,26.29502040111702,2010-04-28,25.426748338464456,15535,25.22983191640781,0.532594242354606,1.0651884847092106,-13488.606493307598,-13729.655796518417,-0.8151346687620245,stop_loss,7,-0.8151346687620245,122.54794257940587,118.50136063141359
WY,2010-04-19,10.117170034999107,2010-04-29,10.752200538164068,40202,9.675906571781152,0.22063173160897778,0.44126346321795573,25529.496288237755,25277.799157503065,1.439118703674083,trailing_stop,10,1.439118703674083,122.01914092411025,129.67798981058155
TSCO,2010-04-20,2.781882834074816,2010-04-29,2.721688500505234,291100,2.664316954123,0.05878293997590787,0.11756587995181578,-17522.570502105267,-18003.197386754146,-0.5120051293304859,trailing_stop,9,-0.5120051293304859,242.94182789975366,237.68505674912208
HSY,2010-04-23,32.80339671991061,2010-04-29,31.929932448141702,25516,31.800457962007787,0.5014693789514105,1.0029387579028217,-22287.314358455413,-22782.83504657102,-0.8709048931316097,stop_loss,6,-0.8709048931316097,251.10344121157172,244.4172469040351
DRI,2010-02-17,21.769729671349968,2010-05-03,24.14515665873811,32951,20.82162906019813,0.474050305575918,0.9481006111518369,78272.69466142666,77818.81223558783,2.5054587661348116,trailing_stop,75,2.5054587661348116,215.2003087201958,238.68211711862386
MAT,2010-02-18,15.56837112357102,2010-05-03,16.706505687468173,46176,14.732352064619676,0.418009529475672,0.8360190589513437,52554.501622514974,52107.40420902701,1.3613739444227113,trailing_stop,74,1.3613739444227113,215.6655315006046,231.4318819873591
AVY,2010-04-28,29.233474414932214,2010-05-03,27.570962612857432,27838,28.0352594868844,0.5991074640239077,1.1982149280478147,-46281.00354615778,-46755.40012155166,-1.3874904770076772,stop_loss,5,-1.3874904770076772,244.14043822886487,230.25613716501758
TMO,2010-04-29,53.14310944151028,2010-05-05,51.11810982167529,15343,50.93635071824903,1.1033793616306249,2.2067587232612524,-31069.569167128302,-31549.47313327482,-0.9176352622919977,stop_loss,6,-0.9176352622919977,244.61241844832767,235.2915476981892
DLB,2010-05-03,51.90472602483666,2010-05-05,49.14455770014058,15657,49.808035388928126,1.048345317954268,2.096690635908537,-43215.955459766556,-43690.594050351145,-1.3164404311368743,stop_loss,2,-1.3164404311368743,243.8016886112603,230.83690197333033
TRMB,2010-05-03,16.461444999999998,2010-05-05,15.114870000000002,49369,15.684411953435088,0.3885165232824545,0.7770330465649096,-66479.0611749998,-66946.72850357031,-1.7329700531436918,stop_loss,2,-1.7329700531436918,243.8055234615,223.86180510900002
ISRG,2009-09-28,28.49732928042,2010-05-06,38.40263159733,12051,26.699210034869186,0.8990596227754072,1.798119245550815,119368.7982210824,119126.93479252107,5.508701573279543,trailing_stop,220,5.508701573279543,103.02639454750243,138.83703401382715
EL,2009-10-19,16.126930021839392,2010-05-06,24.361001043912808,44323,15.294731903332906,0.41609905925324275,0.8321981185064864,364958.72991135996,364420.36594077176,9.894363900811001,trailing_stop,199,9.894363900811001,214.43817580739622,323.9257947808042
EMR,2010-02-03,29.667577231098072,2010-05-06,31.458027266336494,24778,28.345691987474332,0.6609426218118699,1.3218852436237398,44363.770973137616,43909.39990466639,1.3544670718391452,trailing_stop,92,1.3544670718391452,220.5309685896444,233.8400998815857
SGI,2010-04-22,8.132177194942642,2010-05-06,7.553929925698741,100484,7.644306445939152,0.24393537450174532,0.48787074900349037,-58104.59860270416,-58577.45943907732,-1.1852468515995498,stop_loss,14,-1.1852468515995498,245.14610797698492,227.71472839617365
MTD,2010-05-03,126.70657999999999,2010-05-06,119.89998,6413,122.0118358459765,2.3473720770117383,4.694744154023482,-43650.72579999993,-44125.17216078393,-1.4498340647949064,stop_loss,3,-1.4498340647949064,243.770789262,230.675571522
TSN,2010-02-08,10.831825712832378,2010-05-07,13.64485409679607,65207,10.29081996514331,0.27050287384453453,0.5410057476890682,183429.14183312046,182950.32657501652,5.199627538117066,trailing_stop,88,5.199627538117066,211.89325777699827,266.92200032693444
UAL,2010-02-10,15.265249999999998,2010-05-07,18.02196,46410,13.564528329177366,0.8503608354113167,1.7007216708226327,127938.91110000008,127475.45327517009,1.6209060231863757,trailing_stop,86,1.6209060231863757,212.53807575,250.91974907999997
NOC,2010-02-19,39.95675119920555,2010-05-07,42.025558100205636,18020,38.30751654425178,0.8246173274768831,1.6492346549537658,37279.90035602157,36836.703991948954,1.2544042139704394,trailing_stop,77,1.2544042139704394,216.00619698290518,227.19016708971168
ESS,2010-05-05,66.00153166820283,2010-05-07,63.21666842308575,12103,62.77861653624518,1.611457565978825,3.222915131957649,-33705.19985565202,-34174.37821836348,-0.8640820906213286,stop_loss,2,-0.8640820906213286,239.64496133407764,229.53340137738203
LUV,2009-12-18,9.663002367350002,2010-05-10,10.963038021849295,37644,9.049329307547712,0.30683652990114524,0.6136730598022897,48938.542177971394,48705.60817864809,2.118449936384909,trailing_stop,143,2.118449936384909,109.12621833495703,123.80778098834845
NFLX,2010-01-29,0.8971811028179998,2010-05-10,1.373338198089,818373,0.8277673186586776,0.0347068920796611,0.0694137841593222,389674.1105282143,389116.671020662,6.859690780985218,trailing_stop,101,6.859690780985218,220.26863719694248,337.17087035540675
ASH,2010-02-18,18.23733374755136,2010-05-10,22.266050214307068,39418,16.995739139488478,0.6207973040314407,1.2415946080628828,158803.94568657645,158324.97696987388,3.2447921733819785,trailing_stop,81,3.2447921733819785,215.66376649829385,263.3049502042668
INTU,2010-02-22,28.658714228144,2010-05-10,30.750949840427996,25168,27.5016893005218,0.5785124638110999,1.1570249276221993,52657.385889963625,52208.81916238028,1.808289140825814,trailing_stop,77,1.808289140825814,216.38475590817845,232.18197167516752
IEF,2010-05-07,64.30756858367032,2010-05-13,63.7741665897057,12083,63.57497105441113,0.36629876462959393,0.7325975292591878,-6445.096293074465,-6909.379774904436,-0.7280969054099868,trailing_stop,6,-0.7280969054099868,233.10850535894656,231.1749764710242
DHR,2010-05-13,27.543913575960907,2010-05-18,26.778069905584893,28612,26.27010255410502,0.6369055109279447,1.273811021855888,-21912.31909679853,-22378.597274210722,-0.601222361273192,stop_loss,5,-0.601222361273192,236.42593657061803,229.8522408415785
CPT,2010-05-13,27.948019674243874,2010-05-18,26.523904367517943,14099,26.048384442627512,0.9498176158081805,1.8996352316163616,-20078.60170952889,-20309.001606648333,-0.7496782977193885,stop_loss,5,-0.7496782977193885,118.2117388161493,112.18815830329065
FIS,2010-04-29,19.959526585239804,2010-05-19,20.363644085705133,40851,19.24676390990136,0.3563813376692206,0.7127626753384426,16508.604011509156,16014.431457985525,0.5669734323187463,trailing_stop,20,0.5669734323187463,244.60998616008936,249.56256736354214
ICE,2010-05-11,20.917256460945097,2010-05-19,19.4266073531443,37402,19.561436395651146,0.6779100326469761,1.3558200652939512,-55753.257929965475,-56205.940288277845,-1.099444643104331,stop_loss,8,-1.099444643104331,234.70416784568056,217.9781904666909
VTR,2010-05-11,21.221935385863166,2010-05-20,19.7113425826063,36865,19.839662730010897,0.6911363279261344,1.3822726558522689,-55688.003692064376,-56140.705279756665,-1.0928327322842677,stop_loss,9,-1.0928327322842677,234.70399439995367,217.9975932923344
NEM,2010-05-12,41.51574195371762,2010-05-20,37.6520950214619,18849,39.04993115175856,1.2329054009795333,2.4658108019590657,-72825.88102608804,-73273.55139383159,-1.566887017116676,stop_loss,8,-1.566887017116676,234.75906602568702,212.91130171786062
GLD,2010-05-12,121.40127999999999,2010-05-20,116.02386,6445,118.09432709523536,1.653476452382313,3.3069529047646284,-34657.47189999992,-35116.53340818992,-1.6260951258943686,stop_loss,8,-1.6260951258943686,234.72937487999997,224.33213331
SLV,2010-05-13,19.249229999999997,2010-05-20,17.32266,40942,18.346610238645454,0.451309880677272,0.9026197613545435,-78877.62893999992,-79326.82683611392,-2.1344203644609254,stop_loss,7,-2.1344203644609254,236.43059239799996,212.767303716
RMD,2010-02-08,22.82250245140766,2010-05-21,24.749965687445382,30948,21.778302281229596,0.5221000850890319,1.0442001701780654,59651.132228895374,59209.45040570701,1.8458752364587663,trailing_stop,102,1.8458752364587663,211.8932417598493,229.78858142851792
KDP,2010-05-13,4.506319260492667,2010-05-21,4.165565589885791,174889,4.270523873000018,0.11789769374632435,0.23579538749264906,-59594.06869876596,-60049.05387964531,-1.4451244115939255,stop_loss,8,-1.4451244115939255,236.4317007444906,218.55348013486085
TT,2010-05-13,24.334779089870434,2010-05-21,21.56091750495549,32386,22.62199753456715,0.8563907776516413,1.712781555303284,-89834.28128905535,-90280.19469803135,-1.6195069221327367,stop_loss,8,-1.6195069221327367,236.43184668136314,209.48156229464655
AKAM,2010-05-18,41.88184,2010-05-21,36.51345,18517,38.70698677176865,1.587426614115675,3.174853228231349,-99406.47762999996,-99841.97130547898,-1.6909096622997677,stop_loss,3,-1.6909096622997677,232.65780938400002,202.835866095
VRSN,2010-05-19,23.359448610101534,2010-05-26,22.139595689950372,32866,21.944569912672897,0.707439348714319,1.4148786974286374,-40091.686073688084,-40540.29755067774,-0.862160779131165,stop_loss,7,-0.862160779131165,230.3194914058791,218.29198558377269
UHS,2010-05-18,38.95375312293091,2010-06-23,36.26019182810909,19909,36.20198165084352,1.3758857360436973,2.751771472087391,-53626.1118186076,-54075.34214761668,-0.9788462894335423,trailing_stop,36,-0.9788462894335423,232.65908127732948,216.5712477317472
GIS,2010-06-18,22.385670463658006,2010-06-23,21.59509826636749,33817,21.675192865044355,0.355238799306825,0.7104775986136502,-26734.779995773362,-27180.969292616344,-1.112733461031218,stop_loss,5,-1.112733461031218,227.10486542085684,219.0844314221248
ICE,2010-06-17,21.163201176450077,2010-06-25,19.687401502917282,35779,19.712054682184814,0.7255732471326322,1.451146494265263,-52802.63651932985,-53241.11463330937,-1.016988759828837,stop_loss,8,-1.016988759828837,227.1594524676622,211.3186615118632
MTB,2010-06-22,59.629722668317484,2010-06-25,55.205722671764576,12590,55.487079261021506,2.0713217036479876,4.142643407295978,-55698.159956601114,-56131.893433650606,-1.06791716341344,stop_loss,3,-1.06791716341344,225.2214625182351,208.51201453125478
FFIV,2010-06-17,75.35528,2010-06-30,69.03089999999999,5024,69.28251973679949,3.0363801316002563,6.072760263200507,-31773.685120000024,-31991.30397049602,-1.041434162702627,stop_loss,13,-1.041434162702627,113.575478016,104.04337247999999
RNR,2010-06-21,50.390748609185664,2010-06-30,47.931789685656845,14981,48.47893728792945,0.9559056606281077,1.9118113212562164,-36837.66363338524,-37279.554617243746,-1.286193305892279,stop_loss,9,-1.286193305892279,226.47114147426313,215.41984238424757
BALL,2010-06-22,11.881329974489486,2010-06-30,11.205934648633296,31595,11.35029558599876,0.2655171942453631,0.5310343884907258,-21339.115320426325,-21557.947958156594,-1.2718485666733528,stop_loss,8,-1.2718485666733528,112.61718616319858,106.2154515670707
NTAP,2010-05-28,27.658212549320695,2010-07-01,27.595612126812586,26975,25.451635318348313,1.1032886154861905,2.206577230972382,-1688.6463971562205,-2135.787973347829,-0.028369921355765042,trailing_stop,34,-0.028369921355765042,223.8240850553777,223.31749113623084
MCK,2010-05-13,60.908267997309984,2010-07-02,59.301873235739144,12939,57.96130100699743,1.4734834951562776,2.9469669903125535,-20785.141819965098,-21251.761525189428,-0.5451010367104474,stop_loss,50,-0.5451010367104474,236.42762388515817,230.19208133916865
CMG,2010-02-16,2.1165144,2010-07-20,2.5664309999999997,338582,1.993520608165982,0.061496895917008874,0.12299379183401782,152333.66226119996,151857.99395537312,3.6580431686110617,trailing_stop,154,3.6580431686110617,214.98410357423998,260.68420225259996
HRL,2010-07-27,7.691116140314942,2010-07-30,7.349712026036788,95279,7.459935428604265,0.11559035585533843,0.23118071171067722,-32528.64260430822,-32958.56512436677,-1.4767845974339817,stop_loss,3,-1.4767845974339817,219.84055641992018,210.0819636386277
MCHP,2010-07-27,10.579649119734995,2010-07-30,9.999119650525524,69265,10.027789986477877,0.2759295666285585,0.5518591332571177,-40210.373684794045,-40637.990210455675,-1.0519522722821297,stop_loss,3,-1.0519522722821297,219.8398188835333,207.7767067780951
SWKS,2010-07-27,15.128514878593691,2010-07-30,13.96337269408502,24219,13.970131110581308,0.5791918840061913,1.1583837680123832,-28218.578566615502,-28429.951494152312,-1.0058343501375924,stop_loss,3,-1.0058343501375924,109.91925055339819,101.45367698341352
CMS,2010-07-28,9.71943558203116,2010-08-02,9.464435896418914,37594,9.329149531618997,0.19514302520608165,0.390286050412163,-9586.45818090677,-9802.817720215025,-0.653366128107711,stop_loss,5,-0.653366128107711,109.61773838126382,106.74180092699179
DTE,2010-07-28,23.749443121483793,2010-08-02,22.628602309095708,15385,22.86860237451582,0.440420373483987,0.8808407469679729,-17244.135898590688,-17458.19376727553,-1.2724670336224109,stop_loss,5,-1.2724670336224109,109.61555472720845,104.44231395763124
CROX,2010-08-09,14.094079999999998,2010-08-13,13.16682,51946,12.77153740438864,0.6612712978056793,1.322542595611358,-48167.44795999993,-48592.27637341993,-0.7011191950088865,stop_loss,4,-0.7011191950088865,219.63932390399995,205.189089516
XLU,2010-07-28,9.095570182546265,2010-08-23,8.905410562671944,40172,8.801704938083658,0.14693262223130307,0.29386524446260687,-7639.092249591195,-7856.0328691402665,-0.6470980269274997,stop_loss,26,-0.6470980269274997,109.61617361197456,107.32444593709721
CMI,2010-07-28,54.2178913543817,2010-08-26,50.84581805882215,6739,50.01556620734175,2.1011625735199755,4.20232514703995,-22724.401938775824,-22936.809240096496,-0.8024303635654624,stop_loss,29,-0.8024303635654624,109.61231095115348,102.79499036952073
CTSH,2010-08-04,26.574770274944214,2010-08-30,25.523663988659653,13686,24.921337184726035,0.8267165451090902,1.6534330902181793,-14385.440634090506,-14599.346385490011,-0.6357114131215689,stop_loss,26,-0.6357114131215689,109.11069179486596,104.79505960463881
EMB,2010-07-28,50.6274774596062,2010-09-09,51.769491232164654,14434,50.15964575591768,0.2339158518442593,0.46783170368851756,16483.826793108765,16040.427439279658,2.441078198750741,trailing_stop,43,2.441078198750741,219.22710289558674,224.17225093351936
EW,2010-06-03,8.90055833336642,2010-09-14,9.50382,84165,8.407199434279834,0.24667944954329352,0.49335889908658714,50773.518172215125,50308.81682148679,1.222764335964076,trailing_stop,103,1.222764335964076,224.73464763833545,239.96670308999995
FDS,2010-09-14,69.64259037744016,2010-09-23,66.95624156024496,10527,67.16560122904087,1.238494574199643,2.4769891483992836,-28279.193998613824,-28710.586769756228,-1.084521835281841,stop_loss,9,-1.084521835281841,219.93826467099376,211.45450647140962
TNL,2010-09-22,7.905747362854911,2010-09-24,7.649079870047783,46690,7.483124697989117,0.21131133243289685,0.42262266486579403,-11983.805239164836,-12201.681704216104,-0.6073207003430228,stop_loss,2,-0.6073207003430228,110.73580331150876,107.14066173975928
CRM,2010-09-21,30.194627350917088,2010-09-29,28.20764715753011,24571,28.426565136888325,0.8840311070143813,1.7680622140287632,-48822.090331711406,-49252.59101779552,-1.1238180294908175,stop_loss,8,-1.1238180294908175,222.57365659181514,207.92702949230173
NFLX,2010-09-23,2.2702657297319995,2010-10-04,2.183811816186,322944,2.116184442750247,0.07704064349087605,0.15408128698175227,-27919.77265619923,-28351.297941895915,-0.5610928831107056,trailing_stop,11,-0.5610928831107056,219.95060874677122,211.57467694991146
AMZN,2010-09-27,8.019010999999999,2010-10-04,7.6898025,46146,7.641063982013462,0.18897350899326848,0.3779470179865374,-15191.655440999959,-15409.125113331258,-0.8710440467391798,stop_loss,7,-0.8710440467391798,111.0135844818,106.45608784949998
FNF,2010-09-27,6.293476637368182,2010-10-04,6.00398068930704,117598,6.047766238935823,0.12285519921617957,0.24571039843235898,-34044.14450009419,-34477.991416104895,-1.1781998234838105,stop_loss,7,-1.1781998234838105,222.03007968036704,211.8168363303388
EXPE,2010-09-20,23.72234306630924,2010-10-05,23.170508012366344,30992,22.317041383693432,0.7026508413079029,1.4053016826158071,-17102.471991798204,-17538.4629639873,-0.3926808462334705,trailing_stop,15,-0.3926808462334705,220.5608568933168,215.43011529577728
GDXJ,2010-09-15,94.98652845176687,2010-10-20,95.39099343147393,7721,90.34972807723216,2.3184001872673603,4.636800374534715,3122.874108318192,2681.902654380042,0.08722932777705447,trailing_stop,35,0.08722932777705447,220.0172958528276,220.95415808532303
TSCO,2010-09-29,3.167737636619905,2010-10-22,3.056570008390625,117072,3.022010560308806,0.07286353815554962,0.14572707631109916,-13014.616572058289,-13233.22421544329,-0.7628481339456695,stop_loss,23,-0.7628481339456695,111.25601417830966,107.35162920669217
EW,2010-09-24,11.327983333299972,2010-10-27,10.700954999999999,64482,10.652806502310716,0.3375884154946283,0.6751768309892565,-40432.04098784889,-40858.18198833125,-0.9286875741592959,stop_loss,33,-0.9286875741592959,219.13530638935464,207.00569409299996
TMUS,2010-10-04,7.023725313351369,2010-10-28,6.6248963666054985,104128,6.616656935016109,0.20353418916762994,0.4070683783352598,-41529.26056675396,-41955.621670241126,-0.979759096928419,stop_loss,24,-0.979759096928419,219.4099408285954,206.95116265856922
MMM,2010-10-22,47.700600726505,2010-10-29,44.742135031222666,7789,46.0923649539114,0.804117886296801,1.608235772593602,-23043.48930055411,-23259.50024119919,-1.8395721235022755,stop_loss,7,-1.8395721235022755,111.46199371762425,104.54894692745802
MDLZ,2010-09-27,14.541276196745347,2010-11-08,14.274141914269139,50896,14.117052178415088,0.21211200916512904,0.4242240183302588,-13596.066440909091,-14036.04329696255,-0.6297009856434953,stop_loss,42,-0.6297009856434953,222.02783799286536,217.94901806059266
CMS,2010-08-09,10.113992013531503,2010-11-15,10.979516776396409,36194,9.687287191552175,0.21335241098966443,0.42670482197932813,31326.80326713241,31097.765729989616,2.028392270914709,trailing_stop,98,2.028392270914709,109.81974808132776,119.21778906146749
VWO,2010-10-04,29.676831199998027,2010-11-15,30.458433521435893,12322,28.840006996311196,0.4184121018434153,0.836824203686831,9630.903804757385,9408.607785188133,0.9340101756071686,trailing_stop,42,0.9340101756071686,109.70337421391271,112.59264535533991
BND,2010-05-07,49.93574867870947,2010-11-16,51.56491872452131,7780,49.53074932118622,0.20249967876162617,0.404999357523252,12674.942956416115,12438.040398696974,4.022648469802339,trailing_stop,193,4.022648469802339,116.55003741610791,120.35252030303273
SLV,2010-09-15,20.04002,2010-11-16,24.8751,18299,19.337963335833923,0.3510283320830378,0.7020566641660757,88477.12892000003,88230.55838573603,6.887022439624951,trailing_stop,62,6.887022439624951,110.013697794,136.55683647
NTAP,2010-09-16,36.03436359791756,2010-11-17,38.6778925288474,20378,33.86263163741525,1.0858659802511563,2.1717319605023135,53869.832554488275,53413.08664788291,1.2172445674734194,trailing_stop,62,1.2172445674734194,220.29247841950925,236.4534281858557
ORCL,2010-09-20,22.112944932726386,2010-11-17,22.239127483454403,33248,21.06014557341837,0.5263996796540077,1.0527993593080147,4195.317446605139,3752.9321354971853,0.11985431945072164,trailing_stop,58,0.11985431945072164,220.56335793698608,221.82195317096762
INCY,2010-09-29,15.825809999999999,2010-11-17,15.83415,46867,14.69501587187135,0.5653970640643247,1.1307941281286489,390.87078000002145,-54.27142359597849,0.007375347813135822,trailing_stop,49,0.007375347813135822,222.51247118099997,222.62973241499998
KBR,2010-10-04,20.42368780253031,2010-11-17,21.098640829891657,17904,19.50588505089189,0.45890137581920964,0.9178027516384191,12084.359001877563,11861.3342703271,0.7354009629590371,trailing_stop,44,0.7354009629590371,109.6997119249508,113.32501962551407
F,2010-11-16,9.063242049430253,2010-11-19,8.429496303265323,84633,8.582012101287997,0.240614974071128,0.4812299481422553,-53635.80373517652,-54079.94261267763,-1.3169291491758737,stop_loss,3,-1.3169291491758737,230.11480931082917,214.0240681902762
CAH,2010-11-19,24.71654540177947,2010-11-30,24.027068725322,31113,23.707314429648267,0.504615486065602,1.0092309721312027,-21451.68783462128,-21906.65585452223,-0.6831703499957953,stop_loss,11,-0.6831703499957953,230.7017631256694,224.266256775283
WEC,2010-09-21,17.235424258527512,2010-12-09,17.559284309658587,21523,16.72623526391916,0.2545944973041764,0.5091889946083512,6970.439880494112,6745.773926740191,0.6360311290313239,trailing_stop,79,0.6360311290313239,111.28741089488629,113.37854285903452
NKE,2010-09-27,16.11382465250275,2010-12-30,17.333224260288006,22964,15.477527866162356,0.3181483931701967,0.6362967863403934,28002.29259318062,27771.86918381062,1.9164007016262468,trailing_stop,94,1.9164007016262468,111.01136079602195,119.41204857397612
FFIV,2010-10-28,118.06795,2011-01-03,132.75710999999998,6364,108.10474339324527,4.981603303377364,9.963206606754724,93481.81423999992,93002.93903544793,1.474340599344916,trailing_stop,67,1.474340599344916,225.41533014,253.45987441199995
PII,2010-10-20,24.50657035367152,2011-01-05,25.413988059908267,30272,23.201577699343744,0.6524963271638887,1.3049926543277763,27469.34880319878,27015.990259910013,0.6953431524901359,trailing_stop,77,0.6953431524901359,222.55886932390328,230.7996739648629
TPR,2010-10-27,32.55856234466851,2011-01-05,34.374482099876566,23048,30.83763376208836,0.8604642912900757,1.7209285825801501,41853.318518035296,41390.516675527935,1.0551976262056666,trailing_stop,70,1.0551976262056666,225.1229234759759,237.67891903138656
BBWI,2010-11-19,12.378868960587182,2011-01-05,12.287246245817585,62122,11.662644410713593,0.3581122749367942,0.7162245498735889,-5691.7862869169285,-6151.478809572612,-0.12792456609560293,trailing_stop,47,-0.12792456609560293,230.7000292708791,228.99249338480402
DKS,2010-11-17,22.753488562262604,2011-01-07,24.121333338012647,33083,21.45594335758151,0.648772602340546,1.297545204681093,45252.40871613869,44787.18079626065,1.0541788993673085,trailing_stop,51,1.0541788993673085,225.8260986316001,239.40182124644173
NOV,2010-11-19,43.972859892312,2011-01-07,45.74205148464392,8744,41.42261758614414,1.2751211530839301,2.55024230616786,15469.811283350322,15234.471127826291,0.693734704366351,trailing_stop,49,0.693734704366351,115.34960606951284,119.99054945451795
ROK,2011-01-04,55.272885206892774,2011-01-07,53.6820705873697,7494,53.40342737287511,0.9347289170088338,1.8694578340176662,-11921.564758705908,-12166.51729032257,-0.8509497195260302,stop_loss,3,-0.8509497195260302,124.26450052213634,120.68803109452456
TMUS,2011-01-05,8.868015491657902,2011-01-07,8.42060883769393,91919,8.431453741797219,0.21828087493034118,0.4365617498606831,-41125.17222571433,-41601.91814363324,-1.0248416268872607,stop_loss,2,-1.0248416268872607,244.5417347933108,232.2041831255965
CLF,2011-01-05,71.0603969805955,2011-01-10,68.1350022970318,5735,67.29768972943793,1.88135362557878,3.7627072511575648,-16777.138510237794,-17016.624194694952,-0.7774707114574811,stop_loss,5,-0.7774707114574811,122.25941300511455,117.22627145204324
HAS,2010-02-09,20.62248200076628,2011-01-13,27.06713296667305,34124,19.61831421710298,0.502083891831649,1.0041677836632985,219917.26956060264,219429.06143425798,6.417902536562244,trailing_stop,338,6.417902536562244,211.11647273824457,277.0916536064253
GLD,2010-09-15,124.09396999999998,2011-01-21,130.62923999999998,2955,121.47869700148053,1.3076364992597278,2.6152729985194583,19311.72284999999,19085.91072433499,2.4988863509468047,trailing_stop,128,2.4988863509468047,110.009304405,115.80282125999997
CNX,2011-01-04,49.047603069448115,2011-01-21,48.51348696267145,16891,46.58144560710807,1.233078731170021,2.4661574623400426,-9021.755159564647,-9516.126471084406,-0.2165782659594909,stop_loss,17,-0.2165782659594909,248.5389190338144,245.83239248594506
HWM,2011-01-05,24.4490719183202,2011-01-21,23.997036570608817,16670,23.350153463716335,0.5494592273019324,1.098918454603865,-7535.429246348765,-7777.708234901899,-0.41134566975156683,stop_loss,16,-0.41134566975156683,122.26980866351931,120.0091798896147
NFG,2011-01-07,43.55930401910016,2011-01-21,42.40689917656881,18748,42.2517541816874,0.6537749187063795,1.3075498374127577,-21605.28598777782,-22088.79430103154,-0.8813467827823768,stop_loss,14,-0.8813467827823768,244.99494952502693,238.5133637286936
DECK,2010-11-08,10.475465,2011-01-24,11.904749999967105,74131,9.728210967598805,0.3736270162005975,0.7472540324011945,105954.3263325615,105456.60601711273,1.9127163427600407,trailing_stop,77,1.9127163427600407,232.96700877449996,264.75330667426846
AMZN,2010-11-30,8.856347499999998,2011-01-24,8.8886025,88865,8.387018834457935,0.23466433277103188,0.4693286655420632,2866.3405750000916,2393.269080475092,0.06872582556351484,trailing_stop,55,0.06872582556351484,236.10579617624995,236.96569834874998
NSC,2011-01-10,45.95308257469122,2011-01-26,44.50262549914977,8873,44.61867048419368,0.6672060452487707,1.334412090497544,-12869.90563127929,-13110.689680601048,-1.08696337950643,stop_loss,16,-1.08696337950643,122.32251050557056,118.46153881618679
CIEN,2011-01-07,24.114089999999997,2011-01-27,23.60637,33867,22.725785023684896,0.694152488157551,1.3883049763151014,-17194.95323999997,-17679.79788564597,-0.36571215162507825,trailing_stop,20,-0.36571215162507825,245.001565809,239.843079837
CHRW,2010-07-29,45.49999481186707,2011-01-31,53.44292084938264,8007,43.364328900595375,1.0678329556358477,2.135665911271694,63599.008782387165,63361.33800467728,3.719180043842115,trailing_stop,186,3.719180043842115,109.29553753758587,128.37524017230203
GWW,2010-09-14,89.5517916649283,2011-01-31,102.2264596124829,4093,86.00165396950041,1.7750688477139493,3.5501376954278925,51877.41590934096,51641.93139459743,3.570190520744559,trailing_stop,139,3.570190520744559,109.96064498536545,125.52386975816775
EMR,2010-09-27,35.04261734891481,2011-01-31,37.69981186744746,10560,33.524035043250805,0.7592911528320011,1.5185823056640047,28059.97411570477,27829.526099947332,1.7497863030682306,trailing_stop,126,1.7497863030682306,111.0150117613621,119.43300399607355
WMT,2011-01-21,13.689252414676165,2011-02-11,13.511048566717085,59972,13.378828935813042,0.1552117394315618,0.3104234788631235,-10687.241169801982,-11176.618104938818,-0.5740669121154232,trailing_stop,21,-0.5740669121154232,246.2915537438877,243.0853813929471
ITT,2011-01-13,50.20008275456428,2011-02-23,48.484735052360406,16635,48.03336886863169,1.083356942966293,2.1667138859325874,-28534.8090261614,-29027.29560942686,-0.7916816859580696,trailing_stop,41,-0.7916816859580696,250.52351298665303,241.96307027880462
DOV,2011-01-31,31.89323901830298,2011-02-24,32.452126706816735,25656,30.52834278716799,0.6824481155674957,1.364896231134992,14338.822536508847,13843.569125595746,0.40947265862768545,trailing_stop,24,0.40947265862768545,245.47588207607436,249.77752883702703
IDCC,2011-01-05,34.64570249945928,2011-02-25,35.668471727562086,23528,31.692362573196466,1.4766699631314086,2.9533399262628173,24063.714398802742,23567.408831438734,0.3463093492922178,trailing_stop,51,0.3463093492922178,244.54322652218343,251.76234084182423
RVTY,2011-02-25,25.54248616758782,2011-03-01,24.693103761721723,32767,24.492470142498455,0.5250080125446834,1.0500160250893664,-27831.713293014443,-28325.53416557855,-0.8089232788554896,stop_loss,4,-0.8089232788554896,251.08519327600504,242.7356792881007
ORCL,2011-01-21,26.34343836560874,2011-03-02,25.570175368279763,31164,25.524180183816473,0.4096290908961347,0.819258181792268,-24097.968048760256,-24583.318806281128,-0.9438575219808387,trailing_stop,40,-0.9438575219808387,246.29007396774927,239.06068355312115
NVDA,2011-01-07,0.43803952036633403,2011-03-03,0.48561359367898027,1864396,0.4131117270727048,0.0124638966468146,0.024927793293629208,88696.9119878044,88180.29543644031,1.9084751206118487,trailing_stop,55,1.9084751206118487,245.00373888387355,271.6128124802148
ATI,2011-01-27,57.90059969999215,2011-03-03,57.42232136676034,14353,54.02429622301779,1.9381517384871791,3.876303476974357,-6864.7289168761135,-7361.297882697443,-0.12338516219713674,trailing_stop,35,-0.12338516219713674,249.3141922481962,247.25477357313335
PRU,2011-02-11,35.17395741391449,2011-03-03,34.70323699827448,12171,33.80070992957682,0.6866237421688375,1.373247484337675,-5729.1381787546425,-5984.280778711868,-0.34277901180139264,trailing_stop,20,-0.34277901180139264,128.43067070542597,126.71192925179959
VNO,2011-03-01,39.21011420826189,2011-03-03,37.71762295310704,21756,37.87661267723358,0.6667507655141551,1.3335015310283111,-32470.639747148984,-32972.73170205381,-1.119227252783084,stop_loss,2,-1.119227252783084,255.9165734144837,246.17538149033902
KLAC,2011-03-04,2.9642174911097428,2011-03-08,2.8642149262449705,144332,2.817948259796718,0.07313461565651241,0.14626923131302494,-14433.570192062303,-14685.938984360797,-0.6836883189107675,stop_loss,4,-0.6836883189107675,128.34943167805542,124.01936062043673
ILMN,2010-09-17,47.71303501949042,2011-03-10,62.81649805447274,15399,45.1770123618781,1.26801132880616,2.536022657612321,232578.22727569274,232067.61399175096,5.955571015758317,trailing_stop,174,5.955571015758317,220.41990787953986,290.1933760622477
LRCX,2011-03-03,4.893398906619892,2011-03-10,4.505672018113236,170672,4.617312728407451,0.13804308910622093,0.2760861782124415,-66174.12351520808,-66655.3709850679,-1.40436906699585,stop_loss,7,-1.40436906699585,250.54985345718907,230.69761640262664
ALB,2010-10-04,37.5888911894741,2011-03-11,43.460997051108535,9728,35.87945421254789,0.854718488463104,1.7094369769262059,57123.84582197981,56887.309828138496,3.4351110575560746,trailing_stop,158,3.4351110575560746,109.69942004736122,126.83657379395515
ETN,2010-11-15,31.618882939899983,2011-03-11,34.311631465250166,12145,30.417712809683493,0.6005850651082443,1.2011701302164894,32703.43084037797,32463.213011142805,2.241771134339532,trailing_stop,116,2.241771134339532,115.20339999152559,125.01442924363897
FLR,2010-11-19,49.06303197544527,2011-03-11,56.81734413277742,15673,46.293142923787954,1.3849445258286583,2.769889051657316,121533.33444186681,121035.49550144357,2.7995028005517013,trailing_stop,112,2.7995028005517013,230.68947004534613,267.14947037790614
WY,2011-01-24,12.786632429983351,2011-03-11,13.177780722478879,63985,12.257951961606798,0.2643402341882764,0.5286804683765531,25027.623495326334,24529.223602658243,0.7398576567366811,trailing_stop,46,0.7398576567366811,245.44580280974546,252.9540898583433
BX,2011-03-04,8.394123273362172,2011-03-14,7.919208575797032,101936,7.912385069345198,0.2408691020084876,0.48173820401697487,-48410.904611000195,-48909.77934961296,-0.9858356543140315,stop_loss,10,-0.9858356543140315,256.6990049980339,242.17573361473387
XLU,2011-03-10,9.764170398275844,2011-03-15,9.387059306996134,43366,9.578634304881314,0.09276804669726539,0.18553609339453025,-16353.799584435912,-16602.95325265556,-2.032548408129993,stop_loss,5,-2.032548408129993,127.02990404748907,122.1237641721583
TSN,2011-03-10,14.367692956536803,2011-03-16,13.926565511227501,58942,13.656032962988615,0.355829996774094,0.7116599935481887,-26000.933881420886,-26501.249936202974,-0.6198570234501064,stop_loss,6,-0.6198570234501064,254.0581674732577,246.2578873088314
DTE,2011-03-10,24.370704165459912,2011-03-16,23.978677000083753,34749,23.80837325078514,0.28116545733738474,0.5623309146747708,-13622.551969656168,-14126.579763492611,-0.6971467425063977,stop_loss,6,-0.6971467425063977,254.05727971366997,249.9705141227731
SBUX,2011-03-11,14.007322612051913,2011-03-16,13.076113442840114,59078,13.303782039097788,0.35177028647706254,0.7035405729541253,-55013.97529869467,-55493.98586926995,-1.3236040748889675,stop_loss,5,-1.3236040748889675,248.25738158244084,231.75318899283252
TXN,2010-10-06,18.81629730348206,2011-03-17,22.219280386773054,39493,17.905307201638884,0.4554950509215887,0.9109901018431756,134394.01090841123,133907.82548749488,3.7354775605199806,trailing_stop,162,3.7354775605199806,222.93360882192505,263.25181209444844
XLE,2011-01-27,21.445386801083828,2011-03-17,22.416029574225103,19376,20.850456572042553,0.2974651145206376,0.5949302290412746,18807.17437238535,18552.216731278953,1.6315237077555438,trailing_stop,49,1.6315237077555438,124.65774439734007,130.29989670905567
VRTX,2011-02-24,43.7437,2011-03-17,44.875080000000004,19062,41.41609425331353,1.163802873343234,2.3276057466864657,21566.365560000137,21059.590204692136,0.4860702898721649,trailing_stop,21,0.4860702898721649,250.15272281999998,256.622632488
CBRE,2011-03-14,27.026999999999997,2011-03-17,25.914060000000003,30866,25.468920763097348,0.7790396184513251,1.5580792369026497,-34352.00603999984,-34842.22966738784,-0.7143025679569673,stop_loss,3,-0.7143025679569673,250.26461459999996,239.95901278800005
VFC,2011-02-23,15.166034554448638,2011-03-21,14.78840505897785,56220,14.531656949103049,0.3171888026727946,0.6343776053455894,-21230.330235367735,-21735.541813887787,-0.5952755776507396,trailing_stop,26,-0.5952755776507396,255.79033879533074,249.4212397247204
CNX,2011-03-18,53.41158022899472,2011-03-30,50.75884640933837,15261,49.71302122693676,1.8492795010289806,3.698559002057962,-40483.37082177563,-40960.294286053904,-0.7172344197240907,stop_loss,12,-0.7172344197240907,244.53423776240655,232.38922651587384
OLED,2011-03-23,46.886679982073,2011-04-13,49.50345566926183,17542,42.279243257791926,2.3037183621405366,4.607436724281072,45903.479104666534,45396.216376787816,0.5679460931928797,trailing_stop,21,0.5679460931928797,246.74584207365737,260.5168858050573
BC,2011-03-28,20.58550263539774,2011-04-15,19.248708731016997,40834,19.066639441666574,0.7594315968655845,1.5188631937311676,-54586.642291483324,-55074.61934756418,-0.8801279206041196,stop_loss,18,-0.8801279206041196,252.1765243841494,235.8005316967044
JEF,2010-12-10,16.73003131760804,2011-04-19,20.608762336426732,24483,16.008233384861875,0.36089896637308394,0.721797932746167,94962.971533738,94688.72182822849,5.373707575001763,trailing_stop,130,5.373707575001763,122.88040702469931,151.3692984848207
IRM,2011-03-11,10.221209409823912,2011-04-28,11.645127306133647,80961,9.66414635491362,0.2785315274551451,0.5570630549102908,115281.81680313247,114750.72065707427,2.556116195031175,trailing_stop,48,2.556116195031175,248.25580050862612,282.8403455495658
JAZZ,2011-03-30,32.6326,2011-04-28,32.767199999999995,25867,30.276233816721497,1.1781830916392495,2.3563661832784994,3481.6981999999725,2974.1892120199727,0.057121851839141986,stop_loss,29,0.057121851839141986,253.23223926,254.27674871999997
REGN,2011-04-28,65.37612462278528,2011-04-29,61.68791861258904,13868,60.47350105511165,2.451311783836819,4.902623567673636,-51148.04094940155,-51676.678194878,-0.7522923102877246,stop_loss,1,-0.7522923102877246,271.99082888063595,256.6464165958154
FTNT,2011-04-29,4.781777,2011-05-04,4.496498999999999,189787,4.389758928824474,0.19600903558776328,0.3920180711755261,-54142.05578600015,-54670.32463616375,-0.727716452316984,stop_loss,5,-0.727716452316984,272.2557334497,256.0131167139
COP,2011-01-31,31.813520413850366,2011-05-05,32.723778927186125,12860,30.809987872161877,0.5017662708442447,1.0035325416884895,11705.924481497856,11456.939580640137,0.9070543061854346,trailing_stop,94,0.9070543061854346,122.73656175663471,126.24833910108407
CRL,2011-03-21,39.699659999999994,2011-05-05,40.20975,20527,37.90796431101199,0.8958478444940046,1.791695688988007,10470.617430000108,9978.527292279108,0.28469678368658485,trailing_stop,45,0.28469678368658485,244.474476246,247.61566147499997
WCC,2010-11-19,45.9884888824478,2011-05-06,55.952818749240414,8360,43.73605248062492,1.1262182009114379,2.2524364018228766,83301.79768638629,83046.12888684601,4.423800760247248,trailing_stop,168,4.423800760247248,115.33913011717908,140.32966942309494
IFF,2011-03-21,52.377607318008494,2011-05-16,54.4281842310665,15558,50.34710884093941,1.01524923853454,2.030498477069081,31902.875613356508,31404.370261880355,1.0098884270122235,trailing_stop,56,1.0098884270122235,244.4672443960728,254.0381070800798
BKNG,2010-08-05,10.958455129970647,2011-05-17,19.559730004439505,66541,10.154612680653887,0.40192122465837976,0.8038424493167593,572337.4314220323,571728.2182549237,10.70019987346982,trailing_stop,285,10.70019987346982,218.75596884101304,390.45719826762274
CAR,2011-03-25,16.985791946029572,2011-05-17,16.666949185460904,49231,15.758671686953317,0.6135601295381273,1.2271202590762549,-15696.947945556078,-16193.9753751494,-0.25983008446839956,trailing_stop,53,-0.25983008446839956,250.86825698849455,246.15917260482772
CAT,2010-09-22,52.049583175400116,2011-05-18,71.06750068177125,7091,49.54696391425701,1.251309630571551,2.502619261143103,134856.05303767772,134594.14606518837,7.599205281303742,trailing_stop,238,7.599205281303742,110.72507828902866,151.18189420033198
STX,2011-04-15,8.858669863206883,2011-05-18,8.653907297197703,98947,8.320719401275408,0.2689752309657377,0.5379504619314748,-20260.641618910297,-20780.486710597463,-0.38063461322069225,trailing_stop,33,-0.38063461322069225,262.9616420864195,256.88344960074636
HON,2011-04-25,39.5361125292585,2011-05-18,38.615343967984174,11454,38.023705614693924,0.7562034572822908,1.512406914564579,-10546.483100836165,-10815.02713565199,-0.608810071156953,trailing_stop,23,-0.608810071156953,135.85398987303807,132.6900449427872
WSM,2011-03-16,13.936662799131275,2011-05-20,14.554648077247741,59007,13.08437713709787,0.4261428310167025,0.8522856620334043,36465.4573058183,35961.101271553554,0.7250917217615291,trailing_stop,65,0.7250917217615291,246.70819853650173,257.64783572824723
BND,2011-05-17,52.739087699068264,2011-05-20,52.48515980470933,16917,52.46773855095593,0.13567457405616729,0.27134914811233557,-4295.698188870035,-4829.721767376456,-0.9357976471472377,stop_loss,3,-0.9357976471472377,267.6561439815414,266.36743452488037
A,2011-05-16,33.38088022916927,2011-05-24,31.431126220883062,26973,31.666987442032838,0.8569463935682171,1.7138927871364338,-52590.71486550393,-53115.167140497106,-1.1376172552449164,stop_loss,8,-1.1376172552449164,270.1147447264148,254.33753026676365
BIIB,2011-03-02,69.79973,2011-05-25,94.44546000000001,11930,67.45131525360004,1.174207373199978,2.3484147463999534,294023.5589000002,293435.7253649902,10.49462410239978,trailing_stop,84,10.49462410239978,249.81323367,338.02030134000006
XEL,2011-05-18,15.356395658845065,2011-05-26,14.925596028126844,28936,14.993812929275192,0.18129136478493635,0.3625827295698727,-12465.618114462446,-12728.490027898712,-1.1881416173055823,stop_loss,8,-1.1881416173055823,133.30579943530225,129.56611400096352
DLTR,2011-05-20,31.716684999999995,2011-05-26,30.71925,28224,30.517648140735805,0.5995184296320948,1.19903685926419,-28151.605439999883,-28680.262988831884,-0.8318635013539861,stop_loss,6,-0.8318635013539861,268.55151523199993,260.1060336
ULTA,2011-03-14,45.21523481135858,2011-06-03,49.382519377069976,18449,41.83357226045152,1.6908312754535302,3.381662550907059,76882.23295280959,76358.6627627029,1.2323182762850222,trailing_stop,81,1.2323182762850222,250.25276011042632,273.3174299962692
AEP,2011-05-18,22.241043127303723,2011-06-03,21.561926651240334,39958,21.653578344436458,0.29373239143363267,0.587464782867265,-27136.13615054087,-27661.219870464192,-1.156012234042005,stop_loss,16,-1.156012234042005,266.61228038424065,258.4714395390784
CAG,2011-05-05,11.429635078394039,2011-06-06,10.987828552284252,77712,11.099332118148743,0.16515148012264771,0.33030296024529626,-34333.668757043735,-34856.300537143914,-1.3375796746771003,stop_loss,32,-1.3375796746771003,266.4659403636473,256.16583973653417
TTWO,2011-05-18,17.057039999999997,2011-06-06,16.17381,52102,15.929552122668252,0.5637439386658725,1.1274878773317454,-46018.04945999987,-46537.46758400987,-0.7833609724391929,stop_loss,19,-0.7833609724391929,266.611769424,252.806354586
TMO,2011-05-20,62.008187045773276,2011-06-06,59.379431564311226,14436,59.8540838997281,1.0770515730225865,2.1541031460451734,-37948.714130386164,-38474.419629062715,-1.2203480071454866,stop_loss,17,-1.2203480071454866,268.5450564578349,257.160442218719
CVS,2011-05-31,26.740514812533277,2011-06-06,25.860586685171228,33133,25.946788101572256,0.3968633554805109,0.7937267109610211,-29154.65864388678,-29677.508332663816,-1.1086033961193749,stop_loss,6,-1.1086033961193749,265.7980431850995,257.0516455919335
SGI,2011-01-24,10.361013656291217,2011-06-07,13.617853667198787,78965,9.75542793926584,0.3027928585126885,0.6055857170253773,257176.3714613163,256608.32408385648,5.3780000408614175,trailing_stop,134,5.3780000408614175,245.4472330107108,322.6001444491057
ROST,2011-05-06,16.32352966142202,2011-06-07,16.086354175751026,54223,15.709268801550426,0.30713042993579764,0.614260859871596,-12860.366359538391,-13387.574698929302,-0.3861152503198304,trailing_stop,32,-0.3861152503198304,265.53322464938594,261.6751147415244
AZO,2011-05-25,294.73443999999995,2011-06-07,284.715,2968,284.31170361214885,5.211368193925541,10.422736387851103,-29737.697919999926,-30253.639701375923,-0.9613060934438277,stop_loss,13,-0.9613060934438277,262.431545376,253.51023599999994
TPR,2011-05-27,42.35027614752249,2011-06-07,40.25958709836322,20937,40.379399750651494,0.9854381984354996,1.9708763968709988,-43772.7566222477,-44291.63743428144,-1.0607915607891452,stop_loss,11,-1.0607915607891452,266.0063195102035,252.8744925235292
GME,2011-04-14,4.2484870267464965,2011-06-08,4.391007590922187,205473,4.03663977495318,0.10592362589665819,0.21184725179331654,29284.127882871628,28751.573019598756,0.6727515366342207,trailing_stop,55,0.6727515366342207,261.8848124540049,270.67005081886634
IPGP,2011-05-27,74.22860745992081,2011-06-09,65.49414564370616,11945,67.44662476386114,3.3909913480298344,6.781982696059671,-104333.14639468396,-104833.8428804308,-1.2878920822504258,stop_loss,13,-1.2878920822504258,265.9982148326262,234.69827091422098
NLY,2011-06-09,11.711572573901849,2011-06-13,11.511366324330368,72570,11.533667452754615,0.08895256057361664,0.17790512114723356,-14528.967531402403,-15034.554134155816,-1.1253540554675292,stop_loss,4,-1.1253540554675292,254.97264650641716,250.61395624699645
TMUS,2011-03-04,9.671277764502815,2011-06-14,10.530570991265604,88475,9.141994937679044,0.2646414134118852,0.5292828268237706,76025.96823783776,75489.76066723777,1.6235048318484333,trailing_stop,102,1.6235048318484333,256.699890064316,279.5076805356673
AGG,2011-06-09,71.75692330397492,2011-06-15,71.26746502605955,11844,71.3699012320752,0.19351103594986346,0.3870220718997217,-5797.143843629535,-6305.338100243814,-1.2646779433349233,stop_loss,6,-1.2646779433349233,254.96669988368367,253.2275567305948
DLR,2011-06-08,34.98332301149119,2011-06-16,33.80743791366824,24390,33.84656833488313,0.5683773383040267,1.1367546766080565,-28679.837535901723,-29183.179533591112,-1.0344229252099082,stop_loss,8,-1.0344229252099082,255.97297447508097,247.3690232143105
MCO,2011-04-28,32.26013197996448,2011-06-17,32.23614571779577,28104,30.824515795588702,0.7178080921878871,1.4356161843757747,-674.1099119892924,-1217.8909285146487,-0.01670799091690012,trailing_stop,50,-0.01670799091690012,271.9916247494765,271.7893917758797
CL,2011-06-20,31.00917107874398,2011-06-24,30.299621436609197,27150,30.22965423484314,0.3897584219504198,0.77951684390084,-19264.272783959324,-19763.63289899688,-0.9102428609291751,stop_loss,4,-0.9102428609291751,252.56969843636975,246.7904166011819
DINO,2011-06-22,17.269359529593277,2011-06-27,15.307849070206585,49485,15.808763737394944,0.7302978960991664,1.4605957921983332,-97065.34508275049,-97548.97003301882,-1.3429522869119292,stop_loss,5,-1.3429522869119292,256.372276896577,227.25267337175183
BMY,2011-06-24,17.65007040034489,2011-06-28,17.20543888883856,48295,17.130638393871443,0.2597160032367243,0.5194320064734477,-21473.478848198207,-21978.48289453454,-0.8559955989717369,stop_loss,4,-0.8559955989717369,255.72304499539695,249.28100134093748
DGX,2011-06-20,45.43846335158047,2011-06-29,44.52344646195242,18528,44.28703677757111,0.5757132870046775,1.1514265740093563,-16953.432931028492,-17453.47721053603,-0.7946810593765345,stop_loss,9,-0.7946810593765345,252.5651546934249,247.4791248141163
MKC,2011-06-30,18.91468318198567,2011-07-01,18.384515340469655,45218,18.47298926207767,0.2208469599539995,0.44169391990799767,-23973.12945767115,-24479.10800530767,-1.2003059531053668,stop_loss,1,-1.2003059531053668,256.5852432369084,249.39330439960705
NLY,2011-06-24,11.888733044989229,2011-07-13,11.903901781370976,71700,11.682465538190018,0.10313375339960569,0.20626750679921102,1087.5983985713065,575.8188234562984,0.07353914640813253,trailing_stop,19,0.07353914640813253,255.72664779771833,256.0529273172897
MNST,2011-06-27,6.528181805145,2011-07-13,6.522630977362499,129597,6.268475526569315,0.1298531392878423,0.25970627857568473,-719.3706281287447,-1226.774483381132,-0.021373483201651073,trailing_stop,16,-0.021373483201651073,253.80983322041294,253.59402203197433
FAST,2011-06-29,6.165538921409571,2011-07-13,5.970180252014475,138363,5.916671189678187,0.12443386586569205,0.24886773173138366,-27030.411573513597,-27534.151927111336,-0.7849899544467928,stop_loss,14,-0.7849899544467928,255.92473853489776,247.81561506284365
AVGO,2011-06-29,2.680675447180996,2011-07-13,2.5668993671003273,318235,2.5075909205308964,0.08654226332504994,0.17308452665009977,-36207.53084447166,-36708.51943577851,-0.657344028855183,trailing_stop,14,-0.657344028855183,255.92542528009332,245.0631660267518
ACN,2011-06-29,44.52773403357688,2011-07-19,45.35658192836994,19158,42.70463019659845,0.9115519184892118,1.8231038369784258,15879.067968445524,15362.466850885832,0.4546355934211511,trailing_stop,20,0.4546355934211511,255.91869858457972,260.6824189751134
TDG,2011-07-01,39.301822925103,2011-07-19,38.733006581820696,21826,37.91898904655234,0.6914169392753292,1.382833878550656,-12414.985508479487,-12925.941965124923,-0.41134105267834126,trailing_stop,18,-0.41134105267834126,257.3404761489894,253.6159804964456
FTNT,2011-06-27,5.191185999999999,2011-07-21,4.317677999999999,162975,4.781681592488501,0.20475220375574904,0.4095044075114984,-142359.96630000003,-142824.87843312003,-2.1330857103790097,stop_loss,24,-2.1330857103790097,253.8100615049999,211.10207161499997
ULTA,2011-06-14,57.82561334670632,2011-07-28,61.31572269931201,14641,53.57730319677746,2.124155074964432,4.248310149928862,51098.69103149995,50575.38654118502,0.8215288501627251,trailing_stop,44,0.8215288501627251,253.9874415027382,269.3170488121881
JAZZ,2011-07-15,37.61758,2011-07-28,34.54542,22783,35.009821103217824,1.3038794483910852,2.6077588967821725,-69993.02127999993,-70486.24816869994,-1.1780843711398583,stop_loss,13,-1.1780843711398583,257.112397542,236.11449115800002
MCD,2011-06-29,56.54799694016582,2011-08-02,57.524802730456685,15086,55.218465109523486,0.6647659153211656,1.3295318306423312,14736.092152328034,14219.82147557873,0.7346990630671459,trailing_stop,34,0.7346990630671459,255.92492455180246,260.3457521975009
IBM,2011-07-20,102.56355912131062,2011-08-02,100.19275845676457,8530,99.74955975393956,1.4069996836855234,2.8139993673710535,-20222.92966857783,-20741.783085260126,-0.8425022023942195,stop_loss,13,-0.8425022023942195,262.4601477914339,256.39326889086055
KO,2011-07-20,22.03095621665954,2011-08-02,21.39956163042022,19857,21.483050665700233,0.27395277547965285,0.5479055509593067,-12537.602298954185,-12796.322236821024,-1.152378516942995,stop_loss,13,-1.152378516942995,131.24060927826255,127.4793285885763
MA,2011-06-30,28.26267615542557,2011-08-03,28.71921759417675,30262,26.904385981566563,0.679145086929504,1.3582901738590074,13815.857019488234,13298.541198893095,0.33611480634812463,trailing_stop,34,0.33611480634812463,256.5855317446466,260.7302888504931
V,2011-06-30,19.307715576549917,2011-08-03,18.911184212096313,22148,18.4027994005424,0.4524580880037593,0.904916176007518,-8782.376659918435,-9036.318317674117,-0.4381967910034468,trailing_stop,34,-0.4381967910034468,128.28818537682827,125.65347237885273
EL,2011-06-30,41.532507859862136,2011-08-03,40.09368185063246,20593,39.833917811228844,0.8492950243166449,1.6985900486332923,-29629.74400806678,-30134.022445479244,-0.8470707869667417,trailing_stop,34,-0.8470707869667417,256.58368030744225,247.69475710502226
BMRN,2011-07-15,29.94992,2011-08-03,29.10087,28615,28.684611686108596,0.6326541569457013,1.2653083138914027,-24295.56574999995,-24802.487256754954,-0.6710222249222252,trailing_stop,19,-0.6710222249222252,257.10508824,249.81641851500004
ISRG,2011-07-21,44.255277966899996,2011-08-03,42.844847155109996,19544,42.199939477145996,1.027669244876999,2.055338489754,-27565.459785623767,-28076.145239239137,-0.6862279954475102,trailing_stop,13,-0.6862279954475102,259.4775457755281,251.20790783984094
AMZN,2011-07-28,11.1746635,2011-08-03,10.637851499999998,76263,10.608751805863578,0.28295584706821036,0.5659116941364211,-40938.89355600009,-41437.93990543359,-0.9485790902751605,stop_loss,6,-0.9485790902751605,255.66400875014997,243.38234068334998
OKE,2011-01-21,11.020162444355462,2011-08-04,13.16197321498789,74497,10.739860909705412,0.14015076732502493,0.28030153465005014,159558.47697980402,159018.02801173978,7.641095412861113,trailing_stop,195,7.641095412861113,246.29071248514467,294.1582555790859
SGI,2011-07-28,17.09484440884145,2011-08-04,16.283807679728824,49852,16.027358079667795,0.5337431645868277,1.0674863291736543,-40431.803019722625,-40931.00078889844,-0.7597631060441336,stop_loss,7,-0.7597631060441336,255.6636550408692,243.53411413495243
COO,2010-09-14,11.40829225177641,2011-08-05,17.950508723777652,64265,10.932490350914302,0.23790095043105475,0.47580190086210905,420435.5415731598,419869.51856975164,13.749874601482992,trailing_stop,325,13.749874601482992,219.94617046812334,346.0768329400712
CNP,2011-03-21,9.928017361736623,2011-08-05,11.02347912569971,82083,9.546773938861252,0.19062171143768586,0.3812434228753716,89918.78797138206,89402.85946552859,2.8733919019533958,trailing_stop,137,2.8733919019533958,244.47643473102818,271.4520711224428
FE,2011-05-04,21.764635165401366,2011-08-05,21.95368435279191,41190,21.069855905012957,0.3473896301942043,0.6947792603884082,7786.936028616535,7246.7087543302205,0.2720996410929983,trailing_stop,93,0.2720996410929983,268.94559673886465,271.28167754744965
LULU,2011-06-24,53.263209999999994,2011-08-05,57.117824999999996,16004,49.415284266470934,1.9239628667645292,3.8479257335290598,61689.25846000004,61159.29703475804,1.0017384084138257,trailing_stop,42,1.0017384084138257,255.72732385199996,274.23410139
DINO,2011-07-01,17.81660978669776,2011-08-05,17.657354010010682,48146,16.21076282095772,0.8029234828700208,1.6058469657400423,-7667.528624376107,-8179.907462663004,-0.09917244923378313,trailing_stop,35,-0.09917244923378313,257.3395484371051,255.03928984979228
EQT,2011-07-14,26.749899150397024,2011-08-05,27.576798475948024,32272,25.503388172183204,0.6232554891069101,1.24651097821382,26685.695034181885,26159.72567844266,0.6633710733425714,trailing_stop,22,0.6633710733425714,258.98182361448386,266.9875321247384
RRC,2011-07-20,59.075462086112594,2011-08-05,56.11254619435294,7405,55.30854056849843,1.8834607588070817,3.766921517614165,-21940.39217848026,-22196.282338875313,-0.7865616201200453,stop_loss,16,-0.7865616201200453,131.23613902429912,124.65402137075505
DECK,2011-08-02,16.98863833333333,2011-08-05,16.143840000035432,50787,15.858242829715623,0.5651977518088535,1.1303955036177076,-42904.77295320037,-43409.582706335415,-0.7473475704691089,stop_loss,3,-0.7473475704691089,258.8405925105,245.96916062453985
EMB,2011-08-02,55.46322335886156,2011-08-08,53.74906922031189,15556,55.05311761353811,0.20505287266172392,0.4101057453234489,-26665.381779278723,-27175.05370628721,-4.1797857213576135,stop_loss,6,-4.1797857213576135,258.8357707711351,250.83615623735153
CROX,2011-06-17,24.044019999999996,2011-08-09,25.42455,34980,22.39168283180381,0.8261685840980931,1.652337168196187,48290.939400000134,47771.81622642013,0.8355013895300147,trailing_stop,53,0.8355013895300147,252.3179458799999,266.8052277
GLD,2011-07-14,154.96480999999997,2011-09-23,164.34548999999998,5570,151.56397646412614,1.7004167679369104,3.4008335358738293,52250.38760000007,51716.82008870007,2.7583472995803917,trailing_stop,71,2.7583472995803917,258.94619750999993,274.62131378999993
EIX,2011-10-28,23.977240944199398,2011-11-02,23.35586448196666,17005,23.025550810515824,0.4758450668417867,0.9516901336835737,-10566.506740267725,-10807.976577599311,-0.6529188863476645,stop_loss,5,-0.6529188863476645,122.31989467683323,119.14994265475292
ESS,2011-10-28,92.92133048678899,2011-11-02,88.168689494864,4388,87.16877386171234,2.876278312538326,5.75255662507665,-20854.588672566864,-21092.975574870714,-0.8261789151639449,stop_loss,5,-0.8261789151639449,122.32163945280902,116.06526285103897
BMRN,2011-10-31,35.18514999999999,2011-11-03,32.37759,11573,32.58242020626404,1.3013648968679752,2.6027297937359535,-32491.891879999945,-32726.462957005944,-1.0786982216736485,stop_loss,3,-1.0786982216736485,122.15932228499997,112.411754721
DECK,2011-10-31,19.381028333366967,2011-11-10,18.040274999965206,21011,17.624005401915042,0.878511465725963,1.7570229314519246,-28170.568288104394,-28406.445989405387,-0.7630824330185734,stop_loss,10,-0.7630824330185734,122.16443589371201,113.71326540728067
WMT,2011-11-09,14.572489044546042,2011-11-17,14.048903463679851,55973,14.106515226725826,0.23298690891010812,0.46597381782021685,-29306.655717823327,-29787.263278682203,-1.1236373393584151,stop_loss,8,-1.1236373393584151,244.6997787871127,235.9077820717657
EMB,2011-11-09,55.825627982271534,2011-11-17,55.24176464613762,14611,55.07932277742349,0.37315260242401943,0.7463052048480421,-8530.827204252651,-9017.668906360757,-0.7823385557826825,stop_loss,8,-0.7823385557826825,244.70047513469086,242.14122697341503
PII,2011-10-28,44.24888925913731,2011-11-22,40.31593670485941,9214,40.65826864166666,1.795310308735323,3.5906206174706483,-36238.22483511654,-36471.97892704622,-1.0953406035551587,stop_loss,25,-1.0953406035551587,122.31277969010735,111.44131223957238
TDG,2011-11-09,41.58581044159031,2011-11-22,39.739393828166264,9807,39.012809201060186,1.286500620265063,2.5730012405301252,-18107.80772784963,-18347.07461133168,-0.7176120183461796,trailing_stop,13,-0.7176120183461796,122.34961290020286,116.91727058184796
CDNS,2011-10-28,11.15114,2011-11-23,10.47951,36565,10.37600366520817,0.38756816739591476,0.7751363347918296,-24558.150950000014,-24795.428365175016,-0.866466929563266,trailing_stop,26,-0.866466929563266,122.32243023000001,114.95498494499999
FAST,2011-10-28,6.76021155847334,2011-11-28,6.831167730506141,60314,6.3416638517254045,0.20927385337396798,0.41854770674793595,4279.650559986314,4033.7254248556615,0.16952947271918165,trailing_stop,31,0.16952947271918165,122.32061998132833,123.6045151493242
TSLA,2011-11-14,2.2022000000331454,2011-12-09,2.0339639999672365,370774,1.9974121282715531,0.10239393588079615,0.2047878717615923,-62377.5346884373,-62848.732529718145,-0.8215134940303693,stop_loss,25,-0.8215134940303693,244.95555084368684,226.24229043715565
BF-B,2011-12-06,15.827467512356426,2011-12-14,15.170828782617962,25674,15.119253862058669,0.354106825148879,0.7082136502977576,-16858.542747305335,-17097.297825028487,-0.9271760427978063,stop_loss,8,-0.9271760427978063,121.90632027367167,116.84875744948008
LLY,2011-12-07,28.656141407324444,2012-01-09,29.08682256165568,28392,27.574070748420667,0.541035329451889,1.0820706589037776,12227.899333772442,11736.067863870257,0.3980157402729591,trailing_stop,33,0.3980157402729591,244.0815500510267,247.7499198511584
BMRN,2012-01-10,37.33729999999999,2012-01-17,35.20476,21751,35.343984885181676,0.9966575574091594,1.9933151148183157,-46384.87753999982,-46858.23624411782,-1.0698458984967691,stop_loss,7,-1.0698458984967691,243.63708368999994,229.72162042800002
JAZZ,2012-01-10,49.1491,2012-01-19,46.953,16524,45.315534984702424,1.9167825076487879,3.833565015297573,-36288.3563999999,-36764.753730119905,-0.5728610291560494,stop_loss,9,-0.5728610291560494,243.64191851999996,232.75541160000003
LNT,2011-11-09,12.968355759224856,2012-01-20,13.292747963693524,31448,12.395883654896725,0.28623605216406534,0.5724721043281313,10201.48604613065,9953.72828916715,0.5666515486363878,trailing_stop,72,0.5666515486363878,122.348655574831,125.40910138867018
ETR,2011-12-06,20.08103951935033,2012-01-20,19.56381852028445,20236,19.311112146063454,0.38496368664343833,0.7699273732868761,-10466.484137097163,-10707.160141284177,-0.6717789456657796,trailing_stop,45,-0.6717789456657796,121.90797471407198,118.76802947294284
HUM,2012-01-09,82.01141453908878,2012-01-26,79.09230875321427,9908,78.26495161133083,1.8732314638789718,3.746462927757946,-28922.500126444615,-29401.364833558655,-0.7791631312421481,stop_loss,17,-0.7791631312421481,243.77072857598745,235.09397853805407
M,2012-01-06,19.6624715679173,2012-01-27,19.177861620730287,20648,18.558068357417667,0.5522016052498171,1.1044032104996333,-10006.226189517465,-10246.818749421223,-0.43879802465240564,trailing_stop,21,-0.43879802465240564,121.79721388030693,118.79534602345167
USB,2012-01-17,18.259954185513564,2012-01-27,17.476195426076014,22286,17.400391730629096,0.4297812274422349,0.8595624548844683,-17466.847712825238,-17705.772461898403,-0.9118113000211172,stop_loss,10,-0.9118113000211172,122.08240169350658,116.84234737965902
KEX,2011-10-28,62.80273999999999,2012-02-13,65.78415,12984,58.464665805385266,2.169037097307364,4.338074194614727,38710.62744000005,38209.75578607205,0.6872657926646617,trailing_stop,108,0.6872657926646617,244.62923284799996,256.24242108
KLAC,2012-01-19,2.978031128451843,2012-02-14,2.9168224127828646,138546,2.8239209486063928,0.07705508992272522,0.15411017984545028,-8480.22272107429,-8725.235234691461,-0.3971750323720454,trailing_stop,26,-0.3971750323720454,123.7782902167467,121.23422340042443
REGN,2012-02-14,112.45209771475106,2012-02-17,104.82486796529844,3883,104.98389003323663,3.734103840757213,7.4682076815144285,-29616.53311712454,-29869.63905444523,-1.021293203767192,stop_loss,3,-1.021293203767192,130.9954486279135,122.11048869277613
GILD,2012-01-11,15.230556531095958,2012-02-21,16.059179849718177,53462,14.573605359351511,0.32847558587222364,0.6569511717444474,44299.85986018106,43798.01629426373,1.2613164482558399,trailing_stop,41,1.2613164482558399,244.27680397963562,257.56676193769
CAG,2012-01-11,12.334861650924495,2012-02-23,12.1106552667552,66012,11.9826811734604,0.1760902387320474,0.35218047746409553,-14800.311831783454,-15284.421070614415,-0.636623545358649,trailing_stop,43,-0.636623545358649,244.27466619024835,239.8345726407133
FNF,2012-01-20,7.2666608629394425,2012-02-23,7.340275730833412,56866,6.944076339197724,0.16129226187085907,0.3225845237417184,4186.183077658453,3936.9916607560067,0.22820334664569936,trailing_stop,34,0.22820334664569936,123.96778098957431,125.22363591287186
BC,2012-02-17,20.037224680274356,2012-02-24,19.339281081109217,21902,18.827883470640476,0.6046706048169407,1.2093412096338803,-15286.36070891488,-15545.087977670628,-0.5771271115258173,stop_loss,7,-0.5771271115258173,131.6565884842107,127.07068027153623
UNG,2012-02-23,223.52329999999995,2012-02-29,200.49929999999998,3870,201.7983518491962,10.862474075401876,21.724948150803755,-89102.87999999989,-89595.1702385999,-1.0597953946853567,stop_loss,6,-1.0597953946853567,259.5105512999999,232.77968729999998
GTLS,2012-02-24,66.61654999999999,2012-02-29,69.30063,13106,62.099033228681314,2.2587583856593376,4.517516771318675,35177.552480000115,34643.15331167612,0.5941494267472345,stop_loss,5,0.5941494267472345,261.92295128999996,272.47621703399994
CNC,2012-01-10,10.985974999999998,2012-03-05,11.580907499999999,73925,10.360766190308228,0.3126044048458853,0.6252088096917703,43980.38506250004,43479.90802585629,0.9515740833743273,trailing_stop,55,0.9515740833743273,243.6414605625,256.83557608124994
JBL,2012-01-20,20.062930682885,2012-03-07,21.635999680078676,20596,18.903309551941668,0.5798105654716655,1.1596211309433322,32398.929066200955,32141.279715274275,1.3565370233586647,trailing_stop,47,1.3565370233586647,123.96483610340985,133.68451482327012
WCC,2012-01-27,61.85461452810115,2012-03-07,60.50182840364969,6666,58.25511943918674,1.7997475444572033,3.5994950889144093,-9017.672305593449,-9262.360720168364,-0.3758266343014949,trailing_stop,40,-0.3758266343014949,123.69685813329669,120.99155644161864
EXPE,2012-01-19,28.24868907352167,2012-03-12,28.97797596985928,29211,26.389152975597487,0.929768048962092,1.8595360979241846,21303.19952891789,20801.70509514323,0.39218754459874033,trailing_stop,53,0.39218754459874033,247.55173695799243,253.94269681666782
DPZ,2012-02-29,30.391121873925268,2012-03-26,31.404362841370695,28955,28.911348569105435,0.7398866524099167,1.4797733048198332,29338.392212382325,28801.605734402907,0.6847271566159194,trailing_stop,26,0.6847271566159194,263.99248015785184,272.79399782156656
DHI,2012-01-12,12.185417134529681,2012-04-04,12.544581621634155,33437,11.357479161808259,0.41396898636071067,0.827937972721422,12009.382955312294,11761.31386478934,0.43380603250253713,trailing_stop,83,0.43380603250253713,122.23313781818068,125.83595270477439
MSI,2012-02-21,39.82108173331051,2012-04-05,39.45653088102168,21852,38.2827596184989,0.7691610574058025,1.5383221148116064,-7966.165224215496,-8485.877541470012,-0.236979530345941,trailing_stop,44,-0.236979530345941,261.0510834108903,258.6612338436257
CTAS,2012-01-05,7.609277557115471,2012-04-10,8.046729030426079,106538,7.253978511722819,0.1776495226963259,0.3552990453926519,46605.20506356554,46104.81717461849,1.2312205140522312,trailing_stop,96,1.2312205140522312,243.20316371399042,257.1847252330601
MSFT,2012-01-09,21.889321215273768,2012-04-11,23.855839809547113,37122,21.098020383163263,0.39565041605525175,0.7913008321105046,73001.10325661514,72491.65769634611,2.485171902357766,trailing_stop,93,2.485171902357766,243.77261464601784,265.67294562300236
ICE,2012-02-13,23.057317075491216,2012-04-11,22.85272657567202,37489,21.919652103006136,0.5688324862425403,1.13766497248508,-7669.893247721883,-8186.229735653421,-0.1798336986435436,trailing_stop,58,-0.1798336986435436,259.3187279529271,257.0177599786105
LEN,2012-03-09,21.198758282023523,2012-04-11,20.987826203384877,20935,19.739537637617712,0.7296103222029053,1.4592206444058107,-4415.863066300043,-4680.815910160651,-0.1445511886412053,trailing_stop,33,-0.1445511886412053,133.13880139024874,131.81404247035874
ACN,2012-03-26,49.558585124561574,2012-04-11,48.492027532491676,18398,48.03380585737332,0.7623896335941251,1.5247792671882507,-19622.52657890199,-20163.70713040133,-0.6994832727734225,stop_loss,16,-0.6994832727734225,273.5336547365052,267.64689676283456
LVS,2012-04-10,38.59190352939071,2012-04-11,37.495585407398394,24019,36.57737395398713,1.0072647877017924,2.0145295754035857,-26332.4649721335,-26880.72859116532,-0.5442055234024971,stop_loss,1,-0.5442055234024971,278.08167926173064,270.18193977009065
AAPL,2012-01-26,13.434850297524282,2012-04-17,17.31294456959373,61584,12.968094649417438,0.23337782405342217,0.4667556481068438,238828.5576511248,238260.4859913958,8.308617769916568,trailing_stop,82,8.308617769916568,248.2115462168206,319.860113512158
BKNG,2012-02-29,24.79561710323743,2012-04-25,27.452726321825804,35489,23.657457871057773,0.569079616089829,1.1381592321796568,94298.14905848281,93741.8766205392,2.334567205943424,trailing_stop,56,2.334567205943424,263.99149661303795,292.2809413305828
MNST,2012-03-05,9.77976022023,2012-05-01,10.8224891775,89982,9.30376452134059,0.23799784944470445,0.4759956988894096,93826.83703306918,93270.68755147721,2.190626847475491,trailing_stop,57,2.190626847475491,264.0007152410207,292.14876635094146
SBUX,2012-03-12,19.80297510829822,2012-05-07,21.060103632110252,45036,19.156042375839615,0.3234663662293019,0.6469327324586054,56616.04019839866,56063.94731415274,1.9432136615416509,trailing_stop,56,1.9432136615416509,267.55403609319563,284.5388481527152
VRSN,2012-04-12,39.096283025359135,2012-05-07,39.864464285612,23456,37.956260663377904,0.5700111809906141,1.1400223619812309,18018.459640491237,17462.828653813398,0.6738299930519379,trailing_stop,25,0.6738299930519379,275.11272439284716,280.51826228499453
AIG,2012-04-05,24.497492858682257,2012-05-08,24.290084015542543,37792,23.16462631321106,0.6664332727355999,1.332866545471198,-7838.3949999360575,-8391.529031505268,-0.1556111103879421,stop_loss,33,-0.1556111103879421,277.7427750345959,275.39125653461514
CRUS,2012-04-27,27.48746,2012-05-08,25.544430000000002,17436,25.370456015369843,1.0585019923150776,2.1170039846301556,-33878.67107999994,-34156.070290211945,-0.9178206626471926,stop_loss,11,-0.9178206626471926,143.78140576799998,133.617804444
MDLZ,2012-05-01,19.23813165739291,2012-05-10,18.842445317031565,49738,18.801108498675493,0.21851157935870838,0.43702315871741604,-19680.647196892525,-20248.862718158704,-0.9054127509457665,stop_loss,9,-0.9054127509457665,287.05985771262255,281.1556635535548
VCIT,2012-05-07,51.3667769833218,2012-05-11,51.21596547183316,18383,51.04052602733561,0.16312547799309612,0.3262509559861897,-2772.368015695684,-3338.1015820616176,-0.462256151963658,stop_loss,4,-0.462256151963658,283.2826383853214,282.4509279806127
DKS,2012-03-07,32.73204054055026,2012-05-14,33.052984401829306,13269,31.27774168866577,0.7271494259422449,1.454298851884488,4258.604095311685,3996.733646523555,0.2206863196399881,trailing_stop,68,0.2206863196399881,130.29643377976842,131.57401500836193
SBAC,2012-04-12,47.001965939991166,2012-05-15,47.15393390491159,19511,45.32313779095311,0.8394140745190288,1.678828149038054,2965.0469635623836,2413.924235000214,0.09052026260549606,trailing_stop,33,0.09052026260549606,275.1166072365503,276.006121325619
TT,2012-05-10,28.381462368877358,2012-05-15,27.245296978956848,33210,26.965213047883115,0.7081246604971224,1.4162493209942433,-37732.05259926015,-38286.262002642616,-0.8022354348758968,stop_loss,5,-0.8022354348758968,282.7645095811251,271.44489380134706
VAL,2012-01-11,37.85869580024075,2012-05-16,43.14052189181013,10753,36.18174407626367,0.8384758619885411,1.6769517239770835,56795.47596264553,56534.18058629274,3.1496590009418526,trailing_stop,126,3.1496590009418526,122.12836678199666,139.16700957079033
SPG,2012-04-17,72.60657711826158,2012-05-17,73.41851876331292,12765,70.39417317805469,1.1062019701034493,2.2124039402068973,10364.43509908028,9805.23199440179,0.36699520837745564,trailing_stop,30,0.36699520837745564,278.0468870743827,281.1562176041068
ORLY,2011-10-28,5.055049999966773,2012-05-18,6.325002,161320,4.784684923337896,0.13518253831443808,0.27036507662887654,204868.65664536014,204317.90764876976,4.697174708612453,trailing_stop,203,4.697174708612453,244.64419979839195,306.10479679199995
YUM,2012-01-12,33.27065088874289,2012-05-18,37.1714898648744,12246,32.12911202390585,0.5707694324185228,1.1415388648370453,47769.67410170647,47510.88376500583,3.417175793386899,trailing_stop,127,3.417175793386899,122.22971723506362,136.56061946557557
MCK,2012-04-13,82.30779981757497,2012-05-18,79.59494177657682,11294,79.79537954712097,1.256210135226997,2.512420270454001,-30639.01871503318,-31187.577584102484,-1.0797787587137784,stop_loss,35,-1.0797787587137784,278.87528734190755,269.68358172739755
ECL,2012-05-08,55.41591498858647,2012-05-18,53.96171322998333,17049,53.84927305205837,0.7833209682640485,1.5666419365281001,-24792.685782424946,-25352.119537474464,-0.9282285407384518,stop_loss,10,-0.9282285407384518,283.4357803921232,275.9979746573958
EXR,2011-10-28,13.522687452598074,2012-05-21,17.077389232314527,30152,12.59787379785547,0.4624068273713019,0.9248136547426036,107181.36806201049,106904.57200834944,3.8436951719812207,trailing_stop,206,3.8436951719812207,122.32082162122114,154.47523203982428
EQIX,2012-01-10,79.90568597005958,2012-05-21,108.96051042084198,10163,75.52897322096561,2.188356374546985,4.376712749093969,295284.18089330156,294708.3467471253,6.638503853559294,trailing_stop,132,6.638503853559294,243.62444595411466,332.20970022210514
VRSK,2012-04-12,45.54134532364903,2012-05-21,45.39321930210431,20137,44.027536799638696,0.756904262005168,1.5138085240103365,-2982.813695846013,-3532.158494206652,-0.09784990584694837,trailing_stop,39,-0.09784990584694837,275.1198212346962,274.22497712594236
ALGN,2012-04-25,31.941909999999996,2012-05-21,29.93004,29008,29.599696395909735,1.1711068020451312,2.3422136040902615,-58360.324959999845,-58898.759417679845,-0.8589609404055292,stop_loss,26,-0.8589609404055292,277.97127758399995,260.46318009600003
CL,2012-05-16,36.59263690672187,2012-05-21,35.74328175737099,25638,35.80685030979021,0.39289329846583365,0.7857865969316649,-21775.76731905798,-22332.131803870983,-1.080897985111278,stop_loss,5,-1.080897985111278,281.44860750436055,274.9158773086432
PNW,2012-05-11,28.20488135080356,2012-05-22,27.906017546933327,33512,27.52095251559762,0.3419644176029707,0.6839288352059398,-10015.523795299261,-10579.64032845755,-0.43698085017901256,stop_loss,11,-0.43698085017901256,283.56059514843867,280.5559380098489
DRI,2012-05-17,30.541013162303024,2012-05-22,30.016091487169362,30635,29.21019597104845,0.665408595627287,1.3308171912545745,-16080.975517719731,-16637.525588000706,-0.3944355983550325,stop_loss,5,-0.3944355983550325,280.6871814681459,275.86288881283
STX,2012-01-13,10.32181972805967,2012-05-23,14.0339531261727,78937,9.598590457560656,0.3616146352495073,0.7232292704990151,293024.67404684814,292447.9025543098,5.132720078588251,trailing_stop,131,5.132720078588251,244.43204516215388,332.33944737620834
VRTX,2012-05-08,57.61756,2012-05-30,57.662279999999996,16397,53.14376852182925,2.236895739085374,4.473791478170746,733.2738399999688,166.20077905596884,0.009995995615397638,stop_loss,22,0.009995995615397638,283.426539396,283.64652154799995
TSCO,2012-01-13,6.575372735498348,2012-05-31,7.433469013769707,123914,6.210977913275326,0.18219741111151083,0.364394822223022,106330.14222571712,105809.37474076147,2.3548531042139085,trailing_stop,139,2.3548531042139085,244.43422114396267,276.33326381167785
CRUS,2012-05-30,29.279249999999998,2012-06-04,25.7742,31067,27.004082964669877,1.1375835176650602,2.2751670353301208,-108891.3883499999,-109404.4920093449,-1.5405682068927407,stop_loss,5,-1.5405682068927407,272.885537925,240.21812142000002
AAL,2012-05-25,11.473375405680805,2012-06-05,10.62180047766017,79570,10.441302699031723,0.5160363533245408,1.0320727066490818,-67759.81702260199,-68287.2509661132,-0.8251113730015364,trailing_stop,11,-0.8251113730015364,273.8809443090065,253.55299920222592
DAL,2012-05-30,10.06904107722449,2012-06-05,8.889431984619847,45169,9.34877244042988,0.3601343183973057,0.7202686367946107,-53281.76310385913,-53538.663684778265,-1.6377349121491964,stop_loss,6,-1.6377349121491964,136.4425549251459,120.45802599398814
TLT,2012-05-18,83.51962258437185,2012-06-07,84.45569999416551,10909,81.82322238870307,0.8482000978343859,1.6964001956687724,10211.668463439128,9661.935625236349,0.5518022293228033,trailing_stop,20,0.5518022293228033,273.3346688318737,276.39816937090546
IEF,2012-06-01,80.69232178079312,2012-06-07,79.4382501525416,5657,80.01384054889566,0.339240615948735,0.6784812318974645,-7094.283201018868,-7366.0407946469295,-1.8483512428845565,stop_loss,6,-1.8483512428845565,136.942939294184,134.81465433387837
LQD,2012-06-04,71.39976844897696,2012-06-07,70.73221978359385,12606,70.79162698267729,0.3040707331498334,0.6081414662996707,-8415.118475819467,-8952.633228917402,-1.097686479833237,stop_loss,3,-1.097686479833237,270.01964432034106,267.4951087775952
ED,2012-06-08,36.57530488796857,2012-06-21,36.549540677049926,12240,35.87587541108921,0.3497147384396805,0.6994294768793594,-315.3539416442135,-583.8683745589615,-0.036836038185861036,trailing_stop,13,-0.036836038185861036,134.30451954862062,134.20991336612732
KMB,2012-06-07,47.8796293100094,2012-06-22,48.264773320291155,18751,46.89143235475015,0.4940984776296224,0.988196955259248,7221.835336793211,6680.994228676981,0.3897441782551494,trailing_stop,15,0.3897441782551494,269.33727875759587,271.5038293586338
EIX,2012-06-08,26.851245380304047,2012-06-22,26.474025120216435,16674,26.176006194964014,0.33761959267001596,0.6752391853400326,-6289.770616700832,-6556.514284798535,-0.5586468739927367,trailing_stop,14,-0.5586468739927367,134.3152996413569,132.42836845634665
EFX,2012-06-15,41.332247859920805,2012-06-22,40.01717488250538,21963,39.745092836494656,0.7935775117130748,1.5871550234261491,-28882.947802974995,-29418.95101448257,-0.8285724822119851,stop_loss,7,-0.8285724822119851,272.3340479242322,263.6691635833397
EQIX,2012-06-18,129.1311251555028,2012-06-26,122.12283419281235,3542,120.72103430762861,4.205045423937084,8.410090847874173,-24823.36658984953,-25090.349047053052,-0.8333192933893135,stop_loss,8,-0.8333192933893135,137.21473359023727,129.7677236132824
DLTR,2012-06-07,52.71265999999999,2012-06-28,52.3476,8516,50.431095106367366,1.140782446816313,2.281564893632627,-3108.850959999937,-3377.258912247937,-0.16000421509762844,trailing_stop,21,-0.16000421509762844,134.670303768,133.73764848
ROST,2012-01-06,20.972839992510412,2012-06-29,26.11662317096056,38717,20.033687543483175,0.4695762245136191,0.9391524490272367,199151.8533200543,198604.90449646427,5.4770481446095545,trailing_stop,175,5.4770481446095545,243.6016337970077,303.347189793024
BF-B,2012-06-27,19.15692033820511,2012-06-29,18.968477658296305,47486,18.501373146692092,0.32777359575650966,0.6555471915130191,-8948.3890981496,-9491.51589292816,-0.2874586030547648,stop_loss,2,-0.2874586030547648,272.9056557540024,270.2211390245575
DUK,2012-06-04,37.45598062151719,2012-07-06,37.810043519599155,24030,36.61448252296912,0.42074904927403745,0.8414980985480724,8508.13144090958,7965.538672876272,0.4207530577821463,trailing_stop,32,0.4207530577821463,270.0201643005175,272.57260373279036
HCA,2012-06-29,23.853939425339977,2012-07-09,22.78338436330121,38056,22.389922156991847,0.7320086341740648,1.4640172683481296,-40741.04344094734,-41273.4924391775,-0.7312448324101322,trailing_stop,10,-0.7312448324101322,272.33565563122147,260.11334259893727
EXPE,2012-05-24,41.50075157267022,2012-07-11,41.655318839242575,21953,38.74129684842826,1.3797273621209778,2.759454724241955,3393.2152030629577,2845.5576389371413,0.05601369908861907,trailing_stop,48,0.05601369908861907,273.3197997824488,274.3377643433677
AAL,2012-06-22,12.511262983526821,2012-07-20,11.695280313133704,72173,11.260174191338212,0.6255443960943047,1.2510887921886091,-58891.917270282436,-59416.034925087406,-0.6522180323953399,trailing_stop,28,-0.6522180323953399,270.8926149930244,253.22503981193967
IT,2012-07-06,46.316269999999996,2012-07-24,44.545410000000004,19939,44.378196992650906,0.9690365036745441,1.9380730073490895,-35309.17753999984,-35852.684851255835,-0.9137220286774372,stop_loss,18,-0.9137220286774372,277.050032259,266.457278997
INCY,2012-07-10,25.87585,2012-07-24,24.35562,35593,23.9407533897923,0.9675483051038498,1.935096610207701,-54109.546390000054,-54645.91300351306,-0.7856093550992421,stop_loss,14,-0.7856093550992421,276.299738715,260.066874798
ECL,2012-06-08,56.11901030484583,2012-07-25,56.32850853010507,7978,54.28829159154044,0.9153593566526921,1.8307187133053873,1671.376841118207,1402.2449495386356,0.1144349613824545,trailing_stop,47,0.1144349613824545,134.31523926361803,134.81665231595346
ABT,2012-07-11,24.051872483553332,2012-07-25,23.61392948506236,38143,23.489809148846465,0.28103166735343316,0.5620633347068669,-16704.459791441117,-17249.89479678779,-0.7791701956851035,stop_loss,14,-0.7791701956851035,275.22317164205236,270.21183370462006
IEF,2012-07-24,81.09323174725189,2012-07-30,80.44313533427032,11225,80.46390990216017,0.3146609225458626,0.6293218450917237,-7297.332235718107,-7841.3059518651335,-1.0330110388696532,stop_loss,6,-1.0330110388696532,273.08145790887073,270.8922582381553
OKE,2012-07-30,17.900081420808686,2012-08-02,17.39757553521105,25913,17.251357884112007,0.3243617683483401,0.6487235366966786,-13021.435013491528,-13295.835468901929,-0.7746071433702125,stop_loss,3,-0.7746071433702125,139.15344295722466,135.2470124531772
DHI,2012-07-02,15.909293937133027,2012-08-03,15.36116544061481,28985,14.712844684477629,0.5982246263276991,1.1964492526553983,-15887.504471580518,-16159.416751099725,-0.458129331688495,stop_loss,32,-0.458129331688495,138.33926543034025,133.57301408886607
O,2012-06-07,20.04587146885072,2012-08-10,20.364268789506482,44788,19.42437381773643,0.3107488255571455,0.6214976511142893,14260.379197530288,13717.412388962899,0.5123065551171508,trailing_stop,64,0.5123065551171508,269.34434740406584,273.6224611633249
EW,2012-06-15,16.2529033333,2012-08-10,16.358625000033328,55855,15.449117301570189,0.4018930158649063,0.8037860317298122,5905.083695389989,5358.628620872489,0.1315296143002207,trailing_stop,56,0.1315296143002207,272.3417747044415,274.11329981305846
EXPE,2012-07-30,49.97721562956948,2012-08-15,47.65150432106274,18562,45.787437114642664,2.0948892574634064,4.1897785149268145,-43169.85330850211,-43713.508598419205,-0.5550917071680495,trailing_stop,16,-0.5550917071680495,278.3031229548206,265.35216696226996
WEC,2012-05-11,23.15550441408785,2012-08-17,24.437148902013305,20410,22.61928155316656,0.2681114304606456,0.536222860921292,26158.363998558532,25866.954182304045,2.3901339933986465,trailing_stop,98,2.3901339933986465,141.78115352745994,149.6286627270275
AEE,2012-06-12,20.722167935656913,2012-08-17,21.068138848702613,21705,20.166237459409466,0.27796523812372415,0.5559304762474468,7509.2986676569335,7237.1810850305765,0.6223276611511179,trailing_stop,66,0.6223276611511179,134.93239651302997,137.18518611332706
PNW,2012-06-07,29.668642372639983,2012-08-21,30.70196423612191,15130,28.933315644108514,0.3676633642657339,0.7353267285314686,15634.159794481553,15360.137611084381,1.4052554101298458,trailing_stop,75,1.4052554101298458,134.66596772941287,139.35621566775734
DG,2012-06-01,41.756017979546044,2012-08-23,42.83446454057651,21866,40.01397178586902,0.8710230968385124,1.7420461936770266,23581.312503492212,23026.41585625671,0.6190688656505343,trailing_stop,83,0.6190688656505343,273.91112674222614,280.9855204932738
MO,2012-06-08,13.786078996377654,2012-08-23,14.438740455671754,64952,13.461466719549366,0.162306138414144,0.3246122768282884,42391.66710407037,41841.689562155516,2.010587725366102,trailing_stop,76,2.010587725366102,268.6300208918164,281.3475210230376
DTE,2012-06-12,30.84727616773258,2012-08-24,31.10335183090256,14580,30.117665839259114,0.36480516423673237,0.7296103284734663,3733.583169018313,3462.611122152283,0.350975929446828,trailing_stop,73,0.350975929446828,134.9259859576623,136.0460609083678
JCI,2012-08-17,20.781235805028107,2012-08-27,20.154492343009,44392,20.008520003596082,0.3863579007160115,0.7727158014320246,-27822.395765952188,-28367.561419136484,-0.8110918152024371,stop_loss,10,-0.8110918152024371,276.7561859570423,268.4094672272567
EQIX,2012-07-27,134.16345189755828,2012-09-13,154.42567683554907,3414,124.82486152778209,4.669295184888094,9.338590369776185,69175.23593830057,68879.66295265211,2.169730562716224,trailing_stop,48,2.169730562716224,137.41020743347917,158.16277821496934
AMGN,2012-07-30,57.089302557829186,2012-09-17,55.78284711762953,8125,54.870514678469576,1.1093939396798052,2.21878787935961,-10614.950451622204,-10890.076316456136,-0.5888149346555505,trailing_stop,49,-0.5888149346555505,139.15517498470865,135.970689849222
STZ,2012-08-15,26.02858708489528,2012-09-17,27.14966342536555,35288,24.780735284401246,0.6239259002470157,1.2478518004940327,39560.541902514924,38997.575671313105,0.8984050349780556,trailing_stop,33,0.8984050349780556,275.5490343155354,287.41719688628984
LPX,2012-08-14,11.01175064425735,2012-09-19,11.836457378867221,83360,10.144087709292146,0.43383146748260265,0.867662934965205,68747.55339707882,68176.16541083652,0.9504920648050306,trailing_stop,36,0.9504920648050306,275.3818601115878,296.0061261307115
USB,2012-09-14,22.237789158759835,2012-09-21,21.81191960412618,21446,21.644175716066233,0.29680672134680147,0.5936134426936022,-9133.198468673329,-9416.605484911985,-0.7174189868430404,stop_loss,7,-0.7174189868430404,143.07348788962904,140.33352834902703
KDP,2012-06-13,5.399736411186725,2012-09-24,5.476145185494236,167823,5.227237963409285,0.08624922388871996,0.17249844777744006,12823.149730609312,12275.582807449375,0.4429534021436184,trailing_stop,103,0.4429534021436184,271.85998912037695,275.7069340395597
CRUS,2012-08-24,41.96192,2012-09-25,40.41954,21742,39.12808061612841,1.4169196919357971,2.8338393838715916,-33534.42596000003,-34071.767270996024,-0.5442722014445299,trailing_stop,32,-0.5442722014445299,273.70081939199997,263.640491604
DOC,2012-06-15,20.523749283005646,2012-09-26,21.419367839590066,22116,19.768732012356985,0.3775086353243311,0.7550172706486613,19807.499997421037,19529.21580393604,1.1862226089410688,trailing_stop,103,1.1862226089410688,136.17097174288585,142.11322174211216
KIM,2012-08-02,10.275894903114184,2012-09-26,10.58399432082699,44459,9.893992797079866,0.19095105301715834,0.3819021060343175,13697.792012093683,13419.569067591523,0.8067497215768725,trailing_stop,55,0.8067497215768725,137.05680344926606,141.16614105289415
SNA,2012-07-20,48.71513654732756,2012-09-27,52.176845908979644,9445,46.275343394391776,1.2198965764678935,2.439793152935785,32695.844920803927,32409.967488513983,1.4188536259668711,trailing_stop,69,1.4188536259668711,138.03433940685264,147.84309288309382
TOL,2012-08-23,29.68388385584811,2012-09-27,30.744187511490722,15464,27.778696430888257,0.9525937124799263,1.905187424959852,16396.535730857373,16116.197822170016,0.5565350903284264,trailing_stop,35,0.5565350903284264,137.70947398405056,142.62843470330776
DHI,2012-09-17,19.000265758000495,2012-09-27,17.910279092140765,25140,17.907852070795975,0.5462068436022604,1.0924136872045196,-27402.264779713605,-27680.64410897337,-0.9977782946394597,stop_loss,10,-0.9977782946394597,143.30000434683973,135.07932491292564
KBH,2012-09-24,12.966105977995845,2012-09-27,12.193154303084684,36653,11.941008229333715,0.5125488743310654,1.0250977486621302,-28330.99774051877,-28607.646450643504,-0.7540272875635041,stop_loss,3,-0.7540272875635041,142.57400472344452,134.07470540128887
LII,2012-09-24,42.843489874238585,2012-09-28,40.98159639224,22185,40.76397470149541,1.03975758637159,2.0795151727431787,-41306.10689813861,-41864.004759785166,-0.895349794222699,stop_loss,4,-0.895349794222699,285.14484685799493,272.7530147885533
HCA,2012-09-19,26.160060457396362,2012-10-05,25.955956651034903,36048,24.872606972261906,0.643726742567229,1.2874534851344563,-7357.534011717885,-7921.137467135304,-0.15853295572860526,stop_loss,16,-0.15853295572860526,282.9053578104672,280.6980976069518
RGLD,2012-09-17,79.9538704039618,2012-10-12,77.05897624391982,11948,76.10089783377008,1.9264862850958604,3.8529725701917243,-34588.19542418164,-35150.99227170631,-0.751340453975237,trailing_stop,25,-0.751340453975237,286.58665307596067,276.2101944487062
TJX,2012-01-06,13.691499930700827,2012-10-15,17.855871821561557,29654,13.171301843069644,0.26009904381559157,0.5201980876311829,123490.2840515841,123209.63232300161,8.005357939364904,trailing_stop,283,8.005357939364904,121.80232168350071,158.84940689897593
COST,2012-06-29,68.35079499201035,2012-10-15,71.74641300278671,13281,66.33963890052759,1.0055780457413772,2.0111560914827606,45097.20280112084,44539.01349530717,1.6883910826995434,trailing_stop,108,1.6883910826995434,272.33007248666684,285.8592333270031
FLG,2012-10-05,22.012767696341104,2012-10-15,21.348699436912586,43290,21.317319058308755,0.34772431901617423,0.6954486380323495,-28747.51495066055,-29310.650324320115,-0.954877503689393,stop_loss,10,-0.954877503689393,285.8798140723819,277.2555595871837
PKG,2012-10-01,24.489299220432144,2012-10-17,23.94117348581256,38315,23.510392493097154,0.4894533636674948,0.9789067273349907,-21001.437521949414,-21558.121590471343,-0.559936630644905,stop_loss,16,-0.559936630644905,281.49224988925727,275.19181863267244
ABT,2012-10-16,26.7680051294931,2012-10-18,24.48398964663505,17642,26.059243615312784,0.35438075709015926,0.708761514180317,-40294.60114858176,-40565.85745613389,-3.2225444485364267,stop_loss,2,-3.2225444485364267,141.67234394835518,129.58396360378066
MDT,2012-08-21,29.3577695536125,2012-10-22,30.01909227492764,15695,28.47056081776305,0.44360436792472474,0.8872087358494483,10379.46011104114,10099.884157121458,0.7453969901254015,trailing_stop,62,0.7453969901254015,138.23105794318445,141.3448959764968
GE,2012-09-28,86.45343390904245,2012-10-22,82.83250316604992,10846,84.0574406044869,1.1979966522777716,2.395993304555546,-39272.61483849696,-39823.43742055189,-1.5112440990999372,stop_loss,24,-1.5112440990999372,281.30218325324233,269.5203988016932
IBB,2012-01-11,35.70284424025205,2012-10-23,44.3812437285185,11403,34.56307037868955,0.5698869307812493,1.139773861562496,98959.78936470233,98685.82970816997,7.614141524854224,trailing_stop,286,7.614141524854224,122.13585986147824,151.82379667088892
PEP,2012-05-16,44.59504334362621,2012-10-23,45.72243364193096,21037,43.62214350248002,0.4864499205730932,0.9728998411461873,23716.909705437098,23146.90707643355,1.1587937942065636,trailing_stop,160,1.1587937942065636,281.44377804595933,288.55885095759055
ACN,2012-10-01,53.945934576789945,2012-10-24,52.317375116068526,17393,52.05232613293814,0.9468042219259004,1.8936084438518037,-28325.534700327647,-28880.006023974016,-0.8600296782627108,stop_loss,23,-0.8600296782627108,281.48449202823224,272.9868316181339
DPZ,2012-10-17,35.64224834451322,2012-10-24,34.73084189740892,26686,34.09142815306234,0.7754100957254403,1.5508201914508817,-24321.792447425294,-24885.185333284076,-0.5876931781831036,stop_loss,7,-0.5876931781831036,285.34471179650393,278.04817406227636
WLK,2012-10-17,30.303399753112316,2012-10-24,29.588805774594537,31388,28.694139028053606,0.8046303625293547,1.6092607250587108,-22429.675797716063,-22993.64476184716,-0.44405108966523055,stop_loss,7,-0.44405108966523055,285.3489334352068,278.620030695892
AEP,2012-08-10,26.362861654963748,2012-10-25,26.790101996478594,34875,25.661677631839936,0.35059201156190645,0.7011840231238118,14900.006910330256,14343.89402812704,0.6093127159564586,trailing_stop,76,0.6093127159564586,275.82144006505825,280.2914421381573
SHW,2012-01-04,26.289015370772454,2012-10-26,40.80099593691738,30810,25.258931742674775,0.5150418140488394,1.0300836280976782,447114.12124292523,446494.00826840824,14.088157670212794,trailing_stop,296,14.088157670212794,242.9893690720498,377.1236054449273
FNF,2012-09-25,9.15020530417642,2012-10-26,9.376528260765838,103378,8.862894697171154,0.1436553035026331,0.2873106070052671,23396.814606300766,22822.23760755779,0.7877292068972173,trailing_stop,31,0.7877292068972173,283.77897718054504,290.7980215624352
RMD,2012-10-25,34.55543843307507,2012-10-31,33.051881904289736,27019,33.36186726785285,0.5967855826111076,1.1935711652222167,-40624.59385125087,-41172.59850770945,-1.2597125103180609,stop_loss,6,-1.2597125103180609,280.0960173069766,267.90863915160134
WRB,2012-10-24,8.744132547750903,2012-11-01,8.507948426279254,106771,8.494490194647973,0.12482117655146512,0.2496423531029297,-25217.61483364938,-25770.22141495283,-0.9460899504270724,stop_loss,8,-0.9460899504270724,280.0859328767735,272.5206484266787
RNR,2012-10-24,72.08476126230468,2012-11-01,71.87025745444717,12951,70.38056120475032,0.8521000287771784,1.7042000575543597,-2778.038815562628,-3337.347249782824,-0.12586773888820216,stop_loss,8,-0.12586773888820216,280.0709229324324,279.2375112877636
EG,2012-10-26,84.47021504379842,2012-11-01,82.18376161279448,10991,82.28493027742851,1.0926423831849494,2.1852847663699038,-25130.409660164245,-25679.917817394027,-1.0462954147628494,stop_loss,6,-1.0462954147628494,278.5236400639165,270.98451716586726
WMT,2012-06-11,17.36369015233672,2012-11-05,18.509435342334555,52064,16.900900301379455,0.23139492547863286,0.46278985095726455,59652.07757204733,59091.76805032096,2.475735342138343,trailing_stop,147,2.475735342138343,271.20694922737766,289.1025724989919
MAT,2012-10-17,29.415579241296964,2012-11-06,28.88356440177877,32336,28.482901520007555,0.46633886064470415,0.9326777212894086,-17203.231850660315,-17768.780183313065,-0.5704165837505948,stop_loss,20,-0.5704165837505948,285.3546511039736,280.1936815487755
MRK,2012-06-25,24.675698162091017,2012-11-08,27.72310789029443,36793,24.093214702931334,0.2912417295798422,0.5824834591596826,112123.34612978814,111544.97334846252,5.231753246005896,trailing_stop,136,5.231753246005896,272.3678887433444,306.0048925822809
LMT,2012-08-17,61.544122131828956,2012-11-08,60.03212623648195,7494,60.011873772954985,0.7661241794369871,1.5322483588739715,-11330.897239730464,-11604.2249613121,-0.9867825190285414,trailing_stop,83,-0.9867825190285414,138.36349537677785,134.96422620485873
PG,2012-10-26,47.5205054997933,2012-11-08,46.228699890702835,19538,46.384081015992706,0.5682122419002981,1.136424483800596,-25239.297990409545,-25788.7995828854,-1.136728069048832,stop_loss,13,-1.136728069048832,278.53669093648847,270.9649015393656
COF,2012-10-22,48.24296473070554,2012-11-09,45.743844354270095,19597,46.333045017221494,0.9549598567420213,1.9099197134840438,-48975.26201700536,-49527.81986629684,-1.3084949900205955,stop_loss,18,-1.3084949900205955,283.62521394829093,268.9326353431893
IFF,2012-10-23,55.41664056049731,2012-11-09,54.34997033065438,17009,53.75590216002912,0.8303692002340929,1.6607384004681833,-18142.993939398348,-18703.100024792628,-0.6422867259179527,trailing_stop,17,-0.6422867259179527,282.7744917880496,277.3315936062301
MCO,2012-10-31,41.27456905378376,2012-11-09,39.52308236105259,22430,39.449373451656484,0.9125978010636354,1.8251956021272733,-39285.84651796015,-39829.53391433058,-0.9596158848343733,trailing_stop,9,-0.9596158848343733,277.7365751629109,265.9508212075229
HCA,2012-11-08,29.516222932248002,2012-11-14,27.527051886016412,31216,27.452878524507067,1.0316722038704678,2.063344407740935,-62093.96337916531,-62628.162239183395,-0.9640518755710036,stop_loss,6,-0.9640518755710036,276.4135245159161,257.7853355021665
MTB,2012-08-28,60.71810628127598,2012-11-15,65.66926011678002,15138,58.822681232001415,0.9477125246372836,1.8954250492745643,74950.56676186022,74376.59117610009,2.6121601787414375,trailing_stop,79,2.6121601787414375,275.7452078657867,298.23037789434477
HON,2012-10-22,42.200213601281284,2012-11-15,40.60449659859804,22403,40.858463638770736,0.6708749812552751,1.3417499625105478,-35748.84801111272,-36305.370187895096,-1.1892804525945349,stop_loss,24,-1.1892804525945349,283.6234155928514,272.8987611895176
WSM,2012-08-23,15.596438740217952,2012-11-16,15.874626781192372,58865,14.817780622786845,0.3893290587155529,0.7786581174311067,16375.539031959257,15819.775750383911,0.35726596146226347,trailing_stop,85,0.35726596146226347,275.4253099328789,280.3379716424667
IRM,2012-10-12,13.925821751569138,2012-11-16,14.222924749245312,67401,13.458369240329683,0.2337262556197282,0.46745251123945586,20025.039146371764,19455.863047501345,0.6355789957966026,trailing_stop,35,0.6355789957966026,281.5842935632535,287.591805307165
HD,2012-11-14,45.9881306102647,2012-11-16,44.29241773007086,19742,44.34348183273715,0.8223243887637756,1.64464877752755,-33476.76368078675,-34011.45925638722,-1.0310486368664404,stop_loss,2,-1.0310486368664404,272.3693023523537,262.3262732481177
EFX,2012-11-14,44.56251353575893,2012-11-16,43.22752797922098,20373,43.10342617444132,0.7295436806588088,1.4590873613176143,-27197.660743347682,-27734.224698083086,-0.914945596768384,stop_loss,2,-0.914945596768384,272.36162647920503,264.2023282562007
HRL,2012-11-20,11.254286566168235,2012-11-21,10.811513751525526,80237,10.935322206112701,0.15948218002776704,0.3189643600555332,-35526.762328487006,-36057.91041451424,-1.3881576442133527,stop_loss,1,-1.3881576442133527,270.9030573628922,260.2450286643461
BMRN,2012-11-06,48.56852,2012-11-28,48.111839999999994,19239,45.19968432276535,1.6844178386173247,3.3688356772346495,-8786.066520000111,-9344.076553812112,-0.13556018866876796,trailing_stop,22,-0.13556018866876796,280.322926884,277.68710692799993
LAMR,2012-11-08,23.037860621911356,2012-12-04,21.714195675229554,39995,21.82780875675437,0.6050259325784932,1.2100518651569878,-52939.979542538684,-53476.93709001993,-1.0938910841727223,stop_loss,26,-1.0938910841727223,276.41977067200344,260.5377768092418
BAX,2012-11-05,27.57050322420845,2012-12-05,28.104405160043907,33812,26.775497070867505,0.39750307667047247,0.795006153340946,18052.292254468422,17487.54825378192,0.671569564074162,trailing_stop,30,0.671569564074162,279.6641565050809,285.0798441814214
ROP,2012-11-21,104.16345809716407,2012-12-05,100.66584664515891,8699,100.55407555018871,1.8046912734876788,3.609382546975354,-30425.722020992882,-30960.265057578923,-0.969033181294718,stop_loss,14,-0.969033181294718,271.83537659616906,262.70765998987116
LQD,2012-09-26,74.88097544132906,2012-12-13,75.28721322500529,12499,74.24313599346068,0.3189197239341877,0.6378394478683731,5077.566058169227,4514.4804011270735,0.6368966125156703,trailing_stop,78,0.6368966125156703,280.78119361235156,282.30446342980235
GME,2012-11-20,4.485639752182936,2012-12-21,4.5044767682444755,201312,4.191021159898585,0.1473092961421754,0.29461859228435117,3792.11737738058,3249.1718762924947,0.06393695630504763,trailing_stop,31,0.06393695630504763,270.9039329374354,272.04156815064954
CAG,2012-11-28,14.011491860871494,2012-12-24,14.10148115212594,64865,13.645381635316873,0.1830551127773104,0.36611022555462114,5837.15537721961,5290.090978873187,0.2457983551760145,trailing_stop,26,0.2457983551760145,272.6566258666289,274.40777247979474
RCL,2012-10-26,27.845853124902103,2012-12-26,28.145479712022997,33342,26.37861396725612,0.7336195788229926,1.4672391576459844,9990.14966778485,9430.090761950223,0.20421114414749555,trailing_stop,61,0.20421114414749555,278.5309304671458,281.5279753674812
PVH,2012-11-01,107.67854090808684,2012-12-27,105.99037774484239,8616,101.39619130555225,3.1411748012672964,6.282349602534595,-14545.213814514214,-15097.505235448307,-0.2687152530580867,trailing_stop,56,-0.2687152530580867,278.3274925392229,273.9639283948686
CPB,2012-11-14,23.71448319396731,2012-12-27,23.04071023303993,38285,23.080619711756526,0.316931741105393,0.6338634822107849,-25795.39780910474,-26332.40458321063,-1.0629622621221197,stop_loss,43,-1.0629622621221197,272.37269672431154,264.63407738158014
REGN,2012-11-21,170.78817489564364,2012-12-27,167.79113862624152,5306,157.6996291879289,6.544272853857359,13.08854570771473,-15902.274445447629,-16441.224996711764,-0.22898161005279488,trailing_stop,36,-0.22898161005279488,271.86061679888553,267.0899344652512
GILD,2012-11-13,25.673536108053533,2012-12-31,24.925365072763313,35436,24.291450497577777,0.6910428052378778,1.3820856104757553,-26512.18880654423,-27050.09560521726,-0.5413347983795859,trailing_stop,48,-0.5413347983795859,272.9302276574955,264.9765710155322
ILMN,2012-12-21,53.828093385201406,2013-01-08,49.33777237353972,17330,50.60572406725163,1.6111846589748893,3.222369317949777,-77817.263132097,-78353.62246817669,-1.3934842870582687,stop_loss,18,-1.3934842870582687,279.85225750966214,256.507078570033
ADI,2013-01-03,32.729719953897,2013-01-08,31.9226359390104,14387,31.5776858915646,0.5760170311662031,1.1520340623324046,-11611.517722173541,-11890.56375544292,-0.7005730483806895,stop_loss,5,-0.7005730483806895,141.26474429301487,137.78128897636282
COF,2013-01-08,49.34968335891735,2013-01-22,44.81383511344791,18925,47.34547349030039,1.0021049343084805,2.004209868616961,-85840.92804550925,-86375.54142163611,-2.2631603189338074,stop_loss,14,-2.2631603189338074,280.18282727025326,254.43054885660052
INGR,2012-12-06,47.255029571021254,2013-01-29,47.90425799538372,9562,45.60607326430017,0.8244781533605405,1.6489563067210824,6207.922193753933,5934.948261440944,0.39372081705029993,trailing_stop,54,0.39372081705029993,135.5557778274316,137.41815448555775
F,2012-12-31,6.944656545304315,2013-01-30,7.0515382333314784,131039,6.623674742487891,0.16049090140821168,0.32098180281642374,14005.669517391503,13455.455307112206,0.3329836367337359,trailing_stop,30,0.3329836367337359,273.00625471203966,277.2079555672571
ASH,2013-01-03,34.384206718745865,2013-01-30,32.59425124138717,27391,32.94686875295288,0.7186689828964915,1.4373379657929846,-49028.67048033203,-49579.05256292783,-1.2453267915811093,stop_loss,27,-1.2453267915811093,282.5453418699504,267.8367407258508
BALL,2012-11-20,19.3887407006822,2013-02-01,19.445431003594255,46574,18.768562753449935,0.31008897361613136,0.6201779472322642,2640.294167826097,2097.6953539396054,0.09140973677805542,trailing_stop,73,0.09140973677805542,270.9033628180718,271.69545106841963
EFX,2012-12-04,46.52238513891722,2013-02-08,48.48736780652763,19579,44.894808951657325,0.8137880936299482,1.6275761872598977,38472.39564914416,37914.336863268494,1.2073061052328058,trailing_stop,66,1.2073061052328058,273.2585335904581,284.80025228520134
VAL,2012-11-21,56.406752241060204,2013-02-13,58.077482572465904,16065,53.550219713301274,1.4282662638794634,2.8565325277589295,26840.28277403257,26288.52600434878,0.5848805554181659,trailing_stop,84,0.5848805554181659,271.8523424257897,279.90442725799943
SBAC,2012-06-27,52.467735227056835,2013-02-14,61.087019821185514,8669,50.45117256040487,1.0082813333259806,2.0165626666519643,74720.57814650152,74425.25629504755,4.274245842525195,trailing_stop,232,4.274245842525195,136.45283900500672,158.8690124489572
PPG,2012-07-20,43.26028007159279,2013-02-21,51.77200251110662,10636,41.25386417439349,1.0032079485996477,2.0064158971992967,90530.67986666912,90227.45085940424,4.242252292455977,trailing_stop,216,4.242252292455977,138.03490165243826,165.19410561243902
PHM,2012-07-27,10.136593051431808,2013-02-21,15.730866413960959,45197,9.133483569326364,0.5015547410527221,1.0031094821054438,252844.37316623004,252493.63369659282,5.57693199229583,trailing_stop,209,5.57693199229583,137.44307884366904,213.29639079353805
NVR,2012-12-13,930.93,2013-02-21,980.89812,982,887.8535733611782,21.538213319410865,43.07642663882177,49068.69384,48505.469275848,1.1599875825114803,trailing_stop,70,1.1599875825114803,274.25197799999995,288.97258615199996
TEX,2013-01-03,26.008153841478066,2013-02-21,28.227247312099422,36212,24.250653974406106,0.8787499335359801,1.7574998670719602,80357.81275814054,79768.62105416853,1.262642184046604,trailing_stop,49,1.262642184046604,282.54218007228116,306.6495238997233
DHI,2013-01-30,20.540329530705023,2013-02-21,19.188502941868904,46774,19.35494557061898,0.5926919800430214,1.1853839600860425,-63230.336866220605,-63787.819789242254,-1.1404124185533897,stop_loss,22,-1.1404124185533897,288.22601204075903,269.2569109808928
MAS,2013-02-13,14.518494545580566,2013-02-21,13.429807696353665,66836,13.764906781013545,0.3767938822835108,0.7535877645670208,-72763.47425492917,-73323.86007352175,-1.4446716101506956,stop_loss,8,-1.4446716101506956,291.1074304345268,269.278388158048
IJR,2013-02-20,35.46059345136938,2013-02-21,34.692184613920325,13783,34.81143629016689,0.32457858060124317,0.6491571612024885,-10590.979006560276,-10881.053728582441,-1.183702319520997,stop_loss,1,-1.183702319520997,146.62600786206724,143.44871416009917
EXP,2012-11-01,49.74617203677891,2013-02-26,57.69435907856271,18651,46.27884547948735,1.733663278645778,3.467326557291557,148241.63651630972,147640.47451256006,2.292309913835285,trailing_stop,117,2.292309913835285,278.344756397389,322.817247352282
LOW,2012-11-20,26.715138240924944,2013-02-26,28.50387753466307,33801,25.448129302999515,0.6335044689627151,1.2670089379254286,60461.17686764237,59901.23948197317,1.4117811170826986,trailing_stop,98,1.4117811170826986,270.89951630445125,289.0378693647439
AMG,2013-01-10,134.68950597381772,2013-02-26,138.67543019200284,3482,130.49579398113437,2.096855996341669,4.1937119926833475,13878.988127720582,13593.431115401765,0.9504525406463891,trailing_stop,47,0.9504525406463891,140.69665794025,144.86035437856617
MS,2013-01-22,15.981448794586857,2013-02-26,16.142333995626192,59128,15.180652821311902,0.40039798663747755,0.8007959732749548,9512.820167053795,8942.99565840788,0.20090660593780818,trailing_stop,35,0.20090660593780818,283.4853312978995,286.33917734801565
RJF,2013-01-29,24.57670968129727,2013-02-26,24.318156151861558,19595,23.835452301560714,0.37062868986827835,0.741257379736556,-5066.35640929278,-5353.784878093004,-0.3488039869870874,trailing_stop,28,-0.3488039869870874,144.47418786150598,142.95428093871817
VLO,2013-01-30,25.252710404115476,2013-02-26,25.271457196853515,38046,23.986914543115887,0.6328979304997937,1.2657958609995887,713.2404765114287,136.56773234748874,0.014810281274924323,trailing_stop,27,0.014810281274924323,288.2293860104933,288.4433581534467
CBRE,2013-02-08,23.89387,2013-02-26,23.40657,39967,22.84913129248427,0.5223693537578658,1.0447387075157302,-19475.919100000046,-20043.056105644046,-0.4664324165405388,trailing_stop,18,-0.4664324165405388,286.489890687,280.647114957
WELL,2013-02-21,38.29654130534451,2013-02-27,37.76105064315459,24568,37.53006478544472,0.38323825994989436,0.7664765198997898,-13155.934588682,-13716.509464379216,-0.6986393559191253,stop_loss,6,-0.6986393559191253,282.2608280369112,278.3140476603066
SNPS,2013-02-22,35.745709999999995,2013-02-28,35.13483,26108,34.739032985709045,0.5033385071454759,1.0066770142909505,-15948.855039999857,-16504.019781495856,-0.6068281994401807,stop_loss,6,-0.6068281994401807,279.97469900399994,275.19004249200003
AON,2013-02-21,51.644611903136166,2013-03-19,51.70794296986601,18218,50.28940228006292,0.677604811536621,1.355209623073243,1153.7653736843083,588.9023202814021,0.04673156510372698,trailing_stop,26,0.04673156510372698,282.2584618954004,282.60459150750575
BC,2013-01-03,25.543166586534166,2013-04-02,27.03044955609234,18436,24.238779342730496,0.6521936219018354,1.3043872438036708,27419.548826774473,27128.774670612835,1.140215819054752,trailing_stop,89,1.140215819054752,141.27414575680316,149.5000104048355
STWD,2013-02-28,6.595853046105937,2013-04-04,6.598059967907982,141914,6.3847519872600795,0.10555052942292845,0.21110105884585728,313.1931006154871,-248.5271908257443,0.010454337908636327,trailing_stop,35,0.010454337908636327,280.81316675552335,280.907124685708
RRC,2013-03-01,70.94414691435874,2013-04-04,70.98634190378132,13195,67.59964146621044,1.6722527240741485,3.344505448148297,556.7628854309861,-5.068954555621303,0.012616211896423951,trailing_stop,34,0.012616211896423951,280.83240556048906,280.99943442611834
KEX,2013-02-01,71.25118,2013-04-05,72.5274,13444,68.4047390025141,1.4232204987429469,2.8464409974858995,17157.501679999932,16577.61391114393,0.44835638649359255,trailing_stop,63,0.44835638649359255,287.37025917600005,292.51750968
CVLT,2012-11-01,62.53246999999999,2013-04-08,71.61831,14837,57.82996731996867,2.3512513400156605,4.702502680031323,134806.60808000006,134209.48954314206,1.9321286170834218,trailing_stop,158,1.9321286170834218,278.3382772169999,318.780259641
EG,2013-02-22,92.67051853783401,2013-04-08,94.1568898657423,10070,90.319834924748,1.1753418065430101,2.3506836130860194,14967.759272036454,14403.35367124925,0.6323144976354145,trailing_stop,45,0.6323144976354145,279.95763650279656,284.4479642844075
BRO,2013-03-19,13.635533330059314,2013-04-08,13.454845521125106,71078,13.247439276302305,0.19404702687850436,0.38809405375700834,-12842.928083425597,-13420.587067820943,-0.46557737018908013,trailing_stop,20,-0.46557737018908013,290.75593141018675,286.90305298515915
APTV,2013-02-28,31.580116075799346,2013-04-09,32.215923367631035,29640,30.313878764829433,0.6331186554849573,1.2662373109699132,18845.32812989127,18278.053747160287,0.5021233273758717,trailing_stop,40,0.5021233273758717,280.8103921460078,286.46399058497514
IP,2013-02-28,24.06565450403502,2013-04-16,25.453167594423086,19447,23.037550452876793,0.5140520255791143,1.028104051158227,26982.967068776707,26694.06930877209,1.349584304064302,trailing_stop,47,1.349584304064302,140.40143494199071,148.49632506262373
JBHT,2013-02-28,61.68482235261494,2013-04-16,62.796335357395385,7587,59.08393461778138,1.3004438674167782,2.600887734833556,8433.049167269262,8149.717604205509,0.4273590858590364,trailing_stop,47,0.4273590858590364,140.40082415678688,142.93073890696763
BBY,2013-04-05,15.738938495984236,2013-04-16,14.557084195822586,61660,14.530672267229484,0.6041331143773762,1.208266228754752,-72873.13614796732,-73433.55197572037,-0.9781406382430115,stop_loss,11,-0.9781406382430115,291.1388842987164,269.2769434543262
TSCO,2013-04-09,9.020578587953237,2013-04-16,8.758303282569125,107843,8.69534567854306,0.1626164547050886,0.32523290941017713,-28284.555758538747,-28859.75414580757,-0.8064230211504683,stop_loss,7,-0.8064230211504683,291.8418769981923,283.3565102706307
NOC,2013-04-08,57.18087623919997,2013-04-18,55.770202185996354,16881,55.616045385182794,0.7824154270085881,1.564830854017174,-23813.58869213021,-24385.606838598935,-0.9014866044992567,stop_loss,10,-0.9014866044992567,289.5811115381804,282.4370349305413
QQQ,2013-04-11,62.63707374938061,2013-04-18,61.160363949457725,7823,61.258042681969755,0.6895155337054278,1.3790310674108568,-11552.300764796742,-11842.840971332147,-1.0708314227433777,stop_loss,7,-1.0708314227433777,147.00294838242135,143.53725815298233
BAC,2012-12-06,8.1183103554159,2013-04-19,8.91941436518096,111318,7.702040665707697,0.2081348448541016,0.4162696897082032,89177.29615902698,88608.31452689278,1.924483164572031,trailing_stop,134,1.924483164572031,271.11422164325614,297.86741049096423
T,2013-04-05,13.329590704728297,2013-04-25,13.319060976015002,72806,13.026186568981727,0.15170206787328494,0.30340413574657,-766.6274287000947,-1348.6819489805537,-0.03470529064274036,trailing_stop,20,-0.03470529064274036,291.1422542545345,290.9122660259245
UNG,2013-04-19,238.23799999999997,2013-04-26,225.9738,4040,225.89159532672548,6.1732023366372415,12.346404673274492,-49547.367999999835,-50109.99270159983,-0.9933418128232525,stop_loss,7,-0.9933418128232525,288.74445599999996,273.8802456
VRSK,2013-02-28,55.62665896436596,2013-05-02,56.972442014815655,16827,53.488016145001055,1.0693214096824515,2.138642819364904,22645.49138991705,22077.07986826404,0.6292696649781583,stop_loss,63,0.6292696649781583,280.8089371180158,287.60258453499085
DTE,2013-04-17,39.034485719770025,2013-05-10,38.49050796011823,25006,38.205902246052766,0.41429173685863036,0.8285834737172593,-13602.707857852802,-14184.284855440586,-0.6565153384140742,trailing_stop,23,-0.6565153384140742,292.82890497257074,288.74809261521494
ADBE,2012-12-05,35.3353,2013-05-23,42.61734,25765,34.17914052200683,0.5780797389965822,1.1561594779931639,187621.76060000007,187019.22566912006,6.298473643653388,trailing_stop,169,6.298473643653388,273.12420134999996,329.41072952999997
CPT,2013-04-08,43.560994251685116,2013-05-24,43.274841927362885,22159,42.35154346585412,0.6047253929154963,1.2094507858309953,-6340.849354656312,-6918.107942823769,-0.2365969146281714,trailing_stop,46,-0.2365969146281714,289.58042148692715,287.67816668053024
EWJ,2013-04-08,34.547329343314864,2013-05-24,35.51642781833926,27941,33.68843241221152,0.42944846555167404,0.8588969311033452,27077.580490656637,26490.285059000504,1.1283059001962956,trailing_stop,46,1.1283059001962956,289.5860787544682,297.7093529016652
REGN,2013-05-02,241.22836749505333,2013-05-24,251.31013911884585,4058,225.55930664731585,7.834530423868742,15.669060847737484,40911.82924935005,40312.21287139829,0.6434190103517445,trailing_stop,22,0.6434190103517445,293.67141458847794,305.94496336328297
GME,2013-04-18,5.759760567732284,2013-05-28,5.77819136999158,167998,5.407488199786409,0.17613618397293782,0.3522723679458757,3096.337917957181,2514.832063067061,0.052319750103498326,trailing_stop,40,0.052319750103498326,290.2884767573665,291.21737813275365
CPB,2013-03-01,27.132305360244814,2013-05-30,29.3532335844841,34503,26.34489556548516,0.39370489737982783,0.7874097947596539,76628.68652092814,76044.01035586515,2.8205494000962936,trailing_stop,90,2.8205494000962936,280.84377955335805,303.8323855096365
KO,2013-04-17,28.149419412692012,2013-05-30,27.659845897340087,34676,27.29757800722696,0.42592070273252675,0.851841405465052,-16976.451218343343,-17557.023843510546,-0.5747237833369326,trailing_stop,43,-0.5747237833369326,292.8327802663525,287.73984490084945
XLP,2013-04-22,29.13806026614044,2013-05-30,29.044439584942783,16688,28.593157387216866,0.27245143946178707,0.5449028789235726,-1562.341927826485,-1853.626795080948,-0.17181168391438656,trailing_stop,38,-0.17181168391438656,145.87678491640548,145.40808233805754
GIS,2013-02-21,28.460216288268626,2013-05-31,30.000724814657,33060,27.86274515397191,0.2987355671483581,0.5974711342967147,50929.21188239969,50349.39626854088,2.5783815116050977,trailing_stop,99,2.5783815116050977,282.2684251470482,297.5471887117682
SPG,2013-04-08,82.87496674937736,2013-05-31,85.07895550798317,11647,81.00607050765393,0.9344481208617141,1.8688962417234336,25669.857071481787,25083.00927172234,1.1792996900530754,trailing_stop,53,1.1792996900530754,289.57342131899946,297.27437844044397
APH,2013-01-03,7.432722151932447,2013-06-06,8.458610535131918,63356,7.184946676163796,0.12388773788432542,0.247775475768651,64996.18440598565,64694.14102386916,4.140395170332946,trailing_stop,154,4.140395170332946,141.27226339734966,160.77111871914533
ECL,2013-02-28,66.90222994505042,2013-06-06,72.34860784968053,13991,64.74257846623183,1.0798257394092938,2.1596514788185885,76200.27326367989,75615.79572220407,2.5218781632346934,trailing_stop,98,2.5218781632346934,280.8087297483602,303.6688117274641
GT,2013-05-31,13.916571761909525,2013-06-06,12.964625855559275,73728,13.077477811266945,0.4195469753212896,0.8390939506425799,-70185.06778339125,-70779.63686477348,-1.1344926341338155,stop_loss,6,-1.1344926341338155,307.8123008586196,286.7567805236023
F,2013-05-30,8.623134291640548,2013-06-07,8.50761445603728,118348,8.254672742232158,0.18423077470419552,0.3684615494083907,-13671.5415039757,-14279.758459812754,-0.3135193775001765,stop_loss,8,-0.3135193775001765,306.1592091441227,302.05774669293
SNPS,2013-06-10,37.037,2013-06-14,36.52344,13766,35.92974435725904,0.5536278213704792,1.1072556427409594,-7069.666959999976,-7373.456865111975,-0.46381339609044986,stop_loss,4,-0.46381339609044986,152.9554026,150.834502512
BYD,2013-04-25,10.167786907714596,2013-06-17,10.879282879740227,95971,9.231319321130144,0.4682337932922264,0.9364675865844525,68282.97993127182,67677.00743090028,0.7597657219729802,trailing_stop,53,0.7597657219729802,292.74380319608326,313.2286971754648
BMY,2013-05-23,30.187316132894175,2013-06-20,29.885620466415084,33953,28.918560404156228,0.6343778643689735,1.268755728737947,-10243.47296396458,-10855.369888871483,-0.2377886141875339,trailing_stop,28,-0.2377886141875339,307.4849833980468,304.4119415088574
HSY,2013-02-28,60.459185423116246,2013-06-21,62.78872935528811,15482,58.99038978033019,0.7343978213930266,1.4687956427860556,36065.99915788483,35493.56189290505,1.5860231772972293,trailing_stop,113,1.5860231772972293,280.8087326162057,291.6285323635712
GWW,2013-04-17,192.39002688002748,2013-06-21,204.3495203569595,5073,184.10527906197518,4.142373909026147,8.284747818052296,60670.51040847609,60066.71249153611,1.4435555239077429,trailing_stop,65,1.4435555239077429,292.79838190871385,310.99953503125664
LRCX,2013-04-26,3.8687637268852497,2013-06-21,3.82960888406341,126337,3.6731689646318695,0.09779738112669016,0.19559476225338024,-4946.705377582773,-5238.482167747598,-0.20018349351869272,trailing_stop,56,-0.20018349351869272,146.63040088905055,145.1463892757757
DPZ,2013-05-24,50.64629358668879,2013-06-21,49.83424973623164,20227,48.74856746623252,0.9488630602281347,1.8977261204562694,-16425.210963196794,-17034.936948134608,-0.4279036061652098,trailing_stop,28,-0.4279036061652098,307.32677411338625,302.3992108244272
JAZZ,2013-05-29,66.3663,2013-06-21,65.84409,15630,62.37661848471911,1.9948407576404439,3.9896815152808855,-8162.142300000019,-8782.076818710018,-0.130890146995414,trailing_stop,23,-0.130890146995414,311.19158070000003,308.74293801
FHI,2013-06-07,16.33272808655752,2013-06-21,15.756758754449518,61233,15.588536977148337,0.3720955547045912,0.7441911094091829,-35268.3301129693,-35857.81077728992,-0.7739535246064242,stop_loss,14,-0.7739535246064242,300.030581677253,289.45008264336224
APD,2013-06-17,70.39197400056999,2013-06-21,68.54302536541859,14456,68.6511230630006,0.8704254687846948,1.740850937569391,-26728.401469748664,-27330.93477499908,-1.0620947464536732,stop_loss,4,-1.0620947464536732,305.27591284567194,297.2573924047473
WHR,2012-10-24,59.6377799666048,2013-06-24,70.24360318179704,15654,56.71076401971291,1.4635079734459464,2.927015946891892,166023.5566106193,165413.6076590778,3.623425156413731,trailing_stop,243,3.623425156413731,280.07094227916946,329.8780092623553
DOV,2013-05-24,42.423250734909914,2013-06-24,40.98277778832898,24148,40.90233398324495,0.7604583758324799,1.5209167516649629,-34784.54071403636,-35388.76734707011,-0.9471083443614072,stop_loss,31,-0.9471083443614072,307.3309976239814,296.8956354097705
VFC,2013-06-20,31.76495079492386,2013-06-24,30.531095354957603,32328,30.658685159461687,0.5531328177310864,1.1062656354621723,-39888.07866322911,-40492.25063720912,-1.115333786401834,stop_loss,4,-1.115333786401834,308.0691987894896,296.10277519052084
HPQ,2013-05-24,7.8225716376750105,2013-06-25,7.578461928653474,130961,7.378623252020814,0.22197419282709818,0.44394838565419636,-31968.85160316944,-32573.932030233424,-0.549860562420606,trailing_stop,32,-0.549860562420606,307.3355412724671,297.74488579151625
AMAT,2013-05-31,12.800439347050288,2013-06-25,12.715916088245411,40078,12.247804091187518,0.27631762793138476,0.5526352558627696,-3387.52316638186,-3694.3165143225942,-0.1529458316460827,trailing_stop,25,-0.1529458316460827,153.90480244532444,152.88854549540986
TDG,2013-06-24,76.18271513925444,2013-07-03,71.59672715477625,13109,72.78189787990345,1.7004086296754959,3.400817259350987,-60117.71648852465,-60698.88870123439,-1.3484958569498045,stop_loss,9,-1.3484958569498045,299.6037638281459,281.56844888158855
MU,2013-06-07,12.259790924521377,2013-07-10,12.595730508104364,81576,11.509490585822942,0.3751501693492177,0.7503003386984357,27404.607470365678,26796.323265449315,0.44774014652019045,trailing_stop,33,0.44774014652019045,300.03141133762676,308.2527935787365
UPS,2013-07-10,56.3797191994924,2013-07-15,53.75599029661423,9166,54.87547091063728,0.7521241444275566,1.5042482888551163,-24049.09912378131,-24351.950297753705,-1.744212655794404,stop_loss,5,-1.744212655794404,155.0329518547642,147.81822211762977
RGA,2013-07-02,54.47063218740629,2013-07-22,53.31125444718138,9334,52.73808285406884,0.8662746666687215,1.7325493333374453,-10821.63182725926,-11123.442666213432,-0.6691744459544892,stop_loss,20,-0.6691744459544892,152.5286642511751,149.2821747029973
TT,2013-07-22,40.81893216214642,2013-07-24,39.50914557974693,12836,39.23541920974316,0.7917564762016277,1.5835129524032538,-16812.420571679846,-17121.74793344833,-0.8271397972537342,stop_loss,2,-0.8271397972537342,157.18554396999343,152.14181779848948
AVGO,2013-05-31,2.7675082611627815,2013-07-25,2.715850702464037,370747,2.635950685272516,0.06577878794513273,0.13155757589026562,-19151.88491488349,-19761.766580589814,-0.3926612234162258,trailing_stop,55,-0.3926612234162258,307.81361559039533,302.0680501159303
BKNG,2013-07-09,34.95460570453785,2013-08-01,34.65937513335903,29559,33.67489974683285,0.6398529788525005,1.2797059577049978,-8726.720453474738,-9344.036351350956,-0.23070188069475053,trailing_stop,23,-0.23070188069475053,309.96695700613026,307.34894087008786
CME,2013-05-30,39.08255949393617,2013-08-02,41.89504106196,26112,37.603250772481225,0.7396543607274717,1.4793087214549416,73439.51870423836,72805.17257252369,1.9012134027423835,trailing_stop,64,1.9012134027423835,306.1571380516984,328.18899366296984
CBOE,2013-06-27,38.11566521884709,2013-08-08,39.68473131681054,26190,36.73513787949653,0.6902636696752817,1.3805273393505644,41093.84110566276,40482.5633900821,1.1365701013219913,trailing_stop,42,1.1365701013219913,299.4747816244816,311.8029339561804
MUR,2013-08-02,39.607230367041176,2013-08-08,39.04953335655195,27188,38.15356344774596,0.726833459647607,1.453666919295216,-15162.666321181137,-15804.22234881625,-0.38364841566293434,stop_loss,6,-0.38364841566293434,323.0524137657346,318.5036138693803
UNM,2013-06-24,19.666748435535183,2013-08-12,20.61947697779421,50782,18.785173492986917,0.44078747127413226,0.8815749425482657,48381.46083299793,47767.716303316025,1.0807119125971143,trailing_stop,49,1.0807119125971143,299.6150457160043,314.1294839659037
LYV,2013-08-08,18.398379999999996,2013-08-15,17.192790000000002,57528,17.479143397982288,0.45961830100885426,0.9192366020177083,-69355.18151999963,-69969.42816832763,-1.3115121801653076,stop_loss,7,-1.3115121801653076,317.52660139199986,296.720046936
KR,2013-07-03,14.023443038701162,2013-08-16,14.948231450429985,72473,13.457093091336661,0.2831749736822501,0.5663499473645004,67022.19056322299,66392.29131364774,1.6328922003653568,trailing_stop,44,1.6328922003653568,304.89629620313684,325.0029533721036
F,2013-07-03,8.83652403607863,2013-08-16,9.03590160502419,57506,8.421624287841874,0.2074498741183785,0.41489974823675624,11465.40647978333,11157.074967108152,0.48054396222912976,trailing_stop,44,0.48054396222912976,152.4459453656213,155.8855673095563
XLY,2013-07-09,25.387854012432918,2013-08-16,25.112409481518586,20348,24.717381184938766,0.3352364137470766,0.6704728274941516,-5604.7453150448155,-5913.019123517293,-0.4108213183579525,trailing_stop,38,-0.4108213183579525,154.9776160334955,153.29619243898205
IBB,2013-07-15,63.067413054414125,2013-08-16,61.01967747711022,8320,60.52704411136371,1.270184471525209,2.5403689430504173,-17037.16000316848,-17346.881381135165,-0.8060780237869817,trailing_stop,32,-0.8060780237869817,157.41626298381766,152.3051149828671
TEL,2013-07-25,35.61344639374011,2013-08-16,34.62502507829939,29474,34.490146702579736,0.5616498455801865,1.1232996911603763,-29132.729851299926,-29753.792463749993,-0.8799266333098328,trailing_stop,22,-0.8799266333098328,314.90121570272885,306.16139674733887
JAZZ,2013-08-08,82.01192999999999,2013-08-16,78.79113000000001,12905,77.73268077982537,2.1396246100873126,4.27924922017462,-41564.42399999978,-42186.973046789775,-0.7526553921691325,stop_loss,8,-0.7526553921691325,317.50918699499994,305.03985979500004
CIEN,2013-06-07,19.13912,2013-08-20,20.739240000000002,52254,17.840102648640894,0.6495086756795514,1.2990173513591046,83612.6704800002,82987.5293329682,1.2317926302723123,trailing_stop,74,1.2317926302723123,300.028672944,325.11247408800006
AYI,2013-07-03,78.20199340628201,2013-08-20,80.8188629522995,12996,74.44629180235263,1.8778508019646913,3.7557016039293813,34008.836620043214,33388.84610527238,0.696772486738456,trailing_stop,48,0.696772486738456,304.8939318924123,315.09658287842524
IJR,2013-07-09,39.19997718436229,2013-08-20,39.225426521292455,13178,38.095249066103115,0.5523640591295884,1.1047281182591746,335.3713620657223,25.324371055786827,0.02303674226222154,trailing_stop,42,0.02303674226222154,154.97318980065788,155.07380120927758
RTX,2013-07-24,38.88441056984598,2013-08-20,37.95406279310585,13492,37.75341190900911,0.5654993304184368,1.1309986608368732,-12552.252203777898,-12863.263608561781,-0.8225896360051669,trailing_stop,27,-0.8225896360051669,157.3885402225086,153.62286456137522
DHR,2013-07-10,42.228877876389625,2013-08-21,41.91669636157814,12238,40.8377934707853,0.6955422028021608,1.3910844056043246,-3820.4773782629513,-4129.409439520226,-0.2244159402217328,trailing_stop,42,-0.2244159402217328,155.03910223537684,153.89295902189798
CHTR,2013-02-27,87.4874,2013-08-28,120.74913000000001,10604,82.99658276453911,2.2454086177304378,4.490817235460881,352707.38492000016,352044.9428707642,7.406609589309294,trailing_stop,182,7.406609589309294,278.31491687999994,384.127132356
GEN,2013-08-01,9.747147192849582,2013-08-28,9.350384673449005,109047,9.373384360042772,0.1868814164034046,0.37376283280680944,-43265.762453074676,-43890.52102030195,-1.0615355101550594,stop_loss,27,-1.0615355101550594,318.8691479816005,305.8894192456781
LMT,2013-08-26,88.00586522702092,2013-08-28,85.92007472633897,12174,85.75084107910088,1.1275120739600186,2.2550241479200395,-25392.413555302086,-26027.625873199748,-0.9249526230598537,stop_loss,2,-0.9249526230598537,321.4150209821258,313.7972969155352
KRE,2013-06-27,24.957553702878588,2013-09-03,26.181587483929068,19999,24.20330617583233,0.37712376352312854,0.7542475270462567,24479.451587228545,24172.632081850057,1.6228542184870987,trailing_stop,68,1.6228542184870987,149.73783495116066,157.08167042732924
CFR,2013-06-28,45.85663192547129,2013-09-13,47.91365283023676,11008,44.561513059717406,0.6475594328769432,1.295118865753885,22643.686119658247,22334.019131280995,1.5882873450137565,trailing_stop,77,1.5882873450137565,151.43694127067639,158.23004710657386
CI,2013-06-24,63.835676493099164,2013-09-20,70.21153968730106,15645,61.30152152499931,1.2670774840499293,2.5341549680998554,99750.37967328858,99121.22906414588,2.515972098968597,trailing_stop,88,2.515972098968597,299.61274762036095,329.5378615223475
CPRI,2013-09-03,74.7747,2013-09-26,73.84608,14189,71.59603377123801,1.5893331143809897,3.1786662287619833,-13176.18917999993,-13808.82325422593,-0.29214139930686306,trailing_stop,23,-0.29214139930686306,318.29346548999996,314.340608736
BKNG,2013-08-12,37.888204805878274,2013-10-09,39.20202518777484,28329,36.308634023611816,0.7897853911332294,1.5795707822664582,37219.21759874771,36564.05086110065,0.8317578399439738,trailing_stop,58,0.8317578399439738,322.0004861837177,333.166251463342
TJX,2013-08-21,22.76699503496378,2013-10-09,23.079159877000635,46280,22.017949699605907,0.3745226676789363,0.7490453353578737,14446.988889465589,13810.460874667875,0.41675026503931134,trailing_stop,49,0.41675026503931134,316.09695906543715,320.4310557322768
INCY,2013-08-22,35.29525999999999,2013-10-09,35.764199999999995,29683,32.54492155261645,1.3751692236917694,2.750338447383541,13919.546020000103,13286.768634646103,0.17050265229943487,trailing_stop,48,0.17050265229943487,314.30076077399997,318.47662457999996
CPAY,2013-08-23,104.14403999999999,2013-10-09,103.80609,10252,99.07214478967353,2.5359476051632326,5.07189521032646,-3464.66339999992,-4104.23481982792,-0.0666318971480169,trailing_stop,47,-0.0666318971480169,320.305409424,319.266010404
NXPI,2013-08-29,33.167892264648394,2013-10-09,31.882182295972797,31983,31.43130891014002,0.8682916772541857,1.7365833545083724,-41120.86192815163,-41745.010888553334,-0.7403675529526093,trailing_stop,41,-0.7403675529526093,318.24260949007487,305.9063509116294
CRM,2013-09-03,48.65373086093451,2013-10-09,49.34190711343164,21806,46.09572247516351,1.279004192885497,2.5580083857709965,15006.371361952402,14365.303497451694,0.2690281456171652,trailing_stop,36,0.2690281456171652,318.28297654606143,322.7848879546471
MA,2013-09-13,61.80598694294802,2013-10-09,60.71310690032495,17634,59.71492528612443,1.0455308284117921,2.091061656823584,-19271.84667161513,-19919.997181864812,-0.5226436241402842,trailing_stop,26,-0.5226436241402842,326.9660321255836,321.18447812409903
GTLS,2013-08-15,117.11699999999999,2013-10-10,118.25163,9028,109.84566595793126,3.635667021034366,7.27133404206873,10243.43964000014,9605.96724250814,0.1560415177511509,trailing_stop,56,0.1560415177511509,317.19968279999995,320.272714692
CTSH,2013-10-14,38.7196025725555,2013-10-17,36.760029184904475,28766,37.251954803273044,0.7338238846412277,1.4676477692824577,-56369.08806916943,-57020.46219530996,-1.3351796177969013,stop_loss,3,-1.3351796177969013,334.1424262806395,317.2316998598887
GT,2013-08-29,17.718475883602338,2013-10-22,18.820478109606267,59871,16.73171908504831,0.4933783992770139,0.9867567985540262,65977.97527308123,65321.68815872302,1.1167921291434537,trailing_stop,54,1.1167921291434537,318.2468608881467,338.04025347007104
SYNA,2013-10-11,48.588539999999995,2013-10-28,44.90505,22732,45.519013709471636,1.534763145264178,3.0695262905283585,-83733.09467999982,-84370.68356636382,-1.2000190424711925,stop_loss,17,-1.2000190424711925,331.35440738399996,306.23447898000006
TSLA,2013-05-10,4.6479766666666675,2013-10-31,10.36762200003241,217162,4.183282444657552,0.23234711100455785,0.4646942220091157,1242089.6198843715,1241111.3746530742,12.30840639385773,trailing_stop,174,12.30840639385773,302.80917266600005,675.4360586313114
FLS,2013-10-28,55.44680556330685,2013-11-04,54.31214342453124,20454,53.33290783393232,1.0569488646872691,2.1138977293745356,-23208.37938651633,-23881.882249295504,-0.5367630245344633,stop_loss,7,-0.5367630245344633,340.2326882975635,333.27017448160865
CNX,2013-10-11,35.995487797037526,2013-11-07,35.50116965496177,30686,34.04584415914843,0.9748218189445467,1.9496436378890962,-15168.64650773663,-15826.830436908247,-0.25354281801517325,trailing_stop,27,-0.25354281801517325,331.36726156196806,326.8166676096471
A,2013-09-20,33.15209612143558,2013-11-08,32.58118255617512,33923,31.9457170563147,0.6031895325604382,1.2063790651208777,-19367.100874330397,-20036.061878104574,-0.4732455840513526,trailing_stop,49,-0.4732455840513526,337.38556701823774,331.57543675593854
HIG,2013-10-11,25.115104013016687,2013-11-08,25.425515177886172,43979,24.050620313114855,0.5322418499509161,1.0644836999018317,13651.572619795097,12984.754852376082,0.2916072504427376,trailing_stop,28,0.2916072504427376,331.3611478165383,335.4566196024768
HSIC,2013-10-16,42.713258823572225,2013-11-08,42.972670588217895,13125,41.506163923705216,0.6035474499335043,1.207094899867009,3404.7794109744123,3067.3910639154888,0.21490585758770916,trailing_stop,23,0.21490585758770916,168.18345661781564,169.20489044110798
AXON,2013-10-31,18.017999999999997,2013-11-08,15.96402,62172,16.528631660848244,0.7446841695758756,1.4893683391517527,-127700.04455999985,-128333.86360423184,-1.379094711500186,stop_loss,8,-1.379094711500186,336.06452879999995,297.75451543199995
META,2013-08-26,40.62521313497017,2013-11-12,45.59965815129475,26372,38.43612132562052,1.0945459046748234,2.189091809349648,131186.06397051184,130503.88727884342,2.272378433411811,trailing_stop,78,2.272378433411811,321.4104362386299,360.76625542978354
FITB,2013-11-11,13.273151583967236,2013-11-13,12.902906823723091,83999,12.828278993009793,0.22243629547872165,0.44487259095744314,-31100.1896157479,-31759.818434804172,-0.8322489804267632,stop_loss,2,-0.8322489804267632,334.4794379704992,325.1493810857748
AMAT,2013-09-26,15.167112739114632,2013-11-18,14.72999648651641,74110,14.519814911286758,0.3236489139139368,0.6472978278278738,-32394.685480054293,-33059.38790946775,-0.6752938659859965,stop_loss,53,-0.6752938659859965,337.21041752873566,327.4920118847193
BBY,2013-07-02,18.933975697147524,2013-11-20,24.925064368116445,53709,17.688099010826935,0.6229383431602942,1.2458766863205888,321775.3814290698,321068.6938742102,4.808733269311129,trailing_stop,141,4.808733269311129,305.0774702154289,401.6100846441498
L,2013-10-11,44.83324706563694,2013-11-21,44.37173606564271,24637,43.685640150599575,0.5738034575186826,1.1476069150373647,-11370.246506857893,-12029.569457679494,-0.4021507660392633,trailing_stop,41,-0.4021507660392633,331.36701238682923,327.95593843477184
GME,2013-06-21,7.367943999638118,2013-11-22,8.91604310907283,135683,6.774853909348377,0.29654504514487057,0.5930900902897411,210050.73146542985,209387.89339856847,2.6102258911094283,trailing_stop,154,2.6102258911094283,299.9114237108696,362.9266431504986
ADP,2013-11-20,52.836428453865885,2013-11-27,52.98821363392781,20860,51.47049900746184,0.6829647232020232,1.3659294464040457,3166.238856091825,2503.988245906412,0.11112226950046279,trailing_stop,7,0.11112226950046279,330.6503692642927,331.60024092112025
DG,2013-09-05,48.792967725783065,2013-12-02,48.979493208811704,22016,46.84832270350534,0.9723225111388629,1.9446450222777258,4106.545034358514,3460.777484377703,0.09591749696824624,trailing_stop,88,0.09591749696824624,322.267793235252,323.4997567455595
CBOE,2013-11-22,45.39081173774453,2013-12-04,42.55760473040119,24277,43.529279791197645,0.9307659732734426,1.861531946546883,-68781.76651727427,-69422.30362925342,-1.5219760330188807,stop_loss,12,-1.5219760330188807,330.58582096716714,309.9512910119849
HAL,2013-08-21,37.25709048316913,2013-12-05,39.97921505120181,28281,35.89938092018613,0.6788547814914973,1.357709562982997,76984.4049085323,76329.10892148703,2.0049387897452506,trailing_stop,106,2.0049387897452506,316.1003327863518,339.1956542589115
AES,2013-11-13,9.490397068815268,2013-12-11,9.2727786110996,117200,9.090592295743539,0.19990238653586456,0.3998047730717289,-25504.88324427628,-26164.596501182084,-0.544311805093495,trailing_stop,28,-0.544311805093495,333.6823609395448,326.0308959662619
AOS,2013-10-22,20.725584023489933,2013-12-12,21.21877893356402,55040,19.903824159762905,0.4108799318635132,0.8217598637270278,27145.4478504778,26452.862529330927,0.6001691392388537,trailing_stop,51,0.6001691392388537,342.22084339586576,350.36447775100913
HII,2013-11-13,61.73575537309381,2013-12-12,63.72557390450354,9008,59.83931768671566,0.9482188431890746,1.8964376863781496,17924.285330938863,17585.238634699082,1.0492401335948573,trailing_stop,29,1.0492401335948573,166.8347053202487,172.21199091953036
BAC,2013-11-20,11.807331609658457,2013-12-12,11.799011705599217,46675,11.438150310173224,0.1845906497426163,0.3691812994852324,-388.33152196503175,-718.8793442369273,-0.02253609289213986,trailing_stop,22,-0.02253609289213986,165.33216086424252,165.21566140765302
CF,2013-12-05,34.16347863860614,2013-12-12,32.55135564386473,32112,32.766168052432235,0.6986552930869541,1.3973105861739086,-51768.49360713623,-52411.19763467985,-1.1537327568351852,stop_loss,7,-1.1537327568351852,329.11728781287616,313.58673973073525
IWB,2013-11-18,82.58715838062126,2013-12-13,81.54757847116555,6822,81.24035939044204,0.6733994950896096,1.3467989901792237,-7092.014142306857,-7427.932294747724,-0.7718894334167637,stop_loss,25,-0.7718894334167637,169.0228783417795,166.89527409908743
MSFT,2013-11-07,31.153191536065528,2013-12-16,30.312792246872508,35910,30.0150321920566,0.5690796720044626,1.1381593440089262,-30178.738474921327,-30840.911518214918,-0.7383845624224199,trailing_stop,39,-0.7383845624224199,335.61333241803396,326.5597108755575
ADBE,2013-12-16,60.69063,2013-12-18,57.52242,18050,58.201145989789744,1.2447420051051274,2.489484010210255,-57186.19050000003,-57826.31416575004,-1.2726372159877515,stop_loss,2,-1.2726372159877515,328.63976145,311.4839043
VXX,2013-11-11,487.3868999999999,2013-12-19,441.85769999999997,2287,438.8854385875267,24.250730706236585,48.50146141247319,-104125.28039999987,-104762.83512005987,-0.9387181060958946,stop_loss,38,-0.9387181060958946,334.39615208999993,303.15856797
WAB,2013-12-19,69.17342089068117,2013-12-24,68.67044145712345,16001,67.04920464029459,1.062108125193293,2.1242162503865814,-8048.173916357181,-8709.865808785347,-0.2367835353232941,trailing_stop,5,-0.2367835353232941,332.0531723015368,329.6387201266297
CPRI,2013-11-12,81.23115,2014-01-08,78.59133,13736,76.74642553437475,2.242362232812627,4.4847244656252485,-36260.567520000004,-36919.16399558401,-0.5886247907165382,trailing_stop,57,-0.5886247907165382,334.73732292,323.859152664
OLN,2013-12-03,18.401967865146073,2014-01-08,19.198730060542236,59982,17.715756727117995,0.34310556901403927,0.686211138028078,47791.39000425262,47114.78048535903,1.1611035601750332,trailing_stop,36,1.1611035601750332,331.1360509461575,345.4734679474333
FNF,2013-12-11,13.384539026828657,2014-01-10,13.89540303958843,82289,12.920384210941544,0.23207740794355652,0.46415481588711316,42038.488745988994,41365.037000177974,1.100632795941991,trailing_stop,30,1.100632795941991,330.42009959361104,343.03164621740774
PRU,2013-11-08,49.35371120014977,2014-01-14,52.5991149864103,22203,47.5069808734735,0.923365163338134,1.8467303266762656,72057.70026634258,71378.60268639652,1.7573782914485356,trailing_stop,67,1.7573782914485356,328.7401349330776,350.3574450129804
MA,2013-12-12,73.43057228564606,2014-01-14,75.35674083498373,14888,71.26034272367426,1.085114780985906,2.1702295619718086,28676.797362539088,28012.253707217107,0.8875413841416844,trailing_stop,33,0.8875413841416844,327.9703080566096,336.5733472653713
UTHR,2013-12-24,114.46434999999998,2014-01-14,108.77112,9680,107.11985076947639,3.6722496152617943,7.344499230523596,-55110.46639999986,-55758.742204879854,-0.7751692554257522,stop_loss,21,-0.7751692554257522,332.4044724,315.87133248
ICE,2013-11-21,36.75507136765354,2014-01-16,35.69693299882431,29851,35.4734052324805,0.6408330675865217,1.2816661351730403,-31586.488447921445,-32235.317882624564,-0.8255959487346305,trailing_stop,56,-0.8255959487346305,329.1526906187477,319.67674408437136
MRK,2014-01-14,34.3368238135051,2014-01-24,33.44625121617015,33047,33.33245974167187,0.5021820359166143,1.0043640718332298,-29430.752624128156,-30102.760808279858,-0.8867029619144197,stop_loss,10,-0.8867029619144197,340.4187049694709,331.5894791822324
LVS,2013-12-05,51.89542103307684,2014-01-27,52.3596827160156,21139,49.72006766930164,1.0876766818875991,2.1753533637752014,9814.02771564234,9152.87312419672,0.2134189739790391,trailing_stop,53,0.2134189739790391,329.10519156546343,332.04939988015616
ADSK,2013-12-16,47.757709999999996,2014-01-27,50.579370000000004,22938,45.68378097388101,1.0369645130594942,2.0739290261189893,64723.237080000195,64046.540297688196,1.3605383619516973,trailing_stop,42,1.3605383619516973,328.6399055939999,348.05687671800007
MGM,2013-12-17,20.579988008395564,2014-01-27,22.499440414896277,26721,19.643162653120303,0.46841267763763106,0.9368253552752606,51289.68775410557,50944.35013203594,2.0488903248532755,trailing_stop,41,2.0488903248532755,164.97535787170133,180.36226419793303
WDAY,2014-01-08,88.33824999999999,2014-01-28,87.02289,12669,83.91289241314287,2.212678793428561,4.4253575868571176,-16664.2958399998,-17330.7909247978,-0.2972324776434961,trailing_stop,20,-0.2972324776434961,335.747186775,330.74789802300006
XBI,2014-01-10,47.97079309795931,2014-01-28,47.84917696458653,23796,46.00536032906123,0.9827163844490382,1.9654327688980757,-2893.977509738564,-3578.0171120210666,-0.061877534198719907,trailing_stop,18,-0.061877534198719907,342.4538977677119,341.58570451479034
JAZZ,2014-01-14,147.147,2014-01-28,145.30454999999998,7711,138.6205100450667,4.263244977466635,8.526489954933282,-14207.131950000106,-14883.660120615108,-0.21608540087870548,stop_loss,14,-0.21608540087870548,340.3951551,336.133015515
CRL,2014-01-08,56.35629999999999,2014-01-30,56.83311,19859,54.38927280217795,0.9835135989110209,1.9670271978220413,9468.969790000148,8794.62124204315,0.24240132547630638,trailing_stop,22,0.24240132547630638,335.75392851,338.59461944699996
BF-B,2014-01-14,25.26827683490088,2014-01-30,25.15990016230684,44908,24.458045788794436,0.4051155230532217,0.8102310461064448,-4866.979612853181,-5546.368184630362,-0.13376020718391804,stop_loss,16,-0.13376020718391804,340.42433283051855,338.96423894666265
UNG,2014-01-27,241.74149999999997,2014-01-31,242.9568,4650,227.96976905970865,6.885865470145655,13.77173094029132,5651.145000000062,4974.990871500062,0.0882459877606573,trailing_stop,4,0.0882459877606573,337.22939249999996,338.92473599999994
SYNA,2014-01-27,61.59152999999999,2014-02-03,58.43151,18251,57.48122773275438,2.055151133622809,4.110302267245615,-57673.5250199998,-58330.68717091179,-0.768804772627482,stop_loss,7,-0.768804772627482,337.23210420899994,319.930046703
KKR,2013-10-17,15.085673131884645,2014-02-04,16.063546943095634,75148,14.281473378652924,0.4020998766158607,0.8041997532317211,73485.26116488338,72783.020687825,1.2159588550995557,trailing_stop,110,1.2159588550995557,340.0974493544602,362.1430277039252
SPXC,2013-10-31,22.42536005614443,2014-02-04,23.140108096512613,49953,21.615075145005687,0.4051424555693718,0.8102849111387442,35703.80886051179,35020.96931132288,0.8820947182191775,trailing_stop,96,0.8820947182191775,336.06420326537483,346.77534592352833
AVGO,2013-12-18,4.026706068102027,2014-02-04,4.023171826512491,272829,3.8181621875736407,0.10427194026419326,0.20854388052838635,-964.2435986315392,-1623.1156394644743,-0.016947232307087574,trailing_stop,48,-0.016947232307087574,329.5806569562624,329.2913838766729
WAT,2014-01-29,110.12001,2014-02-04,105.36453,10302,106.71062336039024,1.7046933198048777,3.4093866396097496,-48990.954959999915,-49656.93147932391,-1.3948198027033745,stop_loss,6,-1.3948198027033745,340.33690290600003,325.63961641800006
OSK,2014-01-29,45.861401821550274,2014-02-04,42.01625260812492,24737,43.402802735684574,1.2292995429328495,2.4585990858657,-95117.45609250292,-95769.60495379099,-1.5639594253210387,stop_loss,6,-1.5639594253210387,340.3420490579067,311.80681223015586
TSN,2014-02-03,28.382730936420213,2014-02-05,26.877489321952098,39973,27.162107377604592,0.6103117794078097,1.2206235588156211,-60169.02305513398,-60831.69809045035,-1.2331743096361838,stop_loss,2,-1.2331743096361838,340.3628711164575,322.3121641999174
VXX,2014-02-04,521.8213000000001,2014-02-07,471.528,2120,480.7131237770543,20.554088111472893,41.10817622294576,-106621.79600000009,-107253.5661548001,-1.2234378807573403,trailing_stop,3,-1.2234378807573403,331.87834680000003,299.891808
NFG,2014-01-30,51.07167854072331,2014-03-12,49.433752156582784,22177,49.40356458356336,0.8340569785799762,1.668113957159953,-36324.29342108448,-36992.96610205674,-0.9819031710094787,trailing_stop,41,-0.9819031710094787,339.7849844992863,328.8876964729609
FFIV,2014-01-24,102.27216999999999,2014-03-14,107.42247,11300,97.25157891942791,2.510295540286035,5.020591080572075,58198.390000000174,57487.52517040017,1.025835388173689,trailing_stop,49,1.025835388173689,346.7026563,364.1621733
ORLY,2014-02-07,9.803794000032854,2014-03-14,9.721602,114006,9.412853427133072,0.195470286449891,0.39094057289978146,-9370.381155745425,-10038.184844659349,-0.2102416728537485,trailing_stop,35,-0.2102416728537485,335.3074016303237,332.49628728360005
AZO,2014-02-07,517.9274099999999,2014-03-14,528.88059,1079,499.86579784279996,9.030806078599957,18.06161215719993,11818.481220000096,11479.629470400096,0.6064342376897847,trailing_stop,35,0.6064342376897847,167.65310261699994,171.19864698299997
NFLX,2014-01-29,5.764610235383999,2014-03-17,6.110876889116999,196801,5.376290623547777,0.19415980591811094,0.38831961183622177,68145.62372130816,67444.4913988315,0.8917052942436553,trailing_stop,47,0.8917052942436553,340.3443176801419,360.7880047965343
CBOE,2014-03-17,50.00195344129144,2014-03-20,47.44340276202007,23367,48.04920160022665,0.9763759205323961,1.9527518410647886,-59785.65372253411,-60468.75541405495,-1.3102282765618871,stop_loss,3,-1.3102282765618871,350.5186938187971,332.5829977020369
NOW,2014-01-31,12.810798,2014-03-24,12.513474000000002,88970,11.80379370700769,0.5035021464961552,1.0070042929923098,-26452.916279999816,-27128.846423951818,-0.2952559408823379,trailing_stop,52,-0.2952559408823379,341.933009418,333.9971345340001
CPRI,2014-02-05,88.46837999999998,2014-03-25,94.73517,12596,82.84014614631896,2.8141169268405126,5.628233853681024,78936.48684000019,78244.19726526018,1.113455866070909,trailing_stop,48,1.113455866070909,334.304314344,357.985260396
AKAM,2014-02-07,57.046989999999994,2014-03-26,58.59135,9796,53.73526116149666,1.655864419251667,3.3117288385033348,15128.550560000045,14788.712606408046,0.46633045013973584,trailing_stop,47,0.46633045013973584,167.64969421199999,172.18825938
EQT,2014-02-05,47.34950781034142,2014-03-27,47.0918733885711,23535,45.17043921379765,1.0895342982718872,2.1790685965437717,-6063.426116364469,-6730.22948831939,-0.11823144171732562,trailing_stop,50,-0.11823144171732562,334.3111998949156,332.4921720600062
IDXX,2014-02-05,57.307249999999996,2014-03-27,60.779160000000005,19445,54.87769758179416,1.2147762091029184,2.4295524182058372,67511.28995000017,66822.43287726518,1.4290327609247162,trailing_stop,50,1.4290327609247162,334.301842875,354.55522986000005
VMC,2014-02-07,59.92693228883076,2014-03-27,58.54710886845955,18651,56.348405572721504,1.7892633580546309,3.578526716109259,-25735.086613343436,-26397.984415830822,-0.38558421658827746,trailing_stop,48,-0.38558421658827746,335.3091642356948,327.58863825169175
ECL,2014-03-12,96.96984329332555,2014-03-27,93.68619482328342,12208,94.20644630130822,1.3816984960086656,2.7633969920173342,-40086.78052227442,-40785.03919627269,-1.188265196614045,stop_loss,15,-1.188265196614045,355.1423540774755,343.11631992079316
FANG,2014-03-31,53.80918114873444,2014-04-02,50.740293367929695,21199,50.08541013731948,1.8618855057074803,3.7237710114149607,-65057.35206527976,-65722.25535836339,-0.8241343980060218,stop_loss,2,-0.8241343980060218,342.2102493516064,322.69304373202243
MCK,2013-10-09,122.45679484464041,2014-04-07,156.92511741324125,8881,118.42968569076966,2.013554576935376,4.027109153870754,306113.17273174407,305368.8155029154,8.559073333155316,trailing_stop,180,8.559073333155316,326.26163850457544,418.09559032409874
CAH,2013-11-04,43.56265380238895,2014-04-08,49.37121083332456,25661,41.969972460380106,0.7963406710044211,1.592681342008845,149053.3819708387,148337.94920071357,3.6470302487560327,trailing_stop,155,3.6470302487560327,335.35837776693086,380.0743923581825
JLL,2014-01-30,108.69939040222309,2014-04-08,112.76682468098406,10419,104.91537912871482,1.8920056367541385,3.78401127350827,42378.59775041055,41686.360801924966,1.074900148220206,trailing_stop,68,1.074900148220206,339.7616845802287,352.4752639053519
WSM,2014-03-14,24.38627874106702,2014-04-08,24.224409603310676,48007,23.382071153183904,0.5021037939415578,1.0042075878831156,-7770.8516962688245,-8470.947690873387,-0.16119091282467493,trailing_stop,25,-0.16119091282467493,351.21362505672136,348.88236954784065
PKG,2012-12-24,25.705351095325454,2014-04-11,46.65153072114167,35962,24.833004243225762,0.4361734260498461,0.8723468520996924,753266.5117036027,752485.8822484376,24.011297312989523,trailing_stop,473,24.011297312989523,277.3247508270282,503.30470433810905
STZ,2013-10-14,52.8858946162308,2014-04-14,66.58706028278618,21060,50.99527395957986,0.9453103283254698,1.8906206566509383,288546.5489376564,287791.7188086044,7.246914191039119,trailing_stop,182,7.246914191039119,334.1330821853462,420.69704686664306
AAL,2013-12-12,24.720595035401097,2014-04-14,32.01606526947001,44225,22.90267921997654,0.9089579077122771,1.8179158154245556,322642.1711016978,321889.4174611029,4.013095750732073,trailing_stop,123,4.013095750732073,327.98049463218405,424.7731459626934
AVT,2014-03-26,35.76796455156083,2014-04-14,34.765621528640175,32357,34.2883504870587,0.7398070322510654,1.4796140645021296,-32432.813192643647,-33117.48976608276,-0.6774354522359386,trailing_stop,19,-0.6774354522359386,347.2032086984562,337.47336474066304
GLW,2014-03-27,15.028833079642638,2014-04-14,14.896023612311689,75754,14.468595109669675,0.2801189849864817,0.5602379699729632,-10060.848388188711,-10740.926666341404,-0.23705902571608692,trailing_stop,18,-0.23705902571608692,341.54826633457446,338.53001181811794
THO,2014-04-02,50.341371662531564,2014-04-14,48.38644906905892,23014,48.36894380404291,0.9862139292443303,1.9724278584886576,-44990.58856617945,-45672.2251860745,-0.9911250163392917,stop_loss,12,-0.9911250163392917,347.56689823245046,334.06972166259663
MSM,2014-04-10,52.57343442590154,2014-04-15,50.56188395128117,21829,50.40289156464907,1.0852714306262352,2.1705428612524713,-43910.13531048808,-44585.53756994474,-0.9267499437719665,stop_loss,5,-0.9267499437719665,344.2876500249014,331.11460943175496
FSLR,2014-03-20,70.24016999999999,2014-04-16,66.98295,16648,64.39428929799064,2.9229403510046796,5.845880702009353,-54226.19855999983,-54911.545710527826,-0.5571820853067382,stop_loss,27,-0.5571820853067382,350.807505048,334.53964548
EMB,2014-04-11,63.11718736145136,2014-04-16,62.75005610146032,17847,62.55094237410255,0.28312249367440356,0.56624498734881,-6552.191597059978,-7226.097405284753,-0.6483611655618574,stop_loss,5,-0.6483611655618574,337.9357328519467,335.9700753728287
NVR,2014-01-28,1051.1500999999998,2014-04-22,1064.97396,1059,1008.0396270726268,21.555236463686505,43.11047292737305,14639.467740000207,13967.175126138207,0.32066129321496534,trailing_stop,84,0.32066129321496534,333.95038676999997,338.34222709200003
EW,2014-04-15,13.56688666663305,2014-04-22,13.175144999999999,82437,12.865325833744663,0.35078041644419294,0.7015608328883864,-32294.007772228797,-32955.367631579466,-0.5583858851130791,stop_loss,7,-0.5583858851130791,335.5240308411686,325.83582850949995
INTC,2014-04-09,20.235298078355733,2014-04-29,19.767423623091,56199,19.566267800526386,0.3345151389146737,0.6690302778293464,-26294.076511422812,-26968.510398492694,-0.6993322585978359,stop_loss,20,-0.6993322585978359,341.1610550116542,333.2728320582273
WSO,2014-04-21,72.67295954226142,2014-04-29,70.8326308644317,15513,69.90417857677502,1.384390482743203,2.7687809654863997,-28549.018779172402,-29216.87944636611,-0.664671095608468,stop_loss,8,-0.664671095608468,338.2126864137304,329.64798077997875
SO,2014-04-16,26.939445567300176,2014-05-05,26.47824259627876,41702,26.285406274118863,0.3270196465906569,0.654039293181313,-19233.08629753503,-19901.3736270743,-0.7051609526058852,trailing_stop,19,-0.7051609526058852,337.0286277142656,331.2587018250051
EIX,2014-03-31,34.842188236927186,2014-05-13,34.15597222607538,16369,33.73104333054463,0.5555724531912787,1.111144906382556,-11232.66988163325,-11571.499148218918,-0.6175756257443087,trailing_stop,43,-0.6175756257443087,171.09953377507836,167.72973281058836
LNT,2014-03-27,18.84804705992544,2014-05-21,19.32577600173899,30202,18.319174730991353,0.2644361644670439,0.5288723289340886,14428.369500652803,14082.491759420287,0.9032972906266125,trailing_stop,55,0.9032972906266125,170.77461519116045,175.10312604135632
ATI,2014-04-07,36.470672695230064,2014-06-04,37.50009780797865,31468,34.91142929650362,0.7796216993632229,1.5592433987264442,32393.94944797243,31695.63578611394,0.6602080942522479,trailing_stop,58,0.6602080942522479,344.2977385120499,354.01592334644164
MUB,2014-04-14,79.84224958115789,2014-06-04,80.62379892657538,13916,79.42766228983946,0.20729364565921488,0.4145872913184263,10876.04069082977,10206.127031519685,1.8851261526422785,stop_loss,51,1.8851261526422785,333.325423551418,336.5882357586669
VNQ,2014-06-06,47.62943726947495,2014-06-10,46.506438543485665,12214,46.74189997127967,0.44376864909763736,0.8875372981952765,-13716.30643923311,-14061.239115386961,-1.2652975016067447,stop_loss,4,-1.2652975016067447,174.52378404281012,170.4088921110402
HOG,2014-04-23,53.14259416410574,2014-06-13,51.71161692532809,21106,50.79901046021318,1.1717918519462764,2.3435837038925555,-30202.20560164109,-30866.121495417166,-0.6105936119972506,trailing_stop,51,-0.6105936119972506,336.4882777282847,327.42761604779236
CCK,2014-04-17,43.742581032842466,2014-06-17,46.08727942127219,25792,42.30713064175221,0.7177251955451286,1.4354503910902565,60474.46083437951,59779.39330612976,1.6334234906222542,trailing_stop,61,1.6334234906222542,338.46259499972183,356.60493325003574
XOP,2014-06-13,257.859907673132,2014-06-25,257.39441365910346,2243,249.29868193296224,4.280612870084875,8.56122574016976,-1044.1030734660067,-1390.817706290468,-0.05437235603360062,trailing_stop,12,-0.05437235603360062,173.51393187325053,173.20070095121073
EXC,2014-03-24,14.88898334959991,2014-07-03,15.824980240986465,78289,14.361891288055602,0.26354603077215377,0.5270920615443071,73278.26062976201,72556.89098109899,1.775774973055396,trailing_stop,101,1.775774973055396,349.6930852370482,371.6765634259768
OVV,2014-04-17,89.20561113106224,2014-07-03,89.1742314094191,12647,85.3738909815474,1.9158600747574155,3.8317201495148367,-396.85933962089496,-1073.6503002037352,-0.008189460717041509,trailing_stop,77,-0.008189460717041509,338.45500919236326,338.33595139047696
ETR,2014-04-16,22.330468093177288,2014-07-07,24.08215128909346,25155,21.698429978083063,0.31601905754711246,0.6320381150942254,44063.59079327131,43713.337961103,2.7714834819020813,trailing_stop,82,2.7714834819020813,168.51687746516242,181.7359547031438
UHS,2014-06-04,88.09469666508565,2014-07-09,88.58401386138635,13092,84.55670568699306,1.7689954890462993,3.537990978092594,6406.14073396881,5712.217430505039,0.1383036868467383,trailing_stop,35,0.1383036868467383,346.00073062179035,347.92257284198104
RH,2014-06-13,80.69060999999999,2014-07-11,85.1148,14336,74.37218403370643,3.159212983146781,6.31842596629356,63425.187840000144,62712.09193267215,0.7002044533878231,trailing_stop,28,0.7002044533878231,347.034175488,366.06173184
IJH,2014-07-01,24.06806261104449,2014-07-11,23.603211026445685,24876,23.632719735285107,0.21767143787969107,0.4353428757593818,-11563.648018479858,-11919.40919938172,-1.0677826845976282,stop_loss,10,-1.0677826845976282,179.6151376537028,176.14604324815886
XLK,2014-07-08,16.928263796717175,2014-07-11,16.82507720744909,34953,16.669206932377637,0.12952843216976845,0.2590568643395379,-3606.6808546873435,-3960.6150131229306,-0.39831636784131147,stop_loss,3,-0.39831636784131147,177.50808134599663,176.42607708959045
STZ,2014-07-03,77.03717619986637,2014-07-17,73.38089011000477,15411,74.43265530530478,1.3022604472807946,2.6045208945615883,-56347.02493085704,-57042.45277682747,-1.4038229055855003,stop_loss,14,-1.4038229055855003,356.1659767248422,339.26186924558505
JNJ,2014-03-26,69.67049094860613,2014-07-18,72.28229901170985,16612,67.89313223291212,0.8886793578470048,1.7773587156940067,43387.355544279046,42679.91962023282,1.4694884268671045,trailing_stop,114,1.4694884268671045,347.20985869147347,360.2260653547572
CSL,2014-04-23,71.59189916615382,2014-07-18,73.56212921517496,7833,68.88439227756962,1.3537534442921062,2.7075068885842057,15432.811973982589,15091.714522689304,0.7276916108056152,trailing_stop,86,0.7276916108056152,168.23380385054486,172.86364744273965
PPL,2014-03-14,17.470823061076917,2014-07-31,18.04355686375947,67010,17.04111051718789,0.21485627194451484,0.42971254388902835,38378.89211775787,37664.94653812888,1.3328300763555536,trailing_stop,139,1.3328300763555536,351.2159559968293,362.7296236321566
ATO,2014-04-10,36.08248408544155,2014-07-31,36.51373974512376,31806,35.01787277376523,0.5323056558381619,1.0646113116763232,13716.517511852298,13023.818863305809,0.40508273296773273,trailing_stop,112,0.40508273296773273,344.2918466464662,348.40680190002195
MO,2014-04-29,18.699785056780847,2014-07-31,19.308720101170902,60057,18.199368805979166,0.25020812540084025,0.5004162508016812,36570.81196093353,35886.0089226522,1.216857053332148,trailing_stop,93,1.216857053332148,336.9158973465262,347.8871409348062
LRCX,2014-06-04,5.484010878993673,2014-07-31,5.786287269233076,105160,5.251021812041561,0.11649453347605603,0.2329890669521122,31787.38519757557,31431.829831595314,1.2973844403674593,trailing_stop,57,1.2973844403674593,173.00957521049241,182.54579076976506
ADM,2014-07-11,33.369657840745454,2014-07-31,32.82975083745168,35466,32.37506351707375,0.4972971618358515,0.9945943236717056,-19148.341778817103,-19852.690247271385,-0.5428414283530427,trailing_stop,20,-0.5428414283530427,355.0464854939635,349.3019829603183
HST,2014-04-17,13.038645534114197,2014-08-01,13.53861038938334,86530,12.586393142797041,0.22612619565857822,0.4522523913171561,43261.958926438936,42572.03993992086,1.10549963884774,trailing_stop,106,1.10549963884774,338.47019942007046,351.44878709800213
XLE,2014-04-21,29.359670844683148,2014-08-01,30.54010512150598,38400,28.669608030802685,0.3450314069402315,0.6900628138804628,45328.67622999679,44638.63081086629,1.7106185887409893,trailing_stop,102,1.7106185887409893,338.2234081307499,351.82201099974884
R,2014-04-24,58.96022203635651,2014-08-01,60.91323313806928,9531,56.65663011527741,1.1517959605395505,2.3035919210791036,18614.14881042439,18271.394640044156,0.8478112307313058,trailing_stop,99,0.8478112307313058,168.58496286855416,174.1692075116815
FCX,2014-07-03,33.046637860522964,2014-08-01,32.34075925596532,35925,31.930913532695104,0.5578621639139298,1.1157243278278592,-25358.68886873346,-26063.401541156414,-0.63266398961819,trailing_stop,29,-0.63266398961819,356.16013954178624,348.5525328811662
PPC,2014-07-09,19.002516301610335,2014-08-01,17.68075602371182,62117,17.93005449525093,0.5362309031797039,1.0724618063594065,-82103.78318222212,-82787.37963033174,-1.2324544054257573,stop_loss,23,-1.2324544054257573,354.1137915321388,329.4826565774721
SNA,2014-07-18,94.56184434915514,2014-08-01,91.45086498263974,12437,91.89395816724566,1.3339430909547434,2.6678861819094806,-38691.25038135196,-39385.28240113982,-1.1660839909927416,stop_loss,14,-1.1660839909927416,352.8196974511327,341.2123223367271
COP,2014-05-05,51.28775313253841,2014-08-04,55.05225958746671,21905,49.959090718713426,0.6643312069124918,1.3286624138249863,82461.5138952043,81762.7005016148,2.8333054474619632,trailing_stop,91,2.8333054474619632,337.03746971047616,361.7759238790374
WMB,2014-06-17,28.419219377972553,2014-08-04,28.33172027932794,41225,27.185779822014574,0.6167197779789904,1.233439555957979,-3607.150341624195,-4309.017587835859,-0.07093910538377003,trailing_stop,48,-0.07093910538377003,351.4746956570756,350.3925505545883
HAL,2014-04-22,49.97460009490494,2014-08-06,53.47527034632364,11219,47.889728201581896,1.042435946661524,2.0848718933230472,39274.01955066636,38925.838321722316,1.6790817040748864,trailing_stop,106,1.6790817040748864,168.19951153942156,179.9817174046215
INTC,2014-07-17,25.918943951134654,2014-08-06,24.82603634108224,46014,25.08828138827701,0.415331281428821,0.8306625628576434,-50289.05076895179,-50989.54462590161,-1.3157058701340723,stop_loss,20,-1.3157058701340723,357.79028609025295,342.70357085956744
CHRW,2014-07-31,51.62269962911134,2014-08-08,50.58008309061641,22800,50.0850416058749,0.7688290116182187,1.537658023236439,-23771.657077684307,-24470.724111487245,-0.6780548878484973,stop_loss,8,-0.6780548878484973,353.0992654631215,345.96776833981625
CTAS,2014-08-12,14.125775230036519,2014-08-18,14.24937169263907,81685,13.740711282873988,0.192531973581265,0.38506394716253034,10095.977047689375,9400.62988477575,0.32097645991870166,stop_loss,6,0.32097645991870166,346.15918489965986,349.1879780139667
MNST,2014-08-18,15.346982986334996,2014-08-25,14.44552555446,76419,14.453428685444997,0.44677715044499927,0.8935543008899991,-68888.47548645538,-69571.48959950908,-1.0088446006886498,stop_loss,7,-1.0088446006886498,351.84032784982026,331.1737852038836
KMI,2014-08-12,21.63154437171256,2014-09-05,21.682572452689122,53341,20.658427586213797,0.48655839274938284,0.9731167854987639,2721.8888673707447,2028.7633757116218,0.05243777698316756,trailing_stop,24,0.05243777698316756,346.1544624994559,346.9710291596672
GAP,2014-08-25,30.702073874064023,2014-09-08,29.61062079588697,38683,29.649453056291506,0.5263104088862594,1.0526208177725174,-42220.67942312297,-42920.602213498285,-1.0368910245255367,stop_loss,14,-1.0368910245255367,356.2944971011256,343.6282932741887
SCI,2014-08-04,17.355534837306344,2014-09-09,17.81316138412211,66403,16.829098899500067,0.26321796890313776,0.5264359378062764,30387.77558820739,29687.183507649937,0.8692919953807743,trailing_stop,36,0.8692919953807743,345.7378739404959,354.85420661695815
CAR,2014-08-12,59.93082222740381,2014-09-09,61.62497621912505,19253,57.08953811768375,1.4206420548600271,2.841284109720057,32617.546802609108,31915.4526663618,0.5962634943564878,trailing_stop,28,0.5962634943564878,346.1544361032616,355.93970014404437
CPAY,2014-08-14,142.61246999999997,2014-09-09,141.17867999999999,8133,136.12693155222945,3.242769223885264,6.485538447770523,-11661.0140699999,-12353.4360968849,-0.2210749364214885,trailing_stop,26,-0.2210749364214885,347.9601655529999,344.46186133199996
WEX,2014-08-14,113.16304999999998,2014-09-10,111.31857000000001,10250,108.3614018742665,2.400824062866736,4.801648125733479,-18905.919999999755,-19596.200981499755,-0.38413477033330534,trailing_stop,27,-0.38413477033330534,347.97637875,342.30460274999996
NVDA,2014-09-05,0.4781110032148626,2014-09-12,0.4657097217883496,2484395,0.46051727200025844,0.008796865607302088,0.01759373121460417,-30809.681569621847,-31513.128616650156,-0.7048693239225459,stop_loss,7,-0.7048693239225459,356.3449757495966,347.10207127871
AMT,2014-07-31,71.67294631529549,2014-09-15,71.52974362535217,16422,69.86906138253515,0.9019424663801672,1.8038849327603401,-2351.6745742492426,-3057.1769465108373,-0.07938571210536748,trailing_stop,46,-0.07938571210536748,353.1039373169348,352.39843494466004
WDC,2014-07-14,61.94335558145576,2014-09-16,61.09126917750915,19142,59.36824474024591,1.2875554206049242,2.575110841209849,-16310.6379443461,-17017.176580486932,-0.33089309800205885,trailing_stop,64,-0.33089309800205885,355.7159137620679,350.822722378764
IQV,2014-09-12,58.728669999999994,2014-09-17,57.23271,20250,56.74704376675343,0.9908131166232828,1.9816262332465655,-30293.189999999933,-30997.655383499936,-0.7549153189949018,stop_loss,5,-0.7549153189949018,356.77667024999994,347.68871325
HWM,2014-03-28,19.70915685958193,2014-09-23,24.37621722774136,57635,18.65956275207977,0.5247970537510807,1.0495941075021626,268986.0243188687,268223.76615821186,4.446538271128597,trailing_stop,179,4.446538271128597,340.7811766806014,421.476983976262
CDNS,2014-05-21,16.3163,2014-09-23,17.35263,68746,15.604706229143495,0.35579688542825094,0.7115937708565028,71243.54218000021,70549.16090146621,1.4563505787194213,trailing_stop,125,1.4563505787194213,336.50410794000004,357.877170594
EXPE,2014-08-04,79.347834855616,2014-09-23,77.93849485989507,14524,75.8029215587015,1.772456648457251,3.544913296914501,-20469.254097850746,-21154.58209368717,-0.39756684513204293,trailing_stop,50,-0.39756684513204293,345.7343860328901,339.59360980353483
APH,2014-08-13,11.14385834273198,2014-09-24,11.351206126802445,103508,10.873635122293729,0.13511161021912538,0.2702232204382504,21462.154433565778,20763.628693632007,0.7673203795520879,trailing_stop,42,0.7673203795520879,346.0435468018506,352.4821931319202
XLF,2014-09-19,15.609807271863032,2014-09-24,15.278024690168973,38392,15.339371740158732,0.13521776585215,0.27043553170429924,-12737.796876398303,-13093.550569804203,-1.2268453764309264,stop_loss,5,-1.2268453764309264,179.78751623440968,175.9661771714902
BRK-B,2014-08-15,135.92578999999998,2014-09-26,136.863,8590,132.71269037925254,1.606549810373727,3.2130996207474425,8050.633900000186,7347.657188170187,0.2916840778755576,trailing_stop,42,0.2916840778755576,350.28076082999996,352.695951
NKE,2014-09-08,35.0680392262993,2014-09-26,34.0709028785136,33941,34.0471419917667,0.5104486172662996,1.0208972345325975,-33843.80478019438,-34547.79823038822,-0.9767254862260668,stop_loss,18,-0.9767254862260668,357.07329581394737,346.920154379889
KDP,2014-09-23,8.743623013984527,2014-09-29,8.542430632329262,135580,8.52730905369904,0.10815698014274293,0.21631396028548622,-27277.663104820767,-27980.756050830933,-0.9300943008474138,stop_loss,6,-0.9300943008474138,355.63812247080665,347.4548235393604
HCA,2014-07-31,60.79078530142086,2014-10-02,63.65048232682968,19362,57.48403153798951,1.6533768817156758,3.3067537634313524,55369.45380596558,54646.62425882013,0.8648049507143737,trailing_stop,63,0.8648049507143737,353.1093555018332,369.7201916436229
SPGI,2014-09-09,75.5945784367094,2014-10-02,73.45912070363646,15687,73.75360953493495,0.9204844508872221,1.8409689017744455,-33498.92545871521,-34200.38707223959,-1.159964044484753,stop_loss,23,-1.159964044484753,355.7556455809981,345.70596794338354
SCHW,2014-09-15,25.54730706972877,2014-10-02,24.950471925779343,46569,24.620043522378072,0.4636317736753489,0.927263547350698,-27794.01581858087,-28499.505139593413,-0.6436521155766943,trailing_stop,17,-0.6436521155766943,356.91376287905973,348.5755581334855
DD,2014-09-25,47.47808863545034,2014-10-02,45.918642950841594,24990,46.22763362348092,0.6252275059847112,1.2504550119694215,-38970.54765837258,-39670.74295507502,-1.2471025904024136,stop_loss,7,-1.2471025904024136,355.94323049997126,344.25206620245945
PII,2014-09-29,108.9298691671083,2014-10-02,104.94583058828653,10831,105.24596715200384,1.8419510075522272,3.683902015104451,-43151.121847218565,-43846.06815843377,-1.0814724611259257,stop_loss,3,-1.0814724611259257,353.94582388468496,341.00048733051943
LMT,2014-09-29,132.491198747025,2014-10-02,129.21538298350114,8905,129.32989615342566,1.5806512967996655,3.161302593599345,-29171.139374180028,-29870.28850727313,-1.0362234131450672,stop_loss,3,-1.0362234131450672,353.9502374526773,345.19889564042336
MSFT,2014-09-09,39.224398879450575,2014-10-03,38.733255610680054,30233,38.23661023070076,0.4938943243749052,0.9877886487498131,-14848.734444739177,-15555.802575199214,-0.497214934988505,trailing_stop,24,-0.497214934988505,355.76137539672874,351.306755063307
VRTX,2014-09-25,111.54142999999999,2014-10-03,105.26463000000001,10637,105.1910267683811,3.1752016158094447,6.350403231618884,-66766.32159999979,-67458.17141806579,-0.9884096759001962,stop_loss,8,-0.9884096759001962,355.939857273,335.9099607930001
FDX,2014-09-18,88.26584462945452,2014-10-08,86.09397020133201,13523,85.92022872500053,1.1728079522269943,2.345615904453993,-29370.257891500663,-30077.618224287682,-0.9259292725626667,trailing_stop,20,-0.9259292725626667,358.085705077234,349.2746277097839
ZTS,2014-10-06,34.38034464337663,2014-10-08,33.3951022844263,33790,33.4560741773827,0.4621352329969642,0.9242704659939278,-33291.33930893166,-33978.3790144388,-1.0659675876268917,stop_loss,2,-1.0659675876268917,348.51355364990894,338.5261518572294
PPC,2014-10-06,21.059424064844183,2014-10-08,19.860662319944957,55163,19.9573547487086,0.5510346580677912,1.1020693161355837,-66127.294133876,-66804.47655144923,-1.0877371571351748,stop_loss,2,-1.0877371571351748,348.51030290669996,328.6721146665371
PANW,2014-10-06,17.46244500003415,2014-10-09,17.01130500003312,66526,16.272625557238037,0.5949097213980565,1.1898194427961144,-30012.539640068695,-30700.559847820037,-0.3791667741962923,stop_loss,3,-0.3791667741962923,348.5119848216816,339.508222929661
TDG,2013-11-27,85.23887459352831,2014-10-10,112.20527410072573,12973,81.98932702371175,1.6247737849082757,3.2495475698165563,349835.1008068722,349066.66792456905,8.298508924034532,trailing_stop,317,8.298508924034532,331.7411760305529,436.69170627261445
CF,2014-09-24,38.961142079628765,2014-10-10,39.14749386821131,30193,37.6639470312065,0.6485975242111344,1.2971950484222674,5626.519552672894,4919.019339120953,0.1436574929955228,trailing_stop,16,0.1436574929955228,352.9061288430694,354.5940847088712
GPN,2014-10-06,36.21815004143507,2014-10-10,34.87437361852404,32075,34.87331950285907,0.6724152692879996,1.344830538575998,-43101.628764871195,-43785.71657378915,-0.999216172123748,stop_loss,4,-0.999216172123748,348.50914877370894,335.5786601442476
SBAC,2014-08-11,100.75630128306241,2014-10-13,98.0233573873964,11440,96.95371152945287,1.9012948768047717,3.8025897536095385,-31264.87816641917,-31947.089954976185,-0.7187059537705361,trailing_stop,63,-0.7187059537705361,345.7956260034702,336.4161625535445
XPO,2014-09-09,11.493833078483664,2014-10-13,11.709268954723465,103176,10.875149263323816,0.3093419075799243,0.6186838151598479,22227.811966917616,21509.61099030416,0.34821644103319305,trailing_stop,34,0.34821644103319305,355.76631651168924,362.43466010176445
ADP,2014-10-06,57.75817068658437,2014-10-13,55.99715171974803,10056,56.27649052292434,0.7408400818300163,1.4816801636600303,-17708.806730506225,-18051.983787141646,-1.1885284085104366,stop_loss,7,-1.1885284085104366,174.24484932728774,168.93220730813587
UTHR,2014-09-23,132.9328,2014-10-14,122.95692,8917,124.90957644691478,4.011611776542603,8.023223553085202,-88954.9219599999,-89639.4525499719,-1.2433755502380242,stop_loss,21,-1.2433755502380242,355.60853328,328.922056692
AMGN,2014-07-31,91.48937238601792,2014-10-15,93.62689446471771,12865,88.28236121289098,1.6035055865634746,3.2070111731269435,27499.22154247278,26784.76531056237,0.6665153201245735,trailing_stop,76,0.6665153201245735,353.1032327238362,361.352999186578
COST,2014-10-09,102.93716387136561,2014-10-15,100.23171151971019,11250,100.71222905257622,1.1124674093946998,2.224934818789393,-30436.33895612352,-31122.033910568403,-1.215969262923165,stop_loss,6,-1.215969262923165,347.412928065859,338.2820263790219
EW,2014-07-31,15.370355000034058,2014-10-16,16.34696999996665,76578,14.755082805965912,0.3076360970340732,0.6152721940681456,74787.223464838,74058.56867068297,1.587289348272457,trailing_stop,77,1.587289348272457,353.10931355778246,375.54548059723385
HRL,2014-10-03,19.35607589909188,2014-10-16,18.79898805561289,59572,18.863514022403333,0.24628093834427323,0.4925618766885478,-33186.837011730335,-33868.72905270324,-1.1310007327896423,stop_loss,13,-1.1310007327896423,345.92404603821046,335.9679949346914
BDX,2014-10-07,79.61926988929248,2014-10-16,78.1993218839347,14477,77.52573190562201,1.0467689918352348,2.0935379836704726,-20556.587273564604,-21242.009199494907,-0.6782528028788248,stop_loss,9,-0.6782528028788248,345.7944510561862,339.6274748741168
KO,2014-10-07,30.343975423314095,2014-10-16,29.70526210797046,37988,29.71053985789751,0.31671778270829326,0.6334355654165869,-24263.441423274067,-24947.786553875598,-1.008331944423706,trailing_stop,9,-1.008331944423706,345.8120815142567,338.53304908727455
DTE,2014-10-09,46.084045110420796,2014-10-16,44.837674500415346,12565,44.839365583831665,0.6223397632945669,1.244679526589131,-15660.646714718472,-16003.376136791518,-1.0013586496605698,stop_loss,7,-1.0013586496605698,173.71380804373118,169.01561402931563
KR,2014-10-09,21.571311668662297,2014-10-16,20.451801537683817,53688,21.00981094333646,0.28075036266291825,0.5615007253258355,-60104.259911972615,-60781.1009825193,-1.9937821635561284,stop_loss,7,-1.9937821635561284,347.4361742601424,329.40489628655064
AAPL,2014-04-29,18.510895364800984,2014-10-17,21.460703391979525,60670,17.88362929512386,0.3136330348385617,0.6272660696771233,178964.8530089221,178237.32993994994,4.702642418865275,trailing_stop,171,4.702642418865275,336.91680653474276,390.60626243741933
IEF,2014-10-13,81.48610866871078,2014-10-20,81.99380030656192,6983,80.85822718717193,0.31394074076942613,0.62788148153885,3545.2107071145,3202.736645802201,0.8085787728710473,trailing_stop,7,0.8085787728710473,170.70524905008222,171.76881226221656
VCIT,2014-10-09,57.450259824565364,2014-10-24,57.381787074629884,20158,57.04100294143573,0.20462844156481808,0.40925688312963615,-1380.2736931994198,-2074.709013617613,-0.16730995313227578,trailing_stop,15,-0.16730995313227578,347.4247012630766,347.01061915511673
BALL,2014-10-22,30.238604645264488,2014-10-28,29.177708102962043,37082,29.263471393981302,0.4875666256415928,0.9751332512831858,-39340.16558165924,-40001.14829445816,-1.08795032976919,stop_loss,6,-1.08795032976919,336.3923812367093,324.59033156221153
CCI,2014-10-22,52.49739976863347,2014-11-03,48.78521768606062,21359,50.69535160529145,0.9010240816710107,1.8020481633420218,-79288.49710167355,-79937.48572953799,-2.05997939349654,stop_loss,12,-2.05997939349654,336.38758849747273,312.6010393669706
HAS,2014-10-21,38.86774829662354,2014-11-14,38.160444995299414,28803,37.4747682453895,0.6964900256170199,1.3929800512340407,-20372.456988038753,-21038.049903454932,-0.5077626924359214,stop_loss,24,-0.5077626924359214,335.8523262562943,329.74058915988275
AEP,2014-10-23,37.04640024223734,2014-11-14,37.404202385517436,15086,35.792370210856106,0.6270150156906157,1.2540300313812338,5397.803133523537,5060.854596150844,0.28532182988153837,trailing_stop,22,0.28532182988153837,167.66459821631778,169.2839391563748
UNP,2014-10-24,87.06908912525144,2014-12-01,90.07528695455822,6448,83.01593965005961,2.0265747375959178,4.05314947519183,19383.96360337015,19041.295522281365,0.7416942917370463,trailing_stop,38,0.7416942917370463,168.42644600388638,174.2416350848974
CSX,2014-10-22,9.492205757271734,2014-12-02,9.66669357844423,118131,8.9969746126913,0.24761557229021638,0.4952311445804334,20612.420802928158,19933.44282169992,0.352336122398612,trailing_stop,41,0.352336122398612,336.39712749368016,342.5808537345586
ALK,2014-10-28,47.55386965693528,2014-12-02,50.416729366048315,23776,44.81844275980725,1.367713448564016,2.735426897128029,68067.35244387161,67368.54775516047,1.0465860784358023,trailing_stop,35,1.0465860784358023,339.1922414889879,359.61244722214946
WMT,2014-11-14,22.1335140621545,2014-12-10,22.577270514377744,52697,21.49287867716045,0.32031769249702446,0.6406353849940487,23384.633762808302,22677.796498359447,0.6926817697204887,trailing_stop,26,0.6926817697204887,349.9109371600067,356.92632728884917
NVR,2014-12-02,1276.7755,2014-12-11,1242.56619,932,1228.1168741345373,24.329312932731376,48.65862586546268,-31883.076919999963,-32587.484856523963,-0.7030471862190693,stop_loss,9,-0.7030471862190693,356.98642980000005,347.421506724
KDP,2014-10-24,9.005649522044806,2014-12-15,9.519701125199616,62342,8.670537670508201,0.16755592576830178,0.3351118515366043,32047.005043877158,31700.532820862005,1.5339702275455336,trailing_stop,52,1.5339702275455336,168.42906075099518,178.04316226415835
IBB,2014-10-24,92.1652711399962,2014-12-16,95.70159304115816,6091,87.82097209088714,2.1721495245545297,4.344299049109054,21539.736699977555,21196.44757905933,0.8140143809591589,trailing_stop,53,0.8140143809591589,168.41359995411503,174.87552096410832
MMM,2014-10-27,86.24885098809277,2014-12-16,91.89859120972127,6540,83.0969079968214,1.5759714956356845,3.151942991271369,36949.30104945043,36599.775767858315,1.7924626927816432,trailing_stop,50,1.7924626927816432,169.22024563863798,180.30503595347312
UNH,2014-10-22,75.87628238408026,2014-12-17,80.25390926096381,14778,72.8818984972747,1.4971919434027756,2.994383886805551,64692.56998658516,64000.38239494602,1.4619457766163928,trailing_stop,56,1.4619457766163928,336.3899103215814,355.7976813175569
KIM,2014-10-24,13.720290431620933,2014-12-17,14.304625851517466,81840,13.30531346300576,0.2074884843075863,0.4149769686151732,47822.010764332255,47133.94301974864,1.4081153029926667,trailing_stop,54,1.4081153029926667,336.8605706771571,351.2071739064568
EW,2014-10-27,19.446093333300094,2014-12-17,20.972339999967666,58018,18.5445690173986,0.4507621579507477,0.9015243159014936,88549.77910671916,87846.2801071803,1.6929622859272262,trailing_stop,51,1.6929622859272262,338.4670329034215,365.03196663543724
DG,2014-12-18,61.87514023202399,2014-12-22,58.99743910500798,19257,59.34477157285095,1.2651843295865164,2.5303686591730354,-55415.89060294731,-56114.18358103527,-1.137265558749249,stop_loss,4,-1.137265558749249,357.4588726344258,340.8341054535416
ETR,2014-12-15,27.630805657626638,2015-01-06,27.766852975432133,21594,26.625522926880315,0.502641365373161,1.0052827307463232,2937.805780691865,2578.928668535184,0.1353323932109065,trailing_stop,22,0.1353323932109065,178.9978852112369,179.87922694544443
CVS,2014-12-17,66.90584285750353,2015-01-06,68.07422925805535,17566,64.84737999671665,1.0292314303934376,2.058462860786875,20523.87551209335,19812.557528058776,0.5676013994759144,trailing_stop,20,0.5676013994759144,352.5804106904721,358.7375733441001
CTAS,2014-12-22,17.738591583900277,2015-01-06,17.21225948922151,68067,17.11545190410357,0.31156983989835424,0.6231396797967079,-35825.846688499696,-36539.546562497955,-0.8446454490756835,stop_loss,15,-0.8446454490756835,362.22381400240204,351.47605999585215
GPC,2014-10-22,66.1575112032093,2015-01-07,73.25309026529764,16949,63.889558332404235,1.133976435402531,2.267952870805061,120262.9695233354,119554.10843804848,3.1286272097751358,trailing_stop,77,3.1286272097751358,336.39109721495834,372.4699880719589
AZO,2014-12-10,606.8562499999999,2015-01-13,598.78062,991,587.546537365337,9.654856317331467,19.3097126346629,-8002.949329999933,-8361.385171450933,-0.41821595964630537,trailing_stop,34,-0.41821595964630537,180.41836312499998,178.017478326
ORLY,2014-10-22,10.607263333367033,2015-01-16,11.955366,52856,10.259637827703203,0.1738127528319148,0.34762550566382977,71255.31454755207,70897.54344673874,3.878031515721534,trailing_stop,86,3.878031515721534,168.19725322453436,189.5738475888
CBOE,2014-12-11,54.57658047225098,2015-01-22,55.033299244827475,21817,52.35988178956856,1.1083493413412104,2.21669868268242,9964.233461301366,9246.825837565117,0.20603556818278068,trailing_stop,42,0.20603556818278068,357.2091768489298,360.1984468873203
PG,2014-10-27,61.596969539162224,2015-01-28,63.12688979996523,18316,59.966881193403324,0.81504417287945,1.6300883457588995,28022.0194968678,27336.686834571163,0.9385505176964734,trailing_stop,93,0.9385505176964734,338.4630282237886,346.8696340728489
ZBH,2015-01-06,103.86924146534736,2015-01-30,99.08735367636916,11561,100.15361100154423,1.8578152319015644,3.715630463803123,-55283.404728376925,-55987.31908730694,-1.2869653846264648,stop_loss,24,-1.2869653846264648,360.2496901742643,343.66466875575117
AAL,2014-12-01,46.46719604177234,2015-02-02,45.97686002421701,12936,43.39170846504504,1.5377437883636487,3.075487576727298,-6342.986723095734,-6701.743615876626,-0.15943358746293734,trailing_stop,63,-0.15943358746293734,180.32989439891008,178.4269983819814
BXP,2015-01-07,87.18336221187452,2015-02-02,89.585268103007,13757,84.69316385495522,1.2450991784596563,2.490198356919308,33043.01934430942,32313.47753013687,0.9645440028737049,trailing_stop,26,0.9645440028737049,359.8144541846273,369.7273599879201
UNH,2015-01-22,91.40859562752834,2015-02-02,88.7156886112889,13542,87.94761719218688,1.7304892176707287,3.4609784353414597,-36467.34681391457,-37199.11973106319,-0.778076797226205,trailing_stop,11,-0.778076797226205,371.35656059639666,360.4163565522223
WELL,2015-01-16,54.13345972815793,2015-02-03,53.19494091414772,11255,52.268820446511604,0.9323196408231619,1.8646392816463262,-10563.0292516849,-10925.423596453646,-0.503324596477219,stop_loss,18,-0.503324596477219,182.78162677212526,179.61271799661978
DUK,2014-10-02,46.42786770249725,2015-02-09,51.72989527817468,24829,45.3115015473399,0.5581830775786766,1.1163661551573512,131644.04267649486,130912.89494738073,4.749362519799886,trailing_stop,130,4.749362519799886,345.8272581555913,385.3204709585398
ED,2014-10-09,38.32272526049252,2015-02-09,43.92036517457929,15110,37.397543975352825,0.46259064256984644,0.9251812851396934,84580.33910185109,84207.53117290892,6.050316844921458,trailing_stop,123,6.050316844921458,173.71691360581258,199.09101533636792
PNW,2014-12-03,41.484224812839834,2015-02-09,42.9420274395001,14423,40.16946537160282,0.6573797206185075,1.3147594412370154,21025.88728432104,20660.58333345039,1.1087979906717138,trailing_stop,68,1.1087979906717138,179.49809234267667,185.80585852797302
OHI,2015-01-07,17.41390939689381,2015-02-09,17.09314516408772,68877,16.780973421385323,0.31646798775424345,0.632935975508488,-22093.278062985155,-22806.300782084174,-0.5067878035347823,trailing_stop,33,-0.5067878035347823,359.8253512589566,353.19736784006096
VNQ,2015-01-15,55.44816850075617,2015-02-09,54.41051214786491,11006,54.132797380482124,0.6576855601370203,1.315371120274044,-11420.44581992122,-11783.177211686838,-0.7888696481910568,trailing_stop,25,-0.7888696481910568,183.0787627557967,179.65262900982034
LQD,2015-02-03,82.88822975462051,2015-02-09,81.71429834398465,14818,82.0288515223211,0.42968911614970506,0.8593782322994059,-17395.31564280216,-18127.0397212117,-1.366024139911963,stop_loss,6,-1.366024139911963,368.47133655119,363.2527418583494
TTWO,2014-11-03,26.586559999999995,2015-02-11,27.65232,43273,24.931070995860434,0.8277445020697798,1.655489004139561,46118.6324800002,45414.5087637282,0.6437735299570488,trailing_stop,100,0.6437735299570488,345.1440632639999,358.979653008
XEL,2014-12-02,24.0355933689195,2015-02-17,24.436237642003903,24755,23.276879933645077,0.3793567176372111,0.7587134352744229,9917.948980204394,9557.97292720177,0.5280574383653716,trailing_stop,77,0.5280574383653716,178.5003341542807,181.47571884834198
EXR,2015-01-07,40.99518976059874,2015-02-20,42.267588194813456,14628,39.72526224562455,0.6349637574870962,1.2699275149741922,18612.644295692848,18247.253920913314,1.001945716752639,trailing_stop,44,1.001945716752639,179.9032907454115,185.4870840341194
BALL,2015-02-17,32.96458283282969,2015-02-26,32.24680825488362,18923,31.612409241960147,0.6760867954347716,1.352173590869544,-13582.44833847355,-13952.64688453939,-0.5308302001997343,trailing_stop,9,-0.5308302001997343,187.13664028369087,183.0619057821488
CUBE,2014-10-24,12.741683606272673,2015-02-27,14.871356848618504,44063,12.305478619693094,0.2181024932897892,0.43620498657957896,93839.79207748435,93474.7780570152,4.882276241372827,trailing_stop,126,4.882276241372827,168.43104142295783,196.58297904620315
NOW,2015-01-30,14.536521999999996,2015-03-05,14.705279999999997,86078,13.597184734535377,0.4696686327323098,0.9393372654646193,14526.351124000035,13771.228374233237,0.17965645163298036,trailing_stop,34,0.17965645163298036,375.3824222147999,379.7403275519999
MO,2014-09-16,21.082445418283164,2015-03-12,25.378139309868526,56138,20.62643531124673,0.2280050535182175,0.45601010703643396,241151.66368581905,240369.20239417834,9.420172547276781,trailing_stop,177,9.420172547276781,355.05789626747406,427.40339537321984
AVGO,2015-02-27,9.846605152300699,2015-03-13,9.59862916390908,129081,9.321149908663651,0.2627276218185237,0.5254552436370474,-32008.988557578406,-32761.99164480961,-0.47192599444854805,stop_loss,14,-0.47192599444854805,381.302891899238,371.70019533196444
OLN,2015-03-05,21.750679318030798,2015-03-17,20.719553578311093,58638,20.664935956390682,0.5428716808200585,1.085743361640116,-60463.15112568408,-61210.26198065679,-0.9496956427733477,stop_loss,12,-0.9496956427733477,382.62490015520694,364.48595481750175
DD,2015-03-12,52.725350143306756,2015-03-17,50.37479627704904,11941,51.235089795660635,0.7451301738230591,1.490260347646121,-28067.963716983344,-28437.299371504985,-1.577277332762985,stop_loss,5,-1.577277332762985,188.87802181836776,180.45763270327276
ON,2015-02-09,11.271259999999998,2015-03-26,11.69829,109425,10.534607493903119,0.3683262530484398,0.7366525060968794,46727.75775000022,45973.724847375226,0.5796898761162187,trailing_stop,45,0.5796898761162187,370.0072876499999,384.025614975
CME,2015-02-09,59.71697145505637,2015-03-26,60.72905436701401,20653,57.278084796555504,1.219443329250432,2.438886658500863,20902.548380661166,20156.2768492702,0.4149774276840521,trailing_stop,45,0.4149774276840521,370.0003834383838,376.27114795258206
NBIX,2015-02-11,35.80577,2015-03-26,35.57439,34417,32.24180579853733,1.7819821007313366,3.5639642014626745,-7963.405460000051,-8700.41275001605,-0.06492208869691833,trailing_stop,43,-0.06492208869691833,369.698155827,367.30913418899996
CHTR,2015-03-13,192.44224999999997,2015-03-26,182.61720000000003,6618,183.79347470668085,4.324387646659554,8.648775293319119,-65022.18089999965,-65766.82393202966,-1.1360047714026587,stop_loss,13,-1.1360047714026587,382.07484315,362.56818888000004
EW,2015-03-17,24.607916666633432,2015-03-27,23.6380050000329,52295,23.52780941113239,0.5400536277505209,1.0801072555010407,-50721.530604874766,-51478.436746942265,-0.897977179266894,stop_loss,10,-0.897977179266894,386.06130062447863,370.8448414430162
SPGI,2015-02-09,86.91580772558615,2015-04-01,92.39067960570068,14190,83.07256686920152,1.921620428192315,3.843240856384625,77688.43197882525,76925.12426225597,1.424545607392611,trailing_stop,51,1.424545607392611,370.0005934878202,393.30712308146775
BIIB,2015-02-02,389.4190299999999,2015-04-02,414.9846,3150,364.2054619755253,12.60678401223731,25.213568024474625,80531.5455000003,79771.3840696503,1.0139608156681268,trailing_stop,59,1.0139608156681268,368.0009833499999,392.160447
AYI,2015-03-31,166.12349519133454,2015-04-02,162.61941205212054,7679,159.56726509666177,3.278115047336384,6.55623009467277,-26907.854426024332,-27665.17946144108,-0.5344661625072048,stop_loss,2,-0.5344661625072048,382.69869587227737,374.62633954447006
ADI,2015-03-31,51.366863497016524,2015-04-07,50.090059424703405,24836,49.080286473274995,1.1432885118707639,2.286577023741529,-31710.705939968633,-32466.641181273782,-0.5583910181271231,stop_loss,7,-0.5583910181271231,382.72422654357075,373.21101476158015
BURL,2014-12-16,46.71666999999999,2015-04-17,55.144800000000004,25428,43.983415581829796,1.3666272090851002,2.7332544181701977,214310.48964000025,213533.44960225225,3.0835512215662306,trailing_stop,122,3.0835512215662306,356.37344542799997,420.66659232
ROST,2014-10-13,32.98642062359783,2015-04-20,43.32863336346053,34501,31.93380397654816,0.5263083235248361,1.0526166470496712,356816.6817380031,356026.7980347209,9.825241476895123,trailing_stop,189,9.825241476895123,341.4193493804246,448.4643539018256
TRV,2014-10-24,74.8840368720684,2015-04-22,79.61771109313608,14994,72.95209970147194,0.9659685852982379,1.9319371705964699,70976.7112706887,70281.73150799162,2.4502216185457986,trailing_stop,180,2.4502216185457986,336.84337465793806,358.1363880391447
RMD,2014-12-18,47.795651036005395,2015-04-27,56.77526617238774,24930,46.234459418723105,0.780595808641144,1.5611916172822902,223861.8053500118,223079.71946021024,5.75177001783675,trailing_stop,130,5.75177001783675,357.46367409828434,424.6222157032879
HAS,2015-04-21,51.51355290151137,2015-04-28,49.27631497867836,24545,49.41985543642846,1.0468487325414504,2.0936974650829043,-54913.00481593624,-55655.171008072015,-1.0685583567559138,stop_loss,7,-1.0685583567559138,379.3200467902789,362.8461453454981
HLT,2015-03-30,59.67597923902373,2015-04-29,60.61208170723924,21228,57.34350980895047,1.1662347150366288,2.3324694300732602,19871.583195278825,19105.540707948643,0.40133536420501215,trailing_stop,30,0.40133536420501215,380.04050618579873,386.00198114438246
CAG,2015-04-06,19.032056788479114,2015-04-30,18.481940168481366,66252,18.28513855686656,0.37345911580627666,0.746918231612554,-36446.32630809082,-37191.93950600859,-0.7365151856182139,trailing_stop,24,-0.7365151856182139,378.2735479050955,367.33965001266824
LOW,2014-10-24,44.59843248483639,2015-05-01,55.27265759771242,12588,42.99524870610655,0.8015918893649193,1.6031837787298358,134367.14572088348,133989.99253629573,6.658141913918917,trailing_stop,189,6.658141913918917,168.42152043573614,208.73166415200117
TT,2015-02-02,55.21006464193444,2015-05-01,54.90838571292064,22220,53.03348496459916,1.0882898386676385,2.176579677335276,-6703.305802686557,-7437.3553927520215,-0.13860229062835563,trailing_stop,88,-0.13860229062835563,368.030290903135,366.019299162329
EL,2015-02-09,68.6127271383896,2015-05-01,70.91739402685627,8987,65.80930482934413,1.401711154522738,2.803422309045473,20712.041326649964,20335.854166976347,0.8220905145223653,trailing_stop,81,0.8220905145223653,184.98677363781218,191.20038603580718
DVA,2015-03-12,79.77969999999999,2015-05-01,81.60831,15784,77.32583380621315,1.226933096893416,2.453866193786837,28862.780240000186,28098.575735048187,0.7451954815751702,trailing_stop,50,0.7451954815751702,377.77283543999994,386.43166951200004
AMZN,2015-04-27,22.215193,2015-05-01,21.169808999999997,57111,21.218687596892504,0.49825270155374674,0.9965054031074949,-59702.92562400012,-60446.25387876672,-1.0490500068941768,stop_loss,4,-1.0490500068941768,380.6195662269,362.70868853969995
CBRE,2015-04-01,38.84881,2015-05-06,37.25271,32598,37.47522006161963,0.6867949691901856,1.3735899383803698,-52029.667799999996,-52773.89500468799,-1.1619916216640291,stop_loss,35,-1.1619916216640291,379.918052514,364.309152174
ASHR,2015-04-28,33.40910220542996,2015-05-07,30.762409134489566,37724,31.99282607618301,0.7081380646234753,1.416276129246949,-99843.84940815542,-100570.09123629156,-1.8687691024967514,stop_loss,9,-1.8687691024967514,378.09749147929193,348.14433665684527
VRSK,2015-04-30,72.23832504621141,2015-05-07,66.96142608191215,17296,69.9968960621911,1.120714492010157,2.2414289840203168,-91269.24448652007,-91991.52415517367,-2.3542565934140844,stop_loss,7,-2.3542565934140844,374.8302209997818,347.44944765382576
STWD,2015-04-06,8.62964330755689,2015-05-13,8.470924445542956,146114,8.415548971752903,0.10704716790199335,0.21409433580398662,-23191.047804304006,-23940.637511306933,-0.7413501222155121,trailing_stop,37,-0.7413501222155121,378.2735106721102,371.316196330819
YUM,2015-05-04,53.454218998252315,2015-06-01,52.13484419943894,23312,51.51680657217899,0.968706213036663,1.9374124260733225,-30757.265309937466,-31495.71298231684,-0.6809984188485045,trailing_stop,28,-0.6809984188485045,373.83742598617744,364.6102463931962
AXON,2015-05-04,32.862829999999995,2015-06-02,30.73923,37919,30.23836299470401,1.3122335026479934,2.624467005295987,-80524.78839999986,-81248.30635394187,-0.8091547715077855,trailing_stop,29,-0.8091547715077855,373.83769523099994,349.68025871099996
STE,2014-10-23,52.285664441038854,2015-06-05,56.8569070602714,21378,50.09927990000512,1.0931922705168655,2.186384541033732,97724.02471395345,97024.04974588695,2.0907770492519338,trailing_stop,225,2.0907770492519338,335.3288803261585,364.6460877403446
IDCC,2015-06-02,49.27654925084632,2015-06-09,47.04384246244118,25550,47.06426803799382,1.106140606426252,2.2122812128525027,-57045.658443751476,-57783.95424623383,-1.0092328115584848,stop_loss,7,-1.0092328115584848,377.70475000773706,360.5910524746116
EQIX,2015-05-01,199.53409861464186,2015-06-10,200.02742863936143,6192,191.55409259474303,3.9900030099494246,7.980006019898838,3054.6995130635705,2312.4740200365336,0.06182075846677404,trailing_stop,40,0.06182075846677404,370.65454158655876,371.5709514404778
FXI,2015-03-31,33.78302806821915,2015-06-11,37.15433011806767,37763,32.793520486542086,0.4947537908385328,0.9895075816770671,127310.47930842952,126506.8370712729,3.407050246279735,trailing_stop,72,3.407050246279735,382.72454668204796,420.9176904745769
EL,2015-05-06,75.39437389023067,2015-06-16,75.28232049125403,16426,72.86232734992961,1.266023270150526,2.532046540301053,-1840.5891315903127,-2583.093746163393,-0.04425408348273039,trailing_stop,41,-0.04425408348273039,371.52839565627863,370.9762189168016
HUM,2015-06-01,194.98192361402786,2015-06-16,185.27127081992742,6450,185.49176755976322,4.745078027132318,9.490156054264645,-62633.71052194784,-63369.50045317754,-1.0232342585912177,stop_loss,15,-1.0232342585912177,377.29002219314395,358.4999090365596
LLY,2015-06-10,68.06513877229999,2015-06-22,69.01448635127454,18427,65.82846119998018,1.1183387861599043,2.236677572319806,17493.627837764092,16735.83796211846,0.42444543224436326,trailing_stop,12,0.42444543224436326,376.2708936471515,381.51898199848074
XPO,2015-04-30,16.7906898886727,2015-06-25,16.114497021130514,74412,15.687583937468556,0.5515529756020711,1.1031059512041423,-50316.86365954901,-51051.42589004869,-0.6129899551389937,trailing_stop,56,-0.6129899551389937,374.8286447987738,359.73358570090915
TSN,2015-06-25,34.71676773674561,2015-06-29,33.25689801218685,37316,33.62892725654534,0.543920240100136,1.0878404802002706,-54476.498641634586,-55237.450234960736,-1.3419887852399062,stop_loss,4,-1.3419887852399062,388.64727145931977,372.3043218668294
SHW,2014-12-12,74.93436393033573,2015-06-30,83.43396656968577,8009,72.62751741055607,1.1534232598898364,2.3068465197796684,68073.31753855439,67692.80595086199,3.684511547028211,trailing_stop,200,3.684511547028211,180.04479621541765,200.46679147698399
APTV,2015-04-07,64.95700878098019,2015-06-30,66.320957674845,19552,62.55044225543759,1.2032832627713024,2.406566525542601,26667.928772844876,25897.904732801588,0.5667613504086658,trailing_stop,84,0.5667613504086658,381.0118307057174,389.0122093375709
FTNT,2015-04-22,7.659651999999999,2015-06-30,8.187804,164992,7.25003529167563,0.20480835416218426,0.4096167083243687,87140.85478400021,86356.44374589462,1.2893809975685036,trailing_stop,69,1.2893809975685036,379.13439083519995,405.27664727039996
SF,2015-06-11,23.15902691160193,2015-06-30,22.544759463981396,54856,22.246455178944853,0.45628586632853974,0.9125717326570779,-33696.25510667203,-34448.39317829773,-0.6731168911314076,stop_loss,19,-0.6731168911314076,381.1234740788507,371.014597546849
XLF,2015-06-19,16.64662320433145,2015-06-30,16.24255877782767,38762,16.32071619942959,0.16295350245093052,0.3259070049018611,-15662.345300139514,-16044.80044173725,-1.2398151019351484,stop_loss,11,-1.2398151019351484,193.5769225938887,188.87821900384685
AGCO,2015-07-01,45.319378597844874,2015-07-02,44.07665533511691,28249,43.64450454182869,0.8374370280080946,1.6748740560161863,-35105.689448802244,-35863.29401757392,-0.7419801257677094,stop_loss,1,-0.7419801257677094,384.068137803156,373.5364309685153
PNR,2015-07-01,38.6162219624217,2015-07-07,36.88069188355067,33153,37.28066788432543,0.6677770390481311,1.3355540780962656,-57538.028704811244,-58288.9134602319,-1.2994831937804423,stop_loss,6,-1.2994831937804423,384.07308201604997,366.8116734046066
EWBC,2015-05-13,33.39968297076113,2015-07-08,34.190239216793714,37185,32.22428288648114,0.5877000421399938,1.1754000842799854,29396.83400872174,28642.834631758473,0.67258481312502,trailing_stop,56,0.67258481312502,372.59016338032575,381.40921358294224
CI,2015-06-16,140.67712884885015,2015-07-08,137.86834890081158,8954,133.62604570540452,3.525541571722809,7.051083143445624,-25149.81565473729,-25898.04451706843,-0.3983473022367465,trailing_stop,22,-0.3983473022367465,377.88690351378125,370.3419588173601
AOS,2015-01-28,24.63772941983537,2015-07-09,27.256487385945825,50929,23.607875378930817,0.514927020452276,1.029854040904553,133370.72445603932,132577.84828572883,2.5428438031959533,trailing_stop,162,2.5428438031959533,376.43247648683865,416.4436938236505
COF,2015-06-11,71.43439763313624,2015-07-09,71.48016546514421,17784,69.6579685529761,0.8882145400800725,1.776429080160142,813.9351244297023,51.4573473877565,0.025763951130456656,trailing_stop,28,0.025763951130456656,381.11679825230846,381.3609787896374
HALO,2015-07-01,23.033009999999997,2015-07-09,21.90807,55583,21.2883889275991,0.8723105362004482,1.7446210724008964,-62527.54001999993,-63276.92803489193,-0.6448047761178818,stop_loss,8,-0.6448047761178818,384.07313844899994,365.31487644299995
COTY,2015-02-09,18.90120901601465,2015-07-13,24.950370498759117,65252,17.880886078789196,0.5101614686127278,1.0203229372254548,394719.88507204194,393861.46409209253,5.928673424900002,trailing_stop,154,5.928673424900002,370.00250721389637,488.418472735509
FAF,2015-07-13,27.764768905453398,2015-07-14,26.96944968980689,45464,26.862412262213784,0.45117832161980687,0.9023566432396137,-36158.39282015283,-36904.92377441731,-0.8813801301347732,stop_loss,1,-0.8813801301347732,378.68923605526004,367.84171820921415
VLO,2015-07-14,44.62588257755994,2015-07-16,43.11275235535734,14334,42.647713100355496,0.9890847386022219,1.978169477204446,-21689.20860505214,-22066.50228299067,-0.7649143511914684,stop_loss,2,-0.7649143511914684,191.90022026002327,185.3934576785076
DE,2015-06-29,79.57214335056281,2015-07-24,77.61832262607074,16328,77.41462296831115,1.078760191125831,2.1575203822516613,-31901.98478950661,-32671.96656804655,-0.9055862185890462,stop_loss,25,-0.9055862185890462,389.7761869883969,380.2055915515449
DY,2015-07-07,65.80573999999999,2015-07-27,63.29664,19406,62.574751722618586,1.6154941386906991,3.2309882773813996,-48691.59459999979,-49443.2028358838,-0.7765735386800986,trailing_stop,20,-0.7765735386800986,383.10785713199994,368.50037875199996
SNA,2015-04-24,117.94735960346257,2015-07-28,121.26837688072467,5397,114.49055993742469,1.7283998330189434,3.456799666037881,17923.530245383557,17536.21604644201,0.9607202031087293,trailing_stop,95,0.9607202031087293,190.96856993396628,196.3456290075813
CAG,2015-06-22,22.323574978202405,2015-07-28,22.23192363810266,57717,21.578184201028535,0.3726953885869354,0.7453907771738706,-5289.840396536954,-6061.323310628139,-0.12295743777141722,trailing_stop,36,-0.12295743777141722,386.53493310507247,384.9479809861113
MPC,2015-07-08,39.606367424500476,2015-07-28,38.885094645662406,32226,37.787832562006706,0.9092674312468846,1.8185348624937703,-23243.736570835656,-24002.576327837574,-0.3966230143363783,trailing_stop,20,-0.3966230143363783,382.9064389865857,375.933318015335
GME,2015-07-10,8.95852040088363,2015-07-28,8.602204848738202,140092,8.558412736001376,0.20005383244112757,0.40010766488225435,-49916.95833115736,-50654.993467658365,-0.8905491781825442,stop_loss,18,-0.8905491781825442,376.5051120001769,361.53002450082965
BIO,2015-05-07,142.89274999999998,2015-08-07,146.01384,8617,137.91189648814517,2.4904267559274063,4.980853511854804,26894.432530000082,26147.580104191085,0.6266175049259293,trailing_stop,92,0.6266175049259293,369.3920480249999,377.46037778399995
JAZZ,2015-07-29,192.19199999999998,2015-08-07,183.85595999999998,6578,183.4792449456961,4.356377527151935,8.71275505430387,-54834.47111999998,-55576.56416426398,-0.9567628090132311,stop_loss,9,-0.9567628090132311,379.2716927999999,362.821351464
USB,2015-07-16,31.33255233180231,2015-08-13,30.649730685195873,20297,30.396001373334293,0.4682754792340095,0.9365509584680183,-13859.230961170879,-14236.647280689684,-0.7290811465543501,stop_loss,28,-0.7290811465543501,190.78704440357745,186.62927511522622
MDLZ,2015-08-07,36.70644837320048,2015-08-13,36.49224234330204,35299,35.54930802265213,0.5785701752741763,1.157140350548353,-7561.258649385099,-8336.410824465645,-0.18511672313296526,stop_loss,6,-0.18511672313296526,388.71027633768114,386.4418987428656
GWRE,2015-07-10,57.006949999999996,2015-08-14,56.29365,22015,54.511885160063976,1.2475324199680098,2.4950648399360205,-15703.299499999928,-16451.59331269993,-0.2858843540187466,trailing_stop,35,-0.2858843540187466,376.50240127499995,371.79141142500004
DPZ,2014-10-24,76.77750654002135,2015-08-21,93.96524582595168,14625,74.38988953719064,1.193808501415351,2.3876170028307087,251370.68705673114,250621.55323072543,7.198700321514259,trailing_stop,301,7.198700321514259,336.86130994434365,412.272516061363
EA,2015-05-07,59.45629514568674,2015-08-21,63.26360624163608,20711,56.81203949097714,1.3221278273547974,2.644255654709596,78853.22010820688,78090.72454491703,1.43984228195495,trailing_stop,106,1.43984228195495,369.4197986286954,393.07576466115745
AYI,2015-07-13,186.2170417669022,2015-08-21,192.92181981925694,6778,179.65920641289728,3.278917677002474,6.557835354004936,45444.98563886033,44674.044677711034,1.022407195426163,trailing_stop,39,1.022407195426163,378.65373272881897,392.28722842047705
FTNT,2015-07-24,9.469459999999998,2015-08-21,8.759232,135079,8.966005029719623,0.2517274851401871,0.5034549702803748,-95936.88801199962,-96675.58205800001,-1.4107080909430096,stop_loss,28,-1.4107080909430096,383.7375562019999,354.9564897984
CDNS,2015-07-29,20.8208,2015-08-21,20.29968,30363,19.97436118153273,0.42321940923363455,0.84643881846727,-15822.766559999995,-16197.328900271996,-0.6156617449842896,trailing_stop,23,-0.6156617449842896,189.65458511999998,184.90775515199996
DXCM,2015-08-07,23.145622499999995,2015-08-21,22.425052500000003,55981,21.91290476217582,0.6163588689120871,1.2327177378241743,-40338.229169999526,-41103.55675715202,-0.5845377071249447,trailing_stop,14,-0.5845377071249447,388.71452795174986,376.61305920075006
ACN,2015-03-27,76.89185562471135,2015-08-24,75.43049402891656,16379,74.0715071134452,1.4101742556330836,2.820348511266161,-23935.641577523005,-24684.107907016038,-0.518149296073604,trailing_stop,150,-0.518149296073604,377.8235109831442,370.64281850988726
NFLX,2015-04-17,7.985827014165001,2015-08-24,8.866125,159372,7.5370315755385455,0.22439771931322766,0.44879543862645566,140294.85059849548,139489.13180957502,1.961468210392607,trailing_stop,129,1.961468210392607,381.8151668704513,423.90362204999997
BF-B,2015-06-05,32.36568741610472,2015-08-24,31.772893934896214,38772,31.478075729254307,0.44380584342520574,0.8876116868504127,-22983.788853416205,-23729.82317625851,-0.667852271427346,trailing_stop,80,-0.667852271427346,376.46472974916367,369.5695930931388
WRB,2015-07-02,12.863357665761246,2015-08-24,12.335599172741015,99962,12.489208020683307,0.18707482253896895,0.3741496450779387,-52755.79447928836,-53511.47591633546,-1.4105545734522733,trailing_stop,53,-1.4105545734522733,385.7540876954477,369.9273493516612
ROST,2015-07-14,47.03851255980724,2015-08-24,41.76623220566243,27198,45.36781835857783,0.8353471006147062,1.6706942012294093,-143395.48107203038,-144120.07450646974,-3.1557422957864496,stop_loss,41,-3.1557422957864496,383.8060393804912,340.78739505888205
AMZN,2015-07-27,26.4138875,2015-08-24,23.155821000000003,48132,25.063409095983555,0.6752392020082234,1.350478404016446,-156817.25677799992,-157533.02354085652,-2.412527657095598,stop_loss,28,-2.412527657095598,381.40596994500004,334.3607929116
MAS,2015-07-29,21.94143424391874,2015-08-24,21.201085203712505,57625,20.917653499594664,0.5118903721620368,1.0237807443240747,-42662.61344188418,-43408.43974683511,-0.7231519486089083,trailing_stop,26,-0.7231519486089083,379.31254449174514,366.51376045918
GPN,2015-07-29,52.03501804820259,2015-08-24,50.102112264351526,12149,50.08355311216946,0.9757324680165629,1.9514649360331262,-23482.872368006556,-23855.131566856722,-0.9904896307182488,trailing_stop,26,-0.9904896307182488,189.65203028028398,182.60716856988202
AZO,2015-08-14,739.7389999999999,2015-08-24,666.333,1762,718.1728838299831,10.783058085008383,21.566116170016812,-129341.37199999992,-130084.62165919993,-3.403765398521579,stop_loss,10,-3.403765398521579,391.02603539999996,352.2236238
ORLY,2015-08-14,16.964948,2015-08-24,15.587064000033616,38420,16.423074304342887,0.2709368478285571,0.5418736956571131,-52938.303278708474,-53313.49776902086,-2.5428139638619434,stop_loss,10,-2.5428139638619434,195.53799064799998,179.65649966438744
FLG,2015-05-01,30.11929845261943,2015-08-25,31.20020872417152,41022,29.27694670521149,0.42117587370396914,0.8423517474079389,44341.10115960993,43586.46651258803,1.28320535320101,stop_loss,116,1.28320535320101,370.66615833700627,383.9684886848892
ACGL,2015-07-02,21.75775811790606,2015-08-25,21.850455579521014,29549,21.17990872380515,0.28892469705045537,0.5778493941009124,2739.1172932602644,2352.543561296683,0.16041803030560148,stop_loss,54,0.16041803030560148,192.87599838780187,193.69773357577992
HIG,2015-07-02,35.11244313068201,2015-08-25,36.33956498999246,18310,34.00540245509684,0.5535203377925836,1.1070406755851678,22468.601243974354,22076.11536336749,1.1084704350739503,stop_loss,54,1.1084704350739503,192.87265011683627,199.61323049002857
PGR,2015-07-08,21.235945790558105,2015-08-25,21.52466502113191,30052,20.670004793686942,0.28297049843558175,0.5659409968711628,8676.590317203958,8291.077754370086,0.5101578294733987,stop_loss,48,0.5101578294733987,191.45479286935566,194.05776996451684
DINO,2015-07-14,31.57075181901925,2015-08-25,32.8010014719761,20262,30.14342495896847,0.7136634300253903,1.4273268600507798,24927.318468211695,24536.028328657052,0.8619256649546143,stop_loss,42,0.8619256649546143,191.9059720070904,199.38416754755391
FIS,2015-08-13,57.906939321627064,2015-08-25,55.35740990038437,22398,55.90415137248162,1.0013939745727232,2.002787949145443,-57104.359976993896,-57865.42844515628,-1.27299019465867,stop_loss,12,-1.27299019465867,389.09988807774096,371.9685800846428
GT,2015-10-29,30.27264831069623,2015-10-30,28.82487027700088,19565,28.693039627329934,0.7898043416831481,1.5796086833662955,-28325.777229249525,-28672.650114600012,-0.9165422100681279,stop_loss,1,-0.9165422100681279,177.68530925963154,169.18757609085665
KO,2015-10-23,31.201233087487207,2015-11-03,30.326448975133033,18913,30.318519705208185,0.44135669113951154,0.8827133822790216,-16544.79191695449,-16893.89383220959,-0.9910171635731005,stop_loss,11,-0.9910171635731005,177.03267641509368,172.06923884000733
KDP,2015-10-23,12.421833697739087,2015-11-09,11.851320770508657,47507,12.021116973256897,0.20035836224109507,0.40071672448219076,-27103.357633936044,-27449.30105873296,-1.4237312604500132,stop_loss,17,-1.4237312604500132,177.03721604354723,168.90620875336643
KMB,2015-10-23,83.91029647502178,2015-11-09,81.1964377574393,7032,81.57224789653667,1.1690242892425595,2.3380485784851146,-19083.854502040016,-19432.163668576817,-1.1607366684146765,stop_loss,17,-1.1607366684146765,177.01716144370596,171.29200509309396
MSCI,2015-11-03,63.09384562195258,2015-11-09,60.19227119274917,9445,60.507984311399106,1.2929306552767372,2.585861310553476,-27405.37048382625,-27754.701695820706,-1.122092053955656,stop_loss,6,-1.122092053955656,178.77641156980266,170.5548004246548
NOC,2015-10-29,158.80926378631193,2015-11-10,152.082392017026,3729,152.76537521293574,3.021944286688097,6.043888573376194,-25084.504827667253,-25432.299323014446,-1.1130039357307706,stop_loss,12,-1.1130039357307706,177.65992339774718,170.13457194944698
BKNG,2015-11-02,57.324377092846575,2015-11-10,50.95015014122944,10306,54.917876052378425,1.2032505202340746,2.40650104046815,-65692.78296336616,-66027.54614666848,-2.6487530420419505,stop_loss,8,-2.6487530420419505,177.23550909566308,157.5276742066532
DLR,2015-11-02,51.17359245139817,2015-11-10,49.68842448108261,23091,49.299016361765425,0.9372880448163741,1.8745760896327468,-34294.01360255656,-34992.715052452935,-0.7922687046576602,stop_loss,8,-0.7922687046576602,354.4948269885706,344.2066229078036
ORLY,2015-10-30,18.418399999966663,2015-11-13,17.704278,32088,17.720992890454518,0.3487035547560731,0.6974071095121452,-22914.746734930333,-23262.478082429214,-1.0239671925143004,stop_loss,14,-1.0239671925143004,177.3028857596791,170.42846173919997
EXPE,2015-11-02,128.72778666328512,2015-11-13,120.50012961697632,9179,120.54510897783274,4.091338842726186,8.182677685452376,-75521.66402806841,-76207.96294112936,-1.0054968999862213,trailing_stop,11,-1.0054968999862213,354.4777061346882,331.82120692626773
KRE,2015-11-09,35.537859394439145,2015-11-13,33.9685798400671,16846,34.1226401530595,0.707609620689823,1.4152192413796456,-26436.08337295147,-26787.35501555482,-1.108859679467198,stop_loss,4,-1.108859679467198,179.60123380761655,171.6704087957311
EEFT,2015-10-23,81.35126999999999,2015-11-16,76.71321,7254,77.18097595485703,2.085147022571477,4.170294045142953,-33644.487239999864,-33988.46716137586,-1.1121661805602954,stop_loss,24,-1.1121661805602954,177.03663377399994,166.943287602
ALGN,2015-10-26,67.067,2015-11-17,65.26467,8780,63.11257444690654,1.9772127765467247,3.9544255530934507,-15824.457399999981,-16173.019018779982,-0.4557754282641834,stop_loss,22,-0.4557754282641834,176.65447799999998,171.90714077999996
RCL,2015-10-26,85.85582058392454,2015-11-17,83.08725718427073,13718,81.26271454533948,2.2965530192925296,4.593106038585063,-37979.152716451026,-38674.42105869826,-0.6027649647963905,stop_loss,22,-0.6027649647963905,353.331044031083,341.9372982161477
OZK,2015-11-11,39.777440725556,2015-11-17,38.72190525472385,14880,37.777474846065914,0.9999829397450414,1.9999658794900839,-15706.367805982352,-16056.788886438322,-0.5277767394218091,stop_loss,6,-0.5277767394218091,177.56649539888198,172.8545850570873
BYD,2015-10-26,18.028322215896768,2015-12-04,18.178750313247363,32665,16.948976878066773,0.5396726689149977,1.079345337829995,4913.733799957183,4558.922592707835,0.13936975690563316,trailing_stop,39,0.13936975690563316,176.66854355468038,178.14266369466753
FISV,2015-10-29,48.09804999999999,2015-12-04,46.8531,12314,46.53908654217934,0.7794817289103266,1.5589634578206528,-15330.314299999947,-15681.082838329947,-0.798575485367931,trailing_stop,36,-0.798575485367931,177.68381631,173.08472202
AIZ,2015-11-23,69.78886286766317,2015-12-04,67.90622684831546,17035,67.44869545966836,1.1700837039974072,2.3401674079948123,-32070.704589588313,-32774.39534558182,-0.8044877528487858,stop_loss,11,-0.8044877528487858,356.65598368519267,347.0347723083161
PSX,2015-11-02,59.43813081056255,2015-12-08,57.77601953627905,9940,56.48651413223533,1.4758083391636094,2.9516166783272197,-16521.386066377956,-16870.91866271224,-0.5631189464702006,trailing_stop,36,-0.5631189464702006,177.24450607709753,172.2880902571841
ROP,2015-10-27,170.94358689631937,2015-12-09,174.32341546507087,3453,164.716847573417,3.1133696614511903,6.226739322902375,11670.548047898901,11312.885960152737,0.542792687068214,trailing_stop,43,0.542792687068214,177.08046166589725,180.5816260802669
ICE,2015-10-28,44.81871779538292,2015-12-10,44.086012226884485,13154,42.68256264662804,1.0680775743774422,2.136155148754881,-9638.009048028463,-9988.844893642336,-0.3430020375278065,trailing_stop,43,-0.3430020375278065,176.86362416414008,173.97222144973156
WAL,2015-10-29,31.63325126932435,2015-12-10,31.363087808611255,18723,30.000598861106653,0.8163262041088484,1.632652408217698,-5058.270474931302,-5412.114611898159,-0.16547518587132887,trailing_stop,42,-0.16547518587132887,177.68080905466795,176.16332791218855
STE,2015-10-29,63.332844912087346,2015-12-10,64.64139463852227,18704,60.3008977874354,1.5159735623259705,3.0319471246519427,24475.114083238852,23757.025030272474,0.4315872515702736,trailing_stop,42,0.4315872515702736,355.3732593707045,362.71579359567613
PBF,2015-11-19,28.44355790910045,2015-12-10,27.99111979715489,41563,26.259279958872472,1.0921389751139885,2.184277950227976,-18804.68524679321,-19508.36359964474,-0.20713394643677835,trailing_stop,21,-0.20713394643677835,354.6598792127826,349.01847363874464
DHR,2015-10-23,60.385153451216524,2015-12-14,59.70815703783721,9772,58.21560079589994,1.0847763276582936,2.1695526553165863,-6615.608951542655,-6967.674500572365,-0.31204424180270696,trailing_stop,52,-0.31204424180270696,177.02511585758637,175.04043317212356
XRAY,2015-10-23,51.0098266028328,2015-12-14,51.85800557170825,23138,48.880691015726214,1.0645677935532958,2.129135587106589,19625.164981840036,18911.11821158368,0.3983677573245048,trailing_stop,52,0.3983677573245048,354.0796103809036,359.96715987545565
MANH,2015-10-26,74.56448999999999,2015-12-14,70.29963000000001,15795,70.07017616793944,2.247156916030275,4.494313832060556,-67363.46369999976,-68049.90233261976,-0.9489457477526951,stop_loss,49,-0.9489457477526951,353.323835865,333.11479675500004
AMZN,2015-10-26,30.14511499999999,2015-12-14,32.055412499999996,19535,28.453950632818227,0.8455821835908809,1.6911643671817629,37317.66166250011,36953.13547108637,1.129575301532291,trailing_stop,49,1.129575301532291,176.66544645749994,187.86074495625
CRM,2015-11-20,79.58121364030288,2015-12-14,75.3578350582306,7428,75.58791327375621,1.9966501832733319,3.993300366546663,-31371.256107632835,-31716.52228375265,-1.0576160554946124,stop_loss,24,-1.0576160554946124,177.33877647605095,167.92739964376108
LEA,2015-10-26,98.43539485133586,2015-12-15,99.49047878118066,5982,93.70207498946598,2.366659930934938,4.733319861869873,6311.512068331584,5956.31429551067,0.22290569000929358,trailing_stop,50,0.22290569000929358,176.6521596002073,178.5456132207068
GPN,2015-10-29,64.6478304864459,2015-12-17,62.218392381554295,9161,61.47501007717388,1.5864102046360111,3.1728204092720205,-22256.08247891197,-22604.748919220096,-0.7657029997008303,stop_loss,49,-0.7657029997008303,177.67163252589927,170.99480778222565
VC,2015-11-10,68.04935341142048,2015-12-18,66.56534937414057,17363,65.61351831104238,1.217917550189048,2.4358351003780996,-25766.76209929119,-26467.9566246309,-0.6092383006754291,trailing_stop,38,-0.6092383006754291,354.46227698474814,346.7322483549608
ORI,2015-10-29,8.52079553430567,2015-12-21,8.544944398200071,69511,8.199746831091321,0.16052435160717404,0.3210487032143483,1678.6116781637515,1322.7346836292295,0.07521869315347655,trailing_stop,53,0.07521869315347655,177.6867055155364,178.19028901898554
MTN,2015-12-08,92.08064551639603,2015-12-21,91.8673877603198,13059,88.14127241426866,1.9696865510636887,3.9393731021273766,-2784.933036599506,-3505.5862465676955,-0.054134947502450584,trailing_stop,13,-0.054134947502450584,360.7443449395848,359.90886502860485
XLP,2015-12-17,38.786902099835444,2015-12-21,37.78989269157503,15295,37.84769734471931,0.46960237755806905,0.9392047551161369,-15249.258899343089,-15600.631522243475,-1.061546380413218,stop_loss,4,-1.061546380413218,177.97370028509496,173.39892261529198
VRSN,2015-10-26,79.02083535062376,2016-01-05,80.41777391802317,7452,75.93251302472349,1.5441611629501302,3.088322325900265,10409.986204260455,10053.545249379467,0.45232926488403397,trailing_stop,71,0.45232926488403397,176.65897950985445,179.7819753711326
EFX,2015-12-17,102.31087222587442,2016-01-05,99.50524667133229,11597,98.63721856263791,1.8368268316182526,3.6736536632365073,-32536.83955602511,-33238.97801528039,-0.7637153122568343,stop_loss,19,-0.7637153122568343,355.9497555610397,346.1887036942322
NVDA,2015-11-09,0.759143301053291,2016-01-07,0.7482635194877293,1577245,0.7167350292405557,0.021204135906367653,0.04240827181273532,-17160.081075374343,-17873.34603657361,-0.2565485717881684,trailing_stop,59,-0.2565485717881684,359.20649276093934,354.05846843832705
HD,2015-11-18,97.87623159190463,2016-01-07,98.48959431041763,5966,94.62895906575883,1.6236362630728933,3.2472725261457924,3659.3219786485724,3307.866423448596,0.1888855073217419,trailing_stop,50,0.1888855073217419,175.1788793031909,176.27667589678546
MCD,2015-10-23,85.49150527548021,2016-01-08,89.51984236504494,13805,82.38596340249705,1.5527709364915772,3.105541872983153,55611.19352144109,54886.38402518786,1.2971446705032343,trailing_stop,77,1.2971446705032343,354.0630690984013,370.7464271548336
GE,2015-10-23,124.86131072071245,2016-01-08,123.09817734044059,4726,119.62495116335425,2.618179778679101,5.236359557358199,-8332.568355164844,-8684.125317337946,-0.3367097619937672,trailing_stop,77,-0.3367097619937672,177.0283663398261,174.52859583327665
MSFT,2015-10-26,45.528369947648734,2016-01-08,45.606872993295966,25869,43.39595425003169,1.0662078488085198,2.1324156976170414,2030.795287848227,1323.5220079564374,0.03681413794456582,trailing_stop,74,0.03681413794456582,353.3320206527175,353.94125923907205
GOOG,2015-10-26,34.803949719035344,2016-01-08,36.214788949827664,16920,33.00628283260586,0.8988334432147426,1.7976668864294822,23871.399785006048,23510.908667522897,0.784816831996345,trailing_stop,74,0.784816831996345,176.6648487738234,183.82626870932523
GOOGL,2015-10-26,35.718428131596326,2016-01-08,37.022406937057184,16487,33.8792709330978,0.9195785992492624,1.8391571984985262,21498.698565633164,21138.915121300095,0.7090088908797009,trailing_stop,74,0.7090088908797009,176.6669173816886,183.11652695137855
HRL,2015-12-17,30.46913618816119,2016-01-12,30.034543046734544,38943,29.416255852421294,0.526440167869948,1.0528803357398964,-16924.360706577874,-17631.21914071124,-0.41276593994059346,stop_loss,26,-0.41276593994059346,355.9678711726683,350.89056296069504
SJM,2015-11-20,88.49334453297735,2016-01-14,86.19809464944902,13360,84.78779330004747,1.8527756164649354,3.705551232929878,-30664.53844393846,-31364.701732181627,-0.619408487226214,trailing_stop,55,-0.619408487226214,354.6813248881732,345.48196335499165
KR,2015-12-04,32.32449239007521,2016-01-14,32.001181910633555,36690,31.08140051628885,0.6215459368931789,1.2430918737863585,-11862.261490714209,-12570.29418774211,-0.2600857476904535,trailing_stop,41,-0.2600857476904535,355.7956877375578,352.2370092903435
FSLR,2015-12-17,66.56649999999999,2016-01-14,60.7392,17825,61.4565170877112,2.554991456144395,5.1099829122887925,-103871.6224999999,-104552.3897307499,-1.1403756333482358,stop_loss,28,-1.1403756333482358,355.9643587499999,324.802872
TSN,2015-11-24,37.182404142200426,2016-01-20,37.57349512314353,32083,35.2581804529278,0.9621118446363097,1.9242236892726226,12547.371941597628,11827.85388675862,0.2032461106904579,trailing_stop,57,0.2032461106904579,357.8769216282649,361.64113321074416
KIM,2016-03-18,17.42651112993654,2016-03-22,16.73178046579125,66210,16.809553793644955,0.30847866814579145,0.6169573362915841,-45998.11727305963,-46676.603419025574,-1.1260594911168196,stop_loss,4,-1.1260594911168196,346.14279057392946,332.3433553920115
GGG,2016-03-21,24.63005677405967,2016-03-28,23.99183865121568,23385,23.57800843229933,0.5260241708801703,1.0520483417603401,-14924.730802706734,-15265.837710062753,-0.6066433428107425,stop_loss,7,-0.6066433428107425,172.79216329841563,168.3147440576036
BWXT,2016-03-21,30.51665513909696,2016-04-06,29.113357026800536,37748,29.33705796829409,0.5897985854014359,1.1795971708028716,-52971.69714296548,-53646.97125273697,-1.1896418091112377,stop_loss,16,-1.1896418091112377,345.58280945718957,329.6913003143
DG,2016-03-14,74.31794129382388,2016-04-11,72.02276715551707,15454,70.77660762591726,1.7706668339533038,3.5413336679066134,-35469.62113339337,-36148.085925906205,-0.6481101058357911,trailing_stop,28,-0.6481101058357911,344.55283942642626,333.91195308640823
TJX,2016-03-21,33.71005704096381,2016-04-12,32.69038892437726,34172,32.44977076910192,0.630143135930947,1.2602862718618937,-34844.09887999563,-35524.80969185392,-0.8090765878772421,trailing_stop,22,-0.8090765878772421,345.58202076114463,335.1287910971459
CPT,2016-03-21,55.304418324243116,2016-04-15,54.106465926920166,10414,53.27075463010104,1.0168318470710374,2.033663694142078,-12475.476265721207,-12817.29775029869,-0.5890612104516716,trailing_stop,25,-0.5890612104516716,172.78206372860035,169.03942084888396
GIS,2016-03-30,43.59936704750933,2016-04-15,43.05459853491107,13394,42.35288178179222,0.623242632858556,1.2464852657171122,-7296.629457741097,-7644.822422244379,-0.43704368401406724,trailing_stop,16,-0.43704368401406724,175.19097667030198,173.00198783297967
XLU,2016-03-17,17.665765512489596,2016-04-21,17.363703043273517,32629,17.14124616385364,0.2622596743179778,0.5245193486359554,-9855.996308051432,-10198.88926690323,-0.5758843215252414,trailing_stop,35,-0.5758843215252414,172.92487887210692,169.96807997969148
KO,2016-03-18,33.53411620643663,2016-04-21,32.31358003500344,34407,32.68504192182392,0.4245371423063551,0.849074284612712,-41994.98805050172,-42674.674555875485,-1.437490445244036,stop_loss,34,-1.437490445244036,346.14250089445954,333.54400447930897
VTR,2016-03-14,39.006389312375994,2016-04-22,39.143708992292396,29445,36.95576451341226,1.0253123994818656,2.0506247989637316,4043.377975138458,3353.03908176417,0.06696480018470251,trailing_stop,39,0.06696480018470251,344.56293999087336,345.77595338341484
PM,2016-03-18,59.541744870026896,2016-04-22,58.57582653746913,19378,57.8033145306065,0.8692151697101986,1.7384303394203968,-18717.56544830433,-19404.230137924664,-0.5556267114388983,trailing_stop,35,-0.5556267114388983,346.13997962741433,340.524709992923
FISV,2016-03-21,50.365314999999995,2016-04-22,48.951,11435,48.57270465097189,0.8963051745140527,1.7926103490281022,-16172.692024999942,-16513.39664360744,-0.7889695609348638,trailing_stop,32,-0.7889695609348638,172.7782131075,167.92640550000002
NVR,2016-03-21,1730.7289999999998,2016-04-22,1695.1931100000002,665,1649.2352029200713,40.746898539964214,81.49379707992853,-23631.36684999977,-24314.83831094477,-0.4360563781946043,stop_loss,32,-0.4360563781946043,345.28043549999995,338.191025445
OC,2016-04-06,41.67867859129522,2016-04-28,40.94866744957749,27805,39.96050239858432,0.8590880963554509,1.7181761927108994,-20297.95979546134,-20987.195802461276,-0.4248756005435798,trailing_stop,22,-0.4248756005435798,347.662697469289,341.57330953065065
IEX,2016-03-21,71.60213133817619,2016-04-29,72.50747547271898,8044,69.12388594380565,1.2391226971852722,2.4782453943705463,7282.588218262179,6934.822915106127,0.36531658107761233,trailing_stop,39,0.36531658107761233,172.79026334528677,174.97503981076545
ARW,2016-03-21,63.16309999999999,2016-05-03,61.32861,18237,60.19130064949133,1.4858996752543319,2.971799350508661,-33455.59412999992,-34136.70072458092,-0.6172994148094147,stop_loss,43,-0.6172994148094147,345.57163641,335.534958171
ISRG,2016-04-21,71.57810175515998,2016-05-04,68.33486166507001,16227,68.63286979252152,1.4726159813192272,2.9452319626384593,-52628.05694188993,-53309.16723911595,-1.10118324506588,stop_loss,13,-1.10118324506588,348.44935715429426,332.66094007172734
JCI,2016-04-22,32.04632636636208,2016-05-04,31.049171058774032,35971,30.81973224250571,0.613297061928185,1.2265941238563691,-35868.673569249695,-36549.55601061356,-0.8129464247334132,trailing_stop,12,-0.8129464247334132,345.82152171732315,335.0609196465482
VMI,2016-04-22,126.14445125711387,2016-05-05,120.75726958898653,9138,119.5801321754677,3.2821595408230864,6.564319081646175,-49228.066083347636,-49904.92246087513,-0.8206763871655616,trailing_stop,13,-0.8206763871655616,345.812398676252,331.0439788512477
HAS,2016-04-19,62.39950967338803,2016-05-06,59.58293990028402,18783,59.99915247343081,1.2001785999786105,2.40035719995722,-52903.6300482127,-53590.988953315384,-1.1733960983616154,stop_loss,17,-1.1733960983616154,351.6149970585742,335.7439080441104
WSO,2016-04-22,100.54980876028247,2016-05-09,98.03807542902314,11464,96.98710832459743,1.78135021784252,3.562700435685045,-28794.510909557026,-29477.494360860885,-0.7050082870008052,stop_loss,17,-0.7050082870008052,345.8109022883635,337.1725490154964
SLV,2016-05-02,16.95694,2016-05-10,16.23375,34193,16.345893259055735,0.3055233704721324,0.6110467409442641,-24728.03566999996,-25068.50244895096,-1.1835264825771548,stop_loss,8,-1.1835264825771548,173.942594826,166.524184125
CHTR,2016-03-17,198.41822,2016-05-17,203.3964,5810,187.1635152471948,5.627352376402599,11.254704752805196,28923.22580000005,28222.86291734005,0.4423199105919873,trailing_stop,61,0.4423199105919873,345.84295746,354.51992520000005
GPC,2016-03-18,73.26267037022849,2016-05-18,69.55740290745773,15749,70.64348325109901,1.3095935595647379,2.619187119129478,-58354.25727117675,-59029.03927139183,-1.4146631356381512,stop_loss,61,-1.4146631356381512,346.14413869821857,328.63786151686554
VCIT,2016-05-04,61.396690405738056,2016-05-19,60.75782235295335,18823,60.956281072351,0.22020466669352942,0.4404093333870591,-12025.41335756657,-12715.207675663623,-1.4506233277831821,stop_loss,15,-1.4506233277831821,346.70097105216223,343.09334704489225
KHC,2016-05-06,51.878200293987284,2016-05-19,50.53690895938896,22205,50.009862810871304,0.9341687415579883,1.8683374831159796,-29783.37408475579,-30465.612335047157,-0.7179063454646013,trailing_stop,13,-0.7179063454646013,345.58663125839627,336.65161903296956
SYY,2016-03-21,35.63974113628627,2016-05-24,37.45599059680835,32322,34.49199425591099,0.5738734401876405,1.14774688037528,58704.81506299467,57996.03499067154,1.582447743119301,trailing_stop,64,1.582447743119301,345.5843139021134,363.1957584210118
GDXJ,2016-04-12,27.937175795328002,2016-05-25,28.56598236390283,41420,25.80274681177593,1.0672144917760364,2.1344289835520733,26045.168070369342,25343.05982708274,0.29460177566010187,trailing_stop,43,0.29460177566010187,347.14734643274574,354.9608968538566
NLY,2016-04-12,12.120415630411506,2016-05-26,12.409632195701917,95472,11.797486930200673,0.16146435010541665,0.32292870021083253,27612.083921406167,26909.504103589756,0.895605020865562,trailing_stop,44,0.895605020865562,347.1480963199942,355.43172149641606
CDNS,2016-05-25,25.295269999999995,2016-06-06,24.84513,22947,24.361165502168948,0.4670522489155243,0.9341044978310471,-10329.362579999863,-10674.534107639862,-0.4818946927728117,stop_loss,12,-0.4818946927728117,174.13516820699996,171.036359433
VMC,2016-05-04,103.98469053107357,2016-06-14,104.51032646078329,11114,100.06363165783173,1.9605294366209196,3.921058873241833,5841.91772279385,5146.7536371396,0.13405458747298515,trailing_stop,41,0.13405458747298515,346.7057551687054,348.4583304855437
BR,2016-05-19,52.6304866193106,2016-06-14,53.294075700676196,21856,50.8640687287695,0.8832089452705507,1.7664178905410992,14503.402962326409,13808.87679210672,0.37566936166068776,trailing_stop,26,0.37566936166068776,345.08757466549577,349.4385955541937
MLM,2016-05-09,165.3909391312163,2016-06-15,169.30865262160012,3515,157.22966556856457,4.08063678132587,8.16127356265173,13770.76291869912,13417.822199195774,0.4800370261220468,trailing_stop,37,0.4800370261220468,174.4047453138676,178.53597418947732
LOW,2016-05-19,65.35229693422286,2016-06-15,63.454488849878054,17601,63.01985172045698,1.166222606882943,2.3324452137658866,-33403.320092552996,-34083.45856352879,-0.8136560177894483,stop_loss,27,-0.8136560177894483,345.07973350177696,335.05873747401114
NDSN,2016-05-25,78.94741781999203,2016-06-17,76.43707728149995,14705,75.34801542731691,1.799701196337559,3.599402392675117,-36914.55761852594,-37600.03631866617,-0.6974325914770423,stop_loss,23,-0.6974325914770423,348.27653371289483,337.2021664273371
MRK,2016-06-17,40.66516679198152,2016-06-20,39.813650072093445,29079,39.57181458023189,0.5466761058748153,1.0933522117496324,-24761.25469762532,-25463.327752302455,-0.7788128205506974,stop_loss,3,-0.7788128205506974,354.7507155432092,347.3223391339216
SWK,2016-04-22,85.72839161183454,2016-06-27,81.17243399723645,13446,82.97880910904604,1.3747912513942522,2.749582502788499,-61259.40608588586,-61932.65063622773,-1.656963415346746,stop_loss,66,-1.656963415346746,345.81118608381814,327.4333642580524
J,2016-05-09,37.00539845986137,2016-06-27,37.04440184928187,31425,35.47008264212986,0.7676579088657538,1.535315817731508,1225.6815125392254,527.5770201247775,0.025404147452951744,trailing_stop,49,0.025404147452951744,348.86839398034306,349.23609843410486
A,2016-05-18,41.12590541406933,2016-06-27,40.28657349313598,28251,39.62536530913126,0.7502700524690351,1.500540104938068,-23711.966098287987,-24401.961280770225,-0.5593532076691737,trailing_stop,40,-0.5593532076691737,348.5543861558618,341.44079632637545
AMAT,2016-05-24,20.58446991318436,2016-06-27,20.641892804700234,55989,19.65144336896817,0.46651327210809546,0.9330265442161902,3215.0502730822377,2522.583426418745,0.06154475654721357,trailing_stop,34,0.06154475654721357,345.7511657907837,346.7156808727084
XRAY,2016-06-14,55.881580915643156,2016-06-27,52.621770741107014,21106,53.99094775656442,0.9453165795393709,1.8906331590787389,-68801.55354375982,-69488.57506578002,-1.7241896762905453,stop_loss,13,-1.7241896762905453,353.8309940416693,333.1905279785414
PTC,2016-06-17,38.978939999999994,2016-06-27,36.29367,30337,37.32884476019982,0.8250476199000871,1.650095239800173,-81463.03598999987,-82148.09954087087,-1.6273424316557525,stop_loss,10,-1.6273424316557525,354.75123083399995,330.312320037
ALB,2016-06-20,73.07935799858927,2016-06-27,67.63211902365455,16102,69.91289584253278,1.5832310780282481,3.1664621560564967,-87711.44197439887,-88391.16283530252,-1.7202918293262335,stop_loss,7,-1.7202918293262335,353.01714674798535,326.7037141556657
CL,2016-03-21,55.12492356475415,2016-06-28,55.55679199820644,10448,53.39351247543229,0.8657055446609305,1.7314110893218597,4512.16139270957,4165.240623449026,0.24943148170631374,trailing_stop,99,0.24943148170631374,172.7835604213654,174.13720883917827
XYL,2016-03-21,34.48498558348908,2016-06-28,38.20825711646213,16702,33.25039316299598,0.6172962102465496,1.234592420493101,62186.0811437159,61821.844381843526,3.0157900463101517,trailing_stop,99,3.0157900463101517,172.79046876463036,191.44629310774513
MMM,2016-03-21,99.91356936396294,2016-06-28,102.2566522753636,5764,97.17050420876592,1.3715325775985074,2.7430651551970158,13505.52990131347,13155.937154054747,0.8541841986368652,trailing_stop,99,0.8541841986368652,172.77054414416472,176.82220311455873
VAL,2016-03-22,101.04305497750786,2016-06-28,105.84288466291339,11384,95.67046208968505,2.6862964439114108,5.372592887822819,54641.26113865652,53934.70427759655,0.8933916612748602,trailing_stop,98,0.8933916612748602,345.0822413591849,361.47461970078183
BSX,2016-04-28,22.092069999999996,2016-06-28,22.177799999999998,52680,21.232433091213533,0.42981845439323135,0.859636908786463,4516.256400000087,3816.6153745200863,0.09972815164605418,trailing_stop,61,0.09972815164605418,349.14307427999995,350.4979512
NVDA,2016-05-17,1.0281542464902316,2016-06-28,1.1291222907062057,1141149,0.9731858875009103,0.027484179494660664,0.054968358989321287,115219.5826890147,114481.05050007116,1.8368393394386986,trailing_stop,42,1.8368393394386986,351.9831570684244,386.54903187512883
OLED,2016-05-26,62.23895572844736,2016-06-28,60.364099745691874,18698,57.52326749118757,2.357844118629897,4.715688237259791,-35056.057165562044,-35743.786744938676,-0.3975784420907631,trailing_stop,33,-0.3975784420907631,349.1231982631526,338.606381113484
XEL,2016-06-27,32.06087672146555,2016-07-13,32.38937259248272,18081,31.154376858683158,0.4532499313911953,0.9064998627823897,5939.533843861542,5589.936356507892,0.3623782909452379,trailing_stop,16,0.3623782909452379,173.9078136002456,175.68967375340404
REG,2016-06-29,55.66917959536747,2016-07-18,55.395304151642065,10422,53.96702327572207,0.851078159822699,1.7021563196453968,-2854.3298745061356,-3201.5840893895356,-0.16089911400291187,trailing_stop,19,-0.16089911400291187,174.05525692287594,173.1989579605241
NLY,2016-06-29,13.075189078275708,2016-07-18,12.7453091754573,88748,12.702860733387615,0.18616417244404676,0.37232834488809274,-29276.181615328118,-29963.63688903481,-0.885991913716796,stop_loss,19,-0.885991913716796,348.11906409564375,339.33620961104526
BND,2016-06-29,63.271985393399,2016-07-18,63.17854164500805,18339,62.9390606454849,0.16646237395704913,0.3329247479140989,-1713.6649017415637,-2409.3577663487677,-0.28067528465939273,trailing_stop,19,-0.28067528465939273,348.10348203886326,347.58938256834074
GLD,2016-06-27,126.56643999999999,2016-07-21,125.53434,9160,123.13719064973978,1.7146246751301035,3.429249350260207,-9454.035999999867,-10146.808943439866,-0.3009696567914116,trailing_stop,24,-0.3009696567914116,347.8045771199999,344.96836632000003
CCI,2016-06-29,66.25246891748311,2016-07-21,64.94947599622465,17514,64.61127422579723,0.8205973458429391,1.6411946916858824,-22820.618022920753,-23509.979281886357,-0.793929524546532,trailing_stop,22,-0.793929524546532,348.1037221862398,341.25753677936353
AWK,2016-06-27,65.97458835170924,2016-07-22,66.80332014523918,8787,63.981240064240694,0.9966741437342739,1.9933482874685495,7282.066269747582,6932.050425158776,0.4157486169074783,trailing_stop,25,0.4157486169074783,173.91561235394073,176.10023223486502
CLX,2016-06-27,100.25989133445243,2016-07-22,100.12647648836342,5782,97.65715082476623,1.3013702548431003,2.6027405096861997,-771.404640086659,-1118.9948337121155,-0.051259372800516234,trailing_stop,25,-0.051259372800516234,173.91080750874121,173.6793861167152
MO,2016-06-27,34.381509896336055,2016-07-28,34.17980033231476,33722,33.42379241984665,0.4788587382447041,0.9577174764894067,-6802.04991792604,-7495.657268985208,-0.21061489319446916,trailing_stop,31,-0.21061489319446916,347.82398301727335,345.7833680418955
WM,2016-06-27,53.090746155181996,2016-07-28,55.42113118799011,21838,51.93018128678641,0.5802824341977955,1.1605648683955891,50890.94834646366,50180.043633237605,2.007974820080271,trailing_stop,31,2.007974820080271,347.8187143610594,363.0859988649984
PHM,2016-07-22,19.435498016674877,2016-08-03,18.613321844102146,60823,18.606134305892603,0.414681855391137,0.8293637107822747,-50007.22134439127,-50701.49435550888,-0.9913336716857755,stop_loss,12,-0.9913336716857755,354.63758876046484,339.63542235714743
DTE,2016-06-27,58.88065453283851,2016-08-04,59.57026279947024,9845,57.26792755618108,0.806363488328719,1.6127269766574344,6789.19338498938,6439.348600648406,0.427603851496937,trailing_stop,38,0.427603851496937,173.90401316273855,175.94077117823534
IRM,2016-03-21,18.827460187280078,2016-08-05,22.253706855945307,61184,17.909796422061923,0.4588318826090777,0.9176637652181547,209631.47617561335,208877.42313830153,3.7336623701718383,trailing_stop,137,3.7336623701718383,345.5817972295633,408.4712400822473
WPC,2016-07-14,37.510789481928796,2016-08-05,37.52665468299098,15844,36.50826246415284,0.5012635088879757,1.0025270177759538,251.36824562923675,-105.29973397545993,0.01582521047400756,trailing_stop,22,0.01582521047400756,178.29628456550395,178.37169503919273
ED,2016-06-27,54.87166699024501,2016-08-08,54.31539506773837,10565,53.226447434691885,0.8226097777765645,1.6452195555531262,-5877.012861282639,-6223.081254475418,-0.3381140958536802,trailing_stop,42,-0.3381140958536802,173.91574852558156,172.1526446671968
D,2016-06-29,49.77497297156438,2016-08-08,48.657900212403526,11656,48.39715465450434,0.6889091585300215,1.37781831706004,-13020.60008077893,-13364.800151728628,-0.8107547601373466,trailing_stop,40,-0.8107547601373466,174.05312548696634,170.14694546273267
EXEL,2016-08-05,11.16115,2016-08-11,10.41957,106058,10.445077743687216,0.35803612815639124,0.716072256312783,-78650.49163999989,-79337.13404052789,-1.0356217455184775,stop_loss,6,-1.0356217455184775,355.11877401,331.523626518
O,2016-06-27,39.69420296487607,2016-08-12,41.61095907485035,14604,38.360718203064955,0.6667423809055555,1.333484761811114,27992.306230064383,27636.092054135934,1.4374038345747404,trailing_stop,46,1.4374038345747404,173.90824202971504,182.30593389873434
ELS,2016-06-29,30.885070750592693,2016-08-12,31.435746999321566,18785,29.913530772742966,0.4857699889248631,0.9715399778497265,10344.453332371884,9993.244363942242,0.5668076057432702,trailing_stop,44,0.5668076057432702,174.05281621496513,177.1561522146767
KIM,2016-06-30,18.75222225652186,2016-08-12,18.56246254592681,31148,18.172463170331188,0.2898795430953372,0.5797590861906734,-5910.6354656146705,-6259.318806282672,-0.32730786824209046,trailing_stop,43,-0.32730786824209046,175.2282656538429,173.45507501415847
DUK,2016-06-20,55.00994267459375,2016-08-16,54.64237794275786,10696,53.54601969248952,0.7319614910521155,1.4639229821042292,-3931.4723717166926,-4283.324738113651,-0.25108201478438236,trailing_stop,57,-0.25108201478438236,176.51590405423644,175.3364623427214
SO,2015-12-17,29.88193601748102,2016-08-17,33.323464994422544,39708,28.97250973737706,0.4547131400519797,0.9094262801039612,136656.232616394,135903.30459737979,3.784285820889302,trailing_stop,244,3.784285820889302,355.9655746146409,396.9624443995591
EPR,2016-05-05,37.99532926248239,2016-08-17,43.460101074684225,30272,36.82136105716428,0.586984102659054,1.1739682053181113,165429.57229897386,164689.82666282382,4.654957253055279,trailing_stop,104,4.654957253055279,345.0583822301601,394.68725391985225
LNT,2016-06-06,28.043142204597213,2016-08-17,28.02614324398504,21104,27.14422433284393,0.44945893587664154,0.8989178717532837,-358.74606475931745,-713.7319247913814,-0.01891047129702567,trailing_stop,72,-0.01891047129702567,177.54674192574586,177.4391181063181
GRMN,2016-07-28,40.32831851518399,2016-08-23,41.199756362254554,29365,38.75169374524048,0.7883123849717518,1.576624769943507,25589.772379227194,24871.550803594397,0.5527236814259818,trailing_stop,26,0.5527236814259818,355.2723219595133,362.94925367328153
PEN,2016-08-11,74.41434,2016-08-26,70.95897000000001,15970,70.31779006666432,2.048274966667843,4.09654993333568,-55182.258899999804,-55878.74242820981,-0.8434829444850434,stop_loss,15,-0.8434829444850434,356.5191029399999,339.96442527
ULTA,2016-03-14,189.70952,2016-08-29,254.34539999999998,6054,176.62792351886839,6.5407982405658105,13.081596481131612,391305.6175199999,390499.1249742959,4.9409779680353445,trailing_stop,168,4.9409779680353445,344.550430224,461.94211548
UNH,2016-03-21,107.28826158006451,2016-09-01,116.57602648460073,5368,103.22267216241674,2.0327947088238854,4.065589417647772,49856.722007550416,49496.21095805108,2.2844817689214274,trailing_stop,164,2.2844817689214274,172.7770164485359,187.73403305080106
MIDD,2016-08-12,132.27213999999998,2016-09-08,126.11376,8993,125.9455763251814,3.163281837409283,6.326563674818573,-55382.31133999982,-56079.41065960981,-0.9734162677461053,stop_loss,27,-0.9734162677461053,356.857006506,340.24231310399995
ITW,2016-07-21,90.85543939695708,2016-09-09,93.79539276025498,6513,88.24618750605585,1.3046259454506184,2.609251890901234,19147.91625515924,18787.126994207265,1.1267418732357206,trailing_stop,50,1.1267418732357206,177.52244303771442,183.2668179142622
NNN,2016-06-27,29.73674350566443,2016-09-12,29.97087127875626,19495,28.79979669597689,0.4684734048437685,0.9369468096875373,4564.320936425253,4215.120951358569,0.24988374011317757,trailing_stop,77,0.24988374011317757,173.9153443928784,175.284640673806
NDAQ,2016-07-28,20.147607166685326,2016-09-12,19.508276901527836,58778,19.56355595001852,0.2920256083334026,0.5840512166668042,-37578.55432542694,-38277.822391555375,-1.0946476043764874,trailing_stop,46,-1.0946476043764874,355.27081621302904,343.99724991540097
IDXX,2016-08-03,105.10499999999999,2016-09-12,109.4904,11296,100.89727171333402,2.103864143332983,4.207728286665969,49537.47840000005,48810.257508480056,1.042225091838051,trailing_stop,40,1.042225091838051,356.17982399999994,371.04106752
BALL,2016-08-05,35.28544760210509,2016-09-12,34.7832179129591,33547,33.938859725567525,0.6732939382687817,1.346587876537562,-16848.299381780344,-17553.4774383905,-0.37296465971262976,trailing_stop,38,-0.37296465971262976,355.1162732123458,350.0617833978117
XYL,2016-08-16,44.56660336083433,2016-09-12,42.82996766981322,13338,43.27793144644019,0.6443359571970697,1.2886719143941363,-23163.24684683952,-23512.95548616155,-1.3476166211301182,stop_loss,27,-1.3476166211301182,178.32880668804248,171.37983263399062
APD,2016-08-17,120.58022396300734,2016-09-12,118.81980912832955,4910,117.42627503509912,1.5769744639541092,3.1539489279082176,-8643.636838267945,-8996.273087011485,-0.5581621246623492,trailing_stop,26,-0.5581621246623492,177.6146698975098,175.02157884602943
CRH,2016-08-18,26.14742139651927,2016-09-12,25.368849122048726,22659,25.24707835433432,0.45017152109247477,0.9003430421849501,-17641.66916722807,-17991.86131933214,-0.8647506983350562,trailing_stop,25,-0.8647506983350562,177.74232642711902,172.44982567695064
BBY,2016-08-24,27.679622450419178,2016-09-12,26.016367055926082,43121,26.11539037534441,0.7821160375373826,1.5642320750747665,-71721.23586593677,-72415.86329498772,-1.0633047493375278,trailing_stop,19,-1.0633047493375278,358.0718999053576,336.5555291455766
BRK-B,2016-09-01,150.85069999999996,2016-09-12,146.22363,3930,148.10087635044124,1.3749118247793541,2.7498236495587207,-18184.38509999979,-18534.635735069787,-1.6826788149641807,stop_loss,11,-1.6826788149641807,177.85297529999997,172.39765977000002
AES,2016-09-08,9.013993633355135,2016-09-12,8.4977445612829,133380,8.663948152175287,0.17502274058992412,0.3500454811798477,-68857.30123299465,-69558.0159251149,-1.4748057033394304,stop_loss,4,-1.4748057033394304,360.6859412450724,340.02875087517396
ADSK,2016-08-29,68.56849999999999,2016-09-13,66.24369,8635,65.71529100046517,1.4266044997674052,2.8532089995348144,-20074.73434999987,-20423.96532819487,-0.8148053648993189,stop_loss,15,-0.8148053648993189,177.62669924999994,171.604278945
TTWO,2016-08-30,44.29425,2016-09-13,43.486470000000004,26835,42.44561179396851,0.9243191030157447,1.848638206031488,-21676.776299999838,-22383.45498635984,-0.4369594858336683,stop_loss,14,-0.4369594858336683,356.590859625,350.087826735
FXI,2016-09-09,30.827093845958032,2016-09-13,29.635114128828686,19372,30.053778400784086,0.3866577225869722,0.7733154451739459,-23091.03108022969,-23442.413248095963,-1.5413887367285517,stop_loss,4,-1.5413887367285517,179.15473859516968,172.2274292711008
AMH,2016-06-29,16.975550119421772,2016-09-14,17.894092904175608,68357,16.356509131682998,0.3095204938693872,0.6190409877387744,62788.829137417946,62073.75388096873,1.4838157778680825,trailing_stop,77,1.4838157778680825,348.1193038539942,366.95595259521957
ISRG,2016-07-21,77.41058925599998,2016-09-14,74.67628532364,7645,74.84979229023162,1.2803984828841788,2.560796965768361,-20903.753562892034,-21252.564809740437,-1.067755065673298,stop_loss,55,-1.067755065673298,177.54118645863596,171.27006038976833
ARMK,2016-08-12,24.12109531598559,2016-09-14,23.616877841832334,24659,23.44802088483972,0.3365372155729345,0.6730744311458672,-12433.498695145094,-12786.649899174683,-0.7491258779431799,trailing_stop,33,-0.7491258779431799,178.44062681906658,174.71057721052304
TFC,2016-09-13,25.712894749120185,2016-09-16,25.393094389098,45615,25.037579948846194,0.337657400136995,0.6753148002739913,-14587.693422411981,-15287.05333077393,-0.4735574577847763,stop_loss,3,-0.4735574577847763,351.86810819433515,347.4918001676116
ACGL,2016-08-17,25.384579982986672,2016-09-19,25.346528472230453,46653,24.644601530663405,0.36998922616163343,0.7399784523232675,-1775.2171313098818,-2485.2446521382553,-0.051422457825293165,trailing_stop,33,-0.051422457825293165,355.28004298388316,354.7474778444902
VXX,2016-09-14,405.90549999999996,2016-09-22,337.06260000000003,2856,367.2552106037829,19.325144698108513,38.65028939621703,-196615.3223999998,-197251.8974680798,-1.7811742441115603,stop_loss,8,-1.7811742441115603,347.7798323999999,288.79523568
WYNN,2016-09-15,95.2366545663114,2016-09-26,90.30650289952074,12158,89.3068855796729,2.9648844933192544,5.929768986638507,-59940.78396484089,-60617.534077381766,-0.831423901656157,stop_loss,11,-0.831423901656157,347.3661738651642,329.38393867571193
CRUS,2016-09-16,55.555499999999995,2016-09-26,51.948,21031,52.341317043496126,1.6070914782519345,3.214182956503869,-75869.33249999989,-76547.60433254988,-1.1223692144531636,trailing_stop,10,-1.1223692144531636,350.51631614999997,327.7555164
CME,2016-09-19,75.25480211714165,2016-09-26,72.52923823707968,15503,73.33342937663465,0.9606863702534959,1.921372740506996,-42254.41683260071,-42941.74562588416,-1.4185503013552538,stop_loss,7,-1.4185503013552538,350.0025591666141,337.3262341168339
CBOE,2016-09-26,60.893979231979806,2016-09-27,58.98851023209375,18968,59.07221084219237,0.9108841948937167,1.8217683897874366,-36142.93598983867,-36825.11530788503,-1.0459447043695733,stop_loss,1,-1.0459447043695733,346.5110994216579,335.6682186247063
EXEL,2016-09-22,14.774759999999999,2016-09-29,12.96702,78636,13.82588578094084,0.4744371095295793,0.9488742190591584,-142153.44263999994,-142807.89342362393,-1.9051418656863033,stop_loss,7,-1.9051418656863033,348.548408208,305.902375416
IP,2016-07-18,28.090945954958197,2016-09-30,29.561009491087443,42159,26.927165655585473,0.5818901496863623,1.1637802993727249,61976.40861967286,61247.24398277791,1.263179602646313,trailing_stop,74,1.263179602646313,355.2858571545248,373.8787797404267
CTAS,2016-07-21,24.081230603394825,2016-09-30,25.140747023528366,49151,23.28279193415595,0.39921933461943826,0.7984386692388767,52076.29156598366,51350.498739281385,1.3269853539828427,trailing_stop,71,1.3269853539828427,355.0849696162377,370.7078570860328
DKS,2016-08-17,44.139409905919486,2016-09-30,43.7993047190116,26830,41.92598000757765,1.1067149491709174,2.213429898341836,-9125.022164738532,-9832.840878754601,-0.1536552782460695,trailing_stop,44,-0.1536552782460695,355.27811033274594,352.5406036833243
SNX,2016-09-28,52.52783216983183,2016-09-30,51.165877472116726,21974,50.4751068178415,1.0263626759951667,2.0527253519903326,-29927.59252759174,-30611.16220029339,-0.6634860802954219,stop_loss,2,-0.6634860802954219,346.2739752299654,337.2956974716879
ACN,2016-09-30,102.82657165518816,2016-10-06,99.61276944706339,11059,99.21812831280837,1.8042216711898955,3.608443342379786,-35541.43861965189,-36213.071621626834,-0.8906339668354768,stop_loss,6,-0.8906339668354768,341.14771678041774,330.4852851945222
BURL,2016-07-19,74.03395999999998,2016-10-12,77.99193,15994,70.71319275237457,1.6603836238127094,3.3207672476254118,63303.77218000028,62574.32155460228,1.1918841956870816,trailing_stop,85,1.1918841956870816,355.2297468719999,374.22087852600004
PAG,2016-09-14,38.29870503729793,2016-10-12,36.01195159514209,30269,36.45452317263038,0.9220909323337743,1.8441818646675472,-69217.73994061517,-69892.53272029737,-1.2399826101576361,stop_loss,28,-1.2399826101576361,347.7790508321913,327.01372885000677
QCOM,2016-09-30,52.61223657430646,2016-10-12,51.0409097075221,21615,50.768205960492416,0.92201530690702,1.8440306138140414,-33964.23022554396,-34636.369052608476,-0.8521153906085959,stop_loss,12,-0.8521153906085959,341.16404806609023,330.974778998427
MRK,2016-08-08,44.36843724856638,2016-10-13,44.317436419096715,26786,42.92734926913582,0.7205439897152802,1.4410879794305629,-1366.1082181744378,-2078.7701617930447,-0.03539050370111153,trailing_stop,66,-0.03539050370111153,356.53588804202974,356.1260555765774
ANET,2016-09-15,5.1632831249999995,2016-10-13,5.029340625,224255,4.943938053010039,0.10967253599497999,0.21934507198996034,-30037.275337499967,-30722.999389216842,-0.6106474095124897,trailing_stop,28,-0.6106474095124897,347.36761715906243,338.35643455781246
ON,2016-09-20,11.751739999999998,2016-10-13,11.528459999999999,49242,11.131070005433209,0.3103349972833948,0.6206699945667893,-10994.753759999952,-11338.662842519952,-0.35974028381353024,trailing_stop,23,-0.35974028381353024,173.60375432399996,170.30532819599998
INTC,2016-09-19,30.579518229512512,2016-10-14,30.11355931606649,19076,29.63598459418638,0.4717668176630666,0.9435336353261334,-8888.632232896342,-9235.96657707418,-0.49384451809708313,stop_loss,25,-0.49384451809708313,175.00046692385422,172.33387725398532
APH,2016-09-21,14.639634474479742,2016-10-14,14.467189959482871,39391,14.289439801950058,0.17509733626484172,0.3501946725296836,-6792.761890241727,-7136.725966625194,-0.49242472408615406,stop_loss,23,-0.49242472408615406,173.00095247526943,170.96312390819696
THO,2016-09-28,70.98829106331202,2016-10-14,69.04974534839239,16259,68.29495632061163,1.3466673713501904,2.6933347427003866,-31518.814778878215,-32201.878309083586,-0.7197566957369753,stop_loss,16,-0.7197566957369753,346.25958731951704,336.8039428858536
SOXX,2016-09-30,34.01116450272071,2016-10-14,33.260644905291535,16718,33.01182027552733,0.49967211359669017,0.999344227193383,-12547.18662982095,-12884.581662725894,-0.7510120907357203,stop_loss,14,-0.7510120907357203,170.57959444694544,166.81543845799914
MPWR,2016-10-03,74.34300706176344,2016-10-14,71.65134617285412,7699,71.44124173648956,1.4508826626369418,2.9017653252738853,-20723.097183712896,-21060.300341378894,-0.9275942701035863,stop_loss,11,-0.9275942701035863,171.71004341055504,165.49311425544116
FDX,2016-09-22,97.64873386797865,2016-10-21,93.98891153407295,5949,94.41749674379243,1.6156185620931087,3.2312371241862223,-21772.283064404975,-22114.298770154015,-1.132638117614909,trailing_stop,29,-1.132638117614909,174.27369533418147,167.74201041485998
CAT,2016-09-30,70.89521032127354,2016-10-26,67.99139427517603,16041,68.51776706805953,1.1887216266070049,2.377443253214011,-46580.11319545005,-47248.47720274955,-1.2214028840317854,stop_loss,26,-1.2214028840317854,341.1690206290646,327.1949866704296
NXPI,2016-10-03,91.18071397258207,2016-10-27,88.6833651669108,12554,86.18706884834225,2.4968225621199083,4.993645124239819,-31351.716906397065,-32029.121001252224,-0.5001053826489995,trailing_stop,24,-0.5001053826489995,343.4048049635386,333.9992898916194
IDCC,2016-09-16,63.60778235901101,2016-10-28,58.66751833769122,18368,61.04146987937517,1.283156239817921,2.5663124796358403,-90742.76954360193,-91416.55536056103,-1.925043836446922,stop_loss,42,-1.925043836446922,350.5043239110942,323.28149304801366
TRMB,2016-10-18,29.359329999999996,2016-10-28,27.7722,38123,28.30060772095692,0.5293611395215384,1.058722279043078,-60506.1569899998,-61159.5645854568,-1.4990994630192502,stop_loss,10,-1.4990994630192502,335.7797212769999,317.62787418
HAL,2016-10-20,40.480760749061986,2016-10-31,38.35881437141626,27926,38.38534912355867,1.0477058127516603,2.095411625503317,-59257.47454213459,-59917.97673457893,-1.0126632647349356,stop_loss,11,-1.0126632647349356,339.1397174034915,321.36247504085117
UNH,2016-10-20,123.92877973092794,2016-10-31,120.52258775844183,9121,119.83372122440166,2.0475292532631455,4.095058506526286,-31067.876981045833,-31736.769257906995,-0.8317810275622857,stop_loss,11,-0.8317810275622857,339.10631997773817,329.7859568834244
APA,2016-09-12,46.22362972701116,2016-11-01,47.28256772008013,25203,43.07298632183187,1.5753217025896444,3.150643405179288,26688.414239317328,25981.423231039615,0.3361021407018653,trailing_stop,50,0.3361021407018653,349.4922420029586,357.49876627475385
GOOG,2016-10-19,39.63150633955206,2016-11-01,38.76163253945468,28337,38.665043548250644,0.48323139565070744,0.9664627913014172,-24649.61387335947,-25316.041786283793,-0.9000592758734435,trailing_stop,13,-0.9000592758734435,336.911398543166,329.51651438115823
GOOGL,2016-10-19,40.902417103756925,2016-11-02,39.94142420502184,13728,39.87908619868334,0.5116654525367912,1.0233309050735855,-13192.510513835254,-13525.457789881328,-0.9390832368792601,stop_loss,14,-0.9390832368792601,168.45251460011252,164.49476144596193
PFG,2016-10-31,38.76772190416419,2016-11-02,37.412853446317534,14358,37.49581809977912,0.6359519021925328,1.2719038043850688,-19453.20131776229,-19781.34152802696,-1.065228717121181,stop_loss,2,-1.065228717121181,166.98808532999684,161.15212493466817
MA,2016-10-31,101.75157674597483,2016-11-02,98.59827108314765,10941,99.22632290202205,1.2626269219763886,2.5252538439527825,-34500.317256992166,-35157.9255625217,-1.248708390397421,stop_loss,2,-1.248708390397421,333.9792003533132,323.62910517621555
PKG,2016-08-26,59.351002752572526,2016-11-03,60.24948005420197,10029,57.11316705582515,1.1189178483736875,2.237835696747375,9010.828858041665,8650.986885420922,0.4014938643330027,trailing_stop,69,0.4014938643330027,178.56936198166497,181.27261063907747
ADBE,2016-09-22,107.56745999999998,2016-11-03,106.43346000000001,10801,104.24385716740561,1.6618014162971897,3.323602832594375,-12248.333999999697,-12941.761181075697,-0.34119600238599557,trailing_stop,42,-0.34119600238599557,348.55084063799995,344.87634043800006
EXPE,2016-10-19,117.80814729554851,2016-11-03,117.52519303632344,9532,113.5932141825812,2.10746655648365,4.2149331129673016,-2697.1199989333163,-3370.0792189463373,-0.06713137590595492,trailing_stop,15,-0.06713137590595492,336.8841780063505,336.0750420066705
HBAN,2016-10-27,7.237259838255329,2016-11-03,6.921291439066153,77500,6.941904941162981,0.14767744854617404,0.29535489709234763,-24487.55093716112,-24816.737254358843,-1.0697923152781954,stop_loss,7,-1.0697923152781954,168.2662912394364,160.92002595828805
L,2016-11-01,40.81953983205526,2016-11-03,39.52588055824837,27238,39.6846766946271,0.5674315687140823,1.1348631374281624,-35236.69129995221,-35893.225868129535,-1.1399253629284305,stop_loss,2,-1.1399253629284305,333.55278778365636,322.9817803936707
GEN,2016-06-17,9.727825008833328,2016-11-07,11.834022559370153,121560,9.338750743674652,0.19453713257933838,0.38907426515867627,256029.37424325643,255243.05678613918,5.4133561099906045,trailing_stop,143,5.4133561099906045,354.75432242213384,431.56313469511076
AKAM,2016-10-27,68.15809,2016-11-07,67.25268,16458,65.09882237011942,1.5296338149402875,3.05926762988058,-14901.237780000056,-15569.814915798055,-0.2959564541384523,trailing_stop,11,-0.2959564541384523,336.523753566,332.053382232
ODFL,2016-10-28,24.20665322346273,2016-11-07,23.71492914927501,45952,23.364571945428725,0.42104063901700306,0.842081278034005,-22595.70465707405,-23256.332423031665,-0.5839389700430578,stop_loss,10,-0.5839389700430578,333.7032386773678,326.92452728024557
SMG,2016-10-13,61.954561286508245,2016-11-11,61.300258008043066,18154,60.29160820928207,0.8314765386130878,1.6629530772261774,-11878.22171725685,-12549.492114098835,-0.3934586534194717,trailing_stop,29,-0.3934586534194717,337.4169316785812,333.8534651634041
DPZ,2016-10-19,143.04880010773695,2016-11-11,144.8004080571038,7850,138.32516428387595,2.3618179119305003,4.723635823861002,13750.122402529716,13072.237517301515,0.37081773758230047,trailing_stop,23,0.37081773758230047,336.8799242537205,341.00496097447945
ADM,2016-11-02,35.06243447366732,2016-11-11,32.6121493425555,31488,33.740361880427436,0.66103629661994,1.3220725932398807,-77154.57820844896,-77793.85939701053,-1.853366557661658,trailing_stop,9,-1.853366557661658,331.213781012051,308.06740754951625
BG,2016-11-03,51.00227858456532,2016-11-14,48.17157300192002,21460,48.81515280964008,1.0935628874626158,2.187125774925235,-60746.94180356816,-61385.42306008196,-1.2942582521309576,stop_loss,11,-1.2942582521309576,328.3526695274315,310.1285869863611
FTI,2016-10-21,22.508618769448358,2016-11-29,22.320522542900783,25069,21.45121597101139,0.5287013992184837,1.0574027984369678,-4715.384303321162,-5052.5308263889465,-0.17788512270405882,trailing_stop,39,-0.17788512270405882,169.28056917939028,167.86595388839393
NOW,2016-10-28,17.059041999999994,2016-12-02,14.555429999999998,65206,16.068673520923415,0.49518423953828916,0.9903684790765794,-163250.5240719998,-163868.9600503694,-2.5279601006025225,stop_loss,35,-2.5279601006025225,333.7055677955999,284.73041057399996
LVS,2016-09-15,45.6676103854865,2016-12-09,46.151504480452395,12677,43.75303878126574,0.9572858021103821,1.914571604220761,6134.325441882685,5785.128166136033,0.25274275138058605,stop_loss,85,0.25274275138058605,173.67848905704372,175.5187866896085
AMP,2016-11-11,90.91945166123142,2016-12-19,92.68021906924119,6245,86.07678556412196,2.421333048554728,4.842666097109458,10995.99246302101,10652.018479907469,0.3635946341749135,trailing_stop,38,0.3635946341749135,170.33759268731706,173.6363904262234
FDX,2016-11-08,100.38686282381836,2016-12-30,105.1605011493573,11042,97.55437030192668,1.4162462609458404,2.8324925218916803,52710.514390600976,52029.618192703434,1.6853136552504877,trailing_stop,52,1.6853136552504877,332.54152179018075,348.354676107361
MGM,2016-11-08,25.76512495958601,2016-12-30,26.986132345178948,43025,24.57659413283315,0.5942654133764301,1.18853082675286,52533.84276513613,51852.95591147488,1.02732496129596,trailing_stop,52,1.02732496129596,332.56335041585646,348.32350324539726
BLK,2016-12-09,310.0255945796369,2016-12-30,301.2427034612342,1947,299.90238346908444,5.061605555276229,10.123211110552461,-17100.289007530035,-17457.330820415707,-0.8675993242151574,stop_loss,21,-0.8675993242151574,181.08594979396594,175.9558630917069
MPC,2017-01-04,39.69803149716502,2017-01-06,38.24197376610941,30226,37.569073073035945,1.0644792120645372,2.128958424129074,-44010.80097888682,-44717.54535861314,-0.683929622369803,stop_loss,2,-0.683929622369803,359.973810009993,346.7705697163269
ANET,2017-01-05,6.380749374999999,2017-01-13,6.2081606250000005,189485,6.095721615761397,0.14251387961930112,0.28502775923860213,-32702.979293749675,-33418.60217715468,-0.6055155836787145,stop_loss,8,-0.6055155836787145,362.71688859656246,352.9059948084375
LHX,2016-11-07,80.0463587675453,2017-01-18,83.88165704618746,13606,77.65325689537082,1.1965509360872382,2.3931018721744834,52183.06837920518,51513.94700425668,1.6026473102698409,trailing_stop,72,1.6026473102698409,326.7332272173664,342.38814773112796
JEF,2016-12-02,14.68414933616673,2017-01-18,14.835629206196618,40195,14.144307808307895,0.26992076392941733,0.5398415278588349,6088.73337585136,5732.769126298271,0.28060062483651554,trailing_stop,47,0.28060062483651554,177.06881477016648,178.8954347829219
HII,2017-01-06,163.142970508594,2017-01-18,157.62514156940352,7349,156.5806038363118,3.281183336141099,6.562366672282195,-40550.52487411084,-41257.7223308092,-0.8408291116216375,stop_loss,12,-0.8408291116216375,359.68130708029724,347.51614961806393
STT,2017-01-05,62.82574698230691,2017-01-19,61.18248059555905,9622,60.58479178509447,1.1204775986062208,2.2409551972124433,-15811.509173287917,-16169.471323014184,-0.733288371312351,stop_loss,14,-0.733288371312351,181.35280123912716,176.60934848714075
FFIV,2016-11-01,137.60746999999998,2017-01-24,141.39846,8079,131.61509721849131,2.996186390754336,5.992372781508664,30627.40821000018,29951.18153745918,0.6326358753411178,trailing_stop,84,0.6326358753411178,333.519225039,342.70744750200004
CVX,2016-11-02,69.96700353103667,2017-01-31,74.68853511621676,15779,67.59531803876001,1.1858427461383245,2.3716854922766544,74501.0468825566,73816.29095926211,1.990791612359927,trailing_stop,90,1.990791612359927,331.2028046148683,353.55311867963525
GL,2016-12-20,69.11344173632438,2017-02-03,68.94735993576882,8727,67.30932923827243,0.9020562490259769,1.8041124980519498,-1449.3958734483701,-1810.8528583060772,-0.09205734162082026,stop_loss,45,-0.09205734162082026,180.94590180987086,180.5110830478363
EVR,2017-02-07,65.20548854934371,2017-02-09,63.39716790200958,9612,62.4581651207138,1.373661714314957,2.7473234286299117,-17381.578062175704,-17752.416682318824,-0.6582117811429079,stop_loss,2,-0.6582117811429079,188.02654678088751,182.8120733622348
CHTR,2017-01-18,306.4561499999999,2017-02-15,321.52815000000004,3884,293.63206852540713,6.412040737296385,12.824081474592788,58539.64800000045,57807.92069364045,1.175288852450051,trailing_stop,28,1.175288852450051,357.0827059799999,374.64460038000004
NVDA,2016-11-14,2.16585024310205,2017-02-24,2.388434854411088,525182,2.0195351076255004,0.07315756773827478,0.1463151354765495,116897.43133650317,116179.88276967853,1.5212685316804593,trailing_stop,102,1.5212685316804593,341.2396687118462,376.3088981127972
LAMR,2017-01-18,47.9498089756157,2017-02-24,47.67911911122564,24825,46.48791837960548,0.730945298005112,1.461890596010221,-6719.875883483348,-7432.0723254100985,-0.18516424220035943,trailing_stop,37,-0.18516424220035943,357.1062023458979,355.09023958085294
GWW,2017-01-19,212.43572667942917,2017-02-24,216.24488181161018,5630,205.0413140804091,3.697206299510026,7.3944125990200575,21445.543394179134,20721.501846437768,0.5151396518887553,trailing_stop,36,0.5151396518887553,358.8039423615559,365.2376053798096
SCI,2017-02-15,27.365207411245553,2017-02-27,26.69334451569213,46755,26.55111156740345,0.4070479219210519,0.8140958438421038,-31412.949681600352,-32171.201960203543,-0.8252872197241361,stop_loss,12,-0.8252872197241361,383.83808175383575,374.4141968493557
PRU,2016-10-06,54.71027521371799,2017-03-22,68.39286778261423,20943,52.78014203748658,0.9650665881157062,1.930133176231415,286554.5361703939,285781.0914332623,7.0889370419566085,trailing_stop,167,7.0889370419566085,343.7391881402687,429.705548991387
RF,2016-10-20,7.284546536354363,2017-03-22,9.748354415439662,155187,6.956581431782271,0.16398255228604625,0.32796510457209216,382350.95333161025,381557.9678916084,7.51240862133768,trailing_stop,153,7.51240862133768,339.14007700116736,453.8453630006504
KEY,2016-10-26,9.224583878065266,2017-03-22,11.263147244067678,60932,8.841070516951323,0.19175668055697154,0.38351336111394296,124213.74301725898,123839.23548743884,5.315495032770838,trailing_stop,147,5.315495032770838,168.62170345748183,205.88582636265951
MTB,2016-11-08,93.6410040986079,2017-03-22,117.07188596144864,5919,90.65108538442809,1.4949593570899034,2.989918714179808,138687.3897461544,138313.22686727476,7.836628384483786,trailing_stop,134,7.836628384483786,166.278330977898,207.88454790174436
HBAN,2016-11-11,7.774347766898019,2017-03-22,8.542922610619522,73044,7.381690036178945,0.1963288653595373,0.3926577307190744,56139.78088479343,55782.21727555681,1.9573658776920317,trailing_stop,131,1.9573658776920317,170.36083748558966,187.2027717510277
GS,2016-12-01,181.3059163601266,2017-03-22,189.86337994009583,3249,174.64993860503435,3.3279888775461175,6.655977755092238,27803.19917132005,27441.420458216224,1.2856809164396987,trailing_stop,111,1.2856809164396987,176.7188766762154,185.0598364276114
IPGP,2017-01-31,113.92380999999999,2017-03-22,117.00288,10943,108.47876213743703,2.722523931281483,5.445047862562959,33694.26301000017,32936.15377939917,0.5654807960771004,trailing_stop,50,0.5654807960771004,374.000475849,384.108754752
XYZ,2017-02-24,16.966949999999997,2017-03-22,16.443540000000002,75022,15.944485195235096,0.5112324023824504,1.0224648047649012,-39267.26501999961,-40019.22155423361,-0.5119100408745554,trailing_stop,26,-0.5119100408745554,381.8683568699999,370.08817736400005
JEF,2017-02-28,16.961140573020142,2017-03-22,16.700812796964367,37813,16.341877671828033,0.30963145059605507,0.6192629011921085,-9843.774195997,-10225.632028830767,-0.4203832904484219,trailing_stop,22,-0.4203832904484219,192.40548254628317,189.4523502874841
PM,2017-03-22,72.10232052850421,2017-03-27,70.2714420896815,17140,70.52495000758265,0.7886852604607819,1.577370520921562,-31381.256441421217,-32113.34232880393,-1.160715516448879,stop_loss,5,-1.160715516448879,370.75013215756866,361.3357552251423
HCA,2017-03-28,83.48180633712394,2017-04-05,81.67629892176369,14822,80.15974105316369,1.6610326419801318,3.3220652839602565,-26761.230910469672,-27495.622941313843,-0.5434894443759684,stop_loss,8,-0.5434894443759684,371.21020005865535,363.1818307855144
CTAS,2017-03-24,28.826592185498146,2017-04-07,28.008863311114137,43003,27.989056851456663,0.41876766702074236,0.8375353340414833,-35164.79478513556,-35898.0233129518,-0.9763514936594987,stop_loss,14,-0.9763514936594987,371.88898312589305,361.33954469035234
MAR,2017-03-23,85.1646623679695,2017-04-10,83.97980867752962,14547,82.74794113355256,1.2083606172084707,2.41672123441694,-17236.066634828934,-17974.230020918596,-0.4902732154483422,trailing_stop,18,-0.4902732154483422,371.6671030400557,366.496283049607
FAST,2017-01-19,9.94262672519805,2017-04-13,9.129957745924031,120306,9.543149296024941,0.19973871458655462,0.3994774291731087,-97768.9542205401,-98457.31812475494,-2.0343301521595065,stop_loss,84,-2.0343301521595065,358.847295240503,329.51660897434095
OLED,2017-02-27,77.28003669612181,2017-04-13,76.49424726279105,16464,71.42740053875345,2.926318078684181,5.852636157368366,-12937.237230357678,-13696.75917368754,-0.13426247800172367,trailing_stop,45,-0.13426247800172367,381.70155724948484,377.82038608037755
MU,2017-03-27,27.428353899510537,2017-04-13,25.863622969092663,45183,25.785058462244358,0.8216477186330895,1.643295437266179,-70699.23762907078,-71421.60504632701,-0.9521908811607198,trailing_stop,17,-0.9521908811607198,371.7885942724754,350.57882298375415
PWR,2016-09-28,26.496425719966247,2017-04-17,33.55647976799985,43563,25.47707989250722,0.5096729137295135,1.019345827459027,307557.134494488,306772.30907795636,6.926063616341617,trailing_stop,201,6.926063616341617,346.2791380916669,438.5462784400132
PEP,2017-04-13,85.28501251979374,2017-04-27,85.0018783077442,14365,83.92099387786712,0.6820093209633094,1.36401864192662,-4067.2229560915293,-4801.074312112803,-0.20757356486683845,stop_loss,14,-0.20757356486683845,367.5357614540511,366.3155945672236
UGI,2017-03-22,35.40913120821507,2017-05-03,34.867395542398064,34903,34.396891934406455,0.5061196369043075,1.0122392738086177,-18908.199944011023,-19644.058427964017,-0.5351853853473708,stop_loss,42,-0.5351853853473708,370.7654719680992,365.0930119848959
TSLA,2017-04-05,20.156136000034163,2017-05-05,19.846800000032182,61960,19.11922761485049,0.5184541925918361,1.036908385183672,-19166.458560122723,-19910.033134491958,-0.29832529510038314,trailing_stop,30,-0.29832529510038314,374.662255968635,368.9123184005982
WYNN,2017-04-27,112.78828488308035,2017-05-09,108.70455578934912,11364,107.76036864555654,2.513958118761904,5.027916237523812,-46407.49742116177,-47162.610813582214,-0.8122110434644837,stop_loss,12,-0.8122110434644837,384.51782082339747,370.595571597049
STAG,2017-04-12,17.556978741413303,2017-05-10,17.117015874490573,70919,17.001036014506933,0.2779713634531856,0.5559427269063697,-31201.72655929312,-31939.440066542706,-0.7913816399235452,trailing_stop,28,-0.7913816399235452,373.537012608687,364.1764946408991
PRI,2016-11-11,59.54004655195748,2017-05-11,69.28618667634437,19075,56.17432181723054,1.6828623673634695,3.365724734726939,185907.62287267993,185170.414753031,2.895703271223573,trailing_stop,181,2.895703271223573,340.7179163935767,396.49020325538066
TNL,2017-04-13,27.931655936290824,2017-05-18,30.158549698890422,43862,27.163201586421195,0.3842271749348142,0.7684543498696286,97676.01421514357,96911.62843527248,2.8978868594828042,trailing_stop,35,2.8978868594828042,367.5414878032764,396.8442920678195
AAPL,2017-05-09,35.585900219142445,2017-05-18,35.05757164615707,36029,34.76265331530196,0.4116234519202422,0.8232469038404844,-19035.150156090007,-19798.71425044047,-0.6417619920836583,stop_loss,9,-0.6417619920836583,384.6373196986449,378.926774651818
VAL,2017-04-13,112.14516651380144,2017-05-19,111.37344361769027,10924,111.3056322586287,0.41976712758637136,0.8395342551727367,-8430.300917118437,-9162.816106241362,-0.9192274065724539,stop_loss,36,-0.9192274065724539,367.5221396990301,364.99304942389455
WTW,2017-05-05,125.93299629253251,2017-05-19,123.82728355107287,10113,122.3165724616777,1.8082119154274097,3.6164238308548136,-21295.072954381347,-22052.820667398864,-0.5822638163961865,trailing_stop,14,-0.5822638163961865,382.0681174519144,375.6795955656
AEIS,2017-05-11,76.70566682773236,2017-05-19,75.14238740903522,16758,72.87112905076184,1.9172688884852622,3.834537776970521,-26197.436498526593,-26960.837406396517,-0.4076839268831523,stop_loss,8,-0.4076839268831523,385.6300694097416,377.7708384601837
BF-B,2017-05-18,35.1425078092292,2017-05-24,35.63710754308844,36010,34.28786537409428,0.42732121756745833,0.8546424351349202,17810.536416271203,17045.904231620116,0.5787212447286894,trailing_stop,6,0.5787212447286894,379.6445118631031,384.98767278798437
DY,2017-04-19,104.72461999999999,2017-05-25,89.22069,11778,99.42214299075017,2.6512385046249074,5.302477009249813,-182605.2875399998,-183290.5738983538,-2.923903295187216,stop_loss,36,-2.923903295187216,370.0339723079999,315.252386046
HPQ,2017-02-24,12.587863087995663,2017-05-26,13.338021984810268,101122,12.048733543496875,0.2695647722493941,0.5391295444987882,75857.56796368654,75071.06475858686,1.3914260579282567,trailing_stop,91,1.3914260579282567,381.87296735528923,404.6302377443952
MAR,2017-05-10,94.59248477026989,2017-06-07,97.63294399175386,13515,91.65375404732201,1.469365361473938,2.9387307229478807,41091.80637835587,40312.42837744024,1.0346164749773483,trailing_stop,28,1.0346164749773483,383.5252295010593,395.85277141456606
SMH,2017-05-26,39.160327844929135,2017-06-12,38.834352996743156,16729,38.21426974871132,0.4730290481089082,0.9460580962178184,-5453.233235303239,-5844.66514004334,-0.3445611315934735,trailing_stop,17,-0.3445611315934735,196.53393735534587,194.89796738475488
BBY,2017-05-26,43.55938443707274,2017-06-13,41.085794497279515,30080,41.46125507243115,1.0490646823207919,2.0981293646415864,-74405.58538898011,-75169.4234836837,-1.178950155066236,stop_loss,18,-1.178950155066236,393.07988516014444,370.7582095434504
LITE,2017-06-07,63.01295,2017-06-13,62.4375,21066,57.71625389425636,2.648348052871819,5.296696105743635,-12122.429699999926,-12915.251453909925,-0.10864319728971983,stop_loss,6,-0.10864319728971983,398.22924141,394.5925125
VEEV,2017-03-28,51.06100999999999,2017-06-14,59.69025,24234,48.55539870847871,1.2528056457606398,2.5056112915212765,209121.00216000024,208315.81834954824,3.4439659612009432,trailing_stop,78,3.4439659612009432,371.2237549019999,433.96005555
WMT,2017-05-19,22.53830616250773,2017-06-19,21.7460951388235,56615,22.05696462740959,0.24067076754906883,0.4813415350981387,-44851.027105882764,-45603.175519785225,-1.6458397331589323,stop_loss,31,-1.6458397331589323,382.80186101711257,369.34655288534776
SWKS,2017-01-24,73.16893557169578,2017-06-27,81.73280008359723,16619,69.20029242200766,1.984321574844061,3.96864314968812,142322.86432329006,141550.57073983346,2.1578822254589567,trailing_stop,154,2.1578822254589567,364.79836207980367,407.4952213767907
CTAS,2017-06-19,29.829970127271423,2017-06-28,28.86458221951224,43905,29.047140112902767,0.3914150071843273,0.7828300143686562,-42385.35609016693,-43158.451386402594,-1.2332024705743532,stop_loss,9,-1.2332024705743532,392.90545153135554,380.1898447043055
ED,2017-06-19,61.42622653539208,2017-06-28,60.06613869657745,10660,60.205010820951024,0.6106078572205305,1.2212157144410583,-14498.536361764016,-14887.068945775854,-1.113716293306247,stop_loss,9,-1.113716293306247,196.44107246018388,192.09151155165466
XLU,2017-03-23,19.537401462090116,2017-06-29,19.76950855490541,31706,19.08962814677618,0.22388665765696766,0.4477733153139347,7359.187484801717,6985.30801810206,0.5183584748737505,trailing_stop,98,0.5183584748737505,185.83585522710877,188.0436114725493
CL,2017-05-18,59.81559902264235,2017-06-30,59.97047789597887,21156,58.22434184512288,0.7956285887597374,1.5912571775194735,3276.6174443072964,2516.3591713201913,0.09733113887847265,trailing_stop,43,0.09733113887847265,379.6376438769065,380.62062911019865
HR,2017-06-13,16.264562230805183,2017-06-30,15.723947442432136,80142,15.729129635629107,0.2677162975880374,0.5354325951760757,-43325.9503697927,-44095.037312462475,-1.0096785164811768,stop_loss,17,-1.0096785164811768,391.0423638903567,378.0445787794189
XEL,2017-03-23,33.867900623230405,2017-07-03,35.22183631587943,18290,33.02714991402206,0.4203753546041728,0.8407507092083435,24763.483818550652,24384.388431965755,1.6103889985699793,trailing_stop,102,1.6103889985699793,185.83317071966522,193.26221586523042
EA,2017-02-13,83.83716441796292,2017-07-05,102.70884280257627,7583,80.66968353024446,1.5837404438592326,3.167480887718469,143103.93719052302,142679.563678697,5.9579454631552915,trailing_stop,142,5.9579454631552915,190.72116533442386,233.65234649158077
XYZ,2017-05-24,21.66164,2017-07-05,23.2767,60073,20.50738574669207,0.577127126653964,1.1542542533079292,97021.4993800002,96211.6251103542,1.399223780524499,trailing_stop,42,1.399223780524499,390.383909916,419.49035973
RH,2017-06-28,65.00493999999999,2017-07-11,61.18875,19947,59.303287359381244,2.8508263203093738,5.701652640618747,-76121.54192999983,-76876.69759032884,-0.6693129589854945,stop_loss,13,-0.6693129589854945,388.99606145399997,366.15959887500003
AGCO,2017-07-11,57.256426958298086,2017-07-14,56.6233659266907,22789,55.41357508214588,0.9214259380761007,1.8428518761522028,-14426.827849300651,-15205.389829317453,-0.3435224717730368,stop_loss,3,-0.3435224717730368,391.4450141857965,387.1169658310063
MDT,2017-06-13,68.92812448885996,2017-07-18,67.89890678440135,18910,67.29419532316085,0.8169645828495551,1.633929165699115,-19462.506791312444,-20238.726539725656,-0.6299035025904821,trailing_stop,35,-0.6299035025904821,391.0292502253026,385.1904981879089
XPO,2017-06-14,21.291287178418003,2017-07-18,20.868688252053815,61500,20.18683577038901,0.5522257040144957,1.1044514080289929,-25989.83397139755,-26767.685518089755,-0.3826324302654103,trailing_stop,34,-0.3826324302654103,392.82424844181213,385.02729825039285
KBH,2017-06-29,21.32560521996776,2017-07-19,20.796072818669213,61509,20.41690865470129,0.45434828263323396,0.9086965652664674,-32571.00847147227,-33348.26715981583,-0.5827384206555962,stop_loss,20,-0.5827384206555962,393.51499544249907,383.7436929010574
CSX,2016-09-19,8.597435117999433,2017-07-21,14.962273410221103,135701,8.298315314213815,0.14955990189280957,0.29911980378561864,863714.9210927729,862755.7982906764,21.278558663348804,trailing_stop,305,21.278558663348804,350.0041628842923,609.1186392121242
PKG,2017-06-27,85.9869254137624,2017-07-24,85.47492465987068,15222,83.60838583452863,1.189269789616884,2.378539579233774,-7793.675475739859,-8576.673160286113,-0.21525845454153134,trailing_stop,27,-0.21525845454153134,392.66789359448745,390.32979095176546
LECO,2016-11-11,63.20124174877067,2017-07-26,75.35061790692825,17970,60.21990671392124,1.4906675174247153,2.9813350348494296,218324.2895620917,217577.35648668784,4.075146206696349,trailing_stop,257,4.075146206696349,340.7178942676227,406.21518113625024
TT,2016-11-08,60.63489119114562,2017-07-27,75.67114303645194,18282,58.29057113512424,1.172160028010691,2.344320056021381,274892.7562358901,274145.1721605654,6.413907438400203,trailing_stop,261,6.413907438400203,332.55812422695726,415.02595109772426
RH,2017-07-19,75.4754,2017-08-01,65.06487,17309,68.11031610137033,3.682541949314833,7.365083898629663,-180195.8637699999,-180925.6472300289,-1.4134978152709112,stop_loss,13,-1.4134978152709112,391.92110957999995,337.862350449
ABT,2017-07-21,43.41392604991256,2017-08-01,42.02899213176787,30088,42.261089114438654,0.5764184677369533,1.152836935473907,-41669.89172913742,-42441.133685812536,-1.2013268100014267,stop_loss,11,-1.2013268100014267,391.87146209693077,379.3704945781895
BCO,2017-07-27,74.03461753544838,2017-08-01,71.60624263455422,17563,71.01300807080766,1.5108047323203602,3.0216094646407186,-42649.54838440405,-43416.91551255377,-0.8036693455297007,stop_loss,5,-0.8036693455297007,390.08099633252397,377.2861318172027
CTAS,2017-07-24,31.558516672318067,2017-08-03,30.730777711072655,41429,30.53279974780989,0.5128584622540892,1.0257169245081776,-34292.39742543618,-35066.57237853903,-0.8069857691412334,stop_loss,10,-0.8069857691412334,392.23133616523955,381.94361693760874
MCO,2017-07-24,122.60283824076943,2017-08-03,118.96696075393247,5332,119.22426021693022,1.6892890119196058,3.3785780238392107,-19386.498759814676,-19772.9138102866,-1.07615614059591,stop_loss,10,-1.07615614059591,196.11550004993478,190.29955042199038
FISV,2017-08-01,64.349285,2017-08-03,62.022915,19971,62.903504587257466,0.7228902063712641,1.445780412742529,-46459.93526999994,-47217.069031859945,-1.609075610304514,stop_loss,2,-1.609075610304514,385.5358712204999,371.59789063950006
CGNX,2017-08-02,49.19319873167212,2017-08-07,46.704000081368484,13156,46.489974072541976,1.3516123295650708,2.703224659130143,-32747.89744339462,-33126.38450766993,-0.9208256671883948,stop_loss,5,-0.9208256671883948,194.15571675416354,184.33134752114512
EXPD,2017-07-19,52.91194597095039,2017-08-09,49.45872219409059,24690,51.4717923021406,0.7200768344048952,1.440153668809792,-85260.09505066849,-86018.35458976695,-2.3978161856253166,stop_loss,21,-2.3978161856253166,391.9187838068296,366.340755291629
NFLX,2017-07-19,18.315296999999994,2017-08-10,17.385597,71328,17.37051866173579,0.47238916913210255,0.9447783382642037,-66313.64159999952,-67077.58361016912,-0.9840403429529163,stop_loss,22,-0.9840403429529163,391.9180513247999,372.0239588448
BA,2017-07-27,223.59400141916598,2017-08-10,221.5647271374685,2907,217.4748745029906,3.0595634580876934,6.119126916175389,-5899.100336894539,-6287.323264068781,-0.33162807529506455,trailing_stop,14,-0.33162807529506455,194.99632863765467,193.2265985365863
GWRE,2017-07-10,70.62055,2017-08-11,68.00192999999999,18503,67.65008636243434,1.4852318187828257,2.9704636375656577,-48452.32586000013,-49221.80538423213,-0.8815526192220983,trailing_stop,32,-0.8815526192220983,392.00761099499994,377.4719132369999
EL,2017-08-10,92.13080380257195,2017-08-14,89.33166212980463,14083,89.81147169040007,1.1596660560859404,2.319332112171878,-39420.312177582164,-40186.972949899864,-1.2068740212224873,stop_loss,4,-1.2068740212224873,389.2434329854862,377.41733933221155
JKHY,2017-05-19,88.90025401580768,2017-08-17,91.02688036751417,14353,86.50646999971872,1.1968920080444823,2.393784016088958,30523.468026043272,29748.719778102128,0.8883952509554486,trailing_stop,90,0.8883952509554486,382.79560376666626,391.95264417447925
C,2017-06-30,50.71107827982285,2017-08-18,49.96689320936841,25546,49.03793476391962,0.8365717579516133,1.6731435159032273,-19010.95180982918,-19782.527647728046,-0.4447825684891725,trailing_stop,49,-0.4447825684891725,388.63956172090633,382.9362761779576
DHI,2017-07-10,32.53463050959307,2017-08-24,32.26850540850083,20082,31.303921923681273,0.6153542929558996,1.230708585911799,-5344.324280134419,-5734.737252786566,-0.21623729950260953,trailing_stop,45,-0.21623729950260953,196.00813496809442,194.4048376840541
EG,2016-11-04,164.8848592691719,2017-08-25,209.38898240490983,6665,160.14836409003587,2.3682475895680075,4.736495179136028,296619.98069969326,295871.62015326595,9.396003047100283,trailing_stop,294,9.396003047100283,329.6872761087093,418.6732703186172
ALL,2017-08-03,76.83057815172437,2017-08-25,74.97041366225763,16714,75.23300306920106,0.7987875412616564,1.5975750825233064,-31090.789276947096,-31851.949810100763,-1.164367490339599,stop_loss,22,-1.164367490339599,385.2438849683763,375.91664818529216
PGR,2017-05-19,32.15752434719656,2017-09-05,34.92389873377241,39680,31.31720766845838,0.42015833936909247,0.8403166787381835,109769.73565932963,108971.19839897378,3.2920617388313955,trailing_stop,109,3.2920617388313955,382.8031698290279,415.7340905268268
NRG,2017-07-14,18.28714060087682,2017-09-07,19.80052929175024,71471,17.014127271819383,0.6365066645287181,1.273013329057438,108163.40312541419,107346.7539689454,1.1888239159239284,trailing_stop,55,1.1888239159239284,392.1000677655802,424.5490887032045
CHTR,2017-08-01,393.23283999999995,2017-09-12,380.53908,3268,376.19456516586587,8.519137417067048,17.038274834134086,-41483.2076799998,-42241.8136703678,-0.7450143939789934,trailing_stop,42,-0.7450143939789934,385.52547633599994,373.080514032
DLR,2017-09-12,93.2298200923047,2017-09-14,89.99829926026104,14276,90.27742879286895,1.4761956497178814,2.95239129943576,-46133.19139825545,-46917.92078781862,-1.0945435426060415,stop_loss,2,-1.0945435426060415,399.2846734913226,385.44471607184596
IQV,2017-08-28,97.55745999999998,2017-09-18,94.42548,13246,94.11942877381621,1.7190156130918843,3.4380312261837673,-41486.2070799998,-42249.10888697179,-0.91098067293487,stop_loss,21,-0.91098067293487,387.67383454799995,375.227972424
ILMN,2017-08-03,191.8258754864099,2017-09-22,194.05672178986475,6694,182.63335625355575,4.596259616427075,9.192519232854153,14933.285155326792,14158.355723476578,0.24268062398844786,trailing_stop,50,0.24268062398844786,385.22472315180835,389.70470869840636
SBAC,2017-04-12,112.57294773854966,2017-09-25,129.41378036345935,11060,109.12639468347793,1.7232765275358672,3.446553055071732,186259.60883150122,185456.69686765873,4.886282716619661,trailing_stop,166,4.886282716619661,373.51704059650774,429.3949232459581
V,2017-08-17,97.28073482404817,2017-09-26,96.87966104479763,13387,95.10085114865774,1.0899418376952155,2.1798836753904283,-5369.174682826953,-6148.942248675825,-0.18398861543779566,trailing_stop,40,-0.18398861543779566,390.68915912685986,389.0784067220118
ASHR,2017-08-28,26.151302956115348,2017-09-26,25.832916782033593,49416,25.71912829041064,0.21608733285235412,0.4321746657047072,-15733.371178424031,-16504.02683919814,-0.7367071680673198,stop_loss,29,-0.7367071680673198,387.6878360638188,382.9678247102916
EL,2017-08-21,94.25029521208877,2017-09-29,95.59122393643777,13656,90.83434927200211,1.7079729700433262,3.415945940086658,18311.72265970992,17533.979924062238,0.39254974986957225,trailing_stop,39,0.39254974986957225,386.1246094248853,391.61812622279825
WYNN,2017-09-05,129.44058359595942,2017-10-13,128.01318050880434,10112,123.40967667741135,3.015453459274033,6.0309069185480695,-14433.900017312219,-15214.91175610043,-0.23668133274700412,trailing_stop,38,-0.23668133274700412,392.67095439670254,388.34078439150886
LYV,2017-08-11,39.339299999999994,2017-10-17,41.8581,32607,37.69133392942665,0.8239830352866722,1.6479660705733465,82130.51160000019,81336.23051346019,1.5284295259329497,trailing_stop,67,1.5284295259329497,384.82096652999996,409.46012001
PVH,2017-08-25,126.06438878963986,2017-10-18,123.05022040237954,10258,121.08010763328485,2.492140578177503,4.98428115635501,-30919.33931651643,-31685.964614843953,-0.6047348238807176,trailing_stop,54,-0.6047348238807176,387.9505500612377,378.6747482662828
XYZ,2017-10-13,33.25321999999999,2017-10-20,32.57739,41185,31.67764708188044,0.7877864590597748,1.5755729181195512,-27834.058549999612,-28647.42865185461,-0.4289423816744672,stop_loss,7,-0.4289423816744672,410.8601597099999,402.509942145
DLB,2017-09-14,52.296899657303214,2017-10-27,51.05914002930619,25402,50.24772320596852,1.0245882256673469,2.049176451334695,-31441.570070380352,-32229.205106416128,-0.6040278411314112,stop_loss,43,-0.6040278411314112,398.5337535284449,389.1012825073308
STE,2017-08-09,78.67883505714623,2017-11-02,82.04011108211368,16474,76.47539801082591,1.1017185231601592,2.2034370463203174,55373.66123531381,54579.35605970436,1.5254695070960598,trailing_stop,85,1.5254695070960598,388.84653861942815,405.4586369900223
ANET,2017-08-07,10.638753125,2017-11-03,12.602072812500001,121755,9.967483152089912,0.33563498645504375,0.6712699729100873,239043.98855156274,238195.08252295665,2.9247840164645313,trailing_stop,88,2.9247840164645313,388.59641602031246,460.30961258578134
GM,2017-09-26,34.989588574165516,2017-11-03,36.885155924776626,37540,34.038420245015175,0.4755841645751692,0.9511683291503417,71159.59834194106,70350.14496939398,1.992883165385016,trailing_stop,38,1.992883165385016,394.05274652225205,415.40062602483437
ESNT,2017-10-17,37.35497129667776,2017-11-06,35.29566519446721,36796,35.86995042002026,0.7425104383287522,1.4850208766575008,-75774.22733693935,-76576.20318303781,-1.3867186209837363,stop_loss,20,-1.3867186209837363,412.3540571497665,389.62178894868464
MTG,2017-10-19,11.48337397788862,2017-11-06,11.400873372553866,60139,11.023217352652596,0.23007831261801243,0.4601566252360243,-4961.503904226791,-5374.374629649268,-0.17928809629207879,trailing_stop,18,-0.17928809629207879,207.17958829687313,205.69113712560505
IJR,2017-09-26,63.38173440711952,2017-11-08,64.21177936164717,20723,62.28030020937687,0.5507170988713249,1.1014341977426483,17201.021592676654,16407.78547692761,0.7536037615581634,trailing_stop,43,0.7536037615581634,394.0379046356213,399.1982111134243
THO,2017-09-29,103.30470091015476,2017-11-08,107.21953224728762,12875,99.31198061058606,1.9963601497843537,3.9927202995687026,50403.45346558548,49590.30361501486,0.9804922567593168,trailing_stop,40,0.9804922567593168,399.0144072654728,414.1354433051484
ITT,2017-11-03,47.36800150575501,2017-11-15,45.577863617539506,29543,45.60370019494097,0.882150655407021,1.7643013108140408,-52886.043631550645,-53709.81353955189,-1.0146440844560403,stop_loss,12,-1.0146440844560403,419.8178605453561,403.9520474558909
EME,2017-10-27,74.8774791015891,2017-11-16,74.46662130912752,18635,72.41698476637592,1.230247167606595,2.460494335213184,-7656.334962521625,-8491.243155867736,-0.16698180791624806,trailing_stop,20,-0.16698180791624806,418.60254691743387,416.3056464286774
WLK,2017-11-08,80.28973039700729,2017-11-16,79.54468063972668,17620,77.37056508036062,1.4595826583233378,2.9191653166466693,-13127.776723284373,-13972.661420024548,-0.2552269832174054,trailing_stop,8,-0.2552269832174054,424.41151487858053,420.47318186159526
XYZ,2017-11-16,40.99095,2017-11-28,39.85011,34473,38.49860900671456,1.2461704966427174,2.4923409932854383,-39328.1773199999,-40164.2274784139,-0.45773832837220485,trailing_stop,12,-0.45773832837220485,423.924305805,412.125852609
NBIX,2017-11-03,73.073,2017-11-29,68.1318,19151,68.3523549364762,2.3603225317618968,4.72064506352379,-94628.92119999991,-95440.1851374399,-1.0467213555580408,stop_loss,26,-1.0467213555580408,419.8263068999999,391.43763054
ADBE,2017-10-20,171.67149999999998,2017-11-30,177.96185999999997,8054,165.10723107184504,3.2821344640774752,6.564268928154945,50662.55943999994,49817.77531556794,0.9582727442838114,trailing_stop,41,0.9582727442838114,414.7926783,429.9914461319999
GDDY,2017-11-08,48.61857,2017-11-30,48.87108,29098,46.93431819506283,0.8421259024685845,1.684251804937169,7347.535980000026,6496.509829290026,0.1499241379820999,trailing_stop,22,0.1499241379820999,424.41094495799996,426.615205752
WTFC,2017-11-30,74.8147259995481,2017-12-04,73.86566476403426,19024,71.70718690723294,1.5537695461575844,3.1075390923151645,-18054.940944415255,-18903.489670581173,-0.3054060487479734,stop_loss,4,-0.3054060487479734,426.98260422462096,421.5661219412964
CFG,2017-11-30,29.065941447141515,2017-12-04,29.297381409442014,48968,27.915255660921343,0.5753428931100859,1.1506857862201727,11333.152073930825,10475.77151583847,0.20113219879142138,stop_loss,4,0.20113219879142138,426.99030623508776,430.39025185726695
RF,2017-11-30,11.769196181418986,2017-12-04,11.971018115514639,60467,11.32670902392331,0.22124357874783787,0.442487157495675,12203.566888961856,11772.91702759405,0.45610800376195265,stop_loss,4,0.45610800376195265,213.49439565055854,217.15546571724707
TTWO,2016-11-04,48.33828999999999,2017-12-05,101.32857000000001,22737,45.72608078443703,1.306104607781483,2.612209215562963,1204839.9963600005,1203819.1037412544,20.285618657301907,trailing_stop,396,20.285618657301907,329.72030991899993,691.1723088270002
IPGP,2017-05-03,136.136,2017-12-05,201.00879,9423,130.24236592045847,2.9468170397707696,5.893634079541528,611296.3001700001,610343.2255631491,11.007264639179386,trailing_stop,216,11.007264639179386,384.84285839999995,568.231748451
ISRG,2017-08-16,109.67278699377,2017-12-05,123.10677000003331,11830,106.12066699682799,1.7760599984710086,3.552119996942011,158924.0189640949,158097.8843163239,3.7819620445898514,trailing_stop,111,3.7819620445898514,389.2287210408897,436.90592673011815
ILMN,2017-11-28,218.78860894940667,2017-12-05,206.98152723736152,6613,210.66197173624084,4.063318606582917,8.126637213165822,-78080.23136175456,-78924.91673493548,-1.4528865264117736,stop_loss,7,-1.4528865264117736,434.0547212947278,410.6306518862015
BIO,2017-11-06,261.68142,2017-12-06,253.18656,2695,249.72502507503518,5.978197462482409,11.956394924964826,-22893.647700000045,-23309.918461830046,-0.7104867356181787,trailing_stop,30,-0.7104867356181787,211.56942807,204.70133375999998
NTNX,2017-12-04,36.05602,2017-12-06,33.966,39470,33.142712770216974,1.4566536148915108,2.9133072297830225,-82493.08939999982,-83322.22013881982,-0.717404597302172,stop_loss,2,-0.717404597302172,426.93933281999995,402.19140600000003
LOW,2017-12-05,75.3184599952943,2017-12-07,70.36910940837966,18374,72.4860678566226,1.4161960693358528,2.8323921386717075,-90939.36768396973,-91742.42670403665,-1.7474100846910694,stop_loss,2,-1.7474100846910694,415.17041518606123,387.8886048808704
FAST,2017-12-05,11.07086465896335,2017-12-15,10.687740491434706,125004,10.59606058219724,0.2374020383830556,0.4748040767661106,-47892.0534377506,-48708.0272412167,-0.8069100209461166,stop_loss,10,-0.8069100209461166,415.1707097487164,400.80309371739116
FNF,2017-11-15,26.923113829734845,2017-12-22,26.3730807343429,52924,26.06120955906277,0.4309521353360365,0.8619042706720741,-29109.951540523343,-29956.14588085612,-0.6381603086419967,trailing_stop,37,-0.6381603086419967,427.4636628974661,418.73067743530913
VOYA,2017-12-22,45.91463079847513,2017-12-29,44.282258053807276,30541,43.905845534989716,1.0043926317427065,2.0087852634854144,-49854.295994900946,-50680.70694963221,-0.8126168457824846,stop_loss,7,-0.8126168457824846,420.6836217648687,405.7273329663984
SMG,2018-01-02,81.45856065458705,2018-01-05,79.54767003775166,17242,79.32910910730844,1.064725773639303,2.129451547278606,-32947.576015475766,-33780.39684435496,-0.8973628065299096,stop_loss,3,-0.8973628065299096,421.352550841917,411.4682780372742
GAP,2017-12-05,25.399011128937723,2018-01-09,24.23194334282512,54486,23.84106189554218,0.778974616697772,1.5579492333955436,-63588.85539413133,-64400.11304973587,-0.7491051448248957,trailing_stop,35,-0.7491051448248957,415.16715611139017,396.0904994931508
INGR,2017-11-16,105.69424866102811,2018-01-16,108.55658530922787,13369,102.81853761272676,1.4378555241506776,2.875711048301355,38266.57864978256,37407.28282997805,0.9953491849921788,trailing_stop,61,0.9953491849921788,423.90792310478537,435.3878966997203
BF-B,2017-12-07,44.77008898607557,2018-01-16,44.89793011664452,30490,43.14262758031635,0.8137307028796089,1.6274614057592203,3897.8760710471624,3077.682700314582,0.07855248064042866,trailing_stop,40,0.07855248064042866,409.5120039556332,410.6813667769474
TXN,2017-09-25,68.8864850092845,2018-01-25,87.51499031919303,19393,66.78831584540664,1.0490845819389276,2.0981691638778557,361262.6034750562,360352.6753317427,8.878457290583357,trailing_stop,122,8.878457290583357,400.7746811355163,509.1534621780331
SCHW,2017-12-05,46.147451365659,2018-01-31,47.56846711809693,29988,44.41035983399093,0.8685457658340369,1.7370915316680708,42613.42038410868,41770.314495061415,0.8180431062681984,trailing_stop,57,0.8180431062681984,415.1609314660146,427.9449575812472
IPGP,2018-01-09,260.10985,2018-01-31,253.71603,5528,247.1689331851598,6.470458407420094,12.940916814840193,-35345.03696000003,-36197.16579939202,-0.4940778224204173,stop_loss,22,-0.4940778224204173,431.36617523999996,420.7626641519999
PHM,2017-07-10,22.37400534043449,2018-02-01,28.687401924886437,29202,21.565881913054664,0.4040617136899128,0.8081234273798259,184363.80705916576,183916.4784946772,7.812416235626083,trailing_stop,206,7.812416235626083,196.0097111854104,251.31885330316015
ABBV,2017-09-07,53.68808381391373,2018-02-01,78.91481257805242,24353,52.26757314025836,0.7102553368276843,1.4205106736553716,614346.5255930695,613377.7420923194,17.758915319673914,trailing_stop,147,17.758915319673914,392.2397715360723,576.5437292139932
GWW,2018-01-25,245.52295080773519,2018-02-01,237.93091112755093,5958,232.7155771623919,6.403686822671645,12.80737364534329,-45233.37241453781,-46097.497847360944,-0.5927866157746317,trailing_stop,7,-0.5927866157746317,438.84772227374594,425.27771054938455
TTWO,2018-02-01,126.97684999999998,2018-02-02,123.00686999999999,11504,120.20202005367882,3.38741497316058,6.774829946321162,-45670.649919999916,-46533.39373446391,-0.5859896161904039,stop_loss,1,-0.5859896161904039,438.22250472,424.52130974399995
CAT,2017-07-26,95.08719420168607,2018-02-05,130.0430760086285,13756,91.81812964754099,1.6345322770725421,3.269064554145089,480853.11013630003,479924.04253719613,10.692931029036817,trailing_stop,194,10.692931029036817,392.40583303151806,536.6617660724081
OLLI,2017-12-05,50.450399999999995,2018-02-05,53.19675,27431,47.74737765877754,1.3515111706112277,2.703022341222457,75335.12685000019,74482.1833585052,1.016029338017959,trailing_stop,62,1.016029338017959,415.17147672,437.77201477500006
NDSN,2017-12-15,131.3923327769993,2018-02-05,128.48027308484134,10428,125.50167117434948,2.9453308013249044,5.890661602649814,-30366.958469823137,-31179.943930001322,-0.4943518892424601,trailing_stop,52,-0.4943518892424601,411.0477738595646,401.93768631861764
HWM,2018-01-05,21.74204420789617,2018-02-05,20.36671716162325,65192,20.80909132736187,0.46647644026715085,0.9329528805343017,-89660.32080062432,-90483.86711198484,-1.4741656036104125,trailing_stop,31,-1.4741656036104125,425.22220380035026,398.3241075601628
LOW,2018-01-16,86.84339077040546,2018-02-05,86.89877689569367,16715,83.91700064311277,1.4631950636463436,2.9263901272926915,925.7790841924073,54.54898443075308,0.01892643252574404,trailing_stop,20,0.01892643252574404,435.47618301819824,435.75391674345593
TGT,2018-01-16,60.27430457318943,2018-02-05,56.68767357719769,24083,57.340152797175996,1.4670758880067176,2.9341517760134366,-86376.83427646908,-87221.87287240781,-1.2223740521237834,stop_loss,20,-1.2223740521237834,435.47582311083636,409.56277282789557
ALV,2018-01-31,87.75704088024574,2018-02-05,83.71524226562124,16717,85.04210327431915,1.3574688029632997,2.7149376059265933,-67566.74744067772,-68426.69808788256,-1.4887261518649353,stop_loss,5,-1.4887261518649353,440.11033571852033,419.84031148631715
STZ,2017-06-30,168.37249770745737,2018-02-06,180.98667961314916,7694,163.07466136194907,2.648918172754146,5.297836345508301,97053.51558239266,96247.12472930124,2.381006335989702,trailing_stop,221,2.381006335989702,388.63739920835314,417.75345388307085
HON,2017-09-22,106.12139795853479,2018-02-06,111.79878797910567,12547,103.98713754234551,1.0671302080946412,2.134260416189278,71234.21258810286,70413.93921621499,2.6601205633133853,trailing_stop,137,2.6601205633133853,399.45155405572075,420.8218178321516
WLK,2017-12-04,87.37299913738262,2018-02-06,88.24785217407818,16288,84.06885058010423,1.6520742786392,3.3041485572783955,14249.606261697198,13391.452533848877,0.2647741230546139,trailing_stop,64,0.2647741230546139,426.93942298490646,431.21430486341563
HCA,2018-01-31,94.6232275406627,2018-02-06,87.61083843755253,15504,90.35252512631922,2.1353512071717353,4.270702414343475,-108720.08065462002,-109567.68774229789,-1.6419755868633064,stop_loss,6,-1.6419755868633064,440.1115559371304,407.4955317407443
KNX,2018-02-01,45.83950612012527,2018-02-06,43.02384226522711,31868,43.73092794264421,1.0542890887405318,2.108578177481064,-89729.57572789463,-90579.14488379794,-1.3353376625863556,stop_loss,5,-1.3353376625863556,438.2440143108456,411.3251415924773
EBAY,2018-02-02,39.99373699915444,2018-02-06,36.87344915709297,36393,38.09385798288723,0.9499395081336074,1.8998790162672137,-113556.63543614316,-114395.86368787846,-1.6423613374035029,stop_loss,4,-1.6423613374035029,436.6476211830683,402.5806305522254
ROP,2018-02-05,271.862782444212,2018-02-06,248.70725514579428,5236,264.2053773152235,3.828702564494262,7.657405128988501,-121242.34093451506,-122060.05234956145,-3.023939168473434,stop_loss,1,-3.023939168473434,427.0420586633682,390.6693563830137
CME,2018-02-05,117.47009948909472,2018-02-06,112.9659875472003,12119,113.75575205071185,1.8571737191914355,3.714347438382873,-54585.3326238185,-55423.12910545636,-1.2126253713775874,stop_loss,1,-1.2126253713775874,427.08604071250164,410.71044092535607
EA,2018-02-01,123.11853307824302,2018-02-07,119.10154248921081,5932,116.91536393940015,3.101584569421434,6.203169138842867,-23828.788174139034,-24259.843020618875,-0.647570701220881,stop_loss,6,-0.647570701220881,219.1017414660413,211.9531050137996
MSI,2018-02-05,92.51075813320324,2018-02-07,91.6393839401454,15389,89.14004018793244,1.6853589726354001,3.3707179452707976,-13409.5774569672,-14259.74341787723,-0.25851293617741183,stop_loss,2,-0.25851293617741183,427.0944170735594,423.0715438364692
EW,2018-02-05,43.65694666663221,2018-02-07,42.20774999996746,32610,41.91484406229722,0.8710513021674935,1.7421026043349883,-47258.303299937405,-48098.31762742675,-0.8318664256965209,stop_loss,2,-0.8318664256965209,427.0959092396629,412.9184182496817
PODD,2017-11-06,69.50943999999998,2018-02-09,73.51641000000001,20291,65.64186447512698,1.9337877624365027,3.867575524873004,81305.42827000048,80434.78701329548,1.0360418236775342,trailing_stop,95,1.0360418236775342,423.1248141119999,447.5164425930001
APTV,2017-12-06,86.53951620037125,2018-02-09,88.38892988786642,15905,78.21427140350416,4.16262239843355,8.325244796867096,29414.924699610714,28580.253619100688,0.22214526210582203,trailing_stop,65,0.22214526210582203,412.9233015500714,421.7477789599547
FTNT,2018-02-07,9.345336,2018-02-09,9.036954,147383,8.911564941389184,0.2168855293054075,0.4337710586108159,-45450.26430599999,-46263.035420120985,-0.710932631115631,stop_loss,2,-0.710932631115631,413.20309670639995,399.5680174146
ANET,2018-02-15,19.144125,2018-02-20,15.4845,72027,17.777378010457763,0.6833734947711182,1.3667469895422357,-263591.80987499986,-264340.0686668624,-2.67761701909855,stop_loss,5,-2.67761701909855,413.6681674125,334.59062445
SAM,2018-02-16,200.40019999999996,2018-02-23,166.833,6892,190.04029408334696,5.179952958326501,10.359905916652991,-231345.1423999997,-232104.4337643197,-3.240106644795151,stop_loss,7,-3.240106644795151,414.3474535199999,344.9439108
VRSN,2018-02-20,118.02837523676837,2018-02-23,113.64964157844354,11636,112.88377853812739,2.5722983493204916,5.1445966986409815,-50950.94484826776,-51759.6864693663,-0.8511325405704859,stop_loss,3,-0.8511325405704859,412.01345227651103,396.7281688220307
PODD,2018-02-23,80.58049999999999,2018-02-26,75.47444999999999,16737,75.676927957718,2.451786021140995,4.9035720422819935,-85459.95884999994,-86243.52635944494,-1.0412919308561386,stop_loss,3,-1.0412919308561386,404.60274854999994,378.9647608949999
CPRT,2018-02-20,11.594082499999999,2018-02-27,11.823165000000001,118455,11.057022797416074,0.26852985129196216,0.5370597025839245,27135.967537500273,26303.800521716523,0.4265494113556292,trailing_stop,7,0.4265494113556292,412.01311276124994,420.15390302250006
POOL,2018-02-16,132.49987773933435,2018-03-01,124.03521223343617,10425,125.96376166057546,3.2680580393794445,6.536116078758894,-88244.13789898854,-89046.45139287839,-1.295060461580035,stop_loss,13,-1.295060461580035,414.39336762976814,387.92012626007164
CMC,2018-02-20,22.251097819543645,2018-03-01,21.207814858902484,30860,20.788148211183724,0.7314748041799601,1.4629496083599207,-32195.712165386223,-32598.05477896328,-0.7131366348364941,trailing_stop,9,-0.7131366348364941,206.00066361333504,196.3419499637192
BMY,2018-02-16,50.96451148395326,2018-03-02,48.34392516202503,27103,48.422252490627464,1.2711294966628972,2.5422589933257953,-71025.75108322079,-71833.21805074558,-1.0308101294195702,stop_loss,14,-1.0308101294195702,414.3873464248755,393.07962109990933
NOC,2018-02-15,307.71568128476935,2018-03-05,297.5772199070927,4481,293.6316327335732,7.042024275598055,14.084048551196133,-45430.445433369125,-46244.14068044135,-0.7198541911314003,stop_loss,18,-0.7198541911314003,413.66219035111544,400.0330567211047
GDDY,2018-02-26,61.82175999999999,2018-03-05,60.28965,21970,58.71678913375807,1.552485433120959,3.1049708662419206,-33660.456699999755,-34465.29300330975,-0.493437802157019,stop_loss,7,-0.493437802157019,407.46722015999995,397.36908315
STLD,2018-02-20,41.30873307378501,2018-03-09,39.55349584095622,33246,38.624820709293445,1.341956182245779,2.6839123644915617,-58354.617042625956,-59161.1207413758,-0.6539845548054253,stop_loss,17,-0.6539845548054253,412.0050419313169,394.4986568185291
DECK,2018-02-05,15.600585000032877,2018-03-13,15.053264999999998,91258,14.761321429867658,0.4196317850826093,0.8392635701652189,-49947.32856300052,-50786.55127599142,-0.6521431639468553,stop_loss,36,-0.6521431639468553,427.1034557799001,412.11925721099993
NXPI,2018-02-21,111.36832592219916,2018-03-14,108.46834470144152,12259,108.55508539553543,1.4066202633318632,2.8132405266637335,-35550.86978526789,-36359.36310882046,-1.0308330173946314,stop_loss,21,-1.0308330173946314,409.5792922440719,398.91403130849153
AKAM,2018-03-09,76.79672,2018-03-14,73.04688,18086,73.23919007562174,1.7787649621891297,3.557529924378258,-67819.60623999985,-68632.62764487985,-1.054057191284299,stop_loss,5,-1.054057191284299,416.683643376,396.33776150400007
HII,2018-02-16,217.73751846729985,2018-03-15,215.9508142527709,3172,206.13861486004615,5.799451803626846,11.598903607253703,-5667.425768485839,-6080.123585902259,-0.1540407848041419,trailing_stop,27,-0.1540407848041419,207.19902257348252,205.49879484293677
LITE,2018-03-13,72.62254999999999,2018-03-20,69.38055,19254,67.4201021625823,2.601223918708847,5.202447837417694,-62421.46799999981,-63241.70630621981,-0.6231681895361783,stop_loss,7,-0.6231681895361783,419.4823733099999,400.75593290999996
NYT,2018-02-09,23.015849803212237,2018-03-23,21.528435371173988,59025,21.42596355631209,0.7949431234500727,1.5898862469001465,-87794.6368510577,-88583.40478078314,-0.9355477065974441,trailing_stop,42,-0.9355477065974441,407.5531603903807,381.21476933506335
CSCO,2018-02-16,34.48072798801226,2018-03-23,34.27070691298604,40061,32.7068207892743,0.8869535993689788,1.7739071987379589,-8413.65428662537,-9239.929656696038,-0.11839462356071283,trailing_stop,35,-0.11839462356071283,414.3997331783278,411.8756368923402
CRM,2018-03-02,116.71583434391502,2018-03-23,115.85432667043445,11433,111.60510549206325,2.5553644259258905,5.110728851851775,-9849.617230903403,-10647.309626166521,-0.16856845636966697,trailing_stop,21,-0.16856845636966697,400.3236402161941,397.3687550469231
JLL,2018-02-15,158.8556249733001,2018-03-26,167.99243644992185,8680,150.5263637505148,4.164630611392657,8.329261222785306,79307.52361707675,78456.41126513068,1.0969534070593592,trailing_stop,39,1.0969534070593592,413.66004743047347,437.4523045155965
ZBRA,2018-02-23,137.13699999999997,2018-03-26,140.07978,9834,130.42636038696932,3.3553198065153267,6.710639613030651,28939.29852000027,28121.45357564427,0.43852451773535384,trailing_stop,31,0.43852451773535384,404.5815773999999,413.263366956
HPE,2018-02-27,14.392471871732257,2018-03-26,13.968664154232433,94939,13.57729634955373,0.40758776108926326,0.8151755221785262,-40235.88089171571,-41043.65425966643,-0.5198975017885876,trailing_stop,27,-0.5198975017885876,409.9220661091166,397.8513018416019
KEYS,2018-03-05,49.03899,2018-03-26,51.62832,27585,46.78994673858014,1.1245216307099295,2.2490432614198568,71426.66805000011,70593.59572609511,1.151302887061994,trailing_stop,21,1.151302887061994,405.82216174499996,427.25016216
NTNX,2018-03-14,53.30324999999999,2018-03-26,50.93901,26132,49.391911071643385,1.9556694641783037,3.9113389283566065,-61782.31967999969,-62599.537301495686,-0.6044579729104045,stop_loss,12,-0.6044579729104045,417.87615869999996,399.34146279600003
ADBE,2018-03-19,224.70447999999996,2018-03-26,218.61117000000002,3081,214.51244412235263,5.0960179388236675,10.192035877647328,-18773.48810999983,-19183.244765294832,-0.5978501325101783,trailing_stop,7,-0.5978501325101783,207.69435086399997,202.062304431
VRSN,2018-03-15,122.04153720172826,2018-03-28,115.90314992729785,11433,116.9156830773729,2.562927062177682,5.125854124355357,-70180.18170856293,-70996.30819094679,-1.1975345231273815,stop_loss,13,-1.1975345231273815,418.5902684482077,397.5362139356389
HQY,2018-03-21,64.92486,2018-03-28,61.38855,21335,60.54261393636838,2.191123031815806,4.382246063631612,-75447.17384999986,-76255.64283070486,-0.8069629018205831,trailing_stop,7,-0.8069629018205831,415.5515664299999,392.91741427499994
VEEV,2018-03-01,69.59952999999999,2018-03-29,71.56836,19322,65.7513216179594,1.9241041910202945,3.848208382040582,38041.73326000022,37223.43946882622,0.511622501834478,trailing_stop,28,0.511622501834478,403.4406355979999,414.853155576
TWLO,2018-03-05,37.187149999999995,2018-03-29,37.60236,36377,34.49009552064198,1.3485272396790091,2.697054479358016,15104.094170000068,14287.908768419067,0.15394943008301223,trailing_stop,24,0.15394943008301223,405.8270866649999,410.358314916
BWXT,2018-03-27,61.365554867409905,2018-03-29,58.1486802032037,22221,58.8026381804971,1.2814583434564017,2.562916686912807,-71482.171913326,-72278.88965857725,-1.2551616213795571,stop_loss,2,-1.2551616213795571,409.08119841261464,387.6365468386169
PANW,2018-04-06,32.328963333366694,2018-04-11,30.950684999999996,41873,30.647830128009257,0.8405666026787187,1.6811332053574368,-57712.648653063734,-58507.56126746265,-0.819850758389876,stop_loss,5,-0.819850758389876,406.1132044974191,388.7994099014999
NOV,2018-04-13,36.53925641875796,2018-04-17,33.7250317562945,18618,34.409936793979895,1.0646598123890318,2.129319624778063,-52395.23476574469,-52787.68892091763,-1.3216544053393504,stop_loss,4,-1.3216544053393504,204.08636280133072,188.3677923716073
WSO,2018-04-04,141.76059019660198,2018-04-25,134.84420665769883,9430,135.421590306734,3.169499944933991,6.338999889867978,-65221.496771856684,-66004.0117421575,-1.091084344386571,stop_loss,21,-1.091084344386571,401.040709666187,381.47426063463
FIVE,2018-04-12,76.9769,2018-04-25,72.70722,17607,72.31124549629796,2.3328272518510227,4.665654503702044,-75176.2557599999,-75966.9022502519,-0.9151299129869439,stop_loss,13,-0.9151299129869439,406.59968349,384.04680676199996
FND,2018-04-05,56.576519999999995,2018-04-26,53.42652,23804,52.4407681327724,2.0678759336137977,4.135751867227597,-74982.59999999996,-75768.15370924797,-0.7616511099133233,stop_loss,21,-0.7616511099133233,404.024244624,381.52946462399996
ANF,2018-04-09,25.0142230195978,2018-04-26,24.105927438622704,53469,23.10452488048662,0.9548490695555916,1.9096981391111818,-48565.65641915743,-49353.578016612606,-0.4756225931066982,trailing_stop,17,-0.4756225931066982,401.2456471904624,386.6759502647152
SAM,2018-04-05,205.85565,2018-04-27,217.5822,6542,194.78481874412847,5.53541562793576,11.070831255871525,76715.09010000002,75884.05097559003,1.0592294046375887,trailing_stop,22,1.0592294046375887,404.01229868999997,427.0268257200001
LHX,2017-09-18,108.23029011620193,2018-05-02,131.05037138350428,12271,105.91118027720145,1.1595549195002357,2.3191098390004754,280025.2172310672,279144.3533318883,9.84001744270021,trailing_stop,226,9.84001744270021,398.42816700477414,482.4357321740943
TPR,2018-02-07,39.5375549249012,2018-05-02,38.14870496098736,34836,37.75238912377365,0.8925829005637738,1.7851658011275475,-48381.97734290259,-49193.86090771803,-0.7779949420029307,stop_loss,84,-0.7779949420029307,413.19907900915746,398.68448580628666
ECL,2018-04-17,135.82814576744101,2018-05-02,133.53872815077293,5032,131.2066483350505,2.3107487161952576,4.621497432390527,-11520.349447073826,-11926.985679940763,-0.4953843749046204,stop_loss,15,-0.4953843749046204,205.04616885052897,201.59006401640679
EL,2017-11-02,109.15950420790526,2018-05-03,121.2889494290379,12894,105.56329748973519,1.7981033590850344,3.596206718170066,156397.06668128428,155505.64597292585,3.3728442694486493,trailing_stop,182,3.3728442694486493,422.25079417701915,469.16991418140435
ATR,2018-04-11,82.84518744504012,2018-05-04,81.66380939580796,16316,79.5960238257188,1.6245818096606595,3.2491636193213225,-19275.36425127201,-20080.602889008595,-0.3635945085089094,trailing_stop,23,-0.3635945085089094,405.5106235059824,399.72801423060076
COP,2018-04-11,47.6096753083085,2018-05-29,49.62407224017607,28392,45.10151816469502,1.2540785718067389,2.508157143613481,57192.75768958393,56364.55952146496,0.8031382471376738,trailing_stop,48,0.8031382471376738,405.52017040604846,422.6779977129237
NRG,2018-05-04,26.803073532815763,2018-06-12,27.013306661044354,50292,25.602168472714876,0.6004525300504432,1.2009050601008866,10573.044484872296,9761.084467059412,0.17506223865101336,trailing_stop,39,0.17506223865101336,404.3940522337111,407.56596557917277
KEX,2018-04-06,83.4834,2018-06-13,86.1138,16215,79.44739336705456,2.018003316472724,4.036006632945444,42651.935999999914,41826.930420599914,0.6517333193975329,trailing_stop,68,0.6517333193975329,406.1049993,418.9005801
BSX,2018-06-12,34.94490999999999,2018-06-14,32.257709999999996,43858,33.38280224775232,0.7810538761238361,1.5621077522476696,-117855.21759999987,-118739.42935238787,-1.720239846536493,stop_loss,2,-1.720239846536493,459.7841588339999,424.4275935539999
DINO,2018-04-25,45.77763290034111,2018-06-25,54.63179266588969,29748,43.49536242430614,1.1411352380174864,2.2822704760349737,263393.5447055392,262497.4508280159,3.8795400713990125,trailing_stop,61,3.8795400713990125,408.5379070558042,487.55597046746595
OKTA,2018-02-15,34.544509999999995,2018-06-26,49.47048,39916,32.241763915270155,1.1513730423649216,2.30274608472984,595785.0185200003,594778.9558177482,6.481813213787804,trailing_stop,131,6.481813213787804,413.663598348,592.3991039040001
CVLT,2018-04-04,64.4644,2018-06-26,67.932,20737,60.70768003613109,1.8783599819344565,3.7567199638689104,71907.6212000001,71083.9699559601,0.9230392558802408,trailing_stop,83,0.9230392558802408,401.03947884,422.6117652000001
NDAQ,2018-04-04,25.129716273943178,2018-06-26,27.05444642862227,53197,24.040904599888545,0.5444058370273168,1.0888116740546323,102389.8700384637,101557.05776747719,1.7677346785891621,trailing_stop,83,1.7677346785891621,401.04765498748657,431.7646159990257
NFLX,2018-06-14,38.46542699999999,2018-06-26,39.288672000000005,19782,36.68224991444859,0.891588542775701,1.7831770855514009,16285.43259000028,15823.993114074881,0.4616731600414477,trailing_stop,12,0.4616731600414477,228.27692307419997,233.16255285120002
GMED,2017-12-05,40.03999999999999,2018-06-28,48.960989999999995,34563,37.97878403278169,1.0306079836091515,2.0612159672183026,308336.1773700001,307413.3350047891,4.32802294465012,trailing_stop,205,4.32802294465012,415.170756,507.671609211
BRO,2018-04-27,25.72785284210158,2018-06-28,25.793679606520488,26594,24.80024350557556,0.4638046682630117,0.9276093365260216,1750.5969729564424,1339.547882774846,0.0709638873035012,trailing_stop,62,0.0709638873035012,205.26195554485483,205.7871346367418
MA,2018-05-03,176.71751554273087,2018-06-28,184.8291620964562,7606,168.4199476669508,4.148783937890023,8.29756787578006,61697.183687634904,60872.20647859781,0.9775932749405505,trailing_stop,56,0.9775932749405505,403.2340269654033,421.7431820716938
DGX,2018-06-26,96.47472662850915,2018-06-28,93.44814493743132,15347,93.37487199872842,1.5499273148903587,3.0998546297807223,-46448.94921297135,-47323.37310594809,-0.9763624597105437,stop_loss,2,-0.9763624597105437,444.179288870319,430.2446041064275
CMG,2018-04-27,8.4140056,2018-06-29,8.65134,162638,7.832388485564695,0.29080855721765214,0.5816171144353044,38599.59214719999,37766.950043892146,0.408059519071115,trailing_stop,63,0.408059519071115,410.53111283184,422.1109904759999
RH,2018-06-13,154.63447999999997,2018-06-29,142.80704999999998,9912,141.83250363174577,6.400988184127096,12.801976368254202,-117233.48615999993,-118117.95829360792,-0.9238753189178783,stop_loss,16,-0.9238753189178783,459.82108972799983,424.65104388
DECK,2018-05-29,17.776091666633576,2018-07-02,18.792854999967183,82209,16.91307499382071,0.43150833640643305,0.863016672812865,83587.0968700225,82685.20790906814,1.1781502783945406,trailing_stop,34,1.1781502783945406,438.40641594668386,463.4825450076907
EXR,2018-06-26,75.01037071142513,2018-07-16,72.32272889630349,9869,72.71379020383063,1.1482902537972488,2.2965805075944985,-26524.337073435436,-26960.546181444035,-1.1702798165507147,stop_loss,20,-1.1702798165507147,222.08320456531638,214.12590344328572
CUBE,2018-06-27,23.228464287137726,2018-07-17,22.11670720395098,32206,22.559788951829617,0.3343376676540551,0.6686753353081087,-35805.248621112325,-36243.36459902492,-1.6626261273334926,stop_loss,20,-1.6626261273334926,224.4287762494673,213.6872016631336
PSA,2018-06-27,167.06625334378302,2018-07-18,159.86627250022613,4477,162.19949543160823,2.4333789560873984,4.866757912174791,-32234.314236604183,-32673.417312065274,-1.4794203807724344,stop_loss,21,-1.4794203807724344,224.38668486603498,214.7163905950537
DPZ,2018-04-27,229.89518440382932,2018-07-25,240.26142169285308,5952,219.0062109794552,5.44448671218706,10.888973424374115,61699.844344269404,60860.33270842317,0.9519939929157828,trailing_stop,89,0.9519939929157828,410.50084127147767,429.0107945747585
NKE,2018-07-02,70.32502181365422,2018-07-25,67.20135790171608,20788,67.47488435566937,1.4250687289924209,2.850137457984843,-64934.725401370015,-65792.39491582695,-1.0959695656737514,stop_loss,23,-1.0959695656737514,438.5749660386732,419.09454841826215
ACN,2018-06-29,144.1825999709888,2018-07-30,142.185561769234,10172,139.2716817908895,2.455459090049651,4.910918180099316,-20313.872588249873,-21187.753670616337,-0.40665271310108,trailing_stop,31,-0.40665271310108,439.9876220714694,433.8934602949945
PFGC,2018-06-27,37.787749999999996,2018-07-31,35.964,39595,36.19415884839123,0.796795575804382,1.5935911516087629,-72211.38124999987,-73087.44141237487,-1.1444277901260207,stop_loss,34,-1.1444277901260207,448.861788375,427.19837399999994
ATR,2018-07-30,93.57444662330772,2018-07-31,92.75615026342575,16081,90.60265992158514,1.4858933508612866,2.9717867017225785,-13159.023763261954,-14057.938461822623,-0.2753550109796403,stop_loss,1,-0.2753550109796403,451.4312028448234,447.4834957158449
STWD,2018-07-31,10.729860751322276,2018-08-01,10.769883612599019,138851,10.557884987247318,0.08598788203747901,0.17197576407495774,5557.214311137017,4661.636009734566,0.23272384624672093,stop_loss,1,0.23272384624672093,446.95556855455476,448.6227328478959
NOV,2018-07-31,43.587386174620846,2018-08-07,41.97161968978562,34180,41.6226333412578,0.9823764166815222,1.9647528333630433,-55226.89845166806,-56104.22049780168,-0.8223764625240617,stop_loss,7,-0.8223764625240617,446.9450578345621,430.37698829906174
THC,2018-05-02,28.888859999999998,2018-08-08,32.257709999999996,46431,26.447298517815955,1.2207807410920213,2.441561482184042,156419.07434999992,155567.34543249893,1.3797932284656096,trailing_stop,98,1.3797932284656096,402.40159759799997,449.327319903
AXON,2018-04-04,41.95190999999999,2018-08-09,60.4395,31866,39.24754200398792,1.3521839980060368,2.704367996012074,589125.5429400004,588146.7015386824,6.836196119486051,trailing_stop,127,6.836196119486051,401.0518692179999,577.7895321000001
VFC,2018-07-17,65.45512481907166,2018-08-16,68.2892647020581,22962,63.216862613714085,1.1191311026787862,2.2382622053575716,65077.51999313484,64156.20839147958,1.266223356764264,trailing_stop,30,1.266223356764264,450.894172828657,470.41742882659753
CMG,2018-08-16,10.540730199999999,2018-08-17,10.090699200000001,145764,9.99852446005899,0.2711028699705048,0.542205739941009,-65598.31868399962,-66500.5145865181,-0.8300004349805666,stop_loss,1,-0.8300004349805666,460.9376990618399,441.25820345664005
AIZ,2018-06-29,90.63883054292836,2018-08-20,90.62141940179625,16181,86.510719893548,2.064055324690181,4.1281106493803605,-281.729674658752,-1161.6213059654287,-0.004217702142923035,trailing_stop,52,-0.004217702142923035,439.98807510453713,439.9035562021395
NNN,2018-06-25,29.29981986847571,2018-09-20,29.65955886018606,52185,28.47371500941005,0.4130524295328291,0.8261048590656586,18772.97928240468,17849.94072871812,0.4354640791209283,trailing_stop,87,0.4354640791209283,458.70332995092144,464.3352237356428
TREX,2018-08-01,38.90886999999999,2018-09-20,40.334625,38648,36.30936631092738,1.299751844536306,2.5995036890726126,55102.57924000036,54183.79846157236,0.54847200486515,trailing_stop,50,0.54847200486515,451.12500232799994,467.65577609999997
CACI,2018-08-17,187.78759999999997,2018-09-20,189.0108,8246,180.45356887529005,3.667015562354962,7.334031124709924,10086.507200000164,9154.383318080165,0.16678412992805508,trailing_stop,34,0.16678412992805508,464.54896487999997,467.57491703999995
SPG,2018-08-01,114.16563637716199,2018-09-25,116.5855739379763,6585,110.36805942111828,1.8987884780218587,3.797576956043713,15935.288837962287,15479.439821984732,0.6372320005162954,trailing_stop,55,0.6372320005162954,225.53421466308347,230.31480131447222
CPRI,2018-08-09,70.5705,2018-09-25,67.25268,21596,66.77453438206122,1.8979828089693906,3.7959656179387764,-71651.64071999995,-72544.56953858395,-0.874038475038029,stop_loss,47,-0.874038475038029,457.2121554,435.71666318399997
HAS,2018-09-20,82.36701161273632,2018-09-25,80.26285093286732,19918,79.73480638952007,1.3161026116081218,2.6322052232162463,-41910.67242163068,-42882.45090228568,-0.7993908154691522,stop_loss,5,-0.7993908154691522,492.17584119074456,479.60263946425545
AJG,2018-09-20,68.85927496069829,2018-09-26,67.33191843364902,11913,67.47150085255674,0.6938870540707689,1.3877741081415422,-18195.398306737883,-18682.13201280994,-1.100580071417131,stop_loss,6,-1.100580071417131,246.09616278203958,240.63754329001824
BR,2018-08-08,113.03010325283256,2018-09-28,114.40469115731538,6806,108.7229782214995,2.1535625156665263,4.307125031333058,9355.445277910092,8891.068914683452,0.3191427911850952,trailing_stop,51,0.3191427911850952,230.7848648216335,233.59149840500652
CSGP,2018-04-25,38.205166999999996,2018-10-03,40.701258,35644,36.28625665489362,0.9594551725531888,1.9189103451063758,88970.66760400025,88126.90542019025,1.3007856288677389,trailing_stop,161,1.3007856288677389,408.5354917644,435.22669204560003
EW,2018-09-25,54.100713333365455,2018-10-03,54.125819999965245,30179,52.024820437320734,1.0379464480223601,2.0758928960447207,757.6940913150522,-222.15647352492397,0.01209439400637016,trailing_stop,8,0.01209439400637016,489.81162830629086,490.03893653368533
DXCM,2018-05-04,20.770749999999996,2018-10-04,31.21875,64898,19.565902084290336,0.6024239578548305,1.20484791570966,678054.3040000002,677042.0996287003,8.671633874924447,trailing_stop,153,8.671633874924447,404.39404004999994,607.81033125
RPM,2018-06-29,50.12230772451093,2018-10-04,52.19163397232523,29261,48.1672521187036,0.9775278029036667,1.9550556058073312,60550.5553372941,59652.41286289677,1.058448793818208,trailing_stop,97,1.058448793818208,439.9886538980743,458.1538204992625
TWLO,2018-08-08,74.13405999999999,2018-10-05,78.07185000000001,20754,67.80814304341565,3.1629584782921696,6.3259169565843365,81724.89366000044,80777.22922315844,0.6224852502847621,trailing_stop,58,0.6224852502847621,461.573484372,486.0909524700001
RVTY,2018-08-31,90.59573545207415,2018-10-05,91.46298326170384,8841,87.77391855005139,1.410908451011379,2.8218169020227606,7667.337884936076,7184.463545291523,0.3073366698626052,trailing_stop,35,0.3073366698626052,240.28706913953627,242.5872705050171
AVAV,2018-06-29,68.81875,2018-10-08,101.26863,21311,63.38814151683262,2.7153042415836866,5.430608483167376,691539.3926800002,690451.9730334462,5.975367235657131,trailing_stop,101,5.975367235657131,439.978914375,647.4407321790001
FTNT,2018-09-28,18.25824,2018-10-08,17.222759999999997,45185,17.304535416172953,0.4768522919135241,0.9537045838270473,-46788.16380000015,-47269.126495500146,-1.0857450174401027,stop_loss,10,-1.0857450174401027,247.49957232,233.4631231799999
ABT,2018-09-25,62.55730258657806,2018-10-09,61.997183942831256,26099,61.03418424631783,0.7615591701301152,1.5231183402602326,-14618.53648314785,-15593.760746327165,-0.3677446649687806,trailing_stop,14,-0.3677446649687806,489.8049120621302,485.4193511171859
XYZ,2018-09-26,97.55745999999998,2018-10-09,83.60631,16900,90.10156114781718,3.7279494260914006,7.4558988521827985,-235774.43499999974,-236692.9353138997,-1.8711560170797688,stop_loss,13,-1.8711560170797688,494.6163221999999,423.88399169999997
KBR,2018-10-03,19.99962441521497,2018-10-09,19.49548686690768,81459,19.14604710076483,0.42678865722507153,0.853577314450142,-41066.54054756363,-42031.71022854276,-0.5906173228514712,stop_loss,6,-0.5906173228514712,488.7448215716989,476.4248594074298
LULU,2018-03-29,86.87679,2018-10-11,139.15071,15356,81.92093715966178,2.477926420169109,4.955852840338224,802718.3155200001,801677.052033,10.547916107297578,trailing_stop,196,10.547916107297578,400.223996172,641.039490828
CHD,2018-06-29,48.28300438982019,2018-10-11,50.74154152579466,30376,46.679100716618294,0.8019518366009499,1.6039036732018985,74680.52404236041,73778.1331603406,1.5328458791209387,trailing_stop,104,1.5328458791209387,439.9933624035534,462.3975196162616
IQV,2018-07-25,119.66954999999999,2018-10-11,122.44743,12620,115.45706598540626,2.106242007296861,4.212484014593727,35056.84560000013,34140.190713720134,0.659439891136993,trailing_stop,78,0.659439891136993,453.06891629999996,463.58596997999996
PGR,2018-08-20,52.503664886755764,2018-10-11,53.62722758467466,29706,50.88872200769393,0.8074714395309173,1.6149428790618359,33376.55350437861,32430.736216851717,0.695729064158356,trailing_stop,52,0.695729064158356,467.90216073779,477.9151267891036
AON,2018-09-20,145.7498650243518,2018-10-11,141.00603139062667,11256,142.6822598545248,1.5338025849134975,3.0676051698270044,-53396.59138121008,-54364.90869222418,-1.5464290125683473,stop_loss,21,-1.5464290125683473,492.1681442142312,476.1491667998681
BA,2018-10-03,376.5581775414157,2018-10-11,351.20304673885187,4326,363.32171145865755,6.618233041379097,13.23646608275817,-109686.2958518912,-110630.78436876214,-1.9155513748183481,stop_loss,8,-1.9155513748183481,488.69720281324936,455.7913140576819
BALL,2018-10-04,41.53014571444608,2018-10-11,40.18398173086186,38990,40.30193685013952,0.6141044321532799,1.2282088643065592,-52486.933719948705,-53442.74386867647,-1.0960383227198551,stop_loss,7,-1.0960383227198551,485.7781144218758,470.0320343058912
LLY,2018-07-25,83.66199973729077,2018-10-12,98.22790145479578,18052,81.32360351329864,1.1691981119960686,2.3383962239921345,262943.6578044005,261958.61485550462,6.2290135298961244,trailing_stop,79,6.2290135298961244,453.07992577727197,531.9630231185921
TRGP,2018-10-04,45.00729766860688,2018-10-12,43.22324955209533,35978,43.27988532825404,0.863706170176421,1.727412340352842,-64186.48313585252,-65138.79072422445,-1.0327864834791782,stop_loss,8,-1.0327864834791782,485.7817666563416,466.5258217155857
CME,2018-10-05,135.34107554990211,2018-10-12,131.68923188424088,11821,131.65617611231298,1.842449718794564,3.684899437589138,-43168.443971781424,-44115.413551035126,-0.9910293964631142,stop_loss,7,-0.9910293964631142,479.9600562226179,467.0095230310834
HSIC,2018-10-08,69.51258039217483,2018-10-12,65.98101176470391,22935,66.75489495052621,1.3788427208243081,2.7576854416486185,-80996.52647104551,-81928.79013188092,-1.2806277953730834,stop_loss,4,-1.2806277953730834,478.28130938835886,453.98235144704523
ATO,2018-10-09,80.9279308872203,2018-10-12,77.51267955244299,19576,78.61929959960261,1.1543156438088409,2.308631287617686,-66856.96012960061,-67787.45014659067,-1.4793403143650377,stop_loss,3,-1.4793403143650377,475.2735525144674,455.2164644755872
WING,2018-10-16,65.87300447009459,2018-10-23,62.129915129972915,23172,61.70643445893808,2.0832850055782535,4.166570011156509,-86734.86618929936,-87624.69128519118,-0.8983622812287047,stop_loss,7,-0.8983622812287047,457.9227778743096,431.90231801751975
UNH,2018-10-17,238.56919947303396,2018-10-23,228.86633073298097,6443,231.1513244274541,3.708937522789929,7.417875045579848,-62515.58329216143,-63419.089428496634,-1.3080388494592832,stop_loss,6,-1.3080388494592832,461.13040566142735,442.3757306737789
CNC,2018-05-03,57.24718999999999,2018-10-24,67.1328,23482,54.40837087678257,1.419409561608709,2.8388191232174194,232133.89402000033,231257.68674244633,3.4822965363133123,trailing_stop,174,3.4822965363133123,403.2835546739999,472.92372288000007
HAE,2018-02-08,70.10002999999999,2018-10-25,103.54635,19666,66.58279342279087,1.7586182886045614,3.5172365772091183,657755.3291200002,656730.8502072763,9.509260826162349,trailing_stop,259,9.509260826162349,413.5761569939999,610.9027557300001
LHX,2018-10-16,150.47602453783023,2018-10-25,140.27398427593937,10144,143.9855929361899,3.245215800820155,6.490431601640324,-103489.49641662087,-104374.30684344293,-1.5718585277614665,stop_loss,9,-1.5718585277614665,457.92863787352496,426.8817889485387
DIS,2018-10-22,114.12620747559767,2018-10-25,107.74643745515228,13377,110.29565286327512,1.9152773061612742,3.830554612322544,-85342.18356349801,-86232.5806748696,-1.6654951217565872,stop_loss,3,-1.6654951217565872,457.99988322032095,432.3972281512716
NYT,2018-10-23,24.872016127426086,2018-10-25,23.59802805666882,61357,23.6410051839679,0.6155054717290942,1.2310109434581875,-78168.08605745356,-79060.27900775462,-1.0349120594966816,stop_loss,2,-1.0349120594966816,457.82168805914466,434.37126224190865
PEG,2018-10-11,42.17090174262237,2018-11-01,41.0926535153816,36568,40.82929553380941,0.6708031044064825,1.341606208812962,-39429.3811737405,-40342.81568034291,-0.8036994910710739,stop_loss,21,-0.8036994910710739,462.6316604772644,450.80284612514225
CHD,2018-11-07,61.903512146284015,2018-11-09,58.67673238138245,24361,59.10802540917894,1.3977433685525358,2.7954867371050725,-78607.58185276702,-79488.81845384857,-1.1542819080741293,stop_loss,2,-1.1542819080741293,452.4094378186875,428.8271632628573
HUM,2018-11-08,330.38887967543275,2018-11-09,316.2407072921027,4573,316.1884757553878,7.100201960022477,14.200403920044948,-64699.59230896838,-65586.70343932914,-0.9963218273924479,stop_loss,1,-0.9963218273924479,453.26050402672615,433.85062633403567
CROX,2018-11-09,27.39737,2018-11-12,26.54343,54956,25.25136296452771,1.0730035177361437,2.1460070354722873,-46929.126639999886,-47818.43782143988,-0.3979204102711924,stop_loss,3,-0.3979204102711924,451.6949597159999,437.616221724
J,2018-11-07,61.55775953653079,2018-11-13,57.932985290346934,24498,58.421599255987196,1.5680801402717972,3.136160280543592,-88799.71948301206,-89677.90476304272,-1.1558000618372637,stop_loss,6,-1.1558000618372637,452.4125979377794,425.7726820928758
TWLO,2018-11-08,94.74465,2018-11-13,84.04587,15946,83.37467258972795,5.684988705136023,11.369977410272043,-170602.74588,-171458.043969576,-0.9409675687072465,stop_loss,5,-0.9409675687072465,453.23945667000004,402.05863290599996
PLNT,2018-11-08,55.625569999999996,2018-11-13,51.12882,13580,51.30996225859834,2.1578038707008274,4.3156077414016565,-61065.86499999998,-61500.78238485998,-1.041973754208604,stop_loss,5,-1.041973754208604,226.61857217999994,208.29881267999997
AES,2018-11-07,12.23989940842579,2018-11-14,11.71437550793763,123210,11.701633078641416,0.2691331648921872,0.5382663297843742,-64749.79977914622,-65635.22164287975,-0.9763269062337254,stop_loss,7,-0.9763269062337254,452.42340183364246,432.9984618998986
CIEN,2018-11-08,34.64460999999999,2018-11-15,33.126839999999994,43610,32.83241606825145,0.9060969658742735,1.8121939317485456,-66189.94969999994,-67076.60358034994,-0.8375317748335777,stop_loss,7,-0.8375317748335777,453.2554326299999,433.39844771999987
UNH,2018-11-08,243.69924517765503,2018-11-15,232.63788431200322,3099,233.72323784151905,4.988003668067985,9.976007336135979,-34279.15732265495,-34722.00795194149,-1.1087963844597792,stop_loss,7,-1.1087963844597792,226.56718824166586,216.28344104486942
PGR,2018-11-08,57.39580077938282,2018-11-15,50.80018284124172,26323,54.97773906766234,1.2090308558602374,2.418061711720476,-173616.45098568808,-174470.86384874178,-2.7276466544140616,stop_loss,7,-2.7276466544140616,453.24889917470824,401.1639638790017
DAR,2018-11-08,21.66164,2018-11-15,20.3796,69749,20.477581773325813,0.592029113337092,1.1840582266741855,-89421.0079599999,-90300.70829462791,-1.0827508066060458,stop_loss,7,-1.0827508066060458,453.26331850799994,426.43701612
CRL,2018-11-08,136.49636,2018-11-15,127.72215,5534,128.58638537857112,3.9549873107144484,7.909974621428887,-48556.47814000006,-48995.133710302056,-1.1092589319098225,stop_loss,7,-1.1092589319098225,226.61125687200004,212.04431343000002
UNG,2018-11-12,123.24311999999999,2018-11-16,133.42644,12113,116.80445153498012,3.2193342325099366,6.438668465019873,123350.55516000028,122417.84364591628,1.5815878788175177,trailing_stop,4,1.5815878788175177,447.8531737679999,484.858340316
STE,2018-11-07,109.6389583223007,2018-11-21,104.72782580951204,13755,105.2929826092896,2.1729878565055487,4.3459757130111,-67552.62771340794,-68437.21224812788,-1.1300414077523657,stop_loss,14,-1.1300414077523657,452.42516151697384,432.15937320295143
KDP,2018-11-09,23.630913087300524,2018-11-21,21.868823118946004,63715,22.61108346503431,0.509914811133108,1.019829622266215,-112271.56233370822,-113141.26704142251,-1.7278277958222965,stop_loss,12,-1.7278277958222965,451.69308820720585,418.01161950709337
ORLY,2018-11-09,23.653629999966657,2018-11-21,22.486824000032534,63654,22.454207291187203,0.5997113543897269,1.199422708779455,-74271.86911980668,-75152.97645748146,-0.9728063270716937,stop_loss,12,-0.9728063270716937,451.69444920536324,429.4128884694213
ULTA,2018-11-09,304.0037,2018-12-06,284.715,4952,285.0678470609532,9.467926469523391,18.935852939046754,-95517.64240000003,-96392.24290072003,-1.0186338086849873,trailing_stop,27,-1.0186338086849873,451.62789671999997,422.972604
ALK,2018-11-29,72.56637888953085,2018-12-06,67.55117407919502,20058,68.57739701432753,1.994490937601664,3.988981875203322,-100594.9780857161,-101438.1214489501,-1.2572643765347271,stop_loss,7,-1.2572643765347271,436.66092832986305,406.4824349041481
DAL,2018-12-03,57.12298997998406,2018-12-06,52.92478091820409,12801,54.39636968456494,1.3633101477095637,2.7266202954191243,-53741.27419984539,-54163.890654425704,-1.539711660194563,stop_loss,3,-1.539711660194563,219.3694184201328,203.2470361601792
MOS,2018-11-07,30.987002979278568,2018-12-07,30.012812869036573,48668,29.134797957888885,0.9261025106948404,1.8522050213896826,-47411.88428525742,-48302.50599656916,-0.5259623524349775,stop_loss,30,-0.5259623524349775,452.42263829865885,438.1990730130816
UNH,2018-11-29,247.6107946564412,2018-12-07,242.01009758989633,2939,237.0512615749518,5.27976654074469,10.559533081489377,-16460.448678575325,-16892.14741926892,-0.5303924921039121,stop_loss,8,-0.5303924921039121,218.3184376485842,213.3803030450116
UDR,2018-12-03,32.285935652546854,2018-12-07,32.2666725128121,45299,31.255384756487384,0.5152754480297348,1.03055089605947,-872.6009668446223,-1749.8515460294009,-0.01869207994327182,stop_loss,4,-0.01869207994327182,438.7561797374159,438.4943994473626
PEP,2018-12-03,94.95151447144187,2018-12-07,92.25571728821265,7701,91.72088169775344,1.6153163868442135,3.230632773688427,-20760.334108048202,-21192.838975582534,-0.8344486582272285,stop_loss,4,-0.8344486582272285,219.36648388337213,213.1383836509577
AVB,2018-12-03,148.04558308894065,2018-12-07,147.47949488054698,4939,143.36597602461424,2.339803532163198,4.6796070643264045,-2795.9096612563144,-3233.7891692837043,-0.12096917553379022,stop_loss,4,-0.12096917553379022,219.35914046288337,218.52036756450644
PFE,2018-12-03,30.88280838103678,2018-12-07,29.790854049273545,47357,29.642540540984662,0.6201339200260596,1.2402678400521197,-51711.6812893116,-52573.678078825265,-0.8804181617071919,stop_loss,4,-0.8804181617071919,438.7551469502277,423.2416425634342
LLY,2018-12-03,107.67802551605908,2018-12-07,104.64587878058497,6791,102.89148868921096,2.393268413424063,4.7865368268481205,-20591.30848060471,-21023.875970828267,-0.6334740220667535,stop_loss,4,-0.6334740220667535,219.37244138386714,213.1950488396858
CPT,2018-12-03,74.17096201228921,2018-12-07,72.82885266454436,9859,71.61244089135015,1.2792605604695306,2.558521120939062,-13231.856059416497,-13666.637411286169,-0.5245644981239215,stop_loss,4,-0.5245644981239215,219.37545434374778,215.40589752592285
MDLZ,2018-12-03,37.35116886271676,2018-12-07,36.67785479020628,39156,36.01894118200334,0.6661138403567122,1.332227680713423,-26364.285823220314,-27233.88995826647,-0.5054046558692668,stop_loss,4,-0.5054046558692668,438.75671039656123,430.8474246495951
FN,2018-11-07,50.67061999999999,2018-12-10,47.92203,29762,46.813864045818406,1.9283779770907934,3.856755954181587,-81803.53557999979,-82683.82991478979,-0.7126688939236371,trailing_stop,33,-0.7126688939236371,452.41769773199985,427.876637058
ELV,2018-11-08,260.2937854379087,2018-12-11,252.09428082124208,2902,247.49831036521994,6.39773753634438,12.79547507268876,-23794.96239756652,-24241.047448051737,-0.6408128318867979,stop_loss,33,-0.6408128318867979,226.61176960224333,219.47328088297337
MMS,2018-12-03,64.41234906793925,2018-12-11,62.6961821659224,22705,61.531707465467576,1.4403208012358355,2.8806416024716697,-38965.56951029246,-39831.3692707919,-0.5957585631424355,stop_loss,8,-0.5957585631424355,438.7447156762682,427.05504482318054
CME,2018-11-08,141.07783183317864,2018-12-18,139.66685927153605,10709,136.16657052655705,2.4556306533107906,4.911261306621583,-15110.105162630396,-16012.053631742512,-0.28729331907879635,trailing_stop,40,-0.28729331907879635,453.240750330453,448.70771878166386
MRK,2018-11-08,56.79559580223678,2018-12-19,56.92965707932297,26602,54.351985977810926,1.221804912212928,2.443609824425856,3566.298093046814,2658.7023399002383,0.05486198154310016,trailing_stop,41,0.05486198154310016,453.2629318593308,454.33282128724494
AWK,2018-12-03,82.10281008831514,2018-12-19,80.23675064850666,8906,79.33195235994836,1.3854288641833923,2.770857728366778,-16619.125370934333,-17052.864209310974,-0.6734591316994069,trailing_stop,16,-0.6734591316994069,219.36228799396042,214.37655038268008
MKC,2018-06-29,49.23156893783485,2018-12-20,60.85611412416732,29790,47.235747689597105,0.9979106241188724,1.9958212482377462,346295.20110084425,345311.3474773191,5.82444204188958,trailing_stop,174,5.82444204188958,439.98253159743007,543.8710919276833
WDAY,2018-12-03,164.65448999999998,2018-12-21,153.39645000000002,8882,150.6920126200308,6.981238689984593,13.962477379969187,-99993.9112799997,-100841.3898147237,-0.8063067673184521,stop_loss,18,-0.8063067673184521,438.73835405399996,408.74018067000003
CCI,2018-12-03,83.46026550286871,2018-12-21,79.46547106983574,8761,80.53446641051063,1.4628995461790402,2.9257990923580763,-34998.394027801805,-35426.61174123584,-1.3653686760198291,stop_loss,18,-1.3653686760198291,219.3586158211898,208.85909761284927
WELL,2018-12-03,57.70926021151559,2018-12-24,55.89790931841985,12671,55.53221927433494,1.0885204685903256,2.1770409371806494,-22951.62716641615,-23383.48209995029,-0.8320242684280942,trailing_stop,21,-0.8320242684280942,219.37021084203423,212.48472269210936
ES,2018-12-03,51.82485110151127,2018-12-24,50.88044106042521,14110,50.15996176642118,0.8324446675450432,1.6648893350900877,-13325.625679724286,-13760.377181445763,-0.5672509404566257,trailing_stop,21,-0.5672509404566257,219.3745947126972,215.37690700877994
PNW,2018-11-09,64.49404855435725,2018-12-26,62.269987387944994,23345,62.2236739273429,1.1351873135071737,2.2703746270143483,-51920.7079298941,-52808.49985561601,-0.9796009609819339,stop_loss,47,-0.9796009609819339,451.68406905044105,436.1078566714728
OGE,2018-11-12,27.569439262619344,2018-12-26,27.666128902320086,27076,26.562508770311027,0.5034652461541578,1.0069304923083173,2617.9686845372835,2169.3012114471135,0.09602414510170165,trailing_stop,44,0.09602414510170165,223.94104124240442,224.72643184776558
SON,2019-02-14,46.576900550628714,2019-02-19,45.22544599565621,15283,45.082582697539024,0.7471589265448437,1.4943178530896901,-20654.279963644804,-21075.184542324863,-0.904395642585815,stop_loss,5,-0.904395642585815,213.55043133457758,207.35414734548417
GLD,2019-02-20,127.12699999999998,2019-02-22,125.40447,11237,125.36637886793294,0.8803105660335214,1.760621132067044,-19356.069609999748,-20207.378448516745,-0.978364946680865,stop_loss,2,-0.978364946680865,428.55782969999996,422.751008817
GDX,2019-02-20,21.508937346477786,2019-02-27,20.812130042688263,33210,20.662877646406532,0.42302985003562676,0.8460597000712546,-23140.970558850062,-23562.615353248322,-0.8235911765219858,stop_loss,7,-0.8235911765219858,214.29354278295818,207.3512516153032
GDXJ,2019-02-20,31.38974017886071,2019-02-27,30.113429562230284,22756,30.03495049526918,0.6773948417957643,1.3547896835915303,-29043.72439204196,-29463.59423123044,-0.9420728782396263,stop_loss,7,-0.9420728782396263,214.29147825304628,205.57836093543366
GPC,2019-02-20,87.91107773170214,2019-03-11,85.42528430173685,8125,85.29877792522143,1.3061499032403567,2.6122998064807064,-20197.071618467933,-20619.57900092444,-0.9515727956639664,stop_loss,19,-0.9515727956639664,214.28325197102396,208.22413048548358
BA,2019-02-06,400.28830827094305,2019-03-12,375.36566823738445,1767,379.6509193545533,10.318694458194878,20.63738891638974,-44038.30493929803,-44449.4791122451,-1.2076450240158825,stop_loss,34,-1.2076450240158825,212.19283221442691,198.98134073263748
NYT,2019-02-07,27.784956683695125,2019-03-26,30.77200431794717,50934,26.196188729452277,0.7943839771214237,1.5887679542428472,152142.28420299376,151247.52212749646,1.880103149283101,trailing_stop,47,1.880103149283101,424.55969511819825,470.2023803790963
ZBRA,2019-02-15,198.84865,2019-03-26,206.793,7155,187.85591987369673,5.4963650631516305,10.992730126303258,56841.8242500001,55971.114448275104,0.7226912612901212,trailing_stop,39,0.7226912612901212,426.82862722500005,443.8811745
TTD,2019-03-12,20.558538,2019-03-27,18.752229,35495,18.723715282684687,0.9174113586576569,1.834822717315312,-64114.93795499996,-64533.538657399455,-0.9844596880961698,stop_loss,15,-0.9844596880961698,218.91759189299998,199.68311050650001
TLT,2019-03-28,102.57737577159904,2019-04-02,101.1629604622375,14421,101.0422869320945,0.7675444197522667,1.5350888395045388,-20397.283176302626,-21278.724992951073,-0.9213898720142106,stop_loss,5,-0.9213898720142106,443.7805008006689,437.66131584777816
GTLS,2019-02-15,86.22613999999999,2019-04-09,87.28263,16500,80.42097847127665,2.902580764361668,5.805161528723332,17432.085000000177,16573.216588500174,0.18199149063684256,trailing_stop,53,0.18199149063684256,426.819393,432.04901850000005
INCY,2019-02-15,82.127045,2019-04-10,82.66725,17324,77.14641333786751,2.49031583106624,4.980631662132481,9358.511420000004,8502.042510026004,0.10846114241034016,trailing_stop,54,0.10846114241034016,426.830678274,429.6382317
LLY,2019-02-19,110.68944453434868,2019-04-12,114.04705497656992,12935,105.95810652831246,2.3656690030181133,4.731338006036225,43430.69107013179,42558.60108377967,0.7096534717954236,trailing_stop,52,0.7096534717954236,429.5303895155401,442.5595968365796
IQV,2019-02-15,142.95281,2019-04-17,137.22264,4976,136.05360616389953,3.449601918050238,6.899203836100469,-28513.325919999934,-28931.571831759935,-0.8305552547986121,stop_loss,61,-0.8305552547986121,213.399954768,204.84595699200003
INTU,2019-02-25,235.35279071691306,2019-04-17,247.32675730237565,3070,225.29558627549767,5.028602220707694,10.057204441415394,36760.07741737016,36315.529553644395,1.1905859779636183,trailing_stop,51,1.1905859779636183,216.75992025027693,227.78794347548796
AWK,2019-03-12,90.61100634472758,2019-04-17,88.85870457495209,8053,88.16521467251216,1.2228958361077138,2.445791672215421,-14111.286152002098,-14544.867026612952,-0.7164558574967459,trailing_stop,36,-0.7164558574967459,218.90713022822737,214.67374438262675
ETR,2019-02-21,35.011756216963384,2019-04-18,36.143096116662896,20419,33.85090416354346,0.5804260267099631,1.160852053419923,23100.829411964332,22664.95613302424,0.9745771619790249,trailing_stop,56,0.9745771619790249,214.47151505825258,221.4017638818419
EXC,2019-02-22,26.621087287668487,2019-04-18,26.78656413172963,26906,25.795769958945463,0.4126586643615121,0.825317328723024,4452.319966309105,4021.2240855820082,0.20050087197027297,trailing_stop,55,0.20050087197027297,214.88009236860248,216.2157883584952
PGR,2019-04-17,63.37055334300242,2019-04-22,61.098966426290566,23799,61.463085994403365,0.9537336742995276,1.9074673485990559,-54061.49703082541,-54950.17206112223,-1.1908916387901616,stop_loss,5,-1.1908916387901616,452.4467397030343,436.2282905937867
BRKR,2019-02-13,37.01461221442577,2019-04-25,36.53019578668091,19243,35.126472698406076,0.9440697580098453,1.8881395160196917,-9321.625319094228,-9746.192141203817,-0.2565575391197957,trailing_stop,71,-0.2565575391197957,213.6816548526585,210.8851672569303
GRMN,2019-02-21,69.9383809784213,2019-04-26,72.89034371235715,20444,67.12821724705782,1.4050818656817412,2.810163731363488,60349.92613258438,59473.928998310905,1.050459338361596,trailing_stop,64,1.050459338361596,428.94607821685355,447.05105605662885
ASHR,2019-04-02,26.870758400414957,2019-04-26,26.119464343720743,55723,25.929102731303143,0.4708278345559072,0.9416556691118139,-41864.35872117166,-42750.1909757631,-0.7978437143620101,trailing_stop,24,-0.7978437143620101,449.1957811038967,436.63647348754535
GEN,2019-04-09,12.191036105587324,2019-05-03,11.898778949958363,123407,11.63972126103373,0.27565742227679746,0.5513148445535947,-36066.57880470325,-36958.434346671165,-0.5301093531512019,trailing_stop,24,-0.5301093531512019,451.3377578046645,440.51778416325345
FAST,2019-04-12,14.329126215613245,2019-05-07,13.953930409037918,105109,13.837752116056677,0.24568704977828376,0.49137409955656786,-39436.45603332606,-40328.2971729542,-0.7635644754453199,trailing_stop,25,-0.7635644754453199,451.83603821906775,440.00510140907
AGCO,2019-05-03,62.24996263312822,2019-05-07,60.47834892659923,24572,59.978112205139,1.1359252139946119,2.2718504279892215,-43532.091996830306,-44436.79601832399,-0.7798108910264024,stop_loss,4,-0.7798108910264024,458.88182454636797,445.8221969473189
PLD,2019-05-02,64.00530734859419,2019-05-08,61.256727799694545,11939,61.99859939663886,1.0033539759776637,2.0067079519553275,-32815.29123431282,-33263.942265603444,-1.3696958474806649,stop_loss,6,-1.3696958474806649,229.24780933045977,219.40322196016595
NXST,2019-02-27,76.80472235659911,2019-05-09,87.16319087235539,18753,73.15407609650693,1.8253231300460915,3.650646260092188,194252.36007597737,193329.8929929426,2.837434190486233,trailing_stop,71,2.837434190486233,432.0956875059909,490.3713955287842
HON,2019-04-22,136.61363983211604,2019-05-14,135.27102901431496,11016,133.30038160570652,1.6566291132047617,3.3132582264095163,-14790.200768896626,-15688.72522250031,-0.4052237181814901,trailing_stop,22,-0.4052237181814901,451.48075691717713,447.04369668650816
TDG,2019-02-06,311.9928916080953,2019-05-16,336.1377286571993,4535,295.4039899673454,8.294450820374951,16.588901640749896,109496.8360176867,108615.05430881576,1.4554813556669297,trailing_stop,99,1.4554813556669297,424.4663290328137,457.3153798381197
QCOM,2019-04-18,66.67025454992117,2019-05-20,65.88621484994513,22480,62.83455699733804,1.917848776291563,3.8356975525831274,-17625.212455461253,-18519.17328509395,-0.20440602764626933,trailing_stop,32,-0.20440602764626933,449.6241966846684,444.33663294803
SNPS,2019-05-17,123.62349999999999,2019-05-21,116.27361,6251,118.87603233836982,2.3737338308150866,4.747467661630168,-45944.162389999925,-46394.04144038293,-1.5481706298713807,stop_loss,4,-1.5481706298713807,231.83114955000002,218.047900833
BALL,2019-05-07,56.64334200692713,2019-05-23,56.217745588578836,27232,54.64046088976433,1.0014405585814001,2.0028811171628007,-11589.841664460679,-12511.871605680924,-0.2124921018533412,trailing_stop,16,-0.2124921018533412,462.7534468597919,459.2764943604536
TTC,2019-02-19,57.591237730726945,2019-05-24,60.1417794427569,12431,55.65219857282483,0.9695195789510566,1.9390391579021156,31705.78402224436,31266.722281299288,1.3153636952795915,trailing_stop,94,1.3153636952795915,214.7750028692,224.2867380758733
TSN,2019-05-07,62.75605920550154,2019-05-30,62.07189615044237,24579,60.67308454917208,1.0414873281647299,2.082974656329462,-16816.043730299414,-17736.487624707537,-0.328454814839072,trailing_stop,23,-0.328454814839072,462.7443537636067,457.69954064451696
MAA,2019-05-20,89.80745344608526,2019-05-30,87.42322307604948,8581,87.17351987946529,1.316966783309986,2.633933566619973,-20459.08080527703,-20915.32573584796,-0.905197610240175,stop_loss,10,-0.905197610240175,231.1913274062573,225.05360316467414
HXL,2019-05-23,71.73887550960345,2019-05-30,69.9918009724937,21465,68.93825787764291,1.4003088159802695,2.8006176319605345,-37500.95493906055,-38413.629630267016,-0.6238175883677214,stop_loss,7,-0.6238175883677214,461.96248884409135,450.7122023623732
CDNS,2019-02-21,55.05499999999999,2019-06-03,63.24669,12985,52.64307550893261,1.2059622455336894,2.4119244910673814,106369.09465000012,105908.25041660512,3.3963293752926855,trailing_stop,102,3.3963293752926855,214.46675249999998,246.377480895
TMUS,2019-05-21,74.85312101374579,2019-06-03,70.36433477297412,20367,71.7222524967538,1.565434258496001,3.1308685169919954,-91423.10936579668,-92310.40254239913,-1.4337191793299284,stop_loss,13,-1.4337191793299284,457.3600547060882,429.93312189634906
CTRE,2019-05-13,17.50146459191438,2019-06-05,16.876940217385464,44054,16.7916031218866,0.35493073501389094,0.7098614700277821,-27512.79679549692,-27967.14866913759,-0.8797834519803914,stop_loss,23,-0.8797834519803914,231.30285633965883,223.04901730100977
ARE,2019-05-16,111.63486356970735,2019-06-24,111.71024139885401,6874,108.17200450781878,1.7314295309442858,3.4628590618885653,518.1471975541425,57.564922087975276,0.021767512855562443,trailing_stop,39,0.021767512855562443,230.2134156534505,230.36885981271672
VEEV,2019-05-31,152.55239999999998,2019-06-26,159.16067999999999,9963,142.12036833821898,5.216015830890502,10.432031661780997,65838.29364000008,64906.61441518808,0.6334605007201269,trailing_stop,26,0.6334605007201269,455.96386835999994,475.715356452
INVH,2019-06-05,21.454999005385837,2019-06-27,21.830850711024123,36006,20.78595212487841,0.3345234402537141,0.6690468805074268,13532.91651321214,13065.351421745423,0.5617718527485374,trailing_stop,22,0.5617718527485374,231.75260825637673,235.8124832103404
BKH,2019-06-24,62.55812800960103,2019-06-27,59.23340021227006,12830,60.67979176441564,0.9391681225926943,1.8783362451853876,-42656.25763975628,-43125.03323188226,-1.7700386743071244,stop_loss,3,-1.7700386743071244,240.7862347089544,227.98935741702746
SPTL,2019-05-30,30.41755331071038,2019-07-12,30.626316382847026,49617,30.030522227233327,0.1935155417385275,0.38703108347705495,10358.197350203889,9449.553245428317,0.5393961390933629,trailing_stop,43,0.5393961390933629,452.7683227852551,455.87578199031634
TLT,2019-05-30,105.53497271895816,2019-07-12,106.22850385078691,7150,104.1402879417057,0.6973423886262314,1.3946847772524649,4958.747592575555,4504.514935333452,0.4972672987762929,trailing_stop,43,0.4972672987762929,226.37251648216528,227.86014075993793
MCK,2019-07-12,137.4126159661943,2019-07-19,133.23425310924063,11861,131.13500636016593,3.1388048030141853,6.2776096060283635,-49559.561846327466,-50522.60460055858,-0.6655977544288838,stop_loss,7,-0.6655977544288838,488.9553113925092,474.0874428386109
LII,2019-02-06,215.76025399825224,2019-07-23,243.31779695964372,6557,206.21749541077986,4.771379293736193,9.542758587472377,180694.80919784392,179791.75676380462,2.8877963021687143,trailing_stop,167,2.8877963021687143,424.42199563996195,478.63043839931515
AWK,2019-05-14,96.84932865987693,2019-07-25,99.60355141040826,15684,94.21264878070774,1.318339939584599,2.6366798791691934,43197.229619333324,42272.87952802662,1.044579879526054,trailing_stop,72,1.044579879526054,455.69546121045295,468.6546300962529
FDS,2019-03-27,225.3385107401337,2019-07-26,259.24332522235557,6589,217.0339742683297,4.152268235901997,8.304536471804,223398.82262335988,222440.94970821284,4.082685962947756,trailing_stop,121,4.082685962947756,445.4266341800223,512.4462809670302
J,2019-06-28,65.12517671203487,2019-08-02,62.041152837852636,24224,63.00473383641859,1.0602214378081407,2.120442875616284,-74707.3943281905,-75631.53747829545,-1.4544244080548019,stop_loss,35,-1.4544244080548019,473.27768420169986,450.8654659032427
GDXJ,2019-07-19,35.78194435536933,2019-08-02,35.59271524195744,45648,33.94836666013292,0.9167888476182071,1.8335776952364142,-8637.930569025984,-9615.363707415618,-0.10320212440601934,stop_loss,14,-0.10320212440601934,490.0122587801699,487.4208796094621
AMAT,2019-07-23,47.40117842655421,2019-08-02,44.84025666099846,34102,44.89777720514411,1.2517006107050501,2.503401221410101,-87332.5540489821,-88276.23927478881,-1.0229769577699759,stop_loss,10,-1.0229769577699759,484.94249601070544,458.7427297960109
MANH,2019-07-25,85.84576,2019-08-05,79.85007,18873,81.64924248387639,2.0982587580618004,4.196517516123606,-113156.65736999993,-114094.81058987693,-1.4287298878090509,stop_loss,11,-1.4287298878090509,486.05010854399995,452.103111333
WWD,2019-02-13,90.17876935069175,2019-08-06,100.5960318373542,7898,85.12815133854096,2.5253090060753967,5.050618012150792,82275.53911966004,81823.51730572508,2.062571840040282,trailing_stop,174,2.062571840040282,213.66957609952902,238.35223783542705
CRUS,2019-08-02,56.18613,2019-08-06,52.68726,28779,52.87399644958454,1.6560667752077314,3.31213355041546,-100693.9797299999,-101633.9599172429,-1.056379504854541,stop_loss,4,-1.056379504854541,485.094190581,454.885996662
SPGI,2019-08-02,242.5297133653812,2019-08-06,231.10859810431492,6667,234.74634523835596,3.8916840635126233,7.7833681270252555,-76144.57544552896,-77091.8994322995,-1.4673744161489835,stop_loss,4,-1.4673744161489835,485.08367970209895,462.2403070684403
GDXJ,2019-08-06,37.206688272047494,2019-08-19,34.777614892835324,42367,35.033296987437126,1.0866956423051857,2.173391284610368,-102912.551857082,-103827.47954873797,-1.1176419986646073,trailing_stop,13,-1.1176419986646073,472.90072860655084,442.0269630494263
EGP,2019-08-19,103.80634265404395,2019-08-29,102.13572225158967,15929,100.54635863061908,1.6299920117124291,3.259984023424863,-26611.31239069416,-27595.44773625871,-0.5124627576239349,stop_loss,10,-0.5124627576239349,496.0593696408798,488.0759759236716
SLV,2019-08-29,17.377359999999996,2019-09-06,17.47251,47952,16.846689458071573,0.26533527096421133,0.5306705419284228,4562.632800000184,4061.296510128184,0.17930145444711296,trailing_stop,8,0.17930145444711296,249.98375001599993,251.35253985600002
OKTA,2019-04-10,91.89179999999999,2019-09-10,106.79310000000001,16278,84.11799011737008,3.8869049413149517,7.773809882629905,242563.36140000034,241593.10355934035,1.916859329592823,trailing_stop,153,1.916859329592823,448.7444161199999,521.5134245400001
GLD,2019-08-06,138.46833,2019-09-10,141.08876999999998,5692,135.24092773401648,1.6137011329917677,3.227402265983528,14915.54447999985,14438.17277603985,0.811934733893921,trailing_stop,35,0.811934733893921,236.44852030799998,240.92318365199998
WTRG,2019-09-04,37.54237083172019,2019-09-10,35.75640946783309,22285,36.41692502199583,0.5627229048621807,1.1254458097243614,-39800.14899422411,-40290.18798991677,-1.5868923660789254,stop_loss,6,-1.5868923660789254,250.98952019546536,239.0494754971981
ELS,2019-02-06,45.156411107033435,2019-09-11,54.091156734182995,31333,43.5452711878824,0.8055699595755165,1.6111399191510358,279952.38473547716,279019.4675225265,5.545605022224004,trailing_stop,217,5.545605022224004,424.4657487650036,508.4514641856467
MSI,2019-02-13,125.00680320596119,2019-09-11,150.37766741980428,11396,118.98933851920435,3.008732343378416,6.017464686756838,289126.3685809559,288184.8841527805,4.216204919270897,trailing_stop,210,4.216204919270897,427.3732588005401,514.1111693748269
SBAC,2019-02-19,168.31649460856755,2019-09-11,218.56261417149167,8506,162.4622285775782,2.92713301549467,5.854266030989351,427393.4930022326,426406.2548924476,8.582821364274883,trailing_stop,204,8.582821364274883,429.51003094214275,557.7280788428124
SAM,2019-06-26,362.36199999999997,2019-09-11,377.27234999999996,4370,342.0968772281256,10.132561385937175,20.26512277187436,65158.22949999997,64188.568867149974,0.7357641089988278,trailing_stop,77,0.7357641089988278,475.05658200000005,494.60405084999996
TLT,2019-08-06,113.44578288076595,2019-09-13,113.48487968352683,13895,111.55258055211436,0.9466011643257943,1.8932023286515829,543.250074362437,-402.7103925368174,0.02065114867502146,trailing_stop,38,0.02065114867502146,472.8987459384728,473.06172096078154
HSY,2019-04-26,103.39272868954188,2019-09-16,125.585732439673,14720,100.70629546360195,1.3432166129699694,2.686433225939936,326681.01520192996,325669.84631758335,8.261141031103115,trailing_stop,143,8.261141031103115,456.582289893017,554.5865944535959
YUM,2019-06-05,94.28831287500282,2019-09-16,97.31323124981303,16386,91.72837706657796,1.2799679042124297,2.5599358084248536,49566.31248964014,48624.43761903137,1.181638369546253,trailing_stop,103,1.181638369546253,463.50248843093885,478.37238217783084
ECL,2019-02-20,153.5641330054497,2019-09-17,179.7975634916585,4651,148.5988925866752,2.4826202093872496,4.965240418774499,122011.68519135722,121546.5456162348,5.283415962501096,trailing_stop,209,5.283415962501096,214.26803478250397,250.87154033991112
FLG,2019-09-10,28.207996878287,2019-09-20,28.084662690772223,58195,27.083096533297947,0.5624501724945263,1.124900344989051,-7177.433042422336,-8160.218439508756,-0.10964010106688656,trailing_stop,10,-0.10964010106688656,492.4693134995736,490.31608358684684
ALLY,2019-09-11,28.411010985017672,2019-09-24,27.47372926554,56735,27.226413939270596,0.5922985228735382,1.1845970457470756,-53176.67835456565,-54127.86457600027,-0.791224089949141,stop_loss,13,-0.791224089949141,483.56961247049327,467.6166089641236
ST,2019-09-16,49.16237934577083,2019-09-25,46.8034370776743,32942,47.11875506590183,1.0218121399344988,2.0436242798690003,-77708.2761956358,-78656.66797302214,-1.1542935222161967,stop_loss,9,-1.1542935222161967,485.85213012251484,462.5396472638241
USFD,2019-09-13,42.5425,2019-09-27,40.53942,38229,40.93578813883799,0.8033559305810032,1.6067118611620046,-76575.74531999989,-77528.58693590389,-1.2466952217252765,stop_loss,14,-1.2466952217252765,487.90716975,464.93444615399994
FCN,2019-07-26,103.5034,2019-09-30,104.98491,15632,99.47371363813464,2.0148431809326803,4.029686361865359,23158.964320000003,22181.237541424005,0.36764895998362584,trailing_stop,66,0.36764895998362584,485.38954464,492.33723393599996
BF-B,2019-09-06,53.68180698368159,2019-10-03,54.454408576877675,15558,51.80330294092142,0.9392520213800861,1.87850404276017,12020.135586944705,11515.420614437351,0.41128556319786663,trailing_stop,27,0.41128556319786663,250.55446591563546,254.16050659171887
USHY,2019-09-11,27.015380846687123,2019-10-03,26.757036899846256,59666,26.802679279007084,0.10635078384001875,0.212701567680039,-15414.349932207173,-16376.86545538657,-1.2145841220572788,stop_loss,22,-1.2145841220572788,483.5699140795302,478.94560909986797
AFG,2019-09-16,57.75754540846919,2019-10-03,55.802560668467464,14020,56.05795161380823,0.8497968973304829,1.699593794660963,-27408.886054824212,-27886.519860983804,-1.1502658730239186,stop_loss,17,-1.1502658730239186,242.9282359880214,234.70557017157412
EQIX,2019-09-24,513.9041212977668,2019-10-03,496.0959150519506,3150,491.69574391196943,11.104188692898688,22.20837738579735,-56095.849674320925,-57050.29970867141,-0.8018688595054598,stop_loss,9,-0.8018688595054598,485.6393946263896,468.8106397240933
FND,2019-09-25,50.880829999999996,2019-10-03,46.98297,31738,47.47359455808856,1.7036177209557182,3.407235441911439,-123710.28067999982,-124642.08106531983,-1.1439949092022,stop_loss,8,-1.1439949092022,484.45673476199994,447.343650558
EG,2019-09-20,225.67040426073166,2019-10-08,217.22122436518598,3594,217.27449988992134,4.197952185405153,8.395904370810314,-30366.352544591184,-30843.878298575648,-1.0063454182399445,trailing_stop,18,-1.0063454182399445,243.31782987392089,234.20792411054353
ATO,2019-09-23,95.84454450885258,2019-10-11,94.0941310066648,8443,93.19171548397783,1.3264145124373719,2.652829024874748,-14778.741198971451,-15259.836870184705,-0.659828992285105,trailing_stop,18,-0.659828992285105,242.76464678647267,238.33102442678128
GNRC,2019-10-11,87.37729,2019-10-14,82.08783,18479,82.69043171610203,2.343429141948988,4.686858283897976,-97743.9313400001,-98683.3951257441,-1.1285726342894362,stop_loss,3,-1.1285726342894362,484.393482573,455.070303171
TOL,2019-09-17,37.630552132092426,2019-10-15,36.582928683024335,42877,35.77613818634826,0.9272069728720812,1.854413945744163,-44918.95062569253,-45873.56605076546,-0.5649350575001673,stop_loss,28,-0.5649350575001673,484.04555513031806,470.56986994261035
VRSK,2019-03-28,126.21201345878141,2019-10-23,144.03823943340504,5860,123.11800017290444,1.5470066429384826,3.0940132858769687,104461.68421129444,103986.58426670998,5.761522116273315,trailing_stop,209,5.761522116273315,221.8807196605377,253.21922492392608
WHR,2019-09-27,114.56779539652224,2019-11-01,113.30488287169256,14202,108.41005457228542,3.0788704121184116,6.157740824236825,-17935.88367763122,-18906.758010660775,-0.20509348491233545,trailing_stop,35,-0.20509348491233545,488.1275490664227,482.7467839631333
MUSA,2019-11-01,114.31419758203569,2019-11-04,110.39561260671465,14202,108.6766062585173,2.818795661759199,5.637591323518393,-55651.7438195094,-56609.14243679959,-0.6950814187211196,stop_loss,3,-0.6950814187211196,487.04707021802125,470.35154707216844
KBH,2019-10-01,30.748891338371596,2019-11-05,31.111788732665392,52849,29.25392670200488,0.7474823181833578,1.494964636366717,19178.76439103283,18197.98186671056,0.2427464740408594,trailing_stop,35,0.2427464740408594,487.51444750248015,493.26807681979
LEN,2019-10-03,51.20183742542061,2019-11-06,51.54758468761119,30929,49.01506489651935,1.0933862644506303,2.1867725289012583,10693.617072292605,9740.236009332417,0.15810847155845031,trailing_stop,34,0.15810847155845031,475.0864889192502,478.29457404093796
CINF,2019-04-26,78.6118790999515,2019-11-11,91.77514629674812,19361,76.3966703492755,1.1076043753379996,2.2152087506759983,254854.01619717944,253864.3572375678,5.942224267929463,trailing_stop,199,5.942224267929463,456.6013773762483,533.0575822354022
ZTS,2019-06-05,101.92060760098941,2019-11-11,110.44037399761737,15159,98.32986921356218,1.795369193713622,3.590738387427237,129151.13880648321,128185.38477046724,2.3727059666778922,trailing_stop,159,2.3727059666778922,463.5043471870195,502.2496888289645
ARMK,2019-10-08,29.100967915070594,2019-11-12,28.457712281671352,55435,27.974237236518288,0.5633653392761527,1.1267306785523061,-35658.876037486996,-36616.10566849891,-0.5709045166194794,trailing_stop,35,-0.5709045166194794,483.9636469115815,473.26598410033546
APTV,2019-11-05,95.4535738003332,2019-11-20,90.37962689410494,8542,90.7070397531749,2.3732670235791504,4.746534047158306,-43341.65447300178,-43817.870633101345,-1.0689793554237688,stop_loss,15,-1.0689793554237688,244.60932822073386,231.60683187883333
SWKS,2019-11-04,83.89404636445616,2019-11-21,81.41242138394732,19492,80.05194140533406,1.921052479561047,3.8421049591220964,-48371.83412007832,-49338.48022088388,-0.6459024432991753,trailing_stop,17,-0.6459024432991753,490.5788255207938,476.0672752847703
DE,2019-10-14,156.39721450191672,2019-11-29,153.80011995891095,10338,149.76191507682918,3.317649712543767,6.635299425087538,-26848.76338559362,-27810.80939869043,-0.39140577939653476,trailing_stop,46,-0.39140577939653476,485.0503210562445,476.99569204056644
ARWR,2019-11-29,69.31925,2019-12-03,61.938,24125,62.98396091994819,3.1676445400259037,6.335289080051808,-178072.65624999985,-179022.63059687486,-1.165100740744672,stop_loss,4,-1.165100740744672,501.698071875,448.276275
MTZ,2019-08-05,57.056999999999995,2019-12-04,64.21572,28313,53.57270823055262,1.7421458847236877,3.484291769447374,202684.83936000027,201654.76100359226,2.0545696152005712,trailing_stop,121,2.0545696152005712,484.6364522999999,545.441904108
GWRE,2019-11-27,122.68256,2019-12-04,119.79008999999999,6803,117.94788210994778,2.367338945026103,4.734677890052211,-19677.47341000002,-20172.335841385022,-0.6109116749160959,stop_loss,7,-0.6109116749160959,250.382836704,244.47959468099995
KIM,2019-09-10,14.40626127436269,2019-12-13,15.121396496393523,113948,13.857366143476312,0.2744475654431883,0.5488951308863772,81488.22827996935,80478.84301567072,1.3028631186361679,trailing_stop,94,1.3028631186361679,492.4693979073239,516.9158663913148
BRX,2019-10-09,15.319143357901442,2019-12-13,15.616200350048244,52191,14.853082350103042,0.23303050389919977,0.4660610077984,15503.701477133722,15019.337520095241,0.6373779122824559,trailing_stop,65,0.6373779122824559,239.85642329767026,244.5075337408104
DXCM,2019-11-12,51.06100999999999,2019-12-13,50.4495,31801,47.06890385571649,1.996053072141747,3.992106144283497,-19446.62950999963,-20415.07022855263,-0.15317979479970523,trailing_stop,31,-0.15317979479970523,487.13735370299986,481.30336485000004
VCIT,2019-12-04,72.13935801914684,2019-12-13,71.9164626637361,22622,71.7108304289174,0.21426379511471624,0.4285275902294359,-5042.338730101806,-6019.987962748259,-0.5201423677093993,stop_loss,9,-0.5201423677093993,489.58096713274193,488.0682655137114
NBIX,2019-11-11,109.96985999999998,2019-12-17,109.42047,14714,103.16219241844753,3.403833790776227,6.807667581552451,-8083.724459999828,-9052.157254685828,-0.08070164904772023,trailing_stop,36,-0.08070164904772023,485.42895601199996,483.003838674
RH,2019-09-11,155.50534999999996,2020-01-06,207.06273000000002,10365,145.3013598424943,5.1019950787528305,10.203990157505672,534392.2437000006,533264.8382552406,5.052668534972702,trailing_stop,117,5.052668534972702,483.54388582499996,643.861558935
TGT,2019-11-21,105.9167524827456,2020-01-07,102.7155242831642,15473,101.5008156001227,2.2079684413114458,4.415936882622887,-49532.603932122904,-50501.054097642584,-0.7249261673504704,trailing_stop,47,-0.7249261673504704,491.6549733496568,476.7951921700199
HWM,2019-11-06,22.296004440866405,2020-01-10,22.432852182139207,72733,21.370305301027365,0.4628495699195197,0.9256991398390397,9953.346765994755,8977.367587366434,0.14783176885807378,trailing_stop,65,0.14783176885807378,486.49658729926085,489.4825913290593
ITT,2019-11-05,64.75125697442844,2020-01-13,67.18669287311907,12593,61.2904754690635,1.7303907526824696,3.460781505364942,30669.444272211076,30170.995891482027,0.7037242584991823,trailing_stop,69,0.7037242584991823,244.6237737236932,253.82460700535654
PCAR,2019-10-23,39.23144185973607,2020-01-16,41.81260781482961,20747,37.43160188675477,0.8999199864906512,1.799839972981303,53551.45007032565,53047.02380074619,1.4341085840081809,trailing_stop,85,1.4341085840081809,244.1804172791833,260.245852300281
KWEB,2020-01-14,45.05198283956616,2020-01-22,43.9738849917585,19312,43.6928971438191,0.6795428478735259,1.359085695747055,-20820.22563686143,-21336.00590472899,-0.7932522954080918,stop_loss,8,-0.7932522954080918,261.0131677793105,254.76710008825208
MDY,2020-01-17,354.5595188664216,2020-01-24,351.6528736914694,2476,348.79058040626967,2.884469230075976,5.768938460151958,-7196.85345318176,-7721.428018373761,-0.5038440252100874,stop_loss,7,-0.5038440252100874,263.366810613978,261.20775457802347
TKR,2019-12-13,50.878966473386086,2020-01-27,48.55602589606979,16162,48.744776255948175,1.067095108718956,2.1341902174379115,-37543.36561058596,-38025.48611458851,-1.0884412075063197,trailing_stop,45,-1.0884412075063197,246.69175684285977,235.42874715968398
TER,2020-01-24,73.98706575574889,2020-01-27,68.62270691523673,12142,70.51977063425404,1.7336475607474235,3.4672951214948426,-65134.04504149857,-65653.5153994299,-1.547130732327001,stop_loss,3,-1.547130732327001,269.5052857218909,249.96507220944133
SWK,2019-12-13,135.78312980210373,2020-01-28,133.20854058771639,6056,130.3098708618474,2.7366294701281646,5.473258940256329,-15591.71228232976,-16080.416349093985,-0.47039419155761136,trailing_stop,46,-0.47039419155761136,246.69079022446206,242.01327653976315
SMH,2019-12-13,66.70621193605781,2020-01-28,68.94377891134394,12327,64.6681554307016,1.0190282526781047,2.0380565053562094,27582.488104352105,27080.84087319933,1.097892511520454,trailing_stop,46,1.097892511520454,246.6862423607354,254.96098879204104
SOXX,2019-12-13,77.42977061397548,2020-01-28,80.08933802581,10620,74.95328783612064,1.2382413889274222,2.476482777854841,28244.605913682557,27742.7500335562,1.073929298284184,trailing_stop,46,1.073929298284184,246.6912491761259,255.16463095023065
SWKS,2019-12-13,94.86887702486382,2020-01-28,100.19331177138596,17335,90.43936291171971,2.2147570565720534,4.4295141131441085,92299.07633096137,91284.65541812647,1.202035846487644,trailing_stop,46,1.202035846487644,493.36559496780427,521.0553178670926
APO,2020-01-10,42.095531700299475,2020-01-31,38.65051076437209,40831,40.40369603416994,0.8459178330647678,1.6918356661295348,-140663.64983485092,-141652.73233281344,-2.036262152936321,stop_loss,21,-2.036262152936321,515.6407964564784,473.4417015060231
DVA,2020-01-27,82.18209999999999,2020-02-03,79.92,21606,79.6362210341989,1.2729394829005494,2.5458789658010943,-48874.932599999775,-49925.64599177978,-0.888533991751721,stop_loss,7,-0.888533991751721,532.68793578,518.0254560000001
TSLA,2019-12-17,25.291266,2020-02-06,46.61467200003112,65569,23.897467033531974,0.6968994832340136,1.393798966468026,1398154.4080160405,1396739.9678814234,15.298767263449742,trailing_stop,51,15.298767263449742,497.49690610619996,916.9432285110122
CMS,2020-02-03,56.16415396306814,2020-02-06,55.57765816910176,15726,54.907618946589096,0.6282675082395213,1.2565350164790416,-9223.232855915263,-9750.408377192414,-0.46675642642240733,stop_loss,3,-0.46675642642240733,264.97124556696286,262.20427571018826
HRL,2019-12-03,37.257290567587994,2020-02-21,37.36711713353795,43793,36.12725641688446,0.5650170753517696,1.130034150703537,4809.634802646549,3829.226796709927,0.09718871405929018,trailing_stop,80,0.09718871405929018,489.48255774791426,490.92544818870823
NVDA,2019-10-16,4.848894820207159,2020-02-25,6.861810641170408,167704,4.556678368788494,0.14610822570933255,0.2922164514186649,337574.0348388207,336984.8551942122,6.888441123663158,trailing_stop,132,6.888441123663158,243.9537170784064,345.2259275300526
AMD,2019-12-13,42.39234999999999,2020-02-25,51.088860000000004,38795,40.00710962150217,1.1926201892489137,2.3852403784978264,337381.10545000044,336293.1243874155,3.6459679612990987,trailing_stop,74,3.6459679612990987,493.3833654749999,594.59769711
LMT,2020-01-06,351.1565196218151,2020-02-25,352.223993234992,4846,341.9800800262097,4.588219797802716,9.176439595605416,5172.977129455262,4150.402539864036,0.1163276456032155,trailing_stop,50,0.1163276456032155,510.51134822619485,512.0632413650313
DECK,2020-02-03,32.042009999965835,2020-02-25,31.360274999999998,55132,30.436032884660516,0.8029885576526589,1.6059771153053184,-37585.41401811652,-38634.062451101956,-0.4244985768905117,trailing_stop,22,-0.4244985768905117,529.962028595435,518.68640439
ALL,2020-02-06,107.02015816661421,2020-02-25,103.36510819882174,8464,104.1714356340527,1.4243612662807528,2.84872253256151,-30936.34292739542,-31470.553195750537,-1.2830487792385743,stop_loss,19,-1.2830487792385743,271.7455856166668,262.4646827384482
ACGL,2019-02-14,30.394861457112302,2020-02-26,42.38988382424032,46841,29.292976357037748,0.5509425500372764,1.1018851000745542,561858.8426986436,560836.0496225264,10.885910306180225,trailing_stop,377,10.885910306180225,427.1177116537793,595.6753644633723
VICI,2019-10-08,16.24165552616306,2020-02-26,19.04157128217807,99326,15.779425633736885,0.231114946213088,0.4622298924261763,278104.43238194665,277053.06984615704,6.057409531258708,trailing_stop,141,6.057409531258708,483.9656030375017,567.3969327520857
XLU,2020-01-22,27.81578537515967,2020-02-26,27.986403679109515,31874,27.337216181102626,0.23928459702852162,0.47856919405704446,5438.287820097332,4904.696127922599,0.3565175236279558,trailing_stop,35,0.3565175236279558,265.9801029143518,267.611589260381
TXNM,2020-01-28,44.09697607944539,2020-02-26,43.83015933703419,19794,42.92616290536026,0.5854065870425661,1.1708131740851329,-5281.370599287319,-5803.4995148174585,-0.227890109470019,trailing_stop,29,-0.227890109470019,261.8566633549626,260.27225217517645
JKHY,2020-02-06,152.6959794129574,2020-02-26,151.6808538913304,11865,147.47367044155345,2.611154485701969,5.2223089714039475,-12044.46431410434,-13127.893652250952,-0.19438250919000985,trailing_stop,20,-0.19438250919000985,543.5213387204219,539.9079994261906
UTHR,2020-02-25,116.53641999999999,2020-02-26,104.33556,15583,110.24497203343935,3.145723983280317,6.291447966560639,-190126.00137999986,-191158.55579930186,-1.9392769462368875,stop_loss,1,-1.9392769462368875,544.796109858,487.758309444
GILD,2020-02-25,58.18649003397298,2020-02-26,56.172101447334846,31210,55.4463946512084,1.3700476913822892,2.7400953827645793,-62869.06778897616,-63939.80728101564,-0.7351527247222124,stop_loss,1,-0.7351527247222124,544.800106188089,525.9393858513962
SO,2019-02-21,37.185379397010706,2020-02-27,51.55983658420946,38451,36.08773439407237,0.5488225014691674,1.0976450029383358,552712.2533049792,551688.550615071,13.095725073880091,trailing_stop,371,13.095725073880091,428.94450695833757,594.7581829498313
SYNA,2019-11-11,57.887829999999994,2020-02-27,66.84308999999999,27953,53.79566752080608,2.0460812395969583,4.092162479193917,250326.38277999987,249280.40175797188,2.1883930673652094,trailing_stop,108,2.1883930673652094,485.44155359699994,560.5394684309998
CRM,2020-01-07,170.40610184060156,2020-02-27,169.06426231603845,9964,164.5809932183714,2.9125543111150862,5.825108622230175,-13370.089022746859,-14384.833835283887,-0.23035442110766727,trailing_stop,51,-0.23035442110766727,509.3779196219262,505.3668929151022
TXRH,2020-01-28,56.91985938512844,2020-02-27,56.742925168935365,30669,54.65573463613332,1.1320623744975606,2.2641247489951226,-5426.395476425421,-6472.172658271997,-0.07814684958132415,trailing_stop,30,-0.07814684958132415,523.7025502447513,522.0746316018236
RNR,2019-05-09,153.18040613680347,2020-02-28,166.50297835034655,9927,148.4911070702935,2.3446495332549824,4.68929906650996,132253.17436384218,131301.125276501,2.841058338268557,trailing_stop,295,2.841058338268557,456.18656751601446,495.862519825167
ACM,2019-10-15,37.88849574377073,2020-02-28,42.88640991188905,42679,36.2206294122175,0.8339331657766161,1.6678663315532347,213305.97878112152,212271.76112157817,2.9965915574684594,trailing_stop,136,2.9965915574684594,485.1129329545173,549.1047265888539
BIIB,2020-02-06,338.72838999999993,2020-02-28,299.92977,5348,315.7676238540932,11.480383072953364,22.960766145906746,-207495.01975999953,-208519.6829119035,-1.6897789800849745,stop_loss,22,-1.6897789800849745,543.455828916,481.20732298800004
NEM,2020-02-25,41.4219983519925,2020-02-28,36.487096356010134,43842,39.77808792031622,0.821955215838142,1.6439104316762823,-216355.97330785883,-217380.6804669153,-3.001928755297383,stop_loss,3,-3.001928755297383,544.8069755244165,479.9001835320589
GDX,2020-02-25,28.323447703608515,2020-02-28,24.85406096717759,32058,27.150787356217666,0.5863301736954247,1.172660347390849,-111221.59999650266,-111733.02936839306,-2.9585606302372707,stop_loss,3,-2.9585606302372707,272.3979259446845,239.03144594573374
HPQ,2020-02-26,18.600103054974653,2020-02-28,16.572360912793144,95795,17.871956575679864,0.36407323964739446,0.7281464792947894,-194247.55851027768,-195258.36236601538,-2.784799761917931,stop_loss,2,-2.784799761917931,534.5390616453891,476.26479409230575
DGX,2020-01-28,96.97443898224476,2020-03-02,94.44128029988256,18001,94.51080835930966,1.2318153114675474,2.4636306229350993,-45599.38944120194,-46633.09175004122,-1.0282217873003485,stop_loss,34,-1.0282217873003485,523.6910628358164,510.0112460034559
REGN,2020-02-26,440.89165940205805,2020-03-02,440.98190815419156,4041,415.61620611787254,12.637726642092748,25.275453284185517,364.6952073714925,-704.4001185769489,0.0035706086501709556,stop_loss,5,0.0035706086501709556,534.4929586931149,534.6023672553265
DGX,2020-03-05,104.64358416131154,2020-03-09,96.2598355197808,16620,99.99291096766397,2.325336596823779,4.650673193647563,-139337.90242224096,-140339.6068727709,-1.8026957157476158,stop_loss,4,-1.8026957157476158,521.7529106282993,479.95153990162703
SMG,2020-03-05,96.9125944975285,2020-03-09,84.53626069744882,17945,91.33834546754602,2.7871245149912425,5.574249029982482,-222093.31004242983,-223070.139954372,-2.2202692656016074,stop_loss,4,-2.2202692656016074,521.7289524774448,455.1009594647157
NEE,2020-03-05,59.27767980482212,2020-03-09,54.33553850851576,14669,56.549336813294595,1.3641714957637627,2.7283429915275264,-72496.270675518,-72996.24836534951,-1.81140762420761,stop_loss,4,-1.81140762420761,260.8632855170807,239.11440431442531
EMB,2020-03-05,86.25735572106747,2020-03-09,81.67458572294066,20162,85.32949556264482,0.4639300792113228,0.9278601584226465,-92397.80870223268,-93413.5618432509,-4.939074015116106,stop_loss,4,-4.939074015116106,521.7362418144487,494.0168992037789
TYL,2019-08-02,248.24799999999996,2020-03-10,309.54015000000004,6513,237.66774796518092,5.290126017409518,10.58025203481904,399195.7729500005,398105.9106837155,5.79307088321629,trailing_stop,221,5.79307088321629,485.0517671999999,604.8104990850001
DOCU,2019-09-11,59.55949999999999,2020-03-10,79.92,27063,54.76087991860102,2.3993100406994854,4.798620081398973,551016.2115000002,549883.7913874503,4.242990621183784,trailing_stop,181,4.242990621183784,483.5576245499999,648.862488
CPB,2020-03-05,42.12437318989749,2020-03-10,40.61227742394393,41286,40.28132987696607,0.9215216564657123,1.843043312931421,-62428.3857931587,-63453.14540033161,-0.8204341999692468,stop_loss,5,-0.8204341999692468,521.7440614554323,503.0155457174847
SPTL,2020-02-25,35.80478130132134,2020-03-11,39.48062853838123,50720,35.13065438709215,0.33706345711459723,0.6741269142291912,186438.97186367767,185293.42906755675,5.4527525299341,trailing_stop,15,5.4527525299341,544.8055522809055,600.7372438400088
TLT,2020-02-25,124.574691066235,2020-03-11,137.12697893548597,7288,122.14517486404519,1.2147581010949084,2.4295162021898165,91481.073991101,90908.88945980924,5.166579197099859,trailing_stop,15,5.166579197099859,272.3701045472162,299.8144267445465
IEF,2020-02-26,98.75994182122618,2020-03-12,102.91201609818646,9020,97.93617139334081,0.4118852139426819,0.8237704278853641,37451.7099781817,36905.98566005177,5.04032936411512,trailing_stop,15,5.04032936411512,267.24440256823806,278.47991556169256
GEN,2020-06-01,19.68365240085809,2020-06-03,18.323035787945077,87460,18.07706951260111,0.8032914441284909,1.6065828882569804,-118999.52896537213,-119996.74845006994,-0.8469009740226837,stop_loss,2,-0.8469009740226837,516.4596716937145,480.7598130041029
APPF,2020-05-27,155.26511,2020-06-12,155.40444,11023,139.46230580976282,7.901402095118577,15.802804190237168,1535.8345900000118,508.48145510501183,0.008816789623077017,trailing_stop,16,0.008816789623077017,513.446192259,513.9069426359999
ECL,2020-05-29,198.46534982484687,2020-06-12,195.4451394182161,4312,186.0098198824329,6.227764971206973,12.45552994241396,-13023.147273391929,-13532.709882276755,-0.24247947864074945,trailing_stop,14,-0.24247947864074945,256.7347765334219,252.82783235140434
CRL,2020-06-04,188.44825999999998,2020-06-12,178.91091,4592,175.84209821504965,6.30308089247516,12.60616178495033,-43795.511199999884,-44301.58519259188,-0.7565625574777243,stop_loss,8,-0.7565625574777243,259.60632297599994,246.46766961600002
KHC,2020-06-08,24.394550868444657,2020-06-12,23.78467473944205,35073,23.052510735570635,0.6710200664370112,1.342040132874022,-21390.185472508456,-21897.122466432076,-0.45443956113036527,trailing_stop,4,-0.45443956113036527,256.67702478268785,250.2599691409353
TYL,2020-05-29,372.72235,2020-06-15,336.70296,4592,347.6037886780325,12.559280660983756,25.11856132196749,-165401.03887999995,-166378.34318705596,-1.4339750409391143,stop_loss,17,-1.4339750409391143,513.4623093600001,463.8419976960001
VRSK,2020-06-01,165.05741059536928,2020-06-15,153.46270837523127,5214,155.02288474835083,5.01726292350922,10.034525847018443,-60454.77737579955,-60953.00654589336,-1.155480826588646,stop_loss,14,-1.155480826588646,258.1828016532766,240.04636844053672
VRT,2020-06-09,14.631167712208232,2020-06-23,13.6874499372284,117640,13.298468025017128,0.666349843595552,1.3326996871911039,-111018.95904862731,-112018.37970271122,-0.7081248566726087,stop_loss,14,-0.7081248566726087,516.3631708992529,483.0574831846647
NDSN,2020-05-29,171.00080105484696,2020-06-29,170.68727174029934,5004,158.3714453440201,6.3146778554134295,12.629355710826871,-1568.9006899963033,-2081.8428248763767,-0.024825440167057827,trailing_stop,31,-0.024825440167057827,256.7064025435362,256.23573233653735
LULU,2020-06-01,300.06976999999995,2020-06-29,289.81989,2868,278.5507007346677,10.759534632666105,21.519069265332234,-29396.65583999989,-29904.19690346389,-0.47631613958847085,trailing_stop,28,-0.47631613958847085,258.180030108,249.361033356
THO,2020-06-09,96.96956355443601,2020-07-07,90.99918425092727,8875,87.0314939499773,4.96903480222935,9.938069604458704,-52987.11631864003,-53487.58310967181,-0.600758451201643,trailing_stop,28,-0.600758451201643,258.1814629636859,242.28532806809386
WING,2020-06-22,119.81001335601805,2020-07-14,117.20271844166074,14417,109.4087328355148,5.200640260251626,10.40128052050325,-37589.370780289355,-38614.474546587495,-0.2506705697647275,trailing_stop,22,-0.2506705697647275,518.1902887661137,506.9134775320269
AXON,2020-06-03,97.57748,2020-07-20,90.909,17755,86.57049541900447,5.503492290497761,11.006984580995521,-118398.8623999998,-119402.83563571979,-0.6058407687345794,trailing_stop,47,-0.6058407687345794,519.7464472199999,484.22678850000005
INCY,2020-06-22,104.94483999999999,2020-07-27,100.04985,16459,97.78114161829896,3.5818491908505097,7.163698381701025,-80566.64040999964,-81578.84269081264,-0.6833048711966654,trailing_stop,35,-0.6833048711966654,518.1861364679999,494.016144345
KNX,2020-06-19,40.181764610220625,2020-07-29,40.888519783567205,42807,37.451438200223826,1.3651632049983993,2.730326409996799,30254.06870544701,29212.95600623355,0.25885372926799904,trailing_stop,40,0.25885372926799904,516.0182393009143,525.0944599125484
NBIX,2020-06-22,127.12699999999998,2020-07-29,121.70817,13587,117.39414505335023,4.866427473324873,9.732854946649752,-73625.6432099998,-74639.9202464368,-0.5567564737893539,trailing_stop,37,-0.5567564737893539,518.1823646999999,496.094671737
XBI,2020-06-23,112.41845279843515,2020-07-30,108.4953603895349,15505,105.50457142349289,3.456940687471131,6.913881374942264,-60827.54779999853,-61855.12840204238,-0.5674225801904246,trailing_stop,37,-0.5674225801904246,522.9144331919211,504.6661688519215
DT,2020-06-17,40.53049,2020-08-10,37.4625,42264,35.887052783506974,2.321718608246512,4.643437216493027,-129665.52936000007,-130654.41807880807,-0.6607152970869955,trailing_stop,54,-0.6607152970869955,513.894188808,474.99453
BMRN,2020-05-27,103.25314999999999,2020-08-12,116.883,16576,94.10151624271896,4.575816878640515,9.151633757281033,225928.39360000007,224833.70055328007,1.489335168068336,trailing_stop,77,1.489335168068336,513.45726432,581.2357824
REGN,2020-06-01,600.7374756502458,2020-08-12,594.4832510150827,1432,551.6011454589817,24.568165095632033,49.13633019126405,-8956.049677553474,-9469.516501728898,-0.12728310418825253,trailing_stop,72,-0.12728310418825253,258.0768195393456,255.39000463607954
SAM,2020-07-27,831.68085,2020-08-12,803.21598,2136,773.3640623576887,29.158393821155663,58.31678764231128,-60800.96232000004,-61848.604208664045,-0.48810764705680665,stop_loss,16,-0.48810764705680665,532.94108868,514.700799984
VCIT,2020-06-16,76.63487636312409,2020-08-14,77.14680608411584,22286,75.65897828592993,0.48794903859707867,0.9758980771941594,11408.865762022026,10380.712189516269,0.5245729374358569,trailing_stop,59,0.5245729374358569,512.365456388575,515.7881161171816
BLDR,2020-08-14,31.121089999999995,2020-08-21,28.071900000000003,58566,28.220285941852,1.4504020290739965,2.900804058147994,-178578.86153999955,-179618.87053570154,-1.0511533832956421,stop_loss,7,-1.0511533832956421,546.791327082,493.21766862000004
WSM,2020-06-01,37.078686205459356,2020-08-28,41.34657116154602,23214,33.553403988670674,1.7626411083943423,3.525282216788682,99074.68137059575,98528.51219324044,1.2106505787710935,trailing_stop,88,1.2106505787710935,258.22338647206004,287.9457908832388
TER,2020-06-22,81.12564420529684,2020-08-28,83.40398046447343,21291,74.65467404225647,3.235485081520184,6.470970163040363,48508.05729412894,47457.15722247572,0.35208573085216166,trailing_stop,67,0.35208573085216166,518.1738272324925,532.7262444207312
ABT,2020-08-28,102.29047056930888,2020-09-02,95.71133263002496,8982,97.82104639109298,2.234712089107951,4.4694241782159025,-59093.81697064821,-59627.35262954913,-1.4720325654814383,stop_loss,5,-1.4720325654814383,275.6319019960597,257.90375690486525
EBAY,2020-06-05,44.62694183415178,2020-09-04,47.91544405751047,19174,42.16771810457696,1.2296118647874097,2.4592237295748163,63053.74163067954,62521.41931855352,1.3372114882476558,trailing_stop,91,1.3372114882476558,256.70309481840786,275.61921730761173
MGK,2020-08-25,36.64080178968497,2020-09-04,36.908929721052054,25022,35.514853806790676,0.5629739914471468,1.1259479828942958,6709.0970986671455,6156.988684108647,0.23813527395630557,trailing_stop,10,0.23813527395630557,275.0478427144492,277.0605718440494
MSFT,2020-08-28,217.60110660945548,2020-09-04,204.71767707119673,4222,207.79191670171238,4.9045949538715465,9.809189907743104,-54393.83951052845,-54928.74848193837,-1.313404028205115,stop_loss,7,-1.313404028205115,275.6135616315363,259.2954097783778
IWF,2020-09-02,56.40861454917451,2020-09-04,53.39261714061661,16887,54.825694864299344,0.7914598424375823,1.582919684875165,-50931.14823831727,-51487.41225818092,-1.9053382413370858,stop_loss,2,-1.9053382413370858,285.771682167573,270.49233769607775
POOL,2020-05-29,237.6649010953437,2020-09-08,268.97545751166047,3600,220.04011799490343,8.812391550220136,17.624783100440283,112718.00309874033,112170.83151144476,1.7765073327645429,trailing_stop,102,1.7765073327645429,256.6780931829712,290.4934941125933
DOCU,2020-06-01,142.49235,2020-09-08,205.84395,12081,129.10030121211344,6.696024393943281,13.392048787886552,765350.6796000003,764088.2043479102,4.7305383219110695,trailing_stop,99,4.7305383219110695,516.4350241049999,746.040227985
BR,2020-08-12,127.86254889641144,2020-09-08,120.37571126169983,13981,122.79308212600371,2.5347333852038614,5.069466770407729,-104673.47697090295,-105714.66270548411,-1.4768491389301386,stop_loss,27,-1.4768491389301386,536.2938888362185,504.8918457449476
SNPS,2020-08-21,213.82361,2020-09-08,202.74705,8559,202.84558200028042,5.489013999859789,10.978027999719586,-94804.27704,-95873.90552368201,-1.008975382489727,trailing_stop,18,-1.008975382489727,549.034883397,520.593600285
TSCO,2020-05-28,21.865053237508945,2020-09-09,25.126058026596798,78266,20.439721059350184,0.7126660890793812,1.4253321781587616,255225.80082274988,254122.45892849093,2.2878910888691264,trailing_stop,104,2.2878910888691264,513.3870770060624,589.9548172528876
DG,2020-06-01,175.2256921197984,2020-09-09,177.09885403676276,9824,165.33695243198457,4.944369843906913,9.888739687813825,18401.94267225791,17363.571769825292,0.1894237259852956,trailing_stop,100,0.1894237259852956,516.4251598154698,521.9457426171472
TMUS,2020-06-22,102.33884994274257,2020-09-09,106.70299285596177,16878,95.68582698788397,3.3265114774292974,6.653022954858599,73658.00408931362,72599.54162248665,0.6559639043530027,trailing_stop,79,0.6559639043530027,518.1825328000826,540.2799340268768
ISRG,2020-07-20,215.3618133333011,2020-09-09,234.21888000003256,8341,203.19816608482694,6.081823624237068,12.163647248474149,157286.79306720718,156161.8072982792,1.5502806256648858,trailing_stop,51,1.5502806256648858,538.8998655039193,586.0859034240814
MEDP,2020-07-29,123.12299999999999,2020-09-09,117.74214,14405,112.38958786099214,5.366706069503925,10.733412139007854,-77511.28829999977,-78552.18700250977,-0.5013186794947171,trailing_stop,42,-0.5013186794947171,532.0760445000001,508.82265801
CSGP,2020-07-30,82.28219999999999,2020-09-09,79.676244,21838,76.05675862936096,3.112720685319519,6.225441370639032,-56908.86712799982,-57969.92167802143,-0.41859779007644793,trailing_stop,41,-0.41859779007644793,539.0636050799999,521.9909449416
HALO,2020-07-01,27.39737,2020-09-11,27.0729,63377,25.129215609245907,1.1340771953770452,2.2681543907540913,-20563.935189999876,-21599.583880536877,-0.1430546356644275,trailing_stop,72,-0.1430546356644275,520.9089355469999,514.73975499
EW,2020-09-01,85.17509,2020-09-14,81.99792,10912,81.36390497986592,1.9055925100670383,3.811185020134076,-34669.279040000045,-35216.53660553604,-0.8336435998817586,stop_loss,13,-0.8336435998817586,278.82917462399996,268.428390912
YETI,2020-06-24,42.36232,2020-09-18,46.38357,20589,38.198957755011065,2.0816811224944662,4.163362244988932,82793.51625000004,82245.35951123704,0.9658659908443044,trailing_stop,86,0.9658659908443044,261.659341944,286.497396819
PWR,2020-08-12,50.00422268488575,2020-09-22,48.590002508120186,17875,47.06019477915711,1.472013952864319,2.944027905728639,-25279.185659684397,-25807.89719228189,-0.480369148000839,trailing_stop,41,-0.480369148000839,268.1476441476998,260.56388844979455
CAT,2020-09-10,136.9326981113925,2020-09-22,130.36600885191868,6478,130.19903881884835,3.3668296462720733,6.733659292544161,-42539.01302287149,-43058.48132998399,-0.975203670721029,stop_loss,12,-0.975203670721029,266.1150055096802,253.35330160281873
SHW,2020-09-11,223.59923550388586,2020-09-22,216.49881839780545,7877,214.3000709179053,4.64958229299029,9.299164585980577,-55929.98554459542,-56969.98125577051,-0.7635543000050784,stop_loss,11,-0.7635543000050784,528.3873534192328,511.608357755854
DAR,2020-09-15,35.89586,2020-09-22,33.40656,49360,33.734570374611266,1.0806448126943669,2.161289625388733,-122871.848,-123898.07823536,-1.151766043180016,stop_loss,7,-1.151766043180016,531.54589488,494.68434047999995
CHRW,2020-09-16,92.19033237360885,2020-09-22,89.96330860727454,19225,88.3830663475543,1.9036330130272727,3.807266026054549,-42814.53190777716,-43865.1030321344,-0.584940414222162,stop_loss,6,-0.584940414222162,531.7077419647891,518.863382392456
TTC,2020-09-17,78.0639016907833,2020-09-22,75.08458094798368,22756,75.08707462894915,1.488413530917073,2.9768270618341433,-67797.42282314804,-68842.93688442637,-1.0008376976269275,stop_loss,5,-1.0008376976269275,532.9266440626394,512.587417215695
KTOS,2020-09-17,21.351329999999997,2020-09-22,19.150830000000003,83199,19.87952031828851,0.7359048408557434,1.4718096817114876,-183079.39949999953,-184090.32126295153,-1.4950981960121044,stop_loss,5,-1.4950981960121044,532.9227914009999,477.99897155100007
NWSA,2020-09-21,14.69784134692518,2020-09-22,13.955027801388448,120113,13.92660752190155,0.38561691251181485,0.7712338250236304,-89221.56339505351,-90254.03801665694,-0.9631495941117113,stop_loss,1,-0.9631495941117113,529.6205453109673,502.85407629245117
STE,2020-09-21,164.96299982845792,2020-09-23,160.67728024999207,10701,158.03994452439255,3.4615276520326845,6.923055304065372,-45861.485209163155,-46906.88820029901,-0.6190503166931498,stop_loss,2,-0.6190503166931498,529.5807183492984,515.8222727865494
PGR,2020-07-15,72.3458948100467,2020-09-24,77.91799543978921,24579,68.29222585952095,2.0268344752628766,4.053668950525747,136956.6613784411,135848.66053090588,1.374582063249103,trailing_stop,71,1.374582063249103,533.4569245608413,574.5439229743737
ADM,2020-09-08,39.44291867661412,2020-09-24,38.39488729904587,45482,38.10900978432886,0.6669544461426291,1.3339088922852582,-47666.56311455916,-48728.62884197465,-0.7856843774185797,trailing_stop,16,-0.7856843774185797,538.182848174929,523.8828792405612
RH,2020-09-11,388.63824999999997,2020-09-24,352.63701000000003,4532,354.9355996541578,16.851325172921094,33.70265034584219,-163157.6196799997,-164165.45752349572,-1.068202044366559,stop_loss,13,-1.068202044366559,528.3925647,479.445278796
KBH,2020-09-23,36.589881052157004,2020-09-25,33.77801631692086,47518,33.66416539878155,1.4628578266877281,2.9257156533754554,-133614.188488951,-134617.31101310614,-0.9610861301548695,stop_loss,2,-0.9610861301548695,521.603390350919,481.51913380423366
LAD,2020-10-06,273.67518888684856,2020-10-21,254.20098293246377,6474,250.78317022532062,11.446009330763966,22.892018661527942,-126076.0093486871,-127101.25044959458,-0.8506985007448429,stop_loss,15,-0.8506985007448429,531.5319518560373,493.7091490514312
TWLO,2020-10-05,290.28999999999996,2020-10-22,300.699,6040,264.5494331174336,12.870283441283183,25.740566882566384,62870.36000000029,61799.487932000295,0.40438114853833595,trailing_stop,17,0.40438114853833595,526.00548,544.866588
DDOG,2020-10-01,101.53143,2020-10-23,99.51039,17117,90.67582774334988,5.427801128325056,10.855602256650116,-34594.141679999986,-35626.51152988199,-0.1861748387807701,trailing_stop,22,-0.1861748387807701,521.374046193,510.995803689
LEN,2020-10-01,73.38874425607669,2020-10-23,68.460754865596,23681,68.2694415356349,2.5596513602209003,5.1193027204417945,-116699.71675597322,-117707.4581525833,-0.9626290257856456,stop_loss,22,-0.9626290257856456,521.3756558184456,486.36574079165365
DG,2020-09-21,189.90772604603063,2020-10-27,194.96796339360642,9296,182.21983399635673,3.843946024836952,7.687892049673906,47039.96638306457,45966.62506035532,0.658208689050262,trailing_stop,36,0.658208689050262,529.6146663971703,543.7266563120896
BLD,2020-10-02,173.17299999999997,2020-10-27,171.27855,5046,160.2086040712424,6.482197964378777,12.964395928757568,-9559.394699999888,-10080.825456389888,-0.1461271323716454,trailing_stop,25,-0.1461271323716454,262.1492874,259.28146898999995
URI,2020-10-06,191.0683450970076,2020-10-27,175.73757829468764,4636,177.17156181947445,6.948391638766576,13.89678327753316,-71073.43489555539,-71583.58857380856,-1.1031881620479125,stop_loss,21,-1.1031881620479125,265.73785436091816,244.41582389225158
GGG,2020-08-12,53.8673346410734,2020-10-29,56.84437950350579,16593,51.53035716880227,1.1684887361355645,2.33697747227113,49398.105402340705,48846.99356050041,1.2738868464740616,trailing_stop,78,1.2738868464740616,268.14620510979927,282.9656367305015
GME,2020-09-23,2.6526499999999995,2020-10-29,2.9670300000000003,655459,2.2470858154399247,0.2027820922800374,0.4055641845600748,206063.2004200005,204958.1594700645,0.7751670684161036,trailing_stop,36,0.7751670684161036,521.6109949049999,583.4299550310001
NKE,2020-09-24,115.82935485689704,2020-10-29,111.7946423901229,14729,109.98080946058302,2.9242726981570097,5.848545396314023,-59427.279923116286,-60433.08207975169,-0.689865974079122,trailing_stop,35,-0.689865974079122,511.8151703061709,493.98698632923606
WHR,2020-10-06,148.44559870841968,2020-10-29,143.8740044517038,11936,140.42233392440687,4.011632392006409,8.02326478401281,-54566.549048160785,-55613.28708315656,-0.5697922703268202,trailing_stop,23,-0.5697922703268202,531.5539998551092,515.184035140661
CCK,2020-10-21,83.07406611621315,2020-10-29,80.67394912811609,22434,78.81605332989312,2.1290063931600143,4.258012786320023,-53844.2245109693,-54946.281403166686,-0.5636706859613141,trailing_stop,8,-0.5636706859613141,559.1050797753377,542.9518124220469
GAP,2020-10-23,17.63420634693014,2020-10-29,15.949838618865876,105217,16.074046955061014,0.7800796959345628,1.5601593918691243,-177224.11924373757,-178284.2029814874,-1.079612593971141,stop_loss,6,-1.079612593971141,556.6254867614845,503.45825098836326
XYZ,2020-07-02,118.11799999999998,2020-11-02,157.842,7445,108.10946677938853,5.004266610305724,10.008533220611454,295745.1800000002,295128.82334000024,3.9690131535151325,trailing_stop,123,3.9690131535151325,263.816553,352.54010700000003
FSLR,2020-10-29,91.24114999999999,2020-11-02,88.911,19373,82.3544510405945,4.443349479702745,8.886698959405493,-45141.995949999786,-46189.022230584786,-0.2622064740399255,stop_loss,4,-0.2622064740399255,530.2844396849999,516.7418408999999
ROL,2020-10-29,38.29390039459558,2020-11-02,36.025400164211625,46159,36.57908176904004,0.8574093127777728,1.7148186255555444,-104711.70213429305,-105740.85351264125,-1.3228805639133048,stop_loss,4,-1.3228805639133048,530.2824444942413,498.8689338539533
GNRC,2020-10-29,219.11889999999997,2020-11-02,212.15763,8067,204.7062375694217,7.206331215289137,14.41266243057828,-56156.56508999965,-57200.297420252646,-0.4829968115558403,stop_loss,4,-0.4829968115558403,530.28964989,513.442680363
BG,2020-10-29,49.683930654408194,2020-11-05,47.65433822566515,35577,46.8259617116741,1.4289844713670496,2.8579689427340966,-72206.80983739127,-73245.71091497518,-0.7101520238359972,stop_loss,7,-0.7101520238359972,530.2815602675641,508.61951731634673
PEN,2020-10-30,260.79052999999993,2020-11-09,255.73401,6906,241.39037499435466,9.700077502822637,19.400155005645274,-34920.327119999456,-35990.46266197146,-0.26064327828971046,stop_loss,10,-0.26064327828971046,540.3058200539999,529.829721918
CUBE,2020-10-02,25.78449138500767,2020-11-10,24.591560270698547,67785,24.651223184125573,0.566634100441048,1.133268200882096,-80862.83558344383,-81887.25778188845,-1.0526467727415156,stop_loss,39,-1.0526467727415156,524.3405245598234,500.0816738847903
AGCO,2020-11-04,72.23274207576989,2020-11-10,75.44039874049277,12549,67.99341160614627,2.1196652348118112,4.239330469623624,40252.883485607366,39696.93841237638,0.7566422782340103,trailing_stop,6,0.7566422782340103,271.9346040926509,284.0104691383331
IDXX,2020-11-05,474.46398999999997,2020-11-10,431.45811,1927,445.0754037647576,14.694293117621196,29.38858623524237,-82872.33075999998,-83396.04432600999,-1.4633531417863155,stop_loss,5,-1.4633531417863155,274.287632619,249.42593339099994
VEEV,2020-06-01,216.89667999999998,2020-11-11,269.99973,3968,198.9847461938382,8.955966903080887,17.911933806161784,210712.9024000001,210133.3009135361,2.964674310136873,trailing_stop,163,2.964674310136873,258.193807872,321.407678592
DHR,2020-10-01,187.1966885383349,2020-11-11,196.25807056406194,9284,179.7454970521875,3.7255957430737157,7.451191486147422,84125.87072684972,83057.87253179774,1.2160983974942967,trailing_stop,41,1.2160983974942967,521.3802169169703,546.6179781350253
ALGN,2020-10-23,451.79133999999993,2020-11-18,448.61094,4106,417.3169203171438,17.23720984142808,34.47441968285614,-13058.722399999615,-14167.837928503614,-0.09225390968891334,trailing_stop,26,-0.09225390968891334,556.5165726119999,552.5989558919999
UTHR,2020-10-29,133.48334999999997,2020-12-01,132.81705,13242,126.4827026832256,3.5003236583871855,7.000647316774376,-8823.144599999714,-9881.049569039715,-0.09517691291253096,trailing_stop,33,-0.09517691291253096,530.2759562099999,527.62901283
CHWY,2020-12-01,78.42834999999998,2020-12-03,72.21771000000001,24706,70.9180648794788,3.755142560260584,7.510285120521175,-153440.07183999923,-154556.63030750724,-0.8269512941699054,stop_loss,2,-0.8269512941699054,581.2952445299999,535.2632229780002
RRX,2020-11-03,96.11683552044025,2020-12-04,104.5196554237186,9321,90.54084330564977,2.787996107395237,5.575992214790475,78322.68431845756,77761.64449883041,1.5069640665906316,trailing_stop,31,1.5069640665906316,268.77150716580707,292.26831246134435
GM,2020-11-11,39.70360229240029,2020-12-14,40.7758638876351,46026,37.01673493144186,1.3434336804792157,2.6868673609584306,49351.9121822772,48240.66780915651,0.3990750011762102,trailing_stop,33,0.3990750011762102,548.2193997330047,563.0249733876879
FDX,2020-09-15,138.37899566432338,2020-12-29,155.4704937149636,12804,130.75548514008872,3.8117552621173316,7.623510524234661,218839.54104039728,217710.80638179355,2.241945885207007,trailing_stop,105,2.241945885207007,531.541398145799,597.1932604579181
TTD,2020-06-04,35.136101,2021-01-04,80.5194,24630,31.37725176085711,1.879424619571444,3.7588492391428865,1117790.6543700001,1116936.075873111,12.073721533548007,trailing_stop,214,12.073721533548007,259.62065028899997,594.9578466
MGK,2020-12-29,39.956077392346906,2021-01-05,38.95160672923732,50379,38.87634638106668,0.5398655056401106,1.0797310112802236,-50604.22753679785,-51796.81460230624,-0.9302971319853062,stop_loss,7,-0.9302971319853062,603.8841668847134,588.7028986236741
WDC,2021-01-04,41.389599922726866,2021-01-12,38.70595918224857,48568,38.5239697713505,1.4328150756881812,2.865630151376365,-130339.06348354988,-131506.087817933,-0.9364923589980167,stop_loss,8,-0.9364923589980167,603.0630267140996,563.9613076690345
RRX,2021-01-12,128.5748882673207,2021-01-19,124.24527018107254,8164,121.55534512641192,3.509771570454381,7.019543140908766,-35347.002056129866,-35966.209188201676,-0.6167948539294288,stop_loss,7,-0.6167948539294288,314.9056163443218,304.30151572748287
PVH,2020-12-04,88.07117277114615,2021-01-20,97.06705235992858,11054,79.61556035415401,4.227806208496072,8.455612416992139,99440.45297440098,98826.4975922213,1.0638945052288096,trailing_stop,47,1.0638945052288096,292.06162314367486,321.8937590359951
HON,2020-11-10,167.39398829534386,2021-01-22,171.92957009808782,11018,157.4280904432952,4.982948926024333,9.96589785204867,49973.04030263298,48851.44021271933,0.4551102038248959,trailing_stop,73,0.4551102038248959,553.3040889114296,568.2960010022196
F,2021-01-22,9.108053594929004,2021-01-26,8.817004099845828,230476,8.548918033960963,0.2795677804840202,0.5591355609680413,-67079.92342878995,-68319.31210796822,-0.5205347600844352,stop_loss,4,-0.5205347600844352,629.756328103457,609.6323510748202
DIS,2020-12-14,169.97421386979923,2021-01-27,161.0552714582589,11708,160.61045851000318,4.681877679898015,9.363755359796045,-104422.97775431433,-105585.6857185806,-0.9524963082476996,trailing_stop,44,-0.9524963082476996,597.0174287962827,565.6905354699885
MKSI,2021-01-20,182.04488441787757,2021-01-27,163.819219776299,11529,171.71300261185172,5.165940903012924,10.331881806025848,-210123.68765275922,-211319.92782993562,-1.7640217903914497,stop_loss,7,-1.7640217903914497,629.6386417361132,566.6015354402854
DECK,2020-10-02,38.33162666663437,2021-01-28,47.35593000003259,45596,35.82456446102127,1.2535311028065517,2.507062205613103,411472.13478962536,410300.0318394934,3.5995530199424493,trailing_stop,118,3.5995530199424493,524.3306548475582,647.7722952844458
DLB,2020-11-02,69.75235876919989,2021-01-28,80.7168451809829,25304,66.76465482144158,1.4938519738791498,2.9877039477583054,277445.36416375736,276303.1223427307,3.6698704434921483,trailing_stop,87,3.6698704434921483,529.5041058887502,612.7377151378774
GRMN,2020-11-03,99.05151398426553,2021-01-28,104.53735873256086,18090,94.63624578317629,2.207634100544614,4.4152682010892335,99238.93149666261,98134.0546844284,1.242471464574223,trailing_stop,86,1.242471464574223,537.552566392609,567.3242458416079
MTN,2020-11-10,221.26832184477965,2021-01-28,219.1841524347461,8335,205.42857346897264,7.919874187903503,15.839748375807005,-17371.552032629665,-18472.903444565618,-0.1315784418152014,trailing_stop,79,-0.1315784418152014,553.2814387728715,548.0699731630826
TKR,2020-11-11,64.73766871517567,2021-01-28,70.17593818779302,14113,60.59267678792754,2.072495963624069,4.144991927248135,76750.29706704865,76179.08634678218,1.3120096656564113,trailing_stop,78,1.3120096656564113,274.0928155731823,297.11790469329685
TPR,2021-01-05,28.484596475074955,2021-01-28,27.08485131953751,69459,26.541448692048007,0.9715738915134742,1.943147783026948,-97224.89875847542,-98382.83824078522,-0.7203493052684781,trailing_stop,23,-0.7203493052684781,593.5534759686694,564.3860063411267
FOXA,2021-01-27,32.9879666485589,2021-01-28,32.02773929768241,62120,30.788346282395786,1.099810183081559,2.199620366163117,-59649.32303644779,-60860.955732461945,-0.436542307776253,trailing_stop,1,-0.436542307776253,614.7637464625437,596.8689495516094
FOX,2021-01-27,30.997031977378665,2021-01-28,29.837552141470617,33055,29.05306581857916,0.9719830793997526,1.9439661587995047,-38326.60597594052,-38929.87212935509,-0.596450627836075,trailing_stop,1,-0.596450627836075,307.3820676036756,295.8840858108934
IRM,2021-01-26,25.890953697974332,2021-01-29,26.948341046738353,80444,24.376917163410614,0.7570182672818588,1.5140365345637186,85060.46788397287,83785.28661603977,0.6983895861328835,trailing_stop,3,0.6983895861328835,624.8315637839542,650.349704149146
WBD,2021-01-27,40.480439999999994,2021-01-29,41.81814,25311,37.96470353624941,1.2578682318752932,2.515736463750585,33858.52470000013,33233.60689248613,0.5317329614111073,trailing_stop,2,0.5317329614111073,307.3801250519999,317.537682462
M,2021-01-28,14.773637676707091,2021-01-29,13.996109325692096,133988,12.845952290756921,0.963842692975085,1.92768538595017,-104179.46869579716,-105335.9089542044,-0.4033481587202809,trailing_stop,1,-0.4033481587202809,593.847049507989,562.5932088992498
SJM,2021-01-28,105.24894662094347,2021-01-29,98.06482841362065,18807,100.27788036006771,2.4855331304378785,4.971066260875759,-135111.71112512038,-136258.82777524288,-1.4451865717149364,stop_loss,1,-1.4451865717149364,593.8250817300252,553.291568392489
STX,2021-01-28,59.39570764588825,2021-02-01,55.559518000105314,33327,55.49487874173435,1.9504144520769535,3.9008289041539044,-127848.69232500796,-128998.02616653916,-0.9834293531043788,stop_loss,4,-0.9834293531043788,593.8442246143553,555.4896169168529
MMM,2021-01-28,128.66495967618062,2021-02-01,122.14019375902929,15384,123.52072679601854,2.5721164400810426,5.144232880162079,-100376.99886945603,-101534.51481359021,-1.268365190524919,stop_loss,4,-1.268365190524919,593.8145218975087,563.701422236672
SNA,2021-01-28,164.28865107930474,2021-02-01,157.80971816183316,12048,156.10190520064742,4.093372939328666,8.18674587865732,-78058.18378969762,-79222.37613548279,-0.7913929433625182,stop_loss,4,-0.7913929433625182,593.8049004610391,570.3874453241298
QLYS,2021-01-28,144.77462999999997,2021-02-04,126.09378,13672,133.144751985498,5.814939007250983,11.62987801450197,-255404.5811999997,-256515.5750704557,-1.6062808205473647,stop_loss,7,-1.6062808205473647,593.8076224079999,517.186248048
ABT,2021-01-29,109.14211162609021,2021-02-24,109.42224276634357,18006,104.23758301819798,2.4522643039461127,4.904528607892232,5044.041311401999,3863.4003818449505,0.05711683275790882,trailing_stop,26,0.05711683275790882,589.5638585818142,591.0770709752347
WAT,2021-02-03,289.94966,2021-02-24,279.61010999999996,6949,276.0095224436675,6.970068778166248,13.940137556332502,-71849.53295000021,-73036.89420251921,-0.7417107584640115,stop_loss,21,-0.7417107584640115,604.458056202,582.9031963169999
NTAP,2020-12-03,52.134251038410056,2021-02-26,55.06669503463876,37163,48.970471034975084,1.581890001717486,3.1637800034349723,108978.4162318474,107783.24360417358,0.9268798693477104,trailing_stop,85,0.9268798693477104,581.2395514021299,613.9330762716841
PTC,2021-01-29,137.80766999999997,2021-02-26,135.05481,14261,129.01012242800059,4.398773785999698,8.797547571999388,-39258.536459999574,-40425.924008183574,-0.3129122039375727,trailing_stop,28,-0.3129122039375727,589.5825545609998,577.804993623
NXST,2021-02-24,121.53171858854624,2021-02-26,111.08886263644789,17540,113.70450199704155,3.913608295752347,7.827216591504694,-183167.69339980517,-184391.7428982111,-1.334172349776619,stop_loss,2,-1.334172349776619,639.4999032129303,584.5495951929888
BCO,2021-02-24,76.82219385659346,2021-03-01,74.31372375591518,27749,71.81032026623662,2.505936795178423,5.011873590356842,-69607.53682372162,-70865.69799707047,-0.5005054607731396,stop_loss,5,-0.5005054607731396,639.5217171979837,618.6394561508671
FLG,2021-02-26,31.522700278461283,2021-03-02,29.95458626074426,66105,30.020415426824453,0.751142425818415,1.50228485163683,-103660.17714118374,-104879.363949186,-1.043819363557096,stop_loss,4,-1.043819363557096,625.1424305723049,594.0443774299498
HALO,2020-11-09,38.52849,2021-03-04,41.18877,49185,35.73697953866242,1.3957552306687888,2.7915104613375803,130845.87180000001,129669.60377007001,0.9529894431150726,trailing_stop,115,0.9529894431150726,568.5071341949999,607.760895735
PANW,2020-11-18,48.38166666670108,2021-03-04,56.618325,39170,45.520478175354,1.43059424567354,2.861188491347079,322629.9069153187,321396.05201324326,2.878754181420956,trailing_stop,106,2.878754181420956,568.5329650004044,665.321937075
PINS,2020-09-23,40.58053999999999,2021-03-05,69.93,42845,36.592387846346746,1.9940760768266244,3.988152153653246,1257477.6137000006,1256057.1664741104,7.359162556803452,trailing_stop,163,7.359162556803452,521.6019708899998,898.8452550000001
WDC,2021-02-01,42.926174696962,2021-03-05,50.83117032249249,45462,39.33601690732935,1.7950788948163257,3.5901577896326486,359376.9111278671,358098.19220208476,2.2018518652182535,trailing_stop,32,2.2018518652182535,585.4529262219859,693.2659995603461
AVNT,2021-03-04,41.824747093748826,2021-03-05,40.486664791740814,24731,38.84039524750393,1.4921759231224507,2.9843518462448984,-33092.11341096013,-33702.80646916215,-0.44836613474100645,stop_loss,1,-0.44836613474100645,310.3103461126507,300.3827120893626
SBUX,2021-03-01,96.32193043021495,2021-03-08,92.76583242520701,21551,91.89772970874427,2.212100360735343,4.424200721470683,-76637.4681059261,-77859.97721911527,-0.8037831529094432,stop_loss,7,-0.8037831529094432,622.7501768104687,599.7589363786909
SAIA,2021-03-04,218.84862999999996,2021-03-08,205.2945,9452,202.18986805811866,8.329380970940647,16.658761941881295,-128113.6367599996,-129316.3370194276,-0.8136336930251656,stop_loss,4,-0.8136336930251656,620.5671752279999,582.1330842
DVN,2021-03-08,19.815344884462313,2021-03-11,18.585368606429917,51860,17.939001831929332,0.9381715262664896,1.876343052532981,-63786.56977876005,-64384.008079251355,-0.6555178043652422,stop_loss,3,-0.6555178043652422,308.28713571246465,289.15116477883663
NOV,2021-03-08,15.746262852594612,2021-03-17,13.641320996532261,65262,14.326146594157604,0.7100581292185035,1.420116258437007,-137372.7154103411,-137948.08315948962,-1.4822320662528492,stop_loss,9,-1.4822320662528492,308.2897818858089,267.0779672627065
EEFT,2021-03-08,164.69453,2021-03-17,154.71513000000002,12479,153.65523463171954,5.519647684140219,11.039295368280449,-124532.93259999962,-125728.70654414162,-0.9039888568136415,stop_loss,9,-0.9039888568136415,616.566911961,579.207032181
XOM,2021-03-05,49.11144952327797,2021-03-19,46.457390047010456,41041,46.19127515625004,1.4600871835139613,2.9201743670279257,-108925.25496549498,-110101.92718893624,-0.9088702052298139,trailing_stop,14,-0.9088702052298139,604.6748999654553,571.9973234758069
FANG,2021-03-08,69.94487099718485,2021-03-19,60.655750139293545,14692,62.79946643065171,3.57270228326657,7.145404566533138,-136475.76364413905,-137051.39894186019,-1.300013284258063,stop_loss,11,-1.300013284258063,308.289013407192,267.3462843139502
WTFC,2021-02-26,70.1109643085328,2021-03-23,71.434899879618,29721,65.76663217943936,2.172166064546725,4.344332129093445,39348.68910822326,38086.62371936245,0.3047500816567341,trailing_stop,25,0.3047500816567341,625.130391064171,636.9349977966381
OZK,2021-01-28,32.542292158736295,2021-03-24,34.345028450529284,60828,30.289742579701375,1.1262747895174603,2.2525495790349197,109656.84315718395,108436.25657577784,0.8003092622562172,trailing_stop,55,0.8003092622562172,593.8447642294834,626.7418171766385
PRI,2021-01-29,131.23153608943883,2021-03-24,134.55991708430773,7487,124.58896678798463,3.3212846507270997,6.642569301454202,24919.58850858341,24322.594325609858,0.5010683131510935,trailing_stop,54,0.5010683131510935,294.7591532104886,302.2350297630636
EME,2021-03-11,110.48155896271037,2021-03-24,104.73501636124114,9419,104.32541726125177,3.0780708507293,6.156141701458594,-54126.68476323868,-54734.822240131565,-0.9334649655818812,stop_loss,13,-0.9334649655818812,312.18774116093067,295.94973573195904
OLN,2021-03-17,32.27975335365343,2021-03-24,32.09886079933002,65298,29.794261719334504,1.242745817159464,2.4854916343189295,-11811.92201221028,-13073.060436298732,-0.07277938570611274,trailing_stop,7,-0.07277938570611274,632.3410003460585,628.7974237423955
AGCO,2021-03-19,123.01645287374936,2021-03-24,115.20755002561195,8501,116.0320679412475,3.4921924662509296,6.984384932501854,-66383.4831120161,-66991.02578661033,-1.118051614222844,stop_loss,5,-1.118051614222844,313.72885976392297,293.81381483031817
BURL,2021-03-05,287.07679,2021-03-25,287.04267,7021,267.9221669193202,9.577311540339911,19.154623080679812,-239.55652000020996,-1448.82433859821,-0.0017812932082409297,trailing_stop,20,-0.0017812932082409297,604.669842777,604.597975821
ELV,2021-03-25,335.6910884768393,2021-04-07,326.0486857244552,5961,319.0756919214616,8.307698277688838,16.615396555377686,-57478.362806961624,-58661.7520451658,-0.5803293782514791,trailing_stop,13,-0.5803293782514791,600.3163735231317,583.0728646810431
AMAT,2021-03-29,121.69277964415755,2021-04-21,124.41322251859152,8484,110.42774625731215,5.632516693422699,11.265033386845403,23080.23734669781,22453.84834999318,0.24149443512619614,trailing_stop,23,0.24149443512619614,309.7324627503098,316.6565339543191
FCN,2021-03-24,138.37824,2021-04-30,139.38048,14437,132.68104091719272,2.8485995414036385,5.697199082807288,14469.338880000007,13266.338087808006,0.17591802312552293,trailing_stop,37,0.17591802312552293,599.3299952640001,603.670796928
HIG,2021-03-19,61.146894414564144,2021-05-12,58.11279198938694,34207,57.615337514653845,1.7657784499551503,3.5315568999102993,-103787.54165803657,-105011.39648588255,-0.8591401784448859,stop_loss,54,-0.8591401784448859,627.4955451716986,596.3592826742877
MIDD,2021-03-02,160.29012999999998,2021-05-13,168.6312,13307,149.80377572431175,5.243177137844119,10.486354275688228,110994.6184900004,109681.5316485074,0.7954213428911259,trailing_stop,72,0.7954213428911259,639.8942279729998,673.1926135200001
JBL,2021-03-17,49.83291010167465,2021-05-13,50.27100159894102,21148,46.95230939259078,1.440300354541936,2.880600709083872,9264.758984189199,8629.659726795813,0.15208338173522779,trailing_stop,57,0.15208338173522779,316.1599148490646,318.9393425443214
SNX,2021-03-23,103.44056669891825,2021-05-13,108.63483099808218,19901,96.95189051568846,3.244338091614891,6.488676183229785,103371.05381766144,102104.90007079103,0.8005121772895208,trailing_stop,51,0.8005121772895208,617.5712153625516,648.58253150785
ALLE,2021-04-07,121.75183636490836,2021-05-13,126.20164140999567,17359,116.22894084932696,2.7614477577906946,5.522895515581396,77244.16577767073,75952.89845146236,0.8057014717249968,trailing_stop,36,0.8057014717249968,634.0470382375333,657.2202879708345
IJH,2021-04-26,51.26988640356142,2021-05-13,48.898419674948656,21206,49.6550450754277,0.80742066406686,1.6148413281337213,-50289.32344696233,-50926.57417657259,-1.4685447339606301,stop_loss,17,-1.4685447339606301,326.1687633221771,311.0819662880884
ITT,2021-03-02,80.89237097690939,2021-05-20,86.92512239637301,13184,76.73899160622192,2.07668968534374,4.153379370687475,79535.7947142084,78872.0429644184,1.4524922673907033,trailing_stop,79,1.4524922673907033,319.945505687872,343.8062441021345
DE,2020-08-11,178.68344145135677,2021-05-21,334.69998238222365,5060,170.27803268909184,4.20270438113246,8.405408762264926,789443.6971101864,788664.3810728071,18.561446009774613,trailing_stop,283,18.561446009774613,271.2414641231596,508.07457325621544
STX,2021-05-17,83.93088297425994,2021-05-24,82.00628056023184,26623,78.45725133382138,2.7368158202192863,5.473631640438569,-51238.69006867013,-52564.01360010376,-0.3516134333573631,trailing_stop,7,-0.3516134333573631,670.3475692271168,654.9759622065156
HRB,2021-05-24,21.495237331851765,2021-05-25,20.608237888030974,102601,20.5872572149141,0.453990058468832,0.9079801169376651,-91007.02993545699,-92302.98753376755,-0.9768930258212754,stop_loss,1,-0.9768930258212754,661.6298536455969,634.3277446649598
NEM,2021-05-18,63.54598768822369,2021-06-09,60.56029511570422,35392,60.48192707074373,1.532030308739979,3.06406061747996,-105669.63152660902,-106987.342394908,-0.9744234678278182,trailing_stop,22,-0.9744234678278182,674.7058788784838,643.0049894205011
TSN,2021-03-05,61.583666223833326,2021-06-11,65.97855596732609,32729,58.57319904548377,1.5052335891747777,3.0104671783495576,143840.3464147746,142587.85122374626,1.4598696757432155,trailing_stop,98,1.4598696757432155,604.6715435519523,647.8236474763846
CMI,2020-07-29,172.30787245726253,2021-06-14,221.50977983208404,10293,163.19008148541155,4.558895485925494,9.11779097185098,506435.2326090377,505219.16308053344,5.396253053696969,trailing_stop,320,5.396253053696969,532.069479360781,684.0000491434922
ADM,2021-04-30,54.806154543531726,2021-06-14,57.07955289093758,20149,52.795900090768725,1.0051272263815003,2.010254452763,45806.70330188051,45130.38776615137,1.1309007893409577,trailing_stop,45,1.1309007893409577,331.28676236928624,345.0287733598504
MTZ,2021-05-12,118.36824999999999,2021-06-17,108.61128,18850,110.62436861273181,3.871940693634091,7.743881387268175,-183918.88449999993,-185202.45374214993,-1.2599586062929073,stop_loss,36,-1.2599586062929073,669.37245375,614.1967884
PWR,2020-10-06,56.5730859929797,2021-06-18,84.80604942378692,31319,53.322192924599165,1.625446534190266,3.2508930683805346,884228.1816894512,882899.8257468159,8.684679205665708,trailing_stop,255,8.684679205665708,531.5437440642394,796.8121985710748
EVR,2020-10-22,73.86228567892776,2021-06-18,117.07265201543548,25112,69.491075431462,2.1856051237328864,4.371210247465768,1085098.7194423818,1083660.2919957675,9.885218026645859,trailing_stop,239,9.885218026645859,556.4489153907701,881.9785312234847
KBR,2021-03-26,33.85639601052703,2021-06-18,35.61413179963479,59999,31.767049297047077,1.0446733567399762,2.0893467134799515,105462.38961067665,104211.94095125208,0.8412848752039492,trailing_stop,84,0.8412848752039492,609.4049712706834,641.0436881538864
STAG,2021-06-15,32.364720298393785,2021-06-18,32.55451593460527,34625,31.381979721121898,0.49137028863594406,0.9827405772718869,6571.673903822683,5897.325337452406,0.19312893005635626,stop_loss,3,0.19312893005635626,336.18853209956546,338.1600342707123
GEN,2021-05-13,22.710662976201355,2021-06-21,24.359488462499655,95112,21.559411837153323,0.5756255695240167,1.151251139048032,156823.0896528039,155480.00877971257,1.432203131335628,trailing_stop,39,1.432203131335628,648.016973097739,695.0638999935801
SRE,2021-06-14,61.08749925835104,2021-06-21,59.06307528807489,36898,59.12837327341314,0.979562992468949,1.9591259849378986,-74697.19565524925,-76027.19042513345,-1.033330161429265,stop_loss,7,-1.033330161429265,676.201964290391,653.7928055938162
NUE,2021-03-29,73.84192758769493,2021-07-07,86.7952516601692,27966,69.19603803910151,2.3229447742967078,4.645889548593416,362252.66101081553,360904.9472043618,2.7881257048816424,trailing_stop,100,2.7881257048816424,619.5190040752428,728.1948023784876
CHH,2021-05-17,113.34309995290798,2021-07-16,113.13937951381234,19714,107.86149804716655,2.7408009528707153,5.481601905741428,-4016.144736331315,-5355.607416393393,-0.0371643987649407,trailing_stop,60,-0.0371643987649407,670.3337617414884,669.1289183205889
NVDA,2021-06-18,18.738798738642224,2021-07-16,18.94677408870048,116558,17.714227343403778,0.5122856976192238,1.0245713952384463,24241.190852090145,22923.424352807324,0.20298766003500796,trailing_stop,28,0.20298766003500796,655.2470710135981,662.5194282692252
AMZN,2021-07-07,186.05472885999998,2021-07-19,176.452371,12122,179.72808567301493,3.163321593492525,6.326643186985052,-116399.7819789198,-117718.07529827068,-1.5177650416185342,stop_loss,12,-1.5177650416185342,676.6066269722759,641.6866923785999
SCHG,2021-06-22,17.459593131487868,2021-07-20,17.964820319114917,62541,17.02952303435573,0.21503504856606898,0.4300700971321376,31597.413541383306,30932.77006889906,1.1747554433476926,trailing_stop,28,1.1747554433476926,327.5821242109148,337.0613482733298
V,2021-07-16,241.02855411310202,2021-07-20,231.55016170882777,9387,234.34197855285495,3.3432877801235334,6.686575560247064,-88973.66949892235,-90304.49842054848,-1.4175256555276294,stop_loss,4,-1.4175256555276294,678.7605112379067,652.06841038823
HCA,2021-07-21,241.47518562027025,2021-08-11,231.2182013363864,9428,230.5073855821239,5.4839000190731815,10.96780003814635,-96702.8478284571,-98039.81380412531,-0.9351906716214515,stop_loss,21,-0.9351906716214515,682.9884150083724,653.9775606598353
SLM,2021-02-03,13.257433002786051,2021-08-16,16.58773301250468,75991,12.320189561882348,0.46862172045185213,0.9372434409037034,253072.82803852818,252392.43883532778,3.55329241515684,trailing_stop,194,3.55329241515684,302.2336773944145,378.1555258059729
GNRC,2021-06-17,369.37900999999994,2021-08-18,388.72089,6014,347.8646557826128,10.757177108693568,21.514354217387165,116322.06632000036,114954.30248042036,0.8990221042455745,trailing_stop,62,0.8990221042455745,666.4336098419999,701.330229738
TGT,2021-05-21,191.00482928881726,2021-08-19,210.51183256646405,11494,183.26954688312907,3.8676412028440943,7.735282405688196,224213.49567327218,222828.98591986278,2.5218217324944945,trailing_stop,90,2.5218217324944945,658.6228523536997,725.8869010556813
AN,2021-07-21,116.20608999999999,2021-08-19,111.81807,19591,108.84965324263293,3.6782183786835327,7.356436757367064,-85965.69981999967,-87305.86621556767,-0.5964871506039421,trailing_stop,29,-0.5964871506039421,682.9780527569999,657.188342811
ACI,2021-08-11,19.33193477894846,2021-09-13,20.345793758739635,125501,18.162377881716726,0.5847784486158688,1.169556897231736,127240.31582277206,125746.43744000954,0.8668744395342465,trailing_stop,33,0.8668744395342465,727.8531440078434,766.0252387546748
KR,2021-08-18,40.92266132297924,2021-09-13,38.638161456613666,58784,39.343168923958096,0.7897461995105703,1.5794923990211416,-134292.04014443376,-135695.11116631643,-1.4463506552999839,stop_loss,26,-1.4463506552999839,721.6793169630034,681.3917049196733
MSFT,2021-08-23,291.84855749397497,2021-09-14,287.72601775055375,4133,283.4933657905409,4.1775958517170375,8.355191703434059,-17038.45675955988,-17757.071275405568,-0.49341055115788823,stop_loss,22,-0.49341055115788823,361.86302643677953,356.7514894089116
BRO,2021-08-19,54.699524611691245,2021-09-15,54.232677994447975,43759,53.193310296235495,0.7531071577278743,1.5062143154557504,-20428.741123948257,-21858.77040010087,-0.3099470058495704,trailing_stop,27,-0.3099470058495704,718.0789492448993,711.9503269077147
FR,2021-05-25,44.976399390686524,2021-09-20,46.486240655274614,49356,43.40051774799374,0.7879408213463914,1.575881642692785,74519.72545500976,73165.45643637722,0.9580930595829209,trailing_stop,118,0.9580930595829209,665.9565504980171,688.3124681345201
ELS,2021-06-03,63.70805395283348,2021-09-20,70.57307666207363,17528,61.76908880184097,0.9694825754962547,1.9389651509925088,120330.11804756137,119624.01415033595,3.5405601311225805,trailing_stop,109,3.5405601311225805,335.00243090557956,371.101466319848
UNG,2021-09-14,73.75368,2021-09-20,70.76916,32884,69.36122257706796,2.1962287114660204,4.39245742293204,-98142.95568000012,-99568.7024011681,-0.679464753470003,trailing_stop,6,-0.679464753470003,727.5948039360001,698.1519172320001
SNPS,2021-08-20,315.65533999999997,2021-09-21,323.03664000000003,7557,303.98496575160664,5.835187124196651,11.67037424839333,55780.4841000005,54332.5055121425,0.6324818590128981,trailing_stop,32,0.6324818590128981,715.622221314,732.356366544
WAT,2021-06-18,345.38504,2021-09-22,394.08552000000003,6323,333.5818527714045,5.901593614297761,11.803187228595505,307933.1350400002,306530.43333473615,4.126044860324988,trailing_stop,96,4.126044860324988,655.1608823759999,747.5408228880001
MUSA,2021-09-20,161.92436879104375,2021-09-22,157.45448047059273,15092,154.51409882567285,3.7051349826854554,7.410269965370901,-67459.55453224678,-68905.57421016376,-0.6032018187379616,stop_loss,2,-0.6032018187379616,733.1287721383297,712.8909057786556
PSA,2021-06-21,242.95047006985965,2021-09-24,249.22486243864532,8841,236.7349740555675,3.1077480071460775,6.2154960142921425,55471.9029324341,54166.5062980218,1.0094757287846534,trailing_stop,95,1.0094757287846534,644.3775317662887,661.0191026460191
ADBE,2021-06-21,566.55599,2021-09-27,615.1841999999999,3791,541.6615759761695,12.447207011915204,24.89441402383045,184349.54410999987,183005.55099191287,1.9533783745000015,trailing_stop,98,1.9533783745000015,644.3441274269999,699.64899066
A,2021-06-18,141.46333275301023,2021-09-28,158.64038721926602,15439,136.98917891618194,2.237076918414142,4.474153836828293,265196.543904523,263806.55350472743,3.8391738622989586,trailing_stop,102,3.8391738622989586,655.2157183121176,734.7746814834744
ZBRA,2020-11-04,320.74042,2021-09-29,532.9665,5652,302.33317515711434,9.203622421442807,18.407244842885632,1199501.80416,1198054.258706448,11.52948645011505,trailing_stop,329,11.52948645011505,543.847456152,903.6979974
GOOG,2021-02-04,102.63779279336217,2021-09-29,135.76863726383047,19527,96.94348357419454,2.8471546095838143,5.6943092191676214,646945.9999748346,645549.3912669165,5.818237681744877,trailing_stop,237,5.818237681744877,601.2624539627949,795.3462539552453
ENTG,2021-09-15,126.10147740080207,2021-09-29,121.98568213607601,19382,120.00203982663659,3.0497187870827402,6.099437574165478,-79772.34382092049,-81214.87141876362,-0.6747827508160342,trailing_stop,14,-0.6747827508160342,733.2296504947037,709.2979473484276
TMO,2021-09-20,585.8866399569608,2021-09-29,573.1833127934337,4171,563.0831251097275,11.401757423616658,22.803514847233373,-52985.577599071505,-54435.92183094808,-0.5570775930215126,stop_loss,9,-0.5570775930215126,733.1199525781451,717.2242792984237
RGEN,2021-09-20,301.63132999999993,2021-09-29,287.82189,8102,287.8803356123632,6.875497193818374,13.750994387636752,-111884.08287999949,-113316.80787653149,-1.004250282613433,stop_loss,9,-1.004250282613433,733.1451106979998,699.5798858339999
WMG,2021-09-15,37.08913590304048,2021-09-30,37.44742928305612,65898,35.00851819120024,1.0403088559201183,2.0806177118402402,23610.817156270532,22137.27398448051,0.17220529171538157,trailing_stop,15,0.17220529171538157,733.2299633215684,740.3132084684497
PAG,2021-09-23,90.46048598593737,2021-10-01,89.79915562493692,27020,85.66897373604124,2.395756124948062,4.79151224989613,-17869.146354232216,-19330.331009129965,-0.13802121887819205,trailing_stop,8,-0.13802121887819205,733.2726994020082,727.9119554957387
MTN,2021-09-27,290.7190644464354,2021-10-01,276.508985829198,8493,276.1634787958261,7.2777928253046555,14.555585650609316,-120686.19769619724,-122131.43804549453,-0.9762629246486243,stop_loss,4,-0.9762629246486243,740.7231043030728,704.5172449942136
MRNA,2021-07-19,284.82454,2021-10-04,308.57112,7914,259.5303801203964,12.647079939801813,25.294159879603626,187930.43411999996,186521.59414402797,0.938816711566232,trailing_stop,77,0.938816711566232,676.230422868,732.6095531039999
PCTY,2021-09-22,284.51423,2021-10-05,275.07465,8545,269.917426971327,7.29840151433648,14.59680302867298,-80661.21109999981,-82095.71719387981,-0.6466881810666008,trailing_stop,13,-0.6466881810666008,729.352228605,705.153865275
CROX,2020-10-28,54.17502089999999,2021-10-11,129.67020000000002,33787,49.89245305181168,2.1412839240941577,4.2825678481883145,2550755.616251701,2548892.1427081367,17.628484072222534,trailing_stop,348,17.628484072222534,549.1234293444899,1314.35011422
CF,2021-10-04,55.66170078580679,2021-10-28,51.803681447676105,21046,52.29570976108369,1.6829955123615457,3.365991024723094,-81195.87499029833,-81874.38992064408,-1.1461763592931935,stop_loss,24,-1.1461763592931935,351.4368464214269,327.07808392433736
WMB,2021-10-12,23.06082833308911,2021-10-28,22.700255429915916,51141,22.118229307477428,0.47129951280584137,0.9425990256116812,-18440.058841180242,-19142.139116597395,-0.38253052822668243,trailing_stop,16,-0.38253052822668243,353.80614653475305,348.274128882399
PPC,2021-09-22,24.470781369114782,2021-10-29,23.957885584534733,99357,23.638704965336096,0.41603820188934365,0.8320764037786859,-50959.78646851995,-52403.30458727408,-0.6164046741992077,trailing_stop,37,-0.6164046741992077,729.4030273473412,714.1150914067853
JHG,2021-10-08,36.90098197187664,2021-10-29,36.097198045309334,63962,35.0455786312753,0.9277016703006697,1.8554033406013417,-51411.627511098006,-52812.36038817578,-0.433212503706497,stop_loss,21,-0.433212503706497,708.078182665552,692.6546944122227
SLAB,2021-10-28,188.63844999999998,2021-10-29,185.77404,12746,178.82457323933178,4.9069383803340925,9.813876760668194,-36509.76985999954,-37941.448339261544,-0.29187344306990626,stop_loss,1,-0.29187344306990626,721.31570511,710.362774152
MOS,2021-10-05,34.08914065724768,2021-11-03,33.488063951164925,34059,31.87779432713181,1.1056731650579374,2.211346330115873,-20472.07153247264,-21162.555136000017,-0.2718148206352017,trailing_stop,29,-0.2718148206352017,348.31261249355964,342.1709910338178
CAR,2021-10-11,130.92857780670406,2021-11-03,295.3563835570375,18037,119.64662166112963,5.640978072787213,11.281956145574426,2965784.3323187637,2963477.6617643284,14.574405681840336,trailing_stop,23,14.574405681840336,708.4676273698562,1598.2029270654855
OVV,2021-10-05,31.837385723215466,2021-11-05,32.594433535292204,36468,29.44643959768137,1.1954730627670478,2.3909461255340965,27608.019610814492,26903.109735398713,0.31663106248687506,trailing_stop,31,0.31663106248687506,348.3137347662665,356.5961406495108
SCI,2021-10-29,63.7292101215306,2021-11-09,61.18638260405827,38199,61.4791678182351,1.125021151647749,2.2500423032955013,-97133.46833992563,-98564.96355788306,-1.1301243153286524,stop_loss,11,-1.1301243153286524,730.3176292297043,701.1775887277266
RRC,2021-09-28,21.538898415785003,2021-11-11,22.071388785039474,112833,19.63947171105598,0.9497133523645115,1.8994267047290236,60082.48583408979,58606.2819733706,0.2803426780979358,trailing_stop,44,0.2803426780979358,729.0895574844808,747.1143032347078
COP,2021-09-29,57.0767328043753,2021-11-12,60.67074146311179,41240,54.0278977741524,1.5244175151114474,3.0488350302228966,148216.9170862929,146760.14533465554,1.1788137511899874,trailing_stop,44,1.1788137511899874,706.1533382557312,750.618413381619
ROK,2021-11-03,316.8705401002039,2021-11-12,305.7053174045046,4153,304.8911414279763,5.9896993361137945,11.979398672227603,-46369.16985523919,-47144.83711610431,-0.9320353217381565,stop_loss,9,-0.9320353217381565,394.7890059108441,380.87825495427234
DASH,2021-11-15,247.76752,2021-11-18,226.21356,10557,226.93061802159048,10.418450989204755,20.836901978409514,-227545.1557199999,-229046.3011984679,-1.0344128902815526,stop_loss,3,-1.0344128902815526,784.7045125919999,716.440965876
MTDR,2021-09-30,35.33461506557159,2021-11-22,37.8324371650418,33446,32.224810321557186,1.5549023720072017,3.1098047440144043,83542.15793888073,82808.0143702092,0.8032086594111398,trailing_stop,53,0.8032086594111398,354.54046064493224,379.60310802659643
MUR,2021-10-05,24.105201360936558,2021-11-22,22.643962423907695,48165,22.114553062627287,0.9953241491546352,1.9906482983092708,-70380.57340199519,-71056.0754441043,-0.7340517851746821,trailing_stop,48,-0.7340517851746821,348.3081070648528,327.19393504425426
FANG,2021-10-05,85.42246368240262,2021-11-22,83.42715344145763,13591,78.94954897083377,3.2364573557844265,6.472914711568848,-27118.261484683335,-27806.71202858245,-0.30825529608459534,trailing_stop,48,-0.30825529608459534,348.2930111722602,340.1575327268552
ASB,2021-11-11,19.76035302155703,2021-11-22,19.546937186198157,131147,18.730965535247957,0.5146937431545361,1.0293874863090728,-27988.84655981013,-29535.356516473068,-0.20732312972259617,stop_loss,11,-0.20732312972259617,777.453305315442,769.0566513474989
CNXC,2021-09-30,164.36483933937808,2021-11-24,159.922545420509,14380,155.03944433920648,4.662697500085792,9.325395000171596,-63880.18655333721,-65279.162331191365,-0.47636522836698353,trailing_stop,55,-0.47636522836698353,709.069916910077,689.9058609440759
CNH,2021-11-18,16.70637078597615,2021-11-24,15.462998449612991,156835,15.98491865580311,0.3607260650865204,0.7214521301730414,-195004.30037351625,-196517.88528073533,-1.7234301270479797,stop_loss,6,-1.7234301270479797,786.0430986655709,727.5418085535159
INTU,2021-11-22,671.3567210625447,2021-11-24,640.5213500180398,3859,638.6384300806922,16.359145490926284,32.71829098185253,-118993.69686074434,-120512.45810363434,-0.942450541246423,stop_loss,2,-0.942450541246423,777.2296759741079,741.5315669158847
LYV,2021-10-04,98.43333499999999,2021-11-29,106.08381,11901,92.50944307738453,2.9619459613077304,5.923891922615454,91048.30297500017,90318.11541220667,1.2914609347940733,trailing_stop,56,1.2914609347940733,351.43653595049994,378.751026843
ICE,2021-10-07,116.7655467584575,2021-11-29,123.14547764276057,19953,112.90720649961078,1.9291701294233587,3.8583402588467237,127298.76093449905,125862.6775335358,1.65354283352139,trailing_stop,53,1.65354283352139,698.9468863414507,737.1365146218004
ORI,2021-10-29,18.941244727764865,2021-11-29,18.467503078747928,64262,18.156664828466603,0.39228994964913033,0.7845798992982616,-30443.58584912638,-31164.774134589017,-0.6038156845984166,stop_loss,31,-0.6038156845984166,365.16068060868776,356.0276048539498
SPG,2021-11-03,123.24522669694493,2021-11-29,126.81416421464658,21357,118.13943948788392,2.552893604530504,5.105787209061006,76221.79856555426,74619.6430420446,0.6989984837926708,trailing_stop,26,0.6989984837926708,789.6444919699959,812.511031539662
BMRN,2021-11-22,91.89179999999999,2021-11-29,88.07184,28194,87.28307378614545,2.304363106927271,4.608726213854538,-107699.95223999985,-109222.12069984786,-0.8288537488984719,stop_loss,7,-0.8288537488984719,777.2392227599998,744.9292370879998
WRB,2021-11-24,33.720743934267276,2021-11-29,32.43707905201956,76335,32.4899612511108,0.6153913415782395,1.2307826831564768,-97988.55878637917,-99503.60601167663,-1.0429663171370058,stop_loss,5,-1.0429663171370058,772.2218964666878,742.8253288307741
PFG,2021-11-24,61.911460418238306,2021-11-29,60.808878336879,41576,59.421546271771035,1.244957073233634,2.489914146467271,-45840.952614594615,-47371.61885581944,-0.44281931685221726,stop_loss,5,-0.44281931685221726,772.2092635046027,758.4569777202244
WCC,2021-10-06,116.66839334797157,2021-11-30,124.62350704288173,10035,109.95097974007503,3.358706803948272,6.717413607896546,79829.56592842338,79103.15666229671,1.1842524756192843,trailing_stop,55,1.1842524756192843,351.23019817406845,375.17906795259546
PFE,2021-11-29,43.45639883784798,2021-11-30,41.136216801982336,57482,41.31512976709942,1.070634535374279,2.1412690707485567,-133368.70378562884,-134827.46960529144,-1.0835546394244324,stop_loss,1,-1.0835546394244324,749.3882153991533,709.3776042634645
WH,2021-09-27,72.21795151954223,2021-12-01,74.5795321896953,17094,68.93498939651643,1.6414810615128963,3.282962123025797,40368.85997559666,39616.05311963894,0.7193444766205478,trailing_stop,65,0.7193444766205478,370.3480989825165,382.45875697519546
NFLX,2021-10-06,62.880817999999984,2021-12-01,64.883052,37238,59.59986345800724,1.6404772709963715,3.2809545419927417,74559.18969200084,73131.88839468284,0.6102595980448827,trailing_stop,56,0.6102595980448827,702.4667702051999,724.8345271128001
SAIA,2021-10-29,314.63431999999995,2021-12-01,340.10955,7737,297.05493506966224,8.78969246516885,17.57938493033771,197101.85451000053,195582.12851334352,1.449153659297605,trailing_stop,33,1.449153659297605,730.2977201519998,789.4282765050001
DLTR,2021-11-24,146.41627,2021-12-01,135.7641,17580,137.74502864440305,4.3356206777984685,8.671241355596948,-187265.14859999972,-188753.3678713797,-1.2284481036990655,stop_loss,7,-1.2284481036990655,772.19940798,716.0198634
HLI,2021-06-11,72.13428142778808,2021-12-02,97.54756320158631,31065,69.29099019953821,1.4216456141249345,2.8432912282498677,789463.5983030421,787882.2483520187,8.937980577332867,trailing_stop,174,8.937980577332867,672.2554357662709,909.0945152571836
ANET,2021-11-03,30.720064374999996,2021-12-02,30.324645,85685,28.97756349433784,0.8712504403310785,1.7425008806621562,-33881.50914687465,-35450.69392371371,-0.22692635589930676,trailing_stop,29,-0.22692635589930676,789.6746147915624,779.5101620475001
COST,2021-11-30,524.5452196721224,2021-12-02,492.6232119856964,4791,507.2528016743469,8.646208998887708,17.29241799777543,-152938.33882566675,-154400.3150124885,-1.8460118006939537,stop_loss,2,-1.8460118006939537,753.9288442347415,708.0473425870414
POOL,2021-11-12,520.8033856088878,2021-12-06,514.0050491005114,5001,497.6309904344842,11.586197587201788,23.17239517440356,-33998.480878390066,-35551.00397298458,-0.29338082909469115,trailing_stop,24,-0.29338082909469115,781.3613194290142,771.1617751654974
LRCX,2021-12-02,65.12115918993112,2021-12-07,64.57747172958888,37660,61.54478233087222,1.788188429529449,3.5763768590588967,-20475.269756488797,-21940.604888617534,-0.15202185948751198,stop_loss,5,-0.15202185948751198,735.7388565278418,729.5962756008952
TLT,2021-12-02,130.3316482299746,2021-12-09,127.0178498563362,18817,126.98187580765368,1.6748862111604592,3.3497724223209246,-62355.74399675388,-63808.50764840091,-0.9892607484488174,stop_loss,7,-0.9892607484488174,735.7351874230297,717.0284642240035
DELL,2021-12-06,53.5252642248324,2021-12-14,49.72677371577772,45987,50.86756750701371,1.3288483589093434,2.6576967178186877,-174681.1830398976,-176105.65848053005,-1.4292415246583525,stop_loss,8,-1.4292415246583525,738.4398977722102,686.0355428602409
DVN,2021-10-05,31.96179732261384,2021-12-20,30.098688095269267,36326,29.60993618975929,1.1759305664272754,2.351861132854552,-67679.30579251896,-68355.62855050596,-0.7921850492436345,trailing_stop,76,-0.7921850492436345,348.3132748623811,328.0094831246254
TOL,2021-12-03,65.82123658003535,2021-12-20,64.35689060530629,37591,62.42318042844357,1.6990280757958878,3.398056151591774,-55046.22953603996,-56514.28732974721,-0.4309363675591714,trailing_stop,17,-0.4309363675591714,742.2858312840326,725.7719624232207
ZBRA,2021-11-05,598.598,2021-12-21,580.64877,2177,567.8387858054143,15.379607097292844,30.75921419458564,-39075.473709999875,-39845.639775486874,-0.5835399398193807,stop_loss,46,-0.5835399398193807,390.9443538,379.221711687
FAST,2021-12-07,28.093882402674804,2021-12-21,27.59476683616895,87978,27.118483252269236,0.4876995752027836,0.9753991504055683,-43911.18931005198,-45381.00210487248,-0.5117039176201073,stop_loss,14,-0.5117039176201073,741.4930758067572,728.3197190137415
RMBS,2021-12-08,28.68866,2021-12-21,27.572400000000002,87157,27.007480991162033,0.8405895044189833,1.6811790088379652,-97289.87281999973,-98760.93638192573,-0.6639745048753365,stop_loss,13,-0.6639745048753365,750.125261886,720.9383000400002
EXPD,2021-12-14,126.82580199034199,2021-12-21,121.09644200411097,19667,120.20988316086931,3.3079594147363407,6.615918829472676,-112679.32284920542,-114142.0888809971,-0.865996112393005,stop_loss,7,-0.865996112393005,748.2849143232166,714.4811174684552
NDAQ,2021-06-18,55.56983959303553,2022-01-06,60.865829376890666,39304,53.86930523096205,0.8502671810367401,1.7005343620734834,208153.58246464218,206780.666204684,3.114309185377275,trailing_stop,202,3.114309185377275,655.2350926094007,717.6811673487931
P,2021-11-30,31.72169,2022-01-06,30.51945,79227,29.563110131391742,1.079289934304129,2.158579868608257,-95249.86847999998,-96729.22211963398,-0.5569587752966229,trailing_stop,37,-0.5569587752966229,753.964300089,725.389339545
ANET,2021-12-27,35.7532175,2022-01-06,32.909557500000005,70124,33.53692062414765,1.1081484379261763,2.2162968758523505,-199408.8138399995,-200853.2863702295,-1.2830681805235902,stop_loss,10,-1.2830681805235902,752.1475871910001,692.3249430390002
VNQ,2021-12-28,96.44575996243412,2022-01-06,94.46199215493864,13180,93.5882447695962,1.4287575964189627,2.8575151928379228,-26146.05970279046,-26900.90895466255,-0.6942282625364858,trailing_stop,9,-0.6942282625364858,381.34653489146456,373.5027169806274
PAYX,2021-12-23,116.69485707315071,2022-01-07,113.6414153053984,21395,112.2080326837405,2.243412194705105,4.486824389410216,-65328.38662106085,-66806.79998532256,-0.6805351631231742,trailing_stop,15,-0.6805351631231742,749.0059401240178,729.4074241376996
FDS,2021-09-30,379.83869685148727,2022-01-10,416.2515753698891,6222,366.1771727345433,6.83076205847199,13.661524116943951,226560.93014149624,225074.94803936782,2.665359897380711,trailing_stop,102,2.665359897380711,709.0069115429861,776.975190585435
NVR,2021-12-02,5434.909479999999,2022-01-10,5413.33125,451,5207.666953055392,113.62126347230401,227.24252694460756,-9731.781729999624,-11199.548700768624,-0.09495683000065853,trailing_stop,39,-0.09495683000065853,735.3432526439999,732.423718125
MAA,2021-12-08,180.55020189718786,2022-01-10,179.63773388654917,6924,172.92493002066558,3.8126359382611383,7.625271876522277,-6317.928505662292,-7066.110885872271,-0.11966366910117933,trailing_stop,33,-0.11966366910117933,375.03887938083864,373.1435008291399
EGP,2021-10-29,174.70138499014283,2022-01-13,182.8071347975305,6967,168.69089750625656,3.0052437419431266,6.010487483886266,56472.758908069874,55725.530350861656,1.3486010625791447,trailing_stop,76,1.3486010625791447,365.1433647678975,382.0851924403185
AVGO,2021-12-08,54.335215004811324,2022-01-14,55.01764082607919,46018,52.07160511547117,1.1318049446700762,2.2636098893401524,31403.871443104515,29894.21152721674,0.30147678028867053,trailing_stop,37,0.30147678028867053,750.1193772274222,759.5405386603536
AZO,2021-12-08,2015.7737599999998,2022-01-19,1979.10891,1240,1932.0432723239608,41.86524383801954,83.73048767603905,-45464.41399999986,-46950.51035323986,-0.4378912749422834,trailing_stop,42,-0.4378912749422834,749.8678387199999,736.22851452
FHI,2021-12-20,31.204274476554556,2022-01-19,31.276486970030003,79194,29.51115382383721,0.8465603263586733,1.6931206527173472,5718.796208294594,4234.365781694349,0.04265053016721003,trailing_stop,30,0.04265053016721003,741.3573938688785,743.0730327313668
CPT,2021-06-09,112.04044155180891,2022-01-20,139.33507890478612,10080,108.56099385560722,1.7397238481008408,3.4794476962016887,275129.94451801025,274369.78494414955,7.844531585508004,trailing_stop,225,7.844531585508004,338.8102952526702,421.3492786080733
CHH,2021-09-30,125.06570746614977,2022-01-20,135.16644385595134,9449,120.62129185351002,2.2222078063198802,4.444415612639759,95441.85814723502,94704.17806788225,2.27268043093797,trailing_stop,112,2.27268043093797,354.5237609542948,383.1563183984652
HPQ,2021-12-02,30.499947385031593,2022-01-20,30.85324994367523,80410,28.72973008792295,0.8851086485543215,1.770217297108644,28409.058740534878,26929.035561374483,0.1995814633721512,trailing_stop,49,0.1995814633721512,735.7502307691171,744.2729483912775
RF,2022-01-10,20.758279767253427,2022-01-20,18.191358575236144,59537,19.680998726224352,0.538640520514537,1.0772810410290745,-152826.78700913297,-153522.470394532,-2.3827776543484207,stop_loss,10,-2.3827776543484207,370.7657107508902,324.9176746481503
NTRS,2022-01-10,113.34365922401378,2022-01-20,109.22770700716738,10903,108.29820739089169,2.5227259165610443,5.045451833122087,-44876.227020276245,-45604.235702081816,-0.8157747517925418,trailing_stop,10,-0.8157747517925418,370.73577495582674,357.2729068497438
STT,2022-01-10,88.87212118475726,2022-01-20,81.44399922395473,13906,84.52001547364078,2.176052855558239,4.352105711116479,-103295.46398691996,-104005.98877804102,-1.7067880363818035,stop_loss,10,-1.7067880363818035,370.7567151585704,339.7680759624944
UDR,2021-12-08,48.961197458572926,2022-01-21,47.60213788106623,25534,46.66837473202966,1.1464113632716304,2.292822726543264,-34702.227252056044,-35441.921713424745,-0.592745161574555,trailing_stop,44,-0.592745161574555,375.05256477216034,364.6418965965435
JBL,2021-12-22,66.1761042255506,2022-01-21,64.01328122922168,37422,62.09766597589339,2.0392191248286036,4.078438249657211,-80937.16216862111,-82398.74632336765,-0.5303066673893397,trailing_stop,30,-0.5303066673893397,742.9326516985664,718.65150304798
OZK,2022-01-06,42.5267977731512,2022-01-21,42.29381499971082,58425,40.594940361510126,0.9659287058205364,1.9318574116410758,-13612.018538254408,-15098.711828630747,-0.12060039837125927,stop_loss,15,-0.12060039837125927,745.3884479689076,741.3048424074314
CFG,2022-01-07,44.587955062010366,2022-01-21,42.749608074317024,27867,42.28013924862639,1.153907906691987,2.307815813383975,-51229.21550605036,-51959.36626762637,-0.7965743960293582,trailing_stop,14,-0.7965743960293582,372.75976311391287,357.39099846209774
MTB,2022-01-07,148.9182011674197,2022-01-21,142.55961545397872,8343,141.29528034687024,3.811460410274729,7.622920820549467,-53049.68060723816,-53779.22043445986,-0.8341403332302558,trailing_stop,14,-0.8341403332302558,372.7273657019348,356.81246151976336
TFC,2022-01-14,52.507910145143676,2022-01-21,50.31071246350542,23464,50.177156806758575,1.1653766691925505,2.330753338385101,-51555.046401960084,-52278.807250226884,-0.9426985024338186,trailing_stop,7,-0.9426985024338186,369.61368109369533,354.14716717310733
AFG,2021-01-29,54.032831965876724,2022-01-24,91.81372537994976,36372,50.376349371407365,1.8282412972346809,3.6564825944693595,1374166.6552566644,1372575.2359615297,10.33257849257065,trailing_stop,360,10.33257849257065,589.5846492788604,1001.8346458558599
BRK-B,2022-01-06,313.29298,2022-01-24,299.4003,7930,304.8358696146188,4.228555192690615,8.457110385381213,-110168.95239999988,-111626.54971311988,-1.6427218478801677,stop_loss,18,-1.6427218478801677,745.3239994200001,712.2733137
APA,2022-01-13,28.37230200342898,2022-01-24,25.234327342325656,43490,25.993430686450743,1.1894356584891181,2.3788713169782376,-136470.5180113836,-137169.92370445767,-1.3191023149118206,stop_loss,11,-1.3191023149118206,370.1734242387379,329.2322688353228
OXY,2022-01-19,34.32263681270054,2022-01-24,30.452205066103247,35580,31.593516164676412,1.3645603240120625,2.729120648024125,-137709.9615439316,-138401.36820614594,-1.4181973777522336,stop_loss,5,-1.4181973777522336,366.3598253387655,325.04683687558605
ABBV,2022-01-19,116.9475968754283,2022-01-24,113.64229083122746,20884,113.19829533520218,1.8746507701130668,3.749301540226128,-69028.01142709049,-70472.70319155022,-0.8815791444721989,stop_loss,5,-0.8815791444721989,732.7000839439335,711.9916805158063
XLP,2021-12-16,67.49787559732094,2022-01-25,67.0560305777284,18638,65.96823743947438,0.7648190789232834,1.5296381578465628,-8235.107475165923,-8987.452186153094,-0.28885590838985203,trailing_stop,40,-0.28885590838985203,377.40762161486026,374.9370893723105
CHD,2021-12-09,90.3707915850603,2022-01-27,94.11936615849473,27754,87.18500450535714,1.5928935398515796,3.185787079703161,104037.93871109904,102501.83675969465,1.1766557147892327,trailing_stop,49,1.1766557147892327,752.4452848955291,783.6566665088588
PGR,2022-01-10,99.85163413903554,2022-01-27,98.27110158013335,24754,96.22583089517646,1.8129016219295386,3.6258032438590817,-39124.50296306486,-40595.80202306255,-0.43591239033146495,stop_loss,17,-0.43591239033146495,741.5182054433058,729.7808545543862
MDLZ,2022-01-06,60.39814574093789,2022-01-31,59.126353375075745,20568,58.637489430070524,0.8803281554336838,1.7606563108673683,-26158.225381052645,-26895.739350398093,-0.7223399354048903,stop_loss,25,-0.7223399354048903,372.6807184798832,364.8332508655674
VRTX,2022-01-31,241.11086999999998,2022-02-11,236.31345000000002,9816,230.21295777349658,5.448956113251695,10.897912226503394,-47091.474719999605,-48497.39385753561,-0.44021459342760894,trailing_stop,11,-0.44021459342760894,710.0232899759999,695.89584756
SO,2022-02-01,58.6226134991584,2022-02-11,55.97021953004854,20172,56.5868956191297,1.017858940014349,2.035717880028699,-53504.09114488408,-54197.56113324363,-1.302928070304352,stop_loss,10,-1.302928070304352,354.76060785150696,338.70938050804176
CHRD,2022-02-03,93.33772409784014,2022-02-11,87.26091313348671,12832,84.245557131768,4.546083483036074,9.092166966072142,-77977.63829458319,-78672.8708084689,-0.6683567280527667,stop_loss,8,-0.6683567280527667,359.3129026870454,335.9196111986704
CVS,2022-01-31,93.43937779369824,2022-02-14,89.67664945418471,25330,89.72765418221472,1.855861805741758,3.711723611483521,-95309.9088398777,-96701.40753093436,-1.0137415210206404,trailing_stop,14,-1.0137415210206404,710.0458318543131,681.4528592023497
UPS,2022-02-02,186.17214044977604,2022-02-14,172.13803568221152,12759,175.8734991439537,5.149320652911171,10.298641305822343,-179061.14272935563,-180432.64659053605,-1.36271420188509,stop_loss,12,-1.36271420188509,712.6111019996076,658.892759180801
OGE,2021-12-07,29.509876034292745,2022-02-15,30.413732376788982,83757,28.494887781442607,0.507494126425069,1.014988252850138,75704.29567845732,74198.58917755123,0.890509165951589,trailing_stop,70,0.890509165951589,741.4976061012773,764.2088948048145
ED,2022-02-01,74.3818820163705,2022-02-15,71.36919439104274,15898,71.64380725399276,1.3690373811888652,2.7380747623777353,-47895.70786746068,-48590.8530512782,-1.100294143433669,stop_loss,14,-1.100294143433669,354.75694808887744,340.38823572863924
CME,2022-02-03,198.36017926855774,2022-02-15,199.6618005218696,12076,190.09425211364254,4.132963577457595,8.265927154915204,15718.378254993906,14276.424226609146,0.15746827051794932,trailing_stop,12,0.15746827051794932,718.619257454131,723.3347709306291
NI,2022-01-31,25.104226123061277,2022-02-16,24.605784312291995,47139,24.198071707106507,0.4530772079773854,0.9061544159547701,-23496.048517853207,-24199.03257242684,-0.5500627729591749,trailing_stop,16,-0.5500627729591749,355.0164345644956,347.9676200091397
MKC,2022-02-01,91.2991428863258,2022-02-22,88.60485068446384,25905,87.45602634818175,1.9215582690720214,3.843116538144045,-69795.63948923396,-71193.76337526935,-0.7010696072107949,trailing_stop,21,-0.7010696072107949,709.5312889410809,688.5925970943107
EXC,2022-02-03,35.58749820774926,2022-02-24,34.66088689142702,67314,34.08392709342302,0.7517855571631193,1.5035711143262418,-62373.91414691555,-63792.52408528534,-0.616273688349928,trailing_stop,21,-0.616273688349928,718.66105630693,699.9488820628554
H,2022-02-16,103.26563509887276,2022-02-24,89.6215031515092,22877,95.81029400540734,3.727670546732712,7.455341093465421,-312136.8065598362,-313460.6102783624,-1.8301150512513227,stop_loss,8,-1.8301150512513227,708.7223802470737,615.0813382791229
MAR,2022-02-16,171.48464755629612,2022-02-24,156.5023429348217,6888,160.60875757245776,5.437944991919188,10.875889983838363,-103198.11423271576,-103875.86654986661,-1.3775704465324867,trailing_stop,8,-1.3775704465324867,354.35587571033034,323.3964414405156
PG,2021-12-06,134.03590457520994,2022-02-25,136.40256391929273,18364,130.34513159505468,1.8453864900776265,3.690772980155259,43461.33219473637,41971.432584106464,0.6412367698603975,trailing_stop,81,0.6412367698603975,738.4306054857466,751.4690051441675
CNXC,2022-02-01,184.24475416996887,2022-02-25,176.24674513984058,12837,170.51346148917895,6.865646340394955,13.73129268078992,-102670.44191975682,-104058.73073274884,-0.5824658476122574,stop_loss,24,-0.5824658476122574,709.5449727839671,678.7438402080402
MPC,2022-02-03,71.14563100201227,2022-02-25,68.47020227726821,16835,66.99140243993794,2.0771142810371606,4.154228562074323,-45040.84258106611,-45745.97234704311,-0.6440254032166528,stop_loss,22,-0.6440254032166528,359.321009375663,345.80875660134313
CB,2022-02-03,193.6827685460409,2022-02-25,187.29827794036316,12368,184.52850814090533,4.577130202567782,9.154260405135574,-78963.3798110223,-80376.97188590546,-0.6974337983761111,stop_loss,22,-0.6974337983761111,718.6405444132301,694.9515304699235
WRB,2022-02-03,35.919354380268544,2022-02-25,35.68982892906422,33346,34.22499690902669,0.847178735620927,1.694357471241851,-7653.755695859399,-8370.119643849303,-0.13546459652112106,trailing_stop,22,-0.13546459652112106,359.3300373493305,357.0339106405727
THC,2022-02-11,85.14505999999999,2022-02-25,81.27864,27839,77.14230081673506,4.001379591632467,8.002759183264928,-107637.26637999974,-109027.18719528975,-0.48313586744997955,stop_loss,14,-0.48313586744997955,711.1059976019999,678.8148176880001
EXPE,2022-02-16,205.69913660566425,2022-02-25,192.68464130618386,5742,189.0761220617886,8.311507271937824,16.623014543875655,-74729.23200961639,-75415.48790544733,-0.7829202859162065,stop_loss,9,-0.7829202859162065,354.3373327169173,331.9185631140323
NVST,2022-02-17,49.429379999999995,2022-02-25,47.542410000000004,48198,46.349821377537594,1.5397793112311997,3.0795586224624003,-90948.18005999956,-92350.33396032556,-0.612740405795938,stop_loss,8,-0.612740405795938,714.719177172,687.434723154
MAT,2022-02-11,24.674449799999998,2022-03-08,22.827150000000003,96065,22.97459883175646,0.84992548412177,1.6998509682435383,-177460.8552869995,-178829.8276424356,-1.0867422112356213,stop_loss,25,-1.0867422112356213,711.1053060111,657.8670494250001
CBT,2022-02-16,66.10710198719455,2022-03-08,62.93845497037753,35737,62.19813209457555,1.9544849463095013,3.9089698926190053,-113237.93843999006,-114621.44876068788,-0.8106092151797148,stop_loss,20,-0.8106092151797148,708.7408511149116,674.7694695829144
XOM,2022-01-06,58.27372608300217,2022-03-16,67.2886269556795,42637,55.70201115299431,1.2858574650039278,2.5717149300078574,384368.32850834366,382762.2478943906,3.505404416130132,trailing_stop,69,3.505404416130132,745.3850577002889,860.6955562527921
MOS,2022-03-22,59.713064957701434,2022-03-30,59.01387875152755,19790,53.86613062517868,2.9234671662613785,5.846934332522757,-13836.89502018117,-14541.77688498286,-0.11958167586811408,stop_loss,8,-0.11958167586811408,354.5164666538734,350.365398147819
HRB,2022-03-21,23.414978421595244,2022-04-05,22.328638150914895,100454,22.097116434850264,0.6589309933724905,1.3178619867449797,-109127.22555092379,-110505.76432867626,-0.8243202107707258,stop_loss,15,-0.8243202107707258,705.6384727088786,672.9003050436014
RMBS,2022-03-21,31.261229999999998,2022-04-06,28.05192,75241,28.77499629118355,1.2431168544082236,2.486233708816446,-241471.6937099999,-242810.5279257449,-1.2908319876041614,stop_loss,16,-1.2908319876041614,705.637861929,633.196353816
CXT,2022-03-21,36.54940297848273,2022-04-06,34.518136748176076,64355,34.4873597829177,1.0310215977825155,2.062043195565032,-130722.13825138485,-132094.2037071176,-0.985074529318993,trailing_stop,16,-0.985074529318993,705.6410486040769,666.4244071286613
WLK,2022-03-21,116.48204138716896,2022-04-07,110.77504290177316,20193,108.86086870405266,3.8105863415581505,7.621172683116299,-115241.4204155974,-116618.12110651137,-0.7488346902359136,stop_loss,17,-0.7488346902359136,705.6365585193308,671.0641323946517
ABBV,2022-02-03,119.59672871577256,2022-04-20,134.97013458686462,20030,114.95125113647833,2.3227387896471123,4.645477579294223,307929.31959797395,306399.6273163884,3.309327320750455,trailing_stop,76,3.309327320750455,718.6567428530773,811.0355387324696
LLY,2022-03-21,277.7778335102067,2022-04-21,282.1938844752979,8467,265.24664839995876,6.26559255512397,12.531185110247918,37390.70352142757,35968.31936057258,0.3524048943686761,trailing_stop,31,0.3524048943686761,705.583474899276,716.8006859557042
STLD,2022-03-21,80.30007396669117,2022-04-25,81.82922555536996,29292,73.85319270198563,3.2234406323527693,6.446881264705539,44791.908335579006,43367.180903098946,0.23719245413287912,trailing_stop,35,0.23719245413287912,705.6449299896954,719.082502490369
CTVA,2022-03-22,54.740060671288816,2022-04-25,54.28716069151134,43176,51.81050960513661,1.4647755330761023,2.9295510661522073,-19554.40952687236,-20966.61731974044,-0.1545970592594362,trailing_stop,34,-0.1545970592594362,709.0370578630699,703.170735005008
OXY,2022-03-22,56.276797019331504,2022-04-26,52.335180745702395,41997,50.076898040751914,3.099949489289793,6.19989897857959,-165536.05864360166,-166904.4718126611,-0.6357549191119467,stop_loss,35,-0.6357549191119467,709.0369933262594,659.376175733179
TDY,2022-04-05,484.5841,2022-04-26,466.36316999999997,4963,463.5015140627908,10.541292968604576,21.08258593720916,-90430.47559000005,-91846.34098030304,-0.8642644718379379,stop_loss,21,-0.8642644718379379,721.4972664899999,694.3681238129999
CMS,2022-04-07,63.54538859850739,2022-04-26,61.04544918662882,37790,61.300345525802165,1.1225215363526115,2.245043072705222,-94472.71037489096,-95885.19670286104,-1.113537393679578,stop_loss,19,-1.113537393679578,720.4140705412782,692.072257428811
EXLS,2022-04-06,29.403373999999996,2022-04-27,28.145826000000003,81083,27.82881881519129,0.7872775924043525,1.5745551848087054,-101965.76448399942,-103365.64301907942,-0.7986687364995555,trailing_stop,21,-0.7986687364995555,715.2341322125999,684.6444028674001
FCN,2022-04-07,162.36219999999997,2022-04-27,158.41143,14790,155.26471847844127,3.5487407607793515,7.097481521558706,-58431.888299999664,-59855.160896309666,-0.5566439289767018,trailing_stop,20,-0.5566439289767018,720.4010814,702.87151491
AIZ,2022-03-21,165.25611811923338,2022-05-02,169.59987520752938,14233,158.03724704650298,3.6094355363651913,7.218871072730394,61824.694637716995,60394.89303181105,0.601722491582477,trailing_stop,42,0.601722491582477,705.6270987573146,724.1745071486298
COR,2022-02-02,128.6551488839457,2022-05-03,143.2614324606775,18464,123.03882273124815,2.8081630763487837,5.616326152697567,269690.41996077565,268184.21963339153,2.6006829339347157,trailing_stop,90,2.6006829339347157,712.6466006979522,793.5537266861849
LOPE,2022-03-21,97.25715999999998,2022-05-04,95.55435,24184,91.22630676847223,3.0154266157638774,6.030853231527757,-41180.75703999965,-42579.64310735165,-0.28234976621519,trailing_stop,44,-0.28234976621519,705.620147232,693.2659201200001
HAL,2022-01-14,25.548220149014607,2022-05-10,31.09877393742987,48226,23.937631971483064,0.8052940887657716,1.6105881775315432,267681.00700011436,266861.4496190705,3.4462899118769634,trailing_stop,116,3.4462899118769634,369.6265394719135,449.93084157194784
ADM,2022-01-31,66.20835975947132,2022-05-10,75.22402699064003,35748,63.37581205642587,1.416273851522726,2.8325477030454493,322292.0721798189,320775.29469135596,3.1828827530337436,trailing_stop,99,3.1828827530337436,710.0449334044741,806.7325550584198
TRGP,2022-02-01,53.61650943900219,2022-05-10,62.58833075045774,22056,50.24481531980855,1.685847059596819,3.3716941191936414,197882.4908454636,197113.58665889796,2.6609238543860583,trailing_stop,98,2.6609238543860583,354.7697196559898,414.13446690962877
BG,2022-02-02,88.62358169095778,2022-05-10,96.62530249715776,13402,84.24824897570325,2.187666357627268,4.37533271525453,107239.06224469218,106494.25058092544,1.8288256749714389,trailing_stop,97,1.8288256749714389,356.31997254666487,388.4916912200725
CNX,2022-02-16,16.666649999999997,2022-05-10,18.64134,141749,15.227012169923466,0.7198189150382659,1.4396378300765313,279910.33281000034,278408.87112764735,1.371657481309051,trailing_stop,83,1.371657481309051,708.7442912549999,792.7173910979999
EQT,2022-03-22,26.909298023692337,2022-05-10,34.31277257950541,43915,24.721285180982555,1.0940064213548917,2.1880128427097816,325123.58511853125,324317.0149493694,3.3836522397391957,trailing_stop,49,3.3836522397391957,354.51654681313465,452.05362234869403
PKG,2022-03-21,139.2731130620116,2022-05-13,139.5710354694463,16888,132.55037703089204,3.3613680155597834,6.7227360311195525,5031.313616757168,3618.57762263739,0.04431564857754554,trailing_stop,53,0.04431564857754554,705.6133000173755,707.1226941024025
BMY,2022-03-21,59.94260765799277,2022-06-14,62.00198301471629,39240,57.88972857303224,1.0264395424802655,2.05287908496053,80809.88899783097,79374.35727643184,1.0031644687748942,trailing_stop,85,1.0031644687748942,705.6443773498908,729.8873440492401
MCK,2022-02-04,257.76946015956196,2022-06-21,299.01564825009217,4638,245.4675483324115,6.1509559135752285,12.301911827150462,191299.82036387912,190525.10956403794,3.352827484871042,trailing_stop,137,3.352827484871042,358.66042686601446,416.0503729751783
APO,2022-12-01,64.53030083071845,2022-12-06,60.45094195942574,35442,60.38129968727793,2.074500571720259,4.149001143440515,-144580.63711635603,-145909.51267844654,-0.9832146895746431,stop_loss,5,-0.9832146895746431,686.124876612697,642.7506854777901
UTHR,2022-12-01,280.16988999999995,2022-12-06,274.725,8163,266.001607683241,7.0841411583794685,14.168282316758962,-44446.63706999943,-45805.51916612043,-0.38430134848170255,stop_loss,5,-0.38430134848170255,686.1080436209999,672.7740525
NBIX,2022-12-01,127.46734,2022-12-07,119.89998,17942,119.5679542958681,3.949692852065943,7.899385704131888,-135773.5731199999,-137105.0524566319,-0.9579681615042265,stop_loss,6,-0.9579681615042265,686.1057042839999,645.373632348
EXPD,2022-12-01,111.8871984770869,2022-12-07,105.24013566110744,10220,105.78483752712623,3.0511804749803364,6.102360949960669,-67932.98197931,-68598.69438577771,-1.089260840269092,stop_loss,6,-1.089260840269092,343.04615053074843,322.6662559369554
ORLY,2022-12-01,57.99527066663283,2022-12-07,55.19275200003331,19718,55.7809128757408,1.1071788954460127,2.2143577908920236,-55260.063068009295,-55929.61549729169,-1.2656123947659614,stop_loss,6,-1.2656123947659614,343.0652241013998,326.487205180997
NDAQ,2022-12-01,65.34410547410737,2022-12-08,61.81829675298908,17500,62.50422163774388,1.4199419181817425,2.8398838363634837,-61701.65261957004,-62369.2552312623,-1.241532726082607,stop_loss,7,-1.241532726082607,343.0565537390637,324.54605795319264
CPRT,2022-12-01,33.498465,2022-12-08,31.59837,34137,31.75515406236446,0.8716554688177712,1.7433109376355418,-64863.543015000134,-65530.20621191863,-1.0899346519199316,stop_loss,7,-1.0899346519199316,343.0611299115,323.602067007
GL,2022-12-01,117.19256995305486,2022-12-13,115.13533773001603,19516,112.46712441505798,2.3627227689984416,4.725445537996876,-40148.944064825686,-41509.17749872853,-0.43535201210061725,stop_loss,12,-0.43535201210061725,686.1390585611455,674.094375341698
WRB,2022-12-01,47.18554199780174,2022-12-13,46.04752137279957,24235,45.05190075281854,1.0668206224916008,2.1336412449832025,-27579.929846927593,-28257.78083416355,-0.5333701847384045,stop_loss,12,-0.5333701847384045,343.06248309501757,334.78850414093927
FN,2022-12-01,134.06393,2022-12-16,124.08578999999999,17060,126.7267422563769,3.6685938718115514,7.3371877436231046,-170227.06840000016,-171548.27866696016,-1.359940667822247,stop_loss,15,-1.359940667822247,686.13919374,635.0710732199999
MSI,2022-12-01,263.09630069182964,2022-12-16,244.5160352980829,8693,251.78721199321265,5.654544349308495,11.30908869861699,-161518.24706784042,-162842.0492788685,-1.6429498334396262,stop_loss,15,-1.6429498334396262,686.1288425742225,637.6733684538704
CB,2022-12-01,210.74163212835785,2022-12-16,201.0024418242256,10852,202.82622988589588,3.957701121230978,7.915402242461965,-105689.69318044318,-107030.1671876032,-1.230410029181666,stop_loss,15,-1.230410029181666,686.0904575570818,654.3835496029488
FDS,2022-12-01,446.1127170847169,2022-12-16,410.5961472126491,5126,425.37520141318674,10.368757835765088,20.73751567153016,-182057.93716421956,-183375.38405573607,-1.712672358378362,stop_loss,15,-1.712672358378362,686.0321363328776,631.4147551836118
CTAS,2022-12-01,112.34659225404373,2022-12-16,106.383503896307,10178,107.65033394552043,2.3481291542616516,4.696258308523298,-60692.313305044365,-61360.18378062985,-1.269753059986977,stop_loss,15,-1.269753059986977,343.0390847884972,324.8313907969838
APH,2022-12-14,39.65561501045132,2022-12-16,37.42144871578523,28317,37.94405415582379,0.8557804273137627,1.7115608546275283,-63264.88696605964,-63919.66433012039,-1.3053385093644776,stop_loss,2,-1.3053385093644776,336.878415075285,317.8989489854671
IBM,2022-12-14,133.18331540354578,2022-12-16,124.77275603666978,16863,128.80974901978317,2.186783191881299,4.373566383762608,-141827.26260363,-143132.23657343892,-1.9230437196749124,stop_loss,2,-1.9230437196749124,673.7610742949978,631.2128955139087
RLI,2022-12-01,56.77407481688999,2022-12-19,54.93904004970472,40284,54.189622197228545,1.2922263098307223,2.584452619661448,-73922.54056129143,-75272.61589707721,-0.7100284033938496,stop_loss,18,-0.7100284033938496,686.1260489770789,663.9492868086915
IT,2022-12-01,352.34198999999995,2022-12-19,338.36129999999997,3245,335.1043919002976,8.618799049851166,17.237598099702325,-45367.33904999994,-46039.73870281494,-0.8110578932827894,stop_loss,18,-0.8110578932827894,343.00492726499994,329.39472555
ULTA,2022-12-01,470.94046999999995,2022-12-19,453.21633,4856,447.49149536788406,11.724487316057955,23.448974632115892,-86068.42383999961,-87414.73546623961,-0.7558599161826379,stop_loss,18,-0.7558599161826379,686.066076696,660.245549544
LLY,2022-12-01,365.16160184305386,2022-12-19,347.92128089281385,6263,347.17449842323657,8.993551709908656,17.987103419817288,-107976.13011135315,-109315.94153972557,-0.9584823385874062,stop_loss,18,-0.9584823385874062,686.1021337029139,653.709294669508
SBUX,2022-12-01,94.063537476128,2022-12-20,90.07764097561677,24314,89.52108348178852,2.2712269971697383,4.542453994339482,-96913.08751343007,-98256.2500972928,-0.8774764709732233,trailing_stop,19,-0.8774764709732233,686.1182550583728,657.0443288043439
GIS,2022-12-01,74.14193834655642,2022-12-21,72.82191577407204,30848,71.33576120769042,1.4030885694329969,2.8061771388659906,-40720.05631599804,-42080.11860757198,-0.470398876179931,trailing_stop,20,-0.470398876179931,686.1391542343717,673.9231373395722
MRNA,2022-12-14,195.27508,2022-12-28,179.82,11501,174.59550152257242,10.33978923871379,20.679578477427583,-177748.8750800001,-179043.0656345241,-0.7473595275101821,trailing_stop,14,-0.7473595275101821,673.757608524,620.4329459999999
BMRN,2022-12-01,100.81070999999999,2022-12-29,101.76813,22687,95.1149432360074,2.847883381996289,5.69576676399258,21720.9875400003,20342.2156970763,0.16809325937512362,trailing_stop,28,0.16809325937512362,686.127773331,692.644069593
COR,2022-12-01,165.81886964747304,2023-01-04,159.41933102934377,13792,158.23717549825062,3.7908470746112046,7.581694149222415,-88262.4366212389,-89608.14220035929,-0.8440776549639123,stop_loss,34,-0.8440776549639123,686.0921550533844,659.6134240670128
MRK,2022-12-01,98.89581146388751,2023-01-19,98.1583203718856,23126,95.26773440157196,1.814038531157776,3.6280770623155547,-17055.218993636347,-18422.341149486572,-0.203273271028931,trailing_stop,49,-0.203273271028931,686.1193607741588,681.002795076068
CMC,2023-01-12,54.01839342196003,2023-01-19,49.949105941428826,40459,50.79139419707168,1.6134996124441727,3.2269992248883455,-164639.3021748119,-165901.22849183492,-1.2610128472131874,stop_loss,7,-1.2610128472131874,655.6590538377242,606.2672631852806
PPL,2023-01-12,27.424252993702012,2023-01-20,25.87851597418659,79693,26.315017554228348,0.5546177197368329,1.1092354394736645,-123184.42029624246,-124458.77756644985,-1.3935157176810704,stop_loss,8,-1.3935157176810704,655.6562981481283,618.7009720592556
TKR,2023-01-17,73.92592729433207,2023-01-20,70.32694123300097,14872,70.53709797296075,1.6944146606856623,3.3888293213713183,-53524.120704116176,-54167.719302337726,-1.0620145542988704,stop_loss,3,-1.0620145542988704,329.82791721639194,313.7706810051571
JPM,2023-01-17,130.91811605943957,2023-01-20,125.09412861004925,8397,125.76232153335573,2.5778972630419186,5.155794526083838,-48904.02261253048,-49548.94305807739,-1.1296003787439555,stop_loss,3,-1.1296003787439555,329.79582616533423,315.12461938157503
INGR,2023-01-18,96.06428920893526,2023-01-20,94.36147022008372,22787,92.80160845439522,1.631340377270022,3.2626807545400425,-38802.136298960206,-40103.905832992925,-0.5219079391944992,stop_loss,2,-0.5219079391944992,656.7050874612023,645.0644465715143
CDW,2023-01-18,189.61535123082268,2023-01-26,184.11094796479014,5772,181.8363643645604,3.8894934331311326,7.778986866262272,-31771.41565153982,-32418.560111226947,-0.7075989920879443,stop_loss,8,-0.7075989920879443,328.33794219129254,318.80651749583063
SNX,2023-01-12,105.28714481861124,2023-01-27,97.85916502154487,20757,99.694317559008,2.7964136298016213,5.59282725960324,-154182.57664770665,-155447.58903371228,-1.3281260894142684,stop_loss,15,-1.3281260894142684,655.6335794999741,609.378806505662
RL,2023-01-24,119.05834389796647,2023-01-30,114.74958905926536,18290,112.5140109149112,3.2721664915276376,6.54433298305527,-78807.12599984322,-80090.03012797955,-0.6583948050714149,stop_loss,6,-0.6583948050714149,653.273132968142,629.6309951681891
NOV,2023-01-26,22.73481879529748,2023-02-03,21.18599160755737,47937,21.133443248221134,0.8006877735381718,1.6013755470763442,-74246.1288986976,-74877.7584651821,-0.9671854866073273,stop_loss,8,-0.9671854866073273,326.9517025770526,304.6778639074433
BMRN,2023-01-26,116.11599999999999,2023-02-07,111.91797,18771,110.79897332073536,2.6585133396323117,5.317026679264629,-78801.22112999979,-80085.34882526078,-0.7895446559204772,stop_loss,12,-0.7895446559204772,653.8840307999999,630.2436644609999
BEN,2023-02-03,27.996349588446122,2023-02-10,25.787916381981276,39771,26.37801768157712,0.8091659534345009,1.6183319068690025,-87831.5970543134,-88473.31326688637,-1.364635521978626,stop_loss,7,-1.364635521978626,334.03284584462716,307.68336672833317
CRH,2023-01-13,41.36730826068717,2023-02-13,42.96484579661205,26425,39.70233579123931,0.8324862347239286,1.6649724694478607,42214.92938681511,41546.38623552587,0.9594978687273203,trailing_stop,31,0.9594978687273203,327.93933623659757,340.60381505264206
VAL,2023-01-13,70.34026999999999,2023-02-22,65.98395,31082,64.78703696202375,2.776616518988118,5.553233037976241,-135403.13823999988,-136674.30706181188,-0.7844655483047341,trailing_stop,40,-0.7844655483047341,655.8948816419999,615.27394017
LVS,2023-01-27,55.607302119474426,2023-02-22,53.02382928724593,39316,52.637163725982425,1.4850691967459997,2.9701383934920003,-101571.81787189549,-102853.10034061148,-0.8698156415503245,stop_loss,26,-0.8698156415503245,655.8770070387769,625.4054616772082
STT,2023-01-24,77.57463061822723,2023-02-23,79.86200947669808,28072,73.62537805124975,1.974626283488736,3.949252566977478,64211.29931499356,62885.43090677014,0.5791928522367128,trailing_stop,30,0.5791928522367128,653.3025092144625,672.5658990089605
STLD,2023-01-27,114.75366302004102,2023-02-24,111.50280943840367,9526,106.88396317771956,3.9348499211607275,7.869699842321452,-30967.631218677336,-31614.22696566908,-0.41308482493258436,trailing_stop,28,-0.41308482493258436,327.9430181786733,318.65272881307004
EZU,2023-01-17,40.386649573435804,2023-02-27,40.20498554196171,27222,39.14895398020639,0.6188477966147055,1.237695593229411,-4945.25826478774,-5603.4179121211455,-0.14677601864937742,trailing_stop,41,-0.14677601864937742,329.8216124064209,328.33803492698445
AME,2023-02-07,142.867828729511,2023-02-27,139.0911639041711,7739,137.29149187265855,2.7881684284262156,5.576336856852436,-29227.60908330532,-29882.233276502942,-0.6772662631919295,stop_loss,20,-0.6772662631919295,331.69623796130566,322.92795523631406
CDW,2023-02-13,196.28523795749712,2023-03-02,190.54508598006456,5644,188.4632227962105,3.9110075806433096,7.822015161286629,-32397.417760629374,-33052.39886512045,-0.7338456726397311,trailing_stop,17,-0.7338456726397311,332.35016490963415,322.6309395814453
CHE,2023-02-27,526.7411862928938,2023-03-08,504.9508656916841,4190,505.3732863531286,10.68394996988258,21.367899939765152,-91301.44331906846,-92598.28022841307,-1.019768936705773,stop_loss,9,-1.019768936705773,662.1136711701674,634.7232381744468
ORI,2023-01-27,21.146356414754997,2023-03-09,20.290148437703643,103388,20.344273599680726,0.4010414075371358,0.8020828150742716,-88521.63033138547,-89806.84154049128,-1.0674807650280742,stop_loss,41,-1.0674807650280742,655.8838491026069,629.3273600031912
SGI,2023-01-12,37.8122122527853,2023-03-10,38.89125042706758,57799,35.69370817580857,1.0592520384883675,2.118504076976734,62367.3274353416,61037.31240351176,0.5093396732198651,trailing_stop,57,0.5093396732198651,655.6524167996213,674.3626150302237
FLR,2023-01-17,36.31628,2023-03-10,34.41555,60547,34.01754660846147,1.1493666957692648,2.2987333915385264,-115083.49930999975,-116368.27934330275,-0.8268596989091677,trailing_stop,52,-0.8268596989091677,659.652541548,625.127491755
MS,2023-01-18,86.6367132639391,2023-03-10,82.63273929187608,25267,82.45504165468572,2.090835804626696,4.181671609253385,-101168.41035211638,-102451.48972943472,-0.9575055973316637,trailing_stop,51,-0.9575055973316637,656.7149502119848,626.3644271063499
CXT,2023-01-25,39.16031187276827,2023-03-13,37.05918932138385,55694,37.290232501190886,0.935039685788692,1.8700793715773827,-117019.91937680394,-118293.41004665608,-1.1235472586450472,trailing_stop,47,-1.1235472586450472,654.2983228325868,619.1923470195457
URI,2023-01-27,416.9395619633872,2023-03-13,404.8949598107443,5243,394.10594246529246,11.416809749047365,22.83361949809472,-63149.849086306625,-64442.51260560516,-0.5274942132432358,trailing_stop,45,-0.5274942132432358,655.8042370122116,636.8592822863197
HXL,2023-01-27,65.48910970478936,2023-03-13,65.30106191680412,16692,61.96394278500335,1.7625834598930044,3.5251669197860096,-3138.8936770496375,-3793.838540461929,-0.05334436418592509,trailing_stop,45,-0.05334436418592509,327.9432657577032,327.00159765458824
AIT,2023-01-27,134.1529197584649,2023-03-13,132.80142620938514,8148,126.7347326424546,3.7090935580051463,7.418187116010287,-11011.96943790179,-11664.512641185602,-0.1821865002788741,trailing_stop,45,-0.1821865002788741,327.92339705759156,324.619806226221
NVT,2023-02-08,42.57193422933715,2023-03-13,41.350038390344004,26239,40.76177336693801,0.9050804311995707,1.8101608623991439,-32061.324919341227,-32721.933511211573,-0.6750205820789194,trailing_stop,33,-0.6750205820789194,335.11349467307326,325.4950971972709
MGM,2023-02-10,43.88384,2023-03-13,41.79816,25220,41.26995903864468,1.3069404806776619,2.6138809613553207,-52600.84959999991,-53249.11961199991,-0.7979246304003655,trailing_stop,31,-0.7979246304003655,332.02513344,316.24487856
EME,2023-02-24,164.64720605130884,2023-03-13,154.23773144858131,13449,156.7472368369265,3.9499846071911726,7.899969214382338,-139997.02393208252,-141283.62898941332,-1.3176601478112717,stop_loss,17,-1.3176601478112717,664.3020822552159,622.302975075591
FIX,2023-02-27,146.0330352498421,2023-03-13,136.58754042181653,7557,137.96507443609156,4.033980406875271,8.067960813750545,-71379.60441538926,-72020.33352249447,-1.170741287182164,stop_loss,14,-1.170741287182164,331.0714942149171,309.65761289030024
TDG,2023-01-12,577.786213616805,2023-03-14,612.6413816346394,3782,553.4678766833588,12.159168466723068,24.318336933446176,131822.24544344988,130471.58629387758,1.43328748644388,trailing_stop,61,1.43328748644388,655.5562379696269,695.1029116026618
TEX,2023-01-12,45.48594675445561,2023-03-14,50.530568202309425,48048,42.638134621711075,1.4239060663722674,2.8478121327445365,242383.97132648004,240999.95087328725,1.7714024706370413,trailing_stop,61,1.7714024706370413,655.652630897425,728.367822295369
PCAR,2023-01-25,65.80641181087115,2023-03-14,64.11852661202207,33142,62.81402588713726,1.4961929618669474,2.9923859237338917,-55939.891260256474,-57231.68295301993,-0.5640599982314276,trailing_stop,48,-0.5640599982314276,654.2868300707676,637.5048626926906
WYNN,2023-01-27,98.94962261657581,2023-03-14,104.1136229115705,11047,93.18810610041432,2.8807582580807436,5.7615165161614925,57046.711258806376,56373.73935680155,0.8962918496387677,trailing_stop,46,0.8962918496387677,327.9289443135939,345.04295769123576
ALV,2023-01-30,83.05652697453907,2023-03-14,83.80059870244709,26314,78.82903586265876,2.1137455559401563,4.227491111880312,19579.503448171687,18262.299926652424,0.17600787517139738,trailing_stop,43,0.17600787517139738,655.6648352424064,661.5386862768578
BWXT,2023-03-10,61.32880011724529,2023-03-14,59.93537890186473,35923,58.90873262537549,1.2100337459348975,2.420067491869794,-50055.87032011572,-51362.72225098677,-0.5757778326686129,stop_loss,4,-0.5757778326686129,660.9343459835409,645.9175848875061
JBL,2023-01-12,74.4427469024153,2023-03-16,79.37300727965355,14679,70.51013758730947,1.9663046575529137,3.9326093151058217,72371.29207748035,71693.93364078877,1.2536867972875634,trailing_stop,63,1.2536867972875634,327.8235245341662,349.5349121574103
GLD,2023-03-20,184.37418999999997,2023-03-22,180.2196,11745,179.92460778774696,2.2247911061265015,4.449582212253006,-48795.65954999949,-50080.305769064486,-0.9337033909743893,stop_loss,2,-0.9337033909743893,649.6424584649999,635.0037606000001
DKS,2023-03-08,136.40110490412638,2023-03-24,127.36570788559733,16400,129.07962840091955,3.660738251603422,7.3214765032068385,-148180.5111038765,-149478.24382280195,-1.2340949280615066,stop_loss,16,-1.2340949280615066,671.0934361283018,626.6392827971389
CHDN,2023-03-22,126.2043676588399,2023-03-24,119.79601985856992,17236,120.92305777988435,2.64065493947778,5.281309878955554,-110454.28268545336,-111726.30148922838,-1.213401210522665,stop_loss,2,-1.213401210522665,652.5775442903293,619.4412594846934
GLD,2023-03-24,185.79160599999997,2023-03-28,182.12769,11720,181.0297809782311,2.3809125108844484,4.761825021768885,-42941.09551999967,-44234.69976473567,-0.7694352445228929,stop_loss,4,-0.7694352445228929,653.2432866959998,640.36095804
SMCI,2023-03-23,11.411399999999999,2023-03-29,10.444544999999998,189885,10.312286884184534,0.5495565579077323,1.0991131158154648,-183591.26167500013,-184836.29650989763,-0.8796683308456947,stop_loss,6,-0.8796683308456947,650.0561067,594.9787281974999
CLH,2023-04-03,141.9418,2023-04-06,134.82504,15500,134.7704846909262,3.5856576545368952,7.171315309073805,-110309.77999999998,-111596.74580599999,-0.9923925658372911,stop_loss,3,-0.9923925658372911,660.02937,626.9364360000001
WDAY,2023-03-30,200.2,2023-04-10,194.98482,10796,189.25548569534132,5.472257152329333,10.944514304658668,-56303.08327999973,-57583.00787501573,-0.47651086698110207,stop_loss,11,-0.47651086698110207,648.4077599999999,631.5168350160001
MNST,2023-04-03,54.269214999999996,2023-04-10,52.22772,40542,52.32454292739197,0.9723360363040155,1.9446720726080287,-82766.2902899999,-84061.5699116309,-1.0497888197993805,stop_loss,7,-1.0497888197993805,660.054754359,635.224867272
FIVE,2023-04-11,217.21699999999998,2023-04-17,205.794,9979,206.223472852407,5.4967635737964855,10.993527147592971,-113990.11699999974,-115256.48503069974,-1.0390659746086164,stop_loss,6,-1.0390659746086164,650.2825329,616.0854978
OLED,2023-03-31,147.36333723231988,2023-04-18,137.57466885655856,14737,139.05562630291075,4.153855464704564,8.307710929409126,-144255.60585359455,-145515.3452723141,-1.1782629967431382,stop_loss,18,-1.1782629967431382,651.5080502378094,608.231368481731
DUOL,2023-04-03,142.19205,2023-04-18,137.38248000000002,15473,131.02572674947035,5.583161625264817,11.166323250529643,-74418.47660999968,-75716.23362080668,-0.4307210074517457,stop_loss,15,-0.4307210074517457,660.041276895,637.715733912
ANET,2023-03-09,37.234697499999996,2023-04-20,38.731230000000004,60338,35.07397382734908,1.0803618363254597,2.160723672650917,90297.77798500047,88922.68834495197,0.6926070737050628,trailing_stop,42,0.6926070737050628,674.0001533264998,701.0894867220001
RGLD,2023-04-06,131.3301357109431,2023-04-21,124.90961008566526,16455,124.61354529789527,3.3582952065239127,6.716590413047825,-105649.74916394673,-106914.67666907169,-0.9559203748385715,trailing_stop,15,-0.9559203748385715,648.3112149370705,616.6162901878865
LMT,2023-04-19,460.497085776256,2023-04-24,441.62421247763683,4763,445.39148052366215,7.5528026262968995,15.105605252593818,-89891.49552132297,-91180.53664439796,-1.2493953723157458,stop_loss,5,-1.2493953723157458,658.0042858656923,631.0368372092952
ALGM,2023-01-27,35.46543,2023-04-26,38.92104,30822,33.0404374086828,1.2124962956586007,2.4249925913171992,106508.81142,105820.989486498,1.4249981679832653,trailing_stop,89,1.4249981679832653,327.93464503800004,359.887288464
CDNS,2023-03-17,206.98677999999998,2023-04-26,203.6961,5232,197.1476919310286,4.919544034485691,9.839088068971392,-17216.837759999897,-17861.445608447895,-0.3344496946193102,stop_loss,40,-0.3344496946193102,324.88644988799996,319.72139856
REGN,2023-03-24,799.3780244169393,2023-04-26,774.7110704217661,2724,762.1548607638255,18.611581826556897,37.22316365311383,-67192.78268285187,-68479.12829115406,-0.6626775258827245,trailing_stop,33,-0.6626775258827245,653.2517215535228,633.0938867486673
RMBS,2023-03-30,47.832784999999994,2023-04-26,45.004949999999994,45186,44.533086829175716,1.6498490854121397,3.2996981708242785,-127778.55231000001,-129037.04207811302,-0.8569980809164722,stop_loss,27,-0.8569980809164722,648.411666903,610.0781012099999
BRKR,2023-03-30,77.27891539671673,2023-04-26,75.72224811542449,27968,73.10771697482615,2.0855992109452908,4.17119842189058,-43536.87052318123,-44820.611485513495,-0.3731942535082475,trailing_stop,27,-0.3731942535082475,648.4010117446121,635.3399505876577
FHI,2023-04-19,38.57278257478608,2023-04-27,36.67591668539902,56868,36.77517427406717,0.8988041503594578,1.7976083007189132,-107870.96939766363,-109154.7423065221,-1.0552164721471615,stop_loss,8,-1.0552164721471615,658.0670998388805,625.7058090195815
ENSG,2023-04-26,100.56264241094104,2023-04-28,95.16579857510892,21027,96.73583780664535,1.9134023021478452,3.8268046042956883,-113479.43533604189,-114714.109914626,-1.4102742088723361,stop_loss,2,-1.4102742088723361,634.3592045924571,600.3153739916446
RLI,2023-04-21,63.96842808396796,2023-05-01,60.96570033020968,33982,60.66304490190353,1.6526915910322137,3.305383182064425,-102038.69452821383,-103312.347993745,-0.908435599857709,stop_loss,10,-0.908435599857709,652.1325369448198,621.5209285863556
SYK,2023-04-20,290.45274872851314,2023-05-03,287.19354229382776,3764,280.7824250492151,4.835161839649028,9.670323679298065,-12267.653020155776,-12919.931211978203,-0.3370317832962088,stop_loss,13,-0.3370317832962088,327.97924386423705,324.2989479581903
PPG,2023-04-04,130.25431002833827,2023-05-05,126.89211005318813,16875,123.70868941996409,3.272810304187088,6.545620608374179,-56737.1245806585,-58038.92833232123,-0.5136564088130441,trailing_stop,31,-0.5136564088130441,659.4124445184625,642.3913071442648
PG,2023-04-24,143.77470999793056,2023-05-23,137.54346968253955,15067,139.83969854296814,1.9675057274812118,3.935011454962421,-93886.09783199627,-95157.68413596996,-1.5835380371085892,stop_loss,29,-1.5835380371085892,649.8760666616458,621.710237312047
KMB,2023-04-26,126.22981168717,2023-05-23,123.23647779571974,8375,122.78230882592449,1.7237514306227566,3.4475028612455105,-25069.17134089595,-25695.955393221713,-0.868261466900954,trailing_stop,27,-0.868261466900954,317.15240186401456,309.63165046174583
NVR,2023-03-20,5502.577079999999,2023-05-24,5603.391,393,5247.93166613696,127.32270693151945,254.6454138630388,39619.8705600002,38310.476923368195,0.3958992171530854,trailing_stop,65,0.3958992171530854,648.7538377319999,660.6397989
ISRG,2023-04-20,299.25895999999995,2023-05-24,299.70999,7307,285.1337972712983,7.062581364350822,14.125162728701639,3295.6762100004366,1982.676374705437,0.031930959569307395,trailing_stop,34,0.031930959569307395,656.0055662159999,656.994269079
PHM,2023-04-26,63.27806987355943,2023-05-24,64.40081493416562,16708,60.520255453671645,1.3789072099438928,2.7578144198877865,18758.82447260826,18118.846830398015,0.4071140728359365,trailing_stop,28,0.4071140728359365,317.1749974342293,322.8026447760118
CHDN,2023-04-28,142.4208757989977,2023-05-24,136.4647111097457,15051,135.819565898387,3.300654950305355,6.601309900610715,-89646.23473793194,-90905.48682850099,-0.9022701219800294,trailing_stop,26,-0.9022701219800294,643.0729804952143,616.1791100738349
FISV,2023-04-26,119.53941999999999,2023-05-26,112.56732000000001,17689,115.17864637129529,2.1803868143523517,4.360773628704706,-123329.4768999997,-124561.19773715771,-1.5988218131999041,stop_loss,30,-1.5988218131999041,634.359840114,597.360997044
MDLZ,2023-05-01,70.44628562974343,2023-05-26,68.91816637631979,30573,68.33742389864956,1.0544308655469354,2.1088617310938673,-46719.189934920934,-47997.42675227534,-0.7246180396241548,trailing_stop,25,-0.7246180396241548,646.1262871674437,632.1105301869675
HSY,2023-03-27,227.3992211934662,2023-05-30,234.11608094426362,9546,220.6822451629234,3.3584880152713907,6.7169760305427815,64119.143181112224,62797.455658850195,0.999982688676448,trailing_stop,64,0.999982688676448,651.2258896538485,670.4616326081822
BSX,2023-04-03,50.029979999999995,2023-05-30,51.16878,43977,48.438373767526684,0.795803116236657,1.5916062324733105,50081.00760000015,48745.882239444145,0.7155036068376918,trailing_stop,57,0.7155036068376918,660.0505291379999,675.074831418
LNTH,2023-05-05,96.28618999999999,2023-05-30,90.95895,22209,90.05090596198214,3.1176420190089233,6.235284038017852,-118312.67315999976,-119560.23135427776,-0.8543700603723382,stop_loss,25,-0.8543700603723382,641.5259981129998,606.032196165
SOXX,2023-05-30,163.71283554963355,2023-06-01,156.41004653009728,6860,156.27553498422193,3.7186502827058048,7.437300565411618,-50097.13267401886,-50755.945565338945,-0.9819139290267616,stop_loss,2,-0.9819139290267616,336.92101556114585,321.8918757589402
MU,2023-05-30,73.50122103342477,2023-06-01,67.98480814569307,30562,68.88913507070649,2.306042981359143,4.612085962718282,-168592.61067485635,-169889.839481988,-1.196077638691805,stop_loss,2,-1.196077638691805,673.9032951670583,623.3255119646014
KLAC,2023-05-30,45.66654904687195,2023-06-01,43.3920647756632,24595,43.21363940493061,1.2264548209706707,2.452909641941339,-55940.94065037918,-56598.05963246876,-0.9272597050939974,stop_loss,2,-0.9272597050939974,336.95063214234466,320.1683499472309
AVGO,2023-05-24,65.55518405181867,2023-06-02,75.90836049372784,32960,62.98541666266263,1.2848836945780218,2.5697673891560413,341240.69552532624,339841.9039968599,4.028837974050773,trailing_stop,9,4.028837974050773,648.209659904383,750.5818685619809
CMG,2023-04-27,40.558518,2023-06-08,40.2449148,51802,38.8285160821699,0.8650009589150514,1.7300019178301014,-16245.272966400147,-17501.00679417183,-0.1812733250569731,trailing_stop,42,-0.1812733250569731,630.3037048308,625.4301229408799
WDAY,2023-05-30,217.58737,2023-06-08,202.93686,10324,205.9442160975437,5.821576951228156,11.643153902456305,-151251.86523999996,-152554.31288515596,-1.2582939401762303,stop_loss,9,-1.2582939401762303,673.9116023639999,628.536042792
MLI,2023-06-08,41.30510295620102,2023-06-15,38.8795087325987,54109,39.111379295403225,1.0968618303988984,2.1937236607977937,-131246.4778448978,-132548.09059105857,-1.1056972520961,stop_loss,7,-1.1056972520961,670.4933447571242,631.1194014036549
RMBS,2023-05-26,64.064,2023-06-16,61.27866,34477,59.50996299428104,2.277018502859478,4.554037005718953,-96030.16717999968,-97326.59884664569,-0.6116199750907084,stop_loss,21,-0.6116199750907084,662.6203584,633.8113082460001
SMCI,2023-05-26,21.015994999999997,2023-06-21,22.0779,105099,19.127368075704695,0.9443134621476503,1.888626924295302,111605.15359500032,110246.41601381882,0.56226297864319,trailing_stop,26,0.56226297864319,662.6280175514999,696.10956363
SNPS,2023-05-26,434.73429999999996,2023-06-21,434.49507,2540,413.7881580399627,10.473070980018628,20.946141960037266,-607.6441999999076,-1269.9969799399075,-0.011421196345197405,trailing_stop,26,-0.011421196345197405,331.26753659999997,331.08524334
AMD,2023-05-26,122.58245999999998,2023-06-22,112.12776,18018,113.59078466486321,4.4958376675683915,8.991675335136776,-188372.78459999978,-189641.48722318778,-1.1627087956730544,stop_loss,27,-1.1627087956730544,662.6072292839999,606.0953939039999
INTC,2023-06-15,34.603927026408435,2023-06-22,31.99949631202458,66646,32.34640996532578,1.1287585305413275,2.257517061082652,-173574.88939082646,-174906.54491637045,-1.1536704458547182,stop_loss,7,-1.1536704458547182,691.863996180605,639.7915293633571
EWJ,2023-06-05,56.93680199261501,2023-06-26,56.06480660243958,39485,55.76983910003194,0.5834814462915364,1.1669628925830722,-34430.737981076774,-35769.29853568949,-0.7472348912871312,trailing_stop,21,-0.7472348912871312,674.444888003521,664.1156666091981
JBL,2023-06-16,105.39642523296845,2023-06-27,100.98635154670603,21958,100.7301975808081,2.333113826080179,4.666227652160359,-96836.39800295026,-98195.92390670869,-0.9451047002005263,stop_loss,11,-0.9451047002005263,694.2884115796564,665.2374921787713
BRBR,2023-03-28,33.283249999999995,2023-07-07,35.184779999999996,65064,31.425474120485017,0.9288879397574886,1.8577758795149784,123721.14792000006,122384.70674882406,1.0235518831778814,trailing_stop,101,1.0235518831778814,649.6624133999999,686.778757776
KBH,2023-06-22,49.335037608566545,2023-07-07,46.14726877371594,23096,47.107084894049805,1.113976357258371,2.2279527145167393,-73624.70900970949,-74286.28681417105,-1.4308063246046288,stop_loss,15,-1.4308063246046288,341.8326085822359,319.74519587932303
DHI,2023-06-26,117.04425628778426,2023-07-07,111.03528762151919,9624,112.34224600796921,2.3510051399075285,4.702010279815056,-57830.314444135096,-58488.82570331004,-1.2779573647596165,stop_loss,11,-1.2779573647596165,337.9301767540907,320.5810824208502
ELF,2023-05-26,103.43332999999998,2023-07-25,109.56033000000001,10677,96.40155334194577,3.515888329027109,7.031776658054213,65417.979000000254,64735.73900765425,0.8713302907569092,trailing_stop,60,0.8713302907569092,331.30729932299994,350.932693023
MANH,2023-04-27,165.84568,2023-07-27,189.67014,12668,157.4627481009601,4.191465949519942,8.382931899039875,301808.25928000023,300457.1569576722,2.8420199861970383,trailing_stop,91,2.8420199861970383,630.279922272,720.822400056
CSGP,2023-06-22,87.43734999999998,2023-07-27,84.44547,26063,83.99579424432443,1.720777877837778,3.4415557556755516,-77977.3684399995,-79321.3030212975,-0.869339395436497,stop_loss,35,-0.869339395436497,683.6638959149998,660.270685383
KBR,2023-06-05,59.330493473631044,2023-07-28,59.96399607992625,37892,57.201607130928764,1.0644431713511397,2.1288863427022804,24004.680757737813,22648.588718288796,0.2975746490491702,trailing_stop,53,0.2975746490491702,674.4453176108482,681.6467218381696
VICR,2023-07-27,95.333238,2023-08-02,84.85506,24487,87.85464661734643,3.739295691326783,7.478591382653562,-256579.14468599999,-257902.8259419378,-1.4010897860129004,stop_loss,6,-1.4010897860129004,700.3274996718001,623.3537562659999
LFUS,2023-06-21,268.4413189428717,2023-08-03,253.83628476359263,8527,255.81282592958198,6.314246506644862,12.628493013289727,-124537.12644671266,-125873.16478475416,-1.1565144125992952,stop_loss,43,-1.1565144125992952,686.69973798776,649.3386000537463
BWA,2023-07-07,43.266494372151385,2023-08-03,40.62592447597335,52521,41.06423868238212,1.1011278448846322,2.2022556897692667,-138685.3715171666,-140007.20563626333,-1.1990296623797994,trailing_stop,27,-1.1990296623797994,681.7198652759289,640.1142538207789
GRMN,2023-07-07,102.2758615362174,2023-08-03,101.66284794933257,22218,98.9510805602902,1.662390487963607,3.3247809759272116,-13619.935873407214,-14979.268947612198,-0.18437713380920562,stop_loss,27,-0.18437713380920562,681.7095274835035,677.6235467214814
RCL,2023-07-28,108.02702609565404,2023-08-03,101.59504731918408,21634,102.17053748926843,2.9282443031928054,5.856488606385611,-139149.42885015113,-140509.91803102812,-1.0982653956599293,stop_loss,6,-1.0982653956599293,701.1170047660138,659.3721761109684
PHM,2023-07-26,82.62379910643291,2023-08-04,80.36570682314054,14251,78.84007358217673,1.8918627621280941,3.783725524256184,-32180.073129199573,-32876.90216390028,-0.5967907208957164,stop_loss,9,-0.5967907208957164,353.24152831973265,343.58750638097274
PANW,2023-05-25,103.23563249999998,2023-08-07,109.425465,20921,97.82543382697406,2.705099336512955,5.410198673025917,129497.48573250047,128162.76088626123,1.144104472699162,trailing_stop,74,1.144104472699162,647.9378002597498,686.7870459795
MTZ,2023-06-08,109.25914999999999,2023-08-07,97.91199,10227,102.78865986168542,3.235245069157287,6.470490138314574,-116047.40531999987,-116683.02709463387,-1.7536785865430102,stop_loss,60,-1.7536785865430102,335.217998115,300.403776519
CAT,2023-08-02,276.65165793617126,2023-08-07,265.8993195850998,8528,264.92696015595635,5.86234889010745,11.72469778021491,-91695.94145793727,-93084.00387882769,-0.917067420638825,stop_loss,5,-0.917067420638825,707.7856016639006,680.2768192265194
UNP,2023-07-27,220.43180302572713,2023-08-09,212.32975608115242,5295,212.07619121393932,4.1778059058939,8.35561181178781,-42900.33857152309,-43587.780308164365,-0.9696533452098169,stop_loss,13,-0.9696533452098169,350.15591910636755,337.2858175349106
BSY,2023-04-03,41.91020531048496,2023-08-10,47.370256208322296,26249,39.70400180936434,1.1031017505603113,2.206203501120619,143320.8760173322,142617.81916701005,2.47486276540852,trailing_stop,129,2.47486276540852,330.030293758476,373.02655656367557
NVR,2023-06-26,6190.183999999999,2023-08-11,6072.38154,363,5973.687012819311,108.24849359034415,216.49698718068794,-42762.29297999963,-44097.68636730563,-0.544129789213562,trailing_stop,46,-0.544129789213562,674.1110376,661.282349706
ITT,2023-08-04,99.53677294509481,2023-08-11,95.54897110251393,11444,95.90711211300692,1.8148304160439477,3.629660832087893,-45636.40428649558,-46306.17266295983,-1.0986706546592047,stop_loss,7,-1.0986706546592047,341.7296488750995,328.0387275891508
NVDA,2023-02-24,23.197244763304262,2023-08-14,40.36806253623458,95461,21.08391151203127,1.056666625636495,2.1133332512729908,1639143.4354217013,1637323.033081665,8.124992952525249,trailing_stop,171,8.124992952525249,664.3296547049364,1156.0726853314468
SMH,2023-05-26,140.04914566082735,2023-08-14,143.37716792077816,7885,133.90837795160255,3.0703838546124014,6.140767709224804,26241.455519712166,25571.010574934877,0.5419554064797764,trailing_stop,80,0.5419554064797764,331.2862540606871,339.1586907166007
IWF,2023-06-05,65.10987564260316,2023-08-14,67.22520497348334,17264,63.51154345667863,0.7991660929622618,1.5983321859245265,36519.04556831554,35833.6557187887,1.3234603854621199,trailing_stop,70,1.3234603854621199,337.2170679281703,348.172781598665
LRCX,2023-07-28,69.28418912463565,2023-08-14,63.373958839069545,16865,65.3668074992154,1.9586908127101221,3.917381625420248,-99676.03376607229,-100347.21766569465,-1.508719560844947,stop_loss,17,-1.508719560844947,350.54335487609404,320.6405447462724
ESNT,2023-08-07,50.092831059678616,2023-08-17,47.61794927452567,44974,48.31657272640793,0.8881291666353454,1.7762583332706896,-111305.33340546855,-112623.6667958937,-1.3933118504197837,stop_loss,10,-1.3933118504197837,675.8624952233957,642.4708952017553
TMHC,2023-05-10,44.044,2023-08-18,44.865089999999995,24609,41.84168683091912,1.1011565845404374,2.202313169080874,20206.20380999995,19549.81467125695,0.37283071795946104,trailing_stop,100,0.37283071795946104,325.16363879999994,331.225499943
NVT,2023-06-27,48.02420558470912,2023-08-18,49.68531139840986,46669,45.6644447127015,1.17988043600381,2.3597608720076195,77522.14721959966,76154.1455851741,0.70392972161095,trailing_stop,52,0.70392972161095,672.3724951298371,695.629139295717
ELF,2023-08-03,133.33319999999998,2023-08-18,116.01387,17184,124.14845246008163,4.592373769959172,9.184747539918348,-297615.36671999964,-298900.8007352636,-1.8856620636253163,stop_loss,15,-1.8856620636253163,687.35931264,598.074702624
FLS,2023-08-03,37.31438861481425,2023-08-18,35.59661953412562,30701,35.70282910687686,0.8057797539686927,1.6115595079373861,-52737.22854622151,-53408.76080457569,-1.0659048407633276,trailing_stop,15,-1.0659048407633276,343.67671345902363,327.8555448951572
BWXT,2023-08-07,72.20239455515079,2023-08-18,68.98654304631445,31202,69.50457515913799,1.3489096980064001,2.697819396012804,-100340.9987787114,-101662.61194802367,-1.1920188258669762,stop_loss,11,-1.1920188258669762,675.8577344729446,645.7554348393311
AIT,2023-08-11,147.9942383774789,2023-08-18,139.68987252496893,7515,141.20199139509523,3.396123491191832,6.792246982383659,-62407.30938161235,-63055.89320964192,-1.2226242470346154,stop_loss,7,-1.2226242470346154,333.65301042202617,314.93081760754245
URI,2023-08-08,467.4952460354149,2023-08-21,442.95324208221814,2436,439.31052698501327,14.0923595252008,28.18471905040161,-59784.32162998726,-60449.67738510363,-0.8707556711602926,stop_loss,13,-0.8707556711602926,341.64552580268116,323.71022931368503
OLLI,2023-08-15,76.076,2023-08-21,73.24668,29417,72.23383323879638,1.9210833806018055,3.8421667612036146,-83230.10643999987,-84547.89402326787,-0.7363865693100916,stop_loss,6,-0.7363865693100916,671.3783076,646.4092756680001
TOL,2023-06-05,69.12485411423542,2023-08-22,73.63964573406098,16261,65.88593147988693,1.6194613171742418,3.2389226343484836,73415.02652998341,72718.57847037347,1.3939177095329784,trailing_stop,78,1.3939177095329784,337.2117758254746,359.23628378446966
AFL,2023-08-03,71.86467721764866,2023-08-22,69.7387742692084,31882,69.55395789778372,1.1553596599324742,2.310719319864944,-67778.03780217224,-69132.41817426344,-0.9200178187649852,stop_loss,19,-0.9200178187649852,687.3568917159224,667.0234803752708
NWSA,2023-08-15,20.860114717054238,2023-08-22,20.067255479779334,107284,19.986135553671886,0.4369895816911763,0.8739791633823515,-85061.11041180076,-86378.36600705989,-0.9071832264358468,stop_loss,7,-0.9071832264358468,671.3869641913341,645.8686310677938
REGN,2023-08-22,836.395368371092,2023-09-07,813.7850403959467,2577,802.9410219084441,16.72717323132397,33.45434646264789,-58266.81519194946,-59542.56966596726,-0.6758562149880872,stop_loss,16,-0.6758562149880872,646.6172592876912,629.1372147301064
FN,2023-08-23,153.81365999999997,2023-09-13,148.53132,14004,143.5520789773137,5.130790511343134,10.261581022686272,-73973.88935999967,-75244.10108997567,-0.5147686295437122,trailing_stop,21,-0.5147686295437122,646.2019483919998,624.009781584
ROST,2023-08-24,118.00386558697554,2023-09-14,113.69004865333999,18506,113.51468673840922,2.244589424283154,4.489178848566311,-79831.49617385949,-81117.81444693886,-0.9609367501616102,stop_loss,21,-0.9609367501616102,655.1338609657709,631.1844121136129
PR,2023-08-22,11.952604466244587,2023-09-15,12.231844653352574,180352,11.140784194654149,0.4059101357952189,0.8118202715904381,50361.526225299756,49053.01209501448,0.34396799005884354,trailing_stop,24,0.34396799005884354,646.7028362088431,661.811294076433
HAS,2023-08-28,62.206226301052794,2023-09-15,59.90471585726285,34825,59.106324287939024,1.5499510065568856,3.09990201311377,-80150.10120498479,-81425.8552731838,-0.7424461915420796,trailing_stop,18,-0.7424461915420796,649.8995492802492,625.8545189187536
CSCO,2023-08-18,50.69730277225717,2023-09-18,51.87410744752162,42185,49.051882969061026,0.8227099015980714,1.6454198031961411,49643.5052260308,48345.412743994384,0.7152002625582653,trailing_stop,31,0.7152002625582653,641.5997152343007,656.4927668021098
MTSI,2023-08-23,77.58751,2023-09-18,77.32260000000001,27763,72.92550465741049,2.3310026712947547,4.662005342589509,-7354.696329999617,-8644.927145178617,-0.056823186704638574,trailing_stop,26,-0.056823186704638574,646.2186120389999,644.0122031400001
APP,2023-08-11,37.2372,2023-09-20,39.63033,59741,34.14957018905811,1.543814905470946,3.087629810941891,142967.97932999997,141590.33639708097,0.7750702469315671,trailing_stop,40,0.7750702469315671,667.37626956,710.266663359
CELH,2023-08-10,58.455063333299535,2023-09-21,59.35392,38205,53.68484411870492,2.3851096072973044,4.770219214594611,34340.81895129137,32990.55128881675,0.18843089306051009,trailing_stop,42,0.18843089306051009,669.9827083946126,680.28495408
ANF,2023-08-24,51.2512,2023-09-21,49.99995,42610,47.81014384230139,1.7205280788493027,3.441056157698604,-53315.76249999995,-54610.055950449954,-0.3636238243890914,trailing_stop,28,-0.3636238243890914,655.1440895999999,639.14936085
PWR,2023-02-24,157.6680403135319,2023-09-22,185.5988772814601,7022,148.65130951595398,4.508365398788952,9.016730797577907,196130.33718879183,195407.21110018622,3.097667834935367,trailing_stop,210,3.097667834935367,332.1434937244863,390.98259488112376
CXT,2023-04-10,42.12379746809744,2023-09-22,54.62145621448174,51190,39.47174759089594,1.3260249386007534,2.652049877201506,639755.1512274122,638269.4343666089,4.71245237648851,trailing_stop,165,4.71245237648851,646.8951577175725,838.821703085796
TJX,2023-08-17,86.02877612595051,2023-09-22,85.90509217199552,25470,83.42673139222656,1.3010223668619778,2.6020447337239574,-3150.2303072337168,-4463.976994898323,-0.04753336956585774,trailing_stop,36,-0.04753336956585774,657.345878378388,656.4008092862177
EVR,2023-09-15,137.65511615957365,2023-09-22,133.41200795657247,16074,131.69121156179122,2.9819522988912195,5.963904597782431,-68203.72125504105,-69510.86114095393,-0.711464801864689,stop_loss,7,-0.711464801864689,663.800501144696,643.3393847681838
KKR,2023-09-18,63.262848731139705,2023-09-22,60.9390341636852,34585,60.73642117463049,1.2632137782546058,2.526427556509212,-80369.12681541406,-81657.7834513893,-0.9198025731896865,stop_loss,4,-0.9198025731896865,656.38368700994,632.2729489653158
VRT,2023-08-03,34.019954433181816,2023-09-27,35.80390881426139,67349,31.59696190287083,1.211496265155492,2.422992530310985,120147.54361132826,118736.77340157266,0.7362607844484805,trailing_stop,55,0.7362607844484805,687.3629733361086,723.4072364195072
CHTR,2023-09-19,450.46000999999995,2023-09-27,428.30127000000005,4872,429.8725704289634,10.293719785518283,20.587439571036555,-107957.38127999956,-109241.77876684756,-1.0763232563982332,stop_loss,8,-1.0763232563982332,658.392350616,626.0051362320002
IBM,2023-09-21,136.9148790585848,2023-09-27,131.75341513303184,15763,133.53242060917339,1.6912292247057148,3.3824584494114163,-81360.15585849139,-82630.66135489412,-1.5259504300640012,stop_loss,6,-1.5259504300640012,647.4567715801418,623.0487248225942
ADBE,2023-06-12,464.16870499999993,2023-09-28,499.5,2441,438.0896302049879,13.039537397506024,26.079074795012048,86243.69109500016,85537.99650232865,1.3547756305663736,trailing_stop,108,1.3547756305663736,339.9107426715,365.78385
AJG,2023-09-20,229.89372716362024,2023-09-28,224.8217721067866,9497,223.5445763892094,3.1745753872054294,6.349150774410845,-48168.35717474912,-49463.887103720444,-0.7988399137212623,stop_loss,8,-0.7988399137212623,654.9902180618705,640.5397109094457
ROIV,2023-09-28,13.213199999999997,2023-10-02,11.548440000000001,159665,11.978907066065203,0.6171464669673971,1.2342929339347943,-265803.90539999935,-266989.9755751793,-1.3487559996741765,stop_loss,4,-1.3487559996741765,632.9056733999997,553.16450178
AVAV,2023-09-07,116.61649999999999,2023-10-03,108.5913,19124,108.78973117727192,3.913384411364033,7.82676882272807,-153473.9247999997,-154765.9869901597,-1.025352885943902,stop_loss,26,-1.025352885943902,669.0521838,623.01000636
XOM,2023-09-28,109.5391877767646,2023-10-03,105.18368640122945,19259,105.47342486294849,2.032881456908055,4.0657629138161155,-83882.60099143155,-85123.20534156974,-1.0712629998012086,stop_loss,5,-1.0712629998012086,632.8845652178129,607.7197849203834
GE,2023-01-12,61.17820846238794,2023-10-04,84.8455981761042,35724,58.20685210587754,1.4856781782552013,2.9713563565104053,845493.8301327997,843928.8637922937,7.9651805014432915,trailing_stop,265,7.9651805014432915,655.6590957331041,909.307244772944
CASY,2023-09-13,264.9102957598136,2023-10-04,266.0274702913528,8318,254.6358343224971,5.1372307186582615,10.274461437316518,9292.657753343114,7967.755651939034,0.1087331475576582,trailing_stop,21,0.1087331475576582,661.0571520390388,663.8449493650418
CRS,2023-09-14,68.19617416902531,2023-10-04,63.39154824487516,32133,64.26794126824042,1.964116450392447,3.9282329007848915,-154387.04482071684,-155655.5373060146,-1.2231010852717388,stop_loss,20,-1.2231010852717388,657.4042993719871,611.088185925772
HQY,2023-09-28,75.66559,2023-10-05,72.26766,27881,71.09879084902852,2.2833995754857397,4.566799150971477,-94737.68632999966,-95975.04441297468,-0.7440506769992633,stop_loss,7,-0.7440506769992633,632.889694437,604.4683885380001
AKAM,2023-09-21,107.76765999999998,2023-10-09,105.0948,20027,104.44709021230886,1.6602848938455577,3.320569787691113,-53529.36721999943,-54808.26616592543,-0.8049401671688663,stop_loss,18,-0.8049401671688663,647.4788780459999,631.42006788
FN,2023-09-29,168.81865,2023-10-19,167.75207999999998,12503,159.3955405232098,4.711554738395088,9.423109476790188,-13335.32471000016,-14597.767861157161,-0.11318662938460529,trailing_stop,20,-0.11318662938460529,633.221874285,629.2212768719999
JBL,2023-09-29,126.39115765007213,2023-10-20,128.91057786252262,16700,119.74473174441525,3.323212952828443,6.6464259056568835,42074.317547923085,40795.25585300499,0.37906391317868504,trailing_stop,21,0.37906391317868504,633.2196998268614,645.8419950912382
LLY,2023-10-12,594.6092670774606,2023-10-20,578.2686380248363,3605,567.6946296103922,13.457318733534175,26.91463746706836,-58907.96773471063,-60176.435189078766,-0.6071279642023054,stop_loss,8,-0.6071279642023054,643.0699223442736,625.3975320238604
FAST,2023-10-13,28.427702146718488,2023-10-20,27.3848615962115,75017,27.418445975488645,0.5046280856149223,1.0092561712298433,-78230.76957738269,-79486.8369056737,-1.0332763675214585,stop_loss,7,-1.0332763675214585,639.7682795821144,616.2990487088994
ARES,2023-10-09,99.43815988672634,2023-10-23,93.6701554699685,21117,95.10536412307559,2.166397881825376,4.332795763650751,-121802.94926867516,-123026.30975729135,-1.3312430890806164,stop_loss,14,-1.3312430890806164,629.9506866984001,593.4098019177975
SNPS,2023-10-11,490.7702799999999,2023-10-23,465.534,4328,466.703793955988,12.033243022005967,24.066486044011924,-109222.6198399996,-110464.28531715162,-1.0486067618616488,stop_loss,12,-1.0486067618616488,637.2161315519999,604.4493456
CME,2023-10-11,191.71344036114962,2023-10-23,188.06371539666998,11081,186.46897252677613,2.6222339171867413,5.244467834373495,-40442.60233139895,-41705.09553028467,-0.6959190292975916,trailing_stop,12,-0.6959190292975916,637.3129897925697,625.18020909315
NTNX,2023-10-12,38.96892999999999,2023-10-23,35.734230000000004,55015,36.511384954309136,1.2287725228454272,2.457545045690857,-177957.02049999943,-179189.95880421944,-1.3162322317028623,stop_loss,11,-1.3162322317028623,643.1627051849998,589.775599035
QLYS,2023-10-09,159.93977999999998,2023-10-24,155.3445,13129,152.9837910634619,3.477994468269052,6.955988936538091,-60331.43111999966,-61573.24131363566,-0.6606220972926083,trailing_stop,15,-0.6606220972926083,629.954811486,611.85538215
AMGN,2023-10-12,261.30151707842685,2023-10-24,249.8652232602074,8204,251.74753184232566,4.7769926180506035,9.553985236101198,-93823.35448467251,-95081.43806599396,-1.1970181589778555,stop_loss,12,-1.1970181589778555,643.1152938334242,614.9682874880225
PSN,2023-10-12,58.05799999999999,2023-10-26,56.25369,36926,56.274277208916594,0.8918613955416983,1.7837227910833988,-66625.95105999977,-67892.27309948177,-1.011541708733839,stop_loss,14,-1.011541708733839,643.1549124,623.167127082
WSM,2023-09-26,74.66731015613962,2023-10-27,69.70635120994443,28584,70.5071882152859,2.0800609704268647,4.1601219408537276,-141804.05051804334,-143042.0835389898,-1.1925032527236734,stop_loss,31,-1.1925032527236734,640.2871180509285,597.7459028955155
CRWD,2023-10-09,176.67649999999998,2023-10-27,174.04578,11885,165.12902210872005,5.773738945639969,11.547477891279925,-31266.10719999962,-32516.607489339618,-0.22781771264412254,trailing_stop,18,-0.22781771264412254,629.9400607499999,620.5602285900001
SBRA,2023-09-21,11.414718695135326,2023-10-30,11.136930639174652,189079,10.926105167344527,0.24430676389539913,0.4886135277907986,-52523.8878329882,-53803.100824332796,-0.5685230558733311,stop_loss,39,-0.5685230558733311,647.4850788472477,631.7279124973512
FANG,2023-10-13,149.44177605282138,2023-10-30,144.20324466600212,14270,142.75480024538652,3.343487903717437,6.686975807434862,-74753.84288991085,-76010.93722360814,-0.7833932016016628,stop_loss,17,-0.7833932016016628,639.7602432821283,617.3340904151551
ACGL,2023-11-02,85.36834248282717,2023-11-03,82.11971218673933,24068,81.62920716688377,1.8695676579716998,3.7391353159434004,-78188.0339662421,-79397.36471617823,-0.8688185961700601,stop_loss,1,-0.8688185961700601,616.3935800630054,592.9371698731327
CI,2023-11-03,301.76813848368073,2023-11-07,291.6859566070844,6784,290.70083753040893,5.533650476635893,11.067300953271797,-68397.52185082955,-69605.31962515827,-0.9109883176725007,stop_loss,4,-0.9109883176725007,614.158515441987,593.6392588867382
TRGP,2023-11-03,85.4605394673875,2023-11-08,80.23543918870675,11978,81.48147967485552,1.9895298962659933,3.9790597925319844,-62586.2511380381,-63181.663067740905,-1.3131494752824215,stop_loss,5,-1.3131494752824215,307.0939025221103,288.31802718069883
CHRD,2023-11-03,148.2670328812459,2023-11-08,137.9882673971064,6904,141.28087761605775,3.4930776325940753,6.9861552651881595,-70964.5969024992,-71557.48888043572,-1.4713050446156484,stop_loss,5,-1.4713050446156484,307.0906785036365,285.80129943288676
NRG,2023-11-03,43.532725916862844,2023-11-22,43.41703879988506,47030,41.40117435400766,1.0657757814275948,2.1315515628551864,-5440.765111465066,-6667.539341853662,-0.05427366571551294,trailing_stop,19,-0.05427366571551294,614.2032299610179,612.5710004275783
AM,2023-11-02,11.002848734976165,2023-12-08,11.067670278327746,186742,10.584517376588469,0.20916567919384849,0.41833135838769664,12104.904648560912,10868.456790086193,0.1549526279870854,trailing_stop,36,0.1549526279870854,616.4081935400758,620.0396649346441
AIZ,2023-11-02,158.1909359767199,2023-12-15,156.63816023606194,12988,151.61593734342065,3.2874993166496296,6.574998633299259,-20167.45131966582,-21394.1514101493,-0.23616365983620183,trailing_stop,43,-0.23616365983620183,616.3751629396914,610.3249275437918
CAH,2023-11-06,95.85516420359822,2023-12-15,98.11532675837404,21437,92.29760097261952,1.7787816154893505,3.557563230978701,48451.1046867292,47203.66106230367,0.6353119840835653,trailing_stop,39,0.6353119840835653,616.4541465097606,630.9894779157793
MSI,2023-11-07,298.30302304725586,2023-12-15,303.373147783071,6892,287.7865166880535,5.258253179601194,10.516506359202367,34943.29967923776,33699.274028428976,0.4821111272736074,trailing_stop,38,0.4821111272736074,616.7713304525063,627.2543203562776
LDOS,2023-11-03,101.01119137354922,2023-12-21,103.78699033988669,20268,96.92215071429109,2.0445203296290684,4.089040659258131,56259.89344972767,55014.638585637294,0.6788386806701674,trailing_stop,48,0.6788386806701674,614.1884480277287,631.0664160626469
LOPE,2023-11-06,137.23709999999997,2023-12-29,132.38748,14973,130.60814558971467,3.3144772051426457,6.628954410285303,-72613.36025999939,-73824.48691090138,-0.7315814380131235,stop_loss,53,-0.7315814380131235,616.4553294899998,594.6713214120001
VNO,2023-12-15,30.16870327197079,2024-01-02,27.281253582376664,36305,27.43398726016492,1.367358005902936,2.7347160118058724,-104828.8609807148,-105454.57718579393,-1.0558499226716407,stop_loss,18,-1.0558499226716407,328.58243168666985,297.1337733924554
CG,2023-12-15,38.92635393691025,2024-01-03,36.54258388841283,28137,36.968235746063975,0.9790590954231382,1.9581181908462781,-67072.13785457205,-67709.17870564939,-1.2173780212251561,stop_loss,19,-1.2173780212251561,328.5812462168532,308.45960486048153
PSN,2023-11-02,61.30123999999999,2024-01-04,61.82811,33518,59.008130898364925,1.1465545508175325,2.2931091016350678,17659.62866000032,16421.513794010316,0.22976229069272483,trailing_stop,63,0.22976229069272483,616.4084886959998,621.706377294
CHE,2023-11-03,575.1899970580159,2024-01-04,567.5043490643445,3559,552.615421521148,11.287287768433952,22.574575536867883,-27353.221209476545,-28573.275962831387,-0.3404559249018667,trailing_stop,62,-0.3404559249018667,614.1303598588437,605.9243934960006
QLYS,2023-11-06,169.97981,2024-01-04,186.23358,12088,160.8659581804054,4.5569259097972825,9.113851819594572,196475.57176000005,195183.79952250404,1.7834138980682976,trailing_stop,59,1.7834138980682976,616.4147829839999,675.357454512
BLD,2023-12-15,375.02464999999995,2024-01-04,352.05759,5841,355.4107498103259,9.806950094837022,19.61390018967404,-134150.5974599997,-135424.66366915172,-1.1709583396417615,stop_loss,20,-1.1709583396417615,657.1556941949999,616.9105149569999
TOL,2023-12-15,102.038058296181,2024-01-04,96.89724590472633,10733,97.20667582579017,2.4156912351954194,4.831382470390835,-55176.33939748301,-55816.891183479514,-1.0640458342845307,stop_loss,20,-1.0640458342845307,328.55234390787325,311.9994420886283
CTRE,2023-10-11,19.360833895122276,2024-01-05,19.969453044202755,54866,18.58953491246233,0.38564949132997284,0.7712989826599461,33392.49823344954,32745.129576485644,0.7890833033145714,trailing_stop,86,0.7890833033145714,318.67545374693367,328.69320321696847
GRMN,2023-11-02,109.74566209156508,2024-01-10,118.06475061804888,9361,105.57385587085139,2.0859031103568437,4.171806220713691,77874.98769641481,77235.2277144024,1.9941215114878008,trailing_stop,69,1.9941215114878008,308.1987428517422,331.5612391606667
C,2024-01-04,50.115175752769105,2024-01-12,48.51236797654381,44856,48.17135692461609,0.9719094140765051,1.943818828153013,-71895.54561036195,-73222.75674081857,-0.8245664426186575,stop_loss,8,-0.8245664426186575,674.3898970698632,652.8212333867548
GAP,2023-11-22,17.452412034128876,2024-01-17,18.377523780655284,121279,16.06494029824615,0.6937358679413635,1.3874717358827269,112196.62750697623,110893.00187127187,0.6667607869776463,trailing_stop,56,0.6667607869776463,634.9833237261347,668.6423119782277
CYTK,2023-12-22,45.044999999999995,2024-01-17,80.84907000000001,49086,40.21671492405373,2.414142537973131,4.828285075946262,1757478.580020001,1755624.689123995,7.415483849197332,trailing_stop,26,7.415483849197332,663.3236609999999,1190.5672350060004
AIG,2023-11-03,60.71826667007136,2024-01-18,63.196467887757365,33719,58.31875708902614,1.199754790522607,2.3995095810452156,83562.46685915445,82308.9825787878,1.032794883280488,trailing_stop,76,1.032794883280488,614.2077701544408,639.2765102121873
VTRS,2024-01-03,10.29032245356665,2024-01-18,10.287747942080786,221523,9.858233190875456,0.21604463134559718,0.4320892626911945,-570.3135078831408,-1937.868274359643,-0.005958286187973056,trailing_stop,15,-0.005958286187973056,683.8629302644335,683.6918362120687
COKE,2023-12-08,78.41967651512915,2024-01-19,83.33525529304767,27647,75.36056723253834,1.5295546412954024,3.0591092825908106,135901.00647311308,134559.3948932029,1.606866026621784,trailing_stop,42,1.606866026621784,650.4206389841328,691.1909409260667
KBH,2023-12-15,59.856455391626746,2024-01-24,57.59448184862818,18298,56.85329725973627,1.501579065945235,3.0031581318904728,-41389.5918897878,-42034.32706467446,-0.7531982811623267,stop_loss,40,-0.7531982811623267,328.5760262267958,316.1591486598595
PK,2024-01-08,13.022468583635199,2024-01-25,12.704940513972092,174855,12.402535598770013,0.309966492432593,0.6199329848651853,-55521.370620942515,-56870.94045627116,-0.5121974107123182,trailing_stop,17,-0.5121974107123182,683.1131232574597,666.4567120711771
AVGO,2024-01-22,118.8358605939634,2024-02-01,115.7803424260663,9708,113.2561898167849,2.789835388589253,5.579670777178507,-29662.9703739451,-30346.266603620636,-0.5476162106901584,trailing_stop,10,-0.5476162106901584,346.09756039385906,337.1986692816755
ELAN,2024-01-08,15.405389999999999,2024-02-05,15.65433,147808,14.421586445257907,0.4919017773710464,0.9838035547420922,36795.32352000016,35418.06099187216,0.2530383213194036,stop_loss,28,0.2530383213194036,683.111965536,694.1505625919999
DECK,2024-02-05,145.3935816667008,2024-02-07,137.427434999967,16514,138.14251385923774,3.6255339037315375,7.251067807463073,-131552.9460544421,-132954.0979352121,-1.0986170421044397,stop_loss,2,-1.0986170421044397,720.3088822931692,680.8429984768367
BNY,2024-01-17,51.75677114001634,2024-02-14,51.62043243370674,44014,50.18115516795585,0.7878079860302459,1.5756159720604899,-6000.811819510793,-7365.825090938947,-0.08653041650200224,trailing_stop,28,-0.08653041650200224,683.4067574870039,681.6065139411505
CDNS,2024-01-22,296.25595999999996,2024-02-14,300.34934999999996,3894,283.150228251637,6.552865874181492,13.105731748362984,15939.660659999998,15242.706336857997,0.31233586026291876,trailing_stop,23,0.31233586026291876,346.086212472,350.86811066999996
AMD,2024-01-17,158.60844999999998,2024-02-21,162.57726,14362,148.27605244627057,5.166198776864702,10.332397553729407,57000.04922000027,55616.188469894274,0.3841131721231056,trailing_stop,35,0.3841131721231056,683.3803676699998,700.480382436
ANET,2023-11-02,53.118064999999994,2024-02-22,65.27466,38681,49.28089259420976,1.918586202895116,3.837172405790234,470229.25119500014,468855.38649628265,3.168112796197504,trailing_stop,112,3.168112796197504,616.3979616795,757.4667370379999
NTNX,2024-01-18,53.223169999999996,2024-02-22,57.15279,42601,50.69495477159218,1.2641076142039065,2.5282152284078165,167405.7416200003,165995.10373841232,1.5543059609188208,trailing_stop,35,1.5543059609188208,680.208079551,730.4298020370001
CBOE,2023-08-14,145.84664602581526,2024-03-25,176.77473895902142,15205,140.58218892494563,2.6322285504348124,5.264457100869635,470261.65304939967,468790.0156017914,5.87488744624724,trailing_stop,224,5.87488744624724,665.2794758467563,806.3579717615763
WTW,2024-02-07,263.2613585584825,2024-04-03,260.32425885626014,9013,254.81604199540465,4.222658281538938,8.445316563077881,-26472.07961613034,-27887.802767058063,-0.3477785208269283,trailing_stop,56,-0.3477785208269283,711.832387406281,703.8907635214418
WMT,2024-02-21,56.93115195656489,2024-04-03,58.03354564229273,42352,55.36482332997682,0.783164313294032,1.5663286265880672,46688.57737794548,45227.88191613344,0.7038074047903878,trailing_stop,42,0.7038074047903878,723.3444442993308,737.3510175127145
MEDP,2024-02-14,370.77039999999994,2024-04-05,385.67394,6415,351.06303559234766,9.853682203826128,19.70736440765228,95606.2091000005,94150.4319676705,0.7562421687505358,trailing_stop,51,0.7562421687505358,713.5476347999999,742.22949753
ECL,2024-02-14,215.46153659779557,2024-04-11,217.66826884251122,5519,208.52763784038112,3.4669493787072234,6.933898757414454,12178.955258585687,11461.822239718173,0.318252735137787,trailing_stop,57,0.318252735137787,356.7396661449701,360.3933527225458
TNL,2024-02-22,39.936583430294306,2024-04-11,41.82460188349461,59994,37.79684800082376,1.0698677147352726,2.139735429470548,113269.77908129897,111798.22491578433,0.8823607008589237,trailing_stop,49,0.8823607008589237,718.7866158951231,752.7675496195126
FAST,2024-01-19,32.27483539557855,2024-04-12,33.08917418237339,70762,31.292866352347392,0.4909845216155784,0.9819690432311567,57624.24123117661,56236.6548174501,0.8292917097623266,trailing_stop,84,0.8292917097623266,685.1495706785787,702.4368430479317
TRV,2024-01-22,204.18225544449353,2024-04-12,212.34312031670848,11300,197.7250410359133,3.228607204290108,6.457214408580228,92217.77305602886,90805.75203219839,1.2638367500033663,trailing_stop,81,1.2638367500033663,692.1778459568332,719.8431778736418
COR,2024-02-01,228.13617867975762,2024-04-12,230.48941127370816,5057,221.29694087381563,3.4196189029710014,6.839237805941991,11900.297227607865,11204.516345089462,0.3440781941967316,trailing_stop,71,0.3440781941967316,346.1053966750603,349.67548584334264
WFRD,2024-04-03,120.02234384069257,2024-04-15,115.20616194221998,21005,112.59571169830798,3.7133160711922963,7.426632142384591,-101163.90077741681,-102646.19320660783,-0.6485014749803107,stop_loss,12,-0.6485014749803107,756.3207997121243,725.9716294788992
GLD,2024-04-12,222.09186999999997,2024-04-15,217.72206,11283,217.41259860895977,2.3396356955201,4.679271391040203,-49304.56622999969,-50793.29240165669,-0.9338654749470651,stop_loss,3,-0.9338654749470651,751.7587707629999,736.967400894
BRBR,2023-08-23,40.46042,2024-04-16,54.30564,53238,38.48812317788921,0.9861484110553953,1.972296822110792,737091.8223599999,735578.2757093158,7.019846021544852,trailing_stop,237,7.019846021544852,646.209551988,867.337098696
CRM,2024-01-12,266.80856088567975,2024-04-16,270.1147854650459,8615,256.5017096139111,5.153425635884335,10.306851271768664,28483.124751239215,27095.446362595765,0.3207793041917815,trailing_stop,95,0.3207793041917815,689.5667256090393,698.1116630344111
DTM,2024-04-03,58.88100229039478,2024-04-17,57.535050210944824,42817,57.1951423176588,0.8429299863679922,1.685859972735983,-57629.63018580886,-59125.006021793815,-0.7983771494767812,stop_loss,14,-0.7983771494767812,756.33236252035,739.0434734646072
GRMN,2024-02-22,129.97017582707383,2024-04-18,136.8640079810235,18434,125.26116994394468,2.3545029415645766,4.7090058831291515,127080.90192590802,125605.25552261248,1.463967623962424,trailing_stop,56,1.463967623962424,718.7610663588837,756.885336936656
KEX,2024-03-25,92.81271999999998,2024-04-18,95.31459,27510,89.70539059163079,1.5536647041845977,3.1073294083691962,68826.4437000003,67273.82901057029,0.8051511993744669,trailing_stop,24,0.8051511993744669,765.9833781599999,786.6313112700001
UBER,2023-11-08,50.090039999999995,2024-04-19,71.07885,41002,46.84018755733355,1.624926221333224,3.2498524426664446,860583.1876200003,859092.7375716663,6.4583886100314984,trailing_stop,163,6.4583886100314984,616.1375460239999,874.31250231
SMH,2024-01-19,181.2343397949415,2024-04-19,204.9997700072764,6300,174.36144327715022,3.436448258895644,6.8728965177912755,149722.2103377099,148992.2278701837,3.4578478158103185,trailing_stop,91,3.4578478158103185,342.5329022124394,387.4495653137524
NFLX,2024-01-25,55.250195,2024-04-22,55.010934,41865,52.345560442852225,1.452317278573887,2.904634557147773,-10016.66176499996,-11401.48641467546,-0.08237215225964369,trailing_stop,88,-0.08237215225964369,693.9148241025,690.909825573
META,2023-03-17,199.21253658577606,2024-04-26,438.08544724618883,10874,185.48569503739242,6.863420774191819,13.726841548383646,2597504.0305213286,2595425.037038472,17.401884462528844,trailing_stop,406,17.401884462528844,649.8711368501187,1429.122346006517
FCFS,2024-04-11,126.32526532849047,2024-04-26,111.45036167255361,19875,121.13192541868683,2.5966699549018233,5.19333990980364,-295638.71016174514,-297056.4473377389,-2.864226858684334,stop_loss,15,-2.864226858684334,753.2143945211244,664.5227814726009
PGR,2024-04-22,197.92989166933293,2024-04-29,191.04975769026643,12217,191.33737113681696,3.296260266257986,6.592520532515977,-84054.59682225542,-85480.24613512329,-1.0436272356122276,stop_loss,7,-1.0436272356122276,725.4328459572721,700.2164669105955
PM,2024-04-24,89.54543377194157,2024-05-01,87.37239281720132,27278,86.78002117928425,1.3827062963286612,2.765412592657327,-59276.211163404776,-60724.00050551436,-0.7857926735815398,trailing_stop,7,-0.7857926735815398,732.7861027293068,715.0032393802852
KMB,2024-04-24,123.95975527541408,2024-05-21,122.19828380155485,19705,119.95229952777791,2.003727873818087,4.007455747636172,-34709.795392396154,-36164.95864039966,-0.43954857764761307,trailing_stop,27,-0.43954857764761307,732.7880933106104,722.3751546928914
HIMS,2024-05-21,18.198179999999997,2024-05-23,16.71327,138567,16.191083814357338,1.0035480928213303,2.0070961856426592,-205759.5239699994,-207210.7964376444,-0.7398300144367705,stop_loss,2,-0.7398300144367705,756.5001624179998,694.7723052270001
KMI,2024-04-22,16.977774985067864,2024-05-24,17.56287215422243,142436,16.41444345139553,0.2816657668361657,0.5633315336723328,83338.90038569966,81862.95090092007,1.038637346182883,trailing_stop,32,1.038637346182883,725.4739073319379,750.4755774476478
ETR,2024-04-22,49.720431918357676,2024-05-24,51.69693399468894,48637,48.050301959415656,0.8350649794710087,1.6701299589420202,96131.13148652372,94651.34055874986,1.1834420823055727,trailing_stop,32,1.1834420823055727,725.4757941639486,754.3151336099057
ELV,2024-04-19,512.4169051279026,2024-05-28,499.210440343106,4759,494.52477309362894,8.94606601713684,17.892132034273686,-62849.56591084726,-64293.866271976214,-0.7381157684002501,trailing_stop,39,-0.7381157684002501,731.5776154511066,712.7227456778523
WFC,2024-04-22,57.44939422442055,2024-05-30,56.153697358816984,42093,55.18301539924345,1.1331894125885502,2.2663788251770995,-54539.768163850946,-55974.33664405491,-0.5717035701224038,trailing_stop,38,-0.5717035701224038,725.4652053265602,709.1032748774049
R,2024-04-24,117.02216363556735,2024-05-30,114.43243607334385,20873,111.12453309052165,2.948815272522849,5.8976305450457005,-54055.38340629115,-55504.72896420838,-0.43911322393685714,trailing_stop,36,-0.43911322393685714,732.7810864695592,716.564471447672
CMG,2024-04-26,62.4718094,2024-05-30,61.55298539999999,38549,60.038706151169315,1.2165516244153416,2.433103248830683,-35419.7463760003,-36854.05592042386,-0.3776346114541511,trailing_stop,34,-0.3776346114541511,722.4677341681801,711.84181025538
TYL,2024-04-26,459.45899999999995,2024-05-30,472.59693,2620,440.09820332622695,9.680398336886508,19.360796673772995,34421.376600000105,33688.78063902011,0.678584162696015,trailing_stop,34,0.678584162696015,361.13477399999994,371.46118698
DUK,2024-05-02,92.046821915785,2024-05-30,93.502176550592,13121,89.07041391859156,1.4882039985967275,2.976407997193448,19095.708163302574,18365.331640639375,0.4889634203977733,trailing_stop,28,0.4889634203977733,362.3239051071045,368.05261755609524
MRNA,2024-05-23,160.15999999999997,2024-05-30,150.19965,15577,147.30221482554913,6.4288925872254215,12.85778517445084,-155152.37194999965,-156602.71363041466,-0.7746551886550234,stop_loss,7,-0.7746551886550234,748.4436959999998,701.8979844149999
LDOS,2024-05-01,137.02222648263714,2024-05-31,142.3178403362106,17526,132.44948745921528,2.2863695117109324,4.57273902342186,92810.9283977284,91342.21419440827,1.158083552647327,trailing_stop,30,1.158083552647327,720.4354624004096,748.2787409197281
ANF,2024-05-30,188.26808,2024-06-03,174.73508999999999,13112,174.40099217266115,6.933543913669422,13.86708782733885,-177444.56488000017,-178872.47414951216,-0.9759071384346347,stop_loss,4,-0.9759071384346347,740.5713194880001,687.337950024
DELL,2024-05-30,173.22076983652755,2024-06-03,135.89225663214768,14251,159.49292903711395,6.863920399706802,13.727840799413599,-531968.6416756175,-533290.1925976791,-2.719183136649895,stop_loss,4,-2.719183136649895,740.5707572821062,580.980164779421
HPQ,2024-05-31,34.18601646846651,2024-06-03,33.128398908889366,72326,32.52047798628351,0.8327692410915013,1.6655384821830026,-76493.24761397667,-77953.82233595147,-0.6350003742879231,stop_loss,3,-0.6350003742879231,741.7613481294927,718.8133738452997
MLI,2024-04-24,56.17107427897182,2024-06-05,54.83255713992984,43485,53.47506750149287,1.3480033887394733,2.6960067774789493,-58205.41779124062,-59653.5156649159,-0.49648137023365996,trailing_stop,42,-0.49648137023365996,732.779749506327,715.3181241689547
BBWI,2024-06-03,48.6914843945244,2024-06-05,42.269209898504535,50338,46.138686259712514,1.2763990674059422,2.552798134811887,-323284.45358064806,-324658.0874094448,-2.5157784348244663,stop_loss,2,-2.5157784348244663,735.3095824354708,638.3242463612764
DKS,2024-05-30,216.12901662057155,2024-06-07,201.2243720670355,11422,203.7567721867668,6.18612221690237,12.372244433804752,-170240.85009048888,-171670.95321216583,-1.20468397090604,stop_loss,8,-1.20468397090604,740.5876883520505,689.5154333249038
AXP,2024-04-22,227.26436801740385,2024-06-10,226.73209302215403,10640,218.904155512082,4.180106252660914,8.36021250532184,-5663.4059494581,-7112.562653096368,-0.06366763941837511,trailing_stop,49,-0.06366763941837511,725.4278627115531,723.7288409267157
OLLI,2024-06-06,88.92884,2024-06-10,82.85706,27241,83.55941964401575,2.6847101779921223,5.369420355984246,-165401.35897999973,-166805.24489056974,-1.1308073492947819,stop_loss,4,-1.1308073492947819,726.753159132,677.132751438
DVA,2024-05-30,147.22708,2024-06-11,141.24860999999999,16768,139.7813777140445,3.7228511429777456,7.445702285955491,-100246.98496000026,-101698.13307097627,-0.8029423915158342,stop_loss,12,-0.8029423915158342,740.611103232,710.5370077439999
ALL,2024-01-05,142.11677481620868,2024-06-12,154.65811112908204,15838,137.31096621533985,2.4029043004344146,4.805808600868829,198629.68452328842,197219.58833020797,2.6096204311187203,trailing_stop,159,2.6096204311187203,675.253643861734,734.8425492187204
TMUS,2024-06-03,169.13316464892432,2024-06-13,168.48569770593028,14491,164.973622040433,2.0797713042456563,4.159542608491307,-9382.443470926682,-10850.173951241943,-0.15565820666731522,trailing_stop,10,-0.15565820666731522,735.2726066782686,732.4578736369906
GE,2024-04-24,160.09171813812785,2024-06-14,152.2210132272433,15257,150.17518176698073,4.958268185573557,9.916536371147117,-120083.34482536545,-121512.8314280979,-0.7936949572216493,trailing_stop,51,-0.7936949572216493,732.7558030900249,696.7307996424154
CRS,2024-04-05,75.93588224045854,2024-06-17,95.73878803019144,33103,71.51804177778554,2.2089202313365006,4.417840462672999,655535.5903575283,653830.7063745374,4.48248549422521,trailing_stop,73,4.48248549422521,754.1116529417698,950.7723300490283
AR,2024-04-26,33.043009999999995,2024-06-17,33.126839999999994,72882,31.054730415782213,0.994139792108891,1.988279584217782,6109.698059999924,4662.920757689923,0.04216207854539677,trailing_stop,52,0.04216207854539677,722.472196446,724.305105864
DY,2024-05-24,178.67849999999999,2024-06-18,170.88894,13909,169.92859677973433,4.374951610132823,8.74990322026565,-108344.99003999992,-109803.63009688792,-0.8902452751658549,stop_loss,25,-0.8902452751658549,745.5717769499998,713.068279938
FSLR,2024-05-28,277.03675999999996,2024-06-18,255.03471,9025,256.27942398430315,10.378668007848416,20.757336015696808,-198568.5012499997,-200009.0847550247,-1.0599650159038665,stop_loss,21,-1.0599650159038665,750.0770276999999,690.506477325
CMG,2024-06-18,68.7687,2024-06-21,64.43949599999999,34922,66.24577105960337,1.2614644701983093,2.522928940396625,-151184.46208800015,-152580.03107421377,-1.7159436917471875,stop_loss,3,-1.7159436917471875,720.4621624199999,675.1068237935998
AAPL,2024-06-12,205.8088047523264,2024-06-24,205.7442693210114,11738,198.42496977324313,3.6919174895416376,7.383834979083275,-757.51689277573,-2206.759887817582,-0.008740096643253316,trailing_stop,12,-0.008740096643253316,724.7351250548422,724.5078699870095
AVGO,2024-06-14,165.49577325772182,2024-06-24,161.30777447558393,14627,155.43839139600715,5.028690930857332,10.057381861714674,-61257.85818633101,-62691.904834139525,-0.41641043759910373,trailing_stop,10,-0.41641043759910373,726.2120026322091,707.8346451763097
BBY,2024-06-18,82.80412108911187,2024-06-27,76.8104244696893,29003,78.59711449632123,2.103503296395325,4.207006592790648,-173835.18305311305,-175223.97325256563,-1.4246938974837116,stop_loss,9,-1.4246938974837116,720.4703771842536,668.3198222683196
RYAN,2024-06-24,58.776550157014206,2024-06-27,56.61879746653713,40430,56.32773465655683,1.224407750228689,2.4488155004573784,-87237.94127598814,-88637.57144731419,-0.8811413885913659,stop_loss,3,-0.8811413885913659,712.9007768544253,686.7293944716289
CASY,2024-06-13,380.46508041919805,2024-07-10,357.6990598552964,6397,361.8004075311723,9.332336444012874,18.664672888025734,-145634.23354727874,-147050.84434887953,-1.219738524242078,stop_loss,27,-1.219738524242078,730.150535832483,686.4602657682993
CAVA,2024-05-30,87.43734999999998,2024-07-11,85.60431,28234,79.05760005272299,4.189874973638499,8.379749947276991,-51754.05135999951,-53219.74882853151,-0.21874638402493513,trailing_stop,42,-0.21874638402493513,740.6118419699999,725.085626562
CRWD,2024-06-11,373.23285999999996,2024-07-18,351.38826,6445,343.52947131039974,14.851694344800118,29.703388689600217,-140788.44699999972,-142189.50193551974,-0.7354245075629439,trailing_stop,37,-0.7354245075629439,721.6457348099999,679.40920071
AMZN,2024-06-27,195.20000499999998,2024-07-18,189.40041,12083,187.3611247320994,3.919440133950284,7.838880267900578,-70076.50638499978,-71470.64442933329,-0.7398499277694975,stop_loss,21,-0.7398499277694975,707.5804981245,686.557546209
SITM,2024-07-11,156.78662999999997,2024-07-22,147.26259,15312,144.56013694347664,6.113246528261666,12.226493056523339,-145832.10047999976,-147228.78097699175,-0.7789674402929887,stop_loss,11,-0.7789674402929887,720.2150635679999,676.4654334239999
NVDA,2024-05-24,104.37592430512197,2024-07-25,112.74454154423083,23810,97.02541937724486,3.675252463938554,7.350504927877111,199256.7764631819,197705.88497561996,1.1385091665431732,trailing_stop,62,1.1385091665431732,745.5572273114861,805.3342602504408
CRUS,2024-07-10,136.48635,2024-07-25,129.14073000000002,17484,130.28682891674944,3.099760541625277,6.199521083250545,-128430.82007999945,-129824.08724001545,-1.1848689441263258,stop_loss,15,-1.1848689441263258,715.8982030199999,677.368956996
OLLI,2024-06-18,96.03593999999998,2024-07-26,97.4025,25007,90.03314580601455,3.001397096992716,6.002794193985437,34173.565920000525,32722.371399276522,0.22765398176890025,trailing_stop,38,0.22765398176890025,720.4712254739998,730.72329525
HON,2024-06-21,195.15064978206772,2024-07-26,183.24847749433243,12250,189.44639809821135,2.852125841928191,5.70425168385637,-145801.6105247572,-147192.227317498,-2.0865440284515633,stop_loss,35,-2.0865440284515633,717.178637949099,673.4381547916718
GLW,2024-06-18,37.70190061431128,2024-07-31,39.276352612319776,63699,36.33118966860253,0.6853554728543718,1.370710945708744,100291.01782114337,98819.9864954584,1.1486389620930675,stop_loss,43,1.1486389620930675,720.4720101693042,750.5593155156473
UTHR,2024-06-24,316.35604,2024-08-01,311.97771,7511,302.57561905231057,6.890210473844705,13.780420947689436,-32885.63663000004,-34301.46106887504,-0.3177210635741951,trailing_stop,38,-0.3177210635741951,712.8450649320001,702.979373943
KEX,2024-04-24,101.72161999999999,2024-08-02,110.46942,24012,97.78256527782625,1.969527361086871,3.9390547221737364,210052.1736000003,208523.6342242563,2.2207866143003487,trailing_stop,100,2.2207866143003487,732.7618618319998,795.7775139119999
CVLT,2024-07-31,153.71355999999997,2024-08-02,142.23762,15602,145.1971516779078,4.258204161046075,8.516408322092161,-179047.61587999968,-180432.84497310768,-1.347509368501107,stop_loss,2,-1.347509368501107,719.4716889359999,665.7574041720001
SRLN,2023-11-03,33.7877146361021,2024-08-05,35.38011326191843,60595,33.61036553481873,0.08867455064168442,0.17734910128336878,96491.3947313405,95234.02737189633,8.97889312262142,trailing_stop,276,8.97889312262142,614.209970512382,643.1573889317842
FDX,2024-06-27,184.16232370645068,2024-08-05,178.458361068381,12807,175.9120887632408,4.125117471604935,8.250234943209875,-73050.64950575825,-74443.87443873164,-0.691369721872485,trailing_stop,39,-0.691369721872485,707.5700639125541,685.6548690608266
CFG,2024-07-18,37.94933534852061,2024-08-05,35.45672529202245,63512,36.21703086994987,0.8661522392853712,1.7323044785707395,-158310.64990831146,-159709.29962533212,-1.4388983503377684,trailing_stop,18,-1.4388983503377684,723.0714559965724,675.5782610240789
WAL,2024-07-22,74.86713699533227,2024-08-05,66.33972171142686,31852,70.14801773699836,2.3595596291669567,4.719119258333919,-271615.2316229552,-272964.5478820135,-1.806992961418824,stop_loss,14,-1.806992961418824,715.400414272597,633.9158447857106
THC,2024-07-25,146.35621,2024-08-05,135.79407,16192,137.81754054584604,4.269334727076977,8.538669454153961,-171022.17088,-172392.744080128,-1.2369772663891614,trailing_stop,11,-1.2369772663891614,710.939925696,659.633274432
HALO,2024-06-07,51.13107999999999,2024-08-06,52.187760000000004,46827,48.01419987062551,1.5584400646872398,3.1168801293744792,49481.15436000067,48029.72096379667,0.3390184916133035,trailing_stop,60,0.3390184916133035,718.2945249479998,733.1388712560001
GWRE,2024-06-12,137.37724,2024-08-06,141.29856,8793,129.79520271896098,3.791018640519513,7.582037281039021,34480.16676000007,33745.047867180074,0.5171855339997276,trailing_stop,55,0.5171855339997276,362.38742139600004,372.731471424
CBRE,2024-07-26,110.10999999999999,2024-08-06,105.87402,21535,105.20750658860774,2.4512467056961196,4.902493411392243,-91221.82929999965,-92617.19406120965,-0.864046036279531,trailing_stop,11,-0.864046036279531,711.3656549999998,683.99910621
CRS,2024-07-26,135.85262996670394,2024-08-06,133.87564756044205,17454,125.51211173580512,5.170259115449413,10.340518230898823,-34506.250918895144,-35918.60212568279,-0.19118794262693858,stop_loss,11,-0.19118794262693858,711.3515410316552,700.9996657559867
PSN,2024-08-01,90.73064,2024-08-06,89.50041,26556,86.03645842496287,2.347090787518557,4.6941815750371205,-32669.98787999978,-34105.85260913978,-0.2620755035429714,stop_loss,5,-0.2620755035429714,722.832862752,713.031866388
AFL,2024-08-02,96.30218839528725,2024-08-06,93.2156541368402,12362,92.91083850329427,1.6956749459964846,3.3913498919929737,-38155.73650292237,-38858.58237373702,-0.910119674096264,stop_loss,4,-0.910119674096264,357.1462958827622,345.69957493188554
TLT,2024-08-06,90.73941903956741,2024-08-08,87.75787800691133,24881,88.62269236349273,1.0583633380373356,2.116726676074677,-74183.72243351598,-75516.07980786,-1.408562128666108,stop_loss,2,-1.408562128666108,677.306245537043,655.0511288069881
SPTL,2024-08-06,26.975370080673834,2024-08-08,26.132939389971643,41848,26.399069589764373,0.28815024545473084,0.5763004909094604,-35254.03954450528,-35920.782504923554,-1.4617906873075017,stop_loss,2,-1.4617906873075017,338.65958614081154,328.08337427746
GOVT,2024-08-06,21.894487593296088,2024-08-08,21.59764496144263,51559,21.696112600037154,0.0991874966294666,0.19837499325893404,-15304.909255732455,-15977.632514449386,-1.4963712259135244,stop_loss,2,-1.4963712259135244,338.65736574682586,334.0658929701062
IEF,2024-08-06,91.08839783841294,2024-08-08,89.62025544484491,12393,90.06110479922658,0.5136465195931821,1.027293039186361,-18194.688683488595,-18866.54538553042,-1.4291369040433015,stop_loss,2,-1.4291369040433015,338.6575543234355,333.199147718389
MCK,2024-01-04,471.72303392441273,2024-08-09,543.273006595479,4765,455.6299210263207,8.046556449046014,16.093112898092045,340935.619777631,339484.68293770787,4.4459995480146715,trailing_stop,218,4.4459995480146715,674.328076994948,776.6087629282373
AMT,2024-08-05,216.41119247410526,2024-08-09,209.4215712843703,10744,207.31570659491743,4.547742939593922,9.095485879187834,-75096.49006251257,-76469.0342266589,-0.7684714464488952,stop_loss,4,-0.7684714464488952,697.5365555825362,675.0076085637822
TSN,2024-08-06,58.62862745210379,2024-08-13,56.716025363747846,38509,56.50725332268108,1.0606870647113573,2.121374129422712,-73652.39382049913,-74984.93599108481,-0.9015864112929581,stop_loss,7,-0.9015864112929581,677.3189443659194,655.2232262197698
EXEL,2024-08-08,26.596569999999996,2024-08-27,25.72425,85228,25.295148317553927,0.6507108412230348,1.301421682446069,-74346.08895999956,-75683.84861408756,-0.6702823625624847,trailing_stop,19,-0.6702823625624847,680.0317403879998,657.7279137
IDCC,2024-08-02,131.67022544988248,2024-09-09,129.17807748797554,9041,126.37575532973864,2.6472350600719228,5.294470120143842,-22531.50972360062,-23239.008575658972,-0.470707720575299,trailing_stop,38,-0.470707720575299,357.1291524877163,350.36969957063604
CW,2024-08-13,298.32075177576417,2024-09-09,294.59914437232675,7645,283.7881897997671,7.266280987998533,14.532561975997055,-28451.688599279056,-29811.5503810947,-0.2560874957618809,trailing_stop,27,-0.2560874957618809,684.1986441977151,675.6631376179313
FOX,2024-08-07,35.909447342021934,2024-09-11,36.2582945450788,63284,34.55937592902852,0.6750357064967063,1.3500714129934153,22076.44639825052,20706.327384975535,0.2583916670625515,trailing_stop,35,0.2583916670625515,681.7480396777548,688.37097359723
O,2024-08-07,54.74701778504734,2024-09-20,54.968203624899665,41509,52.81221266249876,0.9674025612742894,1.9348051225485818,9181.203026430148,7814.9522887785015,0.1143194408959246,trailing_stop,44,0.1143194408959246,681.7481883718591,684.5025492797879
REG,2024-08-05,64.15893156460973,2024-09-23,67.47104178774615,36241,61.85353637236817,1.15269759612078,2.305395192241562,120034.1865966868,118603.06603740799,1.4366778564832574,trailing_stop,49,1.4366778564832574,697.5551516499065,733.5654076289123
UNH,2024-07-18,543.0838058897014,2024-09-24,550.0203985928364,4438,519.3052770453261,11.889264422187617,23.778528844375273,30784.59841651328,29329.23947866523,0.29171664691845983,trailing_stop,68,0.29171664691845983,723.0617791615484,732.2971586865024
CBOE,2024-08-09,199.9032757137064,2024-09-26,197.7780858772944,11420,191.22322474097822,4.340025486364079,8.680050972728168,-24269.6679318251,-25632.12427663587,-0.2448361009732701,trailing_stop,48,-0.2448361009732701,684.8686225951581,677.5877222156106
MAA,2024-08-05,138.43906717704397,2024-09-27,148.42728775624587,8398,132.7279897386721,2.855538719185925,5.711077438371859,83881.07642413762,83158.34532951868,1.7489205297922552,trailing_stop,53,1.7489205297922552,348.7833858458445,373.9477087730858
POST,2024-08-05,112.61249999999998,2024-10-04,113.92596,20648,108.89644365227414,1.8580281738629227,3.7160563477258393,27120.322080000424,25717.052243376424,0.3534553508059249,trailing_stop,60,0.3534553508059249,697.5668699999999,705.702966624
RMD,2024-08-28,236.8642150811342,2024-10-07,230.62221069748023,9893,223.7472014883393,6.558506796397458,13.117013592794905,-61752.1493674888,-63139.60233055715,-0.4758708481542378,trailing_stop,40,-0.4758708481542378,702.9893039392982,684.4636591290517
VNQ,2024-09-11,90.31885784255687,2024-10-07,89.07881086171483,12922,88.04075073543633,1.1390535535602677,2.278107107120533,-16023.887086440818,-16719.340088939796,-0.5443321681259423,trailing_stop,26,-0.5443321681259423,350.1300843124559,345.3229181865237
CPT,2024-08-05,109.33178244828736,2024-10-08,113.55187156315392,21267,104.7398198294388,2.2959813094242763,4.591962618848555,89748.6352058673,88326.6152049089,0.9190164348342984,trailing_stop,64,0.9190164348342984,697.5477051983181,724.4722957600784
RYAN,2024-10-07,71.34016538631944,2024-10-08,68.8296137581465,34595,68.33266484171114,1.5037502723041505,3.0075005446083054,-86852.53357664314,-88307.28562949397,-0.8347634824784114,stop_loss,1,-0.8347634824784114,740.4039064619163,714.3481463889234
NRG,2024-09-24,86.52690955107488,2024-10-10,85.6324615264851,13953,81.13772850804108,2.6945905215169015,5.389181043033801,-12480.233287101171,-13200.875198494728,-0.1659710478173609,trailing_stop,16,-0.1659710478173609,362.19299068984435,358.448920703714
DUOL,2024-09-26,292.292,2024-10-23,281.58813,8256,273.1532246586808,9.569387670659578,19.13877534131916,-88371.15071999996,-89792.53702598397,-0.5592766417447387,stop_loss,27,-0.5592766417447387,723.9488256,697.4374803839999
LMT,2024-07-25,488.98364410492445,2024-10-24,543.818972671126,4846,475.4039592921688,6.789842406377842,13.579684812755659,265732.00223181245,264230.51378754346,4.038041333234305,trailing_stop,91,4.038041333234305,710.8844217997392,790.6040224692829
CHRW,2024-08-02,97.63646168094255,2024-10-25,103.63064002500215,24386,92.46850915464344,2.583976263149553,5.1679525262991035,146174.03309823753,144701.60323557717,1.1598748853740308,trailing_stop,84,1.1598748853740308,714.2888263654394,758.1410362949107
TKO,2024-08-09,116.69830127695668,2024-10-25,112.90760008605048,19563,110.8825187945385,2.9078912412090903,5.815782482418186,-74157.48739769809,-75505.02147220743,-0.6517955584422136,trailing_stop,77,-0.6517955584422136,684.890660364331,662.6434141450217
STRL,2024-09-20,148.91877,2024-10-25,155.25459,8020,137.19736431022014,5.860702844889929,11.721405689779857,50813.2764000001,50081.43529584009,0.5405341447676663,trailing_stop,35,0.5405341447676663,358.29856062,373.54254354
IDCC,2024-10-10,145.12848232688975,2024-10-25,145.14385323983714,8504,139.62287379764544,2.752804264622153,5.505608529244313,130.7142437046009,-609.8285387932328,0.0027918644897731854,trailing_stop,15,0.0027918644897731854,370.2517841123612,370.29099838547256
CPAY,2024-10-07,329.90957999999995,2024-10-30,332.39727,7480,316.760168232121,6.574705883939492,13.149411767878973,18607.921200000324,17121.704628600324,0.18918640954547525,trailing_stop,23,0.18918640954547525,740.31709752,745.89947388
APD,2024-10-08,297.8607837189637,2024-10-30,303.3309301792359,8213,286.3950658453892,5.732858936787268,11.465717873574533,44926.312878215496,43445.03661434173,0.47708713231811156,trailing_stop,22,0.47708713231811156,733.8991850051548,747.3770788686194
TT,2023-11-02,209.82044316486827,2024-11-01,367.43672448149505,4896,198.27702541969478,5.771708872586748,11.543417745173485,771689.3133262048,770841.4379983658,13.65421271204787,trailing_stop,365,13.65421271204787,308.18426692055857,539.6910609184199
ORCL,2024-09-11,154.05252460288955,2024-11-01,167.2363765744803,15152,146.4707582096334,3.79088319662808,7.581766393256146,199761.7250735429,198301.27424435108,1.7388892360647719,trailing_stop,51,1.7388892360647719,700.2611558348947,760.1896733569575
GNRC,2024-10-08,170.64047,2024-11-01,166.4334,14337,159.88046644010194,5.380001779949031,10.760003559898053,-60316.76258999982,-61766.551012256816,-0.39099150632993357,stop_loss,24,-0.39099150632993357,733.9417255169999,715.8466967400001
LDOS,2024-10-30,185.44086011450898,2024-11-01,181.1843831487301,6733,179.1820939510415,3.1293830817337294,6.25876616346747,-28658.859410589248,-29399.405739456663,-0.6800824403097242,stop_loss,2,-0.6800824403097242,374.57199334529673,365.9743355221199
CEG,2024-09-23,257.2383541413867,2024-11-04,229.9600130973389,9312,237.88917851315256,9.674587814117071,19.34917562823415,-254015.91180217318,-255376.9491608913,-1.4097934489903274,trailing_stop,42,-1.4097934489903274,718.6210661293778,642.4162925887259
VST,2024-09-24,111.04844394359526,2024-11-04,116.57144425286255,10872,101.6312263710018,4.708608786296728,9.417217572593458,60046.05936235396,59303.6543350124,0.5864789962313974,trailing_stop,41,0.5864789962313974,362.19560476643034,380.2094225751365
NTRS,2024-10-24,99.39444857067224,2024-11-04,95.3821034510429,25210,95.52719602347162,1.9336262736003136,3.8672525472006214,-101151.22046585577,-102624.31552879601,-1.037518256348102,stop_loss,11,-1.037518256348102,751.7202145399941,721.3748484002374
CVNA,2024-11-01,49.511461999999995,2024-11-04,45.25270199999999,49813,45.89120458827222,1.8101287058638906,3.6202574117277777,-212141.61188000013,-213557.75807039972,-1.17636938915001,stop_loss,3,-1.17636938915001,739.8943369817999,676.2518534177998
ETR,2024-11-01,73.6516949383325,2024-11-04,68.65217248671233,33486,70.92675459050058,1.362470173915957,2.724940347831918,-167414.0088149529,-168843.5650063314,-1.8347273016813028,stop_loss,3,-1.8347273016813028,739.8901970115006,689.6659943670147
BWXT,2024-10-04,116.46853868519776,2024-11-05,119.27519563053441,21029,111.47505144726512,2.496743618966319,4.993487237932641,59021.18890348453,57533.95240680687,0.5620635062439135,trailing_stop,32,0.5620635062439135,734.7650700033071,752.4714266743524
FFIV,2024-10-30,240.25000999999997,2024-11-05,230.37939,5197,230.68518352180055,4.782413239099712,9.564826478199421,-51297.61213999987,-52031.37043753987,-1.0319706293153912,stop_loss,6,-1.0319706293153912,374.573790591,359.184506949
CAH,2024-11-04,114.96193298781375,2024-11-05,109.97908806644571,21228,110.6552461443633,2.1533434217252223,4.30668684345045,-105775.83199080078,-107208.34638928273,-1.1570019141154606,stop_loss,1,-1.1570019141154606,732.1235740395931,700.3908244423529
CHH,2024-10-25,139.65689222413667,2024-11-06,145.74587341863747,8920,133.3299372393852,3.16347749237573,6.326954984751467,54313.71225494717,53549.9744540871,0.9623873109854264,trailing_stop,12,0.9623873109854264,373.7218435917897,390.01595726827395
IRM,2024-06-11,81.68201558597987,2024-11-07,108.27760242882968,29450,78.43526590551781,1.6233748402310275,3.2467496804620595,783240.0325219269,781561.7392967661,8.191449745231013,trailing_stop,149,8.191449745231013,721.6606077021321,956.6326174587101
CBRE,2024-10-25,134.79466,2024-11-07,129.71016,9242,129.23880689586767,2.7779265520661682,5.555853104132325,-46990.94899999992,-47724.31506393192,-0.9151609851272433,stop_loss,13,-0.9151609851272433,373.73167431599995,359.634389616
CACI,2024-04-26,402.27187,2024-11-15,487.05246,2993,388.5568560777912,6.857506961104383,13.715013922208755,253748.30587000004,252949.78155409303,6.18158978772268,trailing_stop,203,6.18158978772268,361.19991207299995,437.32440383400007
ESAB,2024-10-30,124.49455882768244,2024-11-18,122.13844077924385,20060,118.18923383290331,3.152662497389566,6.305324994779127,-47263.72805167809,-48747.96544331257,-0.3736711510333691,trailing_stop,19,-0.3736711510333691,749.2082550249928,735.0291366094896
WAT,2024-11-04,387.38699999999994,2024-11-18,357.27237,6299,365.0347604340853,11.176119782957342,22.352239565914658,-189692.0543699995,-191099.2371814885,-1.3472757354445268,stop_loss,14,-1.3472757354445268,732.0452138999999,675.1375975889999
ASB,2024-11-07,25.90096218756845,2024-11-18,25.052553920075614,49388,24.43239486233866,0.7342836626148939,1.4685673252297882,-41901.18751493618,-42656.13519099348,-0.5777115239575991,stop_loss,11,-0.5777115239575991,383.7590161558892,371.1886599014083
PLTR,2024-11-18,64.98491999999999,2024-11-19,59.450489999999995,39733,60.067213935296806,2.4588530323515903,4.917706064703182,-219899.50718999974,-221382.76483365876,-1.1254088648614737,stop_loss,1,-1.1254088648614737,774.6137479079998,708.6438957510001
SYF,2024-11-07,64.41834044405455,2024-11-20,62.12781811056082,39715,60.774374113838384,1.8219831651080842,3.6439663302161662,-90968.09447470361,-92475.82868080259,-0.628579445013109,stop_loss,13,-0.628579445013109,767.512317220688,740.2218888782768
MLI,2024-10-23,80.41988313984315,2024-11-26,81.05768124144892,31272,75.95691340737466,2.231484866234248,4.462969732468494,19945.22223341556,18430.30431541603,0.14290890143523283,trailing_stop,34,0.14290890143523283,754.4671756647524,760.4507423347771
VRT,2024-11-20,140.46924473621152,2024-11-29,129.5597793910213,18479,129.58408035564537,5.442582190283083,10.885164380566152,-201596.0101137702,-203092.97001482433,-1.0022324848550253,stop_loss,9,-1.0022324848550253,778.7193520441357,718.2405490100047
AJG,2024-11-29,308.81422055318063,2024-12-04,302.82572996496214,8684,298.52569611427094,5.144262219454856,10.28852443890969,-52004.05226808943,-53597.49666717929,-0.5820553397891445,stop_loss,5,-0.5820553397891445,804.5228073851463,788.9215917047194
TPL,2024-06-11,232.64711034468846,2024-12-05,462.32557683686025,10340,219.0290727010314,6.809018821828526,13.618037643657061,2374875.3435290563,2372719.538253419,16.86575353234908,trailing_stop,177,16.86575353234908,721.6713362892236,1434.1339393479404
TOL,2024-11-26,164.47918656331,2024-12-05,154.82382063695596,16267,155.33779003940964,4.570698261950177,9.141396523900369,-157063.83752400134,-158622.06812943934,-1.0562243855312368,stop_loss,9,-1.0562243855312368,802.6748783476091,755.5557270904087
MP,2024-12-04,23.23321,2024-12-05,20.859119999999997,114742,21.268464000444,0.982372999778001,1.9647459995560013,-272407.83478000027,-273925.60741865827,-1.2083444885682455,stop_loss,1,-1.2083444885682455,799.7474945459999,718.0251441119999
VTR,2024-08-08,55.04144201053812,2024-12-09,58.97942740913704,20591,53.043570893787724,0.9989355583751995,1.997871116750396,81087.05734255034,80382.71622588417,1.9710908104043183,trailing_stop,123,1.9710908104043183,340.0074997316971,364.3336169344622
GWRE,2024-09-09,163.37321,2024-12-09,178.33149,14150,154.3138491118234,4.5296804440883065,9.059360888176599,211659.66200000004,210209.12554850004,1.6511407575695656,trailing_stop,91,1.6511407575695656,693.51927645,757.0171750500001
DTM,2024-06-05,63.21665804092689,2024-12-10,94.37745193033984,37804,61.29445901058449,0.9610995151711978,1.922199030342398,1178002.6521953675,1176215.3458753615,16.211013218471106,trailing_stop,188,16.211013218471106,716.9527621737601,1070.3535578323701
IP,2024-11-01,51.354986083735376,2024-12-10,51.92611738704494,24012,48.889203555155134,1.2328912642901195,2.4657825285802417,13714.004855069239,12970.009098107126,0.23162273910603617,trailing_stop,39,0.23162273910603617,369.9407777527962,374.0549792093169
NI,2024-11-18,35.0774161333616,2024-12-10,35.03610453492858,73611,33.994135980681456,0.5416400763400716,1.083280152680146,-3040.988072252963,-4589.325983227016,-0.03813565524191492,trailing_stop,22,-0.03813565524191492,774.6251036978643,773.7128072761884
DDOG,2024-12-05,164.74457999999998,2024-12-11,155.93391,15990,154.65773315911437,5.043423420442801,10.086846840885613,-140882.6132999998,-142420.9080165298,-0.8734810926529764,stop_loss,6,-0.8734810926529764,790.2797502599999,748.0149662700001
IGV,2024-12-05,109.36926,2024-12-11,106.94295,12043,105.80201289429637,1.7836235528518156,3.567247105703629,-29220.05133000001,-30001.565713509008,-0.6801631420824766,stop_loss,6,-0.6801631420824766,395.1401994539999,386.374184055
DOCU,2024-12-09,106.15604999999998,2024-12-11,96.7032,24730,99.26721933922745,3.444415330386262,6.888830660772527,-233768.9804999996,-235273.9932757496,-1.3721995016988737,stop_loss,2,-1.3721995016988737,787.5717349499998,717.4410408
SLGN,2024-11-05,51.42661143007219,2024-12-12,53.04882711019829,47377,49.601454275068086,0.9125785775020535,1.8251571550041064,76855.71227733408,75370.79242181737,0.8888087667839467,trailing_stop,37,0.8888087667839467,730.9315709167591,753.9882845999593
IDA,2024-11-04,100.64025651568274,2024-12-18,107.42040868506703,24249,97.34834270073605,1.6459569074733444,3.291913814946682,164411.90995539975,162898.33103426386,2.0596384202403883,trailing_stop,44,2.0596384202403883,732.1276740746372,781.451247061257
COF,2024-11-07,183.71222763621685,2024-12-18,177.64784286001776,6963,172.73357007184066,5.489328782188092,10.978657564376192,-42226.31119667427,-42981.15624793386,-0.552379445359235,trailing_stop,41,-0.552379445359235,383.75647230929343,371.08857895029115
JHG,2024-11-15,43.65050726178272,2024-12-18,42.07205881294738,29811,41.97384527661501,0.8383309925838554,1.676661985167712,-47055.12670823028,-47821.76933340642,-0.941423174616469,stop_loss,33,-0.941423174616469,390.3795815943014,376.2630435818323
RJF,2024-10-25,144.51925074372272,2024-12-19,151.3485224583489,17241,138.91114532299594,2.804052710363399,5.608105420726787,117743.47363186986,116213.15674853679,1.217750238678846,trailing_stop,55,1.217750238678846,747.496920621757,782.819962711318
EXEL,2024-11-04,34.15411999999999,2024-12-19,33.35661,71453,32.303438255815905,0.9253408720920449,1.8506817441840866,-56984.48202999917,-58431.63528720617,-0.43092768516587276,trailing_stop,45,-0.43092768516587276,732.1243009079998,715.0289562990001
HOOD,2024-11-19,34.59456,2024-12-19,38.44152,74808,31.348315120239516,1.6231224398802424,3.2462448797604857,287783.3836799997,286144.2787582077,1.185049231493538,trailing_stop,30,1.185049231493538,776.384953344,862.719968448
CRM,2024-12-05,356.4918094080912,2024-12-19,337.3587374933669,7389,337.60126503180277,9.445272188144237,18.89054437628846,-141374.26837789806,-142912.3268852145,-1.0128385679949112,stop_loss,14,-1.0128385679949112,790.2353939149158,747.8231134015464
NOW,2024-12-05,223.24301999999992,2024-12-19,213.833952,11800,213.4213671144501,4.910826442774911,9.82165288554981,-111027.00239999888,-112574.25488087889,-0.957992316531882,stop_loss,14,-0.957992316531882,790.2802907999996,756.9721900800001
MGK,2024-12-09,70.00112236558479,2024-12-19,69.31917647771357,18751,68.3357537822557,0.8326842916645478,1.6653685833290979,-12787.167343473295,-13570.885820556501,-0.4094864612541219,trailing_stop,10,-0.4094864612541219,393.77731364312416,389.9411634400821
SITM,2024-12-10,251.63137999999998,2024-12-19,229.77,10177,231.51020429798453,10.06058785100772,20.12117570201545,-222483.26425999968,-223953.03081327767,-1.0864862135173448,stop_loss,9,-1.0864862135173448,768.2557662779999,701.510787
WHR,2024-12-10,114.95491623026348,2024-12-19,107.57348480035985,22277,108.5251089148118,3.21490365772584,6.429807315451683,-164436.14796396313,-165923.3275208909,-1.1480019645635517,stop_loss,9,-1.1480019645635517,768.2552006584739,718.9243562692849
XLY,2024-12-18,117.4288993751623,2024-12-19,114.3474317013149,21799,114.4201258074864,1.5043867838379537,3.0087735676759024,-67172.91382219945,-68688.66149454028,-1.0241607101818728,stop_loss,1,-1.0241607101818728,767.949773243749,747.797899097089
GOOGL,2024-12-12,194.17222516729697,2024-12-23,191.41910683011204,13188,185.4570138002808,4.3576056835080825,8.715211367016167,-36308.12463079485,-37833.6781767094,-0.31589805700002394,stop_loss,11,-0.31589805700002394,768.2229916518937,757.3305542626553
GOOG,2024-12-12,195.47098604432233,2024-12-23,192.8245375956663,6550,186.84880882943062,4.31108860744586,8.622177214891707,-17334.237338697003,-18097.23804264958,-0.30693505627386597,stop_loss,11,-0.30693505627386597,384.1004875770934,378.9002163754842
COLM,2024-12-10,88.07512068170512,2024-12-24,84.3986950240887,29076,84.14348497517436,1.9658178532653803,3.9316357065307557,-106895.75242085503,-108400.20702049353,-0.9350880732692473,stop_loss,14,-0.9350880732692473,768.2616626823774,736.1929369561209
AXON,2024-08-08,351.25089999999994,2025-01-02,603.4659300000001,6453,327.43734973697644,11.906775131511738,23.8135502630235,1627543.5885900008,1625695.3522788037,10.591240164286932,trailing_stop,147,10.591240164286932,679.9866173099999,1168.2496938870001
OLLI,2024-12-11,113.02290999999998,2025-01-03,108.41148,22381,105.3149416472578,3.853984176371091,7.707968352742185,-103208.41482999965,-104695.19175477665,-0.5982678948544753,trailing_stop,23,-0.5982678948544753,758.8697246129999,727.907200164
AAPL,2024-12-23,253.42138635018233,2025-01-03,241.5881247676776,9903,245.13629614047576,4.142545104853283,8.285090209706567,-117184.78945154423,-118655.41320812429,-1.4282598358001242,stop_loss,11,-1.4282598358001242,752.8895967077566,717.7341598722934
KTOS,2025-01-07,29.909879999999994,2025-01-10,28.20177,83288,27.766511017371393,1.0716844913143002,2.1433689826286013,-142265.06567999953,-143717.06661155954,-0.7969276470097972,stop_loss,3,-0.7969276470097972,747.3402256319998,704.6607059280001
KD,2025-01-07,39.038999999999994,2025-01-13,36.193769999999994,63811,36.915575646415284,1.0617121767923539,2.12342435358471,-181556.97153000004,-182997.17501594106,-1.339925293404852,stop_loss,6,-1.339925293404852,747.3352886999999,692.8681972409998
AEIS,2025-01-08,123.24101796974757,2025-01-13,115.37854383712481,20002,115.36572762529734,3.9376451722251162,7.875290344450235,-157265.20760072055,-158697.06814329885,-0.9983726045305108,stop_loss,5,-0.9983726045305108,739.5200524292673,692.3404901490511
IDCC,2024-11-04,163.63347412306874,2025-01-14,177.73091368380318,7457,154.42185889971162,4.605807611678558,9.211615223357114,105124.60680439674,104360.94053243398,1.5303982221259913,trailing_stop,71,1.5303982221259913,366.06444496071714,397.6018270020361
ANET,2025-01-07,119.80968999999999,2025-01-14,114.49539,20792,112.48795875420033,3.6608656228998293,7.321731245799654,-110494.92559999977,-111956.42696700778,-0.7258256034798747,stop_loss,7,-0.7258256034798747,747.324922344,714.1764446640001
EBAY,2025-01-10,67.32758693155802,2025-01-14,64.20529511929081,36615,63.68591932449064,1.8208338035336875,3.641667607067376,-114322.71470616378,-115767.53764905133,-0.8573796812778252,stop_loss,4,-0.8573796812778252,739.559878649699,705.2630642378499
UAL,2025-01-13,104.58448,2025-01-24,102.70719,23319,97.27145792489735,3.656511037551328,7.313022075102651,-43776.52551000005,-45226.67584581905,-0.2567050913727279,trailing_stop,11,-0.2567050913727279,731.641646736,718.508689083
CF,2025-01-14,92.22536527452442,2025-01-27,86.75260290188741,26381,87.9131141246458,2.1561255749393102,4.31225114987862,-144376.9441525369,-145793.42948607545,-1.269119581031604,stop_loss,13,-1.269119581031604,729.8992083921687,686.5861251464074
AR,2025-01-10,38.65861999999999,2025-01-28,36.49347,63770,36.323437380428665,1.1675913097856636,2.3351826195713272,-138071.61549999935,-139509.35013378932,-0.9271865856887243,stop_loss,18,-0.9271865856887243,739.5780592199998,698.15657457
ISRG,2025-01-16,583.1826,2025-01-28,566.0334,4238,556.5004600139937,13.341069993003122,26.68213998600629,-72678.30959999979,-74139.42282239979,-0.6427220608614608,trailing_stop,12,-0.6427220608614608,741.45835764,719.6548647600001
GE,2025-01-24,201.25678780369296,2025-01-28,193.70821736170402,12566,191.8775104289861,4.689638687353428,9.379277374706845,-94855.33617403306,-96344.27525050558,-0.8048136482609225,stop_loss,4,-0.8048136482609225,758.6978386623617,730.2412378101518
GTLS,2025-01-07,205.15494999999996,2025-02-10,198.09170999999998,12142,190.44334877094755,7.3558006145262,14.711601229052405,-85761.86007999975,-87230.72636371576,-0.4801136117020032,trailing_stop,34,-0.4801136117020032,747.2974208699999,721.5688628459999
MIDD,2025-01-27,169.16899999999998,2025-02-10,165.70413,14959,160.87172314803843,4.148638425980785,8.297276851961556,-51830.99032999986,-53333.800475500866,-0.4175912244245366,trailing_stop,14,-0.4175912244245366,759.1797212999999,743.630424201
PEGA,2025-01-16,49.9965962140868,2025-02-12,50.83815013976837,49445,47.19923525647269,1.3986804788070542,2.79736095761411,41610.633855325395,40114.901645285485,0.3008385183152556,trailing_stop,27,0.3008385183152556,741.6245099416565,754.1077000982542
DOCS,2025-02-10,80.72063999999999,2025-02-12,74.28564,31735,74.57259435568734,3.07402282215632,6.148045644312646,-204214.72499999963,-205690.46228873963,-1.046674076981324,stop_loss,2,-1.046674076981324,768.5008531199999,707.2364356200001
KTOS,2025-01-14,31.6316,2025-02-13,31.21875,76917,29.233905755092863,1.1988471224535684,2.397694244907136,-31755.18344999991,-33205.46156128491,-0.1721862580589331,trailing_stop,30,-0.1721862580589331,729.9023331599999,720.375778125
PLNT,2025-01-15,106.93682999999999,2025-02-13,102.85704,22964,101.69786262342834,2.6194836882858263,5.238967376571651,-93688.29755999973,-95133.60948920372,-0.7787393405510723,stop_loss,29,-0.7787393405510723,736.7092092359999,708.6027199680001
TWLO,2024-11-01,81.08099999999999,2025-02-18,126.64323,15209,77.08285830786993,1.999070846065034,3.998141692130062,692955.9560700002,692008.1727257792,11.395851750248037,trailing_stop,109,11.395851750248037,369.94827869999995,577.835065521
AXON,2025-02-19,700.6999999999999,2025-02-20,580.419,1840,658.5996734763269,21.05016326183655,42.10032652367306,-221317.03999999992,-222024.21768799995,-2.8570087201667143,stop_loss,1,-2.8570087201667143,386.7863999999999,320.391288
C,2025-01-16,75.05939865585391,2025-02-24,77.75286100079308,32935,71.7764618137043,1.6414684210748063,3.28293684214961,88709.18233057136,87199.32079903386,0.8204429370549606,trailing_stop,39,0.8204429370549606,741.6243884191646,768.237143118336
HWM,2025-01-16,122.67527294120161,2025-02-24,130.87374989135824,20151,116.82751685154864,2.9238780448264894,5.847756089652975,165207.5090226063,163674.72911487662,1.4019868175868389,trailing_stop,39,1.4019868175868389,741.6088275114462,791.171080218228
CRWD,2025-01-29,404.75435,2025-02-24,405.08451,3125,374.9903624115077,14.881993794246156,29.763987588492284,1031.750000000109,272.52606875010895,0.011092599706891604,trailing_stop,26,0.011092599706891604,379.457203125,379.766728125
MCO,2025-02-12,503.4129405315387,2025-02-24,497.57125331999333,2531,486.31483896109,8.54905078522435,17.098101570448705,-14785.31033242135,-15545.35763081282,-0.34165706569680143,trailing_stop,12,-0.34165706569680143,382.2414457455974,377.80585264587097
G,2025-02-10,53.586216040815536,2025-02-25,51.16201288774472,47805,51.196249964599666,1.1949830381079358,2.3899660762158703,-115889.03173255023,-117391.27845772917,-1.0143253400940118,stop_loss,15,-1.0143253400940118,768.506717349356,733.7400078295909
TXNM,2025-02-24,51.69489393155336,2025-02-26,49.973047197023654,48891,49.604244933988504,1.0453244987824268,2.0906489975648554,-84182.80869789184,-85674.00289080702,-0.8235943654507654,stop_loss,2,-0.8235943654507654,758.2245177622726,732.9696751529051
SOLV,2025-02-26,83.58349999999999,2025-03-03,79.68024000000001,30306,79.48657503579298,2.0484624821035027,4.096924964207005,-118292.19755999923,-119776.55883133123,-0.9527291893556766,stop_loss,5,-0.9527291893556766,759.9244653,724.4368060320002
SNX,2025-01-13,130.64254082192468,2025-03-04,130.74476472643684,18668,124.46095629501937,3.090792263452656,6.181584526905311,1908.315849432966,444.44238343992197,0.016536844892637,trailing_stop,50,0.016536844892637,731.650485619107,732.2229803739369
ALK,2024-12-11,62.06199999999999,2025-03-05,65.68425,40758,58.35805540718859,1.851972296405701,3.7039445928114034,147635.6655000006,146073.6610027506,0.9779438944713318,trailing_stop,84,0.9779438944713318,758.8568988,803.1475984500001
SPGI,2025-02-12,530.0408182903874,2025-03-05,511.28998756153413,4808,512.2495361803725,8.895641055007424,17.79128211001489,-90153.99414432647,-91656.00969868728,-1.0539336408081703,stop_loss,21,-1.0539336408081703,764.5308763020547,737.4846780587568
WTS,2025-02-12,217.7487444936755,2025-03-05,202.4416098859786,5852,207.16820346440912,5.290270514633191,10.580541029266385,-89577.35172424222,-90315.03791039115,-1.4467251311021319,stop_loss,21,-1.4467251311021319,382.27969583309675,355.40649031582404
AIG,2025-03-03,80.80251005149856,2025-03-05,78.58955152122782,31670,77.4097768064046,1.6963666225469836,3.3927332450939645,-70084.39665367432,-71598.7806306768,-0.6522642278082933,stop_loss,2,-0.6522642278082933,767.7046479992878,746.6793290031856
WH,2024-10-25,87.50146022427047,2025-03-07,97.64073628905962,28476,83.85058031454847,1.8254399548610016,3.6508799097220077,288726.02522093564,287144.39246456156,2.777214347091791,trailing_stop,133,2.777214347091791,747.5074744038978,834.1252819701785
LNT,2025-02-25,61.61568248585397,2025-03-07,59.7246627200892,20592,59.59147673930312,1.0121028732754251,2.024205746550848,-38939.87901662809,-39689.47113317232,-0.9342033382658737,trailing_stop,10,-0.9342033382658737,380.6370401246115,368.955076419623
BSX,2025-01-10,95.57047499999999,2025-03-10,97.67223,25795,92.16204891607902,1.7042130419604882,3.408426083920972,54214.77022500029,52719.36155235779,0.6166350533212099,trailing_stop,59,0.6166350533212099,739.5721207874999,755.8365518550002
OGE,2025-02-24,43.286371297406134,2025-03-10,41.9326630052924,58389,41.69136031166822,0.7975054928689587,1.5950109857379147,-79041.67346822898,-80534.42972639906,-0.8487140867480975,stop_loss,14,-0.8487140867480975,758.234380105274,734.5218780648053
PM,2025-02-25,150.5511035213041,2025-03-10,144.72372233816017,16855,145.12132493565184,2.7148892928261223,5.429778585652258,-98220.5098418909,-99713.56699884929,-1.0732263003398153,stop_loss,13,-1.0732263003398153,761.2616549554743,731.795502002907
THG,2025-03-04,168.0613097866276,2025-03-10,160.0061003175142,15167,161.24782565453023,3.40674206604868,6.813484132097358,-122173.36201804262,-123666.10154075747,-1.1822452819940432,stop_loss,6,-1.1822452819940432,764.6957656601343,728.0437570547214
FOX,2024-11-05,39.179398480884366,2025-03-12,48.714633100574844,62186,37.88836412805203,0.6455171764161675,1.2910343528323338,592958.100060072,591318.3665856947,7.385732686951061,trailing_stop,127,7.385732686951061,730.9230221796826,908.8104521977043
DRI,2024-12-20,175.40121310234946,2025-03-12,182.27103373986014,14195,165.5705840805574,4.915314510896032,9.83062902179205,97517.10394946417,95993.95668628663,0.6988180127926716,trailing_stop,82,0.6988180127926716,746.9460659963552,776.2011971811944
ABT,2025-01-28,126.67820675500079,2025-03-12,128.90001491110797,19784,121.87370065561335,2.40225304969372,4.804506099387439,43956.25256042459,42439.3446991919,0.4624425716496564,trailing_stop,43,0.4624425716496564,751.8604927322807,765.0473685004081
VZ,2025-03-10,42.50848338954851,2025-03-12,38.77619435607644,58504,40.891051866844194,0.8087157613521587,1.6174315227043152,-218353.83761425005,-219780.48125029905,-2.307540678588824,stop_loss,2,-2.307540678588824,746.0748936666438,680.5687423823688
MCD,2025-03-10,311.0541266183184,2025-03-12,294.527440396819,7995,299.239126402316,5.907500108001178,11.815000216002375,-132130.85634088772,-133583.34372937353,-1.3987884823832222,stop_loss,2,-1.3987884823832222,746.0633226940365,706.4240657917703
JKHY,2025-03-10,187.23609971438887,2025-03-12,173.15662983522,13282,179.5504730736638,3.84281332036254,7.685626640725076,-187003.51893512093,-188439.5398052843,-1.8319221759438196,stop_loss,2,-1.8319221759438196,746.060962921954,689.9599072414177
JAZZ,2025-02-13,137.78764999999999,2025-03-13,135.66420000000002,18479,131.09270900374287,3.347470498128563,6.694940996257117,-39239.23254999931,-40755.16757084431,-0.3171723247728549,trailing_stop,28,-0.3171723247728549,763.8533953049998,752.08162554
BRK-B,2025-02-25,503.6531499999999,2025-03-13,495.96353999999997,5038,488.8025335842112,7.425308207894366,14.85061641578875,-38740.2551799998,-40251.0758452658,-0.5177973617192473,stop_loss,16,-0.5177973617192473,761.2213709099999,749.5992943560001
FOXA,2024-11-05,42.583632930587704,2025-03-14,50.87155300887805,28607,41.1277466508016,0.7279431398930517,1.4558862797861067,237092.52967965198,236290.4879284009,5.692697426551734,trailing_stop,129,5.692697426551734,365.45699617359674,436.58475507749233
YUM,2025-03-05,154.7849563212847,2025-03-14,149.61907341904814,8035,148.94177286569231,2.921591727796205,5.843183455592396,-41507.86911947088,-42241.63503315995,-0.8840870634127379,trailing_stop,9,-0.8840870634127379,373.10913721245674,360.6567764766155
FR,2025-03-06,55.160076627570106,2025-03-14,52.44531567742525,45419,53.170144362613556,0.9949661324782768,1.9899322649565505,-123301.72759462926,-124767.92638855944,-1.3642479183602427,stop_loss,8,-1.3642479183602427,751.5946561042821,714.6041378258932
GILD,2025-02-13,101.4945213265959,2025-03-20,103.9412078242674,25087,97.22972882879291,2.1323962489014905,4.264792497802986,61380.024167084746,59833.89432592244,0.5736941478235827,trailing_stop,35,0.5736941478235827,763.8579169560934,782.2719242062188
EZU,2025-03-06,53.53185073811317,2025-03-31,51.30224308906251,46800,51.94716009396179,0.7923453220756904,1.5846906441513795,-104345.63797557105,-105817.5086529046,-1.4069671309535905,trailing_stop,25,-1.4069671309535905,751.5871843631089,720.2834929704376
OKTA,2025-03-05,108.74864,2025-04-02,102.897,22873,100.68074598374744,4.033947008126274,8.067894016252552,-133844.56171999974,-135296.85293711573,-0.7252995624647548,trailing_stop,28,-0.7252995624647548,746.2222928159999,706.0689243
NFG,2025-01-16,64.27956023001144,2025-04-07,68.77994018667412,38458,62.10729457307283,1.086132828469307,2.172265656938613,173075.61237333348,171540.45169322603,2.071744743690832,trailing_stop,81,2.071744743690832,741.618998197734,793.541681909734
DRI,2025-03-25,200.1996841948786,2025-04-07,179.4185392025799,12056,189.513969525067,5.342857334905801,10.685714669811603,-250537.48402715338,-251910.4872175373,-1.944759488198566,stop_loss,13,-1.944759488198566,724.082217796037,648.9209725878909
VRSN,2025-01-02,207.0673249767648,2025-04-08,235.54574602316055,11993,199.17774363746122,3.944790669651789,7.889581339303589,341541.70360942406,339949.2260412734,3.609623859826955,trailing_stop,96,3.609623859826955,745.0075285339021,847.4700396167293
KR,2025-03-10,65.55729884455327,2025-04-08,65.47502451814273,37935,62.51773717304692,1.519780835753179,3.0395616715063554,-3121.0765723838813,-4612.289928413043,-0.02706782599010977,trailing_stop,29,-0.02706782599010977,746.0748395004387,745.1385165287232
BJ,2025-03-07,109.95984999999999,2025-05-14,107.6922,22491,103.15841325191194,3.4007183740440268,6.801436748088051,-51001.71614999975,-52470.279826964754,-0.33340749667891084,trailing_stop,68,-0.33340749667891084,741.932095905,726.63158106
EXEL,2025-05-15,44.592547999999994,2025-05-22,43.7562,53221,41.29173941082296,1.650404294588516,3.3008085891770307,-44511.27690799967,-45921.879523192074,-0.2533767037392844,trailing_stop,7,-0.2533767037392844,711.9779991324,698.6246160599999
NXT,2025-05-16,60.230169999999994,2025-05-23,55.89405,39594,54.32294157755901,2.9536142112204944,5.907228422440987,-171684.33527999977,-173063.68199000377,-0.7340362840088417,stop_loss,7,-0.7340362840088417,715.4260052939999,663.92070471
GME,2025-05-28,35.820784999999994,2025-05-29,31.138830000000002,66045,33.0845591433181,1.3681129283409441,2.736225856681891,-309219.71797499945,-310546.42230680195,-1.711099611374043,stop_loss,1,-1.711099611374043,709.7351235974999,616.9692082050001
UBER,2025-05-13,87.49740999999999,2025-05-30,84.44547,13581,80.67029140166575,3.41355929916712,6.827118598334238,-41448.39713999983,-42148.944015983834,-0.4470319295089786,trailing_stop,17,-0.4470319295089786,356.49069756299997,344.05617842099997
NTNX,2025-05-14,82.34226,2025-05-30,76.07385000000001,28859,76.39612802103568,2.97306598948216,5.946131978964317,-180900.04418999967,-182271.56334554666,-1.0541996077745663,stop_loss,16,-1.0541996077745663,712.894584402,658.6245711450001
CHTR,2025-05-19,426.38595999999995,2025-05-30,395.11449,5615,399.5346803716435,13.42563981417822,26.85127962835645,-175589.3040499998,-176973.1215580248,-1.1646174943176841,stop_loss,11,-1.1646174943176841,718.2471496199998,665.570358405
GAP,2025-05-23,27.870240000374377,2025-06-02,21.657282858821798,84246,25.635385498934873,1.1174272507197514,2.2348545014395036,-523416.78734723857,-524668.5360544773,-2.7800275756433894,stop_loss,10,-2.7800275756433894,704.3868717214618,547.3618355172903
CME,2025-06-02,276.23106465679666,2025-06-04,270.02395206799036,8380,266.4931852615766,4.868939697610019,9.737879395220034,-52015.60349419677,-53388.88860624289,-0.6374193329867218,stop_loss,2,-0.6374193329867218,694.4448965471868,678.8402154989278
RSG,2025-06-02,253.57964103825697,2025-06-10,246.6110458632538,9128,245.01066022293315,4.284490407661901,8.568980815323812,-63609.336757428966,-64979.058934440065,-0.8132350071949412,stop_loss,8,-0.8132350071949412,694.4024890191629,675.3196879919342
PODD,2025-05-13,316.98667,2025-06-11,299.62008000000003,7497,292.32251213233474,12.332078933832621,24.664157867665267,-130197.3252299998,-131584.13547142482,-0.7041225608909838,trailing_stop,29,-0.7041225608909838,712.934719497,673.8755219280001
GE,2025-05-29,243.48414649460048,2025-06-13,233.527383963598,4812,231.9223692093447,5.780888642627891,11.561777285255772,-47911.94129918394,-48600.5551445534,-0.8611792361456319,trailing_stop,15,-0.8611792361456319,351.4937138796052,337.1201314898501
STE,2025-05-19,247.40774650792244,2025-06-18,234.15961938510745,9678,235.38091136120113,6.01341757336065,12.02683514672131,-128215.37429460349,-129613.55698473731,-1.1015472450727508,stop_loss,30,-1.1015472450727508,718.323651211102,679.859038922721
CNM,2025-06-04,58.808749999999996,2025-06-18,55.65429,19837,55.24421977977335,1.7822651101133207,3.5645302202266436,-62575.02301999986,-63256.204017343865,-0.8849581305553984,stop_loss,14,-0.8849581305553984,349.9767521249999,331.20424521900003
NEU,2025-06-11,648.6273275251531,2025-06-18,631.0327404954011,1784,625.4854227056818,11.57095240973566,23.14190481947128,-31388.74326107758,-32073.61732948218,-0.7602912191976593,stop_loss,7,-0.7602912191976593,347.14534569146196,337.7287227131386
EBAY,2025-06-02,71.980945897557,2025-06-25,73.20305893358355,32159,68.47186576288644,1.7545400673352813,3.509080134670569,39301.93312557756,37901.24140216816,0.3482716236519556,trailing_stop,23,0.3482716236519556,694.4505717358608,706.241151673534
GDXJ,2025-06-03,66.94041715658223,2025-06-30,64.4608616104277,34746,62.838397347664895,2.0510099044586654,4.102019808917333,-86154.63700668527,-87524.33765629683,-0.604471860609803,trailing_stop,27,-0.604471860609803,697.7735203567819,671.9271292547762
MP,2025-06-18,36.32628999999999,2025-07-02,31.4685,64039,31.772529540306927,2.2768802298465336,4.553760459693066,-311088.0138099996,-312390.46697704267,-1.0667645000210266,stop_loss,14,-1.0667645000210266,697.8897855929998,604.5633814500001
HWM,2025-06-30,182.8107936953823,2025-07-03,176.1209713819446,6411,174.42408948361498,4.19335210588366,8.386704211767324,-42888.45085144911,-43578.784315222336,-0.7976699958073233,stop_loss,3,-0.7976699958073233,351.5999995143288,338.73346425889406
NRG,2025-05-13,148.07994284798613,2025-07-09,151.0038616036488,16050,135.95027449750452,6.0648341752408035,12.129668350481609,46928.89602838583,45488.80750995121,0.24105512790434824,trailing_stop,57,0.24105512790434824,713.0049248130533,727.083593621569
DRI,2025-05-19,203.39735244303745,2025-07-11,207.16355620939032,11772,193.4904093706289,4.9534715362042725,9.906943072408552,44335.75073750603,42885.81383250911,0.3801580102788703,trailing_stop,53,0.3801580102788703,718.318089887831,731.6188151090829
INTU,2025-05-27,719.1579072783882,2025-07-11,739.5908920094353,1633,683.4399372910452,17.858984993671474,35.71796998734294,33367.06406579991,32652.423029028807,0.5720645584922031,trailing_stop,45,0.5720645584922031,352.3154587756824,362.3255779954223
CTVA,2025-06-02,70.0789550277961,2025-07-14,72.99610668926279,16515,67.30796349148146,1.3854957681573197,2.7709915363146393,48176.75968912239,47467.89429584522,1.0527465072471642,trailing_stop,42,1.0527465072471642,347.20618268521577,361.6592105919525
DE,2025-05-16,509.61514615336756,2025-07-18,496.9326334209404,4679,480.74277277414717,14.436186689610201,28.87237337922039,-59341.477075026596,-60754.36819321505,-0.43926117766109307,trailing_stop,63,-0.43926117766109307,715.346780655482,697.544337532974
TDY,2025-07-18,559.7992399999999,2025-07-24,548.43102,4372,541.5276940144767,9.135772992761648,18.27154598552329,-49701.857839999786,-51155.41264901578,-0.6221816155571671,stop_loss,6,-0.6221816155571671,734.2326831839999,719.322125832
VLO,2025-07-09,145.15768738303004,2025-07-25,138.1119734533628,16262,137.3540308262828,3.901828278373608,7.803656556747228,-114577.39992424872,-115959.35929160514,-0.902873400236374,stop_loss,16,-0.902873400236374,708.1662936668504,673.7930736895756
CAR,2025-06-25,168.82865999999999,2025-07-31,168.82101,13819,154.89469977950444,6.9669801102477775,13.93396022049555,-105.71534999977817,-1505.509586918778,-0.0005490183608197412,trailing_stop,36,-0.0005490183608197412,699.912975762,699.881261157
RCL,2025-06-30,304.04225002435817,2025-07-31,327.9059527527001,3855,287.05910273962854,8.4915736423648,16.983147284729625,91994.57401775816,91263.7259212465,1.4051401856356125,trailing_stop,31,1.4051401856356125,351.62486215317017,379.2232343584977
MGV,2025-07-02,130.47273620183333,2025-08-04,127.31299064682976,8980,127.84967416397562,1.3115310189288558,2.623062037857707,-28374.515083932038,-29068.989832062336,-1.2046019153950998,stop_loss,33,-1.2046019153950998,351.49355132773894,342.9811968025594
TRMB,2025-07-24,83.30322,2025-08-04,83.17674000000001,14895,80.38762699028744,1.4577965048562733,2.915593009712552,-1883.9195999998005,-2627.835301259801,-0.043380540280708195,stop_loss,11,-0.043380540280708195,372.24043857,371.67526269000007
APPF,2025-08-04,322.12179999999995,2025-08-07,312.52716,7569,303.95873018804764,9.081534905976158,18.16306981195231,-72621.83015999976,-74062.92755347177,-0.5282499103585542,stop_loss,3,-0.5282499103585542,731.44197126,709.655422212
CW,2025-05-29,449.021907209276,2025-08-08,476.22104191178107,2609,426.1374769544499,11.44221512741304,22.8844302548261,70962.54243883578,70238.35478255872,1.1885432322165443,trailing_stop,71,1.1885432322165443,351.44944677270036,372.738209504351
NYT,2025-08-07,61.534737921869784,2025-08-08,57.76670441954272,40149,58.865232215341145,1.33475285326432,2.669505706528639,-151282.77708492932,-152719.72716749893,-1.411509813637718,stop_loss,1,-1.411509813637718,741.1674578475449,695.7826247220662
WWD,2025-06-04,231.1220049746444,2025-08-11,248.46225633159392,5047,218.81344987918763,6.154277547728384,12.308555095456768,87516.24859852424,86790.11006848047,1.4087966639845495,trailing_stop,68,1.4087966639845495,349.9418277321091,376.1967023116664
VEEV,2025-05-30,277.14687,2025-08-13,276.49323,8406,259.84661495450723,8.650127522746383,17.300255045492747,-5494.4978399999645,-6890.667444179964,-0.037782101956369094,trailing_stop,75,-0.037782101956369094,698.9089767659999,697.2606274139998
ICE,2025-06-02,176.84647333556185,2025-08-14,179.79938304468862,6544,170.3409253607924,3.2527739873847255,6.505547974769456,19323.841136525592,18623.673991279884,0.4539063766156327,trailing_stop,73,0.4539063766156327,347.18499645237506,352.9821487933327
CSCO,2025-08-11,71.17394519689124,2025-08-15,67.24927482166215,35057,68.95117046729737,1.1113873647969295,2.2227747295938656,-137587.169344406,-139042.98019166314,-1.7656626751133617,stop_loss,4,-1.7656626751133617,748.5434990302248,707.267348226903
TTMI,2025-06-10,35.745709999999995,2025-08-20,40.38957,32650,33.3935076145098,1.1761011927450966,2.3522023854901946,151622.02900000013,150876.28393240014,1.9742603904520026,trailing_stop,71,1.9742603904520026,350.12922944999997,395.61583815
JBL,2025-06-18,199.69666634292685,2025-08-20,204.7212971061799,5824,188.978276693534,5.359194824696422,10.718389649392833,29263.44956518572,28556.850499447442,0.4687859769622832,trailing_stop,63,0.4687859769622832,348.9100154343618,357.6890503039175
AEIS,2025-08-13,159.17049382199548,2025-08-20,148.23172370040737,15909,149.25519772780248,4.957648047096494,9.915296094192996,-174024.89386434518,-175492.03242791435,-1.1032217311185009,stop_loss,7,-1.1032217311185009,759.6730158642378,707.4655477049344
DY,2025-05-22,226.30607999999998,2025-08-26,253.64610000000002,10419,210.51480494410617,7.8956375279469055,15.791275055893806,284855.6683800004,283355.48185097444,1.7313370771662846,trailing_stop,96,1.7313370771662846,707.3649142559999,792.8216147700001
CASY,2025-06-11,489.6067014889374,2025-08-26,497.0616935172184,4727,461.67811246584733,13.964294511545045,27.92858902309007,35239.747317684145,33840.55286672592,0.26693049269755537,trailing_stop,76,0.26693049269755537,694.3112633814621,704.8831875767673
ULTA,2025-06-02,465.73526999999996,2025-09-02,490.76874,4970,436.08701157175244,14.824129214123763,29.648258428247516,124416.34590000012,122990.19842109013,0.8443487519033923,trailing_stop,92,0.8443487519033923,694.4112875699999,731.7361913399999
ORCL,2025-06-13,199.78510927854074,2025-09-02,220.0508796815165,5830,188.97431786895464,5.405395704793046,10.810791409586102,118149.44144934868,117415.14830465754,1.87458712643422,trailing_stop,81,1.87458712643422,349.4241561281678,384.8689885629724
AEP,2025-07-31,109.22978774836704,2025-09-03,107.65215486879652,22528,105.73641105939191,1.7466883444875685,3.4933766889751325,-35540.91351096489,-37006.68843194873,-0.45160686064844807,trailing_stop,34,-0.45160686064844807,738.2185975185638,727.5563234652743
ORA,2025-08-20,92.65457506877986,2025-09-03,90.67682840527267,26623,89.13942455493579,1.757575256922038,3.515150513844077,-52653.54942255193,-54117.79900895884,-0.5626349869566121,stop_loss,14,-0.5626349869566121,740.022825616838,724.2267607900721
ELAN,2025-08-08,16.54653,2025-09-04,17.33265,149050,15.482732811275365,0.5318985943623176,1.0637971887246351,117171.18600000006,115656.27846630005,0.7389754441280896,trailing_stop,27,0.7389754441280896,739.87808895,775.0294447499999
HAS,2025-07-02,74.264064869148,2025-09-11,75.77596114617799,15777,70.7033415796325,1.780361644757754,3.560723289515508,23853.187562702155,23143.033115569015,0.4246036982097835,trailing_stop,71,0.4246036982097835,351.4992454321644,358.6552017009751
T,2025-01-28,22.836702249515252,2025-10-03,26.123962247367697,109745,21.976989378659358,0.42985643542794777,0.8597128708558941,360760.3484643166,359148.39202675346,3.82367195989492,trailing_stop,248,3.82367195989492,751.8641665119154,860.0922710512103
WYNN,2025-08-26,117.19800178882679,2025-10-06,123.60015653810832,21205,111.56552092430418,2.816240432261302,5.632480864522606,135757.69145851498,134225.8539743182,1.136649178802699,trailing_stop,41,1.136649178802699,745.5550883796217,786.282395817176
WDC,2025-10-03,131.66728178180423,2025-10-08,120.46217152490436,20204,123.04069438871453,4.313293696544855,8.626587393089707,-226388.047630405,-227916.25467278762,-1.298904160627374,stop_loss,5,-1.298904160627374,798.061728335872,730.1453140467504
F,2025-10-06,12.216449596059526,2025-10-08,11.564580557555065,216410,11.691844182181628,0.26230270693894897,0.5246054138778984,-141070.9786227505,-142614.9144434136,-1.2425892323257335,stop_loss,2,-1.2425892323257335,793.1285571249725,750.8072635381475
VC,2025-07-09,103.84281070340772,2025-10-10,111.85494785632122,11366,98.0608762965781,2.8909672034148097,5.78193440682962,91065.9508800148,90330.46466287784,1.3857191363931007,trailing_stop,93,1.3857191363931007,354.08321593647963,381.4030012004841
TJX,2025-08-21,135.3856334012963,2025-10-10,137.34295799382795,18167,130.93653261962373,2.224550390836278,4.44910078167257,35558.71587252246,34072.317776559896,0.43993712180999933,trailing_stop,50,0.43993712180999933,737.8652406004051,748.5328553621619
USHY,2025-05-13,34.31907174803084,2025-10-13,35.58234201974861,34626,33.81820198841452,0.2504348798081584,0.5008697596163145,43741.99642849958,43015.87452256264,2.522153209420121,trailing_stop,153,2.522153209420121,356.49965350419467,369.6222524327446
SRLN,2025-05-15,38.11555294272368,2025-10-13,39.168297349062705,31132,37.798715326331454,0.15841880819611492,0.3168376163922275,32774.03885814648,32052.23860996131,3.322662309881109,trailing_stop,151,3.322662309881109,355.9840182638621,365.816229921306
CTRE,2025-08-15,32.80430699624618,2025-10-13,32.829748291412095,76852,31.468586140161058,0.6678604280425632,1.3357208560851248,1955.2144160906676,441.9818910005332,0.019046865256321655,trailing_stop,59,0.019046865256321655,756.3229803826536,756.9095447074807
DIA,2025-08-25,450.9538492630166,2025-10-13,453.89925637356197,2757,442.29605672609165,4.3288962684624686,8.657792536924944,8120.487403773599,7372.083400101585,0.34020301341056597,trailing_stop,49,0.34020301341056597,372.983928725441,375.4200749465731
GOOGL,2025-09-04,229.2239044760075,2025-10-13,239.49996822659665,10697,218.68812193845218,5.267891268777667,10.53578253755532,109923.05394005208,108418.87216016215,0.9753488849983003,trailing_stop,39,0.9753488849983003,735.6024318539557,768.5793480359713
GOOG,2025-09-04,229.7274260520813,2025-10-13,240.3168676007562,5336,219.30259339896048,5.212416326560415,10.42483265312083,56505.260103729255,55752.813198449796,1.01579007558503,trailing_stop,39,1.01579007558503,367.7476636241718,384.6992416552905
VIG,2025-09-11,212.91284474748798,2025-10-13,212.87785623880436,5914,209.70131236014748,1.605766193670248,3.2115323873404975,-206.92204035495968,-962.3599020448396,-0.010894646064148703,trailing_stop,32,-0.010894646064148703,377.7499691509932,377.68789253888673
PATH,2025-10-10,18.598579999999995,2025-10-13,17.30268,140934,17.015190659571964,0.7916946702140161,1.583389340428031,-182636.37059999944,-184154.28305305142,-0.8184342075017891,stop_loss,3,-0.8184342075017891,786.3516821159998,731.5607709359999
KTOS,2025-07-14,50.955904999999994,2025-10-17,84.83008500000001,46468,46.17854233519583,2.3886813324020837,4.777362664804166,1574065.3962400008,1572172.4852250048,7.09056070822469,trailing_stop,95,7.09056070822469,710.3456980619999,1182.565316934
J,2025-10-16,160.05820266147916,2025-10-17,154.43691428860308,8330,154.19091503707907,2.9336438122000414,5.867287624400092,-46825.33214605775,-47611.255443316004,-0.958072747192249,stop_loss,1,-0.958072747192249,399.9854484510364,385.93784880721904
SLV,2025-10-17,48.50845999999999,2025-10-20,47.71224,27208,46.271938722926684,1.118260638536653,2.236521277073308,-21663.553759999755,-22448.945601679756,-0.35600823840223755,stop_loss,3,-0.35600823840223755,395.9454539039999,389.446387776
GDXJ,2025-09-03,82.825911908287,2025-10-22,89.97152860099571,29818,79.07542571187314,1.8752430982069292,3.75048619641386,213067.99854318844,211522.2563188567,1.9052507644318784,trailing_stop,49,1.9052507644318784,740.9109123843905,804.831311947347
GDX,2025-09-03,65.08455614532699,2025-10-22,69.91866276566093,18973,62.33932498329247,1.3726155810172587,2.7452311620345142,91717.50490759587,90949.08008587641,1.7609105882184957,trailing_stop,49,1.7609105882184957,370.45478512358665,397.97003659586545
CLF,2025-10-10,14.184169999999998,2025-10-22,13.0869,184796,13.008879647200345,0.5876451763998263,1.175290352799653,-202771.10691999967,-204282.98231551566,-0.9336161037876275,trailing_stop,12,-0.9336161037876275,786.3533637959999,725.5220317200001
BLK,2025-10-15,1181.4652303885614,2025-10-22,1109.8322616933851,2269,1131.5541605724359,24.955534908062713,49.91106981612552,-162535.20596935492,-164094.8921722151,-1.4352120473288819,stop_loss,7,-1.4352120473288819,804.2233823254937,755.4628205346874
MP,2025-07-11,45.57552999999999,2025-10-24,69.88005,52193,39.604428674117464,2.985550662941266,5.971101325882529,1268525.81236,1266718.020433918,4.070357991523079,trailing_stop,105,4.070357991523079,713.6170911869999,1094.1748348949998
ALLE,2025-07-25,162.59358073684666,2025-10-24,172.3515081624827,15200,156.19585921688915,3.198860759978758,6.397721519957514,148320.4968696678,146793.14726428685,1.5252191573510128,trailing_stop,91,1.5252191573510128,741.4267281600207,785.9228772209211
GLD,2025-09-03,328.08775999999995,2025-10-28,361.44819,3763,321.61812524383527,3.2348173780823375,6.46963475616468,125535.29809000024,124756.88095604524,5.156462653198795,trailing_stop,55,5.156462653198795,370.3782722639999,408.038861691
WMT,2025-10-15,106.78631114836779,2025-10-29,102.18868443687379,25107,102.99146811033201,1.8974215190178918,3.794843038035779,-115432.6138454799,-117006.6344097275,-1.2115459494403082,stop_loss,14,-1.2115459494403082,804.3251742006211,769.6953900469771
NEE,2025-10-08,82.07368900578562,2025-10-30,80.06502466648003,32241,78.69565616822895,1.6890164187783347,3.378032837556674,-64761.34696355174,-66329.601243804,-0.5946254627762767,trailing_stop,22,-0.5946254627762767,793.8413421706603,774.4129380815947
TEX,2025-10-28,57.78603966379764,2025-10-31,46.83136429241889,22219,53.9597020950897,1.9131687843539678,3.8263375687079346,-243401.9320766644,-244099.28030621534,-2.862966263344582,stop_loss,3,-2.862966263344582,385.1844045869759,312.1638249639766
PII,2025-10-15,68.0176914056347,2025-11-04,62.52983427575856,39418,62.30267912751998,2.8575061390573553,5.715012278114713,-216320.35234545742,-217864.12905565018,-0.9602529028487906,stop_loss,20,-0.9602529028487906,804.3364079481926,739.4403022445554
CACI,2025-10-24,588.1675799999999,2025-11-04,558.30114,4318,553.6197203607557,17.273929819622147,34.54785963924428,-128963.28791999955,-130448.42349988755,-0.8644946550052967,stop_loss,11,-0.8644946550052967,761.9122831319999,723.223296756
CAT,2025-10-15,530.9372553387044,2025-11-05,549.0291787666156,5049,505.9800350898015,12.478610124451443,24.9572202489029,91346.12138752357,89710.29622978423,0.7249174085686282,trailing_stop,21,0.7249174085686282,804.2106606615356,831.6144970777927
MMM,2025-10-22,165.00424278811172,2025-11-05,158.3007638559498,15503,157.24695805707674,3.878642365517494,7.757284731034986,-103924.03388530615,-105427.69314070702,-0.8641527499104095,stop_loss,14,-0.8641527499104095,767.4182327832289,736.241022617637
CMC,2025-10-22,61.079368546361934,2025-11-05,56.22344138352277,41881,56.753728619905125,2.1628199632284035,4.325639926456809,-203371.0855068671,-204844.91320166914,-1.1225916269958056,stop_loss,14,-1.1225916269958056,767.4195102270553,706.4081845749951
SATS,2025-09-02,61.00093999999999,2025-11-07,68.95098,40739,54.83459124163218,3.083174379183904,6.1663487583678105,323876.67956000037,322288.4461793364,1.28926214061631,trailing_stop,66,1.28926214061631,745.5351883979998,842.6981922660001
TER,2025-10-30,172.66294462157242,2025-11-14,163.51004695729827,14908,159.27367951198497,6.694632554793723,13.389265109587456,-136451.39837899903,-137954.8984665364,-0.6835997038941419,trailing_stop,15,-0.6835997038941419,772.2177535255205,731.2823340118208
FN,2025-11-05,461.31084999999996,2025-11-14,385.97364,5434,423.1769676405241,19.066941179737942,38.13388235947588,-409382.3991399998,-410763.64231559786,-1.9755976926193943,stop_loss,9,-1.9755976926193943,752.0289476699999,629.2142279279999
FLS,2025-10-30,68.65605338767232,2025-11-17,66.66191754702496,18746,64.3920289178883,2.1320122348920103,4.264024469784019,-37382.070468775404,-38143.071673717954,-0.46766519629010633,stop_loss,18,-0.46766519629010633,386.10791304159153,374.89329190095896
GM,2025-10-22,66.67882556942901,2025-11-18,67.3197334155074,38364,63.0609966612081,1.8089144541104538,3.6178289082209076,24587.788606951417,23045.57239188199,0.17715261344228755,trailing_stop,27,0.17715261344228755,767.4199392436724,774.7962758257577
IDXX,2025-11-04,718.15744,2025-11-18,669.50982,3557,680.8300210345901,18.663709482704938,37.327418965409834,-173039.58433999986,-174520.36407314584,-1.3032677144133702,stop_loss,14,-1.3032677144133702,766.345804224,714.433928922
MTSI,2025-11-07,164.0639,2025-11-18,158.09175,15506,152.22954058102601,5.917179709486982,11.834359418973975,-92604.15789999999,-94102.76155266998,-0.5046449738905917,trailing_stop,11,-0.5046449738905917,763.1924500199999,735.41120265
ACM,2025-08-27,124.38304153730924,2025-11-19,123.60799814227371,19999,120.0411566014156,2.170942467946825,4.3418849358936455,-15500.092857315452,-16987.964698081047,-0.1785039001444669,trailing_stop,84,-0.1785039001444669,746.2609343113943,741.6109064541996
DD,2025-11-05,37.34366149482502,2025-11-20,37.59695768389075,67127,35.375199043527026,0.9842312256489976,1.9684624512979951,17003.013283415192,15493.851600332295,0.12867717588349561,trailing_stop,15,0.12867717588349561,752.0303895489358,757.1312935339604
FLEX,2025-06-18,45.37532999999999,2025-11-21,54.485459999999996,25634,42.80204713102379,1.2866414344881014,2.5732828689762,233529.07242000013,232761.12297274213,3.5402753851248923,trailing_stop,156,3.5402753851248923,348.94536276599996,419.004084492
AEIS,2025-10-17,189.47158515679615,2025-11-21,189.15289485174145,6965,176.3378249615359,6.566880097630127,13.133760195260265,-2219.677974705997,-3010.813825683836,-0.02426497060375072,trailing_stop,35,-0.02426497060375072,395.9008771851256,395.2349737927138
MEDP,2025-10-24,603.6530499999999,2025-12-05,546.9824699999999,4208,566.0052383251715,18.823905837414227,37.647811674828404,-238469.80063999988,-239922.36292044786,-1.5052821792000817,stop_loss,42,-1.5052821792000817,762.05161032,690.510670128
ORI,2025-11-20,41.63189450412227,2025-12-05,40.23044538064682,59771,39.96597358110547,0.8329604615083979,1.6659209230167988,-83766.01555925122,-85233.91373442697,-0.8412458863519056,trailing_stop,15,-0.8412458863519056,746.5139899217677,721.3841852539924
L,2025-11-25,107.52120414587195,2025-12-05,104.36480686779569,11678,104.48991160323592,1.5156462713180106,3.0312925426360238,-36860.40741337451,-37602.72886435979,-1.0412710860732168,stop_loss,10,-1.0412710860732168,376.68978660464774,365.6316643806354
INCY,2025-11-04,101.94684499999998,2025-12-09,96.42348,25057,95.33948713651786,3.3036789317410595,6.607357863482122,-138398.9568049996,-139890.1263750571,-0.8359415539646787,stop_loss,35,-0.8359415539646787,766.3446285494998,724.8249415079999
BG,2025-10-17,93.21777662857856,2025-12-10,90.50559431712632,28317,87.68134078344562,2.7682179225664694,5.536435845132942,-76800.86651339303,-78361.61492191389,-0.48987875725797614,trailing_stop,54,-0.48987875725797614,791.8943342374376,768.8540742834199
JAZZ,2025-11-18,170.26009,2025-12-10,165.18465,14594,159.24721307234944,5.506438463825282,11.012876927650552,-74070.97135999979,-75539.61552066778,-0.46086413507962104,trailing_stop,22,-0.46086413507962104,745.4327260379999,723.21143463
WELL,2025-11-18,196.82461279072137,2025-12-10,195.0919844704304,12625,189.6594698116257,3.5825714895478256,7.165142979095663,-21874.432543673684,-23358.816655800296,-0.2418135025840986,trailing_stop,22,-0.2418135025840986,745.4732209448572,738.9108911817551
OHI,2025-11-19,43.6496147556729,2025-12-12,42.58249122899853,57095,42.04637166900607,0.8016215433334137,1.6032430866668292,-60927.41775547328,-62404.44438283173,-0.6656030738875294,trailing_stop,23,-0.6656030738875294,747.6524263425432,729.3742010159012
NVT,2025-08-04,90.16329120276771,2025-12-18,97.20343469748202,13522,85.07866810447206,2.542311549147827,5.084623098295651,95196.82033552697,94436.74847524002,1.3845949559317674,trailing_stop,136,1.3845949559317674,365.75640709314746,394.3154531938056
CSCO,2025-11-14,75.84236161294022,2025-12-18,75.44373117687907,33349,72.60220349589297,1.620079058523629,3.240158117047258,-13293.92641220343,-14807.498384737733,-0.12302808124204268,trailing_stop,34,-0.12302808124204268,758.780075228983,754.7918973053221
GEV,2025-12-11,710.9176326626707,2025-12-18,647.7909632644015,3548,646.1881733264577,32.364729668106534,64.72945933621304,-223973.42302505914,-225419.6324545639,-0.9752386323880948,stop_loss,7,-0.9752386323880948,756.7007282061467,689.5087012986289
COKE,2025-11-14,160.5580829813215,2025-12-30,153.19509439011946,15753,152.70986522806336,3.9241088766290586,7.848217753258126,-115989.15927720552,-117471.92541814521,-0.9381733308999153,stop_loss,46,-0.9381733308999153,758.7814443614272,723.9846965782656
ST,2025-12-10,34.24843209218421,2025-12-30,32.94829181295011,72522,32.10690703628428,1.070762527949966,2.1415250558999332,-94288.77333061538,-95750.74557392983,-0.6071095342322491,trailing_stop,20,-0.6071095342322491,745.129437656815,716.8428056576304
DCI,2025-12-05,93.32881794813407,2026-01-02,88.41997301342197,26918,89.66743863021753,1.8306896589582706,3.6613793179165413,-132136.2879525805,-133603.98213911144,-1.3407091995880447,stop_loss,28,-1.3407091995880447,753.6675364583618,714.0266500725877
CVNA,2025-12-09,88.3883,2026-01-02,84.251664,28235,79.84096452539869,4.2736677373006575,8.547335474601311,-116797.91745999988,-118260.26427506188,-0.4839678999721195,trailing_stop,24,-0.4839678999721195,748.6930951500001,713.653719912
JNJ,2025-11-18,195.78453462235547,2026-01-06,202.14535943591372,12692,189.97229191653506,2.9061213529102057,5.81224270582041,80731.58853368135,79216.43066906508,1.0943838954261993,trailing_stop,49,1.0943838954261993,745.4691940280807,769.6886705881851
WFRD,2026-01-06,89.6283597530758,2026-01-16,84.34073422172976,28272,84.03009786824956,2.7991309424131243,5.598261884826243,-149491.74902221517,-150967.28528967188,-0.9445120003545802,stop_loss,10,-0.9445120003545802,760.1918960816877,715.3443713750232
HLT,2025-12-18,292.87506608877464,2026-01-21,291.5114195164438,8440,281.32044640313416,5.777309842820241,11.554619685640489,-11509.177070472138,-12988.843652024552,-0.11801743453533954,trailing_stop,34,-0.11801743453533954,741.5596673367775,738.1069142156357
LUV,2025-12-12,40.9037742019275,2026-01-28,41.48531780730109,62084,38.503188409662464,1.200292896132517,2.4005857922650335,36104.55319601393,34570.03987952365,0.24225070699301415,trailing_stop,47,0.24225070699301415,761.8409752657401,772.6723412245443
GLW,2026-01-28,107.63082340725295,2026-01-30,103.15458925728105,12599,99.91696555957432,3.8569289238393134,7.713857847678625,-56396.074055495985,-57192.779679744126,-0.58028476002043,stop_loss,2,-0.58028476002043,406.81222323239393,389.8934010157452
EEM,2026-01-28,60.93086999999999,2026-01-30,59.75019,22256,59.68796859419335,0.6214507029033218,1.2429014058066414,-26277.214079999736,-27082.977381407738,-0.9499385828063557,stop_loss,2,-0.9499385828063557,406.8232328159999,398.940068592
SLV,2025-12-10,55.185129999999994,2026-02-02,73.72619999999999,45008,52.26020122586943,1.4624643870652834,2.9249287741305636,834496.4785599998,832755.8662178079,6.3389817092251555,trailing_stop,54,6.3389817092251555,745.1316993119999,995.48064288
NLY,2026-01-05,22.081945469118097,2026-02-02,22.19254496563223,113991,21.417959447006698,0.33199301105569956,0.6639860221113985,12607.34720714259,11093.279175398302,0.16656901324886317,trailing_stop,28,0.16656901324886317,755.1429137910724,758.925117953215
GDXJ,2026-01-21,139.20906999999997,2026-02-02,124.127748,18797,130.01700718520422,4.596031407397872,9.192062814795747,-283483.60963399947,-284968.5922843833,-1.640689614927864,stop_loss,12,-1.640689614927864,785.0138666369998,699.9687837468
APH,2025-06-02,89.01363061962236,2026-02-05,129.1234588680388,13002,84.64550491109489,2.1840628542637393,4.368125708527472,521507.9868859105,520657.12135465496,9.182388723409188,trailing_stop,248,9.182388723409188,347.20656759489896,503.6589636606721
NYT,2025-12-18,69.11348556502062,2026-02-05,67.31113585142266,35769,66.70322452245843,1.2051305212811,2.4102610425621975,-64468.24690568552,-65932.17859071895,-0.7477819546392358,stop_loss,49,-0.7477819546392358,741.6360795525668,722.2956054808611
SNDK,2026-02-02,589.3988099999999,2026-02-05,563.18625,4406,514.6836628613831,37.35757356930841,74.71514713861677,-115492.53935999973,-117016.02629230772,-0.3508332781754222,trailing_stop,3,-0.3508332781754222,779.0673470579999,744.41958525
ENS,2025-10-15,121.78607064602268,2026-02-06,163.10054519807548,22015,115.74178912535665,3.022140760333015,6.044281520666033,909538.1572634424,907656.6236091,6.835299515880304,trailing_stop,114,6.835299515880304,804.3361035816569,1077.1975507606896
EZU,2026-01-05,65.13506999999998,2026-02-06,66.77316,38645,64.0368799490696,0.5490950254651928,1.0981900509303841,63303.98805000076,61774.709985495756,1.4916270627404005,trailing_stop,32,1.4916270627404005,755.1434340449998,774.13463046
ENTG,2026-01-16,115.76230652597489,2026-02-06,112.48202570484735,22886,107.27283185832327,4.244737333825809,8.48947466765162,-75072.50687232506,-76639.58680855544,-0.3863938523342042,trailing_stop,21,-0.3863938523342042,794.8008441460385,772.2790920843408
SAIA,2026-02-05,407.22682,2026-02-11,385.299315,6487,377.24580046847416,14.990509765762894,29.981019531525817,-142243.72493499998,-143786.06004632346,-0.7313795642253813,stop_loss,6,-0.7313795642253813,792.5041144019999,749.8309969215001
FTV,2026-02-05,60.723595013799326,2026-02-12,58.87590778578052,21752,57.81267774920194,1.4554586322986924,2.910917264597387,-40190.89258386507,-40971.35109933401,-0.6347439861965167,stop_loss,7,-0.6347439861965167,396.2578916220489,384.20062384688936
EXPD,2025-11-05,132.92889686212192,2026-02-13,139.6725204203207,18857,126.87361664914124,3.0276401064903418,6.055280212980676,127164.50943695435,125622.37595924584,1.1136765469156162,trailing_stop,100,1.1136765469156162,751.9920624387098,790.1414152697962
MCK,2026-02-06,954.0999132657978,2026-02-13,914.714082386411,2720,905.1744219971899,24.462745634303925,48.92549126860786,-107129.45999193222,-108654.41221238443,-0.805016564129179,stop_loss,7,-0.805016564129179,778.5455292248911,746.4066912273113
IPGP,2026-02-13,147.71756999999997,2026-02-18,134.51535,17769,135.52482164633113,6.0963741768344235,12.192748353668833,-234590.2471799992,-236094.7462066432,-1.0827927893736418,stop_loss,5,-1.0827927893736418,787.4380503989998,717.0609762450001
MAR,2026-02-11,357.59669611657495,2026-02-24,341.06468146327205,7439,341.08670762810067,8.25499424423715,16.509988488474278,-122981.65700592023,-124540.85960226519,-1.00133411145889,stop_loss,13,-1.00133411145889,798.0485467233602,761.1540496215842
LUV,2026-01-30,48.162351649179705,2026-02-26,50.081463869936094,56337,45.17387286536074,1.4942393919094819,2.9884787838189624,108117.02518075271,106456.59663028258,0.6421702677453729,trailing_stop,27,0.6421702677453729,813.9967214579511,846.4318290121768
CGNX,2026-02-13,58.5412232268324,2026-03-02,53.64528167356742,22419,54.01299736623602,2.264112930298191,4.528225860596379,-109762.11368264764,-110516.64645865627,-1.0812052454954566,stop_loss,17,-1.0812052454954566,393.73070505670665,360.8020709519124
IEMG,2026-01-05,69.45939,2026-03-04,71.683245,36239,68.10521358210309,0.6770882089484542,1.354176417896909,80590.28134500001,79055.8209600705,1.6422195591426247,trailing_stop,58,1.6422195591426247,755.141650263,779.3187346665001
EFA,2026-01-05,97.35225499999999,2026-03-04,100.684215,12928,95.86042237537951,0.7459163123102381,1.4918326246204714,43075.57888000012,42307.51423475212,2.2334677128057003,trailing_stop,58,2.2334677128057003,377.57098579199993,390.493659456
JAZZ,2026-02-26,195.26006499999997,2026-03-05,186.82299,13712,184.84421220550516,5.207926397247411,10.41585279449481,-115689.17239999952,-117260.90925504752,-0.8100224884571422,stop_loss,7,-0.8100224884571422,803.2218033839998,768.515051664
COP,2026-03-03,120.09778947931449,2026-03-05,116.03944196236304,11180,114.0733965328897,3.0121964732123945,6.024392946424783,-45372.32523951713,-46164.329513772514,-0.6736525245020575,stop_loss,2,-0.6736525245020575,402.80798591362077,389.19628834176564
RRX,2026-02-06,202.00462143165612,2026-03-06,192.8561305015316,6425,187.90059279264952,7.052014319503296,14.1040286390066,-58779.054226050066,-59540.148325401286,-0.648643814067644,trailing_stop,28,-0.648643814067644,389.3639078095172,371.73019154170214
SON,2026-02-18,55.767900349956044,2026-03-06,52.951862694811304,47240,53.175504354398846,1.2961979977786002,2.5923959955571974,-133029.6188290375,-134570.39531090794,-1.0862683247354246,stop_loss,16,-1.0862683247354246,790.3426837595771,750.4337981108658
GLW,2026-02-24,147.64446996262217,2026-03-06,129.11100666664464,17992,135.59770925542068,6.023380353600738,12.046760707201486,-333454.07162122766,-334947.8869818818,-1.5384603169629099,stop_loss,10,-1.5384603169629099,796.9257910702494,696.8895695838811
MOG-A,2026-02-02,301.5695372830719,2026-03-09,310.08717875154167,8611,286.5460140059094,7.511761638581248,15.023523277162496,73345.41068499324,71765.31789046102,0.5669536573632885,trailing_stop,35,0.5669536573632885,779.0445856633596,801.0482088688576
TPR,2026-02-06,144.7592896670354,2026-03-09,140.00970779363757,17932,136.22088166842818,4.269203999303619,8.538407998607227,-85169.50215376988,-86701.44545250932,-0.5562608245205166,trailing_stop,31,-0.5562608245205166,778.7470746927836,753.1962240466528
WAB,2026-02-12,257.16925001078357,2026-03-09,240.47825150315515,5187,246.83682251595988,5.1662137474118515,10.33242749482369,-86576.20925906862,-87350.59853617447,-1.615399528909371,stop_loss,25,-1.615399528909371,400.1810699417803,374.2082071640598
MRNA,2026-03-05,57.01195499999999,2026-03-09,53.2467,46176,49.863679994290955,3.5741375028545184,7.1482750057090385,-173864.41487999982,-175391.80597598382,-0.5267361701939054,stop_loss,4,-0.5267361701939054,789.7752102239999,737.61588576
BEN,2026-02-02,26.180743315226977,2026-03-10,25.458474288057896,99193,24.969234099782202,0.6057546077223875,1.2115092154447744,-71644.03161198257,-73180.70628549937,-0.5961729535040455,stop_loss,36,-0.5961729535040455,779.0839415001927,757.590732016598
HSY,2026-02-06,222.6072639644967,2026-03-10,217.86835535152073,11661,211.9784399071352,5.3144120286807475,10.628824057361498,-55260.41333591269,-56801.32919496592,-0.44585446023013287,trailing_stop,32,-0.44585446023013287,778.7469915269988,762.168867526225
PBF,2026-03-05,45.15991015272715,2026-03-10,38.77858028097507,58294,40.751762997174666,2.2040735777762426,4.408147155552484,-371993.24354391574,-373461.17665231845,-1.4476217890580587,stop_loss,5,-1.4476217890580587,789.765540732923,678.1675676697483
CF,2026-03-09,116.35218313981166,2026-03-11,112.75651823762107,21659,107.86600973265635,4.243086703577649,8.486173407155306,-77878.50611654602,-79367.18572548615,-0.4237086292814647,stop_loss,2,-0.4237086292814647,756.0215803875543,732.6580285525904
TXNM,2025-05-20,55.001208729849616,2026-03-12,58.070049772067655,43494,51.899654664244075,1.5507770328027695,3.1015540656055407,133476.17229023142,132000.7958950467,0.9894526992934705,trailing_stop,296,0.9894526992934705,717.6667717488239,757.7096234358931
STLD,2025-10-22,152.144649954658,2026-03-13,175.39746191765576,16813,143.3108686325302,4.416890661063902,8.833781322127805,390949.52753388125,389297.4378758085,2.63226031017449,trailing_stop,142,2.63226031017449,767.4023999062996,884.6872581664641
DG,2025-12-05,124.19674663831238,2026-03-13,134.14212179561167,20228,117.42504370064881,3.385851468831781,6.771702937663562,201175.04868185017,199607.34509264573,1.468666781288363,trailing_stop,98,1.468666781288363,753.6755372999348,814.0280519044899
ATI,2025-10-29,100.1,2026-03-16,144.7551,25482,93.10339860261405,3.4983006986929723,6.996601397385945,1137901.2582,1136029.4389025401,6.382398748152775,trailing_stop,138,6.382398748152775,765.2244599999999,1106.5948374599998
TKR,2025-12-11,87.36015940695276,2026-03-16,98.30765300033174,14439,83.1689572402374,2.095601083357677,4.191202166715357,158070.85999479907,157266.60273179444,2.6120175448273653,trailing_stop,95,2.6120175448273653,378.4180025030973,425.839260501537
AHR,2025-05-19,34.67796740979958,2026-03-23,49.00093103566932,69047,32.61353611557153,1.0322156471140238,2.0644312942280507,988957.669475428,987224.3364051387,6.937970600385372,trailing_stop,308,6.937970600385372,718.3228847233295,1015.0101855659578
PNW,2026-03-04,101.15787761315654,2026-03-23,97.35161547353142,25957,97.34480962287613,1.9065339951402098,3.813067990280416,-98799.14635824921,-100344.95963186456,-0.9982151247571128,stop_loss,19,-0.9982151247571128,787.7265087614113,758.0867648539365
ADM,2026-03-12,71.09478448825303,2026-03-23,65.73299715641615,35331,67.0910196532655,2.0018824174937633,4.003764834987521,-189437.3082211288,-190887.58692711516,-1.339186379025578,stop_loss,11,-1.339186379025578,753.5549492263402,696.7237567600017
BG,2026-03-13,125.7065271704121,2026-03-23,117.47102951574622,9916,118.01721711873974,3.8446550258361833,7.689310051672365,-81663.19474366684,-82386.59933929682,-1.0710320691093371,stop_loss,10,-1.0710320691093371,373.9517770265419,349.45281860344187
NSA,2026-03-17,40.87082999999999,2026-03-23,37.562400000000004,60728,38.0372955224742,1.4167672387628927,2.833534477525788,-200914.33703999923,-202343.26499743122,-1.1675982862537366,stop_loss,6,-1.1675982862537366,744.6011292719999,684.32682816
KR,2026-03-09,73.27512749434463,2026-03-26,70.31646263075473,34392,69.1750671225912,2.0500301858767136,4.100060371753429,-101754.40198858392,-103235.92257885865,-0.7216149508365902,trailing_stop,17,-0.7216149508365902,756.0234554356502,725.497134839075
VRT,2026-03-11,272.3186998486031,2026-03-31,232.767,9167,244.7827522645291,13.767973792037003,27.535947584073995,-362570.4325121447,-363959.4686952983,-1.436366034901907,stop_loss,20,-1.436366034901907,748.9036564536434,640.1325267000001
XOP,2026-03-06,165.22604061575586,2026-04-02,181.10871,7775,156.84305905438532,4.191490780685277,8.382981561370542,123487.75446249818,122679.92865668694,1.8946325084899107,trailing_stop,27,1.8946325084899107,385.38973973625053,422.436066075
OVV,2026-03-10,52.667336994472194,2026-04-02,59.355585,23738,49.26432612030901,1.7015054370815945,3.4030108741631864,158765.63115521902,157967.8711185276,1.9653913116491202,trailing_stop,23,1.9653913116491202,375.0651736724343,422.69486301899997
CVX,2026-03-13,194.4413455258311,2026-04-02,200.49817817663416,12822,186.78057124858114,3.830387138624979,7.6607742772499705,77660.70824859665,76141.53387672275,0.7906293060728712,trailing_stop,20,0.7906293060728712,747.938079699662,771.2362921742409
MTDR,2026-03-09,56.67241520621534,2026-04-09,59.903121304927765,22234,52.78888640359144,1.9417644013119506,3.8835288026239,71831.51939877204,71053.93725513542,0.8318996106143473,trailing_stop,31,0.8318996106143473,378.01634390849756,399.5657997281292
OXY,2026-03-13,57.495897315237855,2026-04-09,59.76775261504259,21681,53.775084209633164,1.8604065528023455,3.720813105604691,49256.09475506644,48493.376796824916,0.610580331590055,trailing_stop,27,0.610580331590055,373.97056490750157,388.7473933340215
PSX,2026-03-13,171.84905076488508,2026-04-09,166.66476943718618,14507,161.60225991859662,5.123395423144232,10.246790846288462,-75208.36922092791,-76681.61521782934,-0.5059419486030322,trailing_stop,27,-0.5059419486030322,747.9042538338564,725.341743067578
DVN,2026-03-13,45.56552,2026-04-09,48.10185,27358,42.75131670854399,1.4071016457280057,2.8142032914560104,69388.91613999999,68620.15056746198,0.9012604056360672,trailing_stop,27,0.9012604056360672,373.974448848,394.79112369
APA,2026-03-20,38.12789403293082,2026-04-09,38.96479677364774,32939,35.480558298216934,1.3236678673569426,2.6473357347138844,27566.739376474718,26804.932533731353,0.3161301869433544,stop_loss,20,0.3161301869433544,376.76841046521247,385.03843227815486
DOW,2026-03-13,37.35036290326631,2026-04-10,38.0667338709955,33375,34.29264190257406,1.5288605003461233,3.057721000692247,23908.881047961735,23153.76736650944,0.23428264631305767,trailing_stop,28,0.23428264631305767,373.9705085689539,381.14317288334246
MPC,2026-03-13,227.51758176701685,2026-04-10,219.96759338093267,5479,211.87829308066142,7.819644343177717,15.639288686355428,-41366.386367355226,-42101.91774974591,-0.482757786335334,trailing_stop,28,-0.482757786335334,373.9706491504456,361.560733240239
MUR,2026-03-16,35.786336513850074,2026-04-10,37.16086028929681,34570,32.58669269390724,1.5998219099714168,3.1996438199428354,47517.286917193545,46760.751539148114,0.4295864954966424,trailing_stop,25,0.4295864954966424,371.14009598513906,385.3952820602972
DAR,2026-03-12,55.125069999999994,2026-04-16,58.41153,45566,51.892497987432385,1.6162860062838054,3.2325720125676085,149750.83636000025,148198.81374532025,1.0166703130581132,trailing_stop,35,1.0166703130581132,753.548681886,798.473932794
AVT,2026-04-14,73.3971660377434,2026-04-16,69.84675785372768,35223,69.4096605304293,1.9937527536570496,3.987505507314097,-125056.0274655858,-126569.67168495458,-0.8903832678107586,stop_loss,2,-0.8903832678107586,775.5805138042308,738.063705564555
LYB,2026-03-06,66.6126495974881,2026-04-20,66.25212472360926,38574,61.43489858331253,2.5888755070877854,5.17775101417557,-13906.886485002555,-15444.42422640116,-0.06962962739842164,trailing_stop,45,-0.06962962739842164,770.8549036720518,766.682837726551
CHRD,2026-03-06,119.0973733144988,2026-04-20,124.18045009706748,21575,111.35340805198764,3.871982631255579,7.7439652625111535,109667.38158391931,108092.76587188794,0.6563919917327187,trailing_stop,45,0.6563919917327187,770.8577487780934,803.7579632532693
CAR,2026-04-09,261.16089999999997,2026-04-23,401.602995,9620,231.9632896799202,14.598805160039888,29.197610320079775,1351052.9539000005,1349140.2172990306,4.810054434606083,trailing_stop,14,4.810054434606083,753.7103573999999,1159.02624357
BKH,2026-04-15,75.99321738306888,2026-04-23,72.40798945927094,34034,72.29690994472914,1.848153719169875,3.696307438339744,-122019.64715853924,-123534.8531606409,-0.9699485185161728,stop_loss,8,-0.9699485185161728,775.9059481246098,739.300053977048
FIVE,2026-04-21,249.18893999999997,2026-04-27,235.15461,10836,231.0417537978414,9.073593101079286,18.147186202158565,-152075.9998799998,-153650.50389233982,-0.7733612166458419,stop_loss,6,-0.7733612166458419,810.0634061519999,764.440606188
TXN,2026-04-24,286.6691814672948,2026-04-27,274.506643403442,9272,270.69405473986376,7.987563363715506,15.975126727431018,-112771.05292804283,-114332.01960250326,-0.7613421959882405,stop_loss,3,-0.7613421959882405,797.3989951694272,763.5676792910142
RMBS,2026-04-27,156.64649,2026-04-28,116.3835,17335,142.3049254579884,7.170782271005811,14.34156454201161,-697958.93165,-699378.8241129951,-2.807433588019996,stop_loss,1,-2.807433588019996,814.640071245,605.2523917499999
DLR,2026-04-09,185.90571999999997,2026-04-29,193.76604,13515,177.8237543858963,4.040982807051837,8.081965614103666,106232.2248000004,104692.8456490804,0.972575283701177,trailing_stop,20,0.972575283701177,753.7547417399999,785.62440918
GEV,2026-04-23,1149.03789,2026-04-29,1090.69821,2303,1065.987581154343,41.52515442282859,83.05030884565713,-134356.2830400001,-135903.7167114901,-0.7024619271244378,stop_loss,6,-0.7024619271244378,793.870278201,753.563393289
MCHP,2026-04-24,90.75911708258039,2026-04-29,88.48010576771931,14643,84.762260938321,2.99842807212969,5.996856144259382,-33371.5626835108,-34158.94266556988,-0.3800343480046144,stop_loss,5,-0.3800343480046144,398.69572543206743,388.6842566270142
BWXT,2026-04-09,231.31489960528475,2026-04-30,209.30381662959508,10862,210.14668553268524,10.584107036299748,21.16821407259951,-239084.38328194123,-240520.1834306642,-1.0398176671966477,stop_loss,21,-1.0398176671966477,753.7627318537809,682.0374168691985
TER,2026-04-09,360.22750346467484,2026-04-30,326.55288944201766,3487,322.77024273202744,18.728630366323703,37.4572607326474,-117423.37909700559,-118141.82006602528,-0.8990143263014079,stop_loss,21,-0.8990143263014079,376.83399137439636,341.60697764529465
CLH,2026-04-09,301.82151999999996,2026-05-07,290.64906,8324,285.1539808976919,8.333769551154028,16.66753910230807,-92999.55703999953,-94479.07457237554,-0.6703125117284301,stop_loss,28,-0.6703125117284301,753.7086997439999,725.808832632
BKR,2026-04-27,69.83303337741938,2026-05-08,63.54639,38887,65.60455191382576,2.1142407317968113,4.228481463593624,-244468.70101770747,-246024.71870877076,-1.486737835212503,stop_loss,11,-1.486737835212503,814.6791506843122,741.338540379
CRS,2026-04-09,430.3090667488085,2026-05-18,414.04553999999996,5839,390.1469947478237,20.081036000492382,40.16207200098478,-94962.7326862931,-96441.78865093499,-0.40494740282348385,trailing_stop,39,-0.40494740282348385,753.7723922238878,725.283572418
SITM,2026-05-08,803.8029999999999,2026-05-18,784.215,3388,727.1551951396726,38.323902430163635,76.64780486032726,-66364.14399999949,-67978.2054951995,-0.2555585255924082,trailing_stop,10,-0.2555585255924082,816.9853692,797.0761259999999
GNRC,2026-04-30,256.30604999999997,2026-05-20,245.06469,5140,235.35924468995034,10.473402655024811,20.946805310049626,-57780.59039999978,-58553.704081079784,-0.5366622658495185,trailing_stop,20,-0.5366622658495185,395.2239290999999,377.88975197999997
FLEX,2026-05-07,132.43730499999998,2026-05-20,127.63224000000001,10555,122.10340594728623,5.166949526356875,10.333899052713747,-50717.46107499969,-51540.97128924219,-0.46498083399974094,stop_loss,13,-0.46498083399974094,419.3627262824999,404.14748796000003
COST,2026-05-20,1090.4593699999998,2026-05-22,1038.95001,2495,1050.265201306267,20.097084346866353,40.19416869373276,-128515.85319999947,-130109.71612092947,-1.2815132561264126,stop_loss,2,-1.2815132561264126,816.2088384449997,777.654082485
CASY,2026-04-09,753.8295661069391,2026-05-28,792.08712,3333,716.13533023182,18.847117937559517,37.694235875119034,127512.42712557217,125966.66503113383,1.0149444074104115,trailing_stop,49,1.0149444074104115,753.7541831503283,792.007911288
INTC,2026-04-09,58.45839999999999,2026-06-08,110.889,42981,52.56071443621787,2.948842781891058,5.897685563782119,2253519.6186,2251336.0024201805,8.890029729963572,trailing_stop,60,8.890029729963572,753.7801471199998,1429.8360327
NXPI,2026-04-30,289.72943999999995,2026-06-08,307.48221,9094,268.71226080456785,10.508589597716046,21.017179195432107,161443.6903800005,159814.3775564705,0.8446790044906911,trailing_stop,39,0.8446790044906911,790.4398582079999,838.8729653220001
LSCC,2026-05-21,138.57843999999997,2026-06-08,140.99885999999998,10099,125.33532957595166,6.621555212024155,13.24311042404831,24443.821580000073,23596.786234190073,0.18276824118333557,trailing_stop,18,0.18276824118333557,419.8510996679999,427.18424614199995
NTAP,2026-06-01,171.84166999999997,2026-06-11,160.74909,8614,158.13918440754745,6.851242796226264,13.702485592452518,-95551.48411999973,-96410.96516199173,-0.8095304990584983,trailing_stop,10,-0.8095304990584983,444.0732436139999,415.407798378
ROST,2025-11-24,172.44007674455096,2026-06-12,240.13,14376,165.61956732014193,3.4102547122045266,6.820509424409039,973110.3367203353,971331.0044933513,9.924467373830218,end_of_backtest,200,9.924467373830218,743.6995629838993,1035.632664
HAL,2026-01-06,31.505022642763727,2026-06-12,39.6,40215,29.667295784283134,0.9188634292402966,1.8377268584805933,325539.5144212568,324681.6678755831,4.404886025298171,end_of_backtest,157,4.404886025298171,380.09234567362296,477.7542
SLAB,2026-02-05,204.20399999999998,2026-06-12,219.51,12936,186.22703368602373,8.988483156988117,17.97696631397625,197998.41600000014,196354.06670880015,0.8514228559298302,end_of_backtest,127,0.8514228559298302,792.4748831999999,851.874408
MPWR,2026-04-09,1314.2529399999999,2026-06-12,1577.32,1911,1202.9823695898651,55.63528520506736,111.27057041013472,502721.15166000015,501063.41289349814,2.3642105817410233,end_of_backtest,64,2.3642105817410233,753.4612105019999,904.277556
ARW,2026-04-14,177.35718,2026-06-12,226.78,7288,166.56952157442296,5.393829212788512,10.787658425577035,360193.51216,359309.906629648,4.581422404218954,end_of_backtest,59,4.581422404218954,387.77373835199995,495.831792
ON,2026-04-17,80.42034,2026-06-12,116.79,16242,74.59857718908465,2.9108814054576735,5.821762810915345,590716.0177200001,589755.0906173161,6.24719027230202,end_of_backtest,56,6.24719027230202,391.85614868400006,569.0709540000001
AMD,2026-04-17,281.28099999999995,2026-06-12,511.57,9287,260.5096681221779,10.385665938911027,20.771331877822035,2138693.9430000004,2136484.9808289004,11.086867291638828,end_of_backtest,56,11.086867291638828,783.6769940999998,1425.285177
BNY,2026-04-17,135.56165734221477,2026-06-12,143.98,19270,129.92875380381474,2.8164517692000155,5.632903538400029,162221.46301552115,160605.4326944258,1.494494375839492,end_of_backtest,56,1.494494375839492,783.6819410953436,832.3483799999999
JBHT,2026-04-17,238.80110067116712,2026-06-12,289.36,10939,224.29757041500937,7.251765128078877,14.503530256157745,553063.799758103,551330.5334740304,3.4859719279288686,end_of_backtest,56,3.4859719279288686,783.6735720725692,949.5927120000001
VICR,2026-04-20,218.218,2026-06-12,303.77,12079,189.66494349695213,14.276528251523933,28.553056503047856,1033382.6079999999,1031491.0800843999,2.9962466536942505,end_of_backtest,53,2.9962466536942505,790.7565666,1100.7713489999999
STT,2026-04-20,146.71657,2026-06-12,167.63,8983,139.40570569611276,3.655432151943619,7.310864303887229,187865.34169000006,187018.20911850705,2.8605961115815286,end_of_backtest,53,2.8605961115815286,395.38648449299995,451.746087
BEN,2026-04-29,29.884854999999998,2026-06-12,32.13,87360,28.18210019714212,0.8513774014289389,1.7027548028578785,196135.8672000004,194510.58188016037,1.3185368769665404,end_of_backtest,44,1.3185368769665404,783.2222798399999,842.06304
CNC,2026-04-29,50.630579999999995,2026-06-12,65.19,51564,47.0933309523659,1.7686245238170444,3.5372490476340914,750741.9328800001,748950.2811638641,4.1160290960395205,end_of_backtest,44,4.1160290960395205,783.214568136,1008.4371479999999
NUE,2026-04-29,226.22599999999997,2026-06-12,266.35,11540,215.22128503135556,5.502357484322198,11.004714968644407,463030.9600000006,461325.6618880006,3.6460735343282265,end_of_backtest,44,3.6460735343282265,783.1944119999999,922.1037000000002
KNX,2026-05-18,69.36757661226619,2026-06-12,81.54,19935,63.93210865160754,2.7177339803293252,5.435467960658649,242657.2602344736,241754.75747254395,2.239443498855397,end_of_backtest,25,2.239443498855397,414.852791929658,487.64997
D,2026-05-19,66.60305983802718,2026-06-12,67.91,41108,63.626328786934856,1.4883655255461608,2.9767310510923224,53725.69617837861,52066.82731923213,0.4390521479907403,end_of_backtest,24,0.4390521479907403,821.3755751464864,837.493284
DELL,2026-05-26,300.55024999999995,2026-06-12,395.57,9425,273.4776876536471,13.536281173176448,27.072562346352868,895561.1437500004,893592.8637431255,3.5098173857488897,end_of_backtest,17,3.5098173857488897,849.805831875,1118.474175
AMG,2026-06-08,337.42708999999996,2026-06-12,354.62,8442,316.3821956273451,10.522447186327433,21.04489437265488,145142.54622000034,143389.86775986635,0.8169634732089701,end_of_backtest,4,0.8169634732089701,854.5678481339999,898.1106120000001
TKR,2026-06-09,136.82668999999999,2026-06-12,137.06,21326,128.8096081996943,4.008540900152844,8.017081800305675,4975.569060000367,3223.296794718368,0.02910161151045279,end_of_backtest,3,0.02910161151045279,875.3897972819999,876.882468
CRS,2026-06-10,524.4339099999999,2026-06-12,561.49,5549,485.8613895536809,19.286260223159474,38.57252044631895,205624.24341000084,203816.50587702382,0.9606862494653623,end_of_backtest,2,0.9606862494653623,873.0251299769998,934.7124030000001
CASY,2026-06-11,920.1041849999998,2026-06-12,895.14,3100,860.627826768241,29.738179115879404,59.47635823175881,-77388.97349999943,-79077.15059204942,-0.41973291139855967,end_of_backtest,1,-0.41973291139855967,855.6968920499999,832.4802
