ticker,entry_date,entry_price,exit_date,exit_price,shares,stop_loss,atr_at_entry,R,gross_pnl,net_pnl,pnl_r_multiple,exit_reason,holding_days,gap_adjusted_loss_multiple,entry_commission,exit_commission
EXC,2004-11-02,12.74655152434447,2004-11-03,12.620123946696058,39724,12.358056727304554,0.1942473985199579,0.3884947970399164,-5022.20909450553,-5324.508839429014,-0.3254292685814845,stop_loss,1,-0.3254292685814845,151.90320382591793,150.39654109756626
CVS,2004-11-05,15.35358568171527,2004-11-09,14.707403260981367,33437,14.756023407261877,0.29878113722669675,0.5975622744533933,-21606.401602079495,-21907.94638826258,-1.0813641495775204,stop_loss,4,-1.0813641495775204,154.01335333185403,147.53143285123022
YUM,2004-11-04,10.658531470874767,2004-11-18,10.639645250436715,47585,10.33046938115362,0.16403104486057393,0.32806208972114703,-898.7007995447041,-1202.742921329786,-0.05756904265928834,trailing_stop,14,-0.05756904265928834,152.15586601247273,151.88625577260933
VNO,2004-11-10,22.243292963493595,2004-11-18,22.520287683385703,23108,21.575734665446273,0.33377914902366157,0.6675582980473216,6400.793987266849,6090.474940790424,0.4149371233978329,trailing_stop,8,0.4149371233978329,154.199404140123,156.11964233630303
ABT,2004-11-04,12.783981837768193,2004-11-22,12.553652041452773,39674,12.370845206945612,0.2065683154112909,0.41313663082258145,-9138.104339017975,-9439.67792497524,-0.5575148247126349,trailing_stop,18,-0.5575148247126349,152.1575086294846,149.41607732777922
NKE,2004-11-05,8.026734817995111,2004-11-22,7.797689210534741,63958,7.772753905808348,0.12699045609338125,0.2539809121867629,-14649.298961950355,-14952.92851555537,-0.9018221309951957,stop_loss,17,-0.9018221309951957,154.01217164679937,149.61738195821428
GE,2004-11-05,100.56298029850639,2004-11-30,100.64719518520421,2552,97.72108335050126,1.4209484740025664,2.841896948005129,214.91639085284191,60.869880502513084,0.029633335845248278,trailing_stop,25,0.029633335845248278,76.99101771653649,77.05549263379235
PFG,2004-11-03,20.014134997540104,2004-12-01,20.09432619076541,25196,19.26135264082613,0.37639117835698727,0.7527823567139755,2020.4973045048348,1717.325468074671,0.10652639838074227,trailing_stop,28,0.10652639838074227,151.28284361940612,151.8889928107576
ED,2004-11-05,18.089239397324842,2004-12-01,17.83730848102142,14190,17.66126706560885,0.21398616585799557,0.427972331715992,-3574.8997023455613,-3727.8390166636814,-0.5886616905660313,trailing_stop,26,-0.5886616905660313,77.00589211441185,75.93342220370819
DUK,2004-10-28,15.796106937906805,2004-12-02,16.17231583189651,32012,15.316861284159433,0.2396228268736858,0.4792456537473715,12043.199114398394,11736.187169486311,0.7850022030414023,trailing_stop,35,0.7850022030414023,151.69949258888178,155.3124523232013
PCG,2004-11-02,19.67238104747278,2004-12-02,19.94306621128762,25739,19.19658118540295,0.23789993103491333,0.4757998620698274,6967.1654314301495,6661.26683233218,0.5689055113158359,trailing_stop,30,0.5689055113158359,151.90422473427054,153.9943743636996
SO,2004-11-05,12.540371544710341,2004-12-03,12.553977459789674,20469,12.20172411840964,0.1693237131503504,0.3386474263007013,278.499475758873,124.40260682693976,0.04017722865329542,trailing_stop,28,0.04017722865329542,77.0066595446028,77.09020938733046
LIN,2004-12-03,30.989925091498375,2004-12-08,29.8513766456837,16818,30.053191874353164,0.46836660857260454,0.9367332171452105,-19148.10776171119,-19455.07646549597,-1.2154457907284595,stop_loss,5,-1.2154457907284595,156.3565680566459,150.61213572813253
SWK,2004-11-05,27.06435912643179,2004-12-09,26.378358135333404,18968,26.05394677772079,0.5052061743554992,1.0104123487110002,-13012.066799154176,-13316.177237460524,-0.6789317173068287,trailing_stop,34,-0.6789317173068287,154.00702917304747,150.1034091333012
NOC,2004-11-18,32.34165991471426,2004-12-09,31.58143209163435,16050,31.35838807359594,0.49163592055916105,0.9832718411183237,-12201.656560432592,-12509.446248443159,-0.7731613896471067,trailing_stop,21,-0.7731613896471067,155.72509248934918,152.0645955212194
LMT,2004-11-30,32.78640641034668,2004-12-09,31.81016170995818,7931,31.924835653746534,0.43078537830007235,0.8615707566001447,-7742.596718781183,-7896.291333309825,-1.1330986955045577,stop_loss,9,-1.1330986955045577,78.00869677213785,75.6859177565035
RL,2004-11-04,29.091900952366082,2004-12-10,29.19214417046877,17434,27.867599625015412,0.6121506636753355,1.2243013273506698,1747.640264402243,1442.8030516007923,0.08187789710202183,trailing_stop,36,0.08187789710202183,152.1564603610651,152.68075244038576
TT,2004-12-02,16.993806971431702,2004-12-10,16.87001968403946,30738,16.392119486415243,0.3008437425082287,0.6016874850164591,-3804.9736398627783,-4117.24553098354,-0.20573352525166325,stop_loss,8,-0.20573352525166325,156.7066916063603,155.56519951440148
EFA,2004-12-02,28.362834656946095,2004-12-10,27.518391771204012,9208,27.793649224622975,0.284592716161561,0.5691854323231205,-7775.630091913102,-7929.996391798224,-1.4835989078207854,stop_loss,8,-1.4835989078207854,78.3494944563479,76.01680542877395
IWD,2004-12-02,40.13418630706042,2004-12-10,39.8028915393963,6507,39.46094619370159,0.3366200566794152,0.6732401133588297,-2155.7350531904203,-2311.780222854489,-0.4920900598321036,stop_loss,8,-0.4920900598321036,78.34594509001265,77.6992245740555
PPG,2004-11-04,19.804331461035066,2004-12-13,20.23967744878074,25610,19.144645986305523,0.3298427373647719,0.6596854747295424,11149.2107461667,10841.552625712586,0.6599296246808474,trailing_stop,39,0.6599296246808474,152.15667861513242,155.50144183898243
WM,2004-12-13,17.74871788252456,2004-12-17,16.99222939366672,29076,17.178786671759735,0.2849656053824116,0.5699312107648247,-21995.65930203057,-22298.69763693133,-1.3273329738209345,stop_loss,4,-1.3273329738209345,154.8185163456852,148.21981855507605
GE,2004-12-14,106.81958923650916,2004-12-20,105.26608314532986,4859,103.92216899770885,1.448710119400151,2.897420238800308,-7548.486097040224,-7857.643381671231,-0.5361687167003908,stop_loss,6,-0.5361687167003908,155.71091523005938,153.44636940094736
TLT,2004-12-16,44.670359353103144,2004-12-20,44.07525105996684,11635,44.00473490136532,0.3328122258689151,0.6656244517378269,-6924.084990640921,-7233.851543787742,-0.8940601439484146,stop_loss,4,-0.8940601439484146,155.9218893220065,153.84466382481426
GD,2004-11-04,32.936263804143316,2004-12-31,32.94251143816307,15399,31.81256057720729,0.5618516134680134,1.1237032269360263,96.20731627024878,-208.13286171663404,0.005559861242717052,trailing_stop,57,0.005559861242717052,152.15565789600086,152.18452009088196
RTX,2004-12-02,19.243606677241015,2005-01-05,19.790416338031786,27144,18.747910696842634,0.24784799019919027,0.4956959803983807,14842.60143250469,14524.739576286722,1.1031149785626895,trailing_stop,34,1.1031149785626895,156.70453789410902,161.15731832386047
IWD,2004-12-16,40.63739336884873,2005-01-05,40.124348805371376,6395,39.97929110235067,0.32905113324902746,0.6581022664980551,-3280.9199834376586,-3435.8613857989,-0.7795818212379109,trailing_stop,20,-0.7795818212379109,77.96283917813628,76.978563183105
EFA,2005-01-03,29.17937124422996,2005-01-05,28.395728558195238,8981,28.573460753839104,0.30295524519542655,0.6059104903908548,-7037.894963277829,-7193.019554675503,-1.2933307781636467,stop_loss,2,-1.2933307781636467,78.61797994332878,76.50661145434543
LH,2004-11-01,37.42819496508961,2005-01-06,39.08244248953217,13529,36.06323546333039,0.6824797508796092,1.3649595017592162,22380.3147581834,22069.781033946325,1.2119389053744802,trailing_stop,66,1.2119389053744802,151.9098149048092,158.62390933226422
IJR,2004-11-04,18.89517113207118,2005-01-06,19.49437715866418,26842,18.379019430629096,0.2580758507210411,0.5161517014420838,16083.888165809269,15774.752489243294,1.160910687534049,trailing_stop,63,1.160910687534049,152.15525505811638,156.98042150785915
D,2004-12-09,13.959506403243783,2005-01-06,13.776292806640477,36720,13.607761308646623,0.1758725472985802,0.35174509459715964,-6727.603267273386,-7033.140831369472,-0.5208703672559623,trailing_stop,28,-0.5208703672559623,153.7779225381335,151.75964155795148
NKE,2004-12-20,8.648471087903662,2005-01-06,8.294775802174637,60002,8.32553385131362,0.16146861829502038,0.32293723659004137,-21222.42453431293,-21527.413144282473,-1.0952446656934443,stop_loss,17,-1.0952446656934443,155.67766866491866,149.31094130462478
BALL,2004-10-29,8.111028839341586,2005-01-13,8.484322594937513,62423,7.788901863337619,0.16106348800198317,0.32212697600396645,23302.116105564583,22991.33661878998,1.158840405813548,trailing_stop,76,1.158840405813548,151.89442597146595,158.88506080313533
CPB,2004-11-23,14.882129791912394,2005-01-14,15.087355938975163,34871,14.404664367237922,0.23873271233723573,0.47746542467447206,7156.440974225809,6842.9211931492755,0.4298241013005047,trailing_stop,52,0.4298241013005047,155.68642439213315,157.83335668440085
ALV,2004-11-23,20.13063242164237,2005-01-14,19.897235195516597,25779,19.58535544988663,0.2726384858778693,0.5452769717557402,-6016.747092296333,-6326.310612087155,-0.42803426188026467,trailing_stop,52,-0.42803426188026467,155.68427195925563,153.87924783156672
COF,2004-12-13,59.23179737886471,2005-01-21,57.07482132426066,8712,57.28297742656216,0.9744099761512747,1.94881995230255,-18791.575387710494,-19095.554366352982,-1.106811356305934,stop_loss,39,-1.106811356305934,154.80822562940082,149.17075301308768
BIIB,2004-12-09,64.5645,2005-01-25,63.33660152435303,7939,60.96976362686547,1.79736818656726,3.5947363731345234,-9748.28599816127,-10052.908051661821,-0.3415823437912553,trailing_stop,47,-0.3415823437912553,153.77326964999997,150.8487838505516
MCO,2004-10-28,30.325918941138877,2005-01-26,32.46697940898058,16674,29.393636682249113,0.4661411294448823,0.9322822588897637,35700.04224079252,35385.93960466555,2.296579654311396,trailing_stop,90,2.296579654311396,151.6963117273649,162.40632439960265
ABT,2004-12-20,13.74842628430953,2005-01-28,13.355878804655466,37744,13.204695095065153,0.271865594622189,0.5437311892443777,-14816.312072063009,-15123.219539446378,-0.7219513749056533,trailing_stop,39,-0.7219513749056533,155.67618050249368,151.23128688087476
XRAY,2005-01-28,23.73012647157474,2005-02-01,22.865512118150424,21677,22.88600872450769,0.42205887353352445,0.8441177470670489,-18742.24533917888,-19045.26143649172,-1.0242816910655927,stop_loss,4,-1.0242816910655927,154.31938545729767,148.69671185554404
CAG,2005-01-19,10.660330262820564,2005-02-03,10.413993412942384,48705,10.377767746539327,0.14128125814061854,0.28256251628123685,-11997.836273316743,-12305.763753705154,-0.8717959236779962,stop_loss,15,-0.8717959236779962,155.76341563520265,152.16406475320764
PPL,2005-02-02,10.205011451670725,2005-02-11,9.955860208511352,50858,9.933782999728498,0.13561422597111344,0.27122845194222656,-12671.33392459939,-12978.936407867452,-0.918602902369711,stop_loss,9,-0.918602902369711,155.7019417227209,151.9005415453411
SO,2005-02-02,13.202840235208823,2005-02-18,12.887061884244401,19655,12.864447366705399,0.169196434251712,0.33839286850342454,-6206.6234882057115,-6360.462596053067,-0.9331708211257005,stop_loss,16,-0.9331708211257005,77.85054744690882,75.98856040044711
TLT,2005-01-14,44.84543157579645,2005-02-22,45.28960236478135,11452,44.221555368550604,0.3119381036229231,0.6238762072458428,5086.643875455139,4776.97595284889,0.7119534032973259,trailing_stop,39,0.7119534032973259,154.07096472180626,155.59695788444282
MO,2004-11-18,3.779897660934399,2005-02-23,4.142176714411912,137334,3.636269496677512,0.07181408212844351,0.14362816425688685,49753.231530280784,49426.84048160164,2.522339927909662,trailing_stop,97,2.522339927909662,155.73253961002942,170.65850906911365
GIS,2004-12-15,12.055125247740214,2005-02-23,12.68118863754349,43185,11.74465496671157,0.15523514051432213,0.3104702810286444,27036.54748865448,26716.076174113685,2.0165002193737016,trailing_stop,70,2.0165002193737016,156.18017514709834,164.29113939369466
DUK,2005-02-01,17.641470135186566,2005-02-23,17.415766243536186,29345,17.05382638858955,0.2938218732985086,0.587643746597017,-6623.280700480387,-6931.907080940473,-0.384082861355042,trailing_stop,22,-0.384082861355042,155.30668233511494,153.3196981249708
XLU,2005-02-02,6.955329610716833,2005-02-23,6.83564101002412,37310,6.800536279100129,0.0773966658083522,0.1547933316167045,-4465.5816918451355,-4619.944026003089,-0.7732154831390501,stop_loss,21,-0.7732154831390501,77.85100433275352,76.51132982519998
CVX,2005-02-28,27.74005725018714,2005-03-01,27.560327941648282,9771,26.79052029355305,0.47476847831704394,0.9495369566340877,-1756.1350737331688,-1918.2370928459961,-0.18928100405481846,stop_loss,1,-0.18928100405481846,81.31442981747357,80.7875892953536
HRB,2005-02-28,12.118106195224112,2005-03-02,12.396835285925984,44737,11.75570953930044,0.1811983279618356,0.3623966559236713,12469.503330729689,12140.485849617025,0.7691271046402243,trailing_stop,2,0.7691271046402243,162.63831505672232,166.37916605594123
SPGI,2004-10-28,29.804189215473592,2005-03-10,30.92599705537775,16966,29.063798372273034,0.3701954216002795,0.7403908432005579,19032.591811813934,18723.487309732554,1.5151562856380176,trailing_stop,133,1.5151562856380176,151.6973622689175,157.40713981246165
EEM,2005-02-02,14.779385430160199,2005-03-16,15.112562003780177,35117,14.421548582762531,0.17891842369883376,0.3578368473976674,11700.161735812771,11385.247080401465,0.9310851468845965,trailing_stop,42,0.9310851468845965,155.7023034452807,159.21235196602453
DD,2005-02-03,16.448374716339384,2005-03-16,16.944010349467444,31622,15.790418200525963,0.3289782579067101,0.6579565158134209,15672.98999077552,15356.209790610237,0.7532954248736545,trailing_stop,41,0.7532954248736545,156.0391515840252,160.74104858125787
SLB,2005-02-03,22.397473529054185,2005-03-16,22.84760016764273,23223,21.51584360364513,0.4408149627045268,0.8816299254090545,10453.290927941816,10138.073024004298,0.5105618872677204,trailing_stop,41,0.5105618872677204,156.0409583295676,159.17694560795016
OMC,2005-02-25,25.159944195914388,2005-03-17,24.440973265555076,21276,24.457371920899053,0.35128613750766713,0.7025722750153349,-15296.82551432472,-15613.41825029779,-1.0233408802583608,stop_loss,20,-1.0233408802583608,160.59089181368233,156.00184415938494
IWD,2005-02-28,41.72392288483629,2005-03-17,41.27693055652952,6496,41.02436761452268,0.34977763515680393,0.6995552703136099,-2903.662164680778,-3065.4142278673116,-0.6389664223477065,trailing_stop,17,-0.6389664223477065,81.31158091796897,80.44048226856474
HSIC,2005-02-22,14.333927342414855,2005-03-21,14.07610546016693,37232,13.839343210796054,0.24729206580940008,0.4945841316188009,-9599.224319854718,-9916.553022246437,-0.5212902431868552,trailing_stop,27,-0.5212902431868552,160.10423484383696,157.22446754788052
MDY,2005-02-28,94.50047832257299,2005-03-21,93.38867661334892,2868,92.49751900963594,1.0014796564685224,2.002959312937051,-3188.6473020546264,-3350.3071309614934,-0.5550795275984767,trailing_stop,21,-0.5550795275984767,81.3082115487418,80.3516173581254
HSY,2005-01-27,33.94221731337546,2005-03-24,36.0711639608827,15134,32.900808855868455,0.5207042287535015,1.0414084575070035,32219.478563374596,31901.603809713208,2.044295523202935,trailing_stop,56,2.044295523202935,154.10445504618724,163.7702986151996
D,2005-03-21,15.87742624208199,2005-03-24,15.306226946979335,34199,15.447313148151693,0.2150565469651487,0.43011309393029684,-19534.444693215704,-19854.379619839518,-1.3280211720204511,stop_loss,3,-1.3280211720204511,162.89763001588858,157.03729660792388
XOM,2005-02-02,26.158554801437752,2005-03-30,28.851160689290317,19841,25.407154013945977,0.37570039374588804,0.7514007874917752,53423.99342088275,53096.559091367286,3.583448317695619,trailing_stop,56,3.583448317695619,155.70356574459794,171.73076377086275
DVN,2005-02-23,27.26470044513623,2005-03-30,27.958890604297974,9664,26.018297377868777,0.623201533633728,1.2464030672674546,6708.653698139078,6548.549462968558,0.5569547904624839,trailing_stop,35,0.5569547904624839,79.04581953053896,81.05841563998067
ITT,2005-03-21,11.668667233419793,2005-03-30,11.309750392301673,46534,11.365144912186745,0.15176116061652423,0.30352232123304823,-16701.836284590587,-17022.619590329185,-1.182505588584172,stop_loss,9,-1.182505588584172,162.89692831198698,157.8863774266098
BDX,2005-02-03,31.800831760151286,2005-04-04,30.885582829299114,16356,30.786456366647705,0.5071876967517908,1.014375393503581,-14969.81151301813,-15277.401212125646,-0.9022783248822381,stop_loss,60,-0.9022783248822381,156.04032128071032,151.5493778268049
YUM,2005-03-28,12.696683731685907,2005-04-05,12.388500646679107,42098,12.273511909018701,0.2115859113336028,0.42317182266720543,-12973.891512616245,-13290.702340204369,-0.7282693896402539,stop_loss,8,-0.7282693896402539,160.351497520954,156.45933006716913
ADM,2004-11-01,11.35453066221166,2005-04-07,12.627175827173463,44598,10.917498276407422,0.21851619290211968,0.43703238580423864,56757.4290669665,56436.568223162416,2.912015691056505,trailing_stop,157,2.912015691056505,151.91680754199467,168.94403626208464
ASH,2005-01-28,17.195840947539054,2005-04-14,18.093817713982993,29915,16.507344945966423,0.3442480007863146,0.6884960015726307,26862.974968170445,26546.267926512617,1.3042585060665892,trailing_stop,76,1.3042585060665892,154.32407458368925,162.38296707414037
NOV,2005-02-11,13.763618686468583,2005-04-14,15.104525200827606,19118,13.032961838344345,0.3653284240621183,0.7306568481242373,25635.450741515808,25469.88038906461,1.8352069344199484,trailing_stop,62,1.8352069344199484,78.93985861437191,86.63049383682664
LIN,2005-03-07,32.15495701141641,2005-04-14,31.587198246678994,8652,31.203213688785535,0.4758716613154352,0.9517433226308718,-4912.248832508093,-5077.6979706960055,-0.5965460972901561,trailing_stop,38,-0.5965460972901561,83.46140641883244,81.98773176908
MUR,2005-01-31,20.38622321323465,2005-04-15,21.20926249662931,25253,19.5716613255471,0.40728094384377406,0.8145618876875496,20784.211023565356,20469.087783376,1.010407307087712,trailing_stop,74,1.010407307087712,154.4439884411444,160.679251748214
ADBE,2005-03-21,33.93224604783151,2005-04-15,31.343625,16002,32.226126904464564,0.8530595716834757,1.7061191433669478,-41423.11400739987,-41736.47735395209,-1.5172569031275203,stop_loss,25,-1.5172569031275203,162.89514037721995,150.468206175
UNP,2005-03-23,11.258048131834427,2005-04-15,10.464332278708769,47601,10.866198310961748,0.1959249104363396,0.39184982087267883,-37781.66832463444,-38091.870433611126,-2.0255613524538387,stop_loss,23,-2.0255613524538387,160.76830473703518,149.43380423964484
XLE,2005-02-11,10.966596290870122,2005-04-18,10.887857391933638,23995,10.633405908984425,0.16659519094284783,0.3331903818856965,-1889.339879980931,-2046.659164816594,-0.23631804282842675,trailing_stop,66,-0.23631804282842675,78.94304339982858,78.37624143583429
LMT,2005-04-05,33.66617051373314,2005-04-18,32.22427065591692,15958,32.72237249173583,0.47189901099865506,0.9437980219973099,-23009.83793103131,-23325.281829086893,-1.5277631698833274,stop_loss,13,-1.5277631698833274,161.17342471744604,154.27047333813667
WY,2005-04-06,12.496803996964848,2005-04-18,11.77498043397695,43028,12.08586719229538,0.20546840233473396,0.41093680466946836,-31058.6242682433,-31371.93417039167,-1.7565317946356447,stop_loss,12,-1.7565317946356447,161.31374471442103,151.99615743394807
DGX,2005-03-31,37.548681351453084,2005-04-19,36.91893591829184,14224,36.527694952415146,0.5104931995189699,1.0209863990379375,-8957.499041285579,-9275.267257699034,-0.6168010012225904,stop_loss,19,-0.6168010012225904,160.22773306292063,157.5404833505349
DUK,2005-04-07,19.034654160756684,2005-04-19,18.47408481431753,28157,18.42235155327223,0.3061513037422269,0.6123026074844553,-15783.951087687306,-16100.791156683656,-0.9155103041977279,stop_loss,12,-0.9155103041977279,160.7876271613278,156.0524418350216
CLX,2005-03-30,33.986161967907734,2005-04-21,34.321712449623625,15577,33.1084807232481,0.43884062232981735,0.8776812446596338,5226.869853688444,4907.660325747878,0.38231474553842,trailing_stop,22,0.38231474553842,158.82073349222964,160.38879444833617
M,2005-03-02,15.738837738803769,2005-04-28,15.872162491126765,34360,14.999601951542335,0.3696178936307168,0.7392357872614337,4581.038489818169,4255.192299448046,0.18035484025592224,trailing_stop,57,0.18035484025592224,162.23593941158924,163.6102509585347
PEG,2005-05-02,13.234364143766426,2005-05-13,12.68280984437407,19619,12.728949266264477,0.25270743875097423,0.5054148775019485,-10820.943799778626,-10973.484510720626,-1.0912901933525478,stop_loss,11,-1.0912901933525478,77.89349704096605,74.64721390103246
EIX,2005-04-05,16.99230082581689,2005-05-16,17.086870390291764,31618,16.36487631690471,0.3137122544560901,0.6274245089121813,2990.1004895665615,2666.8459189132845,0.1507266023745822,trailing_stop,41,0.1507266023745822,161.17877025320354,162.0758004000735
ELV,2005-05-10,53.75852345871964,2005-05-16,52.11031981720994,9840,51.56347932606315,1.097522066328243,2.1950441326564842,-16218.323832455406,-16530.84865780595,-0.7508749446030537,stop_loss,6,-0.7508749446030537,158.6951612501404,153.82966410040376
RSG,2005-05-02,14.851030711590498,2005-05-26,14.949307763904066,34967,14.286736361854153,0.28214717486817237,0.5642943497363451,3436.4536882485354,3123.84515760675,0.1741591996437427,trailing_stop,24,0.1741591996437427,155.7887972676555,156.81973337413004
BXP,2005-04-28,26.318283264490503,2005-05-27,25.991934201107576,19650,25.647873869690127,0.3352046974001882,0.6704093948003766,-6412.759095474531,-6721.127827434232,-0.48679070716200595,trailing_stop,29,-0.48679070716200595,155.14627984417152,153.22245211552917
BMY,2005-04-14,11.576304033820339,2005-06-01,11.38703972060896,45582,11.168436328196613,0.2039338528118627,0.4078677056237261,-8627.045924801045,-8941.060465305363,-0.464033583933664,trailing_stop,48,-0.464033583933664,158.30132714087958,155.71321336343928
JNJ,2004-11-04,32.052440241998795,2005-06-07,36.531901927095,15823,31.14345595073135,0.45449214563372153,0.9089842912674442,70878.52224327724,70552.95922943477,4.927985805838578,trailing_stop,215,4.927985805838578,152.14972858474408,173.41328525772724
BAX,2005-04-25,13.478144976902426,2005-06-09,13.33753295829851,38225,12.932798771559462,0.272673102671482,0.5453462053429643,-5374.894411134677,-5682.403197856594,-0.2578399138497458,trailing_stop,45,-0.2578399138497458,154.56062752262858,152.94815919928817
TLT,2005-06-01,48.34521532755861,2005-06-14,47.66577476381281,10961,47.66036874590422,0.3424232908271941,0.6848465816543907,-7447.348019217712,-7763.0609579351685,-0.9921062350993539,trailing_stop,13,-0.9921062350993539,158.97357156161098,156.73936715584568
DVA,2005-05-27,22.482459083557128,2005-06-27,22.302675762176513,23495,21.685329524140464,0.3985647797083314,0.7971295594166641,-4224.00913583755,-4539.677158797704,-0.22553839492814654,trailing_stop,31,-0.22553839492814654,158.4676128504524,157.20041010970115
DRI,2005-03-28,14.647218017127349,2005-07-07,15.375762271308593,36492,13.902408118667267,0.37240494923004064,0.7448098984600815,26586.03692358197,26257.35734457629,0.9781613478654528,trailing_stop,101,0.9781613478654528,160.35188396430337,168.32769504137795
ZION,2005-05-03,46.78878316994578,2005-07-07,45.63162470538271,11130,45.23611994188863,0.7763316140285748,1.552663228057149,-12879.173710586945,-13187.765452482667,-0.7452733108202884,trailing_stop,65,-0.7452733108202884,156.22774700444896,152.36399489127285
LMT,2005-05-05,34.85697035535953,2005-07-07,34.63510643934131,15044,33.749919530488775,0.553525412435377,1.107050824870754,-3337.720752578133,-3651.3523935679773,-0.20040987372384123,trailing_stop,63,-0.20040987372384123,157.31647860780862,156.3151623820352
UHS,2005-03-30,23.17794222894592,2005-07-14,25.736611440596228,22842,22.29666411134705,0.4406390587994348,0.8812781175988711,58445.122132516335,58109.93026204043,2.9033617884688367,trailing_stop,106,2.9033617884688367,158.8291669180748,176.36270355782972
OVV,2005-06-09,62.89100411670557,2005-07-19,65.65945123382194,8549,59.793642844886485,1.5486806359095424,3.097361271819082,23667.45440422788,23337.76105139038,0.8938082690917301,trailing_stop,40,0.8938082690917301,161.29655825811477,168.3967945793831
CI,2005-05-05,28.682593155560422,2005-07-22,30.883228407440704,18283,27.391131584885372,0.6457307853375259,1.2914615706750503,40234.214310127194,39907.50173543629,1.703988180407106,trailing_stop,78,1.703988180407106,157.32115519893338,169.3914194919715
FISV,2005-04-25,10.495484656333922,2005-07-26,10.716772461891175,49089,10.053400606605221,0.22104202486435062,0.44208404972870063,10862.797086999999,10550.410540097035,0.5005559591961158,trailing_stop,92,0.5005559591961158,154.5638538884328,157.8226930145328
ROP,2005-05-04,31.28279283853767,2005-07-27,32.95683551080818,16671,29.9759062379142,0.6534433003117358,1.3068866006234714,27907.965389421723,27586.683736158142,1.2809395026866783,trailing_stop,84,1.2809395026866783,156.45463182337846,164.827021440205
SWK,2005-07-19,29.501001773455783,2005-07-27,28.320568271231362,19058,28.31215919472,0.5944212893678918,1.188842578735784,-22496.701685393014,-22827.29072996651,-0.9929266694667808,stop_loss,8,-0.9929266694667808,168.6690275395561,161.92001703393817
UNM,2005-07-07,11.306918672613252,2005-08-02,11.029617447793086,48763,10.91634562980153,0.19528652140586097,0.390573042811722,-13522.039625905736,-13848.798579157548,-0.7099855710058317,trailing_stop,26,-0.7099855710058317,165.40778256979198,161.3511706820203
OKE,2005-07-14,5.281347638978755,2005-08-08,5.268483714494773,106551,5.116381608959885,0.08248301500943477,0.16496603001886978,-1370.6640176926824,-1707.8925418558697,-0.0779792329518372,trailing_stop,25,-0.0779792329518372,168.81986168424757,168.40866247893976
EG,2005-07-27,64.56460119752965,2005-08-08,62.741114228732236,8764,62.97257861876729,0.7960112893811828,1.5920225787623679,-15981.039794540573,-16315.7519815393,-1.145390142779878,stop_loss,12,-1.145390142779878,169.75324946854496,164.95893753018277
XLU,2005-08-04,8.027162756716026,2005-08-08,7.786422731768209,35917,7.8289605212921,0.0991011177119629,0.1982022354239259,-8646.65947605074,-8817.052441047706,-1.2146181118134658,stop_loss,4,-1.2146181118134658,86.49348141989084,83.89948357707563
SPG,2005-05-02,25.451439591967706,2005-08-09,27.997951333939536,10201,24.68991503817037,0.3807622768986685,0.7615245537973365,25976.96627985464,25813.39510880409,3.3439653774440607,trailing_stop,99,3.3439653774440607,77.88904058329878,85.68213046725516
SO,2005-05-16,13.337410622139812,2005-08-09,13.5086328571943,38932,12.94171302557006,0.19784879828487625,0.395697596569752,6666.02405514133,6352.473005720099,0.4327098181510074,trailing_stop,85,0.4327098181510074,155.77562110234416,157.77542831888655
ED,2005-05-17,18.821295050133152,2005-08-09,19.377291476148976,13898,18.343968061085985,0.23866349452358332,0.4773269890471674,7727.23832876792,7567.973142105239,1.1648124635183423,trailing_stop,84,1.1648124635183423,78.47350758202516,80.79167908065554
UNP,2005-08-02,11.586790788240455,2005-08-15,11.286369735889346,49115,11.21327000587393,0.186760391183262,0.37352078236652453,-14755.179986224688,-15092.204569967478,-0.8042954141606888,stop_loss,13,-0.8042954141606888,170.72556886932898,166.29901487346157
L,2005-08-17,26.238288661319146,2005-08-19,25.98439299852148,21352,25.583588250600283,0.3273502053594313,0.6547004107188634,-5421.180192055795,-5755.69780169607,-0.38780434323981716,stop_loss,2,-0.38780434323981716,168.07198184894594,166.44562779132917
CVS,2005-02-03,15.734952162377594,2005-08-22,18.80140458053104,33056,15.229466349393991,0.2527429064918015,0.5054858129836024,101364.65113448037,101022.1609919323,6.066347144450761,trailing_stop,200,6.066347144450761,156.04037360386613,186.44976894421023
PRU,2005-05-17,29.622043311540267,2005-08-25,31.294984422338143,17662,28.472576747011928,0.5747332822641689,1.149466564528339,29547.485898912077,29224.710935761348,1.4554065010880364,trailing_stop,100,1.4554065010880364,156.95535869052728,165.81960446020088
PNC,2005-08-16,31.45115290815346,2005-08-25,30.542503794486212,17978,30.653584825283424,0.39878404143501844,0.7975680828700362,-16335.693765509794,-16670.05035356981,-1.1392746690633468,stop_loss,9,-1.1392746690633468,169.6286480948349,164.72793996518195
BAX,2005-07-22,14.337984942771486,2005-08-29,14.265332297174687,39408,13.898152197865834,0.21991637245282608,0.4398327449056527,-2863.095457678649,-3201.2553154161888,-0.1651824390937136,trailing_stop,38,-0.1651824390937136,169.5093931874216,168.65046455011802
SCHW,2005-07-08,9.154183545013185,2005-08-30,9.704220680955814,60341,8.63414217396641,0.2600206855233875,0.5200413710467746,33189.79081991419,32848.41032909443,1.0576795742913245,trailing_stop,53,1.0576795742913245,165.71177678689216,175.66871403286643
AXP,2005-09-12,37.409751677932896,2005-09-15,36.78879731119594,15502,36.464556673913556,0.4725975020096701,0.9451950040193395,-9626.034593156246,-9971.10236508509,-0.6569590022126776,trailing_stop,3,-0.6569590022126776,173.97779115339472,171.08998077544786
PFG,2005-09-12,25.387271861995107,2005-09-20,25.037904739999927,22844,24.758220314769027,0.3145257736130401,0.62905154722608,-7980.942534857875,-8326.516355146669,-0.5553871118126625,stop_loss,8,-0.5553871118126625,173.98405152462485,171.5897687641675
XLV,2005-09-08,22.738419266325252,2005-09-21,22.057764412556562,25295,22.294236208670128,0.22209152882756217,0.444183057655124,-17217.164526079014,-17557.10036592621,-1.5323746415766477,stop_loss,13,-1.5323746415766477,172.5504946025092,167.38534524468545
PPL,2005-09-07,12.42282816799808,2005-09-22,12.012695602452427,23087,12.06082612442725,0.18100102178541536,0.3620020435708309,-9468.73054075251,-9637.973421939027,-1.132956492455285,stop_loss,15,-1.132956492455285,86.0417501743715,83.20113101214575
GLW,2005-04-28,8.853203428358423,2005-09-23,12.224213622760155,58414,8.31497388299891,0.2691147726797566,0.5382295453595134,196914.18949578278,196544.82462389555,6.263145944821828,trailing_stop,148,6.263145944821828,155.14530751923868,214.21956436797353
MDT,2005-08-19,35.534173419367626,2005-09-27,34.798251512657316,15850,34.634337596842414,0.4499179112626045,0.8998358225252119,-11664.36222135841,-11998.792901910187,-0.8178401973874412,trailing_stop,39,-0.8178401973874412,168.96499460909305,165.46568594268555
GLD,2005-09-20,46.56652045822143,2005-09-28,46.25369923782348,12427,45.70736434579535,0.42957805621304174,0.8591561124260849,-3887.4293058853264,-4233.472366934151,-0.3641028863946572,stop_loss,8,-0.3641028863946572,173.60464492029533,172.43841612852975
AMGN,2005-07-08,44.85537843576602,2005-10-06,52.25688017957615,12314,43.253773625271634,0.8008024052471943,1.6016048104943863,91142.09247327794,90783.34036750114,4.621303392267797,trailing_stop,90,4.621303392267797,165.70473901740684,193.04736675939023
J,2005-09-01,23.654427736498103,2005-10-06,23.827728382639158,24030,22.632573086639105,0.5109273249294993,1.021854649858998,4164.414526769544,3822.1156633066835,0.16959422376261418,trailing_stop,35,0.16959422376261418,170.52476955241482,171.77409391044569
SRE,2005-09-01,11.369305470444377,2005-10-06,11.436963105453612,49997,11.031848105120545,0.1687286826619157,0.3374573653238322,3382.678777556725,3040.6052745599736,0.2004923938889559,trailing_stop,35,0.2004923938889559,170.52934968174225,171.54415331500928
D,2005-09-02,16.662010666878363,2005-10-06,17.35707849533632,34150,16.119968566355784,0.2710210502612891,0.5420421005225791,23736.56634183927,23388.04077337238,1.282313362352939,trailing_stop,34,1.282313362352939,170.70229928216884,177.8232691847206
PCG,2005-09-27,24.069844022869578,2005-10-06,23.635029614673098,23786,23.39571219476027,0.3370659140546532,0.6741318281093065,-10342.495513361484,-10682.907950664261,-0.6449990789130606,trailing_stop,9,-0.6449990789130606,171.75759297839272,168.6548443243843
NEE,2005-09-29,6.281177338446523,2005-10-07,6.174160781413013,45918,6.06836417133881,0.10640658355385677,0.21281316710771314,-4913.986265864702,-5085.5635306010145,-0.5028662393776813,stop_loss,8,-0.5028662393776813,86.52573030803623,85.05153442827682
HPQ,2005-06-14,6.457616992143825,2005-10-11,7.248800749448431,83909,6.2079684463187075,0.12482427291255851,0.2496485458251172,66387.43789167218,66042.41034978839,3.169190329908201,trailing_stop,119,3.169190329908201,162.55565525813884,182.4718866256405
MO,2005-08-19,4.720878368625013,2005-10-11,4.869500324787931,119303,4.584915084433163,0.06798164209592479,0.1359632841918499,17731.045236104615,17387.79695132654,1.0931036054793017,trailing_stop,53,1.0931036054793017,168.964485603621,174.28379917445233
COR,2005-09-15,12.302339851837244,2005-10-11,12.081573054840412,46603,11.94579472061823,0.17827256560950736,0.3565451312190149,-10288.395040443376,-10629.304088400346,-0.6191833169675846,trailing_stop,26,-0.6191833169675846,171.99778323455132,168.9112647224183
UNM,2005-09-21,12.019470274266599,2005-10-11,11.661582340075777,47900,11.541587487555223,0.23894139335568804,0.4778827867113762,-17142.83204774039,-17483.12877380849,-0.7489031706994159,trailing_stop,20,-0.7489031706994159,172.71978784121103,167.5769382268889
MCK,2005-05-27,34.0781993419665,2005-10-12,37.78519982936323,15500,32.7308691841438,0.673665078911351,1.3473301578227037,57458.50755464926,57124.342748502575,2.7513675589265136,trailing_stop,138,2.7513675589265136,158.46362694014422,175.701179206539
CMS,2005-02-02,5.892222808940074,2005-10-13,7.953378527603667,88084,5.6775610599228585,0.10733087450860783,0.2146617490172158,181554.84032276392,181188.9675383255,9.60187703724658,trailing_stop,253,9.60187703724658,155.70316617080326,210.16961826763242
EMR,2005-09-28,20.208685903760195,2005-10-13,19.58350897927099,28328,19.605393535484318,0.3016461841379384,0.6032923682758771,-17710.011916930147,-18048.1819059241,-1.0362752081148796,stop_loss,15,-1.0362752081148796,171.74149628451565,166.4284927094366
BEN,2005-06-27,12.597358857108786,2005-10-14,13.666738592320497,43250,12.214509385499401,0.19142473580469216,0.38284947160938465,46250.673547906525,45909.89688350018,2.793211991951717,trailing_stop,109,2.793211991951717,163.4507311709865,177.32593323535843
EWJ,2005-08-23,31.642054120234878,2005-10-21,33.11096259406768,17896,30.824414891677783,0.4088196142785477,0.8176392285570948,26287.58604771181,25939.940051576064,1.7965239711223433,trailing_stop,59,1.7965239711223433,169.879860160717,177.76613597503052
MCO,2005-10-27,42.9057698340044,2005-11-02,41.49154791950424,13056,41.41860488641951,0.7435824737924472,1.487164947584894,-18464.081315714095,-18794.648729891036,-0.9509516189154467,stop_loss,6,-0.9509516189154467,168.05331928582842,162.51409489111424
NTRS,2005-10-20,31.935932530148552,2005-11-04,31.274344142877634,8774,30.623629596239702,0.6561514669544241,1.3123029339088497,-5804.776509915031,-5971.1586001737705,-0.5041430375380617,trailing_stop,15,-0.5041430375380617,84.06176160585701,82.32032865288251
AMG,2005-11-01,74.61500849411149,2005-12-01,76.85466870123166,7600,71.9813507972242,1.3168288484436494,2.6336576968872976,17021.417574113268,16676.066710107883,0.8503991273304828,trailing_stop,30,0.8503991273304828,170.1222193665742,175.22864463880822
GD,2005-06-08,34.77902381732976,2005-12-05,35.96079783521632,15452,33.89600555748109,0.441509129924334,0.8830182598486687,18260.772124383133,17932.85060713059,1.338334745296312,trailing_stop,180,1.338334745296312,161.22164280761382,166.69987444492875
AFL,2005-10-25,14.737870366791613,2005-12-07,14.741313535527057,38119,14.273020708863912,0.23242482896385078,0.46484965792770083,131.25014902639543,-205.86495432535017,0.007407058769912381,trailing_stop,43,0.007407058769912381,168.53786415351885,168.57723919822675
GS,2005-10-25,88.45767553403826,2005-12-19,91.72518559100682,3175,84.76188057222946,1.8478974809044015,3.695794961808801,10374.344430875182,10202.720255653576,0.884115620789031,trailing_stop,55,0.884115620789031,84.25593594617143,87.368239275434
PRU,2005-11-01,35.540605235233976,2005-12-19,36.867247710339726,15957,34.08895139757138,0.7258269188312996,1.4516538376625974,21169.23397526245,20822.610342426695,0.913883489773198,trailing_stop,48,0.913883489773198,170.1364313215886,176.48720151416728
PFG,2005-10-26,26.63232735749645,2005-12-20,26.350783973346633,20989,25.81136285546641,0.4104822510150209,0.8209645020300407,-5909.314089920508,-6242.932847037428,-0.3429422142536374,trailing_stop,55,-0.3429422142536374,167.6957756719479,165.92298144497175
IJR,2005-12-05,22.75091568536217,2005-12-20,22.01764796766898,13166,22.085033472691137,0.332941106335516,0.6658822126710326,-9654.202771148515,-9831.029643865257,-1.101197334513343,stop_loss,15,-1.101197334513343,89.86156677404348,86.96530594269895
PAYX,2005-10-27,19.35991431622099,2005-12-23,20.30715412323884,28936,18.602629810518366,0.37864225285131314,0.757284505702625,27409.331055868446,27064.989168159183,1.2508374328073413,trailing_stop,57,1.2508374328073413,168.05954419625118,176.2823435130117
STT,2005-10-20,35.031903799008575,2005-12-28,36.804044124652044,15998,33.643231638931304,0.6943360800386357,1.3886721600772702,28350.70092964423,28005.931481179414,1.2761401694298113,trailing_stop,69,1.2761401694298113,168.13211909296174,176.63732937185503
ADP,2005-10-27,21.89374218235982,2006-01-03,22.5148906271893,25587,21.19030228803546,0.35171994716217914,0.703439894324358,15893.325257851899,15552.440151542518,0.8830156632303064,trailing_stop,68,0.8830156632303064,168.0585543660122,172.8265519433678
SNPS,2005-12-05,21.081059465408323,2006-01-03,20.199779314041137,28419,20.077905850025214,0.5015768076915542,1.003153615383109,-25045.100621704052,-25397.048668886004,-0.8785096697584255,stop_loss,29,-0.8785096697584255,179.73078868423175,172.21725849772054
RF,2005-12-19,18.329889254563835,2006-01-04,18.062374059620232,16147,17.77664336706873,0.27662294374755203,0.5532458874951054,-4319.567852754343,-4495.855615474582,-0.4835376113771272,stop_loss,16,-0.4835376113771272,88.79181653803266,87.49594618220637
COR,2005-12-29,13.475848551938379,2006-01-10,13.18502993349149,43650,13.14163430902159,0.16710712145839435,0.33421424291678825,-12694.232695206669,-13043.356898973374,-0.870156268352978,stop_loss,12,-0.870156268352978,176.46623678763308,172.6579669790711
MCK,2005-12-07,43.92539947811782,2006-01-12,43.906151286915815,13522,42.59829393176617,0.6635527731758224,1.3271055463516461,-260.27404143348224,-616.5715102669176,-0.01450388874865164,trailing_stop,36,-0.01450388874865164,178.18777552293272,178.10969331050268
ALV,2006-01-05,22.121091973909248,2006-01-13,21.433530773927757,26894,21.427376022676555,0.34685797561634735,0.6937159512326936,-18491.270912302232,-18842.67831955633,-0.991127851045856,stop_loss,8,-0.991127851045856,178.4773942638946,172.93001299020395
CAH,2005-12-19,31.365507141015385,2006-01-18,31.112146423144708,18873,30.487129377823976,0.43918888159570457,0.8783777631914091,-4781.6768283732945,-5135.419055088213,-0.28844163466768796,trailing_stop,30,-0.28844163466768796,177.588364881715,176.15386183320302
AMAT,2006-01-12,14.949591985505966,2006-01-18,14.310168020655658,40053,14.295141872471456,0.3272250565172554,0.6544501130345104,-25610.84806414942,-25962.43041440746,-0.9770400403561253,stop_loss,6,-0.9770400403561253,179.63280233864114,171.9495479193963
PGR,2005-09-23,13.406663162944183,2006-01-19,14.40167296452198,42533,12.977470508587219,0.21459632717848195,0.42919265435696374,42320.75189050846,41965.920302355604,2.3183290568394446,trailing_stop,118,2.3183290568394446,171.0676812928515,183.76390686000403
JPM,2005-11-11,22.468277734617846,2006-01-19,23.307889605955253,13059,21.851492861875595,0.3083924363711257,0.6167848727422509,10964.491427795201,10785.154137005038,1.3612718282218212,trailing_stop,69,1.3612718282218212,88.02397168091233,91.31331910925088
EFA,2006-01-04,34.314542991108624,2006-01-19,33.846037531346425,17254,33.57284784286443,0.3708475741220982,0.7416951482441974,-8083.593202736973,-8436.405999637303,-0.6316684973216876,stop_loss,15,-0.6316684973216876,177.61893743057647,175.19385946975535
PEP,2005-11-01,32.44401201896691,2006-01-20,32.12394107495766,17480,31.591816695642787,0.4260976616620608,0.8521953233241213,-5594.8401012816075,-5933.434447306147,-0.37558401841582334,trailing_stop,80,-0.37558401841582334,170.13639902746243,168.45794699707798
SLM,2006-01-10,16.06263899844505,2006-01-20,15.324537797175195,37456,15.605524562002216,0.22855721822141675,0.4571144364428328,-27646.31859476367,-27999.010022980696,-1.6146967639298397,stop_loss,10,-1.6146967639298397,180.49266189772734,172.19876631929824
MET,2005-05-05,21.932170377239466,2006-01-23,24.678143554242137,23910,20.9433655844616,0.4944023963889325,0.9888047927778665,65656.21866213388,65321.88288030336,2.7770629724481424,trailing_stop,263,2.7770629724481424,157.31945811593872,177.01632371457885
XLF,2005-10-31,16.382111142617287,2006-01-23,16.933590304779752,17217,15.946233388756706,0.21793887693028996,0.4358777538605807,9494.816734951164,9322.737805405213,1.2652152060480257,trailing_stop,84,1.2652152060480257,84.61524226273254,87.4636872832179
SNPS,2006-01-13,21.601579923629757,2006-01-23,20.629349618911743,27460,20.581553601980225,0.5100131608247651,1.0200263216495316,-26697.444167556667,-27045.342565128125,-0.9531423690574726,stop_loss,10,-0.9531423690574726,177.95381541086192,169.94458216059493
HUM,2005-12-23,48.067976971314195,2006-01-24,47.0997200198804,12315,45.37822450134573,1.3448762349842354,2.689752469968468,-11924.084356907175,-12275.681413441143,-0.35997994694476293,trailing_stop,32,-0.35997994694476293,177.58714092052028,174.00991561344816
CB,2005-10-06,31.57905660372404,2006-01-25,34.671680148408484,17955,30.00116426210726,0.7889461708083916,1.5778923416167814,55528.05574480917,55171.19615129381,1.959971198995489,trailing_stop,111,1.959971198995489,170.10058839595956,186.75900511940227
MCD,2006-01-23,20.456064624201524,2006-01-26,20.210243439462857,28653,19.717263918252502,0.369400352974511,0.7388007059490214,-7043.514406317009,-7393.077923801461,-0.3327300349867675,stop_loss,3,-0.3327300349867675,175.8382859031739,173.7252315812788
SWK,2006-01-24,30.360946653230442,2006-01-27,28.093752520919907,19370,29.33371532287878,0.5136156651758301,1.0272313303516611,-43915.55034285508,-44255.23059975607,-2.207092078796299,stop_loss,3,-2.207092078796299,176.4274610019221,163.25279589906557
EXC,2006-01-19,18.97060081032172,2006-02-03,18.48175980441099,31029,18.26606763793162,0.35226658619505025,0.7045331723901,-15168.247572404,-15516.880361658363,-0.6938509428198469,trailing_stop,15,-0.6938509428198469,176.59163176304182,172.04115749132058
DVA,2006-01-25,27.967940534591673,2006-02-03,26.86310939025879,21177,26.9274221839181,0.5202591753367857,1.0405183506735725,-23397.00914353749,-23745.356286815055,-1.0618084184845749,stop_loss,9,-1.0618084184845749,177.68312301031435,170.66402026725308
JBL,2005-12-22,28.715295049945045,2006-02-06,29.548658795766755,20511,27.46562480028051,0.6248351248322689,1.2496702496645362,17093.123790549103,16734.608203350286,0.6668669163288636,trailing_stop,46,0.6668669163288636,176.69382503082684,181.82176216799158
PNC,2006-01-23,36.892112889953395,2006-02-06,35.634332649090545,15888,35.636107800852415,0.6280025445504891,1.2560050891009809,-19983.61246682896,-20329.30251684626,-1.0014133316634408,stop_loss,14,-1.0014133316634408,175.84256687867386,169.8474831386252
ZION,2006-01-26,54.05172129211304,2006-02-06,52.94679898015453,10872,52.276080081525876,0.8878206052935799,1.7756412105871604,-12012.715375612852,-12361.70174933288,-0.6222666523903967,stop_loss,11,-0.6222666523903967,176.29509416635588,172.69127955367202
TMO,2006-01-25,31.53608251088936,2006-02-08,31.52033828572162,18781,30.501867453145106,0.5171075288721275,1.0342150577442553,-295.6922928753289,-650.9710845696742,-0.015223357124658598,trailing_stop,14,-0.015223357124658598,177.68374969110397,177.59504200324133
DVA,2006-02-07,28.623594312667844,2006-02-08,27.962009771347045,20743,27.44943758136142,0.5870783656532123,1.1741567313064252,-13723.24814061734,-14075.374696271756,-0.5634550513411335,stop_loss,1,-0.5634550513411335,178.12176504830072,174.00479060611553
SLB,2005-10-31,28.77259026854654,2006-02-16,36.805585850861824,19605,27.146701440758942,0.8129444138937995,1.6258888277875982,157486.87839129113,157101.18034844482,4.940679488674544,trailing_stop,108,4.940679488674544,169.22598966445648,216.47205318184382
SHW,2006-01-19,12.41874959733102,2006-02-23,10.743957883422025,47399,12.024247745692389,0.19725092581931536,0.3945018516386316,-79383.45244757245,-79712.8191991365,-4.245332960928975,stop_loss,35,-4.245332960928975,176.5908936491679,152.77585791489616
MU,2006-02-07,15.629962427729858,2006-02-24,15.345410166642575,37989,14.785676944226013,0.42214274175192196,0.8442854835038442,-10809.855846444796,-11162.87287529108,-0.3370332270861405,trailing_stop,17,-0.3370332270861405,178.12999280010885,174.88703604617544
SCHW,2006-02-24,12.412596253788397,2006-02-28,12.143443322355429,48188,11.745948068388929,0.3333240926997342,0.6666481853994686,-12969.941459891868,-13324.933390420434,-0.40374058960602505,stop_loss,4,-0.40374058960602505,179.4414564832666,175.55047404529904
VNO,2006-02-23,30.619250727191794,2006-03-01,30.052146828612063,19650,29.84445273469471,0.3873989962485432,0.7747979924970849,-11143.591607091714,-11501.249495683178,-0.7319377490280018,stop_loss,6,-0.7319377490280018,180.50048303679563,177.15740555466812
IBB,2006-02-28,27.304986714963253,2006-03-07,26.271620070530922,22017,26.497528360899004,0.4037291770321236,0.8074583540642486,-22751.633410466624,-23105.51225594549,-1.279777017887051,stop_loss,7,-1.279777017887051,180.3521677510038,173.52667772786378
EEM,2006-01-04,20.366594835921315,2006-03-08,20.566715332061207,14535,19.779654045215437,0.29347039535293884,0.5869407907058779,2908.751411393329,2730.261712405841,0.340955168406713,trailing_stop,63,0.340955168406713,88.80853678203489,89.68116220545289
J,2006-01-25,29.476596278028985,2006-03-08,29.813179295279763,20094,28.210495476905145,0.6330504005619213,1.2661008011238408,6763.299148637128,6405.888523526109,0.2658421959389122,trailing_stop,42,0.2658421959389122,177.69081768321433,179.71980742780545
UNP,2006-01-20,13.909319034774787,2006-03-09,14.06831488164828,42598,13.439504098690616,0.23490746804208587,0.46981493608417146,6772.90508511706,6415.367710245523,0.338422290697475,trailing_stop,48,0.338422290697475,177.75275167300094,179.78462319853602
NSC,2006-01-26,30.25335377205082,2006-03-09,30.96536802618167,19424,28.910238730436063,0.6715575208073781,1.3431150416147553,13830.164872237692,13473.43113657503,0.5301215696868651,trailing_stop,42,0.5301215696868651,176.29234310049455,180.44139256216582
LHX,2005-07-29,22.256063530482205,2006-03-10,27.532991039433295,25664,21.1517104815686,0.5521765244568033,1.1043530489136053,135427.06758972077,135043.7317007761,4.778297587118727,trailing_stop,224,4.778297587118727,171.35388433388857,211.98200461080484
CNO,2006-03-01,19.160640082865314,2006-03-27,19.122363462572807,30912,18.668995045081434,0.24582251889193912,0.49164503778387925,-1183.206886481973,-1538.228148160948,-0.07785417801640214,trailing_stop,26,-0.07785417801640214,177.68811187245976,177.33314980651517
PSA,2006-03-07,38.62532797244813,2006-03-28,38.806417763488945,15402,37.550633659257805,0.5373471565951639,1.074694313190328,2789.1449616105797,2431.363837263109,0.16850353520828637,trailing_stop,21,0.16850353520828637,178.47219042949382,179.30893391797704
VNO,2006-03-10,31.44725092535644,2006-03-28,31.85662230604929,18630,30.652484774839035,0.3973830752587027,0.794766150517404,7626.588822307793,7272.783474817466,0.5150840664594778,trailing_stop,18,0.5150840664594778,175.75868542181715,178.04666206850948
BEN,2005-10-25,14.84779107515037,2006-03-29,16.05124917703865,37836,14.254962510994199,0.2964142820780855,0.5928285641561715,45534.04074304491,45183.31191695037,2.030027186023456,trailing_stop,155,2.030027186023456,168.53430693581683,182.19451915873032
NBIX,2005-11-02,54.344290916442866,2006-04-04,63.44648832321167,10452,51.08223312110563,1.6310288976686187,3.2620577953372347,95136.16729554752,94766.82252816367,2.790323770406345,trailing_stop,153,2.790323770406345,170.40195859759825,198.94280878626253
CPT,2006-03-28,30.088650880615432,2006-04-04,30.21731647549434,19828,29.208654747964054,0.4399980663256895,0.8799961326513781,2551.1814152589645,2192.457399037881,0.1462115458294626,trailing_stop,7,0.1462115458294626,178.97933089825284,179.74468532283052
WHR,2006-03-30,49.74696775571422,2006-04-05,47.98130178377518,12082,47.51988182450668,1.1135429656037696,2.22708593120754,-21332.77627296752,-21687.002158740353,-0.7928144788655227,stop_loss,6,-0.7928144788655227,180.3128593273618,173.9130264454715
KIM,2006-01-05,12.660665680886556,2006-04-10,14.222384355297168,23495,12.250448039100789,0.20510882089288396,0.41021764178576703,36692.580255277324,36503.095077097285,3.8070490279552804,trailing_stop,95,3.8070490279552804,89.2387020517289,100.24647612831208
EMR,2006-02-13,24.083880105441004,2006-04-10,23.5688040547772,24629,23.228626353486096,0.4276268759774534,0.8552537519549084,-12685.808051798838,-13037.899439253442,-0.602249390296695,trailing_stop,56,-0.602249390296695,177.94856493507194,174.1428225195323
DVA,2006-02-16,29.63460454177856,2006-04-10,27.962009771347045,20189,28.29647520176741,0.6690646700055757,1.3381293400111502,-33768.015820241875,-34116.86123415219,-1.2499500014083682,stop_loss,53,-1.2499500014083682,179.48790932819023,169.35750458211763
ECL,2006-03-10,31.080871233558078,2006-04-12,29.685997116223522,18850,29.84837090289087,0.616250165333603,1.2325003306672073,-26293.37711175638,-26637.013752274397,-1.131743402112881,stop_loss,33,-1.131743402112881,175.7623268257709,167.87431369224402
AIZ,2006-03-27,33.46990335728673,2006-04-12,32.64541982922894,17884,32.288868991085415,0.5905171831006572,1.1810343662013167,-14745.06341578552,-15099.785347745814,-0.698102910171583,trailing_stop,16,-0.698102910171583,179.57272549251476,175.14920646777912
LIN,2006-02-23,36.98307619007671,2006-04-13,36.778636028031364,8134,35.52320003682436,0.7299380766261724,1.4598761532523454,-1662.9162780768297,-1842.909608231457,-0.14003938730685322,trailing_stop,49,-0.14003938730685322,90.24610251902517,89.74722763560213
KEY,2006-01-24,17.65625190859311,2006-04-20,18.38063780700484,33309,17.107909765633057,0.27417107148002673,0.5483421429600526,24128.569890196395,23768.46406233534,1.321047283547026,trailing_stop,86,1.321047283547026,176.43362844699834,183.67219941405727
DE,2006-04-13,28.64317264036469,2006-04-26,28.817707868128313,20694,27.661855713920346,0.49065846322217144,0.9813169264443431,3611.8320033404275,3255.1033649676015,0.17785816494170362,trailing_stop,13,0.17785816494170362,177.82254438591204,178.9060939869142
NOC,2006-03-13,39.51428080591699,2006-04-27,39.66433094102524,14952,38.37110986831559,0.5715854688006995,1.143170937601397,2243.549620138583,1888.3860392864988,0.13125782870502933,trailing_stop,45,0.13125782870502933,177.24525798302125,177.91832286906285
AA,2006-04-10,62.71405336274076,2006-04-28,64.2969502221431,9501,59.716374554852514,1.4988394039441246,2.9976788078882493,15039.103061181559,14677.083597663564,0.5280408478843746,trailing_stop,18,0.5280408478843746,178.75386629982,183.26559721817443
ROP,2006-03-31,42.77843042975379,2006-05-01,42.32839523317571,13982,40.87747286703144,0.9504787813611738,1.900957562722347,-6292.392118554687,-6649.381209480411,-0.23674131679909044,trailing_stop,31,-0.23674131679909044,179.43840428064527,177.55068664507886
TROW,2006-04-05,22.07820847086651,2006-05-02,22.079845470514073,27232,21.300219874397108,0.3889942982347006,0.7779885964694024,44.578774402421345,-316.17486307708145,0.0021041434990067462,trailing_stop,27,0.0021041434990067462,180.37013192359106,180.38350555591177
ARW,2006-05-02,36.79675831985473,2006-05-10,35.25471091461181,16274,35.31155265429849,0.7426028327781206,1.4852056655562436,-25095.279472923256,-25447.04915601977,-1.0382719652940364,stop_loss,8,-1.0382719652940364,179.64913346919477,172.1205496273178
QCOM,2006-03-09,31.131663765312265,2006-05-12,30.931539776278015,18889,29.494742718593585,0.8184605233593405,1.6369210467186797,-3780.142028867942,-4131.835584377071,-0.12225634793774073,trailing_stop,64,-0.12225634793774073,176.413799058895,175.27975645023463
VFC,2006-04-18,8.222382314341948,2006-05-15,8.227475957502444,72239,7.959123570733555,0.13162937180419637,0.2632587436083931,367.9596882710696,11.46329476113948,0.019348429194332727,trailing_stop,27,0.019348429194332727,178.1930028017244,178.3033907082057
EEM,2006-04-19,23.4614383527921,2006-05-15,22.756176207023497,12918,22.610657374987607,0.4253904889022461,0.8507809778044937,-9110.576399038822,-9289.688142503932,-0.8289585265394478,trailing_stop,26,-0.8289585265394478,90.9224581924105,88.18928527269887
FLR,2006-04-26,38.54045461343836,2006-05-15,39.08052225030168,15695,36.776848390736134,0.8818031113511109,1.7636062227022222,8476.361560569807,8110.8831910068875,0.3062291513327849,trailing_stop,19,0.3062291513327849,181.4677305473745,184.01063901554545
AMT,2006-04-27,24.972846575626384,2006-05-15,23.912845003549283,24310,23.884063575365772,0.5443915001303069,1.0887830002606123,-25768.638217194348,-26125.161565881273,-0.9735655055446115,trailing_stop,18,-0.9735655055446115,182.1269700760432,174.3963786108849
RSG,2006-02-08,16.7461156469246,2006-05-16,17.70770883020315,35061,16.220192752033654,0.2629614474454726,0.5259228948909467,33714.41859892919,33352.02293693142,1.8283919422788024,trailing_stop,97,1.8283919422788024,176.14066820904702,186.25499378872578
GATX,2006-04-04,25.52403174518534,2006-05-17,26.93117485263707,23449,24.15594408100692,0.6840438320892112,1.3680876641784216,32996.09872663563,32627.09208478193,1.02854747125928,trailing_stop,43,1.02854747125928,179.55390611785535,189.45273573584598
APD,2006-02-07,35.46016937249916,2006-05-18,35.98843858504531,16744,34.293467826332574,0.5833507730832913,1.1667015461665855,8845.339694872726,8486.439047380389,0.45278864528968527,trailing_stop,100,0.45278864528968527,178.12352279193777,180.77712470039958
EFA,2006-04-04,36.62444316427617,2006-05-18,36.79567807144557,16342,35.8577694130404,0.3833368756178849,0.7666737512357713,2798.320852962323,2438.3713665920736,0.22334781501700357,trailing_stop,44,0.22334781501700357,179.55499505718038,180.39449131306907
BA,2006-04-13,59.86506000117362,2006-05-18,60.343758373808875,9901,57.93751273254704,0.9637736343132873,1.9275472686265758,4739.592587461683,4382.536334242473,0.24834585404296808,trailing_stop,35,0.24834585404296808,177.81718772148602,179.23906549772454
BAC,2006-04-28,31.901574367546775,2006-05-18,31.655651363047994,18950,31.098869530925207,0.4013524183107853,0.8027048366215688,-4660.240935251904,-5021.563763530336,-0.30636791168946254,trailing_stop,20,-0.30636791168946254,181.3604502795034,179.96237799892785
PFG,2006-05-12,29.19053988644826,2006-05-18,27.72259701633296,21055,28.403977237385927,0.3932813245311656,0.7865626490623328,-30907.537130277673,-31267.02895952409,-1.8662758419373806,stop_loss,6,-1.8662758419373806,184.38204519275044,175.1097840536671
RTX,2006-04-20,25.094089526804215,2006-05-19,25.01902809913789,24192,24.236992586506116,0.4285484701490489,0.8570969402980992,-1815.8860581036984,-2179.5870205857354,-0.08757635704570019,trailing_stop,29,-0.08757635704570019,182.12286414973426,181.57809833230317
HIG,2006-05-01,57.7376508600219,2006-05-19,56.156260086787505,10407,55.6597871127628,1.0389318736295525,2.0778637472591015,-16457.533777050365,-16813.1219564174,-0.7610656739742441,trailing_stop,18,-0.7610656739742441,180.26271975007435,175.32545961695928
ETN,2006-02-15,20.53173920858356,2006-05-23,22.63318111085734,29094,19.850091363832362,0.3408239223755978,0.6816478447511969,61139.35070475337,60762.59864722123,3.082884980060066,trailing_stop,97,3.082884980060066,179.20512616035901,197.54693137178504
EXPD,2005-10-27,23.487034908603455,2006-05-24,37.74089732049061,23851,22.468603977149186,0.5092154657271343,1.0184309314542688,339968.87238592055,339530.76816244173,13.995904848975226,trailing_stop,209,13.995904848975226,168.05678088153027,270.0474425973065
WM,2005-10-31,17.427297683860875,2006-05-25,21.06594107442056,32369,16.78746676940332,0.31991545722877757,0.6398309144575549,117779.24790902648,117405.45161541644,5.686882750334918,trailing_stop,206,5.686882750334918,169.2312596186678,204.56503399137574
LMT,2006-02-07,38.79711741393512,2006-05-25,40.379775817910875,15304,37.69982772050756,0.5486448467137803,1.0972896934275624,24221.004214444976,23857.487262238927,1.4423341561079153,trailing_stop,107,1.4423341561079153,178.1253254708589,185.3916267351924
BWA,2006-05-16,11.8474367800682,2006-05-25,11.650042890675904,50927,11.421915692008245,0.2127605440299777,0.4255210880599556,-10052.67860508149,-10411.675449239086,-0.4638874427875217,stop_loss,9,-0.4638874427875217,181.00632386956,177.99052028803553
DGX,2006-05-10,41.51585443658185,2006-05-31,40.14983105856292,14983,40.033141481951645,0.7413564773151016,1.4827129546302018,-20467.12827285763,-20834.207362589754,-0.9212999547573423,trailing_stop,21,-0.9212999547573423,186.60961410699176,180.46947562513444
JEF,2006-05-26,20.117305941711763,2006-06-06,19.13791874567865,29342,19.407261232921442,0.35502235439516017,0.7100447087903206,-28737.179106003583,-29082.727146836805,-1.3793317292676706,stop_loss,11,-1.3793317292676706,177.08459728251196,168.4634435507109
BBWI,2006-05-22,8.541689189925204,2006-06-07,8.24582424301345,69261,8.13958107720448,0.2010540563603615,0.40210811272072355,-20491.902088055012,-20840.718078418642,-0.7357845752225386,stop_loss,16,-0.7357845752225386,177.4817804950229,171.33420986860637
MDLZ,2006-05-26,13.001854531603922,2006-06-08,12.515405039889732,45400,12.602912996538262,0.19947076753282966,0.39894153506566,-22084.806923824213,-22432.35199918796,-1.2193503281981586,stop_loss,13,-1.2193503281981586,177.0852587204454,170.45981664329815
BRK-B,2006-05-19,61.561499999999995,2006-06-09,60.07985939025879,9634,60.34099215216245,0.6102539239187715,1.2205078478375455,-14274.125634246775,-14625.6934911565,-1.2139541850274262,stop_loss,21,-1.2139541850274262,177.9250473,173.64280960972596
GIS,2006-05-26,13.35283425948053,2006-06-09,13.208033418800358,44206,13.028552941689108,0.16214065889571036,0.3242813177914208,-6401.065963107632,-6753.310878083458,-0.446528469991316,stop_loss,14,-0.446528469991316,177.08261738237888,175.1622975934466
OMC,2006-05-25,26.633574255004522,2006-06-13,26.070978343044285,22113,25.933053265744828,0.35026049462984615,0.7005209892596937,-12440.683401176722,-12790.320132656918,-0.8031107141483155,trailing_stop,19,-0.8031107141483155,176.68446825027448,172.95226322992147
NRG,2006-06-01,18.62671302471901,2006-06-13,17.436951403810937,31665,17.71290804474932,0.45690248998484434,0.9138049799696901,-37673.80172605411,-38016.38850629293,-1.3019863614089031,stop_loss,12,-1.3019863614089031,176.94446037831824,165.642319860502
WFC,2006-06-09,20.255750856262544,2006-06-14,19.485417720908746,28992,19.679678260466602,0.28803629789797197,0.5760725957959423,-22333.498260177323,-22679.151047994128,-1.3372153804494937,stop_loss,5,-1.3372153804494937,176.1764186474291,169.47636916937591
CL,2006-03-10,17.923053813467916,2006-06-29,18.551469923524223,32689,17.389655196181767,0.26669930864307434,0.5333986172861493,20542.294221630615,20184.599509699052,1.1781359937781466,trailing_stop,111,1.1781359937781466,175.76601183253584,181.92870009902498
ECL,2006-06-30,32.7871203470273,2006-07-07,31.950116108791526,17787,31.574031790254686,0.6065442783863059,1.213088556772611,-14887.794385499657,-15233.238752951553,-0.689977853276102,stop_loss,7,-0.689977853276102,174.95535288377238,170.48901456812249
INTU,2006-07-03,26.612399403579428,2006-07-11,25.743242728550406,21934,25.323186876165053,0.6446062637071879,1.2892125274143744,-19064.082510086555,-19408.593106444394,-0.6741764112176207,stop_loss,8,-0.6741764112176207,175.11491055543334,169.39568580240737
SEIC,2006-07-03,19.069585241569623,2006-07-14,17.913136121068007,30610,18.17824072516565,0.44567225820198564,0.8913445164039722,-35398.90757855447,-35738.51990882757,-1.2974210299370867,stop_loss,11,-1.2974210299370867,175.11600127333384,164.49632899976748
GL,2006-07-10,22.735941794200105,2006-07-14,22.016871824806504,25577,22.219927617827985,0.2580070881860598,0.5160141763721207,-18391.652607180135,-18735.045421360137,-1.3935081676419834,stop_loss,4,-1.3935081676419834,174.45515498107682,168.9376591989228
XLP,2006-07-12,14.626561932351015,2006-07-14,14.33074755522865,39908,14.342122340579596,0.14221979588570904,0.2844395917714184,-11805.360162199357,-12152.048654308455,-1.0399901619887288,stop_loss,2,-1.0399901619887288,175.11505007887928,171.57344203021947
CMI,2006-06-30,19.26215458177188,2006-07-17,18.39052085950698,30276,18.238384210015766,0.5118851858780573,1.0237703717561146,-26389.582575292097,-26731.574295790146,-0.8513957292686162,stop_loss,17,-0.8513957292686162,174.95429763531763,167.03742286272998
RNR,2006-07-10,39.7938856735252,2006-07-18,38.598580269948776,14613,38.54408135635659,0.6249021585843066,1.2498043171686106,-17466.997862462325,-17810.662593911922,-0.956394042776513,stop_loss,8,-0.956394042776513,174.45241540416714,169.21231604542845
AES,2006-07-10,12.18636224997489,2006-08-07,12.445434421688631,47718,11.628667599481794,0.2788473252465476,0.5576946504930955,12362.405889836324,12009.791867762791,0.4645412529682299,stop_loss,28,0.4645412529682299,174.45265015329053,178.16137192024144
ESS,2006-08-07,62.141536752906475,2006-08-09,60.251292477659135,9549,60.29970446315251,0.9209161448769827,1.8418322897539667,-18049.942584336855,-18400.561322233658,-1.026284687136113,stop_loss,2,-1.026284687136113,178.0168603360512,172.60187756075013
WFC,2006-07-20,20.678239512167043,2006-08-10,20.36669441406357,14000,20.05387176785254,0.3121838721572505,0.624367744314501,-4361.631373448617,-4534.020095938785,-0.4989769265635604,trailing_stop,21,-0.4989769265635604,86.84860595110159,85.54011653906699
MRK,2006-07-25,18.813631371276944,2006-08-18,18.451000045259637,31077,18.0640442196768,0.3747935758000737,0.7495871516001458,-11269.493718639873,-11616.915603799385,-0.4837747355236781,trailing_stop,24,-0.4837747355236781,175.40136663755206,172.02051852196013
UHS,2006-07-31,25.47110592960286,2006-08-29,25.5243475857316,23166,24.603840503720185,0.43363271294133676,0.8672654258826746,1233.3962058784034,878.9880030375319,0.06139026708525007,trailing_stop,29,0.06139026708525007,177.01909198955394,177.3891108513175
PEG,2006-08-21,16.9857296053078,2006-08-31,16.27181108108944,35439,16.305351125383353,0.34018923996222283,0.6803784799244461,-25300.558579774486,-25654.14277509006,-1.049296156894379,stop_loss,10,-1.049296156894379,180.58718144475097,172.9970138708186
ECL,2006-07-20,33.44861719159894,2006-09-07,34.13735396240699,17310,32.196303133986476,0.6261570288062314,1.252314057612466,11922.033502687327,11571.059554484575,0.5499712844564918,trailing_stop,49,0.5499712844564918,173.6986690759733,177.2752791267795
CNP,2006-08-15,6.546507840366107,2006-09-07,6.477625771720664,91239,6.376599747813318,0.08495404627639469,0.16990809255278894,-6284.731061141533,-6641.223739131488,-0.4054078155461695,trailing_stop,23,-0.4054078155461695,179.18904865414896,177.3036293358065
KR,2006-06-30,7.698154357942491,2006-09-13,7.932118883084193,75758,7.376320788636107,0.16091678465319198,0.32183356930638407,17724.68449568506,17369.44902362695,0.7269736517726926,trailing_stop,75,0.7269736517726926,174.95903335470217,180.2764387034077
EXC,2006-08-21,20.06226727146396,2006-09-13,19.56827914718144,15002,19.43434233674104,0.31396246736146,0.6279249347229197,-7410.809840486368,-7589.171077698124,-0.7866993281617317,trailing_stop,23,-0.7866993281617317,90.2922400819507,88.06899712980479
OKE,2006-07-11,5.7129355154299155,2006-09-18,6.024190068095404,101974,5.426878406431058,0.14302855449942864,0.2860571089988575,31739.871753510513,31380.807260234193,1.0880853608386694,trailing_stop,69,1.0880853608386694,174.77126587513504,184.2932274011882
PNW,2006-07-26,18.345146038326376,2006-09-19,18.782881526035393,31986,17.86206921358877,0.24153841236880255,0.48307682473760494,14001.407309860595,13645.13418295849,0.9061405252607244,trailing_stop,55,0.9061405252607244,176.03635235457224,180.23677454753042
CVS,2006-07-13,20.881190676892267,2006-09-22,21.42137448744695,27828,19.937799266311142,0.47169570529056165,0.9433914105811247,15032.235080115737,14679.076345097768,0.5725977621758639,trailing_stop,71,0.5725977621758639,174.3245322469674,178.8342027710021
MO,2006-07-07,5.435079915381173,2006-09-26,5.440696310504063,107217,5.251778977680758,0.09165046885020724,0.18330093770041422,602.1730358909715,252.35260600775032,0.030640296734706786,trailing_stop,81,0.030640296734706786,174.81988898622694,175.00054089699424
CPB,2006-05-23,17.96328191843913,2006-09-29,19.436211334736125,32948,17.51096538494184,0.2261582667486441,0.45231653349728873,48530.078408153415,48160.40685704173,3.2564129480485255,trailing_stop,129,3.2564129480485255,177.55626379461972,192.11528731706576
XLP,2006-07-26,14.691857059661041,2006-10-03,15.0276971282959,39940,14.40317151348998,0.1443427730855309,0.28868554617106135,13413.452341276261,13057.35264299616,1.1633421662054946,trailing_stop,69,1.1633421662054946,176.0378312888586,180.0618669912415
ABT,2006-07-20,14.072511410543363,2006-10-04,14.49970885183969,41145,13.62238170734386,0.22506485159975154,0.45012970319950263,17577.03872213738,17224.357521328653,0.9490541020950761,trailing_stop,76,0.9490541020950761,173.70404459604202,178.9771562126832
LH,2006-06-09,50.21752468363298,2006-10-10,53.62418527060926,11694,48.93375884602451,0.6418829188042342,1.2837658376084704,39837.48890410062,39473.19141723915,2.6536463949862954,trailing_stop,123,2.6536463949862954,176.17312009512122,188.1243667663514
PEP,2006-08-30,36.50939487422076,2006-10-10,35.615565708376174,16494,35.645114402878214,0.432140235671274,0.8642804713425463,-14742.818261440605,-15099.706991395411,-1.0341887795476161,stop_loss,41,-1.0341887795476161,180.65578771661916,176.23294223818698
CME,2006-10-10,50.89669175000851,2006-10-12,49.22700868835886,11952,48.63597612184197,1.130357814083268,2.260715628166537,-19956.051952836617,-20315.055493128428,-0.7385639488871848,stop_loss,2,-0.7385639488871848,182.49517793883052,176.5083623529795
AIZ,2006-10-05,38.07490902382249,2006-10-18,37.341880055305325,15990,37.1128849739352,0.48101202494364365,0.9620240498872903,-11721.133206589513,-12082.90754380209,-0.7619653257141011,stop_loss,13,-0.7619653257141011,182.64533858727648,179.1289986252996
ALL,2006-09-19,37.68189386190741,2006-10-20,38.1751747873045,15788,36.73366756233067,0.47411314978836827,0.9482262995767385,7787.919250169215,7428.629830219088,0.5202143471629863,trailing_stop,31,0.5202143471629863,178.47652208753823,180.81289786258904
GE,2006-10-04,107.57401152925902,2006-10-20,106.5463543051657,5625,105.17008200260175,1.201964763328637,2.4039295266572793,-5780.571885524912,-6141.900002870504,-0.42749057852885536,trailing_stop,16,-0.42749057852885536,181.5311444556246,179.79697288996715
VFC,2006-09-13,10.189112856982831,2006-10-24,10.187900044903406,58832,9.82305453257867,0.18302916220208063,0.3660583244041611,-71.35216025672028,-430.99828716985155,-0.0033131662321815,trailing_stop,41,-0.0033131662321815,179.83376628060415,179.81236063252715
CINF,2006-09-18,23.99319006244042,2006-10-25,23.438877721824763,24941,23.375669270461646,0.3087603959893862,0.6175207919787731,-13825.104087295078,-14180.005048077284,-0.8976415819772271,stop_loss,37,-0.8976415819772271,179.52424600419792,175.37671477800944
OMC,2006-10-25,28.713113423666872,2006-10-30,28.741922578268657,21592,27.962335804589777,0.37538880953854803,0.7507776190770947,622.0472661617324,249.87652495559482,0.03837242063395374,stop_loss,5,0.03837242063395374,185.99206351314456,186.17867769299303
WMT,2006-10-24,11.49565126609802,2006-10-31,11.09250252042696,54072,11.088024325277209,0.2038134704104057,0.40762694082081197,-21799.058975925596,-22165.47497138909,-0.9890139863161798,stop_loss,7,-0.9890139863161798,186.47785657813563,179.93813888535797
BDX,2006-07-31,35.49941574938151,2006-11-02,38.408418899358004,16622,34.0645538014186,0.7174309739814559,1.434861947962915,48353.45035890925,47984.90155064985,2.0273749360392666,trailing_stop,94,2.0273749360392666,177.02138657586588,191.52742168353862
M,2006-09-13,22.192939472286945,2006-11-03,22.14859556187083,27010,21.158166417498833,0.5173865273940559,1.0347730547881113,-1197.7290203392292,-1557.0284787210098,-0.04285375446425193,trailing_stop,51,-0.04285375446425193,179.82938854394112,179.47006983783933
ADP,2006-10-31,24.17694249530415,2006-11-03,23.50406280157751,25568,23.547486953897742,0.3147277707032032,0.6294555414064078,-17204.188009202702,-17569.920392231903,-1.0689868457162317,stop_loss,3,-1.0689868457162317,185.44681971598095,180.28556331322014
D,2006-11-02,18.316303940754675,2006-11-03,17.88010841329544,33677,17.849025022435235,0.23363945915972018,0.46727891831944035,-14689.756778244719,-15055.452751898923,-0.9334800059630459,stop_loss,1,-0.9334800059630459,185.05145034383855,180.64452331036514
YUM,2006-10-13,14.275958288623286,2006-11-06,14.382657098409167,43073,13.678749008982887,0.29860463982019947,0.5972092796403992,4595.8378339072415,4225.514071737546,0.17866234404483447,trailing_stop,24,0.17866234404483447,184.47250540976123,185.8512567599334
DUK,2006-06-30,21.24705081991541,2006-11-07,22.087716326829103,27448,20.449305503149077,0.3988726583831656,0.7977453167663313,23074.586833767087,22717.751027173937,1.0538018704031265,trailing_stop,130,1.0538018704031265,174.95671527151143,181.87909132164157
ORCL,2006-09-08,12.800734555645183,2006-12-08,14.000935021191596,46591,12.223227744781898,0.28875340543164274,0.5775068108632855,55918.539890272914,55543.92491409659,2.078244694209397,trailing_stop,91,2.078244694209397,178.91970710461942,195.6952690717013
AES,2006-11-07,14.167986217422564,2006-12-19,14.038909772176217,43355,13.642700688950642,0.2626427642359614,0.5252855284719224,-5596.109283655407,-5962.982276344123,-0.24572625410381385,trailing_stop,42,-0.24572625410381385,184.27591273690658,182.59707995180995
LIN,2006-11-03,42.632247270556,2006-12-22,41.024749984780804,14387,41.18805981453723,0.7220937280093834,1.444187456018767,-23127.063450447742,-23488.1354163015,-1.1130807701422845,stop_loss,49,-1.1130807701422845,184.00504244444676,177.06692340931244
NRG,2006-11-06,19.65118518965757,2006-12-22,20.968957732830482,30980,18.8186172533011,0.4162839681782359,0.8325679363564724,40824.593387496774,40447.069779175166,1.5827807985734068,trailing_stop,46,1.5827807985734068,182.63811515267744,194.88549316892653
BRK-B,2006-10-04,64.72466366577147,2007-01-08,71.7481796951294,9349,63.35648741971783,0.6840881230268201,1.3681762460536433,65662.8513584672,65280.08597469288,5.133487772219767,trailing_stop,96,5.133487772219767,181.53326418338926,201.23211959092941
FXI,2006-11-07,18.902664536109324,2007-01-08,23.24921701588823,32495,18.42562396439119,0.23852028585906737,0.47704057171813474,141241.2228304156,140830.30521310595,9.111494362259656,trailing_stop,62,9.111494362259656,184.27262523026175,226.64499207938644
NTRS,2006-12-22,38.06508497778965,2007-01-09,37.8581868890292,16944,37.0866149216892,0.4892350280502275,0.9784700561004556,-3505.681215957131,-3891.6143915105445,-0.21145060849896108,stop_loss,18,-0.21145060849896108,193.49243995910038,192.44073559431322
DTE,2006-10-18,17.639263237431624,2007-01-12,18.784469154263117,34721,17.215636487091928,0.21181337516984905,0.42362675033969666,39762.694638306275,39383.29411459466,2.703337114365839,trailing_stop,86,2.703337114365839,183.73585766005903,195.6646660515509
LH,2007-01-09,61.045568405899765,2007-01-12,59.74916931245694,10504,59.635161294587206,0.705203555656281,1.4104071113125585,-13617.376077523408,-13998.024455021494,-0.9191665888839446,stop_loss,3,-0.9191665888839446,192.36679516067136,188.2815823374143
BCO,2006-12-19,27.978377691653137,2007-01-19,27.147819118971523,23100,27.01332459323607,0.48252654920853333,0.9650530984170658,-19185.903028945286,-19567.927572842913,-0.8606351029222566,trailing_stop,31,-0.8606351029222566,193.89015740315622,188.13438649447264
IBM,2007-01-09,51.185194669845714,2007-01-22,49.71151361379983,12527,49.890772847677766,0.647210911083973,1.2944218221679478,-18460.802589086783,-18839.982508487552,-1.1384859485586434,stop_loss,13,-1.1384859485586434,192.35908008874716,186.82083931202112
KO,2006-10-23,12.922039966604654,2007-01-26,13.329556500106714,47742,12.618827194736586,0.1516063859340343,0.3032127718680684,19455.65434245533,19079.66322690121,1.343995277611113,trailing_stop,95,1.343995277611113,185.07720962569184,190.91390592842842
CAG,2006-12-22,10.5717694118769,2007-01-26,10.283772520723163,61012,10.254910110823367,0.15842965052676686,0.3168593010535332,-17571.266323071814,-17952.99782038935,-0.9089109588898583,trailing_stop,35,-0.9089109588898583,193.50143860723003,188.23005871030847
ABT,2007-01-19,16.532898834577725,2007-01-29,16.057521897514874,38969,16.09919915869776,0.21684983793998294,0.4336996758799643,-18524.963860402244,-18905.968692054917,-1.096097054023213,stop_loss,10,-1.096097054023213,193.2811604053978,187.72367124727714
SHW,2007-01-26,17.491205234200542,2007-01-31,17.50033290404187,36624,16.89521996570164,0.29799263424945166,0.5959852684989038,334.29178026875036,-50.167247563746656,0.015315260835752562,stop_loss,5,0.015315260835752562,192.17937014920818,192.27965768328883
CCI,2007-01-22,22.1452931922497,2007-02-01,21.47847848415411,29080,21.151017051438558,0.49713807040557,0.9942761408111416,-19390.97171141975,-19771.545495524697,-0.6706534339158484,stop_loss,10,-0.6706534339158484,193.1955378091864,187.37824629576042
CMCSA,2006-09-26,7.603740956964039,2007-02-09,8.714793557621299,78754,7.333249163593385,0.13524589668532666,0.27049179337065343,87499.83651216184,87114.29155201334,4.107527946826803,trailing_stop,136,4.107527946826803,179.6475045974238,205.89745555107234
TMO,2007-01-12,46.03512577032239,2007-02-14,44.421473621207284,14018,44.37083517005661,0.8321453001328891,1.6642906002657796,-22620.175826295534,-23000.58200937667,-0.9695735521533387,stop_loss,33,-0.9695735521533387,193.59611791451377,186.8100651666251
WAT,2007-01-12,53.90384847259521,2007-02-23,56.19375,11972,52.0485741527536,0.9276371599208014,1.8552743198416053,27414.701086090194,27019.27455141602,1.2342657379100117,trailing_stop,42,1.2342657379100117,193.60106217417294,201.82547250000002
C,2006-12-11,344.78497598275777,2007-02-27,349.3093809291746,1845,336.2896416706023,4.247667156077748,8.495334312155478,8347.527126139064,7963.34589958831,0.5325752678082522,trailing_stop,78,0.5325752678082522,190.8384842064564,193.34274234429816
SPGI,2006-10-20,44.47058962057698,2007-02-28,45.24076285638999,13830,43.07234926199432,0.6991201792913299,1.3982403585826617,10651.49585129395,10279.283449867014,0.5508160532526069,trailing_stop,131,0.5508160532526069,184.5084763357739,187.70392509116206
REG,2007-01-26,38.231013721692165,2007-02-28,38.30258342333048,16756,37.009996800546624,0.6105084605727701,1.2210169211455408,1199.221920651647,814.5028345230472,0.058614831947760196,trailing_stop,33,0.058614831947760196,192.17965977620216,192.53942635239767
SYK,2007-01-29,48.73595164869162,2007-02-28,48.182724574461666,13151,47.3161787756859,0.709886436502861,1.4197728730057193,-7275.489253198094,-7657.8625065013,-0.3896588565315708,trailing_stop,30,-0.3896588565315708,192.27795003958306,190.0953032636236
EL,2007-02-01,18.39455774281834,2007-02-28,18.26014935510338,35301,17.655097812023257,0.3697299653975417,0.739459930795082,-4744.750494725779,-5132.9348393048995,-0.1817656131420681,trailing_stop,27,-0.1817656131420681,194.80388486376907,193.38045971535132
DLTR,2007-02-09,11.237894071578978,2007-02-28,11.155500317573548,58657,10.800570060053468,0.21866200576275485,0.4373240115255097,-4832.9704286965225,-5227.029229101879,-0.18840436800626967,trailing_stop,19,-0.18840436800626967,197.75434576698242,196.30445463837347
ETN,2007-02-23,25.736806537249507,2007-02-28,24.4619841528051,25697,24.928350806630977,0.40422786530926447,0.8084557306185296,-32759.110813067888,-33146.09831037659,-1.5768610898076885,stop_loss,5,-1.5768610898076885,198.40761527631017,188.5798820323898
PPL,2007-02-27,15.45895351023506,2007-02-28,15.002467439704061,42791,15.011157287054283,0.22389811159038872,0.4477962231807773,-19533.495444092005,-19924.537843252656,-1.0194058075981456,stop_loss,1,-1.0194058075981456,198.45122389694055,192.59117526371296
GIS,2006-09-22,14.129806445372841,2007-03-02,14.638984358412745,42175,13.752480409119514,0.18866301812666364,0.3773260362533275,21474.578482457964,21110.58135681307,1.3494375264845353,trailing_stop,161,1.3494375264845353,178.77737605007988,185.21974959481727
ITT,2007-01-09,15.217888028651878,2007-03-02,15.076222896191688,42136,14.746770798351687,0.2355586151500959,0.4711172303001909,-5969.202021342569,-6352.1438187213325,-0.30070038484884654,trailing_stop,52,-0.30070038484884654,192.36627899258266,190.57551838617988
ADP,2007-02-14,24.73536196321499,2007-03-02,24.396665242899278,26598,24.10277193984528,0.3162950116848558,0.6325900233697119,-9008.655366957346,-9400.699464845815,-0.535412680888527,stop_loss,16,-0.535412680888527,197.3733472492777,194.6707506391905
XEL,2006-07-25,9.767162988076613,2007-03-05,11.514718409557332,59862,9.475419229324249,0.14587187937618212,0.29174375875236436,104612.1626406788,104229.96984541125,5.990035327419172,trailing_stop,223,5.990035327419172,175.40457323767268,206.78822202987632
LMT,2006-07-26,44.00833428582244,2007-03-05,53.69604165533179,13333,42.6437018738207,0.6823162060008694,1.3646324120017397,129166.20235766812,128775.3946243411,7.099133278901628,trailing_stop,222,7.099133278901628,176.0289363098612,214.77879701716165
ETR,2006-07-27,17.743784108726945,2007-03-05,21.97872633235424,33063,17.34004981940367,0.20186714466163766,0.4037342893232747,140019.8947397892,139625.89113097516,10.48942915085502,trailing_stop,221,10.48942915085502,175.9988201960517,218.00478861798845
NEE,2006-10-31,7.122009169053485,2007-03-05,8.080407986264818,86796,6.940421693381948,0.09079373783576873,0.1815874756715372,83185.18373867487,82789.33103885097,5.277890524481566,trailing_stop,125,5.277890524481566,185.4485723511499,210.40412747275232
FISV,2006-11-07,12.732720267295836,2007-03-05,12.889597652435302,48242,12.260673161503293,0.23602355289627092,0.4720471057925426,7568.0788138981525,7197.257255573052,0.33233417431101014,trailing_stop,118,0.33233417431101014,184.27556734046573,186.54599098463515
MCD,2006-09-11,21.448646743799827,2007-03-06,25.17667534932328,27939,20.733537071245895,0.35755483627696544,0.7151096725539325,104157.39120971972,103766.59174753178,5.213226374367478,trailing_stop,176,5.213226374367478,179.776122412507,211.02333977542293
ZBH,2007-01-31,71.53649091162059,2007-03-06,71.6082260368875,9002,69.23669005478962,1.1499004284154883,2.29980085683097,645.7595976527404,259.1829750615994,0.03119188561646153,trailing_stop,34,0.03119188561646153,193.19144735592258,193.38517523521836
M,2007-03-13,24.053300944850143,2007-03-15,23.532656665767334,26485,23.03018086580322,0.5115600395234615,1.0231200790469224,-13789.263731508201,-14167.357957703362,-0.5088789573632553,stop_loss,2,-0.5088789573632553,191.11550265730682,186.97872353785434
OKE,2007-03-14,7.249697331833197,2007-04-02,7.3677710710041815,87730,6.980434126399464,0.13463160271686617,0.2692632054337327,10358.60913747049,9973.891986576213,0.4385067725120111,stop_loss,19,0.4385067725120111,190.8047840765179,193.91236681775905
IEF,2007-02-28,51.29163385724969,2007-04-09,50.80583042648698,12503,50.93068741696468,0.18047322014250483,0.3609464402850122,-6074.000294826226,-6456.9576736080935,-1.345915561264748,trailing_stop,40,-1.345915561264748,192.38978943515787,190.56758934671
WMB,2007-03-30,9.959268177126456,2007-04-16,9.777950269468313,65120,9.527870830110375,0.21569867350804003,0.43139734701608035,-11807.42214669823,-12193.008446270907,-0.4203037151533149,stop_loss,17,-0.4203037151533149,194.56426310834243,191.02203646433296
ES,2007-03-16,15.841018898826153,2007-04-20,16.645223273657958,20115,15.343144229653,0.24893733458657707,0.4978746691731537,16176.57099974176,15980.532771351905,1.615274736044292,trailing_stop,35,1.615274736044292,95.59262854496642,100.44559984488895
PVH,2007-03-27,55.7550429126909,2007-04-20,54.49042943712902,11661,53.01045256412186,1.372295174284517,2.7445903485690337,-14746.657738527003,-15132.329474448377,-0.4607658393250612,trailing_stop,24,-0.4607658393250612,195.0478666214666,190.62386929990845
NFG,2007-04-10,26.278708987625354,2007-04-23,25.53276857986246,25085,25.47861297197376,0.4000480078257967,0.8000960156515937,-18711.915128732213,-19101.822403166345,-0.9323136138297163,stop_loss,13,-0.9323136138297163,197.7604244863746,192.14684994775496
ABT,2007-03-27,17.605338535271432,2007-05-01,17.596145221478423,36931,17.015297819623694,0.29502035782386876,0.5900407156477385,-339.5182716896205,-729.5260706757791,-0.015580812559548279,trailing_stop,35,-0.015580812559548279,195.05482723383278,194.9529717523259
SRE,2007-04-12,17.764221651892093,2007-05-01,17.706477773513136,18493,17.236458975512832,0.2638813381896304,0.5277626763792611,-1067.85754286206,-1264.6454362042657,-0.1094125844122056,trailing_stop,19,-0.1094125844122056,98.55412530253216,98.23376803967354
LLY,2007-04-20,34.97195925818997,2007-05-02,34.12700933801268,18987,34.032771932510975,0.4695936628394953,0.9391873256789935,-16043.06413440625,-16436.658769427082,-0.8996606928936445,stop_loss,12,-0.8996606928936445,199.2037771305759,194.39085789025404
ADBE,2007-03-22,42.92288106918335,2007-05-10,41.05889847564697,15047,40.751938216847265,1.08547142616804,2.1709428523360828,-28047.34608494187,-28426.448235985186,-0.858605094800448,trailing_stop,49,-0.858605094800448,193.75817743440055,185.34397360891796
MO,2007-04-03,6.622870202497272,2007-05-11,6.55104385475376,98483,6.4061759434316,0.10834712953283605,0.2166942590656724,-7073.674204824286,-7462.896178254361,-0.33146400856768377,trailing_stop,38,-0.33146400856768377,195.67203784576165,193.54993558431434
XRAY,2007-05-02,29.92682854607344,2007-05-11,29.719092565865555,22311,28.841465008526583,0.5426817687734281,1.0853635375468578,-4634.797454418144,-5034.0254981966855,-0.1913976036797878,trailing_stop,9,-0.1913976036797878,200.30924150743334,198.91880227110792
AEP,2006-10-11,18.21082323074075,2007-05-25,22.589066423608287,33462,17.70559822533656,0.25261250270209584,0.505225005404192,146504.7737197335,146095.19994744935,8.665927351249842,trailing_stop,226,8.665927351249842,182.81117008411408,226.76260220003417
PEG,2007-03-22,19.53714098942021,2007-05-25,20.95807150011127,16529,18.86381153911761,0.33666472515129975,0.6733294503025995,23486.56041121255,23285.756801040712,2.1103050075300938,trailing_stop,64,2.1103050075300938,96.878821024238,103.92478914760174
CB,2007-05-11,42.51914290871766,2007-05-25,41.20844859480034,15876,41.326395057869945,0.5963739254238588,1.1927478508477165,-20808.582927751435,-21207.36070056439,-1.0988863345976938,stop_loss,14,-1.0988863345976938,202.51017384564048,196.26759896731502
MCD,2007-05-14,29.568911068334657,2007-05-31,29.538994314923322,23100,28.72080229143441,0.4240543884501234,0.8481087769002471,-691.077003801842,-1100.6947881078197,-0.035274665498307774,trailing_stop,17,-0.035274665498307774,204.91255370355918,204.7052306024186
MRK,2007-04-16,24.58876848368976,2007-06-01,25.77127909144239,26807,23.685743995358933,0.45151224416541214,0.9030244883308249,31699.561862024828,31294.561323420858,1.309500044609441,trailing_stop,46,1.309500044609441,197.7453350226814,207.25520358128884
NLY,2007-03-21,5.421906893429281,2007-06-06,5.4716893037522905,118207,5.211747467071455,0.10507971317891292,0.21015942635782547,5884.629377052018,5498.319579347945,0.23687926440305537,trailing_stop,77,0.23687926440305537,192.2722044454785,194.03759325859411
PPL,2007-03-28,16.3448148066061,2007-06-07,17.971097526750523,39668,15.776212640729081,0.2843010829385082,0.5686021658770173,64511.38294268901,64103.00985955713,2.8601416205230774,trailing_stop,71,2.8601416205230774,194.50983412453522,213.86324900734192
EIX,2007-04-03,25.55446728454549,2007-06-08,27.15427188401904,12761,24.60154465410266,0.476461315221414,0.9529226304428278,20415.10649388198,20213.321627722966,1.6788399691275184,trailing_stop,66,1.6788399691275184,97.8301671054255,103.95469905359008
MMM,2007-05-01,39.28576758115326,2007-06-08,40.431971917786946,16991,38.104435630690695,0.5906659752312803,1.181331950462564,19475.157883742977,19068.812650195032,0.9702644004378937,trailing_stop,38,0.9702644004378937,200.2513430914125,206.09389045653538
IWF,2007-05-04,12.000661140326898,2007-06-08,11.873631532662154,28122,11.78922536842521,0.1057178859508435,0.21143577190168727,-3572.326626747922,-3773.7444843128615,-0.6007952510694808,trailing_stop,35,-0.6007952510694808,101.2447777764819,100.17307978845753
CAR,2007-05-29,28.389064104224996,2007-06-08,27.98115207504662,24089,27.306817656895586,0.541123223664706,1.0822464473294104,-9826.192870877916,-10233.563512140658,-0.37691232915104944,trailing_stop,10,-0.37691232915104944,205.15924956200277,202.2113917007394
XLI,2007-05-30,26.738665396948164,2007-06-08,26.498438902269466,12827,26.179451840045886,0.2796067784511397,0.5592135569022787,-3081.385247243657,-3286.2469482974766,-0.4295791683045282,trailing_stop,9,-0.4295791683045282,102.89305831399624,101.96864273982314
FIS,2007-06-01,22.189212345013047,2007-06-11,21.43900418904967,31257,21.453134837173472,0.3680387539197877,0.7360775078395747,-23449.256330947304,-23858.362480208863,-1.0191972285164337,stop_loss,10,-1.0191972285164337,208.07046308042183,201.03568618113766
PPG,2007-03-20,23.22832063946687,2007-06-13,24.33877572138534,27517,22.45776404245668,0.38527829850509454,0.770556597010188,30556.392489150545,30163.721351982076,1.4411077476036303,trailing_stop,85,1.4411077476036303,191.75210971086295,200.9190274576081
CMC,2007-03-23,19.05685711684678,2007-06-13,20.936392462368428,33947,17.916895498860974,0.5699808089929018,1.1399616179858043,63804.58637442343,63397.29112138374,1.6487707268974512,trailing_stop,82,1.6487707268974512,194.07693856367925,213.2183144760063
ADP,2007-05-10,26.332701557385402,2007-06-13,26.3407337915814,25887,25.4735106468678,0.42959545525879966,0.8591909105176008,207.93044663179361,-201.13671963181747,0.009348602385887557,trailing_stop,34,0.009348602385887557,204.50239356481077,204.5647726988003
JCI,2007-06-14,35.79615926361084,2007-06-21,34.28517202165088,19134,34.509014113174786,0.6435725752180261,1.2871451504360536,-28911.22988766187,-29313.51074550553,-1.1739058655879437,stop_loss,7,-1.1739058655879437,205.47711340497895,196.80374443868038
L,2007-06-15,47.88416701223864,2007-06-22,47.176374693739724,14429,46.46855884533817,0.7078040834502332,1.4156081669004692,-10212.735363620879,-10624.22393050355,-0.4999916891187885,stop_loss,7,-0.4999916891187885,207.2761937458774,204.21237313679111
TROW,2007-06-18,29.202351165233193,2007-06-25,28.226146738925554,23734,28.16186599986338,0.5202425826849064,1.0404851653698124,-23169.235853985505,-23578.138244762697,-0.9382204175498009,trailing_stop,7,-0.9382204175498009,207.92658076669338,200.97581001049772
DOV,2007-06-12,23.678589876883528,2007-06-26,23.952258331360095,28678,22.905592956279545,0.3864984603019923,0.7729969206039833,7848.263937478997,7438.476698004194,0.354035633496102,trailing_stop,14,0.354035633496102,203.71638014677978,206.07085932802346
TER,2007-06-22,16.765412892833506,2007-06-26,16.061163040199485,41106,16.041005150787814,0.36220387102284535,0.7244077420456918,-28948.89444237407,-29353.705211465047,-0.972173282749925,stop_loss,4,-0.972173282749925,206.74771871184421,198.06305037913202
EQT,2007-03-21,20.78968951589199,2007-06-27,21.661813343052202,30828,19.98000559200357,0.40484196194420896,0.8096839238884179,26885.83334369503,26493.22486465437,1.0771163924953997,trailing_stop,98,1.0771163924953997,192.27136451877547,200.337114521884
FHI,2007-06-21,14.811012587037677,2007-06-28,14.544565772381484,46082,14.298757341519497,0.2561276227590901,0.5122552455181797,-12278.402112986701,-12684.231241574327,-0.520144629044579,stop_loss,7,-0.520144629044579,204.75632461076103,201.07280397686506
R,2007-06-26,33.625803027833264,2007-07-03,32.687108394854164,20204,32.51035324577192,0.5577248910306729,1.1154497820613472,-18965.38636470974,-19367.32218342493,-0.8415391244636723,stop_loss,7,-0.8415391244636723,203.812717312303,198.12310140289003
PTC,2007-06-27,21.35132992362976,2007-07-09,17.26272068595886,31736,20.464960373542116,0.44318477504382214,0.8863695500876432,-129756.10276672362,-130123.73941976739,-4.612759133328329,stop_loss,12,-4.612759133328329,203.28174193689424,164.35491110687713
TGT,2007-07-09,41.242766354235066,2007-07-11,39.41313195857449,16881,39.71232806506275,0.7652191445861596,1.5304382891723165,-30886.058233146196,-31294.523898971758,-1.195497008017272,stop_loss,2,-1.195497008017272,208.86574164775266,199.5999241778088
RYN,2007-07-06,10.122978125753646,2007-07-12,9.955944585991272,69054,9.773020637584828,0.1749787440844089,0.3499574881688172,-11534.334054750936,-11950.293033431986,-0.47729665862099674,stop_loss,6,-0.47729665862099674,209.70963944873765,206.2493392323124
GOOGL,2007-06-26,13.227620724219898,2007-07-23,12.861206442053863,51362,12.777934113702951,0.2248433052584738,0.449686610516947,-18819.7703606119,-19221.762662886144,-0.8148214191763808,stop_loss,27,-0.8148214191763808,203.81911669121473,198.17318558303114
GOOG,2007-06-26,13.165706334552262,2007-07-23,12.801008347652843,25802,12.718124674013087,0.22379083026958715,0.4475816605391749,-9409.9374579788,-9610.935409647876,-0.8148188789953743,stop_loss,27,-0.8148188789953743,101.91046645323523,99.0874852158416
DLTR,2007-03-09,11.875196081161498,2007-07-25,13.503150698661804,53524,11.352837428087822,0.26117932653683823,0.5223586530736757,87134.64294708637,86727.13775717339,3.116545706519946,trailing_stop,138,3.116545706519946,190.6823985144264,216.82279139855234
VRSN,2007-05-31,24.624942651212773,2007-07-25,26.038084324907594,28131,23.448964729987015,0.587988960612879,1.1759779212257584,39753.08842270899,39325.52793914942,1.2016736438570708,trailing_stop,55,1.2016736438570708,207.81727851638,219.74320504319263
EFX,2007-06-06,35.97914235687256,2007-07-25,35.13556463570897,19283,35.00698224047597,0.4860800581982946,0.9721601163965872,-16266.709197197522,-16678.100665678907,-0.8677353729449421,stop_loss,49,-0.8677353729449421,208.13574062027206,203.25572786111277
GWW,2007-06-14,65.30057685943612,2007-07-25,66.76279441153548,10488,63.22644626938856,1.0370652950237802,2.0741305900475595,15335.737686418095,14920.21349505111,0.704978538533503,trailing_stop,41,0.704978538533503,205.4617350305298,210.06245633645523
BAX,2007-03-16,19.425184436058835,2007-07-26,19.921366859881292,32808,18.80747819299091,0.3088531215339623,0.617706243067925,16278.752960767177,15891.488464292015,0.8032660012599151,trailing_stop,132,0.8032660012599151,191.19043529346547,196.07406118169564
DINO,2007-03-22,14.619608237605929,2007-07-26,16.21603082760816,44178,13.871479036479089,0.37406460056341967,0.7481292011268401,70526.75718111862,70118.08012233171,2.133886215907204,trailing_stop,126,2.133886215907204,193.75951581628644,214.917542970622
AYI,2007-07-25,48.877576162566086,2007-07-26,46.0373018028186,14134,46.5336032813456,1.1719864406102454,2.3439728812204876,-40144.43780067102,-40546.89586621984,-1.2117351623405224,stop_loss,1,-1.2117351623405224,207.25069844451272,195.2073671043114
LMT,2007-07-25,59.266862626877895,2007-07-26,58.10426502838607,11657,57.09129153874075,1.087785544068574,2.175571088137147,-13552.400205619244,-13962.858776142468,-0.5343873178087292,stop_loss,1,-0.5343873178087292,207.26214529245468,203.1964252307689
YUM,2007-07-12,17.006093650077315,2007-07-27,16.095870595987872,40937,16.346460274251193,0.3298166879130611,0.6596333758261217,-37261.80116525951,-37668.32969836186,-1.3798923575531385,stop_loss,15,-1.3798923575531385,208.8535367259645,197.67499637638664
TXT,2007-04-20,47.18619401947431,2007-07-30,53.14963885152789,7036,45.447316184453626,0.8694389175103406,1.7388778350206806,41958.797838329,41747.00896230489,3.429478892623103,trailing_stop,101,3.429478892623103,99.60061833630637,112.18825768780506
ITW,2007-06-14,34.56360040088301,2007-07-30,34.084882648083656,19816,33.291562621317105,0.6360188897829533,1.2720377795659061,-9486.270989472017,-9894.372491501515,-0.3763392569698059,trailing_stop,46,-0.3763392569698059,205.47369166316935,202.62781036632774
GD,2007-07-26,53.54675514695725,2007-07-31,51.94953902631398,12975,51.61001189096816,0.9683716279945449,1.936743255989093,-20723.879165346487,-21134.523490415944,-0.8246917167281307,stop_loss,5,-0.8246917167281307,208.43074440953112,202.21358065992715
CL,2007-07-26,22.15178078716901,2007-08-01,21.436427585844903,31364,21.537555437018455,0.30711267507527706,0.614225350150555,-22436.337806329266,-22846.467976552627,-1.1646429134661462,stop_loss,6,-1.1646429134661462,208.43053578263064,201.69963444073187
FLS,2007-03-12,14.02452945251884,2007-08-06,17.03268402399257,45251,13.397443858610304,0.3135427969542677,0.6270855939085358,136122.00251375776,135700.39152365006,4.797039831076852,trailing_stop,147,4.797039831076852,190.387194676779,231.2237954309063
BA,2007-07-23,76.11376604573474,2007-08-09,73.52823348215162,9190,73.92622007103247,1.093772987351128,2.1875459747022603,-23761.044259328828,-24173.60725202721,-1.1819329026604908,stop_loss,17,-1.1819329026604908,209.8456529880907,202.71733971029204
BG,2007-07-27,57.8892945645723,2007-08-10,58.37148117306727,11811,54.88041857520944,1.5044379946814304,3.0088759893628634,5695.106032934012,5283.159226262834,0.16025472973948238,stop_loss,14,0.16025472973948238,205.11913743064906,206.82766924052922
R,2007-08-08,34.55967879589041,2007-08-10,32.408729150621795,19951,33.22125579083559,0.669211502527409,1.3384230050548211,-42913.5963727542,-43314.422384836456,-1.6070776108488334,stop_loss,2,-1.6070776108488334,206.85004549704288,193.9759665852166
HON,2007-04-23,29.85271625038953,2007-08-13,32.78563619112508,22449,28.72631396215994,0.5632011441147953,1.1264022882295919,65841.11974957232,65419.26923738444,2.6037943738070055,trailing_stop,112,2.6037943738070055,201.0490881314984,220.80142405637005
HSIC,2007-08-08,23.655003824234008,2007-08-13,22.78895390510559,29148,22.699938003674696,0.477532910279656,0.9550658205593123,-25243.62304275513,-25649.74758672357,-0.9067960558165885,stop_loss,5,-0.9067960558165885,206.84881544063185,199.2757285278053
GGG,2007-08-08,11.134408611425982,2007-08-13,10.396271859113915,61926,10.609121774812282,0.2626434183068502,0.5252868366137005,-45709.8565236771,-46109.8491993227,-1.4052070237863175,stop_loss,5,-1.4052070237863175,206.85281630134963,193.13985934424647
EXPD,2007-08-08,39.31749349834217,2007-08-13,38.36837117507405,17537,37.07976344688273,1.1188650257297226,2.237730051459444,-16644.758183153033,-17053.47128578634,-0.4241451387977315,trailing_stop,5,-0.4241451387977315,206.85326504412802,201.8598375891821
WTRG,2007-08-10,12.484382343476131,2007-08-13,11.505443761854718,55036,11.75611876601516,0.3641317887304855,0.7282635774609716,-53876.863778116116,-54272.95499897601,-1.3442091735994801,stop_loss,3,-1.3442091735994801,206.1271399966657,189.96408086323086
COST,2007-08-08,44.84603141284411,2007-08-14,42.36022995457535,15375,43.05727458503624,0.8943784139039369,1.7887568278078732,-38219.197420882185,-38621.43630143941,-1.3896810453073811,stop_loss,6,-1.3896810453073811,206.8523198917435,195.38656066547884
DHR,2007-08-09,16.264351992636957,2007-08-14,15.603244989562294,42987,15.52605580200099,0.3691480953179836,0.7382961906359675,-28419.00674117056,-28829.974458612698,-0.8954495654449831,stop_loss,5,-0.8954495654449831,209.74670973224548,201.2210077098943
AMAT,2007-08-02,16.65502734147931,2007-08-15,15.210986517966397,40849,15.944846156252357,0.35509059261347703,0.7101811852269542,-58987.62359967903,-59378.13203972238,-2.0333414254722038,stop_loss,13,-2.0333414254722038,204.10236356162653,186.4060764817228
APD,2007-06-11,45.76630603074365,2007-08-16,47.823784361172294,14845,44.423250577102955,0.6715277268203472,1.3430554536406945,30543.26581521322,30126.46234765282,1.5319384801657476,trailing_stop,66,1.5319384801657476,203.82024390791682,212.98322365248083
LIN,2007-06-14,49.558717887878416,2007-08-16,49.592134776741304,6910,48.004817471702744,0.7769502080878354,1.5539004161756722,230.91070204255658,25.370984468799918,0.02150516758669187,trailing_stop,63,0.02150516758669187,102.73522218157196,102.80449539218472
CSCO,2007-07-13,19.017007867108614,2007-08-16,19.14617257906254,37159,18.253085442781632,0.3819612121634899,0.7639224243269815,4799.631531495948,4374.199844836166,0.1690809273830663,trailing_stop,34,0.1690809273830663,211.9958986001667,213.43578805961548
PAYX,2007-08-07,23.487307337042303,2007-08-16,22.96349650086095,29149,22.495831846903513,0.49573774506939383,0.9914754901387894,-15268.562063850302,-15674.760408171614,-0.5283144579882958,trailing_stop,9,-0.5283144579882958,205.3894564702338,200.80888785107877
EBAY,2007-08-08,13.359708600308357,2007-08-16,12.507370419452762,51611,12.70719421250997,0.32625719389919333,0.6525143877983872,-43990.02585213811,-44390.53359672478,-1.306236608408624,trailing_stop,8,-1.306236608408624,206.8523761711544,193.65536841551292
CCI,2007-08-09,23.821026548904783,2007-08-16,21.36861175059209,29350,22.3715670922158,0.7247297283444916,1.4494594566889845,-71978.3743304775,-72376.26909570457,-1.691951290527828,stop_loss,7,-1.691951290527828,209.7441387631066,188.15062646396336
T,2006-07-26,5.495705880499164,2007-08-17,7.714955069180488,106773,5.305173256461745,0.09526631201870975,0.19053262403741922,236955.89362307097,236532.7310525969,11.647607331778936,trailing_stop,387,11.647607331778936,176.03790119356117,247.12466928048246
FTI,2007-06-25,12.670866015953417,2007-08-17,14.38302090289236,53856,12.101015837160327,0.2849250893965449,0.5698501787930894,92209.81359098374,91772.70935081334,3.004570237330084,trailing_stop,53,3.004570237330084,204.72064804655616,232.3835921238513
WFC,2007-08-20,22.575556656682608,2007-09-10,21.392424385792946,29005,21.167180032799717,0.7041883119414449,1.4083766238828908,-34316.75151715463,-34699.338904195734,-0.8400680974296271,stop_loss,21,-0.8400680974296271,196.4412062481237,186.14618079297733
GRMN,2007-05-25,33.001067415775275,2007-10-03,53.85235196255625,20561,31.453520045843366,0.7737736849659542,1.547547369931909,428723.2615663636,428187.5236196123,13.473761741909339,trailing_stop,131,13.473761741909339,203.56048414072666,332.1774626106357
FLG,2007-09-11,19.673807608964403,2007-10-16,19.237420921118392,33882,18.514737743580945,0.5795349326917298,1.159069865383458,-14785.653757598513,-15181.170831115393,-0.37649731123122526,trailing_stop,35,-0.37649731123122526,199.97638482207955,195.54068869480002
MDT,2007-09-19,35.84042569059513,2007-10-16,32.25904866429405,18794,34.440663688397144,0.6998810010989958,1.3997620021979884,-67308.39983230257,-67692.35828861031,-2.558561398778789,stop_loss,27,-2.558561398778789,202.07548812871346,181.8829681790227
ECL,2007-09-20,36.45245559207954,2007-10-17,36.967814560091995,18463,34.97137538114873,0.7405401054654026,1.4810802109308057,9515.07262641399,9108.405092068127,0.3479615514466784,trailing_stop,27,0.3479615514466784,201.90650627896935,204.76102806689357
ORCL,2007-09-24,17.54617301060657,2007-10-18,17.105172256596347,38448,16.718214089647276,0.41397946047964584,0.8279589209592935,-16955.59699018502,-17355.279467035045,-0.5326360316273515,trailing_stop,24,-0.5326360316273515,202.38457797354042,197.2978988764849
SLAB,2007-09-17,40.15011061096191,2007-10-22,40.50944923782349,16657,38.022419580302504,1.0638455153297028,2.127691030659406,5985.503507633318,5582.439621112952,0.1688866577353639,trailing_stop,35,0.1688866577353639,200.63411773403777,202.42976878632777
ADSK,2007-09-20,49.549499999999995,2007-10-22,46.67328121948242,13583,46.81400916483252,1.367745417583739,2.735490835167475,-39067.67969577023,-39459.777906961506,-1.0514452264072325,trailing_stop,32,-1.0514452264072325,201.90925754999998,190.1889536412689
WBD,2007-09-24,12.833844964981077,2007-10-22,12.664603145599365,52566,12.052394327181762,0.3907253188996571,0.7814506377993151,-8896.365477619085,-9298.470904633316,-0.2165739090805827,trailing_stop,28,-0.2165739090805827,202.3871683287586,199.71825868547288
XLP,2007-10-08,16.93678693816532,2007-10-22,16.817763489882502,40285,16.6186832572982,0.15905184043355863,0.31810368086711804,-4794.8596140733,-5202.800233271472,-0.3741655800975697,trailing_stop,14,-0.3741655800975697,204.68953854119695,203.25108065697495
EZU,2007-10-12,35.609065507796245,2007-10-23,35.18112484864448,9578,34.64910929689678,0.4799781054497303,0.9599562108994633,-4098.815633355611,-4302.224166325807,-0.44579185414175526,stop_loss,11,-0.44579185414175526,102.31908883010172,101.08944414009505
DVA,2007-09-12,30.200170076370235,2007-10-31,32.01295317077637,22114,28.96191834279526,0.6191258667874868,1.2382517335749732,40087.88534969729,39675.15104745107,1.4639859127613941,trailing_stop,49,1.4639859127613941,200.3539683206554,212.3803339255646
ON,2007-09-20,12.562550190925597,2007-10-31,10.309679695129395,53574,11.599516072083265,0.4815170594211661,0.9630341188423319,-120695.28394178573,-121062.89099496038,-2.3393465005210707,stop_loss,41,-2.3393465005210707,201.90781917859437,165.69923399605867
BIIB,2007-06-28,53.51345908355712,2007-11-02,73.3565703048706,12807,51.6570998027253,0.9281796404159115,1.8563592808318248,254130.72541136172,253643.27807144844,10.689262270621388,trailing_stop,127,10.689262270621388,205.60406114493483,281.84327876834334
BDX,2007-09-24,45.392052752996044,2007-11-02,44.86931301224958,14862,43.72657864975301,0.8327370516215179,1.6654741032430351,-7768.9580269739845,-8171.397352374908,-0.3138684292530158,trailing_stop,39,-0.3138684292530158,202.38500640450818,200.05431899641596
MRK,2007-10-23,27.3770950346074,2007-11-08,27.128123751838157,24899,26.318277503769504,0.5294087654189482,1.0588175308378958,-6199.135969671397,-6606.273602440509,-0.23514087698587696,trailing_stop,16,-0.23514087698587696,204.4986867800069,202.63894598910548
HPQ,2007-09-24,14.058317287673843,2007-11-09,13.601550749870404,47988,13.387421712620565,0.3354477875266388,0.6708955750532777,-21919.312616111438,-22317.51514032714,-0.6808310485088026,trailing_stop,46,-0.6808310485088026,202.38915900026768,195.81336521543426
MSFT,2007-10-29,24.81881912851205,2007-11-09,24.293049109197185,27944,23.74916455082489,0.5348272888435794,1.0696545776871602,-14692.11741973461,-15103.832033544975,-0.4915325286147064,trailing_stop,11,-0.4915325286147064,208.0611245181422,203.65348929222185
GOOG,2007-09-24,13.864362353874933,2007-11-12,16.22268306366856,48659,13.406646146460211,0.228858103707361,0.4577162074147214,114753.52741784803,114314.32575495636,5.152364438030113,trailing_stop,49,5.152364438030113,202.3878023331601,236.81386055851453
GOOGL,2007-09-24,13.929561314255912,2007-11-12,16.298974752131844,24215,13.469692717577457,0.22993429833922754,0.45986859667845437,57375.34639816571,57155.75119791144,5.152370601058143,trailing_stop,49,5.152370601058143,101.19129816741207,118.40390208686178
INTC,2007-10-18,16.10582343502994,2007-11-12,15.471919007611866,21354,15.392876805532941,0.3564733147484992,0.712946629496999,-13536.395143085545,-13738.688476721598,-0.8891330727873816,stop_loss,25,-0.8891330727873816,103.17712608948881,99.11620754656313
AFL,2007-10-25,19.4366875455822,2007-11-12,18.572951540643516,35387,18.54164484194782,0.44752135181718805,0.8950427036343775,-30565.026006765194,-30968.540136268475,-0.9650221173039328,trailing_stop,18,-0.9650221173039328,206.34181865265518,197.17231085062562
XRAY,2007-11-02,36.952670206386834,2007-11-12,34.97642960481923,18556,35.26276876764962,0.8449507193686067,1.6899014387372162,-36671.120602688454,-37071.53551551748,-1.1694413391613863,stop_loss,10,-1.1694413391613863,205.70812450491422,194.7067883241077
FLEX,2007-11-07,9.979827073097228,2007-11-12,9.417853145599365,70071,9.375319180125041,0.30225394648609305,0.6045078929721868,-39378.07507370279,-39785.83952888408,-0.9296386929454364,stop_loss,5,-0.9296386929454364,209.78893885169876,197.97551632958795
BAX,2007-10-19,22.544884462749618,2007-11-13,21.95932339450152,30660,21.55404138059611,0.49542154107675296,0.990843082153507,-17953.30235248666,-18362.652056357652,-0.5909725553873107,trailing_stop,25,-0.5909725553873107,207.36784728837097,201.98185658262497
AGG,2007-10-22,57.747722355298166,2007-12-10,58.14442133382182,11818,57.21644853916123,0.26563690806846896,0.5312738161369381,4688.188528192521,4277.304521957114,0.7466940144127133,trailing_stop,49,0.7466940144127133,204.73877483847411,206.14523139693188
AON,2007-11-02,38.515017018604226,2007-12-12,40.167381703625644,17803,36.75081404596513,0.882101486319548,1.7642029726390973,29417.0484874363,28996.813664100744,0.9366069044479735,trailing_stop,40,0.9366069044479735,205.7048543946633,214.5299689408942
NFG,2007-12-11,28.619182696034233,2007-12-14,27.612991171209895,24326,27.55831642602505,0.5304331350045914,1.060866270009182,-24476.61503287685,-24886.986191325224,-0.9484621702748918,stop_loss,3,-0.9484621702748918,208.85707147911864,201.51408696925557
BRK-B,2007-08-20,79.27919694519042,2007-12-18,90.20970304870606,8259,77.26184098376334,1.0086779807135418,2.0173559614270857,90275.04990893567,89855.1072614208,5.418233723999485,trailing_stop,120,5.418233723999485,196.43006627109833,223.51258124377904
WAT,2007-10-24,73.97390152740478,2007-12-20,76.58334365844726,9335,70.93988339890397,1.5170090642504022,3.0340181285008043,24359.142293281595,23937.506728138615,0.8600614829984174,trailing_stop,57,0.8600614829984174,207.1639112274971,214.47165391548154
LDOS,2007-12-12,25.767912354828084,2007-12-21,25.170320902274312,26799,24.464745683999393,0.6515833354143453,1.3031666708286913,-16014.85333698853,-16424.381450905657,-0.45856870493300744,stop_loss,9,-0.45856870493300744,207.16628495911135,202.36182895801477
MCD,2007-09-14,31.49733132520237,2008-01-03,34.954444301564884,21192,30.039097047977698,0.7291171386123366,1.4582342772246726,73263.13819507438,72840.66438634964,2.37075278667988,trailing_stop,111,2.37075278667988,200.2474336331066,222.2263750916289
CL,2007-10-31,24.372597445232568,2008-01-03,24.98862519654396,28242,23.606733402521453,0.3829320213555573,0.7658640427111152,17397.855752536347,16979.63785758163,0.8043565397465186,trailing_stop,64,0.8043565397465186,206.49926911447747,211.7186258402384
ELV,2007-12-24,70.94699176211685,2008-01-04,69.57263061976023,9673,68.58548639097428,1.1807526855712878,2.36150537114257,-13294.195330015578,-13701.969222205547,-0.5819851858696643,stop_loss,11,-0.5819851858696643,205.8810753944869,201.89281679548222
ECL,2007-12-04,39.98868954370812,2008-01-14,40.06522660410777,17251,38.18697692996289,0.9008563068726151,1.8017126137452308,1320.3408289543895,906.037796714598,0.04248017126358101,trailing_stop,41,0.04248017126358101,206.95346499555262,207.34956724423893
MTD,2007-09-27,103.60349999999998,2008-01-18,104.20568756103516,6585,99.49807146352008,2.052714268239954,4.105428536479906,3965.4050894166594,3554.8780393898346,0.14668080461863553,trailing_stop,113,0.14668080461863553,204.66871424999997,205.85833577682496
STT,2007-10-17,50.071726591443834,2008-01-18,50.5216771466987,13647,47.39567189716784,1.3380273471379978,2.6760546942759973,6140.475227563149,5728.63577331882,0.16813952129502308,trailing_stop,93,0.16813952129502308,204.9986558380302,206.84079840629914
KO,2007-10-18,16.758607404133596,2008-01-22,16.72762720255477,41045,16.274354494257793,0.2421264549379008,0.48425290987580283,-1271.5823738028437,-1683.915123632301,-0.06397525125201592,trailing_stop,96,-0.06397525125201592,206.357112270799,205.97563755865818
GLD,2007-09-07,69.32926213836669,2008-03-24,90.55935152435303,9634,67.62538883920058,0.8519366495830505,1.703873299166105,204530.68114459247,204068.57107338446,12.459899099526117,trailing_stop,199,12.459899099526117,200.37543343230743,261.7346377756852
MRSH,2008-05-16,19.760448355407718,2008-05-22,18.432770553529757,34907,18.692291340625626,0.5340785073910452,1.0681570147820914,-46345.24903015398,-46745.212237890264,-1.2429612720830308,stop_loss,6,-1.2429612720830308,206.93339122266514,193.02981651361895
EXC,2008-05-21,31.134216000036233,2008-07-17,29.892319906773064,22159,29.836749761685542,0.6487331191753454,1.2974662383506903,-27519.175530618548,-27924.861633366243,-0.9571702573485369,stop_loss,57,-0.9571702573485369,206.97092770344088,198.7151750442553
COR,2009-07-30,13.991045147145023,2009-07-31,13.434392848996916,51446,13.271964209333666,0.35954046890567903,0.7190809378113574,-28637.534130527503,-29060.81285547236,-0.7741163322203628,stop_loss,1,-0.7741163322203628,215.93499259200686,207.3437323528486
HSY,2009-07-24,27.134818508435497,2009-08-06,25.907218699134773,26463,26.116399743369556,0.5092093825329702,1.0184187650659418,-32485.973753525057,-32907.069182712235,-1.2053978691380827,stop_loss,13,-1.2053978691380827,215.4206106566186,205.67481853056108
IBB,2009-07-24,24.446544979916712,2009-08-07,24.72403098097998,29373,23.563579480965977,0.4414827494753684,0.8829654989507354,8150.596309231327,7717.310110921501,0.31426596100642057,trailing_stop,14,0.31426596100642057,215.42050970852807,217.86568860129748
PEP,2009-08-05,35.47829650186674,2009-08-13,34.01338351113876,20313,34.01761010643553,0.7303431977156057,1.4606863954312104,-29756.77758065734,-30180.252929488594,-1.0028935679212074,stop_loss,8,-1.0028935679212074,216.20119105272573,207.2741577785285
SRE,2009-07-24,15.110354741742361,2009-09-02,14.713438371563157,47521,14.457901208806733,0.3262267664678139,0.6524535329356276,-18861.862827285942,-19287.039769047162,-0.6083442730294241,trailing_stop,40,-0.6083442730294241,215.41775030470166,209.75919145651585
IWF,2009-08-24,9.393486530097505,2009-09-03,9.152203196029939,38365,9.116117323060235,0.1386846035186345,0.2773692070372693,-9256.83511150216,-9470.286727405022,-0.8698994983792314,stop_loss,10,-0.8698994983792314,108.11433321815724,105.33728268470657
DLTR,2009-08-27,16.91022676849365,2009-09-04,16.390261041641235,42719,16.01611283654309,0.44705696597527955,0.8941139319505602,-22212.415885408343,-22639.18494703669,-0.5815430319020763,stop_loss,8,-0.5815430319020763,216.71639319698411,210.05266843136158
SPGI,2009-08-31,25.20137742848318,2009-09-04,22.06868553362431,28609,23.524666954609483,0.8383552369368494,1.6767104738736975,-89623.18242001739,-90028.88718940226,-1.8683558930847635,stop_loss,4,-1.8683558930847635,216.29586205544257,189.4089073294374
TAP,2009-09-11,32.340494310320054,2009-09-22,31.097103722203563,22207,31.149486688209738,0.5955038110551576,1.191007622110316,-27611.974790302902,-28034.60241215538,-1.0439820577414596,stop_loss,11,-1.0439820577414596,215.45560714478324,207.17201470769237
CVS,2009-08-26,24.74072859219269,2009-09-25,23.553758022308354,29166,23.628958490402425,0.5558850508951313,1.1117701017902633,-34619.18364124648,-35041.750740226045,-1.06764030438755,stop_loss,30,-1.06764030438755,216.4764270359676,206.09067194359366
RMD,2009-08-10,19.006865199621096,2009-09-28,18.1843646372575,37672,18.094588159241436,0.45613852018983037,0.9122770403796601,-30985.241185361436,-31405.561588485903,-0.9015907733700053,trailing_stop,49,-0.9015907733700053,214.8079877400378,205.51241538442935
SYK,2009-09-10,36.899945129697294,2009-09-28,36.69640846784812,19393,35.32701540034671,0.7864648646752908,1.5729297293505837,-3947.1864832409683,-4375.362708836127,-0.1293997170065601,trailing_stop,18,-0.1293997170065601,214.68019077006588,213.49603482509357
GPC,2009-09-23,23.42899230480185,2009-09-28,22.22937668778087,30995,22.461083455724008,0.483954424538921,0.9679088490778405,-37182.08604956521,-37606.64039364274,-1.2393890376804515,stop_loss,5,-1.2393890376804515,217.85448494619996,206.69985913133044
UPS,2009-09-14,32.93243556362131,2009-10-01,31.648305623149895,10920,31.515737845960697,0.7083488588303074,1.4166977176606146,-14022.698949947866,-14234.265458075728,-0.9064247965274437,stop_loss,17,-0.9064247965274437,107.88665890642342,103.67984922143906
CAG,2009-09-08,8.947738262019232,2009-10-02,8.97244333216164,79642,8.60940138753388,0.16916843724267566,0.33833687448535166,1967.561196281682,1539.4014655245562,0.07301914749903476,trailing_stop,24,0.07301914749903476,213.78473119912073,214.37499955800521
XLK,2009-09-11,8.274662109584298,2009-10-02,8.060071699388864,43396,8.014858720282506,0.12990169465089613,0.25980338930179236,-9312.36544084107,-9525.024073353328,-0.8259723276595218,trailing_stop,21,-0.8259723276595218,107.72617107225605,104.93246144000376
DOV,2009-09-14,18.37590997600257,2009-10-02,18.083322460708718,19570,17.4362787126739,0.469815631664335,0.9396312633286712,-5725.937674300704,-5939.989827936636,-0.31138546226884073,trailing_stop,18,-0.31138546226884073,107.8849674691111,106.16718616682088
ROP,2009-09-14,45.59880716355085,2009-10-02,43.58331687343312,7886,43.524518486076204,1.0371443387373231,2.074288677474648,-15894.156427868436,-16105.143496915132,-0.9716537105006522,trailing_stop,18,-0.9716537105006522,107.87765798752862,103.10941105916807
ECL,2009-09-15,38.04591111775103,2009-10-02,37.266564836140034,18988,36.620779077399476,0.7125660201757765,1.4251320403515564,-14798.227195229629,-15227.237183253374,-0.5468589994080452,trailing_stop,17,-0.5468589994080452,216.72472809115695,212.28525993258808
PCG,2009-09-25,30.146168249256267,2009-10-02,29.00353169303467,23752,29.114082328436517,0.5160429604098743,1.0320859208197497,-27139.903483375358,-27561.380585284147,-1.1071137907917978,stop_loss,7,-1.1071137907917978,214.80953647690043,206.66756543188785
FIS,2009-07-30,17.630705898592566,2009-10-05,18.066340091122786,40825,16.75916651383344,0.435769692379564,0.871539384759128,17784.765910046215,17347.566339287176,0.49984452813984787,trailing_stop,67,0.49984452813984787,215.93207049301247,221.26750026602633
TGT,2009-08-20,28.26886781820874,2009-10-05,29.01685023530149,12715,26.617365721400493,0.825751048404124,1.6515020968082474,9510.596433334316,9292.080061819202,0.45291036477539315,trailing_stop,46,0.45291036477539315,107.83159629255724,110.68477522255753
LQD,2009-09-01,56.391704542257884,2009-10-05,56.45342898714406,12761,55.49643810509618,0.44763321858085064,0.8952664371617018,787.6656411924665,355.66061650185713,0.0689453355158286,trailing_stop,34,0.0689453355158286,215.88436249912587,216.1206621914836
DHR,2009-09-08,13.359974202463277,2009-10-05,13.031633456073907,53339,12.775031796719169,0.2924712028720541,0.5849424057441084,-17513.36707166264,-17935.677659932255,-0.5613214962107023,trailing_stop,27,-0.5613214962107023,213.78229919555662,208.52828907405785
DIS,2009-09-11,23.874353939574934,2009-10-05,22.826517159892987,15040,22.646557847872373,0.6138980458512814,1.2277960917025617,-15759.465166416492,-15970.179496817293,-0.853428990988994,stop_loss,24,-0.853428990988994,107.7210849753621,102.99324542543715
HYG,2009-09-16,32.19229173234164,2009-10-05,31.766001115298238,22522,31.4818864729702,0.35520262968571975,0.7104052593714378,-9600.91727705144,-10033.057878505802,-0.6000668089374488,stop_loss,19,-0.6000668089374488,217.51043831873952,214.63016313562406
BND,2009-10-02,48.773073525814965,2009-10-12,48.206017135655685,14460,48.410598076708204,0.18123772455338139,0.36247544910676055,-8199.635401703188,-8620.330696992647,-1.564399441552975,stop_loss,10,-1.564399441552975,211.57759295498533,209.1177023344744
CCK,2009-10-08,27.038750934838863,2009-10-16,25.004715603280168,26263,25.76460448562702,0.6370732246059199,1.274146449211841,-53419.869912726,-53829.915181233184,-1.5963905348689738,stop_loss,8,-1.5963905348689738,213.0356147405019,197.0096537666841
IBM,2009-07-20,61.702004107144454,2009-10-19,65.77137500780559,11623,59.08235557436396,1.3098242663902466,2.619648532780495,47298.29797838436,46853.811052748446,1.553403385889291,trailing_stop,91,1.553403385889291,215.14871812120202,229.33820751471728
XLU,2009-10-20,8.533232902846558,2009-10-26,8.321415877570038,42127,8.312660254899761,0.11028632397339906,0.22057264794679732,-8923.215823823974,-9136.226560575757,-0.9603050389439545,stop_loss,6,-0.9603050389439545,107.8438507494651,105.16688600231791
XLP,2009-09-09,15.98489789608846,2009-10-27,16.57895208482197,44640,15.613894604000548,0.1855016460439567,0.37100329208791294,26518.57898506391,26082.483906119553,1.6012100199713144,trailing_stop,48,1.6012100199713144,214.06975262441668,222.02532631993583
XLV,2009-10-15,22.003656931938743,2009-10-27,21.469680489771246,32628,21.453552857617304,0.2750520371607193,0.5501040743214389,-17422.58335504107,-17848.117771059737,-0.9706825800666243,stop_loss,12,-0.9706825800666243,215.38059551258917,210.1538205060769
KMB,2009-10-23,33.47268831259205,2009-10-27,32.64826357855684,21403,32.406593037790664,0.5330476374006909,1.066095274801384,-17645.162582555484,-18069.718602553363,-0.7733124360660888,stop_loss,4,-0.7733124360660888,214.92478438632227,209.63123561155564
DLB,2009-10-26,34.1802735321597,2009-10-28,32.05355984271645,20748,32.47824679444015,0.8510133688597751,1.7020267377195495,-44125.055628568545,-44537.32150102712,-1.2495183784790094,stop_loss,2,-1.2495183784790094,212.7516945735749,199.51417788500427
BALL,2009-07-02,9.968152813674553,2009-10-29,10.538394466302412,71900,9.346172807695886,0.31099000298933377,0.6219800059786671,41000.374823943035,40558.04859911393,0.9168166936983775,trailing_stop,119,0.9168166936983775,215.0130561909601,227.31316863814303
XLY,2009-07-31,10.264054032787307,2009-10-29,11.07990224489005,70002,9.79460519234343,0.23472442022193807,0.46944884044387614,57111.00654361623,56662.770655411245,1.7378852428974743,trailing_stop,90,1.7378852428974743,215.55129312095312,232.684595084038
LIN,2009-08-03,55.729587276874256,2009-10-29,59.247004817254,6444,52.34140203645957,1.6940926202073423,3.3881852404146855,22666.238630207084,22443.965882370714,1.038142040884767,trailing_stop,87,1.038142040884767,107.73643812365331,114.53630971271545
GD,2009-09-09,42.890155613939164,2009-10-29,44.06973280318843,16637,40.98156012911381,0.9542977424126772,1.908595484825355,19624.625697540025,19190.6001984613,0.6180341505718284,trailing_stop,50,0.6180341505718284,214.06905568473175,219.95644339399374
GLD,2009-10-07,102.39229091644286,2009-10-29,101.61828121948243,6913,99.76389035754416,1.314200279449354,2.6284005588987043,-5350.729035087478,-5773.826560640174,-0.29447935336185693,trailing_stop,22,-0.29447935336185693,212.35137213161084,210.74615342108459
CMS,2009-10-15,7.913414860101946,2009-10-29,7.72491473683164,90725,7.650140898614941,0.1316369807435025,0.26327396148700455,-17101.673683698456,-17527.309919502997,-0.715984680769921,trailing_stop,14,-0.715984680769921,215.3833689548247,210.25286684971516
NKE,2009-10-01,12.752058655273435,2009-11-02,12.39648437776349,56263,12.154404079779392,0.29882728774702183,0.5976545754940439,-20005.675575542016,-20430.155318542344,-0.5949494776577482,trailing_stop,32,-0.5949494776577482,215.24072283649477,209.23902016383218
DTE,2009-10-19,17.142019280711693,2009-11-02,17.36980923500524,41671,16.61198674754783,0.2650162665819305,0.5300325331638618,9492.235185366317,9060.792463542784,0.4297659861250873,trailing_stop,14,0.4297659861250873,214.2975256339611,217.14519618957098
RMD,2009-10-14,19.768132951728106,2009-11-09,20.426448589578026,36138,18.886906822789847,0.4406130644691304,0.881226128938259,23790.210520620425,23354.44498429851,0.7470450730314689,trailing_stop,26,0.7470450730314689,214.3142365828651,221.4512997390512
MSCI,2009-11-09,28.651590151493757,2009-11-20,27.029085399066275,24527,26.700542397564146,0.9755238769648061,1.9510477539296112,-39795.174062788836,-40204.878041557415,-0.8316068887394426,trailing_stop,11,-0.8316068887394426,210.8212654937062,198.88271327486956
CMS,2009-11-12,8.28646113391544,2009-11-20,8.101371916195585,85850,7.948446919891343,0.16900710701204844,0.3380142140240965,-15889.909341249484,-16311.977981455093,-0.5475782083727979,trailing_stop,8,-0.5475782083727979,213.41780650399215,208.65083370161733
XLY,2009-11-17,12.008875185216846,2009-11-30,11.707682189166297,29772,11.553965860122526,0.2274546625471597,0.45490932509432014,-8967.117878416946,-9178.944682261987,-0.6620945745354861,stop_loss,13,-0.6620945745354861,107.25846960428278,104.5683342407577
GLD,2009-11-04,107.2171106109619,2009-12-09,111.48839847564697,6509,104.31647076651184,1.4503199222250283,2.9006398444500547,27801.812711235176,27374.746463641754,1.4725329905598434,trailing_stop,35,1.4725329905598434,209.3628518900253,217.70339570339584
DVA,2009-11-05,29.274245840072627,2009-12-09,28.81615431404114,23890,27.996813796249583,0.6387160219115212,1.277432043823044,-10943.806556892252,-11360.140454796787,-0.35860344058736104,trailing_stop,34,-0.35860344058736104,209.80851993580052,206.52537796873284
CL,2009-11-19,28.817286462465127,2009-12-09,27.792024675323812,24740,27.77224514265464,0.5225206599052432,1.0450413198104869,-25364.976613876115,-25785.130921140782,-0.9810729659256349,stop_loss,20,-0.9810729659256349,213.88190012441618,206.27240714025334
PEP,2009-10-05,36.761583144864126,2009-12-14,37.47689301959266,19095,35.53344241068879,0.6140703670876654,1.2281407341753336,13658.842057941332,13233.566947233241,0.582433148599086,trailing_stop,70,0.582433148599086,210.58872904535414,214.68638166273655
GWW,2009-10-13,71.2179051527389,2009-12-18,74.50465890794852,5014,68.13716940442346,1.5403678741577183,3.0807357483154334,16479.783328621088,16260.587447761003,1.0668729887030557,trailing_stop,66,1.0668729887030557,107.12597293074985,112.06990792933617
CPB,2009-11-24,20.45596761737904,2009-12-18,19.56641983954426,34889,19.86553730465002,0.29521515636451223,0.5904303127290227,-31035.432420877703,-31454.334743673084,-1.5066092621891496,stop_loss,24,-1.5066092621891496,214.10647626082118,204.7958465345579
ROK,2009-12-11,33.86347158283832,2009-12-21,32.77237566565409,10685,32.02216484629844,0.9206533682699429,1.8413067365398845,-11658.359875113536,-11871.96108346858,-0.5925660812139213,trailing_stop,10,-0.5925660812139213,108.54935815878825,105.05185019625418
PG,2009-10-30,36.696014742204476,2010-01-04,37.81705463574095,19154,35.532762601121625,0.5816260705414263,1.1632521410828502,21472.398120797672,21044.231121538123,0.963711867740833,trailing_stop,66,0.963711867740833,210.86263991165538,217.30435934789466
DUK,2009-11-11,23.874954083204067,2010-01-06,24.4585394920311,14857,23.210022002153334,0.33246604052536655,0.6649320810507326,8670.328418943242,8454.90120472906,0.8776616822350427,trailing_stop,56,0.8776616822350427,106.41305784424884,109.01415636993181
KO,2009-09-14,15.41297465755892,2010-01-11,16.72582045578832,46666,14.895085065220066,0.25894479616942717,0.5178895923388538,61265.26202017319,60815.32531634535,2.5349916616405155,trailing_stop,119,2.5349916616405155,215.77856261089332,234.15814121694532
VRTX,2009-11-06,38.63859847259521,2010-01-11,40.76919137191773,18195,35.976886875681146,1.3308557984570353,2.661711596914067,38766.137803173166,38332.69038230689,0.8004597123868267,trailing_stop,66,0.8004597123868267,210.90878976266094,222.53863110361294
BMY,2009-11-17,13.688771174657584,2010-01-11,14.138792545714558,52237,13.182544200676391,0.25311348699059655,0.5062269739811924,23507.7663599032,23071.677826084873,0.8889715368539297,trailing_stop,55,0.8889715368539297,214.51810195517646,221.5704318631474
MSFT,2009-10-26,20.858095533251383,2010-01-13,22.491616536584324,33999,19.938385304220365,0.4598551145155089,0.9197102290310184,55538.08059231666,55095.926534117956,1.7761257315295647,trailing_stop,79,1.7761257315295647,212.74631701050416,229.40774118819917
DIS,2009-11-16,25.364920874422804,2010-01-13,26.26077069700486,28042,24.09233917223823,0.6362908510922867,1.2725817021845742,25121.420724846063,24687.11443193227,0.7039625204764451,trailing_stop,58,0.7039625204764451,213.38493334816928,220.9213595656231
MDLZ,2010-01-13,13.428766231560722,2010-01-15,12.815519074357274,54452,13.025890625852977,0.20143780285387294,0.40287560570774517,-33392.534204042146,-33821.2503510855,-1.5221749555328274,stop_loss,2,-1.5221749555328274,219.3669536522833,209.34919339107068
AWK,2009-11-18,14.674423175057322,2010-01-20,15.423450480458914,48805,14.053189522635424,0.3106168262109491,0.621233652421898,36556.277640124696,36115.599622997455,1.2057094822237762,trailing_stop,63,1.2057094822237762,214.85556691760178,225.8224502096392
CMI,2010-01-11,36.5084263262102,2010-01-20,35.619919496224114,20124,34.55732416795156,0.9755510791293187,1.9511021582586352,-17880.31144663997,-18315.764696039172,-0.45538713912298673,stop_loss,9,-0.45538713912298673,220.40867141659623,215.04457798260424
VWO,2010-01-05,27.337304180273495,2010-01-21,26.46721382633962,13466,26.483712248459675,0.426795965906911,0.8535919318138205,-11716.636706073565,-11933.99619791668,-1.0193282310963236,stop_loss,16,-1.0193282310963236,110.43724142746888,106.9222504156468
QCOM,2010-01-11,32.83065554501719,2010-01-21,31.932382163091916,22379,31.71586813067821,0.557393707169489,1.114787414338977,-20102.46001410565,-20537.259620366585,-0.8057799813410259,stop_loss,10,-0.8057799813410259,220.4151721325819,214.3844341283502
WAT,2009-11-06,59.09904091644287,2010-01-22,59.14080076217651,11896,56.34950780943011,1.3747665535063798,2.749533107012759,496.77512484742766,74.80077786477082,0.015187977052225434,trailing_stop,77,0.015187977052225434,210.9126572226013,211.06168976005554
DE,2009-11-19,37.48096608885604,2010-01-22,40.48389654007358,19021,35.03369734596181,1.2236343714471147,2.447268742894231,57118.74011260878,56673.84921698932,1.2270538166013432,trailing_stop,64,1.2270538166013432,213.8776367928392,231.01325882662186
MDT,2009-11-25,28.816953505650126,2010-01-22,29.57771600002478,24862,27.58479961638478,0.6160769446326724,1.2321538892653443,18914.077135142623,18478.534653167597,0.617424902037397,trailing_stop,58,0.617424902037397,214.93412941724202,220.60835255778483
XLU,2009-12-02,8.603942730462084,2010-01-22,8.711545339410838,42058,8.364562654284653,0.11969003808871585,0.23938007617743118,4525.550527166717,4307.074087993902,0.4495052832592394,trailing_stop,51,0.4495052832592394,108.55938700733232,109.9170521654823
HYG,2010-01-05,34.51793649010229,2010-01-22,34.15395717930772,10665,34.13840069918299,0.18976789545965028,0.3795357909192987,-3881.839349624081,-4101.555073419358,-0.9590118231351803,stop_loss,17,-0.9590118231351803,110.44013780008225,109.27558599519506
IWD,2010-01-05,40.98629295731976,2010-01-22,40.42185166967566,8982,39.990803934353934,0.497744511482912,0.9954890229658275,-5069.811645619315,-5289.174032131217,-0.5669990071437249,trailing_stop,17,-0.5669990071437249,110.44166500279384,108.92072150910803
MAR,2010-01-15,23.6081394789623,2010-01-22,22.322587367686907,15598,22.5232001337216,0.5424696726203507,1.0849393452407021,-20052.041831673585,-20266.970074879795,-1.1849068954082256,stop_loss,7,-1.1849068954082256,110.47192787785619,104.45631532835411
PPG,2010-01-15,22.887851272738526,2010-01-22,21.589699189731082,16089,22.01114519683924,0.43835303794964303,0.8767060758992855,-20885.968863506772,-21100.648656323974,-1.4807152804043917,stop_loss,7,-1.4807152804043917,110.47279173812706,104.20700107907501
PFE,2010-01-20,9.5965427348805,2010-01-22,9.20000174253411,76710,9.2432926453665,0.1766250447570002,0.3532500895140007,-30418.6595228917,-30851.224400950443,-1.1225502954350282,stop_loss,2,-1.1225502954350282,220.84523795780498,211.71964010093743
XLV,2010-01-20,25.148135686321016,2010-01-22,24.188270052704432,14636,24.575051190540798,0.28654224789010885,0.5730844957802184,-14048.593413612321,-14265.219703931234,-1.6749111879388525,stop_loss,2,-1.6749111879388525,110.42043417149831,106.20585614741461
PNW,2009-11-19,17.53550510895559,2010-01-25,18.51343888315896,40657,16.853043682637256,0.341230713159167,0.6824614263183335,39759.85345778634,39320.16088302012,1.4329509866645738,trailing_stop,67,1.4329509866645738,213.88230936444225,225.81026540177814
SJM,2009-11-24,36.5168104430188,2010-01-25,37.72577451306606,19544,35.1522144965595,0.6822979732296467,1.3645959464592963,23627.993785003622,23192.694660889105,0.8859502134563317,trailing_stop,62,0.8859502134563317,214.1053629895078,221.1937611250089
RSP,2009-12-15,29.908098707607593,2010-01-25,29.976066588295108,12248,28.982895858687804,0.46260142445989405,0.9252028489197883,832.4706026606867,612.4322256974219,0.07346267985109481,trailing_stop,41,0.07346267985109481,109.89431789123334,110.14405907203155
DHR,2009-12-18,15.00309116407958,2010-01-25,14.934770970938313,24074,14.47816412310631,0.26246352048663424,0.5249270409732691,-1644.740329682849,-1860.9575575943752,-0.1301517883601381,trailing_stop,38,-0.1301517883601381,108.35532500521555,107.8619029063107
ORCL,2009-12-21,19.59769653226237,2010-01-25,19.477517959943984,37169,18.744900281300442,0.4263981254809631,0.8527962509619265,-4466.917354502012,-4902.633348740257,-0.14092296041736393,trailing_stop,35,-0.14092296041736393,218.52803472229797,217.18795951594737
INTC,2010-01-15,13.86349269653158,2010-01-25,13.091930104491054,26563,13.27994102130315,0.2917758376142151,0.5835516752284295,-20495.017132372497,-20709.822201131567,-1.3221838352850248,stop_loss,10,-1.3221838352850248,110.4767869493905,104.32828180967877
PH,2010-01-20,46.488766614290185,2010-01-25,44.41496707562975,7917,44.43977068418385,1.024497965053167,2.0489959301063365,-16418.27094757469,-16634.176405461618,-1.012105250278762,stop_loss,5,-1.012105250278762,110.41546958560063,105.48998830132822
BRK-B,2010-01-22,72.97290152740477,2010-01-25,71.40852335357665,9804,70.96437099167169,1.0042652678665458,2.0085305357330867,-15337.163616210866,-15761.818263070809,-0.7788670104819395,stop_loss,3,-0.7788670104819395,214.6278979724029,210.02674888753967
SBUX,2009-12-11,8.2779416591483,2010-01-26,8.18402576600349,87426,7.830145474216568,0.22389809246586606,0.44779618493173245,-8210.690874078206,-8642.4520633116,-0.20972910512653925,trailing_stop,46,-0.20972910512653925,217.1121982478098,214.6489909855863
TXT,2010-01-12,20.59406608133657,2010-01-27,19.79849603366218,17923,19.35647075436193,0.6187976634873216,1.2375953269746418,-14259.001964468129,-14476.188731704266,-0.642835368180647,trailing_stop,15,-0.642835368180647,110.7322339127386,106.45453332339818
LNT,2010-01-11,9.158203760784037,2010-01-28,8.908803874843802,40113,8.823838553139552,0.16718260382224215,0.33436520764448474,-10004.17762472066,-10221.594187907041,-0.7458906615828608,stop_loss,17,-0.7458906615828608,110.20890823689902,107.20765494948282
MAT,2010-01-15,14.808867117939968,2010-01-28,14.413562280822184,24867,14.158549904990295,0.32515860647483624,0.6503172129496733,-9830.045384607942,-10048.047630165647,-0.6078646378200298,stop_loss,13,-0.6078646378200298,110.47562958654396,107.52661597116156
MMM,2009-12-10,41.03274517435665,2010-01-29,41.66265063673766,17514,39.533098012247386,0.7498235810546311,1.4996471621092624,11032.164268141023,10597.666119470372,0.42003577794595703,trailing_stop,50,0.42003577794595703,215.59424969510474,218.90389897554704
RL,2010-01-06,65.2495142943673,2010-02-04,59.67080740387085,5618,62.228388322610826,1.5105629858782366,3.021125971756476,-31341.17531080905,-31551.716020999258,-1.8465654668656537,stop_loss,29,-1.8465654668656537,109.97153139172664,100.56917879848393
DTE,2009-11-10,18.328262601290046,2010-02-05,19.7424343413467,38722,17.606306474675865,0.36097806330709015,0.721956126614181,54759.55811847382,54317.306060369985,1.9588056502668896,trailing_stop,87,1.9588056502668896,212.91209533414593,229.3399627696881
WEC,2009-12-14,14.100650940775486,2010-02-05,13.99108000258223,25813,13.697403311144699,0.2016238148153935,0.403247629630787,-2828.3546275825206,-3045.8941828347884,-0.27172122076347766,trailing_stop,53,-0.27172122076347766,109.19403082027128,108.34552443199651
TGT,2010-01-27,32.75973561135537,2010-02-05,30.650882255533606,21534,31.47687236892955,0.6414316212129101,1.2828632424258188,-45412.048164265805,-45821.69343780948,-1.6438645103230518,stop_loss,9,-1.6438645103230518,211.63444399647796,198.0108295471982
BRK-B,2010-01-29,74.62455305480957,2010-02-05,72.17775,9438,71.51959917169754,1.5524769415560156,3.1049538831120316,-23092.927231292666,-23508.583272162054,-0.7880320117209546,trailing_stop,7,-0.7880320117209546,211.29195951938783,204.36408135000002
EFX,2010-02-02,27.866705548934362,2010-02-05,26.346845877420627,25305,27.017126524956403,0.4247895119889796,0.8495790239779595,-38460.04898765508,-38871.611163308255,-1.7889562108034873,stop_loss,3,-1.7889562108034873,211.55009517473522,200.0120804784387
MCD,2010-02-04,41.64014824423212,2010-02-08,40.466864652032825,16879,40.40228193481417,0.6189331547089769,1.237866309417953,-19803.85375273194,-20219.619033934756,-0.9478273891717575,stop_loss,4,-0.9478273891717575,210.85321866431818,204.91206253849862
CAG,2010-02-22,10.691964262797004,2010-03-26,10.774661412760972,65948,10.32637872148628,0.18279277065536176,0.3655855413107236,5453.711645823757,5029.007336808248,0.2262046514954507,trailing_stop,32,0.2262046514954507,211.53409776088102,213.17021125462819
EXPD,2010-02-24,29.927538170237213,2010-03-29,29.900163912645294,23384,28.512239929952713,0.7076491201422506,1.4152982402844998,-640.1196395294423,-1059.8229351812797,-0.019341688424919297,trailing_stop,33,-0.019341688424919297,209.9476657718481,209.7556298799893
PG,2010-02-19,39.51380341344795,2010-04-08,38.923783422154045,17840,38.332980005937166,0.5904117037553924,1.1808234075107862,-10525.956644683305,-10945.754609427448,-0.4996682717678238,trailing_stop,48,-0.4996682717678238,211.47787586877345,208.32008887536847
BRK-B,2010-02-22,79.35927877807616,2010-04-08,79.37054695129395,8885,75.91645649219362,1.7214111429412697,3.442822285882542,100.11771904003012,-322.97663144160595,0.003272946519485439,trailing_stop,45,0.003272946519485439,211.53215758296201,211.56219289867403
GPC,2010-02-17,24.885813329696656,2010-04-19,26.239980736137287,28200,23.89987877819114,0.4929672757527569,0.9859345515055153,38187.52086162579,37754.99664382883,1.3734861045013855,trailing_stop,61,1.3734861045013855,210.5339807692337,221.99023702772143
HRL,2010-02-19,7.1626259015787666,2010-04-23,6.922157412633552,98419,6.955047758607905,0.10378907148543068,0.20757814297086163,-23666.668213499102,-24082.531300199542,-1.158448021085583,stop_loss,63,-1.158448021085583,211.48154358224423,204.38154311819446
VTRS,2010-02-23,15.704955318093191,2010-04-28,17.20878182807355,44826,14.967421985158769,0.36876666646721146,0.7375333329344222,67410.52713637963,66967.90978198542,2.0389946363469282,trailing_stop,64,2.0389946363469282,211.19709812665363,231.42025626756754
XLP,2010-03-03,17.714785110093054,2010-04-28,17.903540337687712,20311,17.34930561012553,0.18273974998376252,0.36547949996752394,3833.8074276751036,3616.7742852241413,0.5164591382319139,trailing_stop,56,0.5164591382319139,107.94150011133001,109.09164233963254
WY,2010-04-19,9.931300711402493,2010-04-29,10.554502608003673,76589,9.498105824659598,0.21659744337144757,0.4331948867428945,47730.410058787835,47259.71390165883,1.4386178500095208,trailing_stop,10,1.4386178500095208,228.18851705568161,242.507640073318
MAT,2010-02-18,15.563319499228543,2010-05-03,16.70109044631401,45139,14.72762098076352,0.41784925923251104,0.8356985184650227,51357.84278049084,50920.92782033129,1.3614610077032054,trailing_stop,74,1.3614610077032054,210.75380366270315,226.1611564968504
TMO,2010-04-29,53.13784819578905,2010-05-05,51.113040915757544,14501,50.93055594324493,1.1036461262720572,2.2072922525441143,-29361.73036773682,-29815.253010638782,-0.9173263203808738,stop_loss,6,-0.9173263203808738,231.1655810061411,222.35706189582004
RSG,2010-05-03,22.26204637163794,2010-05-05,21.31290486345556,34961,21.53442800899412,0.36380918132190987,0.7276183626438204,-33182.936267564146,-33639.96342860318,-1.304449635841581,stop_loss,2,-1.304449635841581,233.4910209596502,223.53614007938094
EMR,2010-02-03,29.672509306978245,2010-05-06,31.463254452316868,23797,28.350369735020067,0.6610697859790898,1.3221395719581785,42614.3622236232,42177.907892569216,1.354429731413611,trailing_stop,92,1.354429731413611,211.8350111934484,224.61931986053534
RVTY,2010-02-23,20.579781907879518,2010-05-06,22.035291249493678,34208,19.557018449178784,0.5113817293503665,1.0227634587007337,49790.063557937196,49352.730631166974,1.4231143371734896,trailing_stop,72,1.4231143371734896,211.19795385142277,226.13497291880395
CCL,2010-02-25,25.849686707240313,2010-05-06,28.96739390142852,27231,24.555004612035493,0.6473410476024101,1.29468209520482,84898.28460493904,84450.46742832263,2.408087055297526,trailing_stop,70,2.408087055297526,211.17384561745828,236.64333099893997
DIS,2010-03-26,29.72070712645358,2010-05-06,29.890864564766332,25053,28.7452061859548,0.48775047024939006,0.9755009404987796,4262.9543020493975,3814.9196903753577,0.17443082958561817,trailing_stop,41,0.17443082958561817,223.37786269171247,224.65674898232726
EOG,2010-04-08,36.350734029245515,2010-05-06,36.494845434421585,20665,34.379750319985035,0.9854918546302418,1.97098370926048,2978.062187963471,2526.4560180784665,0.0731164872134536,trailing_stop,28,0.0731164872134536,225.35637561430758,226.24979427069664
MMM,2010-04-28,45.9148627449405,2010-05-06,44.36425855581377,16731,44.557975716475504,0.6784435142324992,1.356887028464996,-25943.158688279324,-26396.2966818242,-1.1427658726171774,stop_loss,8,-1.1427658726171774,230.46047057567984,222.67752296919608
TSN,2010-02-08,10.813245567784563,2010-05-07,13.622159388462583,64450,10.273087916915248,0.2700788254346572,0.5401576508693147,181034.4957426984,180562.03718786937,5.2001740902076135,trailing_stop,88,5.2001740902076135,209.07410305311453,263.38445177592405
NOC,2010-02-19,39.757377329588365,2010-05-07,41.815206402500486,17731,38.11616382813596,0.8206067507262038,1.6412135014524054,36487.36729180481,36053.458247158705,1.253846054209905,trailing_stop,77,1.253846054209905,211.48141722927937,222.42762741682083
TGT,2010-04-09,35.46473238323198,2010-05-07,34.64079501233555,21245,34.26660540100701,0.5990634911124832,1.19812698222497,-17504.549444694672,-17951.367023550323,-0.6876878520558363,stop_loss,28,-0.6876878520558363,226.03447184452904,220.78310701112062
INTU,2010-02-22,28.6608598919313,2010-05-10,30.753263035134328,24602,27.50362701985905,0.5786164360361242,1.1572328720722496,51477.30212908092,51038.790253405416,1.808108975902297,trailing_stop,77,1.808108975902297,211.53434251838814,226.97753315711245
WTW,2010-02-24,56.42843890863054,2010-05-10,63.75532897021947,12402,54.43669536058711,0.9958717740217159,1.9917435480434307,90868.09054382595,90420.93481705591,3.6786312518930617,trailing_stop,75,3.6786312518930617,209.9476498034508,237.20807696659853
DLTR,2010-02-25,18.54853068733215,2010-05-10,20.296350889205932,37950,17.705243400314302,0.421643643508924,0.8432872870178478,66329.77666111005,65887.52768436116,2.0726272395907595,trailing_stop,74,2.0726272395907595,211.1750218752765,231.07395487360955
TJX,2010-02-25,8.056266687159736,2010-05-10,9.26393940736551,87376,7.753612863814771,0.15132691167248238,0.30265382334496493,105521.61160069976,105067.60050238519,3.9902774293694248,trailing_stop,74,3.9902774293694248,211.17730741718077,242.83379089739066
MAR,2010-03-29,24.80603164329275,2010-05-10,27.81724025021172,30098,23.79477174219072,0.5056299505510168,1.011259901102033,90631.35665104716,90156.20007981194,2.977680222104593,trailing_stop,42,2.977680222104593,223.98358211994758,251.17298911526171
IEF,2010-05-07,64.31323614847038,2010-05-13,63.779784301757815,11707,63.58050784172409,0.366364153373146,0.7327283067462886,-6245.1207694640125,-6694.996266587259,-0.7280349916893233,trailing_stop,6,-0.7280349916893233,225.87451667704283,224.0009804462036
DHR,2010-05-13,17.619318193527587,2010-05-18,17.12943126467457,43207,16.80444980177705,0.4074341958752675,0.8148683917505366,-21166.544534952343,-21616.961300304505,-0.6011853371814079,stop_loss,5,-0.6011853371814079,228.38336435632394,222.03340099583824
FIS,2010-04-29,19.99261750090316,2010-05-19,20.397408801072746,38543,19.278850487652797,0.3568835066251833,0.7137670132503651,15601.8710824363,15134.845247309182,0.5671196520083476,trailing_stop,20,0.5671196520083476,231.17263690119321,235.8531982259241
VTR,2010-05-11,27.702628628297298,2010-05-20,25.730740996144647,27335,25.93462516861992,0.8840017298386883,1.7680034596773773,-53901.54842489271,-54339.72877249795,-1.1153188764192112,stop_loss,9,-1.1153188764192112,227.175406066352,211.00494153888422
GLD,2010-05-12,121.40127877807616,2010-05-20,116.02385939025879,6242,118.0942600131472,1.6535093824644786,3.307018764928955,-33565.85181875602,-34010.45413249004,-1.6260625566583056,stop_loss,8,-1.6260625566583056,227.33603463982544,217.26627909419864
RMD,2010-02-08,22.829747807098343,2010-05-21,24.757821076371066,30526,21.785217418788445,0.5222651941549497,1.044530388309898,58856.364617819134,58420.567179498095,1.845875707256771,trailing_stop,102,1.845875707256771,209.0702644678452,226.72717385319095
ICE,2010-06-17,21.168722564630396,2010-06-25,19.692541352209037,35533,19.717197702586756,0.7257624310218208,1.451524862043641,-52453.14702096816,-52888.72400819528,-1.0169865160580192,stop_loss,8,-1.0169865160580192,225.65646566670355,209.9205215604131
MTB,2010-06-22,59.933470392542986,2010-06-25,55.4869334732037,12512,55.76957831247934,2.0819460400318217,4.163892080063647,-55635.069934773164,-56068.31196272363,-1.0678799627466138,stop_loss,3,-1.0678799627466138,224.96627446544935,208.27575348501742
RNR,2010-06-21,50.562273924157246,2010-06-30,48.094948647256,14876,48.64404929373404,0.9591123152116037,1.9182246304232038,-36703.930819182984,-37144.21827207469,-1.286254611565957,stop_loss,9,-1.286254611565957,225.64931606872898,214.63813682297408
BALL,2010-06-22,11.89327085238055,2010-06-30,11.217196907945002,31527,11.361748150268301,0.26576135105612364,0.5315227021122482,-21314.5832462195,-21533.164361343435,-1.2719568548038658,stop_loss,8,-1.2719568548038658,112.48774504890046,106.09337007503463
NTAP,2010-05-28,27.637018017222825,2010-07-01,27.574454817590343,26943,25.450694366260755,1.0931618254810342,2.18632365096207,-1685.6402876979632,-2131.9091014744745,-0.028615708202649557,trailing_stop,34,-0.028615708202649557,223.3872529314104,222.88156084510098
MCK,2010-05-13,60.916511395487916,2010-07-02,59.308680641314695,12497,57.96926392682461,1.473623734331652,2.9472474686633063,-20093.06093490275,-20543.79720236793,-0.5455363932851002,stop_loss,50,-0.5455363932851002,228.38209287282376,222.35417459235293
HRL,2010-07-27,7.685674040103279,2010-07-30,7.34450888233636,96346,7.454663504682337,0.11550526771047076,0.23101053542094174,-32869.89829021156,-33304.32769136517,-1.476838089419844,stop_loss,3,-1.476838089419844,222.14518532033716,212.28421583327366
MCHP,2010-07-27,10.577239760073995,2010-07-30,9.996847647864548,70007,10.025372193948229,0.27593378306288274,0.5518675661257664,-40631.510599446745,-41063.60964059701,-1.0516873029591667,stop_loss,3,-1.0516873029591667,222.14424716505007,209.95479398521604
CMS,2010-07-28,9.776475837767492,2010-08-02,9.519982116629055,37785,9.383828956245464,0.196323440761014,0.39264688152202787,-9691.615253215836,-9910.350252357897,-0.6532427308328114,stop_loss,5,-0.6532427308328114,110.8212418590134,107.91375728304865
DTE,2010-07-28,23.6925635090772,2010-08-02,22.574411297726385,15591,22.813963945793198,0.43929978164200173,0.878599563284002,-17433.11112717055,-17649.51564843441,-1.2726528194157303,stop_loss,5,-1.2726528194157303,110.81722730100678,105.58729396285561
XLU,2010-07-28,9.086334367234329,2010-08-23,8.896361299484484,40654,8.792736485517754,0.14679894085828799,0.2935978817165754,-7723.165096302199,-7942.485649192635,-0.6470519018704483,stop_loss,26,-0.6470519018704483,110.81875120966332,108.50180168077266
CTSH,2010-08-04,26.561650824800537,2010-08-30,25.511065538566,27761,24.908950146443203,0.826350339178668,1.6527006783573341,-29165.298131156964,-29598.975334845993,-0.635677893760377,stop_loss,26,-0.635677893760377,221.21339656418633,212.4638071248392
EMB,2010-07-28,50.77369298028519,2010-09-09,51.9213558900189,14551,50.30439965926788,0.2346466605086548,0.4692933210173109,16699.64299953523,16251.348302701694,2.4455129837472733,trailing_stop,43,2.4455129837472733,221.64240196683892,226.65229486669955
FDS,2010-09-14,69.59574041289378,2010-09-23,66.91116484135203,10670,67.12046746120652,1.2376364758436285,2.475272951687259,-28644.42134835039,-29081.37995206923,-1.0845573898069758,stop_loss,9,-1.0845573898069758,222.77596506167296,214.18263865716787
COST,2010-10-07,46.671490227427306,2010-10-14,45.07849757063936,16199,45.216480415046334,0.7275049061904866,1.4550098123809718,-25804.888047307988,-26250.76546301025,-1.0948329304949378,stop_loss,7,-1.0948329304949378,226.8094410582285,219.06797464403607
TAP,2010-10-07,32.73767104815905,2010-10-20,31.41102760433522,23094,31.79558759605672,0.4710417260511651,0.9420834521023309,-30637.503691667527,-31081.93870567174,-1.4082016204226113,stop_loss,13,-1.4082016204226113,226.81313255585553,217.62188144835528
VTR,2010-10-06,31.660739842008404,2010-10-25,30.769647244763714,11939,30.37420201854444,0.6432689117319812,1.2865378234639628,-10638.754518504351,-10862.361435933042,-0.6926283712712392,trailing_stop,19,-0.6926283712712392,113.39927189212148,110.2076455365702
EW,2010-09-24,11.327983269691465,2010-10-27,10.7009553937912,65587,10.652830192104055,0.33757653879370536,0.6751530775874102,-41124.877296670755,-41558.32089670731,-0.9287195699986817,stop_loss,33,-0.9287195699986817,222.89053161277621,210.55306842377502
FXI,2010-10-14,31.728420285271024,2010-10-28,31.095532402008065,11978,30.83713442870534,0.4456429282828429,0.891285856565684,-7580.731065723733,-7806.482657310202,-0.7100840640528201,stop_loss,14,-0.7100840640528201,114.01290545309291,111.7386861333758
NSC,2010-10-14,43.55281372603398,2010-10-29,42.45268593619216,8726,41.6388166864843,0.9569985197748412,1.9139970395496846,-9599.71509415973,-9824.860291175504,-0.5747802985633945,stop_loss,15,-0.5747802985633945,114.01255577201178,111.13264124376383
COR,2010-10-28,23.041205247996693,2010-11-03,22.053079796107372,33135,22.116747913306558,0.46222866734506773,0.9244573346901355,-32741.536848352644,-33189.79658883356,-1.0688708010743686,stop_loss,6,-1.0688708010743686,229.04110076771113,219.21863971320536
MDLZ,2010-09-27,14.706423860764133,2010-11-08,14.436134189911831,50747,14.27724968706842,0.21458708684785668,0.42917417369571353,-13716.389926741755,-14160.05914476105,-0.6297901584449449,stop_loss,42,-0.6297901584449449,223.89206749865926,219.7771505206367
DVA,2010-09-30,34.64961668014526,2010-11-08,35.8041601524353,21585,33.389654704573914,0.6299809877856715,1.2599619755713434,24920.820849380598,24464.597417501223,0.9163319962624298,stop_loss,39,0.9163319962624298,224.37359281228063,231.84983906709476
CMS,2010-08-09,10.173589634821523,2010-11-15,11.043187727611729,36338,9.744331916472802,0.21462885917436067,0.42925771834872073,31599.455495810493,31368.162919071663,2.025818187114718,trailing_stop,98,2.025818187114718,110.90637004504336,120.3862066937865
VWO,2010-09-30,29.331796234965566,2010-11-15,30.46748147362294,12749,28.49591454879783,0.41794084308386753,0.8358816861677347,14478.851107642855,14250.136810190816,1.3586674495336146,trailing_stop,46,1.3586674495336146,112.18532105987279,116.52897639216566
HYG,2010-10-01,37.040178635037904,2010-11-15,37.613095826129815,10053,36.67148836802825,0.18434513350482767,0.36869026700965435,5759.536522046978,5534.389711599541,1.553925455474279,trailing_stop,45,1.553925455474279,111.70947474541082,113.43733570202491
CCK,2010-10-20,29.088861264343254,2010-11-15,29.341880917856503,25880,28.12828203108157,0.48028961663084146,0.9605792332616829,6548.148632922883,6094.492350620284,0.26340321001330746,trailing_stop,26,0.26340321001330746,225.84591885636104,227.8103634462379
FXI,2010-11-04,32.71154796632611,2010-11-15,31.321958592365174,11863,31.66211469089658,0.5247166377147645,1.0494332754295286,-16484.698743298562,-16712.587589790288,-1.3241331359463338,stop_loss,11,-1.3241331359463338,116.417128057358,111.4717184343684
EEM,2010-11-04,34.52853645767777,2010-11-15,33.330428601434164,11238,33.55564454687245,0.48644595540265667,0.9728919108053162,-13464.336088465605,-13693.115803265895,-1.2314912303586352,stop_loss,11,-1.2314912303586352,116.40950781341483,112.37020698687513
QQQ,2010-11-04,46.90878050815317,2010-11-15,46.098846192213195,8272,45.678697084148546,0.6150417120023118,1.2300834240046257,-6699.776661455486,-6930.584387875115,-0.6584385254970567,stop_loss,11,-0.6584385254970567,116.4088297090329,114.39889671059628
BND,2010-05-07,50.045605319334214,2010-11-16,51.67721373398982,7522,49.639689575492156,0.20295787192102904,0.4059157438420584,12272.95849503944,12043.410781563709,4.019574109671538,trailing_stop,193,4.019574109671538,112.93291296360958,116.6148005121214
SLV,2010-09-15,20.040020458221434,2010-11-16,24.875099618911744,37064,19.337964133461917,0.35102816237975837,0.7020563247595177,179207.37401182562,178707.95380866397,6.887024573628785,trailing_stop,62,6.887024573628785,222.82899547905578,276.59120768260345
ORCL,2010-09-20,22.11001285658715,2010-11-17,22.235739916084594,33645,21.057224104818292,0.5263943758844286,1.0527887517688583,4230.086916791466,3782.483061180504,0.1194228749938682,trailing_stop,58,0.1194228749938682,223.1674147679624,224.43644084299984
TAP,2010-11-08,33.4330855879095,2010-11-17,32.01161414790817,23627,32.295948118791564,0.5685687345589683,1.1371374691179383,-33585.10571291151,-34048.98428910896,-1.2500436214664081,stop_loss,9,-1.2500436214664081,236.97705395566132,226.9015222417879
IWF,2010-11-08,11.791271772372971,2010-11-17,11.373898452398723,33497,11.512293681035448,0.13948904566876102,0.2789780913375228,-13980.75409917737,-14213.543211283122,-1.4960792009623676,stop_loss,9,-1.4960792009623676,118.49166916775322,114.29744293800002
XOM,2010-11-10,39.432015801925985,2010-11-17,38.177538500659395,9933,38.37171897891726,0.5301484115043621,1.060296823008727,-12460.723033481037,-12691.991744347311,-1.183137847859292,stop_loss,7,-1.183137847859292,117.50346388815926,113.76524697811494
CAH,2010-11-19,24.705750451742425,2010-11-30,24.01657962403919,31307,23.6969249286612,0.5044127615406119,1.0088255230812244,-21575.871102905225,-22033.476099209973,-0.6831417444696715,stop_loss,11,-0.6831417444696715,232.03887881781003,225.56611748693845
KR,2010-12-01,8.87794499682363,2010-12-03,7.97827552670407,87380,8.577782116084169,0.15008144036973034,0.3001628807394603,-78613.11829904711,-79054.98726385087,-2.9972709080589737,stop_loss,2,-2.9972709080589737,232.72645014673463,209.14251465702048
SNPS,2010-12-02,26.00597954177856,2010-12-03,25.574400381088257,15084,25.07347863131695,0.46625045523080644,0.9325009104616129,-6509.940059852557,-6743.351595079514,-0.46281902339018793,stop_loss,1,-0.46281902339018793,117.68225862245635,115.72927660450057
DG,2010-11-24,28.903516906037677,2010-12-06,27.48528082519199,26824,27.408060948643595,0.7477279786970411,1.495455957394082,-38042.764632604725,-38496.53656570747,-0.9483636571397567,stop_loss,12,-0.9483636571397567,232.59238124626637,221.179551856485
WEC,2010-09-21,17.308405320972113,2010-12-09,17.632576537957274,21604,16.797131940547118,0.2556366902124979,0.5112733804249956,7003.394971747402,6776.935480123309,0.6340467338935056,trailing_stop,79,0.6340467338935056,112.17923656628446,114.28025505780869
NKE,2010-09-27,16.073243341964943,2010-12-30,17.28992011012971,23215,15.438595963785955,0.3173236890894942,0.6346473781789879,28245.151172945065,28012.79342108295,1.9170909862667564,trailing_stop,94,1.9170909862667564,111.94210325511484,120.41564860699836
KO,2010-11-19,19.799029028276575,2011-01-05,19.95546387251891,19533,19.39952352917311,0.19975274955173206,0.39950549910346567,3055.6418125855057,2822.6844596361343,0.3915711913688067,trailing_stop,47,0.3915711913688067,116.0203302027979,116.93702274657355
HRL,2010-11-24,8.57515574351225,2011-01-06,8.681646410341246,90414,8.355924036816715,0.10961585334776777,0.2192317066955347,9628.247150676883,9160.17019769533,0.4857448242050539,trailing_stop,43,0.4857448242050539,232.59423941817496,235.48271356337807
TGT,2010-12-03,38.00198060988416,2011-01-07,35.34339756963756,20681,36.56152209595085,0.7202292569666541,1.440458513933308,-54982.15585533988,-55437.212585179084,-1.8456505442750206,stop_loss,35,-1.8456505442750206,235.77568829790428,219.2810415413023
HAS,2010-02-09,20.603807516537685,2011-01-13,27.047436954265585,33792,19.60002102210119,0.5018932472182487,1.003786494436497,217743.1259597012,217260.05670375397,6.419322708007949,trailing_stop,338,6.419322708007949,208.87315907965245,274.1960968675628
GLD,2010-09-15,124.09397122192381,2011-01-21,130.6292345123291,2992,121.48512249108045,1.30442436542168,2.6088487308433628,19553.50776489265,19324.868215425584,2.5050372653429553,trailing_stop,128,2.5050372653429553,111.38674856879881,117.25280089826661
DIS,2011-01-06,34.17934867355662,2011-01-21,33.76728539523322,23339,33.139831059027564,0.5197588072645254,1.0395176145290534,-9617.144852789703,-10092.88680054915,-0.3963985531020337,stop_loss,15,-0.3963985531020337,239.31354560764137,236.42840215180448
MKC,2010-10-01,15.474768936684722,2011-01-27,16.51674211241606,48129,15.063639199023852,0.20556486883043518,0.41112973766087,50149.12697477363,49687.21114418898,2.534414517567287,trailing_stop,118,2.534414517567287,223.43554624610968,238.4802843385418
CHRW,2010-07-29,45.294431717324066,2011-01-31,53.408090377439,8140,43.165139300851806,1.0646462082361319,2.1292924164722606,66045.18149333558,65804.14993438016,3.8104952599969195,trailing_stop,186,3.8104952599969195,110.60900225370536,130.42255670170604
GWW,2010-09-14,89.48669784854398,2011-01-31,102.16011282524936,4149,85.93878776629614,1.773955041123917,3.5479100822478387,52581.998738350594,52343.45595310492,3.572078965619083,trailing_stop,139,3.572078965619083,111.38409281208268,127.15869243358789
EMR,2010-09-27,35.041750689149005,2011-01-31,37.69752020447252,10648,33.52297081069441,0.7593899392272989,1.5187798784545947,28278.633799164767,28046.275472222183,1.7486204241959278,trailing_stop,126,1.7486204241959278,111.93736840141757,120.42095854116701
UPS,2010-12-01,41.43127779820799,2011-01-31,41.25526926389373,18723,40.1204665824514,0.6554056078782948,1.310811215756587,-3295.4077879658216,-3759.849854158941,-0.13427451046996572,trailing_stop,61,-0.13427451046996572,232.7153442647544,231.7267219283647
ADP,2010-12-02,28.022463289739026,2011-01-31,29.350340553190478,13999,27.15123661170544,0.43561333901679333,0.8712266780335867,18588.953811056872,18348.00524675772,1.524146696756984,trailing_stop,60,1.524146696756984,117.68593907791697,123.26262522123405
SO,2010-10-25,19.550884555226776,2011-02-01,19.443322106732314,19459,19.185212934847602,0.18283581018958744,0.36567162037917456,-2093.057685253748,-2320.6941654842663,-0.2941503865761534,trailing_stop,99,-0.2941503865761534,114.13219876804733,113.50428146247124
LH,2010-12-02,69.38926255643253,2011-02-02,72.3498350157739,11306,67.02036702231825,1.1844477670571383,2.368895534114273,33472.23222531362,32991.48155416821,1.2497691083065563,trailing_stop,62,1.2497691083065563,235.3545007389079,245.39617040650194
WMT,2011-01-21,13.687445799873508,2011-02-11,13.50926981312299,58342,13.37724096720352,0.1551024163349945,0.31020483266998866,-10395.143418998781,-10871.156653686814,-0.5743817245428653,trailing_stop,21,-0.5743817245428653,239.56588885686608,236.4473458311664
GLW,2011-01-27,14.936122916827552,2011-02-16,15.056717871733708,54040,14.305788495194758,0.3151672108163969,0.630334421632794,6516.951363128695,6030.70742826454,0.19131900586005116,trailing_stop,20,0.19131900586005116,242.14442472760825,244.09951013654688
ITT,2011-01-13,16.59524892642101,2011-02-23,16.028182712108237,48074,15.878967544036104,0.35814069119245345,0.7162813823849064,-27261.14118687231,-27731.642842649508,-0.7916807950873855,trailing_stop,41,-0.7916807950873855,239.33999906662908,231.16165671056743
IWD,2011-01-06,47.27192794207219,2011-02-24,48.20646962785313,8437,46.452678159694464,0.4096248911888617,0.8192497823777245,7884.728202933812,7643.062830844574,1.140728634762165,trailing_stop,49,1.140728634762165,119.64997681417891,122.01539527505906
DOV,2011-01-31,31.796684958096833,2011-02-24,32.35452614255755,25076,30.435600265441842,0.6805423463274951,1.361084692654991,13988.425541537023,13505.82881066902,0.40985045785253155,trailing_stop,24,0.40985045785253155,239.20010160277084,243.39662926523195
UPS,2011-02-02,43.65548973429651,2011-02-24,42.964774440367506,9300,42.3160467852024,0.6697214745470548,1.3394429490941064,-6423.652233539727,-6665.322770587039,-0.515673545033141,trailing_stop,22,-0.515673545033141,121.79881635868726,119.87172068862533
DHR,2011-02-11,20.474627335730418,2011-02-24,19.85347198950328,19952,19.74066854297024,0.3669793963800885,0.733958792760177,-12393.291467923847,-12634.679339244967,-0.8463082019784478,trailing_stop,13,-0.8463082019784478,122.552929380748,118.83494194037083
XLV,2011-02-15,25.050539620136345,2011-02-24,24.668387113203934,16477,24.662214828318838,0.19416239590875356,0.38832479181750656,-6296.726856725325,-6542.492483460899,-0.9841053545507419,trailing_stop,9,-0.9841053545507419,123.82732239629595,121.93830433927837
MRSH,2011-02-16,22.76200538618431,2011-02-24,22.070450887375774,36093,22.049619263215003,0.35619306148465263,0.7123861229693063,-24960.276525496483,-25445.717878780964,-0.9707579590771057,stop_loss,8,-0.9707579590771057,246.46471812106512,238.97663516341615
DIA,2011-01-24,85.95798393155022,2011-02-25,87.87026222819152,4641,84.68624938495752,0.6358672732963518,1.2717345465926968,8874.883574712292,8632.862507584083,1.5036772428371852,trailing_stop,32,1.5036772428371852,119.67930102789737,122.34176610031105
RVTY,2011-02-25,25.566514767322058,2011-03-01,24.716332505740407,31556,24.515247077938266,0.5256338446918962,1.051267689383792,-26828.351446470573,-27304.369105035203,-0.8087210043333407,stop_loss,4,-0.8087210043333407,242.03308199928443,233.98457656534333
RTX,2010-12-02,34.42144126068767,2011-03-02,36.2387056647781,11396,33.26705530370502,0.5771929784913238,1.154385956982651,20709.545149014542,20467.97223870576,1.5742260143569484,trailing_stop,90,1.5742260143569484,117.68002338203902,123.89288692674339
BRK-B,2011-03-01,87.62754091644287,2011-03-02,84.915,4652,85.23208838968786,1.1977262633775037,2.395452526755008,-12618.740343292193,-12859.540713395181,-1.1323709763171121,stop_loss,1,-1.1323709763171121,122.29299610298764,118.507374
CPT,2011-02-28,32.48288304651708,2011-03-03,31.61561040487595,24992,31.497306804851707,0.49278812083268664,0.9855762416653739,-21674.877859895107,-22155.46272439627,-0.8799650447901002,stop_loss,3,-0.8799650447901002,243.54366392956646,237.04120057159793
VNO,2011-03-01,38.95174765829895,2011-03-03,37.46909078766769,10465,37.626836492282436,0.6624555830082564,1.3249111660165127,-15516.004151156136,-15755.927373457247,-1.1190613443835835,stop_loss,2,-1.1190613443835835,122.28901177322953,117.6342105278827
ESS,2011-02-28,75.19901650447265,2011-03-07,72.92154917522693,10795,72.60534015240869,1.2968381760319836,2.593676352063966,-24585.259819207586,-25064.948271161295,-0.8780846258760802,stop_loss,7,-0.8780846258760802,243.5320149497347,236.15643700397243
AVB,2011-02-28,72.001717090917,2011-03-07,70.23145877838827,5637,69.62207373421302,1.1898216783519877,2.37964335670398,-9978.946107724421,-10219.476631437003,-0.7439174897959044,trailing_stop,7,-0.7439174897959044,121.76210377244972,118.76841994013242
IWF,2011-01-04,12.319078986697223,2011-03-08,12.73006679944525,32580,12.105961700175644,0.10655864326078932,0.21311728652157846,13389.982939330737,13145.15258841698,1.9284583595071927,stop_loss,63,1.9284583595071927,120.40667801597866,124.42367289777786
ILMN,2010-09-17,47.71303631210326,2011-03-10,62.81649608230591,15592,45.176921012240385,1.2680576499314387,2.536115299862878,235493.14473699967,234976.13179627157,5.955352176227657,trailing_stop,174,5.955352176227657,223.1824986534942,293.8304420745941
ALB,2010-10-01,37.68373648296447,2011-03-11,43.524510541808645,9882,35.95266214758508,0.8655371676896948,1.7310743353793896,57718.52924949814,57477.7792803685,3.374074665351726,trailing_stop,161,3.374074665351726,111.71720517739647,129.03276395224592
XLV,2011-03-04,25.661905736942074,2011-03-11,25.170394078082076,15965,25.191943657648544,0.23498103964676473,0.4699620792935306,-7846.983633699878,-8090.444933663935,-1.045853868888448,stop_loss,7,-1.045853868888448,122.90769752708405,120.55360243697409
AWK,2011-03-04,20.192637722486346,2011-03-11,19.516057778451284,40578,19.61240358423887,0.29011706912373786,0.5802341382474765,-27454.260969054743,-27937.650802865857,-1.1660464275311095,stop_loss,7,-1.1660464275311095,245.81305605091526,237.57677776019887
DVA,2011-03-07,42.02197954177856,2011-03-11,40.30964847564697,19383,40.597072985969156,0.7124532779047034,1.4249065558094074,-33190.1130548286,-33668.86323858713,-1.2017146381637027,stop_loss,4,-1.2017146381637027,244.3536088374882,234.3965749210396
ICE,2011-03-08,22.81902816551142,2011-03-11,21.791376105432352,35407,21.782720821486407,0.5181536720125057,1.036307344025012,-36386.07649121952,-36859.93266642591,-0.9916479565682436,stop_loss,3,-0.9916479565682436,242.38599907687885,231.470176129513
BALL,2010-11-01,13.782399082944439,2011-03-15,14.45960385884737,28059,13.32064383549006,0.23087762372718973,0.4617552474543789,19001.688807060338,18763.956098897215,1.4665881538678958,trailing_stop,134,1.4665881538678958,116.01610076050139,121.71660740261952
ADI,2010-09-29,22.044441364465253,2011-03-16,26.60262385981541,33941,20.86615111623579,0.5891451241147311,1.1782902482294624,154709.27207467964,154213.93306244645,3.868471713314636,trailing_stop,168,3.868471713314636,224.46311530539458,270.87589692779846
FISV,2010-11-22,13.983970267295836,2011-03-16,14.585400381088256,27786,13.513209236068139,0.235380515613849,0.4707610312276973,16711.33714183617,16473.188581985374,1.2775698791889178,trailing_stop,114,1.2775698791889178,116.56757935412463,121.5809804966755
RSP,2010-12-03,35.508795280254674,2011-03-16,37.710992784770596,11066,34.53040491897914,0.48919518063776934,0.9783903612755367,24369.517584973197,24126.442532554924,2.2508372850739216,trailing_stop,103,2.2508372850739216,117.88209857138948,125.19295384688142
VIG,2010-12-14,38.43389184204792,2011-03-16,39.4048033705094,10311,37.6676422945511,0.3831247737484081,0.7662495474968196,10011.068769966301,9770.290334065297,1.2670957283214683,trailing_stop,92,1.2670957283214683,118.88755763500681,121.89087826599672
DTE,2011-03-10,24.309419090942512,2011-03-16,23.918374651091995,33350,23.74892468324621,0.2802472038481514,0.5604944076963037,-13041.332069014767,-13523.851145403822,-0.6976776832756553,stop_loss,6,-0.6976776832756553,243.21573800487985,239.3033383841754
SBUX,2011-03-11,14.01660633067759,2011-03-16,13.084782753971012,56794,13.312619980973793,0.3519931748518985,0.703986349703797,-52921.98821547335,-53383.74710297541,-1.3236386999529792,stop_loss,5,-1.3236386999529792,238.8177419833509,222.94114551870894
TXN,2010-10-06,18.668793510586216,2011-03-17,22.04592759182729,20247,17.764603600843287,0.45209495487146445,0.9041899097429287,68376.83374288803,68129.52845543985,3.734983154369895,trailing_stop,162,3.734983154369895,113.39611866265172,133.90916878551812
GPC,2010-12-03,31.129734809976885,2011-03-17,32.96247097282283,25246,30.079705833946704,0.5250144880150905,1.0500289760301804,46269.25716720869,45783.83561905092,1.7454148453835299,trailing_stop,104,1.7454148453835299,235.7703855038029,249.6511626539655
ES,2011-02-02,19.667256796854698,2011-03-17,19.78615023516588,41289,19.161742600825498,0.2527570980146,0.5055141960291998,4908.991174430427,4420.2936575468975,0.2351930751798615,trailing_stop,43,0.2351930751798615,243.6124097656001,245.08510711792923
VFC,2011-02-23,15.184439171888105,2011-03-21,14.807920959839361,53720,14.549241314174193,0.3175989288569556,0.6351978577139121,-20226.558351258518,-20709.91522714144,-0.592757370756632,trailing_stop,26,-0.592757370756632,244.7124216941487,238.64445418877114
SPGI,2011-03-30,31.85864583819116,2011-04-06,31.098639063192916,24961,30.675155895626688,0.591744971282235,1.1834899425644707,-18970.529110731124,-19441.97214725816,-0.6421742573928471,stop_loss,7,-0.6421742573928471,238.56709763012688,232.87593889690748
HUBB,2011-04-04,53.275184510880464,2011-04-07,51.37823658411093,15088,51.186863435882245,1.044160537499109,2.0883210749982197,-28621.150319098742,-29094.853564343113,-0.90836028495817,stop_loss,3,-0.90836028495817,241.14479517004938,232.55845007431972
PPG,2011-03-31,36.19970255118428,2011-04-14,34.788759882763536,22092,34.79536868779436,0.7021669316949624,1.4043338633899225,-31170.545430751095,-31641.028564378328,-1.0047060070280363,stop_loss,14,-1.0047060070280363,239.91714862822894,230.56598499900358
MO,2011-03-29,10.391419287277913,2011-04-21,10.470260574811611,76218,10.121991445000372,0.13471392113877032,0.26942784227754046,6009.125253243455,5532.114598524833,0.2926248707900186,trailing_stop,23,0.2926248707900186,237.6039585713244,239.40669614729742
PFE,2011-02-02,9.621923247282515,2011-04-25,10.035297105166604,84396,9.311096941383186,0.15541315294966512,0.31082630589932947,34887.100109985586,34389.40287932599,1.3299191543265736,trailing_stop,82,1.3299191543265736,243.61555031329655,254.08168034629222
NSC,2011-03-14,46.66215948852222,2011-04-25,47.014546966780685,17127,45.057945146021986,0.8021071712501178,1.604214342500235,6035.340340132716,5554.020054694724,0.21966358791509966,trailing_stop,42,0.21966358791509966,239.754841667976,241.5654437700158
YUM,2011-04-25,28.922051381664485,2011-04-28,28.287643352414044,28836,27.888338919496782,0.5168562310838505,1.0337124621677027,-18293.78993146571,-18788.69955867128,-0.6137180816414677,stop_loss,3,-0.6137180816414677,250.19888209250314,244.7107451130634
COP,2011-01-31,31.94461914112048,2011-05-05,32.86331941778474,24960,30.9371271842843,0.5037459784180893,1.00749195683618,22930.758905539857,22445.477061610774,0.9118685964990184,trailing_stop,94,0.9118685964990184,239.20130812871014,246.0805358003721
CRL,2011-03-21,39.69965984725952,2011-05-05,40.20975,19739,37.908496147896344,0.8955818496815862,1.7911636993631745,10068.669524944366,9595.469972651848,0.284781426131982,trailing_stop,45,0.284781426131982,235.0894757175167,238.11007657500002
IFF,2011-03-21,42.85170856709382,2011-05-16,44.52936186791821,18287,41.19828712103279,0.8267107230305151,1.6534214460610315,30679.245912175596,30199.864621662076,1.0146555827137027,trailing_stop,56,1.0146555827137027,235.08875836993343,244.29253214358613
HON,2011-03-29,37.89283068646244,2011-05-18,38.396901146214084,20901,36.330459796067906,0.7811854451972655,1.5623708903945328,10535.576679269137,10057.217173758705,0.32263175335042016,trailing_stop,50,0.32263175335042016,237.59941625332544,240.7600892571062
HSY,2011-02-25,36.42460093303101,2011-05-20,38.40274771373477,22149,35.19078565075422,0.616907641138395,1.2338152822767867,43813.97304580758,43316.767762254414,1.6032762838319217,trailing_stop,84,1.6032762838319217,242.03054581971114,255.1747377334534
WSM,2011-03-16,13.928878854375778,2011-05-20,14.546706515944447,56548,13.077068424142333,0.4259052151167225,0.8518104302334457,34936.918606385065,34453.847385928806,0.7253112190694209,trailing_stop,65,0.7253112190694209,236.29507243717242,246.77614801908797
FRT,2011-04-25,50.663544854707816,2011-05-23,49.95126633614162,16461,49.24662842024328,0.7084582172322663,1.4169164344645324,-11724.816694118119,-12221.68281622189,-0.5026962079350653,trailing_stop,28,-0.5026962079350653,250.1917835560036,246.67433854776817
RTX,2011-04-25,38.394244407022285,2011-05-24,38.12956847720739,10861,37.12074004926474,0.6367521788787709,1.2735043577575453,-2874.645273719544,-3123.9828132402295,-0.2078327633530424,trailing_stop,29,-0.2078327633530424,125.0999665514007,124.23757296928484
BIIB,2011-03-02,69.79973336029052,2011-05-25,94.44546091461181,11495,67.45113446365019,1.1742994483201592,2.3485988966403255,283302.6382369233,282736.2386844663,10.493800192777512,trailing_stop,84,10.493800192777512,240.70438049296183,325.6951719640388
INTC,2011-05-05,15.910813379327088,2011-05-26,15.330069804080265,52152,15.264772026257972,0.32302067653455735,0.6460413530691156,-30286.938936272294,-30775.721298206612,-0.8989263187068658,stop_loss,21,-0.8989263187068658,248.9342218075999,239.84814012671822
GWW,2011-04-07,113.01152666595353,2011-06-02,114.21913754413004,7163,109.41268300028308,1.7994218328352243,3.5988436656704437,8650.11672037834,8161.820746057293,0.3355552478414033,trailing_stop,56,0.3355552478414033,242.85046965246755,245.445504668581
OGE,2010-10-07,11.958808350989605,2011-06-03,14.000192388758304,31610,11.52253960203117,0.2181343744792171,0.4362687489584349,64528.14943386858,64281.98022985355,4.679189244341657,trailing_stop,239,4.679189244341657,113.40537959243441,132.763824422595
BBWI,2011-04-06,14.43709017409962,2011-06-03,15.401495068562369,55920,13.749619085838678,0.34373554413047075,0.687471088260942,53929.52169835694,53428.94959232604,1.402829749396955,trailing_stop,58,1.402829749396955,242.19662476069522,258.3754812702023
AEP,2011-05-18,22.25653957841945,2011-06-03,21.576950010814254,37588,21.669135181570432,0.2937021984245091,0.587404396849017,-25544.412667144064,-26038.6966291481,-1.1569364670245608,stop_loss,16,-1.1569364670245608,250.9736429020891,243.31031910194588
CAG,2011-05-05,11.52037763718783,2011-06-06,11.075061575396282,72027,11.187487921889021,0.16644485764940417,0.3328897152988084,-32074.779982659824,-32563.024492709264,-1.3377285068474507,stop_loss,32,-1.3377285068474507,248.93347202211834,239.3110380273204
R,2011-05-16,35.742613740237985,2011-06-06,34.4888408841872,23624,34.18833179768725,0.777140971275368,1.5542819425507375,-29619.1299513438,-30116.874316558024,-0.8066572876689388,trailing_stop,21,-0.8066572876689388,253.31505209981464,244.4293131144115
TMO,2011-05-20,62.00203856383307,2011-06-06,59.37354046951114,13577,59.84816938429487,1.0769345897690996,2.153869179538198,-35687.1186266088,-36181.493497569514,-1.2203610689510362,stop_loss,17,-1.2203610689510362,252.54050327434848,241.83436768636582
CVS,2011-05-31,26.72108747119376,2011-06-06,25.841792319937955,31138,25.927746714473116,0.39667037836032026,0.7933407567206423,-27379.492419803206,-27870.503305084083,-1.108344861658769,stop_loss,6,-1.108344861658769,249.6123665034094,241.39851877746844
AVB,2011-06-01,81.15886483875843,2011-06-06,79.84713024310221,10287,78.53552810065455,1.3116683690519426,2.6233367381038875,-13493.813785515524,-13990.694386937654,-0.5000252451785214,stop_loss,5,-0.5000252451785214,250.46437277889243,246.41622864323776
LNT,2011-06-02,12.597830605968504,2011-06-06,12.142988928704812,65138,12.268125115554005,0.16485274520724913,0.3297054904144989,-29627.477173602387,-30110.947424457252,-1.379539287295079,stop_loss,4,-1.379539287295079,246.1792470034729,237.29100385139222
T,2011-03-31,7.932009291308151,2011-06-07,8.02097055772056,100825,7.6661762612625495,0.13291651502280044,0.2658330300456013,8969.519686031124,8486.981928047628,0.3346509137602214,trailing_stop,68,0.3346509137602214,239.9234510388433,242.61430694465264
ALB,2011-04-21,52.31791104986824,2011-06-07,53.16723055919301,15717,49.68940413227453,1.314253458796854,2.628506917593711,13348.75472805733,12851.381736856445,0.3231186129433061,trailing_stop,47,0.3231186129433061,246.68418239123375,250.68880880965096
UHS,2011-04-28,51.04086141284937,2011-06-07,48.358876921160714,16537,47.911735486764066,1.5645629630426503,3.129125926085301,-44351.977539055246,-44845.10958090411,-0.8571034068430586,stop_loss,40,-0.8571034068430586,253.21881755528702,239.9132242935704
AZO,2011-05-25,294.7344424438476,2011-06-07,284.715,2799,284.3118687164887,5.211286863679463,10.422573727358952,-28044.419400329578,-28530.983097149678,-0.9613213305986896,stop_loss,13,-0.9613213305986896,247.48851132009887,239.07518549999995
TPR,2011-05-27,41.920309336122536,2011-06-07,39.849989017986324,19830,39.969122505395134,0.9755934153637001,1.9511868307274014,-41054.45190864107,-41540.90341354967,-1.0610569349550176,stop_loss,11,-1.0610569349550176,249.38392024059294,237.06758466800065
ASH,2011-06-01,26.187536690793003,2011-06-07,24.698744312336284,31881,24.763543527457465,0.7119965816677699,1.4239931633355383,-47464.18981757864,-47950.88147497687,-1.0455052852707492,stop_loss,6,-1.0455052852707492,250.46545717175152,236.2262002264779
VRSN,2010-08-11,24.407242796949838,2011-06-09,33.60603827555762,30328,23.116609921926745,0.6453164375115464,1.2906328750230927,278981.0692752169,278453.2412387068,7.12735252342243,trailing_stop,302,7.12735252342243,222.06685786376838,305.76117864633346
NLY,2011-06-09,11.69897255925395,2011-06-13,11.49897903868576,68526,11.521336607475314,0.08881797588931752,0.177635951778635,-13704.755990455695,-14181.654839815821,-1.1258617333129446,stop_loss,4,-1.1258617333129446,240.50513807863086,236.39371128149415
AGG,2011-06-09,71.576405955893,2011-06-15,71.08816877024067,11200,71.19054614286499,0.19292990651400416,0.38585981302800576,-5468.256479306024,-5947.609450385833,-1.2653227135029146,stop_loss,6,-1.2653227135029146,240.4967240118005,238.85624706800868
DLR,2011-06-08,34.98243633642158,2011-06-16,33.805937420784886,22930,33.845713705192885,0.5683613156143466,1.136722631228693,-26977.120135549354,-27450.315358625176,-1.0349920757405917,stop_loss,8,-1.0349920757405917,240.64417955824402,232.55104351757925
IBB,2011-03-30,31.83494523370877,2011-06-17,33.07476454251031,24980,30.991431145570076,0.4217570440693472,0.8435140881386936,30970.68633386246,30484.252968799476,1.4698264394579788,trailing_stop,79,1.4698264394579788,238.5710795814135,247.86228548157226
CL,2011-06-20,30.997336141057023,2011-06-24,30.288063905613853,25765,30.218138312383118,0.3895989143369517,0.7791978286739045,-18274.399146193256,-18748.104645854,-0.9102595122091912,stop_loss,4,-0.9102595122091912,239.5939097023003,234.1115899584423
BMY,2011-06-24,17.667965962006797,2011-06-28,17.222879054762227,45250,17.14769020469003,0.2601378786583841,0.5202757573167673,-20140.182552816754,-20613.825773919394,-0.8554826954460232,stop_loss,4,-0.8554826954460232,239.84263793424225,233.80058316839722
DGX,2011-06-20,45.395076277836004,2011-06-29,44.480916465135024,17593,44.24472672410795,0.5751747768640261,1.1503495537280557,-16082.813584848342,-16557.17008694647,-0.7946800255090887,stop_loss,9,-0.7946800255090887,239.59067308679064,234.76582901133617
ILMN,2011-07-06,76.32137757873534,2011-07-11,73.45759680175782,10589,72.79881137442926,1.7612831021530369,3.5225662043060737,-30324.574647414967,-30800.37751532948,-0.8129813922238744,stop_loss,5,-0.8129813922238744,242.4501201543685,233.35274776014407
GPC,2011-07-07,37.129269024746215,2011-07-12,35.79711826539776,21809,36.01657401576135,0.5563475044924308,1.1126950089848648,-29052.875910630373,-29530.011384753598,-1.1972290237589907,stop_loss,5,-1.1972290237589907,242.92566844820706,234.20980567501792
LIN,2011-06-30,81.76220376852962,2011-07-15,80.7518589026911,9795,79.00280843759882,1.3796976654654038,2.7593953309308006,-9896.327960888293,-10373.875534047676,-0.3661471970012028,trailing_stop,15,-0.3661471970012028,240.25823577382428,237.2893373855578
BDX,2011-07-05,53.02769333594451,2011-07-15,51.97840180851348,15221,51.579457048692824,0.7241181436258431,1.4482362872516887,-15971.266339027718,-16450.755671285857,-0.7245306146984248,stop_loss,10,-0.7245306146984248,242.14035607992346,237.3489761782151
PNR,2011-07-08,21.64669665204067,2011-07-15,20.991841891923066,18751,20.86579249519263,0.39045207842402097,0.7809041568480417,-12279.181606965205,-12519.036177836564,-0.8385853172568457,stop_loss,7,-0.8385853172568457,121.76916267672439,118.08540819463484
ACN,2011-06-29,45.07832042190779,2011-07-19,45.91742494605494,17738,43.23238432851068,0.9229680466985541,1.845936093397107,14884.036049322202,14399.811289921125,0.4545685666739064,trailing_stop,20,0.4545685666739064,239.8797742931401,244.34498510793676
TDG,2011-07-01,39.1969960862741,2011-07-19,38.62970080815079,20410,37.81785114503262,0.6895724706207401,1.3791449412414778,-11578.496626496772,-12055.029491581334,-0.41133840335348887,trailing_stop,18,-0.41133840335348887,240.00320703625627,236.52965804830725
BALL,2011-07-11,17.136588490327554,2011-07-19,16.51040104954919,47303,16.602969792866805,0.266809348730375,0.5336186974607493,-29620.5445111389,-30098.02557500034,-1.1734735753415437,stop_loss,8,-1.1734735753415437,243.1836136073893,234.29745025404762
COO,2011-07-01,19.778840727396577,2011-07-28,19.117286627420533,40448,19.001449335468553,0.3886956959640124,0.777391391928024,-26758.54023583103,-27230.521403605326,-0.8509923146117048,stop_loss,27,-0.8509923146117048,240.00436492252103,231.9768028517717
BAX,2011-07-22,25.59357798941391,2011-07-28,24.339817129883745,31644,24.786327511226574,0.403625239093668,0.8072504781873349,-39674.00863897251,-40148.03634551903,-1.553124951186724,stop_loss,6,-1.553124951186724,242.96495456910412,231.0627519774124
DRI,2011-07-05,29.47263947165616,2011-07-29,27.975141995557436,27387,28.28133144343945,0.5956540141083544,1.1913080282167101,-41011.96337791571,-41483.96009522848,-1.2570195454322193,stop_loss,24,-1.2570195454322193,242.15015316307418,229.84656414969945
MCD,2011-06-29,56.54885852339472,2011-08-02,57.52567484427588,14140,55.218990660408345,0.6649339314931885,1.3298678629863758,13812.182777259643,13328.278606713984,0.7345213370955563,trailing_stop,34,0.7345213370955563,239.8802578562404,244.0239126894183
AN,2011-07-08,38.91888106918334,2011-08-02,37.09287106704712,20859,36.9635859042729,0.9776475824552223,1.9552951649104457,-38088.74263455946,-38564.401375902344,-0.933879464801855,stop_loss,25,-0.933879464801855,243.54268206662863,232.11605927626076
IBM,2011-07-20,102.723640941631,2011-08-02,100.34912808958458,7820,99.90515778666177,1.4092415774846117,2.818483154969229,-18568.69050300302,-19045.099219150252,-0.8424789936601008,stop_loss,13,-0.8424789936601008,240.9896616490663,235.41905449816542
KO,2011-07-20,22.022575264875513,2011-08-02,21.391409476008892,18239,21.47500021134228,0.2737875267666163,0.5475750535332331,-11511.832823138302,-11749.381123445,-1.1526562154247495,stop_loss,13,-1.1526562154247495,120.50092507681936,117.04737522987786
CI,2011-01-07,35.27010001704118,2011-08-03,41.43571058413462,22517,33.903481251402035,0.6833093828195721,1.3666187656391457,138831.05313924295,138312.89771805095,4.511580494952359,trailing_stop,208,4.511580494952359,238.2530526251149,279.9023685668878
MA,2011-06-30,28.25525574852623,2011-08-03,28.711530240374795,28344,26.918484946712333,0.6683854009069485,1.3367708018138984,12932.644196955704,12448.24422233488,0.3413258961292644,trailing_stop,34,0.3413258961292644,240.26009068086827,244.13988393995496
V,2011-06-30,19.340190436985488,2011-08-03,18.942993345171192,20704,18.442430763561507,0.44887983671198983,0.8977596734239803,-8223.568588923164,-8461.353100030896,-0.44243142521585826,trailing_stop,34,-0.44243142521585826,120.12579084220427,117.65872026552731
EL,2011-06-30,43.60075426577183,2011-08-03,42.09027032371975,18368,41.817654518456074,0.8915498736578789,1.7830997473157595,-27744.569047612666,-28216.7608695106,-0.8471112983589021,trailing_stop,34,-0.8471112983589021,240.25759630610915,231.9342255918253
CAG,2011-07-08,11.857067175524788,2011-08-03,11.511524595701657,68466,11.496613571883836,0.18022680182047607,0.360453603640952,-23657.91827017054,-24137.904471433176,-0.9586326127212945,trailing_stop,26,-0.9586326127212945,243.54178837184404,236.44441289079288
HYG,2011-07-08,40.08409318989697,2011-08-03,39.56320518208976,20252,39.579541753222756,0.25227571833710577,0.5045514366742125,-10549.023934111585,-11032.929060100427,-1.0323784057393228,trailing_stop,26,-1.0323784057393228,243.53491658453802,240.37020940430452
CLX,2011-07-18,46.834567896418164,2011-08-03,45.27674387905049,17078,45.19638835307014,0.8190897716740121,1.6381795433480235,-26604.5185686051,-27076.441663355537,-0.9509482789559651,stop_loss,16,-0.9509482789559651,239.95222516050885,231.97086958992728
ISRG,2011-07-21,44.25532027053833,2011-08-03,42.844891456604,18172,42.199989152347555,1.0276655590953854,2.0553311181907716,-25630.312406814533,-26105.147921066222,-0.6862294846077501,trailing_stop,13,-0.6862294846077501,241.26230398686678,233.57321026482236
EQIX,2011-07-29,77.05140204708258,2011-08-03,73.32659654741853,10318,73.04009934361144,2.005651351735566,4.011302703471131,-38432.5431455336,-38898.02320238302,-0.9285775158381414,stop_loss,5,-0.9285775158381414,238.50490989653943,226.97514695287933
BMRN,2011-08-01,31.661629159927365,2011-08-03,29.100869161605836,25027,30.08920828840465,0.7862104357613577,1.5724208715227164,-64088.140477992914,-64544.35139164082,-1.6285461765982001,stop_loss,2,-1.6285461765982001,237.71867789565064,218.49223575225278
OKE,2010-12-06,10.085312852486028,2011-08-04,13.278724735645893,39142,9.77485832877583,0.15522726185509947,0.31045452371019877,124996.52793064342,124722.17338286102,10.28624690339778,trailing_stop,241,10.28624690339778,118.42779470160245,155.92675308079546
CNP,2011-03-21,9.936143231287561,2011-08-05,11.032719020144755,78869,9.55438296948668,0.190880130900441,0.3817602618008813,86485.83589137805,85989.69793230559,2.872419941468782,trailing_stop,137,2.872419941468782,235.09610415252558,261.041854919939
EQT,2011-07-14,26.858471837105515,2011-08-05,27.687578389126173,29737,25.606903749989236,0.6257840435581403,1.2515680871162793,24655.141537438307,24168.53076876507,0.6624542128834484,trailing_stop,22,0.6624542128834484,239.607113106002,247.0036555672335
RRC,2011-07-18,56.78791966207446,2011-08-05,56.074487505047145,7042,53.14750020643681,1.820209727818823,3.640419455637648,-5023.989249786338,-5262.4223711675995,-0.19597526211504926,trailing_stop,18,-0.19597526211504926,119.9701590780985,118.4629623031626
AAPL,2011-07-21,11.595095153756482,2011-08-05,11.37724565182579,69357,11.146512726069876,0.224291213843303,0.44858242768660617,-15109.387905406995,-15587.375697782827,-0.4856398478517495,trailing_stop,15,-0.4856398478517495,241.26030437372648,236.7274880021044
EMB,2011-08-02,55.630562142282436,2011-08-08,53.91124438364055,14170,55.21896362324972,0.20579925951635802,0.41159851903271516,-24362.732639955517,-24828.394859497217,-4.177171877786151,stop_loss,6,-4.177171877786151,236.48551966684266,229.17669987485598
LQD,2011-08-01,66.49047474789104,2011-08-09,66.0265163439228,11917,65.84849366777041,0.3209905400603118,0.6419810801206296,-5528.992300089622,-6002.753794941967,-0.7226979397602655,trailing_stop,8,-0.7226979397602655,237.7100962711853,236.05139858115837
GLD,2011-07-14,154.96480755615232,2011-09-23,164.3454845123291,5154,151.5640782003874,1.7003646778824557,3.4007293557649234,48348.00903213515,47854.291458538864,2.758430905498152,trailing_stop,71,2.758430905498152,239.60658544332273,254.1109881529633
IEF,2011-08-02,72.01165946001407,2011-10-11,74.9834834726035,5473,71.15970927833642,0.4259750908388287,0.8519501816776511,16264.79282090191,16023.441495720845,3.488260319092061,trailing_stop,70,3.488260319092061,118.23594366739711,123.11538151366769
EIX,2011-10-28,23.96372192473512,2011-11-02,23.34268969931657,32062,23.012315043783268,0.4757034404759257,0.9514068809518506,-19911.535211369523,-20366.556662216626,-0.6527514545587765,stop_loss,5,-0.6527514545587765,230.49745570525724,224.52399514184637
WMT,2011-11-09,14.567301615917593,2011-11-17,14.043903464315342,52750,14.101402865404623,0.23294937525648515,0.46589875051297014,-27609.25249701874,-28062.024817413425,-1.123416087778669,stop_loss,8,-1.123416087778669,230.52754807189592,222.24477232279028
EMB,2011-11-09,55.99304083701687,2011-11-17,55.407420866546246,13723,55.24461400803685,0.3742134144900126,0.7484268289800227,-8036.462854768376,-8495.087415555776,-0.7824679017302516,stop_loss,8,-0.7824679017302516,230.51774982191478,228.10681096548424
LLY,2011-12-07,28.641031597758023,2012-01-09,29.07148913388724,26794,27.559568520114723,0.5407315388216499,1.0814630776432992,11533.679223046267,11069.774438901155,0.3980325773740345,trailing_stop,33,0.3980325773740345,230.22234018909856,233.6824439560124
LNT,2011-11-09,12.812613438085508,2012-01-20,13.133111845471296,59974,12.24663662036137,0.28298840886206944,0.5659768177241382,19221.571484555247,18754.750806108437,0.56627479668611,trailing_stop,72,0.56627479668611,230.52710350072206,236.29357494608863
ETR,2011-12-06,20.06552559930191,2012-01-20,19.548710054666287,19125,19.296437675179682,0.3845439620611147,0.7690879241222284,-9884.097291156291,-10111.383968220935,-0.6719849947266724,trailing_stop,45,-0.6719849947266724,115.12595312599473,112.16072393864782
MUB,2012-01-27,78.58603561714794,2012-02-07,77.41600194070683,9840,77.6171339675962,0.48445082477586965,0.9689016495517393,-11513.1313761805,-11973.649391051287,-1.2075876607108902,stop_loss,11,-1.2075876607108902,231.98597714182074,228.5320377289666
EMB,2012-01-31,56.35818996274232,2012-02-09,56.67954378626329,6883,55.815806700661376,0.2711916310404729,0.5423832620809463,2211.878367294805,1978.4667508764833,0.5924847722771466,trailing_stop,9,0.5924847722771466,116.37402645406662,117.03758996425506
AVB,2012-02-03,87.33829673256066,2012-02-13,84.7153199968722,4467,83.65969732592418,1.8392997033182374,3.6785994066364793,-11716.837078320386,-11947.4061300995,-0.7130367962753471,stop_loss,10,-0.7130367962753471,117.04205145130453,113.52700032780844
BIIB,2012-02-02,121.27115152740477,2012-02-21,116.33354695129394,6429,116.32310462483348,2.474023451285649,4.948046902571292,-31743.859819816516,-32202.128001772384,-0.9978896064111605,stop_loss,19,-0.9978896064111605,233.89566995090559,224.3725120049606
CAG,2012-01-11,12.433417055846263,2012-02-23,12.207057532928765,61921,12.078738980109508,0.17733903786837768,0.35467807573675536,-14016.408018574404,-14474.136866677865,-0.6382112072963423,trailing_stop,43,-0.6382112072963423,230.96688525451697,226.7619628489446
CSCO,2012-02-09,13.223576055974844,2012-03-06,12.675267015767593,29663,12.73341299141925,0.24508153227779647,0.49016306455559366,-16264.491059667675,-16494.962274278805,-1.1186257795747523,stop_loss,26,-1.1186257795747523,117.67528096451454,112.79593364661424
HYG,2012-01-26,41.67013038364522,2012-03-07,41.43448724176911,9297,41.088355499910094,0.2908874418675648,0.5817748837351289,-2190.774290022199,-2422.5613790412417,-0.40504179273472096,trailing_stop,41,-0.40504179273472096,116.22216065302489,115.56492836601822
SNPS,2012-02-10,30.10006969451904,2012-03-07,29.260710914611817,13085,29.170285216307338,0.46489223910585065,0.9297844782117011,-10983.009635086002,-11216.030379367145,-0.9027455282127328,stop_loss,26,-0.9027455282127328,118.15782358583449,114.86292069530869
AGG,2012-02-01,75.09419035732073,2012-03-14,74.55465852386989,10338,74.64707255333795,0.22355890199138848,0.4471178039827777,-5577.680094214757,-6041.801034134882,-1.2066883238485833,trailing_stop,42,-1.2066883238485833,232.8971219741945,231.22381794593008
LQD,2012-02-02,70.36130055576406,2012-03-15,69.51668364130748,11082,69.68090931794882,0.34019561890762307,0.6803912378152432,-9360.04464600782,-9825.082992269403,-1.2413694761394494,stop_loss,42,-1.2413694761394494,233.9231798276932,231.1151664338908
VIG,2012-03-14,44.27498402185771,2012-03-26,44.05391187578989,9218,43.50663288555193,0.38417556815289233,0.7683511363057818,-2037.8430424531525,-2282.1077711685075,-0.2877228074793115,stop_loss,12,-0.2877228074793115,122.43804081404531,121.82668790130937
IWB,2012-03-27,62.45526875383265,2012-03-30,61.98139150425213,6620,61.30412437468036,0.5755721895761426,1.151144379152285,-3137.0673922230285,-3384.198599495585,-0.41165752807609257,stop_loss,3,-0.41165752807609257,124.03616374511165,123.09504352744473
MSI,2012-02-21,39.83779884146123,2012-04-05,39.47492158851144,19916,38.298718880471,0.7695399804951137,1.5390799609902288,-7227.063369747949,-7700.941011772949,-0.235775438669421,trailing_stop,44,-0.235775438669421,238.02288051796256,235.85476150703818
XLV,2012-02-02,28.584018415435438,2012-04-10,29.32843616039303,13639,27.94883953317839,0.3175894411285233,0.6351788822570477,10153.113623476584,9916.153233088666,1.1719812571733705,trailing_stop,68,1.1719812571733705,116.95722815043719,120.00316223748017
BRK-B,2012-03-14,80.77069244384765,2012-04-10,79.52039847564697,5053,78.85473234839189,0.9579800477278821,1.915960095455759,-6317.735421318034,-6560.720686042896,-0.652567854187624,trailing_stop,27,-0.652567854187624,122.44029267562865,120.54497204923325
ROP,2012-03-15,91.00956559214836,2012-04-10,88.7357436194529,4474,87.95915752247505,1.5252040348366545,3.05040806967331,-10173.07950583948,-10414.333659863292,-0.7454156692350273,stop_loss,26,-0.7454156692350273,122.15303893778152,119.10111508602971
MSFT,2012-01-09,21.892367928904147,2012-04-11,23.858489754988508,35124,21.10175764976424,0.39530513956995283,0.790610279139905,69058.0630193871,68575.97708180039,2.4868407076913805,trailing_stop,93,2.4868407076913805,230.68425934044876,251.4016782462649
AWK,2012-01-27,24.523869694876268,2012-04-11,24.547129297627283,31534,23.677012367172548,0.42342866385186023,0.8468573277037201,733.4683131505005,269.24684848161843,0.02746578672712667,trailing_stop,75,0.02746578672712667,232.0007120874685,232.2207525814136
FISV,2012-02-06,16.328812499999998,2012-04-11,17.005476585388184,23988,15.77698105198464,0.27591572400767866,0.5518314480153581,16231.818080291807,15991.931202317719,1.2262151564971224,trailing_stop,65,1.2262151564971224,117.50866627499997,122.37821169908754
XLY,2012-02-08,17.97878197288513,2012-04-11,18.621076064089223,21807,17.52974644427055,0.2245177643072908,0.44903552861457996,14006.507246887653,13767.067315623965,1.430385905511259,trailing_stop,63,1.430385905511259,117.6189895448118,121.8209417188781
RL,2012-02-09,133.51959289817987,2012-04-11,133.3809322481088,5875,126.18951106642427,3.665040915877799,7.330081831755592,-814.6313191675603,-1285.043494737894,-0.01891665785644635,trailing_stop,62,-0.01891665785644635,235.328282483042,235.08389308729173
VUG,2012-02-15,9.895844019790934,2012-04-11,10.11367272112794,40053,9.684484356570996,0.105679831609969,0.2113596632199375,8724.692974651143,8484.260622443937,1.03060677718027,trailing_stop,56,1.03060677718027,118.90747215740588,121.52488004980123
ICE,2012-02-24,23.934617977766,2012-04-11,22.858690842280478,33287,22.84223120681528,0.5461933854753592,1.0923867709507178,-35814.38655890655,-36281.66922011442,-0.9849324104768578,stop_loss,47,-0.9849324104768578,239.01348858776902,228.2691726200971
AAPL,2012-01-26,13.435271919921137,2012-04-17,17.31348566373099,57673,12.968492069150392,0.23338992538537298,0.46677985077074524,223668.22124674567,223136.2093179091,8.308442914590595,trailing_stop,82,8.308442914590595,232.45573123128352,299.5561976053072
MAT,2012-02-01,23.40602142162772,2012-04-17,24.328430612174394,33169,22.415817557760167,0.49510193193377583,0.9902038638675528,30595.390441242616,30120.399229389863,0.9315346306001213,trailing_stop,76,0.9315346306001213,232.90629736019093,242.0849144925637
QCOM,2012-02-02,41.818315665667114,2012-04-20,43.12043134575553,9323,40.26554037740552,0.776387644130797,1.5527752882615928,12139.624485464274,11902.059303948025,0.8385731598975885,trailing_stop,78,0.8385731598975885,116.96164708530438,120.60353443094364
XLK,2012-01-24,11.122919713613262,2012-04-24,12.07234593573398,34721,10.823829788020591,0.14954496279633545,0.29908992559267134,32965.02785825342,32723.41901267013,3.174383825330629,trailing_stop,91,3.174383825330629,115.85966861290983,125.74917697038585
VRSN,2012-04-12,39.09654758343817,2012-05-07,39.86473074102087,20781,37.95672152554753,0.5699130289453238,1.1398260578906445,15963.61419772604,15471.345900267865,0.6739477065512022,trailing_stop,25,0.6739477065512022,243.7396065994286,248.52869085874642
WAB,2012-04-18,36.767132997244026,2012-05-08,35.352586159309,22133,34.9022550118076,0.932438992718215,1.8648779854364292,-31308.16516401597,-31787.032887243564,-0.7585197793001923,trailing_stop,20,-0.7585197793001923,244.13008638840063,234.7376368391958
VCIT,2012-05-07,51.727243194580076,2012-05-11,51.57539272996279,7935,51.39892522444192,0.16415898506907953,0.32831797013815844,-1204.9334367381398,-1450.845361556514,-0.4625103662567821,stop_loss,4,-0.4625103662567821,123.13670242469786,122.77522239367643
MA,2012-02-06,36.24644958711404,2012-05-15,38.19943271248841,10806,34.53655106814568,0.8549492594841828,1.709898518968366,21103.935652795404,20862.596991556555,1.1421631773519876,trailing_stop,99,1.1421631773519876,117.5037402715063,123.83492096734494
AXP,2012-03-15,46.10204752059829,2012-05-15,48.11275170682614,8832,44.44003530236319,0.8310061091175504,1.6620122182350983,17758.539372764353,17508.90784073137,1.2098010857964858,trailing_stop,61,1.2098010857964858,122.15198511057721,127.47954692240653
PNC,2012-04-23,42.41857297449143,2012-05-15,42.07152445201994,19205,40.79962502049148,0.8094739769999751,1.6189479539999496,-6665.06687406495,-7151.856570387795,-0.21436669512076237,trailing_stop,22,-0.21436669512076237,244.39460819253242,242.39508813031287
SPG,2012-04-17,73.72965839424434,2012-05-17,74.55358263216674,10952,71.4827515253267,1.1234534344588174,2.246906868917634,9023.618253726105,8536.418837009729,0.36669265171604276,trailing_stop,30,0.36669265171604276,242.24616562012918,244.95325109624704
BRO,2012-04-20,11.418392518204604,2012-05-17,11.275221492330399,71148,11.00068789987729,0.20885230916365694,0.4177046183273134,-10186.332148897916,-10670.71372378438,-0.34275662655473893,trailing_stop,27,-0.34275662655473893,243.71873726556632,240.66283762089694
CCI,2012-01-04,27.508844218033506,2012-05-18,32.47102513548458,28031,26.47807379554103,0.5153852112462383,1.030770422492477,139094.89329707107,138590.50458171652,4.814050548183333,trailing_stop,135,4.814050548183333,231.33012368270917,273.0585916718305
AZO,2012-01-18,344.3139712219238,2012-05-18,369.5400936584473,2238,332.7620495079592,5.775960856982301,11.551921713964589,56456.06201293958,55976.7803937789,2.1837165331573183,trailing_stop,121,2.1837165331573183,231.1724002783996,248.1092188822815
CB,2012-02-06,55.47319998085168,2012-05-18,56.22632102271975,7061,53.36089552652184,1.056152227164922,2.112304454329845,5317.787676630443,5081.174581288577,0.35654000554906146,trailing_stop,102,0.35654000554906146,117.50887951943811,119.10421582242725
MCK,2012-04-13,82.31977928744739,2012-05-18,79.60652960374128,9929,79.80703570399618,1.2563717917256028,2.5127435834512113,-26939.856109517965,-27422.186005812146,-1.0797956869039167,stop_loss,35,-1.0797956869039167,245.2059265635195,237.12396973066413
PPG,2012-04-20,39.41017484586336,2012-05-18,38.91332101766222,20614,37.856166705045645,0.7770040704088582,1.5540081408177144,-10242.14481453829,-10726.512977657503,-0.31972408325975465,trailing_stop,28,-0.31972408325975465,243.72040328178815,240.64775983742672
EG,2012-04-27,74.55559840961199,2012-05-18,73.5354725109175,5559,72.29554791889097,1.130025245360509,2.2600504907210137,-5670.879870842658,-5917.851349816825,-0.4513730568776106,trailing_stop,21,-0.4513730568776106,124.33637146770991,122.63510750645712
ECL,2012-05-08,55.4478486470343,2012-05-18,53.99281182379287,14848,53.88027088493958,0.7837888810473606,1.5675777620947215,-21604.38675148873,-22091.879229489983,-0.9282071093539201,stop_loss,10,-0.9282071093539201,246.98689701334956,240.50558098790296
V,2012-02-03,24.076701884185844,2012-05-21,25.583663940210702,32410,23.11629500719192,0.4802034384969633,0.9604068769939254,48840.640235765626,48357.792498855015,1.569087115183567,trailing_stop,108,1.569087115183567,234.09777241993896,248.74996449066867
FNF,2012-04-16,6.481935396081025,2012-05-21,6.493487763834696,125776,6.254275041823685,0.11383017712867008,0.2276603542573401,1453.0106065857335,963.4115595772656,0.05074387146306838,trailing_stop,35,0.05074387146306838,244.5815719132461,245.0174750952218
TRV,2012-04-20,45.118989217386016,2012-05-21,45.31977583117391,9002,43.687089997951894,0.7159496097170603,1.431899219434122,1807.4810973185915,1563.2421684284507,0.1402239843857449,trailing_stop,31,0.1402239843857449,121.84834228047268,122.39058660966826
CL,2012-05-16,36.585657366076454,2012-05-21,35.73645588122938,22305,35.79977467273185,0.3929413466723016,0.7858826933446039,-18941.439119513932,-19425.38254030828,-1.0805702836297262,stop_loss,5,-1.0805702836297262,244.81292626510057,239.1304945292464
PNW,2012-05-11,28.159980348814045,2012-05-22,27.861594433721436,29221,27.47705552045491,0.3414624141795669,0.682924828359134,-8719.134824921139,-9210.23675593728,-0.4369235129575568,stop_loss,11,-0.4369235129575568,246.85883573180857,244.24309528433224
DRI,2012-05-17,30.576982534833622,2012-05-22,30.051434368487474,26659,29.244925761210524,0.6660283868115491,1.3320567736230977,-14010.588566621962,-14495.476456489654,-0.39453886407310945,stop_loss,5,-0.39453886407310945,244.54553321883887,240.34235664885225
WRB,2012-04-18,8.12393533784369,2012-06-05,8.122905860418722,50085,7.88481143322766,0.11956195230801517,0.23912390461603028,-51.5613768295198,-295.6782892540117,-0.0043052049799078805,trailing_stop,48,-0.0043052049799078805,122.06619041877038,122.05072200572151
DG,2012-06-01,41.776353396161184,2012-06-06,41.038487835043405,19246,40.04615613366402,0.8650986312485818,1.730197262497164,-14200.960589272778,-14679.116919573506,-0.42646325775179555,stop_loss,5,-0.42646325775179555,241.20830923875542,236.9480210619736
BND,2012-04-16,56.152208526762976,2012-06-07,56.53313563643532,14518,55.83630526084161,0.15795163296068018,0.31590326592136364,5530.299778223063,5039.51003025467,1.2058346676515987,trailing_stop,52,1.2058346676515987,244.56532901746345,246.22441895093039
TLT,2012-05-18,83.69753892315302,2012-06-07,84.63986532708148,4788,81.99746969867135,0.8500346122408347,1.7000692244816662,4511.858822009475,4270.058974544439,0.5542870786427933,trailing_stop,20,0.5542870786427933,120.223144909217,121.57670255581984
IEF,2012-06-01,80.69568556048843,2012-06-07,79.4415893095923,4981,80.01718120462563,0.339252177931399,0.678504355862799,-6246.653425713603,-6485.946555551965,-1.8483245392012158,stop_loss,6,-1.8483245392012158,120.58356293303785,118.70956690532378
LQD,2012-06-04,71.61345952460417,2012-06-07,70.94392952307179,5596,71.00333176382293,0.3050638803906179,0.6101277607812392,-3746.6898885751957,-3986.0152333084343,-1.0973603310150626,stop_loss,3,-1.0973603310150626,120.22467584990547,119.10066888333292
ED,2012-06-08,36.6128038809228,2012-06-21,36.587000615678356,10962,35.91240391147898,0.35019998472190805,0.700399969443815,-282.85539360956574,-523.5802706770883,-0.036840757238941056,trailing_stop,13,-0.036840757238941056,120.4048668428027,120.32001022471984
EFX,2012-06-15,41.34142482248174,2012-06-22,40.02604401650569,19587,39.753975486848425,0.793724667816657,1.5874493356333161,-25764.36384665285,-26242.487230297626,-0.8286127792867632,stop_loss,7,-0.8286127792867632,242.92634639938493,235.1970372453891
HSIC,2012-06-19,31.101657745361326,2012-06-22,30.134540571212767,13119,29.96326527532618,0.5691962350175738,1.1383924700351464,-12687.610207654941,-12928.617513369481,-0.849546355589211,stop_loss,3,-0.849546355589211,122.40679438841855,118.60051132612207
JBHT,2012-06-18,51.25539825436117,2012-06-26,50.04153150854923,7915,48.94105019173767,1.1571740313117487,2.3143480626234947,-9607.755293101516,-9848.284852823546,-0.5244961920014436,stop_loss,8,-0.5244961920014436,121.70594315498059,118.82361656705012
DLTR,2012-06-07,52.712659847259516,2012-06-28,52.347601524353024,15247,50.431177797902016,1.1407410246787493,2.2814820493575,-5566.044249355285,-6046.600390895177,-0.16000929001799427,trailing_stop,21,-0.16000929001799427,241.11297740734975,239.4431641325432
EBAY,2012-06-19,15.890039653742646,2012-06-29,15.46778449211519,51356,15.078690211329478,0.405674721206584,0.8113494424131673,-21685.336080539637,-22168.45980559004,-0.5204356342090504,stop_loss,10,-0.5204356342090504,244.81466293728218,238.30906211312032
BF-B,2012-06-27,20.227922717670506,2012-06-29,20.028946193898566,40102,19.535816993330588,0.34605286216995923,0.6921057243399176,-7979.356556302323,-8463.670843429845,-0.2874944055139981,stop_loss,2,-0.2874944055139981,243.35404704720682,240.96024008031608
DUK,2012-06-04,37.55110226622709,2012-07-06,37.906051451591146,21347,36.70840789970516,0.42134718326096604,0.8426943665219326,7577.100259966504,7093.865101842225,0.42120749759968623,trailing_stop,32,0.42120749759968623,240.48101402314492,242.75414410113487
HCA,2012-06-29,23.93473271073982,2012-07-09,22.860550078741742,33842,22.465776387161885,0.7344781617889673,1.4689563235779346,-36352.48863207894,-36827.58242012743,-0.7312556641450663,trailing_stop,10,-0.7312556641450663,242.9997673190571,232.09402072943337
IDXX,2012-06-20,47.02697954177856,2012-07-16,46.02892576217651,8691,45.082821866208796,0.972078837784881,1.9441576755697625,-8674.085398521378,-8916.71006042038,-0.5133605119294412,trailing_stop,26,-0.5133605119294412,122.61344375927924,120.01121813972283
DG,2012-06-18,44.89103122035042,2012-07-20,44.990786072995114,18075,42.99466608652253,0.9481825669139472,1.8963651338278922,1803.0689615528336,1315.6848072796674,0.052603188523791346,trailing_stop,32,0.052603188523791346,243.42161679235016,243.96253748081602
BIIB,2012-06-18,140.6104712219238,2012-07-24,142.37748426818848,2885,135.24783901369682,2.6813161041134985,5.362632208226984,5097.832638473601,4852.906562996909,0.3295047986982678,trailing_stop,36,0.3295047986982678,121.69836284257504,123.22771263411714
IT,2012-07-06,46.31627045822143,2012-07-24,44.5454101524353,17798,44.37833376327819,0.9689683474716201,1.9379366949432395,-31517.771722381534,-32002.918579834077,-0.9137864567025997,stop_loss,18,-0.9137864567025997,247.30109448462753,237.84576296791303
REG,2012-07-17,28.500376138611387,2012-07-24,27.64346876680332,14554,27.52772715312099,0.4863244927451986,0.9726489854903981,-12471.429889294603,-12716.565144920625,-0.8810037172619103,stop_loss,7,-0.8810037172619103,124.43834229640504,120.69691332961665
ECL,2012-06-08,56.151361115757396,2012-07-25,56.36188344005066,7148,54.319776699058345,0.9157922083495252,1.8315844166990516,1504.8135740482599,1263.540172422785,0.11494000624479885,trailing_stop,47,0.11494000624479885,120.41097877663016,120.86242284884464
JNJ,2012-06-18,44.50578790314856,2012-07-25,45.66528296850742,18232,43.464291963907414,0.5207479696205726,1.0414959392411447,21139.914031622757,20646.714342383148,1.1132977303816403,trailing_stop,37,1.1132977303816403,243.42885751506137,249.7708317245482
ABT,2012-07-10,23.986456312660515,2012-07-25,23.578670889061595,34347,23.42969439644846,0.2783809581060269,0.5567619162120536,-14006.205944352105,-14496.32177155137,-0.7324233424105232,stop_loss,15,-0.7324233424105232,247.15884449128524,242.95698270797956
IEF,2012-07-24,81.09702618154692,2012-07-30,80.44693086561847,10102,80.46764829255419,0.3146889444963694,0.6293778889927353,-6567.262881509238,-7056.837997736377,-1.032917309772154,stop_loss,6,-1.032917309772154,245.77264754579608,243.80246868134333
OKE,2012-07-30,18.06068078520863,2012-08-02,17.552745317756695,23187,17.40610786878508,0.3272864582117735,0.6545729164235468,-11777.49968380797,-12025.230237122807,-0.775979962976759,stop_loss,3,-0.775979962976759,125.63190160998974,122.09865170484734
SNA,2012-07-27,50.2748657602571,2012-08-03,49.15389580935596,8209,47.832223403171575,1.221321178542763,2.442642357085525,-9202.04232694747,-9446.905538064957,-0.4589169379010702,stop_loss,7,-0.4589169379010702,123.81191190778516,121.05129920970091
CHD,2012-02-08,19.25645713557348,2012-08-08,21.925050981607367,40720,18.565673891562042,0.3453916220057196,0.6907832440114383,108665.14141049984,108162.06810734037,3.8631421204387206,trailing_stop,182,3.8631421204387206,235.23688036816563,267.83642279131556
KMB,2012-04-23,44.67579413228356,2012-08-08,48.9268716628749,18235,43.85868786458457,0.40855313384949704,0.8171062676989962,77518.39877033305,77006.34538710063,5.202600565728791,trailing_stop,107,5.202600565728791,244.39893180065724,267.65445143175714
O,2012-06-07,20.039199444639863,2012-08-10,20.358667544834155,40108,19.41783049165622,0.3106844764918223,0.6213689529836444,12813.226562592683,12327.143267828535,0.5141359230458712,trailing_stop,64,0.5141359230458712,241.1196633976847,244.9636313664625
AEE,2012-06-12,20.895516184612596,2012-08-17,21.244378396415886,19209,20.334734823669255,0.2803906804716711,0.5607813609433414,6701.294226529398,6458.454656027305,0.62210022675582,trailing_stop,66,0.62210022675582,120.414591117067,122.42497938502582
PNW,2012-06-07,29.621420289811137,2012-08-21,30.654050385346128,13566,28.887289799708544,0.36706524505129756,0.7341304901025936,14008.659876027685,13763.35076547393,1.4066029261237771,trailing_stop,75,1.4066029261237771,120.55325629547336,124.75585425828169
T,2012-07-30,10.73592725914654,2012-08-22,10.558442588705761,78015,10.38810636641906,0.1739104463637397,0.34782089272747996,-13846.46656443731,-14344.85064354137,-0.5102760476779026,trailing_stop,23,-0.5102760476779026,251.26900953669517,247.11506956736397
AAPL,2012-08-21,20.187670720015618,2012-08-22,19.654782404874208,41094,19.552046137082968,0.3178122914663254,0.6356245829326497,-21898.51242242109,-22389.698153035355,-0.8383695808031297,stop_loss,1,-0.8383695808031297,248.87764217049656,242.3080884437702
MO,2012-03-09,12.707066034607376,2012-08-23,14.487525853022278,63490,12.415757837342632,0.1456540986323724,0.291308197264744,113041.39387116216,112523.41847947848,6.111945476071865,trailing_stop,167,6.111945476071865,242.03148676116672,275.94390492251534
DTE,2012-06-12,30.78393243381735,2012-08-24,31.041958391529754,13038,30.05591335604273,0.36400953888730897,0.7280190777746185,3364.1424366543406,3122.316647280078,0.35442197270589315,trailing_stop,73,0.35442197270589315,120.40827332163317,121.41751605262947
CPB,2012-08-14,22.17667980018758,2012-09-06,22.28628295673951,37288,21.51089977331519,0.3328900134361926,0.6657800268723868,4086.8825015083817,3589.5020149242923,0.16462367768346794,trailing_stop,23,0.16462367768346794,248.0772109168183,249.30327566727084
EQIX,2012-07-27,134.05581110763117,2012-09-13,154.301781977411,6157,124.72471346018412,4.66554882372353,9.331097647447052,124654.44264523438,124121.81733504699,2.169730897127524,trailing_stop,48,2.169730897127524,247.6144886969055,285.01082149047585
AMGN,2012-07-30,57.06384499623363,2012-09-17,55.76286486184723,7338,54.846123924179125,1.1088605360272494,2.217721072054502,-9546.592226127403,-9794.968945208982,-0.5866292884078379,trailing_stop,49,-0.5866292884078379,125.6203483747087,122.7563707068705
VRSN,2012-07-30,44.88461034721371,2012-09-19,46.271031129749765,18660,42.688256285930905,1.098177030641403,2.196354061282804,25870.611802122818,25360.322521134774,0.6312373796992925,trailing_stop,51,0.6312373796992925,251.26404872370236,259.0252322643392
KDP,2012-06-13,4.931022470274077,2012-09-24,5.001540069654413,163472,4.7734975378359215,0.07876246621907787,0.15752493243815557,11527.653005902319,11040.544246844162,0.4476599246155618,trailing_stop,103,0.4476599246155618,241.82523157819313,245.28352747996385
DOC,2012-06-15,18.690831165263614,2012-09-26,19.505841128650555,21662,18.003357029070838,0.34373706809638865,0.6874741361927761,17654.74582688793,17406.5209323187,1.1855136367754249,trailing_stop,103,1.1855136367754249,121.4642354105821,126.76065915864851
KIM,2012-08-22,10.63319240364909,2012-09-26,10.60671572313951,38711,10.308734691898255,0.16222885587541733,0.32445771175083493,-1024.93877920635,-1271.6042042551842,-0.08160287011428025,trailing_stop,35,-0.08160287011428025,123.48645334129799,123.17897170753606
PSKY,2012-08-06,27.263797680473896,2012-09-27,27.759966862304736,15259,25.901253957057104,0.6812718617083953,1.3625437234167919,7571.045545556792,7319.163258609314,0.3641491816399244,trailing_stop,52,0.3641491816399244,124.80548664190536,127.07680030557239
PWR,2012-09-14,25.19973289800866,2012-09-27,24.365610022436005,33845,24.202353196929767,0.498689850539445,0.9973797010788914,-28230.888723756452,-28734.15043309919,-0.8363142689492888,stop_loss,13,-0.8363142689492888,255.86548797993092,247.39622136280397
WFC,2012-09-17,24.360926059695117,2012-09-27,23.52161781273835,17452,23.590671492532042,0.3851272835815368,0.7702545671630752,-14647.607525889529,-14898.301372588041,-1.0896504645834497,stop_loss,10,-1.0896504645834497,127.54406447813975,123.14978222037288
SNPS,2012-08-24,33.02299168014526,2012-10-02,32.43753121948242,24837,31.862260146843102,0.5803657666510783,1.1607315333021582,-14541.081461482885,-15028.8343636603,-0.504389209619613,trailing_stop,39,-0.504389209619613,246.05761330793035,241.69528886948544
MDLZ,2012-10-02,21.169523335983705,2012-10-03,20.948809952238122,40088,20.503298450605534,0.3331124426890857,0.6662248853781705,-8847.958127592923,-9354.490051050394,-0.33128961194582046,stop_loss,1,-0.33128961194582046,254.5931554478744,251.93876800959654
COST,2012-06-29,68.34030470501378,2012-10-15,71.73561586938764,11852,66.3296472772244,1.0053287138946916,2.0106574277893827,40241.22792015905,39743.17397696471,1.6886572110430766,trailing_stop,108,1.6886572110430766,242.990787409147,255.06315578519468
FITB,2012-08-23,9.449000871489268,2012-10-15,9.87693724984447,87305,9.090702723301527,0.17914907409387074,0.35829814818774075,37360.985512300926,36854.810203996014,1.194358331238074,trailing_stop,53,1.194358331238074,247.4835063256112,258.69180197930143
FLG,2012-10-03,21.28917552818565,2012-10-17,21.099096535770393,39870,20.60419929512508,0.342488116530283,0.6849762330605671,-7578.449427596237,-8085.455549753215,-0.2774972082840841,trailing_stop,14,-0.2774972082840841,254.63982849262854,252.3662936643497
ABT,2012-10-16,26.72679867902039,2012-10-18,24.446305081846322,16157,26.01914607948343,0.35382629976847957,0.70765259953696,-36845.93504954142,-37093.976200780715,-3.2226174236712604,stop_loss,2,-3.2226174236712604,129.54746587707973,118.49368536221732
DRI,2012-09-24,32.64975654586774,2012-10-22,31.440753086810066,26103,31.425006394688314,0.6123750755897132,1.2247501511794248,-31558.617291782433,-32060.50366366497,-0.987142935147558,stop_loss,28,-0.987142935147558,255.67697853503566,246.2093933475009
IBB,2012-01-11,35.70631136761577,2012-10-23,44.38571056619249,21562,34.566171917565214,0.570069725025279,1.1401394500505546,187145.20551971134,186627.1222666303,7.6125768634633895,trailing_stop,286,7.6125768634633895,230.9698457125594,287.1134073684728
PEP,2012-05-16,44.58003313467634,2012-10-23,45.702818766421146,18305,43.60741337192349,0.48630988137642434,0.9726197627528492,20552.590989088643,20056.802707873765,1.1543931911962533,trailing_stop,160,1.1543931911962533,244.81125195907512,250.9770292558017
ACN,2012-10-01,54.63559146201919,2012-10-24,52.985866326831704,15520,52.71765114520352,0.9589701584078378,1.917940316815674,-25603.734098109813,-26104.819605574703,-0.8601545734887625,stop_loss,23,-0.8601545734887625,254.38331384716136,246.7021936177284
AEP,2012-08-10,26.366871286118673,2012-10-25,26.794183570700184,31332,25.665706358242446,0.3505824639381131,0.7011649278762278,13388.5485005079,12888.855849275747,0.6094319147932934,trailing_stop,76,0.6094319147932934,247.83804334100108,251.85460789115345
EMB,2012-10-01,63.873341721980744,2012-10-26,64.20306343560725,13275,63.508918508362285,0.18221160680923004,0.3644232136184584,4377.05574839185,3866.991464851756,0.9047769222838662,trailing_stop,25,0.9047769222838662,254.3755834077883,255.68870013230583
ALL,2012-08-02,26.89678040861262,2012-11-01,30.33751661111726,15373,25.816194163895258,0.5402931223586817,1.080586244717363,52894.4376411038,52630.478786678505,3.1841384427437287,trailing_stop,91,3.1841384427437287,124.04526156648055,139.9135928588117
LLY,2012-09-06,34.7520017350101,2012-11-01,36.87758052981041,23887,33.645854411828836,0.5530736615906295,1.1061473231812613,50773.70067139505,50260.39592192712,1.9216055133480616,trailing_stop,56,1.9216055133480616,249.03631963325586,264.2684298346744
WRB,2012-10-24,8.724599244730264,2012-11-01,8.48894219932701,97537,8.475514123135893,0.12454256079718584,0.24908512159437102,-22985.281237497213,-23488.96839504592,-0.9460904123651993,stop_loss,8,-0.9460904123651993,255.29137095997675,248.3957865887276
RNR,2012-10-24,72.35046430579338,2012-11-01,72.13518609474939,11761,70.6399834080361,0.8552404488786358,1.7104808977572787,-2531.8870400884175,-3041.6757603966525,-0.1258582959483847,stop_loss,8,-0.1258582959483847,255.2741432101308,254.51457709810427
WMT,2012-06-11,17.35931776141888,2012-11-05,18.505864410164012,46459,16.89669179364522,0.23131298388682858,0.4626259677736577,53267.410754050135,52767.53260449727,2.4783447722633833,trailing_stop,147,2.4783447722633833,241.9489631633279,257.9291863895429
LQD,2012-09-26,75.1056230756428,2012-11-07,75.90577367137838,11269,74.46563760050269,0.31999273757005137,0.639985475140108,9016.897063344335,8506.37283436168,1.25026368068809,trailing_stop,42,1.25026368068809,253.9095799318256,256.6146490508289
MRK,2012-06-25,24.671670220262367,2012-11-08,27.721799136305524,32757,24.08908838860451,0.291290915828929,0.5825818316578584,99913.07290282569,99398.19704011176,5.235537310463969,trailing_stop,136,5.235537310463969,242.45097042154032,272.424892292388
MAT,2012-10-17,29.442104907313766,2012-11-08,28.380672028373805,29526,28.50892441850167,0.4665902444060466,0.9331804888120949,-31339.867183581282,-31852.049777122214,-1.1374357818937326,trailing_stop,22,-1.1374357818937326,260.7922768480039,251.39031669292947
PG,2012-10-26,47.572309303605955,2012-11-08,46.27908907818087,17846,46.43445125587062,0.5689290238676692,1.1378580477353353,-23078.808142936123,-23581.26975959253,-1.1365391561794271,stop_loss,13,-1.1365391561794271,254.69262954964555,247.76898710676474
AME,2012-11-02,34.174222185288116,2012-11-08,32.96327798375759,25078,32.75571485706683,0.7092536641106437,1.4185073282212883,-30368.058685982465,-30873.160954754265,-0.8536749704698142,stop_loss,6,-0.8536749704698142,257.1063431887966,247.99592558300188
COF,2012-10-22,48.20016576569301,2012-11-09,45.702252651705095,17888,46.291781124989356,0.9541923203518264,1.9083846407036518,-44682.66978301579,-45186.58772121091,-1.3089149119681096,stop_loss,18,-1.3089149119681096,258.661369565015,245.25656863011025
IFF,2012-10-23,46.72439114393129,2012-11-09,45.918851436830195,18382,45.3253811960777,0.6995049739267973,1.3990099478535925,-14807.43089593237,-15318.321321468236,-0.5757926942099183,trailing_stop,17,-0.5757926942099183,257.6663274023235,253.22409813354378
VRSK,2012-11-01,48.66872007104325,2012-11-13,46.71433468296688,17420,46.67042521893912,0.9991474260520643,1.9982948521041308,-34045.39346029045,-34543.865304434905,-0.9780265339814488,stop_loss,12,-0.9780265339814488,254.34273109127204,244.12911305318494
IRM,2012-10-18,14.746971332790917,2012-11-14,14.704386269555112,59077,14.223142663589384,0.26191433460076674,0.5238286692015333,-2515.7977807816465,-3037.7671367037856,-0.0812957857016816,trailing_stop,27,-0.0812957857016816,261.3620476281867,260.60730829395226
BNY,2012-10-18,17.980339993535928,2012-11-15,17.09632917897388,48453,17.28245787116539,0.3489410611852692,0.6978821223705367,-42832.975997974994,-43342.84695339968,-1.2667050583833255,stop_loss,28,-1.2667050583833255,261.3604241120389,248.51053131264644
WSM,2012-08-23,15.589690025260918,2012-11-16,15.86720527427657,52916,14.811367933562325,0.3891610458492963,0.7783220916985929,14684.996916912232,14185.624995411135,0.3565557909451198,trailing_stop,85,0.3565557909451198,247.48321121301203,251.8887102880857
PWR,2012-11-07,25.5727738483237,2012-11-16,24.4929765022251,16720,24.432217598138283,0.5702781250927077,1.1405562501854156,-18054.211626768556,-18305.341430526907,-0.9467287088410234,stop_loss,9,-0.9467287088410234,128.27303362319168,122.8567701351611
EFX,2012-11-14,44.5714914127631,2012-11-16,43.236242494302694,18873,43.112562753862704,0.7294643294501981,1.4589286589003976,-25200.152838103284,-25697.311446711697,-0.9152256419904675,stop_loss,2,-0.9152256419904675,252.3593272299234,244.79928137849242
EXR,2012-11-08,21.617067747401087,2012-11-19,21.21328760164683,39031,20.92495192250452,0.3460579124482846,0.6921158248965682,-15759.942868934437,-16261.456348823043,-0.5833996727565071,stop_loss,11,-0.5833996727565071,253.12073137464355,248.39274851396323
HRL,2012-11-20,11.247231581454196,2012-11-21,10.804732573840921,74363,10.928528448001568,0.15935156672631418,0.3187031334526278,-32905.553703145975,-33397.50876629003,-1.3884363257415175,stop_loss,1,-1.3884363257415175,250.9133646275035,241.0416985165597
BAX,2012-11-05,27.28335887193948,2012-12-05,27.810803565580933,31078,26.496664022527195,0.3933474247061429,0.7866948494122852,16391.92618898907,15878.261274919092,0.6704565233082306,trailing_stop,30,0.6704565233082306,254.37366810664054,259.29124596333725
ROP,2012-11-21,104.15637735287402,2012-12-05,100.6589763692551,8029,100.54755839502965,1.8044094789221816,3.6088189578443632,-28080.632497476283,-28573.971239986775,-0.9691261946007956,stop_loss,14,-0.9691261946007956,250.88146612986765,242.45727638062476
BF-B,2012-11-28,21.752948163975365,2012-12-11,20.67590387945802,38604,21.017022291497398,0.36796293623898385,0.7359258724779671,-41578.21755950761,-42069.59458079302,-1.4635227878193549,stop_loss,13,-1.4635227878193549,251.9252432766315,239.45177800877923
CAG,2012-11-28,14.25237317500698,2012-12-24,14.343900720796915,58920,13.881456480131854,0.18545834743756276,0.3709166948751257,5392.802997942979,4887.33526056075,0.24676038327352506,trailing_stop,26,0.24676038327352506,251.92494824142335,253.54278914080626
CLX,2012-12-03,51.41264059426327,2012-12-24,49.6588706228706,16482,50.15924242734529,0.6266990834589926,1.2533981669179823,-28905.636668494008,-29405.394862858248,-1.3992121719030977,stop_loss,21,-1.3992121719030977,254.2149426823942,245.54325168184602
XLY,2012-12-19,20.68401849719099,2012-12-24,20.251123014318267,20643,20.21499932928093,0.23450958395503146,0.46901916791006215,-8936.26145294163,-9189.768690808254,-0.9229803651771739,stop_loss,5,-0.9229803651771739,128.09405815125407,125.4131797153716
CPB,2012-11-14,23.70127033146638,2012-12-27,23.0246735046514,35491,23.06805313713587,0.3166085971652553,0.6332171943305092,-24013.097980490424,-24510.60312229672,-1.0685067191366062,stop_loss,43,-1.0685067191366062,252.354535600222,245.15060620607483
HD,2012-08-15,39.64531396923065,2012-12-31,44.07861154291077,20862,38.19006151917103,0.7276262250298086,1.4552524500596178,92487.4539821147,91963.45942190442,3.046411344985883,trailing_stop,138,3.046411344985883,248.12416200782695,275.8703982024614
AON,2012-11-21,50.01972712624123,2012-12-31,48.5945393698054,16719,48.55763888934479,0.7310441184482197,1.4620882368964416,-23827.714099850564,-24322.33367631478,-0.9747617964980386,trailing_stop,40,-0.9747617964980386,250.88394534708814,243.73563111713295
KR,2012-11-30,10.09651939013999,2012-12-31,9.925314633818653,83596,9.772372741770365,0.1620733241848125,0.32414664836962537,-14312.032809438528,-14814.156380558581,-0.5281706819504491,trailing_stop,31,-0.5281706819504491,253.20859048144277,248.9149806386112
ADI,2013-01-03,32.70626051642248,2013-01-08,31.899768082371654,26283,31.555532429913846,0.5753640432543174,1.1507280865086358,-21197.040644157903,-21706.452719056535,-0.7008540449358149,stop_loss,5,-0.7008540449358149,257.8855935459396,251.5264813526923
CCI,2013-01-03,45.83788387309735,2013-01-09,44.53169207341887,18753,44.32328333526238,0.7573002689174823,1.5146005378349656,-24495.014819370535,-25003.42501668804,-0.8624001953317711,stop_loss,6,-0.8624001953317711,257.87935088165835,250.53084643584722
COF,2013-01-08,49.30480552997016,2013-01-22,44.773092308312506,17441,47.30247502655659,1.0011652517067828,2.0023305034135674,-79037.61029893115,-79529.8540837904,-2.263219390571138,stop_loss,14,-2.263219390571138,257.9775339744629,234.26625088478355
ASH,2013-01-03,33.42821473021189,2013-01-30,31.6880446384684,25715,32.03069769567926,0.698758517266318,1.3975170345326333,-44748.47390918385,-45250.813292083534,-1.245187034393072,stop_loss,27,-1.245187034393072,257.8819625362196,244.45742036346448
BALL,2012-11-20,19.389558309884677,2013-02-01,19.446353991616245,43135,18.769383541561044,0.31008738416181675,0.6201747683236327,2449.8817314911958,1947.3256083536232,0.09158012326926837,trailing_stop,73,0.09158012326926837,250.91057930906265,251.64554382851003
RVTY,2013-01-10,32.83238404918913,2013-02-04,31.855786794003468,26318,31.583575769389963,0.6244041398995843,1.2488082797991673,-25702.086561976274,-26212.825546051616,-0.7820233665833146,trailing_stop,25,-0.7820233665833146,259.2248050219678,251.514179053375
FISV,2012-12-06,19.949930305480954,2013-02-05,20.162318338394165,42056,19.446544650358614,0.2516928275611702,0.5033856551223401,8932.191112197987,8426.102893507943,0.421919120562927,trailing_stop,61,0.421919120562927,251.7042806781921,254.38393801185154
PWR,2012-12-11,26.43664612208332,2013-02-05,27.706449899330647,31817,25.34058724797984,0.5480294370517402,1.0960588741034805,40401.34678067816,39884.54551484417,1.1585178563386564,trailing_stop,56,1.1585178563386564,252.34043089989748,264.460834934101
RNR,2013-02-01,76.58618451426767,2013-02-08,74.88052089981157,11318,74.61692675096472,0.9846288816514746,1.9692577633029487,-19304.700788414135,-19818.9908399771,-0.8661454311574052,stop_loss,7,-0.8661454311574052,260.04073089974446,254.2493206632202
SBAC,2012-06-28,52.43209229225741,2013-02-14,61.10927005329056,15496,50.44852828761603,0.9917820023206888,1.98356400464138,134461.54658496968,133933.7154996977,4.374538830473457,trailing_stop,231,4.374538830473457,243.74631064824624,284.08477462373713
PSA,2013-02-05,95.04847192610843,2013-02-19,91.05020857636777,9114,93.01975758206092,1.014357172023759,2.028714344047515,-36440.17216953645,-36949.00318176632,-1.970836042773612,stop_loss,14,-1.970836042773612,259.8815319403657,248.94948028950478
GPC,2013-01-30,46.32110023474978,2013-02-20,46.560194666084044,18897,45.0772259018496,0.6219371664500891,1.2438743329001767,4518.167468923621,3991.614120001304,0.19221751346601149,trailing_stop,21,0.19221751346601149,262.59894934082,263.95439958149706
PPG,2012-07-20,43.25141577172369,2013-02-21,51.75165139237194,19188,41.245307169317094,1.0030543012032989,2.0061086024065986,163102.52108899856,162555.64543317517,4.237176197964091,trailing_stop,216,4.237176197964091,248.97244974835027,297.90320607504987
EXR,2012-11-23,22.045729944672583,2013-02-21,23.556639524910075,38013,21.299196109598576,0.37326691753700414,0.7465338350740076,57434.20587356777,56914.161012373595,2.023899667036133,trailing_stop,90,2.023899667036133,251.40729971605168,268.637561478122
EBAY,2012-11-27,19.03152495173865,2013-02-26,19.99765546292565,44252,18.123255176475443,0.45413488763160326,0.9082697752632072,42753.20738104713,42235.07159353421,1.0637043502928691,trailing_stop,91,1.0637043502928691,252.65491264930162,265.4808748636157
PH,2013-01-22,74.79125515597578,2013-02-26,73.67444127448437,11697,72.01559382504634,1.3878306654647221,2.775661330929438,-13063.371971805025,-13584.352947149153,-0.40235956348372004,trailing_stop,35,-0.40235956348372004,262.4499934678346,258.5309818762931
IFF,2013-02-08,54.12777046215362,2013-02-26,52.447759453752596,16117,52.623526839098105,0.7521218115277578,1.5042436230555154,-27076.737422399307,-27592.040767095703,-1.116847685209713,stop_loss,18,-1.116847685209713,261.71318296155897,253.59016173483914
WELL,2013-02-21,38.16411008427242,2013-02-27,37.630457390699945,22848,37.400430488876005,0.3818397976982101,0.7636795953964182,-12192.896742743971,-12712.42302604442,-0.6987913475617534,stop_loss,6,-0.6987913475617534,261.5920761616369,257.9342071388137
FNF,2012-09-20,7.112835914586251,2013-03-19,8.662423717753333,119420,6.903736051889566,0.10454993134834241,0.2090998626966849,185051.77545421294,184486.61100262476,7.4107547617803835,trailing_stop,180,7.4107547617803835,254.82445947596702,310.3399921122309
AON,2013-02-21,51.85914813232861,2013-03-19,51.922738000365506,16814,50.49898584890347,0.6800811417125694,1.3601622834251401,1069.2000411723102,545.7034511417744,0.04675167721660495,trailing_stop,26,0.04675167721660495,261.587915009092,261.9086750214437
VTRS,2012-10-26,20.295635471746756,2013-04-04,22.93968878170842,41832,19.638101353950546,0.32876705889810504,0.6575341177962102,110606.0380623163,110063.45203706513,4.021165196451655,trailing_stop,160,4.021165196451655,254.7021069162331,287.88391833492796
ALK,2012-11-07,18.52980136030239,2013-04-04,25.899776905653578,46151,17.75768800031939,0.3860566799914996,0.772113359982999,340131.7413935027,339516.600553537,9.545198836493991,trailing_stop,148,9.545198836493991,256.5506587737947,358.5901811918455
RRC,2013-03-01,70.89477340896849,2013-04-04,70.93716015983199,12378,67.5528590335032,1.670957187732649,3.3419143754652936,524.6632021884012,-2.0154999259825104,0.012683374288306942,trailing_stop,34,0.012683374288306942,263.2606515768636,263.4180505375201
BRO,2013-03-19,13.625754643321054,2013-04-08,13.445200454774417,66355,13.238119092502764,0.19381777540914472,0.38763555081829004,-11980.67318101209,-12519.561148672326,-0.4657833580162887,trailing_stop,20,-0.4657833580162887,271.24108480727057,267.64688285296694
SYY,2013-03-20,24.072709638766714,2013-04-16,23.8876174816282,37496,23.493417135456383,0.2896462516551661,0.5792925033103309,-6940.215524065679,-7479.711651777578,-0.31951415922149057,trailing_stop,27,-0.31951415922149057,270.789096184559,268.70703152733927
XLY,2013-04-15,23.361000213845042,2013-04-16,22.99554314333996,19923,22.879006008451704,0.24099710269666996,0.48199420539333815,-7281.001215672712,-7558.069639664272,-0.7582188051552274,stop_loss,1,-0.7582188051552274,139.62636217813042,137.44206181342864
PGR,2013-02-14,16.44317978324169,2013-04-18,16.632454183740407,53661,15.971658875875997,0.2357604536828461,0.47152090736569185,10156.653605161702,9624.192126871036,0.4014125302654387,trailing_stop,63,0.4014125302654387,264.70724110455967,267.7542371861082
NOC,2013-04-08,57.16896113012638,2013-04-18,55.75857616711338,15855,55.60384420482782,0.7825584626492778,1.565116925298554,-22361.653588571025,-22898.79341972535,-0.9011371228663675,stop_loss,10,-0.9011371228663675,271.9241636154461,265.21566753887475
MSI,2012-11-02,42.90615437422735,2013-04-25,45.146372018859424,19974,41.2403029295601,0.8329257223336217,1.665851444667247,44746.10723388107,44218.47888522841,1.344788367416254,trailing_stop,174,1.344788367416254,257.1022582412451,270.5260904114095
T,2013-04-05,11.258699662913747,2013-04-25,11.293814052266034,80842,11.002572163735138,0.1280637495893041,0.2561274991786089,2838.717464017617,2291.7603698888483,0.1370973029639453,trailing_stop,20,0.1370973029639453,273.05273944478193,273.90435468398726
VRSK,2013-02-28,55.63502286113701,2013-05-02,56.981013383230945,15739,53.495678821531236,1.0696720198028882,2.139344039605774,21184.54482723644,20652.805688901408,0.629160386163025,stop_loss,63,0.629160386163025,262.69188744343063,269.04725089160155
EL,2013-04-22,58.894365731197,2013-05-03,60.07928682205924,7836,56.70866411494438,1.092850808126307,2.185701616252615,9285.04166799651,9005.358405574316,0.5421239029386759,stop_loss,11,0.5421239029386759,138.4488749608979,141.23438746129688
WTW,2013-05-02,86.05048038855794,2013-05-06,86.83510893334889,10741,83.69821981552279,1.1761302865175742,2.352260573035153,8427.695199599573,7870.605965127593,0.33356361696720166,trailing_stop,4,0.33356361696720166,277.2804629560502,279.8087715159301
DTE,2013-04-18,39.44814364337574,2013-05-10,38.42791870849831,23223,38.59846495541342,0.4248393439811579,0.8496786879623173,-23692.683662658463,-24235.238401457733,-1.2007185178718667,stop_loss,22,-1.2007185178718667,274.83127194903443,267.7234668502369
ADBE,2012-12-05,35.3352992362976,2013-05-23,42.6173398475647,23795,34.180045559497856,0.5776268383998722,1.1552536767997452,173276.15634510064,172719.69143100048,6.303412624870085,trailing_stop,169,6.303412624870085,252.2410335983104,304.2238805018406
VTR,2013-02-19,44.69192556793662,2013-05-24,50.26617435594375,19763,43.714494430258924,0.4887155688388475,0.9774311376776978,110163.87879738481,109600.88171874611,5.7029580633691666,trailing_stop,94,5.7029580633691666,264.9739574997394,298.0231211389549
CPT,2013-04-08,43.45901033395701,2013-05-24,43.17352692077252,20857,42.252439208681366,0.6032855626378211,1.2065711252756444,-5954.327548788989,-6496.395997645556,-0.23660719803755825,trailing_stop,46,-0.23660719803755825,271.9273735606024,270.1410752959657
UGI,2013-02-04,15.304407563254511,2013-05-30,16.497030151086992,57186,14.868858287055076,0.2177746380997178,0.43554927619943484,68201.31530778829,67655.7362026486,2.738203581094664,trailing_stop,115,2.738203581094664,262.5593552736817,283.01974986601823
XLP,2013-04-17,28.826537815004542,2013-05-30,29.037958233549954,16032,28.308902454616113,0.25881768019421375,0.5176353603884287,3389.492150120046,3111.1870699249184,0.4084350388790367,trailing_stop,43,0.4084350388790367,138.64411627504586,139.66096392008188
KO,2013-04-18,28.37440050557792,2013-05-30,27.657766485843652,16143,27.520288718640057,0.42705589346893175,0.8541117869378638,-11568.622980570295,-11839.98116209305,-0.8390400772989253,trailing_stop,42,-0.8390400772989253,137.41438420846333,133.94379731429223
SPG,2013-04-08,84.15222522738875,2013-05-31,86.39493897987373,10771,82.2544710127716,0.9488771073085742,1.8977542146171515,24156.269828015655,23605.18077631273,1.181772505212122,trailing_stop,53,1.181772505212122,271.9210853772613,279.167966325666
CCK,2013-04-25,39.726747792457644,2013-05-31,40.071652564296336,11614,38.38309756105681,0.6718251157004173,1.3436502314008365,4005.7240201345708,3727.6904336115686,0.2566923770623759,trailing_stop,36,0.2566923770623759,138.41593465848092,139.6176518645213
CMCSA,2012-06-18,10.580171555347292,2013-06-03,13.926489227329366,38346,10.210396188149131,0.18488768359908037,0.3697753671981605,128317.89744982462,128035.97772551287,9.049595967783333,trailing_stop,350,9.049595967783333,121.71217753840418,160.2075467733516
FBIN,2013-05-06,28.451390541479235,2013-06-05,28.81715525099723,33073,26.820609670062133,0.8153904357085502,1.6307808714171017,12096.936237888707,11528.723453390336,0.22428807936663972,trailing_stop,30,0.22428807936663972,282.2918518135028,285.92093268486946
MAT,2013-02-05,31.111719339382006,2013-06-06,35.72200235630066,27844,30.020852733427965,0.5454333029770208,1.0908666059540408,128368.7203230831,127810.44487901471,4.2262573551663865,trailing_stop,121,4.2262573551663865,259.88241398572575,298.39303008265074
ECL,2013-02-28,66.94020391745102,2013-06-06,72.39097596879604,13081,64.77921176657352,1.080496075438742,2.1609921508774903,71301.54920364429,70754.77185441669,2.5223469919276162,trailing_stop,98,2.5223469919276162,262.69344223325305,284.0839069943463
STT,2013-05-29,47.60263272522101,2013-06-07,46.97387673564885,20072,45.92676572479256,0.8379335002142231,1.6758670004284468,-12620.39022269231,-13189.892132061883,-0.37518251114880236,stop_loss,9,-0.37518251114880236,286.6440132181908,282.8578961513831
BX,2013-01-03,8.083281761439007,2013-06-13,10.802314663777778,106346,7.706123980701015,0.1885788903689958,0.377157780737992,289158.273032119,288555.7507408882,7.209271666140325,trailing_stop,161,7.209271666140325,257.88740466059784,344.6348865702335
KEY,2013-06-11,6.758713933561451,2013-06-13,6.491257269049588,69966,6.502262451342162,0.12822574110964433,0.2564514822192887,-18712.872989236977,-18990.98723478554,-1.0429133113107276,stop_loss,2,-1.0429133113107276,141.86405372266813,136.25019182589705
SNPS,2013-06-10,37.037,2013-06-14,36.52344137191773,12737,35.930026465090506,0.553486767454747,1.1069735349094927,-6541.196245883901,-6822.278048410135,-0.4639303577607763,stop_loss,4,-0.4639303577607763,141.5220807,139.55972182623483
PEP,2013-02-20,50.23221728070638,2013-06-21,53.72775701765226,17573,49.208233122144165,0.5119920792811056,1.0239841585622145,61427.11979734994,60879.053208846424,3.41366583429767,trailing_stop,121,3.41366583429767,264.8192262821559,283.24736222136096
HSY,2013-02-28,60.46356958393169,2013-06-21,62.79707935239585,14482,58.994769327951836,0.7344001279899242,1.4688002559798505,33793.88846689798,33258.37025152922,1.5887182474021662,trailing_stop,113,1.5887182474021662,262.69002441434964,272.828190954419
GWW,2013-04-17,192.18237595478132,2013-06-21,204.12880885634684,4809,183.90624115981385,4.1380673974837405,8.276134794967476,57450.39582362856,56878.63767730154,1.443479739942112,trailing_stop,65,1.443479739942112,277.26151378996303,294.4966325370516
MMM,2013-05-10,61.421371070165215,2013-06-21,61.32332511425395,15337,59.852682287662745,0.7843443912512351,1.5686887825024698,-1503.7308258111084,-2068.491447425239,-0.06250185314314444,trailing_stop,42,-0.06250185314314444,282.60587043093716,282.1547511831938
MRK,2013-06-05,31.182979969452933,2013-06-21,30.02901626786214,30022,29.785219451864073,0.6988802587944298,1.3977605175888606,-34644.298249158805,-35195.6102144698,-0.8255804102847196,stop_loss,16,-0.8255804102847196,280.8526273928748,270.4593379181271
APD,2013-06-17,65.10132091554087,2013-06-21,63.39132740313316,14437,63.49104376754001,0.8051385740004278,1.6102771480008542,-24687.176338630055,-25243.690847763068,-1.0619249702019613,stop_loss,4,-1.0619249702019613,281.9603310172991,274.55417811571
ICE,2013-06-19,31.263624716213823,2013-06-21,29.67690899003878,30368,29.843210935786267,0.7102068902137784,1.4204137804275554,-48185.38317248372,-48740.57581076116,-1.1170799298338474,stop_loss,2,-1.1170799298338474,284.82412661459443,270.36851166284924
GE,2013-06-19,93.3994450453058,2013-06-21,91.55011378814957,10165,90.60354103812344,1.397952003591178,2.795904007182358,-18798.452228993006,-19362.45590865563,-0.6614430439691428,stop_loss,2,-0.6614430439691428,284.82160766566005,279.1820719969621
DOV,2013-05-24,42.32880854316508,2013-06-24,40.8894858886843,22361,40.81108550079477,0.758861521185157,1.5177230423703136,-32184.69387684479,-32742.947161381966,-0.9483434159587587,stop_loss,31,-0.9483434159587587,283.95434635011435,274.29893818706086
AIG,2013-05-06,33.66909441697387,2013-06-25,32.2472106715745,13974,31.921305764216502,0.8738943263786834,1.747788652757368,-19869.403458210796,-20145.737792403008,-0.8135329996313685,stop_loss,50,-0.8135329996313685,141.14757761483784,135.1867565773746
AMAT,2013-05-31,12.796577352224283,2013-06-25,12.712080615497685,74170,12.243928591698308,0.27632438026298695,0.5526487605259742,-6267.122963011746,-6834.7161114515275,-0.15289410338345694,trailing_stop,25,-0.15289410338345694,284.7366426643425,282.856505775439
SBUX,2013-06-10,25.49525463723074,2013-06-25,25.006420264777624,18503,24.699861458178876,0.39769658952593234,0.7953931790518638,-9044.902393500008,-9325.232140713566,-0.614582052408123,stop_loss,15,-0.614582052408123,141.52160896580412,138.8081382477541
COO,2013-06-10,29.999500700465422,2013-06-26,29.366771764883577,31450,28.777251991654104,0.6111243544056588,1.2222487088113176,-19899.325024049027,-20459.445804759594,-0.517676092451918,trailing_stop,16,-0.517676092451918,283.0452891088912,277.07549160167656
TDG,2013-06-24,75.81488041372813,2013-07-03,71.25101888568119,12187,72.43047885590406,1.6922007789120421,3.384401557824077,-55619.78044230809,-56157.46807673666,-1.3484988261798259,stop_loss,9,-1.3484988261798259,277.1867842806314,260.500850147939
UPS,2013-07-10,56.35492522814317,2013-07-15,53.73236110602683,8369,54.85156387240739,0.7516806778678916,1.5033613557357839,-21948.239137991684,-22224.635287790887,-1.7444668988666359,stop_loss,5,-1.7444668988666359,141.49031077029906,134.90583902890157
RGA,2013-07-02,54.38832799984267,2013-07-22,53.230700759131935,8540,52.65840552540344,0.8649612372196189,1.7299224744392347,-9886.136635669704,-10161.856587350196,-0.6691786815972723,stop_loss,20,-0.6691786815972723,139.34289633559692,136.377055344896
TT,2013-07-22,31.921722235211693,2013-07-24,30.897426412895552,14994,30.68303596084256,0.619343137184566,1.2386862743691331,-15358.291559808216,-15640.864654257133,-0.8269211046500197,stop_loss,2,-0.8269211046500197,143.59029095842925,138.98280349048676
CMCSA,2013-07-12,15.475820543074004,2013-07-31,15.382330658188486,61442,14.862724929230902,0.3065478069215509,0.6130956138431021,-5744.205507135977,-6313.001464968368,-0.15248826247424888,stop_loss,19,-0.15248826247424888,285.25960974226587,283.5363480901251
CME,2013-05-30,39.09212918532614,2013-08-02,41.90567864020768,24108,37.61167405116358,0.7402275670812772,1.480455134162554,67829.0502582843,67243.2417129669,1.9004624928894454,trailing_stop,64,1.9004624928894454,282.72991511995275,303.07863019743803
ADP,2013-07-15,48.1250140774178,2013-08-02,46.69781549063274,9876,46.86759834753662,0.6287078649405906,1.2574157298811812,-14095.013243089255,-14375.954322533476,-1.1350252369754612,stop_loss,18,-1.1350252369754612,142.58479170857348,138.35628773564667
MUR,2013-08-02,39.358354157007724,2013-08-08,38.80416551737417,12372,37.913823769639194,0.7222651936842654,1.4445303873685305,-6856.421849546297,-7146.5298575697325,-0.38364623166086853,stop_loss,6,-0.38364623166086853,146.0824672891499,144.02554073428598
KR,2013-07-03,14.018001658722723,2013-08-16,14.942920816545836,66116,13.45154046506734,0.2832305968276913,0.5664611936553818,61151.95503863299,60577.52093352053,1.632802331708899,trailing_stop,44,1.632802331708899,278.04425930043345,296.38984581202334
XLY,2013-07-09,25.388836931263235,2013-08-16,25.11338127790178,18495,24.718173121057383,0.33533190510292543,0.670663810205852,-5094.552308920105,-5374.763866653658,-0.41072091436826896,trailing_stop,38,-0.41072091436826896,140.86996171311407,139.341596020438
VB,2013-07-11,81.64494379933181,2013-08-16,81.06977062879456,5775,79.57278699476313,1.0360784022843375,2.072156804568678,-3321.625059852647,-3603.5283025993763,-0.27757222294621564,trailing_stop,36,-0.27757222294621564,141.44986513234238,140.45337761438657
CAG,2013-07-12,17.852189148515237,2013-08-16,17.134125654386644,53263,17.277854307889342,0.28716742031294806,0.5743348406258946,-38246.21588777125,-38805.25871337534,-1.2502523673229833,stop_loss,35,-1.2502523673229833,285.2583451852101,273.78448041887873
XBI,2013-07-15,38.693708670655134,2013-08-16,37.24872240458673,24566,37.004744717479696,0.8444819765877174,1.6889639531754383,-35497.53261223643,-36057.21314077475,-0.8555459477697386,trailing_stop,32,-0.8555459477697386,285.1648941609942,274.5156343773233
IBB,2013-07-15,63.07317328197266,2013-08-16,61.025229280065446,7535,60.53257433831964,1.2702994718265075,2.5405989436530163,-15431.25805437084,-15711.782493362325,-0.8060870870719021,trailing_stop,32,-0.8060870870719021,142.5769082038992,137.94753078758794
HRB,2013-07-15,19.22733486593236,2013-08-16,18.42685678517419,49438,18.348808128056667,0.4392633689378462,0.878526737875692,-39574.03535652232,-40132.49973457654,-0.9111596110253307,trailing_stop,32,-0.9111596110253307,285.1682943305892,273.29608372363253
VTV,2013-07-16,51.604068434071074,2013-08-16,50.73206711512179,9209,50.51682856857008,0.5436199327504994,1.0872398655009974,-8030.260146203988,-8312.984187885744,-0.8020321426932514,trailing_stop,31,-0.8020321426932514,142.56655986280816,140.15748181894696
AMG,2013-07-31,172.9711944338122,2013-08-16,170.2852357592818,2763,166.19182123751176,3.38968659815022,6.77937319630044,-7421.303817727527,-7705.829072714582,-0.396195724406522,trailing_stop,16,-0.396195724406522,143.37582306618694,141.14943192086866
AYI,2013-07-03,78.20385034795169,2013-08-20,80.81961305264862,11851,74.44782047710659,1.8780149354225493,3.756029870845097,30999.403813363362,30434.027693935208,0.6964169068518068,trailing_stop,48,0.6964169068518068,278.03814914207265,287.33797028608166
IJR,2013-07-09,39.23506302167891,2013-08-20,39.26053096039192,11968,38.12898748508786,0.5530377682955259,1.1060755365910495,304.80029051726524,22.969709884038167,0.023025496786141356,trailing_stop,42,0.023025496786141356,140.86957027303595,140.96101036019112
RTX,2013-07-24,49.20786434569209,2013-08-20,48.02777396426892,9732,47.7765480646842,0.7156581405039456,1.4313162810078879,-11484.639592010293,-11768.528761620055,-0.8244791155398496,trailing_stop,27,-0.8244791155398496,143.66728074368262,140.22188886607952
DHR,2013-07-10,27.012794044109583,2013-08-21,26.813098856742794,17461,26.12272273307462,0.44503565551748175,0.8900713110349621,-3486.8776666115014,-3768.8338413940364,-0.22435863833717576,trailing_stop,42,-0.22435863833717576,141.50111904125924,140.45505574127577
BRK-B,2013-01-03,93.2031106109619,2013-08-28,111.04884365844727,9223,90.95722575323882,1.1229424288615446,2.245884857723084,164591.19589695754,164026.0511646895,7.945969708161118,trailing_stop,237,7.945969708161118,257.8836867494705,307.26104551855775
FLG,2013-08-02,24.533767468292968,2013-08-28,23.452487397858132,39696,23.75836110059025,0.3877031838513588,0.7754063677027183,-42922.493675981255,-43493.95238793128,-1.394468907494691,stop_loss,26,-1.394468907494691,292.1677300264073,279.2909819236129
SWK,2013-08-13,63.15006275281718,2013-08-28,60.46155572053423,7672,60.99873720524442,1.0756627737863815,2.1513255475727604,-20626.225951674787,-20910.730452753054,-1.249697906165929,stop_loss,15,-1.249697906165929,145.346184431884,139.15831664638156
DD,2013-08-26,16.869745872827004,2013-08-29,16.252639197058066,56814,16.224003797091235,0.32287103786788496,0.6457420757357681,-35060.29867713641,-35624.84323274454,-0.9556550501464488,stop_loss,3,-0.9556550501464488,287.531322605638,277.0132330024971
KRE,2013-06-27,25.05356366772288,2013-09-03,26.282312533998244,18417,24.295869878779005,0.3788468944719372,0.7576937889438753,22629.867870193375,22346.232020591244,1.6216958409914866,trailing_stop,68,1.6216958409914866,138.4234446205357,145.2124049815937
CFR,2013-06-28,45.87505775788525,2013-09-13,47.934317331317985,10103,44.57939808817247,0.64782983485639,1.2956596697127836,20804.699470390904,20520.37263543304,1.5893522207797217,trailing_stop,77,1.5893522207797217,139.0427125583744,145.28412239949168
FIVE,2013-09-11,48.128081832885734,2013-09-19,46.2936601524353,20121,45.266574852326634,1.4307534902795507,2.861506980559099,-36910.39863234316,-37480.35659348916,-0.6410683926034009,stop_loss,8,-0.6410683926034009,290.51554036784813,279.4424207781452
ELV,2013-04-25,60.668304627171956,2013-09-20,68.68484731746531,15210,58.23137382478178,1.2184654011950906,2.4369308023901795,121931.61431936195,121341.37588703858,3.289606205654509,trailing_stop,148,3.289606205654509,276.82947401378567,313.4089583095942
CI,2013-06-12,63.38054088722029,2013-09-20,70.19797632731228,14759,60.947703337864255,1.216418774678019,2.4328375493560372,100618.5296603176,100027.08405964682,2.8022567482553584,trailing_stop,100,2.8022567482553584,280.6300208863453,310.81557978444056
LOW,2013-09-20,39.07791400792153,2013-09-24,37.50566388054659,25096,37.60056890609607,0.7386725509127265,1.4773451018254562,-39457.18919660139,-40033.771637808095,-1.0642402546515448,stop_loss,4,-1.0642402546515448,294.20979898283963,282.3726422238592
STZ,2013-09-05,47.36197311853321,2013-09-30,47.82441739789,20052,45.81077808702664,0.7755975157532842,1.5511950315065661,9272.932689662455,8700.32943887186,0.2981213000067797,trailing_stop,25,0.2981213000067797,284.91068549184837,287.69256529874707
TKR,2013-09-09,33.83128634139035,2013-09-30,32.53542451493359,28159,32.23391777608548,0.7986842826524393,1.5973685653048761,-36490.17317119604,-37050.81923449701,-0.8112478576348061,trailing_stop,21,-0.8112478576348061,285.7965576261633,274.84950567480445
TEL,2013-09-11,41.921608900764625,2013-09-30,40.94971417749607,23100,40.61874051750825,0.6514341916281874,1.3028683832563743,-22450.768107503623,-23025.06637643597,-0.7459653912541899,trailing_stop,19,-0.7459653912541899,290.51674968229884,283.7815192500478
EXPD,2013-09-10,37.103384395442,2013-10-04,36.40380211260216,25793,35.71271349631297,0.695335449564515,1.3906708991290273,-18044.325821288036,-18613.117079768628,-0.5030538017858774,trailing_stop,24,-0.5030538017858774,287.1022781134906,281.68898036710425
XLI,2013-09-17,37.186835491126075,2013-10-04,36.685490316885186,13192,36.38311164977141,0.4018619206773325,0.8037238413546675,-6613.7455385858075,-6906.102655203594,-0.6237779053510187,trailing_stop,17,-0.6237779053510187,147.17062013968058,145.18649647810483
AN,2013-09-10,51.75170076370239,2013-10-07,50.499449237823484,18492,49.7158185761962,1.017941093753095,2.035882187506189,-23156.635216552695,-23723.88369630116,-0.6150903689632568,trailing_stop,27,-0.6150903689632568,287.0977351567154,280.15074459174957
BKR,2013-09-10,26.300023706257747,2013-10-07,25.563486360718578,36389,25.383809013595794,0.45810734633097727,0.9162146926619528,-26801.857466824822,-27368.03584717298,-0.8038916549125047,stop_loss,27,-0.8038916549125047,287.1094687941039,279.0689115540565
ADBE,2013-09-19,52.1020492362976,2013-10-07,50.99894923782349,18917,50.32896671176014,0.8865412622687338,1.7730825245374646,-20867.342671134822,-21452.451147575306,-0.6221368623335085,stop_loss,18,-0.6221368623335085,295.68433962091257,289.4241368195721
TJX,2013-08-21,22.76384890520935,2013-10-09,23.0759706037656,41842,22.015117715516965,0.37436559484619275,0.7487311896923856,13059.796110990634,12484.387192622275,0.41686749911471555,trailing_stop,49,0.41686749911471555,285.7454897675309,289.66342860082807
FLS,2013-09-09,47.15026601736971,2013-10-09,48.0522363645155,20205,45.56808878493124,0.7910886162192333,1.5821772324384682,18224.31086408072,17647.240895892923,0.5700817384128739,trailing_stop,30,0.5700817384128739,285.80133746428646,291.2686307235107
DPZ,2013-10-01,59.122253798697635,2013-10-16,56.82135805752576,16324,57.187040965197134,0.967606416750249,1.9352128335005006,-37559.82207888974,-38127.62113487204,-1.1889626305391505,stop_loss,15,-1.1889626305391505,289.5335013029821,278.26555467931513
AVT,2013-09-10,31.400079500877943,2013-10-25,29.778879279759778,15239,30.107038702022674,0.6465203994276348,1.2930407988552695,-24705.470169619726,-24985.16201547717,-1.2537889156733615,stop_loss,45,-1.2537889156733615,143.5517434541637,136.14010240327778
HCA,2013-10-02,41.37296649793937,2013-10-25,42.35663097374567,23508,39.70756217352917,0.8327021622051024,1.6654043244102041,23123.984497254507,22533.489884045193,0.5906460439597218,trailing_stop,23,0.5906460439597218,291.77870893006764,298.715904279244
TSCO,2013-10-25,12.33587623442366,2013-11-01,11.785933772500103,40106,11.825070730857306,0.2554027517831773,0.5108055035663543,-22055.992377906172,-22346.221171547477,-1.076618121934778,stop_loss,7,-1.076618121934778,148.4227956773386,141.80599796396675
GNRC,2013-10-25,47.67763106918334,2013-11-04,47.722230457305905,20753,45.17495398972315,1.2513385397300947,2.5026770794601916,925.5711017075553,331.62110382978585,0.017820672306705667,trailing_stop,10,0.017820672306705667,296.8361632736286,297.11383460414083
A,2013-09-20,32.839309347583104,2013-11-08,32.27646114947021,29864,31.644292701595926,0.597508322993589,1.1950166459871774,-16808.898588443517,-17392.283799480716,-0.4709961154122158,trailing_stop,49,-0.4709961154122158,294.21394030686656,289.1712707303335
HIG,2013-10-11,25.13012911845189,2013-11-08,25.440722554117162,38249,24.064987487389423,0.5325708155312333,1.0651416310624668,11879.88832076098,11299.602969073752,0.2915982500425397,trailing_stop,28,0.2915982500425397,288.3606925954999,291.9246590917282
FITB,2013-11-11,13.261434622423693,2013-11-13,12.891516795602524,37878,12.816372628223204,0.22253099710024382,0.4450619942004881,-14011.747444332235,-14308.933892475834,-0.8311602240620241,stop_loss,2,-0.8311602240620241,150.69498618844938,146.4914619551497
KRE,2013-11-11,29.01437226155828,2013-11-14,28.65027172398507,17312,28.20629098311816,0.4040406392200593,0.8080812784401203,-6303.308506467374,-6602.795601470692,-0.45057415298130565,stop_loss,3,-0.45057415298130565,150.68904377762908,148.79805122568888
AMAT,2013-09-25,14.670808453575445,2013-11-19,14.370454542155269,65931,14.05179170459115,0.3095083744921474,0.6190167489842953,-19802.63373384363,-20377.049587015088,-0.4852112837221408,trailing_stop,55,-0.4852112837221408,290.17832164580483,284.2375315256517
L,2013-10-11,45.293548190112844,2013-11-21,44.827303150308374,21221,44.134269258038856,0.5796394660369943,1.1592789320739882,-9894.185989690652,-10467.922365579176,-0.402185381709941,trailing_stop,41,-0.402185381709941,288.35231584271537,285.38406004580816
DKS,2013-11-19,41.479906292680916,2013-11-21,40.158788315044575,24595,40.06189902259232,0.7090036350442983,1.4180072700885944,-32492.896659965805,-33095.267768128906,-0.9316722174166285,trailing_stop,2,-0.9316722174166285,306.0594885805461,296.3116195825564
DG,2013-09-05,48.816748276275476,2013-12-02,49.00337138012882,19454,46.8713447527327,0.9727017617713853,1.9454035235427725,3630.5658623629306,3059.668080024224,0.0959302795511975,trailing_stop,88,0.0959302795511975,284.90430628999894,285.99347604870775
CBOE,2013-11-21,44.57237041889734,2013-12-04,42.805906340944986,22870,42.72842461449582,0.9219729022007588,1.8439458044015211,-40399.03346277039,-40998.535819619676,-0.9579804752047405,trailing_stop,13,-0.9579804752047405,305.8110334440547,293.69132340522356
HAL,2013-08-21,37.28812186997729,2013-12-05,40.00875558332904,12772,35.930477081002365,0.6788223944874631,1.3576447889749232,34747.93378692858,34451.763071278496,2.003936328151004,trailing_stop,106,2.003936328151004,142.87316775700498,153.29754789308356
SLB,2013-09-09,60.679898815877706,2013-12-05,61.88681768760319,15700,58.63005801234262,1.0249204017675406,2.0498408035350835,18948.626286090108,18371.337051358714,0.5887866363300382,trailing_stop,87,0.5887866363300382,285.802323422784,291.48691130861107
XRT,2013-11-14,36.55746255709648,2013-12-11,36.006567400137506,13952,35.64993813095533,0.45376221307057596,0.9075244261411513,-7686.089229891586,-7989.813233680584,-0.6070306661622455,trailing_stop,27,-0.6070306661622455,153.014915278983,150.70908851001553
COP,2013-07-15,42.22432730948064,2013-12-12,45.8948877219608,11256,41.05369649192291,0.585315408778865,1.1706308175577291,41315.828002876646,41018.26703755848,3.135540562769393,trailing_stop,150,3.135540562769393,142.58310845865424,154.97785685951723
NKE,2013-09-30,30.560551854403556,2013-12-12,32.55008720877719,31642,29.4192397873364,0.5706560335335777,1.1413120670671546,62952.8776830906,62353.79363071945,1.743200139367818,trailing_stop,73,1.743200139367818,290.0990945331112,308.9849578380384
COR,2013-11-04,47.82382541811563,2013-12-12,49.83711583083649,20749,46.502481442728374,0.6606719876936287,1.3213439753872578,41773.762773545044,41165.85271255269,1.5236686663143892,trailing_stop,38,1.5236686663143892,297.6889660801444,310.2210949122079
HII,2013-11-13,61.72230134579364,2013-12-12,63.71377540447387,8123,59.82624999246796,0.9480256766628408,1.8960513533256815,16176.743778659527,15871.0686032268,1.0503270679811383,trailing_stop,29,1.0503270679811383,150.4110761495645,155.26409928316235
CF,2013-12-05,34.10107760535313,2013-12-12,32.49189588878332,29934,32.70629792541152,0.6973898399708085,1.394779679941614,-48169.24550380083,-48767.26372437287,-1.1537174936741088,stop_loss,7,-1.1537174936741088,306.2344971115922,291.783723460452
HUM,2013-11-21,90.46854420600336,2013-12-13,90.8825759778395,11267,87.21371468354587,1.6274147612287408,3.2548295224574844,4664.895973277744,4051.911051944337,0.12720536328536516,trailing_stop,22,0.12720536328536516,305.7927262707119,307.19219506269525
FDS,2013-12-16,103.64637907022433,2013-12-18,95.80127854620052,9804,100.22189908497508,1.7122399926246263,3.424479985249249,-76913.36553752939,-77499.98098811082,-2.2908881225225803,stop_loss,2,-2.2908881225225803,304.8447301213438,281.770720460085
GM,2013-12-17,30.956891355422545,2013-12-19,30.509403440390948,32948,29.637473086904254,0.6597091342591448,1.319418268518291,-14743.831824461084,-15351.389268740822,-0.3391554639713512,stop_loss,2,-0.3391554639713512,305.9902969135386,301.5671473662003
OLN,2013-12-03,18.383805305717996,2014-01-08,19.17979135505433,56240,17.697934369316357,0.342935468200819,0.6858709364016384,44766.255414675485,44132.48241181494,1.1605478627107395,trailing_stop,36,1.1605478627107395,310.171563118074,323.60143974247666
SCHW,2013-10-16,20.0175059466436,2014-01-14,21.491713632153196,48000,18.95252630847259,0.5324898190855046,1.0649796381710104,70761.96890446068,70164.236142526,1.3842590343242551,trailing_stop,90,1.3842590343242551,288.2520856316678,309.4806763030061
BNY,2013-11-04,24.027106283158847,2014-01-14,24.90422185010729,20650,23.286795980758477,0.370155151200186,0.7403103024003705,18112.43645748536,17809.30687969978,1.1847944896950615,trailing_stop,71,1.1847944896950615,148.84792342416904,154.28165436141467
PRU,2013-11-08,49.26516605478687,2014-01-14,52.50614529993797,9989,47.4218268107214,0.9216696220327325,1.8433392440654686,32374.141679814362,32069.163591077657,1.7582109509062211,trailing_stop,67,1.7582109509062211,147.6329231163798,157.3451656203241
DD,2013-12-19,18.97648576558115,2014-01-14,18.57069579431199,54555,18.23498498344282,0.3707503910691631,0.7415007821383277,-22137.871882588912,-22752.387829588904,-0.5472549470533902,trailing_stop,26,-0.5472549470533902,310.5786542823839,303.93729271760725
ICE,2013-10-07,32.8011966855234,2014-01-16,35.70623008893266,29630,31.68794100496965,0.5566278402768754,1.113255680553749,86076.13974301625,85467.1772264181,2.6094934471515576,trailing_stop,101,2.6094934471515576,291.56983733761746,317.3926792605224
XOM,2013-12-17,58.136184503824,2014-01-23,58.15756523034878,17544,56.67864918028038,0.7287676617718092,1.4575353235436168,375.1034661507805,-236.97379745011773,0.014669096645150686,trailing_stop,37,0.014669096645150686,305.9823662805265,306.09489732037173
MRK,2014-01-14,34.335263136008464,2014-01-24,33.4447267989204,31338,33.33091179781172,0.502175669098371,1.0043513381967415,-27907.62773166578,-28544.85452904002,-0.8866781007998404,stop_loss,10,-0.8866781007998404,322.79954284687,314.4272545273703
PII,2013-05-31,67.35799699088699,2014-01-27,95.71838461199707,14090,64.47373480673556,1.4421310920757127,2.8842621841514244,399597.861581441,398908.53771640564,9.832804998431152,trailing_stop,241,9.832804998431152,284.72225328047926,404.60161175491163
DHR,2013-11-11,30.26855125418345,2014-01-27,30.132844131871206,16595,29.43969333148756,0.4144289613479445,0.8288579226958888,-2252.0596947716876,-2552.7680417011607,-0.16372784598698392,trailing_stop,77,-0.16372784598698392,150.6919824189523,150.0163645105208
MGM,2013-12-17,20.60146341532789,2014-01-27,22.522919373784035,49510,19.663557943003607,0.4689527361621416,0.9379054723242817,95131.28450316381,94490.75804559713,2.048666966079713,trailing_stop,41,2.048666966079713,305.9935361078651,334.53292145881426
V,2013-12-18,48.80126815434928,2014-01-27,50.75384297197704,20829,47.24965717942673,0.7758054874612761,1.5516109749225535,40670.18087636868,40048.0908534736,1.2584177665572538,trailing_stop,40,1.2584177665572538,304.94448431608237,317.1455385789929
TMO,2013-12-19,102.42792742913258,2014-01-27,105.57599005589549,5053,99.53351330713099,1.4472070610007948,2.894414122001592,15907.160453032973,15591.84731451742,1.0876337987827078,trailing_stop,39,1.0876337987827078,155.27049518982207,160.04264332573197
TEL,2014-01-23,47.900434580262754,2014-01-27,45.25515747808486,22898,46.47656369342286,0.711935443419946,1.423870886839893,-60571.555085669395,-61211.47810975501,-1.857806860598689,stop_loss,4,-1.857806860598689,329.047245305657,310.87577877995614
TDG,2014-01-14,91.18082211467022,2014-01-28,91.34703127996929,11800,88.19514241072687,1.492839851971677,2.9856797039433474,1961.2681505289715,1315.1195495119478,0.05566878626650542,trailing_stop,14,0.05566878626650542,322.78011028593255,323.3684907310913
TER,2014-01-16,18.18324627248683,2014-01-28,17.457784620091246,59777,17.46768664014559,0.3577798161706193,0.7155596323412396,-43365.92119525082,-44005.07536635051,-1.0138381479429546,stop_loss,12,-1.0138381479429546,326.08197372913355,313.07219737055834
VMC,2014-01-24,55.283679813940836,2014-01-28,53.7053356198248,19703,53.2018102587478,1.0409347775965205,2.0818695551930375,-31098.115656668233,-31742.338827995678,-0.7581378910984102,stop_loss,4,-0.7581378910984102,326.7763030122229,317.4468683152224
CRL,2014-01-08,56.3562992362976,2014-01-30,56.83310939025879,18802,54.38941002604241,0.9834446051275958,1.9668892102551894,8964.984514778278,8326.528336479325,0.2424184094737733,trailing_stop,22,0.2424184094737733,317.88334147226027,320.57283682669373
BF-B,2014-01-14,25.14480639512786,2014-01-30,25.036963982211063,42792,24.338511471165056,0.4031474619814016,0.8062949239628026,-4614.792533535519,-5259.006028931645,-0.13375057899009024,stop_loss,16,-0.13375057899009024,322.7989665780934,321.41452881803275
WAB,2013-12-17,66.16061783772417,2014-02-04,66.48658388351832,15416,64.19788908547775,0.9813643761232088,1.96272875224642,5025.092561962561,4411.625783442159,0.16607798985013367,trailing_stop,49,0.16607798985013367,305.9796253759068,307.4871531444955
WAT,2014-01-29,110.12001213836669,2014-02-04,105.36453121948242,9664,106.71036904540509,1.7048215464807979,3.409643092961602,-45956.967600097625,-46581.7003882007,-1.3947151620358256,stop_loss,6,-1.3947151620358256,319.2599391915527,305.4728489115234
OSK,2014-01-29,45.81927729078119,2014-02-04,41.97764663782251,23228,43.36267762267863,1.2282998340512765,2.4565996681025553,-89233.39680692417,-89845.20089162825,-1.563800037441958,stop_loss,6,-1.563800037441958,319.2870518730796,292.5170328310024
UGI,2014-02-03,19.052919397479172,2014-02-04,18.620076647226497,56185,18.494695641618208,0.27911187793048176,0.5582237558609648,-24319.269922946547,-24954.267107778083,-0.7753929239093184,stop_loss,1,-0.7753929239093184,321.14648290421025,313.85070192732627
ROK,2013-07-31,73.57803680146631,2014-02-05,86.69108907058073,6497,70.73701555767116,1.4205106218975743,2.8410212437951543,85195.50059243638,84883.12003919917,4.615612184440219,trailing_stop,189,4.615612184440219,143.41095152973799,168.9696017074689
AEE,2014-02-03,25.68478913469245,2014-02-06,25.010407233705017,20839,24.997479162275667,0.34365498620839247,0.6873099724167844,-14053.444434677143,-14370.375593813453,-0.9811903334038773,stop_loss,3,-0.9811903334038773,160.57359623335682,156.35756290295367
NEE,2014-02-03,16.555099232655355,2014-02-06,16.033811995696176,32331,16.073837351780295,0.24063094043753064,0.48126188087505994,-16853.7376581272,-17169.82728480435,-1.0831675178830744,stop_loss,3,-1.0831675178830744,160.5728739872941,155.5167526898559
ENS,2014-02-07,64.58915790325001,2014-02-20,60.73613966917342,8136,61.3635335079604,1.6128121976448075,3.225624395289614,-31348.156352447164,-31654.050338761936,-1.1945030672830859,stop_loss,13,-1.1945030672830859,157.64921661025264,148.24476970451846
NFG,2014-01-30,50.989228065112385,2014-03-12,49.35395286119392,20777,49.32383027484788,0.8326988951322548,1.6653977902645067,-33976.11291181401,-34601.561992845775,-0.9819126778466215,trailing_stop,41,-0.9819126778466215,317.82095745265207,307.6281235791078
AZO,2014-02-07,517.9273831176757,2014-03-14,528.8805631713867,2029,499.8655015250732,9.030940796301259,18.061881592602504,22224.00232897958,21586.810332073426,0.6064251942719527,trailing_stop,35,0.6064251942719527,315.26239810372925,321.92959880242313
GD,2014-02-10,79.27130610931926,2014-03-14,82.67761371942865,13453,76.2011849718364,1.5350605687414296,3.0701211374828574,45825.056278801676,45171.44663326484,1.1095026735336477,trailing_stop,32,1.1095026735336477,319.9310643266016,333.6785812102421
IWF,2014-03-05,19.71114534905713,2014-03-14,19.236192463042954,28595,19.31091383717341,0.20011575594185996,0.40023151188372097,-13581.277775575358,-13915.387512996458,-1.186695379828472,stop_loss,9,-1.186695379828472,169.0920603768866,165.01767704421397
APTV,2014-03-12,52.666121211734946,2014-03-17,51.07317283694083,10520,51.01689982726762,0.8246106922336608,1.6492213844673245,-16757.816902834133,-17085.218114851752,-0.9658790443762159,stop_loss,5,-0.9658790443762159,166.2142785442355,161.18693347338527
CBOE,2014-03-17,50.29586083685629,2014-03-20,47.722272612593336,21912,48.330952080855276,0.9824543780005071,1.9649087560010159,-56392.46517004989,-57036.79717209319,-1.3097749279211952,stop_loss,3,-1.3097749279211952,330.6248707971585,313.7071312461436
JAZZ,2013-05-23,60.8607992362976,2014-03-24,144.4853748779297,15648,57.281479638102084,1.789659799097759,3.579319598195518,1308557.3596402593,1307593.3825604974,23.363260348081432,trailing_stop,305,23.363260348081432,285.70493593487544,678.2721438269531
CPRI,2014-02-05,88.46837725067138,2014-03-25,94.73517182922363,11837,82.84057015963279,2.813903545519297,5.627807091038591,74180.04742632298,73529.47330318537,1.1135411141812497,trailing_stop,48,1.1135411141812497,314.16005445485916,336.41406868275607
AKAM,2014-02-07,57.046991680145254,2014-03-26,58.59135152435303,18424,53.735574627999476,1.6557085260728877,3.311417052145778,28453.28576968406,27814.129519124155,0.4663743104200783,trailing_stop,47,0.4663743104200783,315.3101324144988,323.84611814540403
EQT,2014-02-05,47.52773714137601,2014-03-27,47.26906723387748,22034,45.340629584629745,1.0935537783731313,2.1871075567462626,-5699.532741822589,-6326.158578103889,-0.11827031857699288,trailing_stop,50,-0.11827031857699288,314.1678480519237,312.4579882293769
IDXX,2014-02-05,57.307249999999996,2014-03-27,60.7791601524353,18274,54.8778426809177,1.2147036595411458,2.4294073190822942,63445.68612560279,62798.31280786511,1.4291181742824486,trailing_stop,50,1.4291181742824486,314.16980595,333.20351178768084
VMC,2014-02-07,59.92320647160189,2014-03-27,58.54376505412469,17540,56.34534997909852,1.7889282462516811,3.577856492503365,-24195.402462550013,-24818.77566671839,-0.38554967768202025,trailing_stop,48,-0.38554967768202025,315.3159124535691,308.0572917148041
WMB,2014-02-07,20.983562133409357,2014-03-27,20.536884508623086,50090,20.169636145579613,0.40696299391487206,0.8139259878297445,-22374.082225544356,-22998.00997723418,-0.5487939093544547,trailing_stop,48,-0.5487939093544547,315.3199881787424,308.6077635110791
ECL,2014-03-12,97.02545417215957,2014-03-27,93.73990451381111,5710,94.26020222940876,1.3826259713754052,2.765251942750808,-18760.488549169695,-19087.269608598763,-1.188155627902776,stop_loss,15,-1.188155627902776,166.20460299690933,160.57645643215847
ALV,2014-03-24,54.01523441419297,2014-03-28,53.382079254400885,20297,52.52125209031355,0.7469911619397073,1.4939823238794148,-12851.15027829989,-13505.103260959326,-0.42380364859202085,stop_loss,4,-0.42380364859202085,328.9041638714624,325.0488187879724
MCK,2013-10-09,122.4810080261786,2014-04-07,156.95787193068415,7719,118.45250696631979,2.014250529929407,4.028501059858812,266126.91247887834,265479.81586456223,8.558236275036222,trailing_stop,180,8.558236275036222,283.6292702862218,363.4673440298853
CAH,2013-10-07,38.70578655897554,2014-04-08,49.350085259005525,25110,37.639859576325584,0.5329634913249762,1.0659269826499553,267278.3403577529,266615.0154753481,9.98595482925824,trailing_stop,183,9.98595482925824,291.5706901487627,371.75419225608863
WSM,2014-03-14,24.372186664240836,2014-04-08,24.210416411179583,45060,23.368557534725337,0.5018145647577498,1.0036291295154989,-7289.367602940041,-7946.107231313574,-0.1611852907650728,trailing_stop,25,-0.1611852907650728,329.46321932720764,327.27640904632557
ORCL,2014-04-01,34.30663351114531,2014-04-08,33.00136564227487,31825,32.994394149683295,0.6561196807310078,1.3122393614620123,-41540.14992680168,-42182.77304871896,-0.994687331597943,stop_loss,7,-0.994687331597943,327.5425834476598,315.0805384696193
SCI,2014-04-01,16.319172861713614,2014-04-08,15.747221549113616,66903,15.787584379384565,0.2657942411645247,0.5315884823290489,-38265.25866687765,-38908.86006245792,-1.0759287148098229,stop_loss,7,-1.0759287148098229,327.5404865901678,316.0609089901045
PKG,2012-12-24,25.702306651683678,2014-04-11,46.63475166836604,33008,24.830038973136013,0.436133839273833,0.8722676785476651,690938.1451106515,690221.8346243431,23.99773089326789,trailing_stop,473,23.99773089326789,254.5145213876324,461.79596492082794
STZ,2013-10-04,50.87183287697657,2014-04-14,66.59628668389212,18894,49.21086678691496,0.8304830450308035,1.6609660900616063,297097.83022786235,296431.9974325674,9.467052880250142,trailing_stop,192,9.467052880250142,288.3517231132786,377.48107218163733
AVT,2014-03-26,35.7750184717675,2014-04-14,34.77247830894269,30397,34.29438456819699,0.7403169517852584,1.4806339035705136,-30474.213329385893,-31117.543007278866,-0.6771019901727313,trailing_stop,19,-0.6771019901727313,326.2359709458951,317.0937069470793
GLW,2014-03-27,15.027371523509233,2014-04-14,14.89457334199862,71582,14.466160643425384,0.28060544004192456,0.5612108800838485,-9505.959428892633,-10148.521226101468,-0.23662795256351976,trailing_stop,18,-0.23662795256351976,322.70679251875134,319.8550046900836
MSM,2014-04-10,52.415872684905985,2014-04-15,50.408285671801885,20671,50.25740928520729,1.079231699849348,2.1584633996986966,-41498.83114787485,-42136.474601092305,-0.930100094995515,stop_loss,5,-0.930100094995515,325.0465512809075,312.596901936545
EMB,2014-04-11,63.08890307349255,2014-04-16,62.721937243322756,16986,62.538919911436594,0.27499158102797944,0.549983162055959,-6233.281591264163,-6874.38847135059,-0.6672310272154457,stop_loss,5,-0.6672310272154457,321.48843228190333,319.6184478045241
NVR,2014-01-28,1051.1500755615234,2014-04-22,1064.9739990234375,994,1008.0390693337733,21.555503113875048,43.11100622775007,13740.979921142607,13109.95172210137,0.32065879856489615,trailing_stop,84,0.32065879856489615,313.4529525324463,317.57524650878906
EW,2014-04-15,13.566886615753173,2014-04-22,13.175144225120544,78719,12.86534344110085,0.3507715873261615,0.7015431746523237,-30837.569248209937,-31469.10102593876,-0.5584009720097012,stop_loss,7,-0.5584009720097012,320.39152425164224,311.1402534771792
HPQ,2014-03-20,9.611238055710725,2014-04-28,9.637711758397728,114731,9.206578032951917,0.20233001137940443,0.40466002275880797,3037.3543829825408,2374.8190046457976,0.06542208569681786,trailing_stop,39,0.06542208569681786,330.8120860109242,331.72329232581893
INTC,2014-04-09,20.23773730416554,2014-04-29,19.769815932105054,53333,19.56831454667607,0.3347113787447352,0.6694227574894711,-24955.650536101995,-25595.767387126998,-0.698992328577726,stop_loss,20,-0.698992328577726,323.8017730929182,316.3150779320876
HCA,2014-04-28,49.69772657655327,2014-04-30,47.864467350624516,21653,47.154952428007284,1.2713870742729922,2.5427741485459876,-39695.562019035366,-40329.316274566925,-0.7209681705223616,stop_loss,2,-0.7209681705223616,322.83146206863245,310.92279346292185
SO,2014-04-16,27.04474082392138,2014-05-05,26.58116029010288,19857,26.388113291250846,0.3283137663352675,0.6566275326705338,-9205.31866003397,-9524.773515560324,-0.7060022779323583,trailing_stop,19,-0.7060022779323583,161.10822556218207,158.34662996417185
TSN,2013-12-05,25.262727765214557,2014-05-06,29.259860050573973,40406,24.26384086239984,0.4994434514073582,0.9988869028147178,161508.1271222326,160847.21521724717,4.001586439962402,trailing_stop,152,4.001586439962402,306.2297334243778,354.6821715610476
WEC,2014-04-07,31.419826534806457,2014-05-12,30.75982277071748,17307,30.612421581484938,0.4037024766607605,0.8074049533215195,-11422.685145087918,-11745.52810224713,-0.817438339180159,trailing_stop,35,-0.817438339180159,163.1348813513686,159.70807580784225
EIX,2014-03-31,34.83443152386534,2014-05-13,34.14836640395918,15536,33.724282521319694,0.5550745012728235,1.110149002545647,-10658.707702862113,-10980.222727444117,-0.6179937272681115,trailing_stop,43,-0.6179937272681115,162.3563184464316,159.15870613557297
AEP,2014-04-28,34.75744440126521,2014-05-13,33.96089908956707,15480,33.759955811212315,0.4987442950264465,0.997488590052896,-12330.521425087198,-12649.649412258623,-0.7985508001208307,stop_loss,15,-0.7985508001208307,161.41357179947565,157.71441537194946
LNT,2014-03-27,18.815489492268654,2014-05-21,19.292741007076227,28585,18.287534009809775,0.26397774122943846,0.5279554824588786,13642.234550774483,13315.437420127351,0.9039616609052744,trailing_stop,55,0.9039616609052744,161.35223014094984,165.4449005061822
MUB,2014-04-14,79.84414983655284,2014-06-05,80.41811369097826,13299,79.42930396865366,0.20742293394959493,0.41484586789918865,7633.145300003593,6993.746947207802,1.3835592899406517,trailing_stop,52,1.3835592899406517,318.55420460289486,320.84414819289594
MCD,2014-04-11,72.42237867367773,2014-06-13,73.05134791090644,14797,70.7631049297784,0.8296368719496691,1.659273743899334,9306.857803273315,8661.085383591688,0.3790629723041499,trailing_stop,63,0.3790629723041499,321.49018117032284,324.2822385113048
HOG,2014-04-23,53.133222948685926,2014-06-13,51.70421183130705,20151,50.789819263138554,1.1717018427736874,2.343403685547372,-28796.003026301758,-29429.77677077725,-0.6098015148615289,trailing_stop,51,-0.6098015148615289,321.206272691691,312.5674717838005
CCK,2014-04-17,43.75137074219678,2014-06-17,46.09654472976977,24649,42.31542288068008,0.7179739307583486,1.435947861516695,57806.193619686666,57141.795239146115,1.6331888158501395,trailing_stop,61,1.6331888158501395,323.5282612273225,340.8701193132285
XOP,2014-06-13,258.12805923980375,2014-06-25,257.66671337518454,4274,249.55714288513124,4.28545817733625,8.570916354672505,-1971.7922253824795,-2633.1442828294175,-0.05382690082696909,trailing_stop,12,-0.05382690082696909,330.9717975572764,330.3802598896616
MDLZ,2014-05-08,28.997809192095286,2014-06-26,28.772426575735214,37470,27.99627789562955,0.5007656482328674,1.0015312964657355,-8445.0866350119,-9094.481855278082,-0.2250380164408401,trailing_stop,49,-0.2250380164408401,325.9643731283431,323.4308471378395
VMI,2014-05-15,138.38233798385764,2014-06-26,131.90014242233187,7775,132.90689490464976,2.737721539603938,5.475443079207878,-50399.07049086287,-51029.5043764103,-1.1838668520070776,stop_loss,42,-1.1838668520070776,322.77680334734794,307.6570822000891
EXC,2014-03-24,15.034907803844535,2014-07-03,15.978001737947697,72921,14.500771219608943,0.2670682921177959,0.5341365842355916,68771.35276873669,68092.90505572758,1.7656419012242601,trailing_stop,101,1.7656419012242601,328.9081535892442,349.53955941986516
CNP,2014-07-01,16.96557056005207,2014-07-03,16.494819780791307,33400,16.516161760264424,0.2247043998938217,0.44940879978764414,-15723.076027309433,-16058.349138524683,-1.0474890110812292,stop_loss,2,-1.0474890110812292,169.99501701172173,165.27809420352887
ETR,2014-04-16,22.315904761833355,2014-07-07,24.065943396712573,24065,21.68424471478217,0.315830023525593,0.6316600470511844,42114.67974836837,41779.825995587744,2.770538746354191,trailing_stop,82,2.770538746354191,161.1096744280559,173.74407835256642
NRG,2014-04-07,25.03708920958655,2014-07-08,26.94756126985188,43439,24.2005710073724,0.4182591011070748,0.8365182022141511,82988.99582586571,82311.54745621281,2.283838002817594,trailing_stop,92,2.283838002817594,326.2758354525691,351.17253420032876
EVRG,2014-04-09,22.860531685571885,2014-07-15,23.751303143351787,23607,22.250223741600436,0.3051539719857241,0.6103079439714492,21028.441803810147,20698.332128368227,1.4595442621693504,trailing_stop,97,1.4595442621693504,161.90057145038867,168.20910399153166
STZ,2014-07-03,77.04777689260973,2014-07-17,73.39097354876246,14560,74.4428467220796,1.3024650852650674,2.604930170530139,-53243.05668641629,-53900.173148344205,-1.403800909988717,stop_loss,14,-1.403800909988717,336.54468946691935,320.57177246099445
JNJ,2014-03-26,69.65744800510761,2014-07-18,72.27133350595352,15611,67.88020966682068,0.8886191691434707,1.777238338286935,40805.366553705506,40140.671491254754,1.4707568729163318,trailing_stop,114,1.4707568729163318,326.2267262423204,338.46833620843216
CSL,2014-04-23,71.53620426208374,2014-07-18,73.50524099850338,7483,68.83101454746573,1.3525948573090045,2.7051897146180153,14734.301898628159,14408.698358162666,0.7278738070677885,trailing_stop,86,0.7278738070677885,160.59162494795177,165.01191551754022
HRB,2014-06-13,20.83469551136801,2014-07-18,20.57481076656532,52955,20.024850952251118,0.40492227955844723,0.8098445591168932,-13762.196661026459,-14420.048782510847,-0.3209069467430704,trailing_stop,35,-0.3209069467430704,330.9903902413479,326.86173124303997
WY,2014-06-25,20.230592648972422,2014-07-18,20.31585347031602,55338,19.683047767333406,0.27377244081950775,0.5475448816390163,4718.163331512095,4045.03556090734,0.15571476275767607,trailing_stop,23,0.15571476275767607,335.85616080265083,337.27160980210436
SLB,2014-06-26,82.84091241971532,2014-07-21,80.84805960264679,13550,80.2658986770138,1.2875068713507656,2.575013742701529,-27003.15567127869,-27668.551342549592,-0.773919293719098,stop_loss,25,-0.773919293719098,336.74830898614283,328.6473622847592
SGI,2014-06-05,13.614124174300915,2014-07-28,13.166388755852426,81127,12.92823531423138,0.34294443003476804,0.6858888600695359,-36323.43129247064,-36975.218094216005,-0.6527812952131897,trailing_stop,53,-0.6527812952131897,331.3419155665531,320.44488617881194
CAT,2014-01-31,67.95044970290905,2014-07-29,78.2092111677018,15740,65.48307697204139,1.2336863654338317,2.467372730867666,161472.90545583775,160782.7395372067,4.157767221973466,trailing_stop,179,4.157767221973466,320.86202349713653,369.30389513388786
TAP,2014-05-08,45.79134190521516,2014-07-29,52.37930015020527,11864,44.410363465653475,0.6904892197808443,1.3809784395616873,78159.5366185626,77810.12766935895,4.770500433794663,trailing_stop,82,4.770500433794663,162.9805441090418,186.42840509461058
ST,2014-07-08,45.56534223589359,2014-07-29,45.03950562463746,24582,44.36072940191656,0.6023064169885151,1.2046128339770306,-12926.115577898234,-13594.290088930506,-0.4365191839440078,stop_loss,21,-0.4365191839440078,336.0261728528209,332.1483381794514
ACM,2014-07-15,33.59859492843798,2014-07-30,33.416596692590616,33270,32.19544415041379,0.7015753890120939,1.403150778024191,-6055.081306641888,-6723.959934211374,-0.12970682744704212,trailing_stop,15,-0.12970682744704212,335.3475759807395,333.53105158874695
OHI,2014-07-21,15.50062394368379,2014-07-30,15.107056109657506,71674,15.039328053919673,0.23064794488205834,0.4612958897641164,-28208.58093599985,-28866.713394042803,-0.8531787140517,stop_loss,9,-0.8531787140517,333.2975161618776,324.8349418810776
PPL,2014-03-14,17.5689986733786,2014-07-31,18.145897966693404,62509,17.136617348857357,0.21619066226062184,0.4323813245212449,36061.39792581501,35391.64718359273,1.3342373053544245,trailing_stop,139,1.3342373053544245,329.4661614222669,340.2845808000114
ATO,2014-04-10,36.05215157457194,2014-07-31,36.485879135837536,30053,34.988462410058375,0.5318445822567804,1.063689164513562,13034.814398715036,12380.818767633054,0.4077578072010798,trailing_stop,112,0.4077578072010798,325.0425933811831,328.9530377007976
MSFT,2014-07-18,37.45736016166717,2014-07-31,36.319236469367944,29400,36.319233668213045,0.5690632467270611,1.1381264934541235,-33460.8365535972,-34111.54613588293,-0.9999975388017805,stop_loss,13,-0.9999975388017805,330.3739166259045,320.3356656598252
HST,2014-04-17,12.99252800273895,2014-08-01,13.490892485058838,83005,12.541650855697576,0.22543857352068733,0.4508771470413748,41366.743854962275,40707.266959685374,1.1053221162130782,trailing_stop,106,1.1053221162130782,323.533436060204,335.94345921669264
FCX,2014-07-03,32.865908754444916,2014-08-01,32.16538567290362,34133,31.75646087802506,0.5547239382099292,1.109447876419857,-23910.954342249144,-24576.86829405575,-0.6314159470040702,trailing_stop,29,-0.6314159470040702,336.54361905464043,329.37033275196575
SNA,2014-07-18,94.50879189613126,2014-08-01,91.39954971865475,11652,91.84250960733293,1.3331411443991614,2.666282288798328,-36228.88985195621,-36878.75105090486,-1.1661339050779251,stop_loss,14,-1.1661339050779251,330.3649329521164,319.4962659965296
SHW,2014-07-18,62.84837538819361,2014-08-01,61.12504807634951,17522,61.30998461173522,0.7691953882291974,1.5383907764583924,-30196.141158132355,-30847.819855916074,-1.1202142772927053,trailing_stop,14,-1.1202142772927053,330.36877006557853,321.3099277181388
RCL,2014-07-28,54.135190609135776,2014-08-01,51.05415453659438,20397,51.811731333481234,1.1617296378272703,2.3234592756545425,-62843.89277162682,-63487.55689350806,-1.3260555520920136,stop_loss,4,-1.3260555520920136,331.2586448563627,312.4054770248747
VZ,2014-07-30,28.17495761266466,2014-08-01,27.34991007029393,39054,27.502102693370535,0.33642745964706233,0.6728549192941244,-32221.40671974646,-32871.94717449354,-1.2261893592697017,stop_loss,2,-1.2261893592697017,330.10343838150163,320.43701636557773
T,2014-07-30,12.072548931287567,2014-08-01,11.82696068228504,91145,11.799512173670635,0.1365183788084659,0.27303675761693214,-22384.1409553353,-23037.637196454023,-0.8994695481517716,stop_loss,2,-0.8994695481517716,330.1057417026616,323.390499416061
WMB,2014-06-17,28.692525344166267,2014-08-04,28.593847588608984,38732,27.446182669017773,0.6231713375742464,1.2463426751484938,-3821.98682824468,-4487.631567174356,-0.07917385605489762,trailing_stop,48,-0.07917385605489762,333.39566748907436,332.24907144060097
WM,2014-07-30,35.99332210284647,2014-08-04,34.907234360812566,30571,35.22057009659243,0.3863760031270185,0.7727520062540378,-33202.78836171847,-33853.03863521363,-1.405480326474699,stop_loss,5,-1.405480326474699,330.1055550018358,320.1447184933203
EQR,2014-07-31,37.30445675764705,2014-08-04,36.26590930084312,29366,36.448856539536536,0.4278001090552575,0.8556002181105171,-30497.98461650429,-31146.124827406376,-1.2138232726230844,stop_loss,4,-1.2138232726230844,328.644803143519,319.49540775856775
DVN,2014-04-01,44.88101387348923,2014-08-07,50.07950321896468,24326,43.488860841682545,0.6960765159033432,1.3921530318066857,126458.45181803583,125765.44895639853,3.734136425166593,trailing_stop,128,3.734136425166593,327.5326630459497,365.47019859136043
FXI,2014-07-29,31.181801313857633,2014-08-07,30.274152851625253,35412,30.47396421057556,0.3539185516410362,0.707837103282074,-32141.647344573055,-32794.530819245476,-1.282284381567211,stop_loss,9,-1.282284381567211,331.262984437898,321.620490234526
CTAS,2014-08-12,14.119213582760114,2014-08-18,14.242752811839832,76204,13.734304527699907,0.19245452753010378,0.38490905506020745,9414.183412790824,8765.794826650595,0.3209569311389516,stop_loss,6,0.3209569311389516,322.78216555819546,325.60642058203274
MNST,2014-08-18,15.346998613357542,2014-08-25,14.445540038108826,71343,14.453523524844147,0.4467375442566972,0.8934750885133944,-64312.75913396915,-64950.40585947262,-1.0089353210156145,stop_loss,7,-1.0089353210156145,328.47027662183007,309.1764488816394
KMI,2014-08-12,21.637188411283415,2014-09-05,21.688225052747963,49726,20.67207806335636,0.48255517396352854,0.9651103479270553,2537.848033466158,1891.5281804924307,0.05288166433420765,trailing_stop,24,0.05288166433420765,322.77924928184376,323.5406036918836
TLT,2014-08-18,84.71537903007146,2014-09-05,84.18233054340811,12924,83.24560026010143,0.7348893849850192,1.4697787699700342,-6889.118641637096,-7543.96884119539,-0.36267259913831434,trailing_stop,18,-0.36267259913831434,328.45846757539306,326.39173198290194
GAP,2014-08-25,30.605304328228222,2014-09-08,29.51728987127364,36148,29.578088887046835,0.5136077205906932,1.0272154411813865,-39329.54658999423,-39981.5400505313,-1.059188183253234,stop_loss,14,-1.059188183253234,331.89616225703816,320.0972982800398
SCI,2014-08-04,17.353571328912803,2014-09-09,17.811152247512908,61823,16.827159341333964,0.2632059937894198,0.5264119875788396,28289.025130614264,27636.828518914655,0.8692448678927047,trailing_stop,36,0.8692448678927047,321.8549520802129,330.3416596193971
CAR,2014-08-12,59.897595197933015,2014-09-09,61.590806287324725,17963,57.05729340513294,1.4201508964000398,2.8403017928000764,30415.150798743285,29760.46195197938,0.5961377391951291,trailing_stop,28,0.5961377391951291,322.7821507621412,331.9066960017642
JLL,2014-08-19,132.23071317594037,2014-09-11,127.52232332914087,8332,128.01709539020658,2.1068088928668893,4.213617785733788,-39230.304203533364,-39879.582893581464,-1.1174221503290764,stop_loss,23,-1.1174221503290764,330.52389065458055,318.75479939352056
UGI,2014-09-09,24.300088608889627,2014-09-11,23.743596884021763,45535,23.69925387700306,0.3004173659432841,0.6008347318865681,-25339.850691858217,-25996.15145753413,-0.92619766357469,stop_loss,2,-0.92619766357469,331.9513604417367,324.3494052341793
AMT,2014-07-31,71.67901358406088,2014-09-15,71.53578033928413,15283,69.87501644673246,0.9019985686642084,1.8039971373284232,-2189.033679923103,-2845.6591885822477,-0.07939771178842846,trailing_stop,46,-0.07939771178842846,328.6411093815608,327.9843992775838
EXPE,2014-08-04,79.33543297534558,2014-09-23,77.9276609946736,13523,75.79082959463636,1.7723016903546096,3.544603380709219,-19037.3004946272,-19675.301140554173,-0.39715923883994836,trailing_stop,50,-0.39715923883994836,321.8559180376795,316.14472788929135
AWK,2014-08-18,39.405902495208636,2014-09-23,38.41295928784971,27785,38.263163500469396,0.5713694973696204,1.14273899473924,-27588.927016467784,-28237.586138860468,-0.8689151345408539,trailing_stop,36,-0.8689151345408539,328.4679002488116,320.19122214387124
MTD,2014-08-19,270.72046221923824,2014-09-23,261.8379060974121,4069,262.16593002265216,4.277266098293052,8.55453219658608,-36143.12085971062,-36793.21485991476,-1.0383450453750096,stop_loss,35,-1.0383450453750096,330.46846823102413,319.62553197311087
VC,2014-09-11,61.68412673928265,2014-09-23,58.86244706787595,17886,59.752061301837614,0.9660327187225167,1.9320654374450328,-50468.56260278021,-51115.39140851467,-1.4604472585245838,stop_loss,12,-1.4604472585245838,330.9846872576428,315.84411847680883
CDNS,2014-05-21,16.316299236297606,2014-09-24,17.142839847564698,65640,15.605025672086988,0.35563678210530913,0.711273564210618,54254.125723571895,53595.24835673248,1.1620572629947223,trailing_stop,126,1.1620572629947223,321.30056456117245,337.57680227824403
APH,2014-08-13,11.201657277762132,2014-09-24,11.410138418849623,96066,10.929552746267223,0.1360522657474541,0.2721045314949091,20027.949299710905,19376.28187009369,0.7661803349695097,trailing_stop,42,0.7661803349695097,322.82952241364916,328.8379072035624
WLK,2014-04-30,58.942527690617005,2014-09-26,75.7207506402557,18225,55.72853633166671,1.6069956794751477,3.2139913589502953,305783.11325716524,305046.8417828912,5.220369651248391,trailing_stop,149,5.220369651248391,322.26827014844844,414.0032041255981
TDG,2014-08-06,108.856043206351,2014-09-26,114.12009105454932,9862,105.48447347555759,1.685784865396705,3.3715697307934107,51914.0398789318,51254.3426881075,1.56130475372359,trailing_stop,51,1.56130475372359,322.0614894303101,337.6357013939896
BRK-B,2014-08-15,135.92578327941894,2014-09-26,136.863,8018,132.70087919074172,1.6124520443386046,3.2249040886772207,7514.60366561896,6858.437526318645,0.29061847881667907,trailing_stop,42,0.29061847881667907,326.95587910031435,329.2102602
NUE,2014-09-05,42.13030445749947,2014-09-26,41.995149084576255,26308,40.92720312013452,0.6015506686824746,1.2031013373649486,-3555.6675508639432,-4219.619280399422,-0.11233914278512443,trailing_stop,21,-0.11233914278512443,332.5092149003688,331.4425146351096
NKE,2014-09-08,35.05747247497893,2014-09-26,37.57562270702537,31702,34.07849481154148,0.48948883171872515,0.9789776634374476,79830.39865633617,79139.6143412982,2.57222439907827,stop_loss,18,2.57222439907827,333.41759772053456,357.3667173174354
KDP,2014-09-23,7.98481613382832,2014-09-29,7.80108395304226,137812,7.786322530392667,0.09924680171782674,0.19849360343565348,-25320.49929848849,-25973.14523732003,-0.9256327539321495,stop_loss,6,-0.9256327539321495,330.1210443105445,322.524894520998
SPGI,2014-09-11,75.8654953961814,2014-10-02,73.44519470277568,14542,73.94426439297497,0.9606155016032167,1.9212310032064295,-35196.012683506,-35847.39550013171,-1.2597655822576108,stop_loss,21,-1.2597655822576108,330.970810215381,320.4120064103291
SCHW,2014-09-15,25.549250799056964,2014-10-02,24.952367785859874,43034,24.62979245749108,0.4597291707829404,0.9194583415658819,-25686.263589923557,-26338.24958617855,-0.6491680875726997,trailing_stop,17,-0.6491680875726997,329.8459376659852,322.14005858900816
PG,2014-09-25,61.21913268207354,2014-10-02,59.71705048397509,17924,60.17780297010415,0.5206648559846933,1.0413297119693894,-26923.321318716607,-27573.619362837082,-1.4424655138838525,stop_loss,7,-1.4424655138838525,329.1875202580458,321.1105238624309
PII,2014-09-29,109.18344492979065,2014-10-02,105.1901373604916,10007,105.49124891179899,1.8460980089958312,3.6921960179916624,-39961.028845975576,-40604.599777369236,-1.0815535117420914,stop_loss,3,-1.0815535117420914,327.77962002372453,315.7913113699318
LMT,2014-09-29,132.57514975086735,2014-10-02,129.29723707663274,8241,129.4114708262006,1.581839462333372,3.1636789246667547,-27013.27834836745,-27660.70545032108,-1.0361078833497277,stop_loss,3,-1.0361078833497277,327.7655427290694,319.6615592245592
FDX,2014-09-30,110.83844372753825,2014-10-02,107.85513121593674,9855,107.81859588154062,1.5099239229988128,3.0198478459976315,-29400.544801832893,-30047.112356153277,-0.9879015976104417,stop_loss,2,-0.9879015976104417,327.69385888046685,318.873695439917
MSFT,2014-09-09,39.227657296816716,2014-10-03,38.736471962457124,28207,38.239128128619946,0.4942645840983862,0.9885291681967701,-13854.864726281017,-14514.604984485919,-0.4968850188362071,trailing_stop,24,-0.4968850188362071,331.9483588113927,327.7918993935084
INTU,2014-09-30,79.42698399085016,2014-10-03,76.9123468965944,13753,76.79531056541566,1.3158367127172461,2.6316734254344993,-34583.80395729948,-35228.84440260799,-0.9555277907784416,stop_loss,3,-0.9555277907784416,327.7077932478487,317.33265206065886
CTAS,2014-10-01,15.2530957193602,2014-10-03,14.858422556027199,71401,14.828056204274622,0.21251975754278885,0.4250395150855777,-28180.058535139633,-28825.05629005391,-0.9285564031700386,stop_loss,2,-0.9285564031700386,326.7258862374113,318.27186867686936
ZTS,2014-10-06,34.373167937146064,2014-10-08,33.38813192126349,31440,33.44939435324264,0.4618867919517122,0.9237735839034258,-30969.53233934803,-31608.65691961255,-1.0663175837095051,stop_loss,2,-1.0663175837095051,324.2077199831617,314.9168602813573
CF,2014-09-24,38.89159818962712,2014-10-10,39.077626663791236,28075,37.588869114237724,0.651364537694696,1.3027290753893936,5222.749412157615,4566.053615829698,0.14279904983967062,trailing_stop,16,0.14279904983967062,327.5644857521344,329.1313105757817
GPN,2014-10-06,36.22950989478061,2014-10-10,34.88531462169691,29829,34.884752005795846,0.6723789444923849,1.3447578889847662,-40096.00080081386,-40732.386030964466,-0.9995816229035213,stop_loss,4,-0.9995816229035213,324.20701519542325,312.1782149551791
ADP,2014-10-06,57.80529661732587,2014-10-13,56.04283931008202,9347,56.32357266172845,0.7408619777987135,1.481723955597424,-16473.688450808262,-16792.93000876231,-1.1894640027826473,stop_loss,7,-1.1894640027826473,162.09183224464348,157.149725709401
MCO,2014-10-09,85.59870640035987,2014-10-13,81.61513322866772,6357,82.79071019540014,1.4039981024798696,2.8079962049597356,-25323.57465244704,-25642.46816600356,-1.4186533317445416,stop_loss,4,-1.4186533317445416,163.2452929761263,155.64822058039218
NKE,2014-09-29,37.774947407349515,2014-10-14,36.63601048234646,28925,36.42201959510665,0.6764639061214333,1.3529278122428678,-32943.750555713465,-33589.4516428013,-0.8418312600987499,trailing_stop,15,-0.8418312600987499,327.7921061272754,317.9089809605614
NI,2014-09-30,11.238890836696802,2014-10-14,10.922766735399984,97194,10.863731381981227,0.18757972735778777,0.37515945471557544,-30725.36590144296,-31371.559945261673,-0.8426393026306258,stop_loss,14,-0.8426393026306258,327.70582679457266,318.4882170241398
AMGN,2014-07-31,91.45869939629993,2014-10-15,93.59414003370513,11978,88.2525017045534,1.60309884587327,3.2061976917465387,25578.30795483944,24913.33908163166,0.6660352363493656,trailing_stop,76,0.6660352363493656,328.64769041066415,336.32118279711597
COST,2014-09-05,100.33740996695211,2014-10-15,100.18498278094414,11046,98.3920288281581,0.9726905693970007,1.945381138794005,-1683.7106966440292,-2348.201801732008,-0.07835337917507677,trailing_stop,40,-0.07835337917507677,332.4981091484859,331.9929959394927
HCA,2014-07-17,56.87968578293865,2014-10-16,61.71754688016401,19583,53.98542812675944,1.4471288280896066,2.8942576561792137,94739.83386696417,94043.08698479169,1.6715378075951763,trailing_stop,91,1.6715378075951763,334.16246600618626,362.5844161662755
EW,2014-07-31,15.370354541778562,2014-10-16,16.346969415664674,71273,14.75345859178,0.3084479749992815,0.6168959499985629,69606.27190648484,68928.09525735918,1.5831111776441176,trailing_stop,77,1.5831111776441176,328.647383776855,349.52926534880044
KO,2014-10-01,29.692447215750203,2014-10-16,29.702765037647232,36678,29.07070334634191,0.3108719347041456,0.6217438694082915,378.4370715392382,-275.11220696979507,0.016594971667108868,trailing_stop,15,0.016594971667108868,326.71787369378575,326.83140481524754
HRL,2014-10-01,19.274198737118862,2014-10-16,18.787294789836867,56504,18.78675473899397,0.2437219990624464,0.4874439981248919,-27512.02063722184,-28157.208626295975,-0.9988920761257202,stop_loss,15,-0.9988920761257202,326.72079763264924,318.46719144148267
BDX,2014-10-07,79.60233950277478,2014-10-16,78.18270275259503,13560,77.504771269105,1.0487841168348848,2.097568233669776,-19250.274332437384,-19892.14388433223,-0.6768012250528982,stop_loss,9,-0.6768012250528982,323.8223170972878,318.0472347975566
DTE,2014-10-09,46.02666163824301,2014-10-16,44.78184292684068,11824,44.78320932752445,0.6217261553592797,1.2434523107185598,-14718.736443621165,-15040.852371014429,-1.0010988766291984,stop_loss,7,-1.0010988766291984,163.26577416317562,158.85015323008926
KR,2014-10-09,21.564252028303823,2014-10-16,20.445109267941934,50475,21.002453052135248,0.28089948808428783,0.5617989761685749,-56488.73082926635,-57124.857582694756,-1.9920697755527346,stop_loss,7,-1.9920697755527346,326.53668633859064,309.59006708981076
AAPL,2014-04-29,18.510693699278082,2014-10-17,21.460217030090764,58219,17.883427176698852,0.3136332612896152,0.6272665225792302,171718.2987965835,171020.17886105756,4.702185155178796,trailing_stop,171,4.702185155178796,323.3022229434811,374.8177125824563
IEF,2014-10-13,81.48902367667105,2014-10-20,81.99676977143486,6588,80.86101062087799,0.31400652789652905,0.6280130557930619,3345.0312723039347,3021.917950133098,0.8084960815386483,trailing_stop,7,0.8084960815386483,161.05490639457267,162.05841577626384
VCIT,2014-10-09,57.59957866114479,2014-10-24,57.53087561447015,18897,57.18961414305596,0.20498225904441442,0.4099645180888274,-1298.281473010712,-1950.9675313446005,-0.16758290935742923,trailing_stop,15,-0.16758290935742923,326.53777138789593,326.1482869459927
BALL,2014-10-22,30.24311360730482,2014-10-28,29.18206656995093,34836,29.266921508091848,0.488096049606487,0.9761920992129731,-36962.63459326015,-37583.67526625661,-1.0869244262572189,stop_loss,6,-1.0869244262572189,316.0647316872212,304.9759413092432
CCI,2014-10-22,52.420511287206466,2014-11-03,48.713773028694625,20098,50.621177840692155,0.8996667232571571,1.7993334465143107,-74498.02551957098,-75107.80457342528,-2.060061888858108,stop_loss,12,-2.060061888858108,316.06423075508263,293.71482309921134
HAS,2014-10-21,38.83163186566139,2014-11-14,38.12493939034331,27129,37.43753752661271,0.6970471695243441,1.394094339048685,-19171.860162904344,-19798.18660938559,-0.5069186894484665,stop_loss,24,-0.5069186894484665,316.03900226505834,310.2874442161871
AEP,2014-10-23,37.05115685455034,2014-11-14,37.401332207131354,14177,35.81148168887797,0.6198375828361872,1.2396751656723737,4964.435973541002,4647.782092312763,0.2824734755342815,trailing_stop,22,0.2824734755342815,157.58227521808809,159.07160601015036
UNP,2014-10-24,86.95329048112647,2014-12-01,89.93662315144466,6055,82.90545028404195,2.0239200985422623,4.0478401970845255,18064.079318776647,17742.758790663083,0.7370183913058004,trailing_stop,38,0.7370183913058004,157.95065215896625,163.36987595459922
CSX,2014-10-22,9.483809333849353,2014-12-02,9.658320191118662,111091,8.989014287946384,0.24739752295148443,0.4947950459029684,19386.58564490486,18748.630151587393,0.35269321856454455,trailing_stop,41,0.35269321856454455,316.06975881199753,321.885734505469
ALK,2014-10-28,47.53954645686077,2014-12-02,50.39997305149908,22296,44.80476657009289,1.3673899433839412,2.734779886767882,63776.07135405581,63120.9734959683,1.045943992962054,trailing_stop,35,1.045943992962054,317.9825183406503,337.11533974686705
MCO,2014-10-27,85.8297021797782,2014-12-09,85.71068926646294,12321,82.52727933954719,1.6512114201155033,3.302422840231003,-1466.3581049573127,-2100.4228538600537,-0.03603806025849029,trailing_stop,43,-0.03603806025849029,317.2523281671141,316.812420735627
WMT,2014-11-14,22.132259010374284,2014-12-10,22.57454930725899,49639,21.491670913761148,0.32029404830656877,0.6405880966131363,21954.848047059964,21289.087669636265,0.6904441391014711,trailing_stop,26,0.6904441391014711,329.5869615047907,336.1734159189087
NVR,2014-12-02,1276.7755,2014-12-11,1242.5662485351563,872,1228.1174202381003,24.329039880949807,48.65807976189967,-29830.46727734366,-30489.527078760457,-0.7030538737295225,stop_loss,9,-0.7030538737295225,334.00447080000004,325.05533061679694
KDP,2014-10-24,8.224103662227128,2014-12-15,8.693682937358476,128045,7.917816107650263,0.1531437772884323,0.30628755457686463,60127.2782841935,59477.406888650316,1.5331320783832394,trailing_stop,52,1.5331320783832394,315.9166060289618,333.9547895142198
ADP,2014-11-03,62.84861507323481,2014-12-15,64.09960603823421,8597,60.91171632403562,0.968449374599593,1.9368987491991874,10754.769326099866,10427.357169031276,0.64587318542935,trailing_stop,42,0.64587318542935,162.09286313537987,165.31929393320988
LLY,2014-12-03,57.51968762911625,2014-12-15,56.91468436379265,19458,55.857091389990806,0.8312981195627216,1.6625962391254419,-11772.15353666653,-12440.152739737938,-0.3638906735659642,trailing_stop,12,-0.3638906735659642,335.7654245662032,332.23377850520325
IBB,2014-10-24,92.17460318445359,2014-12-16,95.71130609792483,5712,87.82979932981188,2.172401927320858,4.344803854641711,20201.647041747754,19879.68574760147,0.8140074976440784,trailing_stop,53,0.8140074976440784,157.95040001687966,164.010894129404
MMM,2014-10-27,85.54798836205127,2014-12-16,91.15037988012232,6180,82.42159073999281,1.5631988110292312,3.1263976220584624,34622.77958167905,34295.18080695806,1.7919638495574195,trailing_stop,50,1.7919638495574195,158.60597042324306,168.9928042977468
XLY,2014-11-17,30.401611199630327,2014-12-16,30.47269236062559,17965,29.6491743484913,0.37621842556951374,0.7524368511390271,1276.9730572798971,948.8909982418979,0.09446794224347371,trailing_stop,29,0.09446794224347371,163.84948356040766,164.2325754775916
VTR,2014-12-15,51.64757318612525,2014-12-16,50.50573260900816,21484,50.17214731807775,0.737712934023751,1.4754258680475019,-24531.302958783494,-25189.701445294286,-0.7739057595812227,stop_loss,1,-0.7739057595812227,332.8789386992144,325.5195478115794
UNH,2014-10-22,75.84984141397499,2014-12-17,80.2299540368773,13890,72.85586332293892,1.4969890455180352,2.9939780910360696,60839.76433211318,60189.379824469484,1.4629741733970316,trailing_stop,56,1.4629741733970316,316.06628917203375,334.3182184716677
KIM,2014-10-24,13.750552091154157,2014-12-17,14.336175355424018,76583,13.333891351472914,0.20833036984062167,0.41666073968124273,44848.78644757877,44203.49669316638,1.4055158273800394,trailing_stop,54,1.4055158273800394,315.91755923905765,329.37219517333125
NDAQ,2014-12-12,12.897382065388056,2014-12-17,12.730439071397107,43415,12.505791962933285,0.19579505122738503,0.39159010245477077,-7247.830084117042,-7581.6196405131,-0.4263207699694886,trailing_stop,5,-0.4263207699694886,167.9819527106467,165.80760368541164
DG,2014-12-18,61.905290713531905,2014-12-22,59.026174769082715,17907,59.3731530821993,1.2660688156663007,2.5321376313326027,-51556.32921725164,-52205.985142970785,-1.1370297999694357,stop_loss,4,-1.1370297999694357,332.56141224216475,317.0945134769892
AON,2014-12-09,86.93418786267983,2015-01-05,84.19551616941754,12902,84.65615806084979,1.1390149009150246,2.278029801830044,-35334.34218647007,-35996.716818896704,-1.2022106519687283,stop_loss,27,-1.2022106519687283,336.48746754128854,325.88716488534754
ETR,2014-12-15,27.615662356656873,2015-01-06,27.751647653085943,20090,26.61100606242384,0.5023281471165161,1.0046562942330333,2731.944605260007,2398.245827831287,0.135355043520513,trailing_stop,22,0.135355043520513,166.43959702357097,167.259180405149
CVS,2014-12-17,66.86106787123924,2015-01-06,68.02868026164894,16403,64.80376788016295,1.0286499955381483,2.0572999910762917,19152.346039890326,18488.567078303196,0.5675460047024333,trailing_stop,20,0.5675460047024333,329.0166288875812,334.7623326995483
ORCL,2014-12-19,38.040365957957135,2015-01-06,37.18959099438541,29415,36.55440784431814,0.7429790568194978,1.4859581136389934,-25025.545553462238,-25689.412308588187,-0.5725430318410812,trailing_stop,18,-0.5725430318410812,335.68720939599274,328.1795457299541
ACN,2014-12-19,74.78865352858116,2015-01-06,72.44514428539338,14961,72.34270159166174,1.222975968459714,2.4459519369194282,-35061.24178733241,-35722.07124206087,-0.9581174543189641,stop_loss,18,-0.9581174543189641,335.6739136323308,325.1555410961311
CTAS,2014-12-22,17.734457242474615,2015-01-06,17.208252979490887,63283,17.111443004675852,0.3115071188993814,0.6230142377987633,-33299.784374399314,-33963.16823369231,-0.844610333213116,stop_loss,15,-0.844610333213116,336.6868973026563,326.69696199033655
GPC,2014-10-22,66.08869334868301,2015-01-07,73.18298941861127,15941,63.82259230495275,1.1330505218651294,2.2661010437302593,113090.17365072643,112424.1346822284,3.130617714314383,trailing_stop,77,3.130617714314383,316.0559582014068,349.98301029662474
AZO,2014-12-10,606.8562499999999,2015-01-13,598.7806248779297,926,587.5449586942725,9.655645652863702,19.311291305727423,-7478.028863037078,-7812.9547868781665,-0.4181815184816344,trailing_stop,34,-0.4181815184816344,168.58466625,166.34125759108886
ORLY,2014-10-24,11.193182160377502,2015-01-16,11.955365507125855,94080,10.77806132459107,0.20756041789321614,0.415120835786432,71706.20926208505,71052.86465271743,1.8360517734659672,trailing_stop,84,1.8360517734659672,315.9163732944946,337.4282360731201
WTW,2014-12-18,99.77065204265546,2015-01-21,96.22360193335355,11110,96.61587494105868,1.577388550798392,3.1547771015967783,-39407.726714344186,-40060.97556284622,-1.1243425430933238,stop_loss,34,-1.1243425430933238,332.5355832581706,320.7132652438674
PG,2014-10-27,61.64511259007505,2015-01-28,63.17744414424347,17155,60.01358674317479,0.8157629234501307,1.63152584690026,26287.147811759285,25644.748523526116,0.939201519289261,trailing_stop,93,0.939201519289261,317.25657194482125,325.14271628834905
IFF,2015-01-16,80.55509087922493,2015-01-29,80.3941268419221,13961,77.99382311117809,1.2806338840234206,2.5612677680468465,-2247.2189247848473,-2921.322533366327,-0.06284545462639368,trailing_stop,13,-0.06284545462639368,337.38888712945777,336.71472145202233
ZBH,2015-01-06,103.82202235306109,2015-01-30,99.04233206279379,10654,100.10812315921206,1.856949596924515,3.7138991938490307,-50922.820352507784,-51571.21540209174,-1.2869736201196393,stop_loss,24,-1.2869736201196393,331.8359478448538,316.5591017391015
PLD,2015-01-28,33.96709757464376,2015-01-30,32.91081453597708,16936,32.921587419690866,0.5227550774764479,1.0455101549528933,-17889.20954285885,-18229.002838710494,-1.0103039493808355,stop_loss,2,-1.0103039493808355,172.58002935725,167.21326649439234
BXP,2015-01-07,86.803455748819,2015-02-02,89.19484937070224,6353,84.32478766764608,1.2393340405864632,2.478668081172927,15192.523679824217,14857.08851009692,0.9647897756248232,trailing_stop,26,0.9647897756248232,165.43870631167414,169.9964634156214
DUK,2014-10-02,46.542405281705605,2015-02-09,51.84491443827832,23042,45.423017193084945,0.5596940443103298,1.11938808862066,122180.41598574856,121500.3037994522,4.7369712171107805,trailing_stop,130,4.7369712171107805,321.72903075031815,358.3831555460428
ED,2014-10-09,38.346999153426424,2015-02-09,43.954712263006904,14192,37.420062292998395,0.4634684302140159,0.9269368604280288,79584.66445116617,79234.25668463956,6.049725012544029,trailing_stop,123,6.049725012544029,163.26618359562835,187.1415829309782
OHI,2015-01-07,17.40397241696294,2015-02-09,17.084339312052315,63379,16.771358600423607,0.3163069082696658,0.6326138165393331,-20258.02655613054,-20913.776968852515,-0.5052578627813643,trailing_stop,33,-0.5052578627813643,330.9139103444083,324.83650237756905
SPG,2015-01-07,109.27527056290005,2015-02-09,111.15340209870371,5047,106.04099250881433,1.6171390270428574,3.2342780540857206,9478.929861201075,9145.178807924141,0.5806957547855541,trailing_stop,33,0.5806957547855541,165.45368715928697,168.2973661176473
TLT,2015-01-07,95.56591162738705,2015-02-09,96.49643011828617,11542,93.5246846226317,1.020613502377675,2.0412270047553562,10740.04442195762,10075.009357429051,0.45586232630242995,trailing_stop,33,0.45586232630242995,330.9065256009904,334.1285389275777
VTR,2015-01-07,52.87698177779813,2015-02-09,53.42683171519717,10430,51.0973660906399,0.8898078435791119,1.779615687158227,5734.934847071971,5402.310214652389,0.3089711679700151,trailing_stop,33,0.3089711679700151,165.45207598273038,167.17255643685192
VNQ,2015-01-15,55.385441204852775,2015-02-09,54.34896899553076,10163,54.07104818337683,0.6571965107379735,1.3143930214759436,-10533.667063339626,-10868.236306599576,-0.7885557762305752,trailing_stop,25,-0.7885557762305752,168.86467168947564,165.70457157047375
DLR,2015-01-21,48.36749531759487,2015-02-09,46.1706860866602,23461,46.907475673968705,0.7300098218130853,1.4600196436261683,-51539.34136695843,-52204.729449136,-1.504643612519202,stop_loss,19,-1.504643612519202,340.42494229382805,324.96313988374044
IEF,2015-01-29,85.11026031768594,2015-02-09,83.93985028672554,6719,84.1513648645568,0.4794477265645744,0.9588954531291449,-7863.984998022909,-8204.739305968222,-1.2205814795982408,stop_loss,11,-1.2205814795982408,171.55675172235954,169.19755622295267
LQD,2015-02-02,83.00111776989459,2015-02-09,81.70609957469725,6828,82.14517565811875,0.42797105588792145,0.8559421117758461,-8842.38423680746,-9179.770500816121,-1.5129740403945475,stop_loss,7,-1.5129740403945475,170.01948963985205,167.3667743688098
BND,2015-02-02,60.51977244885344,2015-02-09,59.9096319028401,9364,60.12803022588373,0.19587111148485667,0.39174222296971095,-5713.356072868922,-6051.6663555737,-1.557505191521099,stop_loss,7,-1.557505191521099,170.0121447633191,168.2981379414584
AGG,2015-02-02,82.03750403066508,2015-02-09,81.32558978271109,6908,81.49214708945357,0.272678470605754,0.5453569412115087,-4917.903624866126,-5256.457300484966,-1.3054097127148863,stop_loss,7,-1.3054097127148863,170.0145233531503,168.5391522656905
FRT,2015-01-07,92.53206381277123,2015-02-10,93.80018851390913,5960,89.88860636950801,1.3217287216316111,2.643457443263216,7558.0232187819265,7224.861151621822,0.4797220036092091,trailing_stop,34,0.4797220036092091,165.44733009723495,167.71473706286955
XEL,2014-12-02,24.021086092551602,2015-02-17,24.421946140107927,23177,23.265134108979137,0.3779759917862329,0.7559519835724657,9290.733322212942,8953.904074796037,0.53027183771904,trailing_stop,77,0.53027183771904,167.02101371012054,169.80823370678442
NI,2015-02-04,12.240969245169577,2015-02-17,11.674507460109522,46623,11.74063163493634,0.2501688051166179,0.5003376102332364,-26410.147804854925,-26744.651185983996,-1.13215911311563,stop_loss,13,-1.13215911311563,171.21321273526237,163.2901683938059
WTW,2015-02-12,108.74464907418296,2015-02-17,106.67732522692725,10369,105.25369286621714,1.745478103982912,3.490956207965823,-21436.08097219443,-22106.194107652896,-0.5921941508571187,stop_loss,5,-0.5921941508571187,338.27197987506094,331.8411555834026
EXR,2015-01-07,40.90407002725843,2015-02-20,42.17363642324943,13483,39.63639588591485,0.6338370706717897,1.2676741413435764,17117.563717146644,16781.522702324986,1.0014926979936796,trailing_stop,44,1.0014926979936796,165.4528728532576,170.5881419684016
BALL,2015-02-17,32.97029263693618,2015-02-26,32.25272096904299,17176,31.617804712972116,0.6762439619820322,1.3524879239640626,-12325.010967733417,-12661.092112242306,-0.5305568021561544,trailing_stop,9,-0.5305568021561544,169.88932389960476,166.19182060928472
CUBE,2014-10-24,12.724743084182089,2015-02-27,14.851074684057716,41378,12.288763033299194,0.21799002544144747,0.43598005088289504,87983.34893965369,87641.03928336942,4.8771304915663745,trailing_stop,126,4.8771304915663745,157.95732580118593,184.35233048308208
FIS,2015-02-23,55.84076218310356,2015-03-05,54.593169762660324,10248,54.18936680114201,0.8256976909807738,1.6513953819615494,-12785.327124702253,-13124.84520507631,-0.7554777214898871,stop_loss,10,-0.7554777214898871,171.67683925573357,167.8412411183229
CRM,2015-02-27,68.73077413480532,2015-03-05,63.94854265476764,16619,65.21768971331062,1.7565422107473467,3.513084421494696,-79475.9049667461,-80137.40423646387,-1.3612628978619872,stop_loss,6,-1.3612628978619872,342.6710206038989,318.828249113875
PEP,2015-02-12,70.60869647912838,2015-03-09,68.06820675087016,7985,68.42370655943148,1.0924949598484508,2.1849899196969034,-20285.810480141907,-20618.01100182937,-1.1627008918240838,stop_loss,25,-1.1627008918240838,169.14313241575206,163.0573892717095
BLK,2015-02-18,286.39150958121735,2015-03-10,272.9155068000725,1976,275.54549952411804,5.423005028549651,10.846010057099306,-26628.581495542265,-26960.138694853093,-1.2424848133276523,stop_loss,20,-1.2424848133276523,169.77288687974567,161.78431243108298
HRL,2015-02-17,21.01918040061536,2015-03-12,20.758872518732623,53886,20.270619384105064,0.3742805082551489,0.7485610165102976,-14026.950523133244,-14702.326171016839,-0.34774437372689115,trailing_stop,23,-0.34774437372689115,339.79186652026783,335.5837813633278
CME,2015-02-09,59.73230224723614,2015-03-26,60.74168485673903,18829,57.292791339601045,1.219755453817548,2.4395109076350963,19005.66515432984,18325.143743375615,0.4137643354427133,trailing_stop,45,0.4137643354427133,337.40985570396276,343.11155525026174
CRL,2015-02-12,74.05398336029052,2015-03-26,76.86306243896485,15227,71.01013090205814,1.5219262291161861,3.0438524582323794,42773.84713097402,42084.44297405844,0.9228696585069085,trailing_stop,42,0.9228696585069085,338.2860013881431,351.11815552743536
EFX,2015-02-13,82.23823151257925,2015-03-26,81.63980998895845,13780,79.73534754013889,1.2514419862201787,2.502883972440358,-8246.248595494626,-8923.720419061983,-0.2390927946361525,trailing_stop,41,-0.2390927946361525,339.97284907300264,337.4989744943542
BMY,2015-03-05,45.381450063178384,2015-03-26,44.30932959005256,25045,43.62332518849921,0.8790624373395893,1.7581248746791758,-26851.257249436192,-27525.148922360746,-0.6098090576879317,trailing_stop,21,-0.6098090576879317,340.9735250496908,332.9181478748599
APH,2015-03-05,13.166177787298176,2015-03-26,12.936470868458994,43163,12.774228464851545,0.19597466122331564,0.3919493224466315,-9914.839737855644,-10252.840325034178,-0.5860628037454,trailing_stop,21,-0.5860628037454,170.48751954994538,167.51306762858866
PNC,2015-03-09,65.7519499551299,2015-03-26,64.80769415641382,8573,63.77739063307889,0.9872796610255069,1.9745593220510145,-8095.104962392999,-8430.891311083478,-0.47821090416025985,trailing_stop,17,-0.47821090416025985,169.1074400895986,166.67890860088067
ADI,2015-03-31,51.3504042454918,2015-04-07,50.074012142060866,22490,49.064573434039104,1.1429154057263475,2.2858308114526977,-28706.058406161756,-29390.368943528574,-0.5583930783660055,stop_loss,7,-0.5583930783660055,346.46117744433315,337.84935992248467
THO,2015-04-07,51.77231203082225,2015-04-09,50.382768725094316,11170,50.085177366886384,0.843567331967934,1.6871346639358649,-15521.198724981015,-15863.520400594092,-0.8236113781731628,stop_loss,2,-0.8236113781731628,173.48901761528535,168.83265799779105
IFF,2015-02-13,88.37841984478507,2015-04-20,89.89361423224496,6411,85.11552121541821,1.6314493146834266,3.262898629366859,9713.911218005327,9371.040614864976,0.4643706592116525,trailing_stop,66,0.4643706592116525,169.97821488747513,172.89238825287674
TRV,2014-10-24,74.91624675508541,2015-04-22,79.65180386580717,14056,72.98318052318592,0.9665331159497443,1.9330662318994882,66562.99074830502,65911.20819244685,2.4497645412120503,trailing_stop,180,2.4497645412120503,315.90682931684415,335.87572654133567
RMD,2014-12-18,47.82007219060811,2015-04-27,56.80747572410539,23181,46.25833991924719,0.7808661356804575,1.561732271360917,208337.00131000043,207609.38995353715,5.754765844510289,trailing_stop,130,5.754765844510289,332.555128035146,395.05622842814614
RGA,2015-03-12,74.15784725351875,2015-04-27,73.79219820801663,7581,71.91123814031057,1.1233045566040896,2.24660911320818,-2771.9854139516033,-3108.468202344773,-0.1627559700316419,trailing_stop,46,-0.1627559700316419,168.6571920086777,167.8255963844922
HLT,2015-03-30,58.04443490628758,2015-04-29,58.95494006696389,19723,55.775407515647835,1.1345136953198707,2.2690273906397422,17957.89328401897,17265.61968223974,0.4012755264358455,trailing_stop,30,0.4012755264358455,343.443116897013,348.8304848822187
LH,2015-01-05,91.85438940839113,2015-04-30,98.61954329826362,12150,88.36143957372242,1.7464749173343548,3.492949834668707,82196.6197619508,81502.34227723505,1.9368024764415612,trailing_stop,115,1.9368024764415612,334.8092493935857,359.46823532217087
BA,2015-01-29,122.29822121856976,2015-04-30,127.6968618796526,9352,117.66304538296349,2.317587917803139,4.635175835606276,50488.08746244669,49786.70125730632,1.1647110816404875,trailing_stop,91,1.1647110816404875,343.1198894508193,358.2663156895533
LOW,2014-10-24,44.58979088897183,2015-05-01,55.26796850588968,11808,42.99013586961766,0.7998275096770833,1.5996550193541665,126087.92130056597,125734.18517368562,6.675300291452205,trailing_stop,189,6.675300291452205,157.95487524509377,195.78125163526357
ESS,2014-11-03,139.2761483611702,2015-05-01,156.0998216956368,3879,135.4961628566927,1.8899927522387379,3.77998550447748,65259.02886439596,64915.29984804085,4.450724298952622,trailing_stop,179,4.450724298952622,162.07565384789373,181.65336250721253
EL,2015-02-09,68.59194583829961,2015-05-01,70.89679003428903,16397,65.78845118550413,1.4017473263977418,2.8034946527954787,37792.53028163848,37106.371241007626,0.8221325457821593,trailing_stop,81,0.8221325457821593,337.41064077317964,348.7483998576711
PFE,2015-02-11,19.81646402210095,2015-05-01,19.695435148543083,56834,19.017119859878544,0.3996720811112026,0.799344162222404,-6878.554999787703,-7552.240783027019,-0.15141021762312043,trailing_stop,79,-0.15141021762312043,337.8746748696256,335.81110836968924
DVA,2015-03-12,79.77969694519042,2015-05-01,81.60831243896484,14094,77.32524280319942,1.2272270709955018,2.4544541419910075,25772.506769256695,25090.12598797861,0.7450192132296604,trailing_stop,50,0.7450192132296604,337.3245146236542,345.05626665443117
ALL,2014-10-28,49.26153159140545,2015-05-07,52.57059834575434,10758,48.02599431322401,0.6177686390907196,1.2355372781814395,35598.94014328536,35270.287127126176,2.678241128603933,trailing_stop,191,2.678241128603933,158.98666705810194,169.66634910108755
VRSK,2015-04-30,72.24919424685109,2015-05-07,66.97149942563784,15936,70.00700239253592,1.121095927157585,2.242191854315166,-84105.34467085428,-84770.93096316372,-2.3538105408135177,stop_loss,7,-2.3538105408135177,345.40894785534573,320.17734445408945
LYV,2015-05-05,27.777749999999997,2015-05-07,26.623349618911742,41717,26.69837741818558,0.539686290907209,1.0793725818144182,-48158.120697858736,-48838.95589969938,-1.0695105661732816,stop_loss,2,-1.0695105661732816,347.641319025,333.1938828156423
VTV,2015-05-05,65.03910926895688,2015-05-07,64.01718737528044,8908,63.86257647389381,0.5882663975315345,1.1765327950630677,-9103.280228869682,-9448.170276021743,-0.8685876823532617,stop_loss,2,-0.8685876823532617,173.81051561036034,171.07953154169945
BWXT,2015-05-08,21.74029736520025,2015-05-13,21.06590309506192,52648,21.01348180913997,0.3634077780301378,0.7268155560602771,-35505.509534242745,-36181.607786792316,-0.927875393578394,stop_loss,5,-0.927875393578394,343.3749527049188,332.72329984464596
ALLE,2015-05-12,55.728107781967736,2015-05-27,54.24559078144818,20694,53.91722427255389,0.9054417547069255,1.8108835094138485,-30679.206808751722,-31361.94552417312,-0.8186705510391568,stop_loss,15,-0.8186705510391568,345.9712387320121,336.76747668938657
YUM,2015-04-27,50.94923357125854,2015-06-01,52.458671225535014,22925,49.17561846355619,0.8868075538511739,1.7736151077023479,34603.85822428819,33892.67035904824,0.8510514190600773,trailing_stop,35,0.8510514190600773,350.4033538863306,360.78451135361706
COR,2014-10-28,58.29989646907634,2015-06-03,82.45055959963159,9090,56.59852230406034,0.8506870825080011,1.7013741650159986,219529.52785674724,219145.70136304788,14.194798314883402,trailing_stop,218,14.194798314883402,158.98381767117118,224.8426760281953
STE,2014-10-23,52.4168679569473,2015-06-05,57.00500486280252,20043,50.22515557435187,1.0958561912977183,2.1917123825954334,91960.02800405622,91302.08522497833,2.0934028307226766,trailing_stop,225,2.0934028307226766,315.1773853383284,342.76539373954523
EQIX,2015-05-01,199.53887899112388,2015-06-10,200.03915039210236,5732,191.55850472763268,3.9901871317456057,7.9803742634912,2867.555670408629,2180.441291081233,0.06268771168629646,trailing_stop,40,0.06268771168629646,343.1270563131366,343.9873230142592
FXI,2015-03-31,33.78932488523739,2015-06-11,37.161256141646916,34179,32.79916402890935,0.49508042816401787,0.9901608563280391,115249.23841282114,114521.73244014577,3.4054378486685075,trailing_stop,72,3.4054378486685075,346.46560057575863,381.040372099605
EL,2015-05-06,75.3724645898323,2015-06-16,75.26169587770266,15179,72.84163000259906,1.2654172936166188,2.530834587233244,-1681.3582814158176,-2367.3010579368315,-0.0437676617383103,trailing_stop,41,-0.0437676617383103,343.2235920027194,342.71918451829464
WAT,2015-05-11,130.53039389038085,2015-06-26,130.7191560974121,8844,126.2671780895587,2.1316079004110753,4.263215800822152,1669.4129589844656,976.2656529568534,0.04427695332590432,trailing_stop,46,0.04427695332590432,346.32324106995844,346.82406495765383
SHW,2014-12-12,74.92747277354958,2015-06-30,83.42665156085181,7473,72.62068182376458,1.1533954748924948,2.3067909497849968,63514.363077509544,63159.348966164245,3.684416564966318,trailing_stop,200,3.684416564966318,167.9799012110208,187.03421013427368
APTV,2015-04-07,65.98046197823233,2015-06-30,67.36534958507488,17529,63.53626842905757,1.2220967745873783,2.4441935491747557,24275.69486034313,23574.469241075167,0.5666030856313077,trailing_stop,84,0.5666030856313077,346.9714554049304,354.2541638630333
BNY,2015-04-23,32.26910200318039,2015-06-30,32.195975357929136,18073,31.363046470769252,0.4530277662055714,0.9060555324111412,-1321.61785962597,-1671.1410625701697,-0.08070878951167246,trailing_stop,68,-0.08070878951167246,174.95984415104377,174.563358793156
LYV,2015-05-27,28.448420076370237,2015-06-30,27.812160152435304,40847,27.434255339978794,0.5070823681957211,1.014164736391443,-25989.309112970204,-26678.731889152008,-0.6273733458716435,trailing_stop,34,-0.6273733458716435,348.6097844578485,340.81299172395745
SF,2015-06-11,23.180837360401785,2015-06-30,22.565992387204357,50722,22.2675065787239,0.45666539083894264,0.9133307816778853,-31186.16673051995,-31882.277940057375,-0.6731898076049653,stop_loss,19,-0.6731898076049653,352.7335297782898,343.37767975913385
UNM,2015-06-11,25.959258636722247,2015-06-30,25.36501923590259,22646,25.19740380219255,0.3809274172648477,0.7618548345296965,-13457.145470961941,-13805.83234997298,-0.7799903260920943,stop_loss,19,-0.7799903260920943,176.36201132616358,172.32486768487502
AGCO,2015-07-01,45.306435517818215,2015-07-02,44.06405075017322,25720,43.63216428043904,0.8371356186895877,1.6742712373791733,-31954.136223829206,-32643.71889587303,-0.7420450999264396,stop_loss,1,-0.7420450999264396,349.58445645548534,339.9982155883366
PNR,2015-07-01,38.62760282005731,2015-07-07,36.89157104292531,30168,37.29187447179193,0.6678641741326916,1.3357283482653841,-52372.60665251834,-53056.085383647885,-1.2996892514757714,stop_loss,6,-1.2996892514757714,349.59525656264674,333.8834745668912
KRE,2015-05-15,32.243617031361644,2015-07-08,32.9491366844826,17982,31.338221227663162,0.45269790184924136,0.9053958036984824,12686.654402421083,12334.96557322559,0.7792389253837465,trailing_stop,54,0.7792389253837465,173.9414164373835,177.74741275810985
ZION,2015-06-03,22.830605535460755,2015-07-08,22.606290364527684,25422,21.963629698825613,0.43348791831757144,0.8669758366351417,-5702.540275460533,-6049.069305731385,-0.2587328982589303,trailing_stop,35,-0.2587328982589303,174.119896176745,172.40913409410683
DE,2015-07-01,81.13637395267281,2015-07-08,79.62098942493363,14362,78.78113229991249,1.1776208263801613,2.355241652760327,-21763.9525873902,-22456.591763238954,-0.6434093613974458,stop_loss,7,-0.6434093613974458,349.58418081248607,343.054995036269
JPM,2015-04-15,47.068717313708596,2015-07-09,49.83766487889049,12339,45.58276981927522,0.7429737472166864,1.4859474944333755,34166.044006779426,33807.32565181708,1.863422210781248,trailing_stop,85,1.863422210781248,174.23427088015512,184.48408408218893
ILMN,2015-06-10,208.6130677490234,2015-07-23,213.26900042724608,5568,199.9923517107058,4.3103580191588,8.620716038317596,25924.2331523439,25219.52134566226,0.540086537768773,trailing_stop,43,0.540086537768773,348.4672683679687,356.24453831367185
GHC,2015-07-02,622.0646858984617,2015-07-27,595.6958306376362,1883,594.4062577911153,13.829214053673166,27.658428107346367,-49652.55445613444,-50340.46737192569,-0.9533750493153177,trailing_stop,25,-0.9533750493153177,351.40434106404103,336.5085747272007
C,2015-07-23,44.55689900504958,2015-07-27,42.70508521463431,26650,43.08481777984107,0.7360406126042565,1.4720812252085125,-49350.83751456697,-50048.49707840334,-1.2579562585977355,stop_loss,4,-1.2579562585977355,356.2324075453714,341.42715629100127
SWK,2015-05-07,75.9770900616087,2015-07-28,78.41567371135105,15011,73.90845706869061,1.034316496459052,2.068632992918097,36605.57916628228,35910.30223318351,1.1788382270275872,trailing_stop,82,1.1788382270275872,342.1476296744425,353.1293034243272
MPC,2015-07-08,39.63839019119522,2015-07-28,38.9165329555283,29601,37.81837833742186,0.9100059268866809,1.8200118537733587,-21367.696032976623,-22065.287316996473,-0.3966222715364881,trailing_stop,20,-0.3966222715364881,352.00079641487093,345.5904876049779
AIG,2015-06-16,47.74614134813741,2015-08-05,48.07969252926835,24451,46.26075321377442,0.7426940671814919,1.4853881343629851,8155.659929832689,7452.748690591755,0.22455489808661214,stop_loss,50,0.22455489808661214,350.2322706309923,352.6789686099421
HCA,2015-06-26,85.88629480648756,2015-08-06,84.1754490608633,13776,82.38757431506244,1.749360245712556,3.498720491425118,-23568.610991719732,-24271.44216677472,-0.4889918328192555,stop_loss,41,-0.4889918328192555,354.95087917625176,347.88029587873586
BIO,2015-05-07,142.89274999999998,2015-08-07,146.01384365844726,7981,137.9121815209611,2.490284239519446,4.98056847903888,24909.448488067734,24217.71943087131,0.6266541001459274,trailing_stop,92,0.6266541001459274,342.12811132499996,349.60094587142027
LLY,2015-06-01,65.50221578763282,2015-08-10,68.6018111578221,17697,63.57576980947801,0.9632229890774033,1.9264459781548098,54853.53926623964,54141.56757678353,1.608970822611976,trailing_stop,70,1.608970822611976,347.7578138381214,364.2138756179933
BKNG,2015-08-06,52.98847637613097,2015-08-13,50.933601482476895,22514,50.72728192764115,1.13059722424491,2.2611944484898174,-46263.453355727805,-46965.36385400042,-0.9087563853813905,stop_loss,7,-0.9087563853813905,357.8947671396638,344.0157311329454
GWRE,2015-07-10,57.006950763702385,2015-08-14,56.293648475646975,20327,54.5127834403734,1.2470836616644922,2.4941673233289876,-14499.295609302308,-15190.213993523785,-0.28598814577658666,trailing_stop,35,-0.28598814577658666,347.63408645213354,343.28429776934286
BR,2015-08-10,46.43385354503905,2015-08-20,45.379421282352546,25480,44.66229024107066,0.885781651984197,1.7715633039683922,-26866.93405325212,-27568.7547260327,-0.5951987492202632,trailing_stop,10,-0.5951987492202632,354.9403764982785,346.8802962823029
DPZ,2014-10-24,76.76762240933365,2015-08-21,93.95396879134992,13717,74.3803113491298,1.1936555301019267,2.3873110602038565,235745.11332211713,235042.5769021672,7.199039399812732,trailing_stop,301,7.199039399812732,315.9064429766489,386.62997697328404
CDNS,2015-07-29,20.820799236297606,2015-08-21,20.299679695129395,28184,19.973703460209865,0.42354788804387,0.8470957760877411,-14687.233148284866,-15034.915021745868,-0.6151837323224173,trailing_stop,23,-0.6151837323224173,176.04402170274352,171.63785175825805
HAS,2015-02-10,42.22305284177598,2015-08-24,48.920924702510405,26468,40.29763108560898,0.9627108780835035,1.9254217561670046,177279.27240991872,176555.55277062606,3.478651801498327,trailing_stop,195,3.478651801498327,335.2679287848379,388.4517105078136
ACN,2015-03-27,77.9162398601889,2015-08-24,76.4332715045061,14600,75.05818350738284,1.4290281764030275,2.8580563528060594,-21651.33799296888,-22327.388852746244,-0.5188730285974983,trailing_stop,150,-0.5188730285974983,341.27313058762735,334.7777291897367
BF-B,2015-06-05,32.211225542185666,2015-08-24,31.621261050567213,35939,31.32793252971933,0.44164650623316726,0.8832930124663356,-21202.733864275575,-21890.956584972657,-0.6679148179505583,trailing_stop,80,-0.6679148179505583,347.2917704281832,340.9309502689005
WRB,2015-07-02,12.845184690783993,2015-08-24,12.318174261596079,91218,12.471611533553952,0.18678657861502007,0.3735731572300409,-48072.83732966317,-48761.44271273863,-1.4107288465144965,trailing_stop,53,-1.4107288465144965,351.5136171371803,337.0917659382813
GIS,2015-07-08,38.82206708452977,2015-08-24,36.47217479066882,30224,37.74563336034434,0.5382168620927145,1.0764337241854278,-71023.14468965348,-71705.85263958428,-2.1830348130714627,trailing_stop,47,-2.1830348130714627,352.00744666884833,330.7005032619523
V,2015-07-27,68.80056758055143,2015-08-24,59.40555161287047,17061,66.50375392244733,1.1484068290520502,2.2968136581040994,-160288.3674246049,-160944.56480447258,-4.0904563304608965,stop_loss,28,-4.0904563304608965,352.1419450475364,304.0554348201549
PFG,2015-07-27,36.128262864490594,2015-08-24,33.45067554248959,16245,34.920925595425544,0.6036686345325261,1.2073372690650501,-43497.40604590629,-43836.499002232704,-2.2177625015042395,trailing_stop,28,-2.2177625015042395,176.07108907009493,163.02186725632302
MAS,2015-07-29,21.93080577770833,2015-08-24,21.19080880958906,53516,20.90570932128349,0.5125482282124212,1.0250964564248406,-39601.677745870744,-40293.98664374689,-0.721880329876571,trailing_stop,26,-0.721880329876571,352.0947005999517,340.2141972761905
GPN,2015-07-29,52.05153762541205,2015-08-24,50.11805002984293,11273,50.09955482494947,0.9759914002312895,1.9519828004625808,-21796.205664850757,-22141.732993342062,-0.9905249140058653,trailing_stop,26,-0.9905249140058653,176.03309509538101,169.49423339592576
MLM,2015-08-05,153.4733800186606,2015-08-24,140.5437337741792,7740,146.1663432060364,3.653518406312101,7.3070368126242045,-100075.46193228607,-100758.16967051305,-1.7694787334509035,trailing_stop,19,-1.7694787334509035,356.3651884033299,326.3425498236441
NDAQ,2015-08-07,14.687274714536466,2015-08-24,13.695244528489948,80370,14.193521991234011,0.24687636165122706,0.493752723302455,-79729.46605255868,-80413.7969740273,-2.009163978704451,trailing_stop,17,-2.009163978704451,354.1248806421887,330.2060408264211
AZO,2015-08-14,739.7389999999999,2015-08-24,666.333,1610,718.1732876464354,10.78285617678229,21.56571235356455,-118183.65999999992,-118862.79277599991,-3.403829133790094,stop_loss,10,-3.403829133790094,357.2939369999999,321.83883899999995
SCI,2015-02-12,20.471724790609937,2015-08-25,24.248897924053956,27541,19.780678239206384,0.3455232757017757,0.6910465514035522,104027.12526818174,103657.63006712637,5.465873645953924,stop_loss,194,5.465873645953924,169.14353173745647,200.35166931791102
SEIC,2015-04-22,39.30196638623759,2015-08-25,43.21532222940344,29643,38.107425055571646,0.5972706653329695,1.1945413306659418,116003.60725896538,115269.78926303535,3.276032182983745,trailing_stop,125,3.276032182983745,349.5084568761722,384.3095390538619
AVY,2015-04-30,44.129581097656086,2015-08-25,47.75251524130536,26091,42.74056880893357,0.6945061443612608,1.389012288722519,94525.97474195322,93806.78600927927,2.6082808432035574,trailing_stop,117,2.6082808432035574,345.4154701256835,373.77326254826943
FLG,2015-05-01,30.083914190799643,2015-08-25,31.158005032462526,19010,29.243624323386754,0.4201449337064444,0.8402898674128885,20418.46690001141,20069.204234681147,1.2782384785500613,stop_loss,116,1.2782384785500613,171.56856263013034,177.69410270013375
ACGL,2015-07-02,21.75610476478786,2015-08-25,21.848795664313393,26928,21.17815033083155,0.28897721697815465,0.577954433956311,2495.980542423538,2143.722714797086,0.16037752127106128,stop_loss,54,0.16037752127106128,175.75451673186225,176.5033108945893
PGR,2015-07-08,21.22976218497176,2015-08-25,21.51840049216611,27635,20.663132285726842,0.2833149496224597,0.5666298992449192,7976.51961931578,7622.115976640968,0.5093947699882785,stop_loss,48,0.5093947699882785,176.0053433945084,178.39829928030312
FIS,2015-08-13,57.99358902185377,2015-08-25,55.44024512051391,20471,55.98766345036865,1.0029627857425603,2.005925571485122,-52269.50300432838,-52966.1342099469,-1.2729006188646632,stop_loss,12,-1.2729006188646632,356.1560282599106,340.4751773586121
ARMK,2015-08-20,21.027792865949504,2015-08-25,19.893957669516492,56713,20.251847353788673,0.3879727560804155,0.7759455121608312,-64303.19549530539,-64999.434066740745,-1.4612304326312027,stop_loss,5,-1.4612304326312027,357.7647650419783,338.4738063933867
CCI,2015-10-23,56.37264403013959,2015-10-29,55.19606026754806,9661,54.648965850170256,0.861839089984667,1.7236781799693333,-11366.97573039674,-11690.335306062727,-0.6826006015882036,stop_loss,6,-0.6826006015882036,163.38483419255357,159.97474147343456
KO,2015-10-23,31.205389602691145,2015-11-03,30.33047851237372,17454,30.321643787500896,0.4418729075951247,0.8837458151902489,-15270.698170400345,-15592.912283024449,-0.9900030928339713,stop_loss,11,-0.9900030928339713,163.39766103761139,158.8164515864913
KDP,2015-10-23,11.34605979548228,2015-11-09,10.824954700236704,48004,10.97993579027644,0.18306200260292038,0.3661240052058403,-25015.1289921686,-25334.41820612435,-1.423302181326795,stop_loss,17,-1.423302181326795,163.3968763266994,155.89233762904882
KMB,2015-10-23,83.83097150085494,2015-11-09,81.11968101575509,6497,81.49464828699615,1.168161606929393,2.3363232138587904,-17615.25428169374,-17936.75959851386,-1.160494604948836,stop_loss,17,-1.160494604948836,163.39494655231638,158.11037026780826
MSCI,2015-11-03,63.068780739647394,2015-11-09,60.168364247015205,8686,60.48467815003927,1.2920512948040614,2.584102589608122,-25193.017655003194,-25514.14900740944,-1.1224076413591753,stop_loss,6,-1.1224076413591753,164.3446288513732,156.7867235548722
CLX,2015-11-03,92.16560844534447,2015-11-09,89.55797129454479,5944,89.63558668602438,1.2650108796600485,2.5300217593200927,-15499.795224353355,-15823.844711745525,-1.030677756502954,stop_loss,6,-1.030677756502954,164.34971297973829,159.69977441243228
NOC,2015-10-29,158.8495323303806,2015-11-10,152.1208928668279,3430,152.8038035358852,3.0228643972477007,6.045728794495403,-23079.233359985847,-23399.221927513776,-1.1129575427993241,stop_loss,12,-1.1129575427993241,163.45616876796169,156.5323987599659
DLR,2015-11-02,51.20772921281395,2015-11-10,49.72158320158435,21286,49.33165648232493,0.9380363652445098,1.876072730489021,-31634.103995033267,-32278.618398249135,-0.7921579942384314,stop_loss,8,-0.7921579942384314,327.00231720718733,317.51208600867733
CB,2015-10-23,95.25995324633953,2015-11-13,91.9680087805504,5717,92.0554406794784,1.6022562834305725,3.2045125668611405,-18820.04651091645,-19141.161188588772,-1.0272839931514544,stop_loss,21,-1.0272839931514544,163.38034581279695,157.73433185952197
ORLY,2015-10-30,18.4183996181488,2015-11-13,17.704278121948242,29573,17.72097158030406,0.34871401892237064,0.6974280378447411,-21118.715007139115,-21439.191791781483,-1.0239357431161,stop_loss,14,-1.0239357431161,163.40619957225434,157.0705850701126
FISV,2015-10-29,48.098049236297605,2015-12-04,46.85310152435303,11328,46.53921014404999,0.77941954612381,1.5588390922476165,-14102.767680908157,-14425.449671653152,-0.7986377286378831,trailing_stop,36,-0.7986377286378831,163.45641052463378,159.22558022036134
AIZ,2015-11-23,69.75315992808846,2015-12-04,67.87007584247014,15703,67.41426865851113,1.1694456347886681,2.3388912695773314,-29570.069396464503,-30218.398697856028,-0.8051182669806706,stop_loss,11,-0.8051182669806706,328.60016110523196,319.7291402862926
IT,2015-12-01,93.86376663970947,2015-12-04,90.82907817077637,11714,90.8825880882642,1.4905892757226336,2.981178551445268,-35548.34072508231,-36197.38832031532,-1.0179492494543436,stop_loss,3,-1.0179492494543436,329.856048725267,319.1915465077424
PSX,2015-11-02,59.437020515373256,2015-12-08,57.77740960072817,9169,56.485130525630765,1.4759449948712458,2.95188998974249,-15216.97247638079,-15539.39420930115,-0.5622197712015219,trailing_stop,36,-0.5622197712015219,163.49341233163722,158.92832058872295
ROP,2015-10-27,170.93991964370986,2015-12-09,174.3196625153025,3185,164.7128321417187,3.1135437509955803,6.22708750199115,10764.481046022558,10434.585515269622,0.5427485755599141,trailing_stop,43,0.5427485755599141,163.33309321956477,166.56243753337154
ICE,2015-10-28,44.82809387061529,2015-12-10,44.095242802262774,12136,42.69138759429484,1.068353138160227,2.136706276320453,-8893.880565526142,-9217.632649684756,-0.34298166129531565,trailing_stop,43,-0.34298166129531565,163.21012416413615,160.54195999447833
STE,2015-10-29,63.503998621098994,2015-12-10,64.81606926026102,17160,60.46279316090589,1.5206027300965534,3.0412054601931047,22515.13216802032,21854.540458567077,0.4314311072816211,trailing_stop,42,0.4314311072816211,326.91858490141766,333.67312455182366
DHR,2015-10-23,38.627325208127665,2015-12-14,38.1942618598938,14100,37.23936893226609,0.6939781379307873,1.3879562758615762,-6106.193210097504,-6431.148523395234,-0.31201512307370105,trailing_stop,52,-0.31201512307370105,163.39358563038004,161.5617276673508
XRAY,2015-10-23,50.93148376153578,2015-12-14,51.7783687728153,21388,48.80542722576381,1.0630282678859853,2.1260565357719727,18113.176621246334,17454.149123444924,0.3983360729266842,trailing_stop,52,0.3983360729266842,326.7967724075182,332.2307253938921
CRM,2015-11-20,79.60371399853608,2015-12-14,75.37914038569119,6868,75.60934558466062,1.9971842069377321,3.9943684138754634,-29014.37157301872,-29333.698246191983,-1.0576324402550732,stop_loss,24,-1.0576324402550732,164.01549232258375,155.3111808506781
IFF,2015-12-02,94.40518292468523,2015-12-14,90.08548515304372,11706,90.92908134125886,1.738050791713188,3.47610158342637,-50566.38211483557,-51214.27644299094,-1.2426845614171085,stop_loss,12,-1.2426845614171085,331.53212139490967,316.36220676045895
ARMK,2015-12-03,21.68173696671925,2015-12-14,20.766261608885284,50722,20.691507914612373,0.4951145260534389,0.9902290521068764,-46434.741100054416,-47080.65531517996,-0.9245086840121892,stop_loss,11,-0.9245086840121892,329.9223187277801,315.99189639776375
AIZ,2015-12-07,70.44779408176724,2015-12-14,66.78966813429388,15685,67.93797661659156,1.254908732587843,2.5098174651756864,-57377.70548611974,-58023.476364577415,-1.4575266919729153,stop_loss,7,-1.4575266919729153,331.49209505175577,314.27878340591985
VC,2015-11-06,65.28732167128348,2015-12-18,65.49418448531473,16771,62.967912952555984,1.1597043593637468,2.3194087187274945,3469.296254118162,2811.295262192469,0.0891877366679668,trailing_stop,42,0.0891877366679668,328.4801015247285,329.52089040096405
ORI,2015-10-29,8.519456399703794,2015-12-21,8.543578375045687,63956,8.198511247146461,0.16047257627866585,0.32094515255733214,1542.7450549661428,1215.3600193499797,0.0751591826506384,trailing_stop,53,0.0751591826506384,163.46110604983676,163.92392956632656
MTN,2015-12-03,90.64592030371648,2015-12-21,91.61824484350895,12132,87.1966390030133,1.7246406503515892,3.449281300703177,11796.24131676221,11132.87266129237,0.2818919232810172,trailing_stop,18,0.2818919232810172,329.9148915374065,333.4537639324351
CASY,2015-12-09,115.8100454173336,2015-12-21,110.03520225303107,9513,110.59383364977197,2.6081058837808184,5.2162117675616315,-54936.083022009916,-55580.62277433637,-1.1070952295715613,stop_loss,12,-1.1070952295715613,330.5102886165284,314.0294637099254
XLP,2015-12-17,38.78103929462524,2015-12-21,37.779276347660286,14094,37.841946885168404,0.4695462047284181,0.9390924094568334,-14118.846974524035,-14442.559301122745,-1.066735218895409,stop_loss,4,-1.066735218895409,163.97399034553442,159.73833625317724
VRSN,2015-10-26,79.02136619131747,2016-01-05,80.41830956206658,6879,75.93305344629307,1.5441563725121958,3.088312745024396,9609.57344738315,9280.537788530894,0.45233222347695823,trailing_stop,71,0.45233222347695823,163.07639340902185,165.9592654432368
BDX,2015-12-09,100.42738321766367,2016-01-05,96.68204429558895,10971,97.39822499895105,1.5145791093563148,3.029158218712624,-41090.113314081784,-41738.85957285615,-1.2364289520890301,stop_loss,27,-1.2364289520890301,330.5366463842965,318.2096123900719
EFX,2015-12-17,102.32403943956777,2016-01-05,99.51804109167395,10683,98.64996496629003,1.837037236638869,3.6740744732777415,-29976.48035054967,-30623.36403444425,-0.7637293060612655,stop_loss,19,-0.7637293060612655,327.9383139998707,318.94536989470583
WTW,2015-12-30,112.70411588027828,2016-01-05,106.78352277753194,9653,108.18205016927953,2.2610328554993724,4.522065710998746,-57151.4852208104,-57787.09947359955,-1.3092673749401826,stop_loss,6,-1.3092673749401826,326.3798491776979,309.23440361145475
MCD,2015-10-23,85.50148938733045,2016-01-08,89.53465408221815,12740,82.39562614536328,1.552931620983586,3.105863241967171,51382.51821286933,50713.53007252871,1.2985648049117589,trailing_stop,77,1.2985648049117589,326.786692438377,342.20144790223776
MSFT,2015-10-26,45.53079733021404,2016-01-08,45.60676027551255,23878,43.40045804072867,1.065169644742684,2.13033928948537,1813.8432078377423,1160.9884276848802,0.03565767465935305,trailing_stop,74,0.03565767465935305,326.1553135952553,326.69946655760657
SJM,2015-11-20,88.50981610957002,2016-01-14,86.21413471006605,12355,84.80355069587402,1.8531327068479997,3.706265413696002,-28363.14369087163,-29010.75801458461,-0.6194055587655964,trailing_stop,55,-0.6194055587655964,328.06163341012126,319.5526903028598
TSN,2015-11-24,37.13333777053023,2016-01-20,37.52580533049777,29509,35.21154911088555,0.9608943298223431,1.9217886596446832,11581.325227082001,10920.39023095153,0.2042199375034808,trailing_stop,57,0.2042199375034808,328.73029928117296,332.20469684929753
KIM,2016-03-18,17.468989028000433,2016-03-22,16.7725656067208,61821,16.850101463309368,0.309443782345532,0.6188875646910645,-43053.59232692818,-43688.646471650114,-1.1252826216136245,stop_loss,4,-1.1252826216136245,323.98511121000445,311.06903351192597
RSG,2016-03-21,40.657266395433155,2016-04-05,38.96357252420228,13250,39.452341776130936,0.6024623096511075,1.2049246193022185,-22441.443793809125,-22757.936628514675,-1.4056430121012127,stop_loss,15,-1.4056430121012127,161.6126339218468,154.88020078370403
GIS,2016-04-05,44.99914618338912,2016-04-08,43.73207908586202,12143,43.67493738907163,0.6621043971587461,1.3242087943174923,-15385.99576527162,-15709.234745804975,-0.9568484237262298,stop_loss,3,-0.9568484237262298,163.92738963146823,159.31159090188672
HRL,2015-11-25,27.590196037071156,2016-04-12,31.524226459639276,39683,26.687338735844033,0.4514286506135609,0.9028573012271224,156114.12925877073,155410.37797038964,4.357311412580001,trailing_stop,139,4.357311412580001,328.4585248017284,375.2927635793596
TJX,2016-03-21,33.70700251936637,2016-04-12,32.68741503314028,31965,32.447018329793934,0.629992094786218,1.2599841895724353,-32591.113997216857,-33227.803264336624,-0.8092065715301354,trailing_stop,22,-0.8092065715301354,323.23330065946385,313.4559664602987
CPT,2016-03-21,55.21100606227683,2016-04-15,54.026778487525064,9757,53.18100689305504,1.0149995846108926,2.0299991692217887,-11554.508446852982,-11874.258366008708,-0.5833635760578888,trailing_stop,25,-0.5833635760578888,161.60813584489048,158.14178331083463
PGR,2016-03-21,26.17527837245227,2016-04-15,25.38094558116745,41163,25.364889950344413,0.40519421105392855,0.8103884221078559,-32697.120687657032,-33333.783341637885,-0.980187734196307,stop_loss,25,-0.980187734196307,323.2358950935758,313.4267588872787
MKC,2016-03-30,40.963418262537196,2016-04-15,39.15294348348994,26646,39.608525033659426,0.6774466144388855,1.3548932288777706,-48241.910962493144,-48882.345135018535,-1.336249041960917,stop_loss,16,-1.336249041960917,327.4533729070699,312.98079961832195
XLU,2016-03-17,17.65309757692601,2016-04-21,17.350607561873204,30576,17.12895739626623,0.26207009032989076,0.5241401806597814,-9248.934700254646,-9570.016686751822,-0.5771166306541062,trailing_stop,35,-0.5771166306541062,161.92833345362692,159.15365304355052
KO,2016-03-18,33.54112907341006,2016-04-21,32.32033782943233,32198,32.69233635146463,0.4243963609727139,0.8487927219454292,-39307.03647359491,-39943.21872699622,-1.4382678036867242,stop_loss,34,-1.4382678036867242,323.98718217169716,312.1950712296187
PM,2016-03-18,59.78815669108165,2016-04-22,58.8130363241784,18063,58.04284905231807,0.8726538193817938,1.7453076387635846,-17613.599187373493,-18256.287192203883,-0.55870973417274,trailing_stop,35,-0.55870973417274,323.9860422933023,318.70196253709037
FISV,2016-03-21,50.36531362533569,2016-04-22,48.951,10696,48.572493302620835,0.8964101613574252,1.792820322714853,-15127.49853659051,-15446.184723751487,-0.7888763906881665,trailing_stop,32,-0.7888763906881665,161.61221836097715,157.07396880000002
NVR,2016-03-21,1730.7289999999998,2016-04-22,1695.193124633789,622,1649.2352837194176,40.7468581402911,81.49371628058225,-22103.31447778312,-22742.591546239782,-0.4360566309660128,stop_loss,32,-0.4360566309660128,322.9540313999999,316.32303705666504
HR,2016-03-21,12.448183106730703,2016-04-22,12.204482581886781,86555,12.000310403064162,0.22393635183327015,0.4478727036665404,-21093.498927865643,-21733.64237146913,-0.5441289965850804,trailing_stop,32,-0.5441289965850804,323.2357466409228,316.907696962563
IEX,2016-03-21,71.58098904400983,2016-04-29,72.48553479812753,7526,69.1035765327345,1.2387062556376645,2.4774125112753325,6807.611345489853,6482.337947959075,0.36511713329971845,trailing_stop,39,0.36511713329971845,161.61555706356538,163.65784046721234
BALL,2016-04-19,33.542484476689545,2016-04-29,32.44993152051791,32301,32.34565500892534,0.5984147338821002,1.1968294677642035,-35290.55303730006,-35930.039346037796,-0.9128727070972232,stop_loss,10,-0.9128727070972232,325.0367373244647,314.44957141327467
SLV,2016-04-20,16.25623977088928,2016-05-10,16.23375,66737,15.663075463643635,0.2965821536228229,0.5931643072456456,-1500.899839837861,-2151.3851740398122,-0.03791490926638998,trailing_stop,20,-0.03791490926638998,325.4678020769514,325.017532125
GLD,2016-05-02,123.90377877807616,2016-05-10,120.61925786590577,4321,120.6109430442685,1.6464178669038336,3.2928357338076637,-14192.414861488269,-14509.390073889863,-0.9974748750592378,stop_loss,8,-0.9974748750592378,160.61646843002015,156.35874397157363
ELS,2016-05-10,29.55960764365976,2016-05-12,28.604585013131604,36534,28.478835125737906,0.540386258960927,1.0807725179218544,-34890.79678371563,-35528.2879680726,-0.8836481449070384,stop_loss,2,-0.8836481449070384,323.9792116960397,313.511972660925
EVRG,2016-03-30,34.82025354346837,2016-05-13,36.16455990395221,31348,33.279252925350846,0.7705003090587607,1.541000618117522,42141.315788447464,41473.74620886254,0.8723593908262275,trailing_stop,44,0.8723593908262275,327.46359242419396,340.10598716072815
CHTR,2016-03-17,198.4182212219238,2016-05-17,203.3964060974121,5440,187.16337267596978,5.627424272977011,11.254848545954019,27081.32572265633,26425.564250871175,0.44231469265553935,trailing_stop,61,0.44231469265553935,323.81853703417966,331.9429347509766
MCD,2016-03-21,96.57078689085884,2016-05-19,97.7963017297879,11157,93.58661491121326,1.4920859898227914,2.9841719796455806,13673.069057931503,13022.502975609335,0.4106716527358481,trailing_stop,59,0.4106716527358481,323.2320808023936,327.33400151977304
VCIT,2016-05-04,61.38752926002419,2016-05-19,60.74876468937566,17509,60.94697189770349,0.22027868116034827,0.4405573623206962,-11184.12886748504,-11825.674178713052,-1.4499010237480678,stop_loss,15,-1.4499010237480678,322.45027494412903,319.09503628388353
KHC,2016-05-06,52.02283837227797,2016-05-19,50.677811584836476,20687,50.149320977760276,0.9367586972588443,1.873517394517691,-27824.569151802116,-28461.939655500963,-0.717915292047634,trailing_stop,13,-0.717915292047634,322.8589372221943,314.5115664766537
SYY,2016-03-21,35.66804943204238,2016-05-24,37.48830321723087,30207,34.519130447592794,0.5744594922247932,1.1489189844495868,54984.40608918876,54321.45590584578,1.5843186593879124,trailing_stop,64,1.5843186593879124,323.22743075811127,339.7227525848679
ICE,2016-05-25,47.75097602427755,2016-06-13,45.75496972340223,22681,46.00166760739788,0.8746542084398353,1.7493084168796713,-45271.41891015303,-45907.66141680397,-1.1410259515218542,stop_loss,19,-1.1410259515218542,324.91196616199176,311.3305404889458
LOW,2016-05-19,65.34625278580828,2016-06-15,63.4486309423216,16422,63.014479467289696,1.1658866592592898,2.3317733185185787,-31162.74591373818,-31797.266787913188,-0.8138106000339139,stop_loss,27,-0.8138106000339139,321.934848974563,312.5860252004416
ITW,2016-06-02,84.20309039417296,2016-06-16,82.82690640154158,12953,81.98758169651515,1.1077543488289079,2.2155086976578104,-17825.7112565543,-18474.773121102768,-0.6211593726019923,trailing_stop,14,-0.6211593726019923,327.2047889627167,321.8570755857504
MTN,2016-06-13,105.04062950962805,2016-06-17,102.01747677148809,10454,101.3514182008748,1.8446056543766196,3.6892113087532437,-31604.0387245151,-32253.414357433936,-0.8194577336806494,stop_loss,4,-0.8194577336806494,329.4284222680954,319.947210650741
BMY,2016-04-29,51.01531739764633,2016-06-20,50.397606775823235,21013,49.02078806753229,0.9972646650570199,1.994529330114041,-12979.953296368658,-13619.250229065794,-0.30970245084727555,trailing_stop,52,-0.30970245084727555,321.59545934302264,317.70147335411207
IT,2016-05-06,95.74565152740477,2016-06-20,99.74015634155273,11240,92.12556727153532,1.8100421279347316,3.6200842558694575,44898.234111023055,44239.055966888925,1.1034286861338742,trailing_stop,45,1.1034286861338742,322.8543369504089,336.3238071837158
MRK,2016-06-17,40.65384706036003,2016-06-20,39.80257299331009,26777,39.56081061230882,0.5465182240256029,1.0930364480512083,-22794.56569339612,-23440.88016132926,-0.7788158103672438,stop_loss,3,-0.7788158103672438,326.5764188205781,319.7380491125593
AVY,2016-03-21,58.393669689214775,2016-06-27,60.67924810443212,9225,56.091327005021185,1.1511713420967964,2.30234268419359,21084.46088038,20754.926580386084,0.9927186039283645,trailing_stop,98,0.9927186039283645,161.6044808649019,167.9298191290159
ACN,2016-03-28,96.97756876073149,2016-06-27,94.23064727180106,11085,93.39326440751083,1.7921521766103319,3.5843043532206593,-30449.624704793765,-31085.487627209954,-0.7663750670230313,trailing_stop,91,-0.7663750670230313,322.49890491381257,313.3640175023744
SWK,2016-04-22,85.7060126002853,2016-06-27,81.15162828914315,12404,82.95671126400349,1.374650668140912,2.7493013362818175,-56492.58299540733,-57113.493648685064,-1.6565606145238168,stop_loss,66,-1.6565606145238168,318.9292140881817,301.9814391895595
TAP,2016-05-04,75.16554354720158,2016-06-27,75.08649997390145,14299,72.57707634060458,1.2942336032985042,2.5884672065970022,-1130.2440546185019,-1774.7802457109776,-0.03053682623394822,trailing_stop,54,-0.03053682623394822,322.4376321544306,322.0985589380451
A,2016-05-12,39.38686286623333,2016-06-27,40.26805701799288,27538,37.98464283278686,0.7011100167232358,1.4022200334464685,24266.32455115453,23608.263396022983,0.6284278720463682,trailing_stop,46,0.6284278720463682,325.3906288831,332.6705262484464
NEE,2016-06-20,24.216545113574487,2016-06-27,23.96498150443515,22364,23.56417509369977,0.32618500993735894,0.6523700198747164,-5625.968554792097,-5949.228053177647,-0.3856149140447113,stop_loss,7,-0.3856149140447113,162.47364447599392,160.7858539095563
PPL,2016-06-21,25.593407317360498,2016-06-27,23.71229468572938,21296,24.920519252796176,0.3364440322821609,0.6728880645643223,-40060.17460321631,-40375.178872173645,-2.7955803211476056,stop_loss,6,-2.7955803211476056,163.51116066915273,151.49310828818787
RMD,2016-06-22,55.23147672474741,2016-06-27,53.82677458611354,19783,53.59305593650846,0.8192103941194724,1.638420788238946,-27789.222408593905,-28436.472224298734,-0.8573512669744104,trailing_stop,5,-0.8573512669744104,327.7932912137034,319.4565244911252
CL,2016-03-21,55.11729455666979,2016-06-28,55.544986962987494,9774,53.38639770429175,0.8654484261890175,1.730896852378038,4180.265579349233,3855.7816374772938,0.24709294821936215,trailing_stop,99,0.24709294821936215,161.61493109906715,162.86901077287192
XYL,2016-03-21,34.477855886157855,2016-06-28,38.20088714458697,31250,33.2421596153429,0.6178481354074761,1.2356962708149553,116344.72682590991,115663.36360999668,3.0129015894607636,trailing_stop,99,3.0129015894607636,323.2298989327299,358.13331698050285
MMM,2016-03-21,99.09170711825443,2016-06-28,101.41600359582522,5436,96.37119184818225,1.3602576350360929,2.720515270072184,12634.875652074777,12307.887677442257,0.8543589161729322,trailing_stop,99,0.8543589161729322,161.59875596844932,165.3892186640718
CTAS,2016-05-25,21.239935509814043,2016-06-28,20.77071643452304,50991,20.77165364891025,0.23414093045189682,0.46828186090379376,-23925.94986816342,-24568.59941415153,-1.0020013894738486,stop_loss,34,-1.0020013894738486,324.91366547427833,317.7358805138294
AES,2016-06-21,8.156217065998403,2016-06-28,7.8793348587106165,133652,7.8149933386524895,0.17061186367295683,0.34122372734591355,-37005.86076842725,-37648.81584417961,-0.8114389038576407,stop_loss,7,-0.8114389038576407,327.0284169914456,315.92665876091735
DGX,2016-06-23,65.7217289047977,2016-06-28,63.673790660904125,16593,63.541914777386296,1.0899070637057005,2.1798141274114045,-33981.439280926104,-34625.55723777221,-0.9395013171721961,stop_loss,5,-0.9395013171721961,327.15619431519247,316.9617625309147
XEL,2016-06-27,32.04749960166004,2016-07-13,32.3758495696529,16718,31.141701928876806,0.4528988363916187,0.9057976727832369,5489.3547649045795,5166.245899470776,0.3624981360174382,trailing_stop,16,0.3624981360174382,160.7310295021658,162.37783593163715
REG,2016-06-29,55.551296843939554,2016-07-18,55.27800516330141,9670,53.85258149927349,0.8493576723330316,1.6987153446660628,-2642.7305517708655,-2964.2463568938715,-0.16088138692352227,trailing_stop,19,-0.16088138692352227,161.15431214426863,160.3614929787374
NLY,2016-06-29,13.051396780753937,2016-07-18,12.721567265510561,82324,12.678517959282454,0.18643941073574108,0.3728788214714829,-27152.885012895622,-27789.405060539026,-0.884548803125307,stop_loss,19,-0.884548803125307,322.33295657363607,314.18709106976746
BND,2016-06-29,62.86044597629229,2016-07-18,62.76765060119776,17092,62.5300149439354,0.1652155161784462,0.3304310323568913,-1586.058551115742,-2230.2291791264797,-0.28083129611841606,trailing_stop,19,-0.28083129611841606,322.32322278803633,321.84740522270164
GLD,2016-06-27,126.56644244384765,2016-07-21,125.53434365844727,8466,123.13768584543082,1.7143782992084127,3.4287565984168253,-8737.748317199608,-9378.033893742217,-0.30101255536101174,trailing_stop,24,-0.30101255536101174,321.4534505188842,318.8321260237244
CCI,2016-06-27,64.04689457239728,2016-07-21,64.90257875167597,16731,62.467182326269906,0.7898561230636847,1.5797122461273716,14316.452003511879,13669.215912056357,0.5416709159382584,trailing_stop,24,0.5416709159382584,321.47057792723365,325.7655135282872
AWK,2016-06-27,65.95879382407786,2016-07-22,66.78734642338617,8123,63.96573370507706,0.9965300595003997,1.993060119000802,6730.3327641814,6406.843695012355,0.4157188192214168,trailing_stop,25,0.4157188192214168,160.73498466989534,162.75408449914977
CLX,2016-06-27,100.25790853046416,2016-07-22,100.12449164198235,5344,97.65493333789122,1.301487596286471,2.6029751925729414,-712.9798520468371,-1034.2329160033032,-0.05125553592001037,trailing_stop,25,-0.05125553592001037,160.73347895604016,160.5195850004261
MO,2016-06-27,34.46874569197824,2016-07-28,34.266520487319475,31088,33.50838376818265,0.4801809618977962,0.9603619237955954,-6286.777162431739,-6927.829748926341,-0.2105718684259379,trailing_stop,31,-0.2105718684259379,321.46930982166583,319.58327667293634
WM,2016-06-27,53.08112206509546,2016-07-28,55.411094825926554,20187,51.92066564847525,0.5802282083101042,1.1604564166202067,47035.16012289736,46378.12040818364,2.007807210560368,trailing_stop,31,2.007807210560368,321.46458333842463,335.5751313752938
SRE,2016-06-01,39.100958533434465,2016-08-04,40.575613860772535,27798,37.94193434673332,0.5795120933505724,1.1590241867011457,40992.468789343664,40328.01398151941,1.2723248955962552,trailing_stop,64,1.2723248955962552,326.07853359372336,338.37627423052646
DTE,2016-06-20,58.18020166068494,2016-08-04,59.52954862421243,9308,56.63772301432984,0.7712393231775494,1.5424786463551001,12559.721536513856,12231.02882981831,0.8747913410120877,trailing_stop,45,0.8747913410120877,162.46239511729664,166.2303115782508
GIS,2016-06-30,47.147705811315824,2016-08-04,48.759990385598854,22944,45.932420311239454,0.6076427500381849,1.2152855000763694,36992.25727234986,36332.10541788726,1.3266714481343798,trailing_stop,35,1.3266714481343798,324.52708864044905,335.624765822154
D,2016-06-29,49.770802351866806,2016-08-08,48.6538229038323,10793,48.393421016208,0.688690667829402,1.3773813356588036,-12055.559182636425,-12374.248276751854,-0.8109442309963153,trailing_stop,40,-0.8109442309963153,161.15288093510955,157.5362131803186
JNJ,2016-07-20,95.80990379736214,2016-08-09,94.15197943338264,11525,93.87592290590982,0.9669904457261611,1.9339808914523218,-19107.578294863783,-19764.37150613408,-0.8572599508646057,stop_loss,20,-0.8572599508646057,331.2627423793796,325.5304688909205
MTN,2016-08-09,116.23012056499273,2016-08-11,117.20106932329165,9473,112.40726028451769,1.9114301402375187,3.822860280475041,9197.79758736564,8534.409488822124,0.2539848927406428,stop_loss,2,0.2539848927406428,330.3143796336529,333.0737189098625
O,2016-06-27,39.68615550202835,2016-08-12,41.606120158165254,27001,38.35285803394988,0.666648734039234,1.3332974680784702,51840.96568035257,51182.473859822305,1.4400122269068218,trailing_stop,46,1.4400122269068218,321.46976541308027,337.022055117186
ELS,2016-06-29,30.825952822834893,2016-08-12,31.37557206397767,17427,29.84523742514077,0.4903576988470613,0.980715397694123,9578.2145153952,9253.018723134455,0.5604268500678727,trailing_stop,44,0.5604268500678727,161.16116395306307,164.03462830768166
KIM,2016-06-30,18.79853880233262,2016-08-12,18.608818796983957,28773,18.217273728744047,0.2906325367942857,0.5812650735885718,-5458.813713897034,-5781.710283958575,-0.32639154487191513,trailing_stop,43,-0.32639154487191513,162.26710708785492,160.62946297368583
DUK,2016-06-20,55.10960020966037,2016-08-16,54.74080338942127,9827,53.642154178313184,0.733723015673595,1.4674460313471869,-3624.1663524896126,-3948.0163273400653,-0.25131883037669484,trailing_stop,57,-0.25131883037669484,162.46861237809975,161.38136247235286
SO,2015-12-17,29.991486675981935,2016-08-17,33.44421055827649,36449,29.078831670106975,0.45632750293748003,0.9126550058749601,125848.33278575416,125154.68246720672,3.7831643502403574,trailing_stop,244,3.7831643502403574,327.9479093558596,365.70240919158596
GRMN,2016-07-28,40.31089296518251,2016-08-23,41.18195317030683,27187,38.73509000262586,0.7879014812783238,1.5758029625566508,23681.51379671477,23016.849994349108,0.5527722855090144,trailing_stop,26,0.5527722855090144,328.77967411332503,335.8841282523395
IBM,2016-08-12,103.71553212861156,2016-08-23,101.69423726551172,5332,101.27182447556079,1.2218538265253802,2.4437076530507653,-10777.544210048345,-11106.117677171185,-0.8271426660126148,stop_loss,11,-0.8271426660126148,165.90336519292705,162.67010192991256
LMT,2016-04-27,175.581589239235,2016-08-24,190.7524257261639,6096,171.46781477368947,2.0568872327727625,4.113774465545532,92481.41922431852,91811.4675777498,3.687814345193343,trailing_stop,119,3.687814345193343,321.10361040071297,348.84803616800855
DLTR,2016-05-27,89.05897122192381,2016-08-24,95.7241796951294,12171,84.19047404649405,2.4342485877148823,4.868497175429766,81122.25232738513,80447.55360844168,1.3690484420620435,trailing_stop,89,1.3690484420620435,325.1810216226104,349.51769732082596
UNH,2016-03-21,107.26816894018366,2016-09-01,116.5542516608153,5022,103.18287825936798,2.0426453404078364,4.085290680815675,46634.7074230121,46297.496564134635,2.2730531181633244,trailing_stop,164,2.2730531181633244,161.6102233252807,175.60063555218434
MIDD,2016-08-12,132.27213938903807,2016-09-08,126.11375786590577,8362,125.94484202433533,3.1636486823513703,6.327297364702744,-51496.38629643234,-52144.57315828609,-0.973303634737835,stop_loss,27,-0.973303634737835,331.8178888713409,316.3689729824112
ITW,2016-07-21,90.81634159236081,2016-09-09,93.75502151226071,6052,88.2076491829927,1.3043462046840555,2.6086924093681176,17784.890875234178,17449.783108381427,1.1264953696138174,trailing_stop,50,1.1264953696138174,164.88614979509032,170.22161705766055
NNN,2016-06-27,29.662248898474775,2016-09-12,29.895309517930972,18063,28.72740956818948,0.4674196651426473,0.9348393302852962,4209.773969237279,3887.037515934618,0.24930553508598177,trailing_stop,77,0.24930553508598177,160.73676055594495,161.99969274671614
IJH,2016-07-13,26.750036411521517,2016-09-12,26.247700483202756,20523,26.02165861891028,0.36418889630561874,0.7283777926112371,-10309.440256885931,-10635.74202317306,-0.6896639812670355,trailing_stop,61,-0.6896639812670355,164.69729918209683,161.60446710503103
LII,2016-07-19,133.73051201214423,2016-09-12,137.88828896769238,4120,129.29667906464002,2.216916473752108,4.433832947504214,17130.041056858354,16794.320218847275,0.9377387476649383,trailing_stop,55,0.9377387476649383,165.29091284701028,170.42992516406778
IEX,2016-07-20,77.15282436207151,2016-09-12,79.78205080392534,7156,74.61248157976112,1.2701713911551962,2.5403427823103897,18814.744417906015,18477.83662789965,1.0349888448765183,trailing_stop,54,1.0349888448765183,165.63168334049513,171.2761066658669
NDAQ,2016-07-28,20.161494358785102,2016-09-12,19.521721595351806,54358,19.57709554001431,0.29219940938539624,0.5843988187707936,-34776.7678747071,-35423.89795055759,-1.0947536902606583,trailing_stop,46,-1.0947536902606583,328.7815531064522,318.34852274404
SMG,2016-08-04,56.80170288314367,2016-09-12,57.469777627980115,19353,54.91555830215847,0.9430722904925984,1.8861445809851958,12929.250536819733,12265.801748120199,0.3542012375782392,trailing_stop,39,0.3542012375782392,329.7850067692438,333.66378193028976
CPAY,2016-08-08,163.07291366577147,2016-09-12,159.82001573181154,3375,156.38387347853927,3.3445200936160915,6.6890401872321945,-10978.53052711476,-11305.459618129813,-0.48630264476044655,trailing_stop,35,-0.48630264476044655,165.11132508659358,161.81776592845918
GD,2016-08-11,122.54707889494708,2016-09-12,120.49249499391246,4510,119.39854502567654,1.5742669346352653,3.148533869270537,-9266.17339366613,-9595.005937137756,-0.6525525804525112,trailing_stop,32,-0.6525525804525112,165.8061977448634,163.02634572676357
XYL,2016-08-16,44.5580226981636,2016-09-12,42.822996458100754,12395,43.2685356188694,0.6447435396470989,1.2894870792941973,-21505.65024557895,-21830.57656531152,-1.3455165762595411,stop_loss,27,-1.3455165762595411,165.68900740312134,159.23731232944763
LIN,2016-08-17,102.33073203908685,2016-09-12,98.60520363169806,5365,99.33544315666293,1.4976444412119627,2.995288882423921,-19987.459905640877,-20310.866294103005,-1.2437960255686358,trailing_stop,26,-1.2437960255686358,164.70131321691028,158.705075245218
BBY,2016-08-24,27.731411785340928,2016-09-12,26.06102197979448,39819,26.163803840292495,0.7838039725242167,1.567607945048433,-66513.25166705406,-67155.83994308225,-1.0655660497400965,trailing_stop,19,-1.0655660497400965,331.27112576414714,311.3171502640309
IJR,2016-08-24,53.7338628840416,2016-09-12,52.36892242955093,10275,52.636064362989735,0.5488992605259304,1.097798521051864,-14024.76316989165,-14351.825005620798,-1.2433433169347354,stop_loss,19,-1.2433433169347354,165.63463234005823,161.42720338909072
IGV,2016-08-24,22.260227645028465,2016-09-12,21.79819315633436,24803,21.827488386238883,0.21636962939479068,0.4327392587895815,-11459.84142307988,-11787.67572642074,-1.0676971855672748,trailing_stop,19,-1.0676971855672748,165.6361278838923,162.19817545696836
BRK-B,2016-09-01,150.8506969451904,2016-09-12,146.2236251220703,3662,148.10089372751096,1.3749016088397155,2.7498032176794425,-16944.33701626582,-17270.702866488915,-1.6826919807828604,stop_loss,11,-1.6826919807828604,165.7245756639862,160.64127455910645
INDA,2016-09-06,27.300047981610707,2016-09-12,26.269252818817975,20436,26.721267105776224,0.28939043791724145,0.5787808758344823,-21065.329946832266,-21393.752616179536,-1.7809765419538752,stop_loss,6,-1.7809765419538752,167.37113416565893,161.05153518160927
AES,2016-09-08,9.012818880601372,2016-09-12,8.496639630289723,123650,8.663012828360072,0.17490302612065026,0.34980605224130024,-63825.5643010355,-64475.077664497,-1.4756155504010073,stop_loss,4,-1.4756155504010073,334.3305163759079,315.18284708559725
ISRG,2016-07-21,77.4106692123413,2016-09-14,74.67636277770995,7100,74.84988623291895,1.2803914897111757,2.560782979422356,-19413.575685882584,-19737.52106402139,-1.067761874631069,stop_loss,55,-1.067761874631069,164.88472542228698,159.06065271652218
ARMK,2016-08-11,23.9022351132755,2016-09-14,23.60650533384826,23126,23.242790147194107,0.3297224830406949,0.6594449660813915,-6839.046879034286,-7168.65301850834,-0.44845255425111075,trailing_stop,34,-0.44845255425111075,165.82892676888272,163.77721270517245
TFC,2016-09-13,25.73684474040796,2016-09-16,25.41675369644165,21060,25.06151127784555,0.3376667312812049,0.6753334625624099,-6741.117385930513,-7064.305820854528,-0.47397480165101463,stop_loss,3,-0.47397480165101463,162.6053850698975,160.58304985411834
ACGL,2016-08-17,25.382653240589274,2016-09-19,25.344603923917067,43264,24.64280044011043,0.36992640023942086,0.7398528004788432,-1646.1656365063882,-2304.564852695949,-0.051428225516726454,trailing_stop,33,-0.051428225516726454,329.4465329402563,328.95268324930447
ICE,2016-08-04,49.272979250297325,2016-09-26,48.832855262380214,22310,47.8234117233148,0.7247837634912618,1.449567526982527,-9819.166170430757,-10475.788520824108,-0.3036243429330193,trailing_stop,53,-0.3036243429330193,329.78405012224,326.83830027111077
WYNN,2016-09-15,95.3191087715932,2016-09-26,90.38468372009442,11269,89.38405605359033,2.9675263590014387,5.935052718002879,-55606.035905339886,-56233.844716616535,-0.8314037441539703,stop_loss,11,-0.8314037441539703,322.2453110241251,305.56350025252317
CME,2016-09-19,75.25690014910252,2016-09-26,72.53129086519792,14348,73.33525443428815,0.9608228574071852,1.9216457148143746,-39107.04200546325,-39743.1814948652,-1.4183724205207562,stop_loss,7,-1.4183724205207562,323.93580100179685,312.2036884001579
CBOE,2016-09-26,61.24909609958715,2016-09-27,59.33250475908876,17578,59.416657892437534,0.9162191035748073,1.8324382071496146,-33689.84258328062,-34325.71759724876,-1.0459241315862282,stop_loss,1,-1.0459241315862282,322.9909833715629,312.88403059657867
IP,2016-07-18,27.98924667392534,2016-09-30,29.45740751637905,19633,26.829475167541496,0.5798857531919227,1.1597715063838443,28824.40181989368,28486.046771378205,1.2659052532092465,trailing_stop,74,1.2659052532092465,164.85386398475288,173.50118453072096
CTAS,2016-07-21,24.07583065091455,2016-09-30,25.135111382802307,45658,23.277427721413638,0.39920146475045615,0.798402929500913,48364.6396565312,47690.57769911857,1.3267495555783098,trailing_stop,71,1.3267495555783098,329.77628275783695,344.2856746547963
SNX,2016-09-28,52.514203698570675,2016-09-30,51.15259929795551,20481,50.46229254424405,1.0259555771633135,2.051911154326625,-27887.019728999174,-28523.979666650728,-0.663578633872187,stop_loss,2,-0.663578633872187,322.66302178512774,314.29691586642804
ACN,2016-09-30,104.20867597765196,2016-10-06,100.95165442394386,10287,100.55194713801097,1.828364419820495,3.6567288396409907,-33504.98072299522,-34138.126018647585,-0.890692664547658,stop_loss,6,-0.890692664547658,321.59839493463176,311.54690071773314
ROK,2016-10-03,101.66284058237105,2016-10-11,97.154710422367,10628,98.24012524030184,1.7113576710346088,3.4227153420692105,-47912.40734052297,-48546.31722014648,-1.3171209725196262,stop_loss,8,-1.3171209725196262,324.1418009128318,309.76807871067496
AOS,2016-10-05,42.73529085745265,2016-10-11,41.53378051897927,25032,41.34607186373908,0.6946094968567857,1.3892189937135697,-30076.206792665555,-30709.033811074005,-0.8648818824896549,stop_loss,6,-0.8648818824896549,320.9249402231264,311.9020781853267
BURL,2016-05-27,60.45038938903808,2016-10-12,77.9919296951294,8965,56.4902268013196,1.9800812938592405,3.9601625877184787,157259.9088441087,156887.56822693182,4.429500031259403,trailing_stop,138,4.429500031259403,162.58132226181795,209.75929491505056
WDAY,2016-09-02,87.37729091644286,2016-10-13,86.81310152435303,6340,82.90622840863105,2.2355312539059042,4.4710625078118085,-3576.9607458495207,-3908.2708722719144,-0.12618687193571598,trailing_stop,41,-0.12618687193571598,166.1916073230743,165.11851909931946
INTC,2016-09-19,30.56895526365928,2016-10-14,30.103149652714524,17662,29.625650986555087,0.47165213855209587,0.9433042771041933,-8227.058700506275,-8548.535915616174,-0.49380207664775044,stop_loss,25,-0.49380207664775044,161.97266636002507,159.50454874987318
APH,2016-09-21,14.714138186926181,2016-10-14,14.540820515907276,36533,14.362157465521177,0.17599036070250212,0.35198072140500436,-6331.814475333666,-6652.44589722085,-0.4924067157061094,stop_loss,23,-0.4924067157061094,161.26548311489225,159.36593877229217
UNP,2016-10-03,78.45776411465992,2016-10-14,78.21237941482428,13771,76.06222654759543,1.1977687835322466,2.395537567064494,-3379.1927014365942,-4026.4440653999527,-0.10243408544677325,stop_loss,11,-0.10243408544677325,324.13256088689457,323.11880307646356
FHN,2016-10-06,11.26177076637617,2016-10-14,10.852450587842053,95787,10.885157338540084,0.1883067139180428,0.37661342783608553,-39207.55194124742,-39843.02841750436,-1.0868443562566388,stop_loss,8,-1.0868443562566388,323.61937091966223,311.85710533728803
TFC,2016-10-06,26.16759952769851,2016-10-14,25.79289275549127,20611,25.37039891695086,0.3986003053738237,0.7972006107476481,-7723.081281963427,-8044.368593898073,-0.47002820514126853,stop_loss,8,-0.47002820514126853,161.80211815961817,159.48519377502916
AMZN,2016-09-29,41.454411197662346,2016-10-18,41.064393768310545,26084,40.409473661837275,0.5224687679125365,1.0449375358250705,-10173.214627212366,-10818.940779832097,-0.3732447308860882,trailing_stop,19,-0.3732447308860882,324.38905850394735,321.33709411578366
FANG,2016-10-11,80.73412882332084,2016-10-18,77.41864551883214,13356,75.82100336395827,2.4565627296812886,4.9131254593625755,-44281.59501475119,-44915.28155098533,-0.6748216246280949,stop_loss,7,-0.6748216246280949,323.48550736928195,310.2010288648566
MRK,2016-10-11,45.301714981522395,2016-10-18,44.051230576590065,23803,43.86691124378853,0.7174018688669319,1.4348037377338656,-29765.28029060424,-30403.340739540166,-0.8715369022576909,stop_loss,7,-0.8715369022576909,323.4950165115533,314.56543242437203
PG,2016-09-23,68.06939056921064,2016-10-20,65.94758466693985,15897,66.38719216392356,0.8410992026435438,1.6821984052870818,-33730.3484283988,-34369.48878499753,-1.2613291604617167,stop_loss,27,-1.2613291604617167,324.62973056362245,314.5106260351028
CINF,2016-04-28,50.443073311830446,2016-10-21,56.26655998416919,21273,49.14237065411485,0.6503513288577978,1.300702657715597,123883.03198066213,123202.02177193038,4.477185187402047,trailing_stop,176,4.477185187402047,321.92264956877074,359.08755916296934
FDX,2016-09-22,120.806310987571,2016-10-21,116.27857756180099,4479,116.80842493461869,1.998943026476154,3.9978860529523104,-20279.71801402387,-20598.28897876766,-1.1325318845509424,trailing_stop,29,-1.1325318845509424,162.32744007399916,156.24352466979198
LRCX,2016-10-07,8.76492903102487,2016-10-21,8.475873124124192,123118,8.444013678625593,0.16045767619963866,0.32091535239927715,-35587.98514579772,-36224.781069719014,-0.9007232117117295,stop_loss,14,-0.9007232117117295,323.73615973251594,313.0597641887767
WTW,2016-09-30,113.3276011000212,2016-10-24,111.49008565648572,9459,109.56597539679952,1.8808128516108422,3.761625703221682,-17381.058580402107,-18019.023730111046,-0.4884897085751306,trailing_stop,24,-0.4884897085751306,321.5897336415302,316.3754160674095
SLB,2016-10-20,62.885928799792964,2016-10-24,61.099279445822,8468,60.762710070556615,1.0616093646181748,2.123218729236349,-15129.346729426134,-15444.318752453295,-0.8414815343182109,stop_loss,4,-0.8414815343182109,159.75541352299405,155.2166095041662
PH,2016-08-05,102.93893210568073,2016-10-25,103.85579394784207,5339,99.07892940116575,1.930001352257494,3.860002704514983,4895.125375299388,4563.9022625794605,0.23752880822826894,trailing_stop,81,0.23752880822826894,164.87728755366885,166.34582516625866
UNG,2016-10-14,151.67152427673338,2016-10-25,137.4624060974121,6963,143.06426167806995,4.303631299331719,8.607262598663425,-98938.08988261408,-99542.06174977262,-1.6508289385207948,stop_loss,11,-1.6508289385207948,316.8266470616683,287.1452200968841
FLEX,2016-09-23,10.25892974948883,2016-10-26,10.200791347503662,105481,9.881869770678211,0.18852998940530924,0.37705997881061926,-6132.496779797536,-6779.930332107096,-0.15418873720981316,trailing_stop,33,-0.15418873720981316,324.6366506717494,322.79690163781015
CAT,2016-09-29,69.48231682053884,2016-10-26,67.95294214348566,15562,67.19819908342205,1.1420588685583914,2.2841177371167873,-23800.12872430165,-24441.75897430109,-0.6695691085450324,trailing_stop,27,-0.6695691085450324,324.3851443083676,317.2451056910772
TAP,2016-09-29,84.87975766127349,2016-10-27,82.46711403231261,12739,81.67970536500947,1.6000261481320117,3.200052296264019,-30734.66718933264,-31374.216728884014,-0.753938812743023,trailing_stop,28,-0.753938812743023,324.38496985408887,315.1645696972891
TRMB,2016-10-18,29.35932992362976,2016-10-28,27.772199237823486,35921,28.300559091062,0.52938541628388,1.0587708325677596,-57011.32136484711,-57626.98786254967,-1.49903136447112,stop_loss,10,-1.49903136447112,316.3849470560114,299.28155064655726
PYPL,2016-10-24,43.66583517742255,2016-10-28,41.5779361975044,24111,41.79950716523702,0.933164006092768,1.8663280121855337,-50341.33230480654,-50957.9260762928,-1.1187202711881017,stop_loss,4,-1.1187202711881017,315.84808558885055,300.7456858974086
TMUS,2016-10-25,48.98250508598076,2016-10-28,47.0408304105822,21493,46.92905976361172,1.0267226611845206,2.0534453223690434,-41732.41379834124,-42351.56266328952,-0.9455692120199551,stop_loss,3,-0.9455692120199551,315.83429454389534,303.314570404393
HAL,2016-10-20,40.52167782150247,2016-10-31,38.39758549285037,26283,38.42344763828553,1.049115091608471,2.098230183216941,-55827.51867396325,-56449.78917327059,-1.0123256950748423,stop_loss,11,-1.0123256950748423,319.50937745476483,302.7611218525759
UNH,2016-10-20,123.90412386187255,2016-10-31,120.49862663058038,8595,119.810041142402,2.0470413597352777,4.094082719470549,-29270.24870295623,-29900.44119510102,-0.8318095809584853,stop_loss,11,-0.8318095809584853,319.48678337783844,310.7057087669515
APA,2016-09-12,46.17705971967816,2016-11-01,47.240018239508785,23385,43.02952400981464,1.5737678549317617,3.1475357098635257,24857.28498623912,24201.917475816444,0.3377113455773031,trailing_stop,50,0.3377113455773031,323.9551624634021,331.41234795927386
GOOG,2016-10-19,39.60274389991925,2016-11-01,38.76358666682737,26789,38.63623253822421,0.4832556808475156,0.9665113616950336,-22480.183117298235,-23109.989806164005,-0.8682331800220024,trailing_stop,13,-0.8682331800220024,318.275371900481,311.5313169652916
GOOGL,2016-10-19,40.823150863752744,2016-11-02,39.94347672049538,12994,39.79974038679094,0.5117052384809022,1.023410476961807,-11430.485817486151,-11745.330285135067,-0.8595516296343231,stop_loss,14,-0.8595516296343231,159.13680669708094,155.7076609518351
MA,2016-10-31,101.72590285292416,2016-11-02,98.57336585370648,10275,99.2011938628051,1.2623544950595311,2.5247089901190662,-32392.317666961742,-33009.740162749935,-1.2486734160474522,stop_loss,2,-1.2486734160474522,313.5700955441387,303.8524002440502
EXPE,2016-10-31,125.42046410628342,2016-11-02,119.87082934347013,8333,120.55096558596097,2.4347492601612255,4.869498520322452,-46245.10647852309,-46858.310183018126,-1.1396727485699687,stop_loss,2,-1.1396727485699687,313.5386182192979,299.665086275741
PKG,2016-08-26,59.36438643027966,2016-11-03,60.25931813036383,9303,57.125983305060274,1.1192015626096943,2.238403125219385,8325.549605883049,7991.6918088247485,0.3998080998017101,trailing_stop,69,0.3998080998017101,165.6800660882675,168.17773097003243
ADBE,2016-09-22,107.56745908355711,2016-11-03,106.43346091461181,10062,104.24302681552702,1.6622161340150476,3.324432268030094,-11410.289575927578,-12056.27275303405,-0.3411103242651571,trailing_stop,42,-0.3411103242651571,324.7031319896255,321.28004511684725
L,2016-11-01,41.24679069886219,2016-11-03,39.93958948201882,25333,40.09959387346104,0.573598412700578,1.1471968254011529,-33115.32842629321,-33732.336797029886,-1.1394742278739056,stop_loss,2,-1.1394742278739056,313.4714846322828,303.5368861043948
RSG,2016-11-01,44.95174682426413,2016-11-04,43.901210239278086,23245,43.84751290112683,0.5521169615686509,1.1042339231373006,-24419.722918000523,-25039.339014083132,-0.9513714105081131,stop_loss,3,-0.9513714105081131,313.4710064790059,306.14508960360575
MSFT,2016-10-24,53.378277568042556,2016-11-07,53.12942510220689,9861,51.8417685602217,0.7682545039104259,1.5365090078208539,-2453.934165605523,-2769.0159024149216,-0.16195965306353904,trailing_stop,14,-0.16195965306353904,157.90895852954029,157.17277827985865
ODFL,2016-10-28,24.232106772031013,2016-11-07,23.73985730323339,43122,23.388924133434074,0.4215913192984699,0.8431826385969394,-21226.78159349114,-21847.375703947208,-0.5837993410499175,stop_loss,10,-0.5837993410499175,313.4810724670564,307.11303798900906
ADM,2016-11-02,35.0709787707973,2016-11-11,32.62009629416037,29539,33.74899340094759,0.6609926849248582,1.3219853698497133,-72396.6174773784,-72996.47547728154,-1.853940695966671,trailing_stop,9,-1.853940695966671,310.78849257317444,289.06950732996097
BG,2016-11-03,51.27843204080251,2016-11-14,48.43239087467281,20054,49.07961929050547,1.0994063751485177,2.198812750297037,-57074.50954556489,-57674.38979838898,-1.2943535850177434,stop_loss,11,-1.2943535850177434,308.50130284387603,291.3789499802066
DPZ,2016-07-22,130.31086940538108,2016-11-15,141.16761954282228,8415,125.7503725347601,2.2802484353104893,4.56049687062098,91359.55240656766,90674.20496121793,2.380606860489499,trailing_stop,116,2.380606860489499,328.9697898138845,356.37765553585484
AKAM,2016-10-25,59.05899999999999,2016-12-02,63.276660152435305,17826,56.790220440666936,1.1343897796665285,2.268779559333055,75184.00987731192,74529.78323394872,1.8589995379168371,trailing_stop,38,1.8589995379168371,315.83572019999997,338.3909231631935
TER,2016-10-28,21.920323396389307,2016-12-02,22.356195811153235,47670,20.99619228192337,0.46206555723296805,0.9241311144659363,20778.038011796445,20144.83951060938,0.4716564651281355,trailing_stop,35,0.4716564651281355,313.4825448917635,319.7159562953024
NOC,2016-10-27,195.210937268604,2016-12-13,198.98219788981146,5371,190.19386631793893,2.5085354753325344,5.017070950665072,20255.44079650527,19620.277397824517,0.7516857262517954,stop_loss,47,0.7516857262517954,314.5433832209016,320.6200154598532
ACGL,2016-12-13,27.981200876475086,2016-12-16,27.288830093557724,39862,27.234734347607976,0.3732332644335556,0.74646652886711,-27599.284148651866,-28260.236341010102,-0.9275309155095702,stop_loss,3,-0.9275309155095702,334.6159888014149,326.3362035568193
AMP,2016-11-11,90.85900306993906,2016-12-19,92.6185930770455,5894,86.0190476972722,2.4199776863334295,4.839955372666864,10371.023501885353,10046.598416378254,0.3635550065282704,trailing_stop,38,0.3635550065282704,160.65688922826627,163.76819627883188
DCI,2016-12-02,38.63941305729384,2016-12-19,37.004845415343844,28430,37.064978839742075,0.7872171087758822,1.5744342175517616,-46470.75806063828,-47115.92794115141,-1.038193672195297,stop_loss,17,-1.038193672195297,329.55555396565916,315.61432654746767
GM,2016-11-14,28.202456896396686,2016-12-28,29.99569265076181,37985,26.88401060016487,0.6592231481159072,1.3184462962318158,68116.06012955925,67452.86311639461,1.3601128536598572,trailing_stop,44,1.3601128536598572,321.38109756288844,341.8159156017562
JBL,2016-12-19,22.66828826399944,2017-01-13,22.04147559883912,48877,21.415111677480315,0.626588293259563,1.2531765865191247,-30636.72263504091,-31292.306373538097,-0.5001790425253474,stop_loss,25,-0.5001790425253474,332.3873776438502,323.196360853338
LHX,2016-11-07,80.09090508390013,2017-01-18,83.92693172427477,12800,77.69642771426288,1.1972386848186205,2.3944773696372437,49101.1409967954,48471.31250345201,1.6020308602690145,trailing_stop,72,1.6020308602690145,307.54907552217645,322.2794178212151
STT,2017-01-05,62.78793519127121,2017-01-19,61.145640174040985,8922,60.54787736377385,1.120028913748681,2.2400578274973597,-14652.556143728068,-14984.276751550862,-0.7331484915570381,stop_loss,14,-0.7331484915570381,168.0581873329565,163.66242048983813
BNY,2016-10-24,33.822722120435785,2017-01-20,34.886121441222606,15563,32.63698420143768,0.592868959499054,1.1857379189981074,16549.683629405303,16228.888909700276,0.8968249254315352,trailing_stop,88,0.8968249254315352,157.91490730810264,162.87981239692422
HIG,2017-01-19,40.35655944963566,2017-01-24,39.02139486694336,27668,39.11239522812944,0.6220821107531131,1.2441642215062245,-36941.33367393057,-37600.202445939896,-1.0731417602379756,stop_loss,5,-1.0731417602379756,334.97558605575585,323.8931859535767
TXT,2016-12-02,47.35950030612194,2017-01-26,46.09099770967854,23195,45.70764634836505,0.8259269788784419,1.6518539577568845,-29422.91772450461,-30073.193014947556,-0.7679266017959273,stop_loss,55,-0.7679266017959273,329.5510828801495,320.72420756279814
FFIV,2016-10-28,131.40127427673337,2017-01-27,133.14671878051757,7952,125.75859553969461,2.821339368519381,5.642678737038764,13879.774694091953,13248.669001854574,0.3093290589675136,trailing_stop,91,0.3093290589675136,313.47087991457516,317.6348123228027
CVX,2016-11-02,69.96904635807138,2017-01-31,74.6939227736488,14806,67.59657042187041,1.186237968100488,2.3724759362009706,69956.52020903917,69313.95623274989,1.9915381831620702,trailing_stop,90,1.9915381831620702,310.78851011328146,331.7754661759932
APH,2016-10-21,15.078104808897777,2017-02-02,15.231877814514197,70078,14.643762988660784,0.21717091011849626,0.43434182023699286,10776.104687587507,10138.88579890247,0.35403684022992804,trailing_stop,104,0.35403684022992804,316.9930286393815,320.2258600456578
GL,2016-12-20,69.07914677286283,2017-02-03,68.91464880776742,8050,67.27540832667805,0.9018692230923916,1.8037384461847807,-1324.2086190180266,-1657.4636353452488,-0.09119834721234042,stop_loss,45,-0.09119834721234042,166.82613945646375,166.42887687075833
MPWR,2017-01-24,82.41146232268116,2017-02-14,79.29123786992571,6752,78.91861634906887,1.746422986806142,3.4928459736122903,-21067.755505004807,-21395.30049451495,-0.8933186508446362,stop_loss,21,-0.8933186508446362,166.93265808082296,160.61233142932153
CHTR,2017-01-18,306.4561438903808,2017-02-15,321.52815609741214,3617,293.6315637569329,6.412290066723957,12.82458013344791,54515.46815283229,53834.042388915535,1.1752441054753802,trailing_stop,28,1.1752441054753802,332.53556173545223,348.8902021813019
GWW,2017-01-19,212.41660741680948,2017-02-24,216.22458383353109,5256,205.0074847849999,3.704561315904802,7.409122631809595,20014.724046288735,19338.842615925198,0.5139578066062521,trailing_stop,36,0.5139578066062521,334.93850657482517,340.9429237887118
SCI,2017-02-15,27.366840422297905,2017-02-27,26.694930992942414,42085,26.552848540368696,0.40699594096460423,0.8139918819292085,-28277.30833442584,-28959.86522942896,-0.8254497916650303,stop_loss,12,-0.8254497916650303,345.5200437517222,337.0368512513944
ORI,2017-01-27,10.184808922620107,2017-03-09,10.039779308357653,111585,9.886045181909518,0.1493818703552942,0.298763740710589,-16183.129507475865,-16860.15771080196,-0.48543244878883385,trailing_stop,41,-0.48543244878883385,340.9415710891694,336.0866322369266
XLI,2017-02-14,55.801323160597086,2017-03-10,56.11632391494814,10298,54.78423420923281,0.5085444756821401,1.0170889513642791,3243.8777683071544,2898.119389431965,0.3097081665556642,trailing_stop,24,0.3097081665556642,172.39260777234864,173.36577110284077
INTU,2017-02-27,118.63619721196127,2017-03-21,115.20952635691273,9776,115.11529285913723,1.760452176412026,3.520904352824047,-33499.134278954545,-34184.95701703734,-0.9732359961156223,stop_loss,22,-0.9732359961156223,347.93623918324,337.88649889955366
PNC,2016-10-21,67.90922098652483,2017-03-22,86.5059511509807,15559,65.71859427367747,1.0953133564236777,2.1906267128473615,289346.524628769,288625.76092978276,8.489228244772006,trailing_stop,152,8.489228244772006,316.9798707988019,403.7838281874327
PRU,2016-11-04,55.55075088560043,2017-03-22,68.27577344329084,18515,53.62587933538087,0.9624357751097774,1.9248715502195566,235603.79265563804,234915.9982262532,6.610842451403555,trailing_stop,138,6.610842451403555,308.5566457940676,379.23778359075897
MTB,2016-11-08,94.13646555790781,2017-03-22,117.69367025516597,5534,91.13067193035712,1.5028968137753447,3.0057936275506876,130365.57079462665,130013.8904031498,7.837266165360152,trailing_stop,134,7.837266165360152,156.28536011923853,195.39503135762655
HBAN,2016-11-11,7.780380278664416,2017-03-22,8.54885413958405,68829,7.387100107967995,0.19664008534821054,0.3932801706964213,52893.28737323746,52556.10991050537,1.9540112067150972,trailing_stop,131,1.9540112067150972,160.65473826005794,176.52272447202918
AXTA,2017-03-10,30.970940534591673,2017-03-23,31.058910152435303,37513,29.88214176974544,0.5443993824231163,1.0887987648462314,3300.0042741680836,2601.926537521351,0.0807951117175023,trailing_stop,13,0.0807951117175023,348.54386768224117,349.5338689644916
IEMG,2017-03-21,37.97200973550576,2017-03-23,37.40560545456633,30809,37.289503886982835,0.3412529242614605,0.6825058485229221,-17450.34949146291,-18147.04217538019,-0.8298892707882891,stop_loss,2,-0.8298892707882891,350.96389438235906,345.72878953492017
CTAS,2017-03-24,28.81848009975609,2017-04-07,28.000982187315252,39844,27.98120736804779,0.418636365854149,0.8372727317082997,-32572.38682329278,-33251.56121990261,-0.9763818663637664,stop_loss,14,-0.9763818663637664,344.4730563284045,334.70134028141666
MAR,2017-03-23,85.1769663840559,2017-04-10,83.99194700050064,13480,82.7599739122054,1.2084962359252551,2.416992471850506,-15974.06129032487,-16658.180376052016,-0.49028674989954724,trailing_stop,18,-0.49028674989954724,344.45565205712205,339.66343367002463
AXP,2016-10-21,58.41754191518439,2017-04-13,67.530908105998,18087,56.15297569058451,1.1322831122999362,2.264566224599875,164833.4542932457,164150.04540858575,4.024331941285507,trailing_stop,174,4.024331941285507,316.979424185982,366.4294604739557
SMH,2016-12-16,33.357026363661056,2017-04-17,35.14106970218467,33447,32.342649387388036,0.5071884881365102,1.0143769762730201,59670.89754359941,58983.5807978651,1.7587577205059122,trailing_stop,122,1.7587577205059122,334.7077382356114,352.60900749869126
PEP,2017-04-13,85.25681558548932,2017-04-27,84.97378217763975,13501,83.89195108939941,0.6824322480449523,1.3648644960899077,-3821.2340393770774,-4510.719029497079,-0.20737106772167674,stop_loss,14,-0.20737106772167674,345.3156801659074,344.16930995409433
HLT,2017-04-27,58.651032996818905,2017-05-01,57.24251059226492,10282,56.75756111386354,0.9467359414776831,1.8934718829553674,-14482.427363624069,-14839.912588178957,-0.7438834541105177,stop_loss,4,-0.7438834541105177,180.9149763819876,176.5702481729004
UGI,2017-03-22,35.31280620762718,2017-05-03,34.772539577906564,32415,34.3037940069101,0.5045061003585388,1.0090122007170805,-17512.742802393885,-18194.287747485305,-0.5354411268135957,stop_loss,42,-0.5354411268135957,343.3993839660705,338.1455611253524
DIS,2017-01-31,103.57010789699855,2017-05-04,103.3538419350146,10892,101.2148502295581,1.1776288337202268,2.355257667440455,-2355.5688579291855,-3031.713556400272,-0.09182263366495029,trailing_stop,93,-0.09182263366495029,338.4256845642324,337.7190139068537
NLY,2017-03-29,14.33181414812683,2017-05-10,14.54933809655268,80634,13.991868713942424,0.16997271709220302,0.3399454341844059,17539.82605736997,16841.185208340725,0.6398790116058811,trailing_stop,42,0.6398790116058811,346.6894506060176,351.9513984232286
DRI,2017-03-29,63.185003264507706,2017-05-18,66.34642086179994,18289,61.01447448861573,1.0852643879459865,2.170528775891974,57819.16643687769,57108.46637212388,1.4565195506302644,trailing_stop,50,1.4565195506302644,346.6771574113744,364.02290734243775
TNL,2017-04-13,27.752809552584615,2017-05-18,29.965458978257534,41476,26.989335249464084,0.3817371515602659,0.7634743031205318,91771.84757920995,91053.67070753439,2.898132152751186,trailing_stop,35,2.898132152751186,345.3226587008998,372.85421297466286
CMI,2017-05-03,126.0634969782765,2017-05-19,121.37854456518413,9567,121.1055516515889,2.4789726633438027,4.957945326687607,-44820.93973605476,-45531.12313948864,-0.9449382968937219,stop_loss,16,-0.9449382968937219,361.81484267735135,348.368560756535
BF-B,2017-05-18,34.973007504731335,2017-05-24,35.46521629017121,34342,34.12154042567312,0.42573353952910953,0.8514670790582173,16903.434109576297,16177.737265106935,0.578071422308301,trailing_stop,6,0.578071422308301,360.31290711824505,365.38393735111794
HPQ,2017-02-24,12.58708275474088,2017-05-26,13.337919522161403,92280,12.047939693969555,0.26957153038566256,0.539143060771325,69287.21689756589,68569.50913453213,1.3926484861853523,trailing_stop,91,1.3926484861853523,348.46079898224656,369.24696405151633
MAR,2017-05-10,94.60617352829442,2017-06-07,97.64237620001293,12803,91.6669179518515,1.4696277882214555,2.9392555764429176,38872.502806012126,38134.09535136067,1.03298355408512,trailing_stop,28,1.03298355408512,363.37285190482606,375.0346027466296
AAPL,2017-02-02,29.472265084822677,2017-06-13,34.108320193172105,38212,28.687020270410343,0.39262240720616715,0.7852448144123336,177152.93780024833,176424.07540285552,5.903961443946608,trailing_stop,131,5.903961443946608,337.8582580263732,391.00413936644776
LRCX,2017-01-26,10.140274995800366,2017-06-16,13.180868526238717,56123,9.757911851320156,0.19118157224010504,0.3823631444802107,170647.23070879155,170254.57494742534,7.9521093346268295,trailing_stop,141,7.9521093346268295,170.73079607679117,221.92496528942866
WMT,2017-05-19,22.53817836711742,2017-06-19,21.745967814020144,53529,22.056859647588013,0.24065935976470346,0.4813187195294084,-42406.23869674415,-43117.38451502318,-1.6459167718883483,stop_loss,31,-1.6459167718883483,361.9338449440286,349.21197333500527
AME,2017-05-03,55.54534714179641,2017-06-22,57.06062960140001,10857,53.99174337789844,0.7768018819489865,1.553603763897975,16451.42166391625,16084.652737065986,0.9753339267161466,trailing_stop,50,0.9753339267161466,180.9167501755451,185.85217667471997
MCHP,2017-02-09,30.221060005370052,2017-06-23,33.88133067223981,18700,28.962581517983505,0.629239243693273,1.2584784873865473,68447.06147046451,68087.44705876312,2.9084888645740445,trailing_stop,134,2.9084888645740445,169.540146630126,190.07426507126536
BYD,2017-05-04,22.69481722306102,2017-06-23,22.93860585230149,53036,21.747453387921787,0.47368191756961614,0.9473638351392317,12929.573740397558,12203.50947253008,0.25733368764772496,trailing_stop,50,0.25733368764772496,361.0926978726792,364.9715699947985
SWKS,2017-01-24,73.08599128987566,2017-06-27,81.63796715247858,15227,69.12215236640044,1.981919461737612,3.9638389234752225,130220.9364598546,129514.14194529408,2.1574983312150153,trailing_stop,154,2.1574983312150153,333.86411681128095,372.93039774923744
XLI,2017-06-16,59.16697499324432,2017-06-28,58.403065655099574,10570,58.221927480407466,0.4725237564184259,0.945047512836851,-8074.521704189927,-8447.336303085825,-0.8083290287190253,stop_loss,12,-0.8083290287190253,187.61847770357772,185.19612119232073
CTAS,2017-06-19,29.821583366445108,2017-06-28,28.85646463335717,42112,29.03908639059668,0.39124848792421457,0.7824969758484279,-40643.08008779922,-41384.395075009525,-1.2333833393304818,stop_loss,9,-1.2333833393304818,376.75395561832084,364.5610315919812
XLU,2017-03-23,19.527934800630284,2017-06-29,19.760712264047147,29399,19.0801123704202,0.22391121510504264,0.44782243021008483,6843.4246469923455,6496.91056647601,0.5197985802266779,trailing_stop,98,0.5197985802266779,172.23052656111892,174.2835539552166
LNT,2017-05-24,30.942404205499745,2017-06-29,30.57930535519058,19901,30.18746541747964,0.3774693940100525,0.7549387880201053,-7226.030220002679,-7593.333282592869,-0.4809646239815332,trailing_stop,36,-0.4809646239815332,184.73543582809512,182.56762676209433
ES,2017-05-24,44.36065705577771,2017-06-29,44.43998609168358,13881,43.39344596635051,0.48360554471359685,0.9672110894271952,1101.1663474094037,731.3738291504307,0.08201832751199335,trailing_stop,36,0.08201832751199335,184.73108417737512,185.06143408159792
CL,2017-05-18,59.796153213069566,2017-06-30,59.95096117341105,20085,58.20434081667727,0.7959061981961472,1.5918123963922923,3109.3178834587516,2387.7816457230124,0.09725264151249566,trailing_stop,43,0.09725264151249566,360.3017211853507,361.23451655038826
CNC,2017-06-23,41.63159015274047,2017-06-30,40.099859390258786,29967,39.99275853183744,0.8194158104515159,1.6388316209030336,-45901.37575928869,-46636.14966382521,-0.9346480400699541,stop_loss,7,-0.9346480400699541,374.2721586321521,360.5017459043656
XEL,2017-03-23,33.85175473302443,2017-07-03,35.20646755683643,16959,33.01110805203582,0.42032334049430436,0.8406466809886055,22974.574779027724,22623.227261483597,1.611512725202044,trailing_stop,102,1.611512725202044,172.22757255520838,179.1199449889167
ORCL,2017-06-23,43.99424934895602,2017-07-05,43.52182108235468,28357,42.58946093691741,0.7023942060193044,1.4047884120386058,-13396.648356014222,-14141.156318780426,-0.3362985219359553,trailing_stop,12,-0.3362985219359553,374.26347863650375,370.2444841296995
LVS,2017-06-07,51.87334295605628,2017-07-07,50.785260745240436,24237,49.98199162351071,0.9456756662727823,1.8913513325455682,-26371.848543543543,-27118.28951691604,-0.5752935438765849,trailing_stop,30,-0.5752935438765849,377.1762639677808,369.26470940471773
AGCO,2017-07-11,57.23553299764388,2017-07-14,56.6027009881916,21787,55.39281419431796,0.9213594016629607,1.8427188033259227,-13787.510989936813,-14531.569071091631,-0.34342299449600294,stop_loss,3,-0.34342299449600294,374.0971672259002,369.9609139289191
MDT,2017-06-13,69.24686123398082,2017-07-18,68.21507760023057,17986,67.60632141216684,0.8202699109069973,1.640539821813988,-18557.66043663202,-19299.37756619366,-0.6289293438847349,trailing_stop,35,-0.6289293438847349,373.6422138463138,368.07491571532415
PKG,2017-06-27,86.01279045496005,2017-07-24,85.500633961908,14499,83.6381381561072,1.1873261494264264,2.374652298852851,-7425.756992761826,-8171.788934947877,-0.21567641431104398,trailing_stop,27,-0.21567641431104398,374.1298346419398,371.90210754411123
LECO,2016-10-24,55.912600622631395,2017-07-26,75.2847142507201,18829,53.648000075422694,1.1323002736043513,2.264600547208701,364757.52750328224,364016.43323075713,8.554318178526612,trailing_stop,275,8.554318178526612,315.83350713705795,425.26076538804267
TT,2016-11-08,47.14318426326376,2017-07-27,58.84246243932273,22102,45.319887603051555,0.9116483301061029,1.8232966602122076,258577.4462472553,257874.69781822915,6.416552188878208,trailing_stop,261,6.416552188878208,312.58759757599665,390.16083145017325
CTAS,2017-07-24,31.549639462455712,2017-08-03,30.722131235732164,39825,30.52441947221378,0.5126099951209662,1.0252199902419328,-32955.51512926531,-33699.507109681916,-0.8071518645752038,stop_loss,10,-0.8071518645752038,376.9393174776896,367.0526629389101
ICE,2017-06-28,58.94186736883737,2017-08-04,58.582800738243414,20979,57.63253414004068,0.6546666143983437,1.3093332287966888,-7532.8588432306415,-8272.523846896176,-0.2742362468902965,stop_loss,37,-0.2742362468902965,370.96243065925177,368.70257300628253
NFLX,2017-07-19,18.315297885894772,2017-08-10,17.385596878051757,68166,17.370507640612285,0.4723951226412435,0.944790245282487,-63373.998900626946,-64104.0750583707,-0.9840290080101741,stop_loss,22,-0.9840290080101741,374.5441787069709,355.5319790367828
EL,2017-08-10,92.11833290179912,2017-08-14,89.31954770589874,13840,89.79957809290025,1.159377404449439,2.3187548088988734,-38735.18711126125,-39488.517191544415,-1.2070207618154598,stop_loss,4,-1.2070207618154598,382.47531820827,370.8547620748916
TTC,2016-11-15,45.14955224871938,2017-08-18,60.508200014329596,23900,43.63680026752314,0.7563759905981206,1.5127519811962387,367071.6815980841,366314.11551435804,10.15278641609516,trailing_stop,276,10.15278641609516,323.722289623318,433.8437941027432
C,2017-06-30,50.76035051702941,2017-08-18,50.01217315864267,24277,49.086202037582545,0.8370742397234305,1.6741484794468633,-18163.501729554908,-18897.438096737194,-0.44690024067276146,trailing_stop,49,-0.44690024067276146,369.6927088505769,364.2436583317104
NKE,2017-07-03,51.57459852816813,2017-08-18,48.36756939383377,23934,49.51682006800306,1.0288892300825387,2.057778460165075,-76757.03530115864,-77474.64005527219,-1.5584909631511523,trailing_stop,46,-1.5584909631511523,370.31593235195277,347.2888217616052
AMP,2017-07-27,122.24319958542614,2017-08-18,117.13076626218634,10280,118.08793502014417,2.0776322826409848,4.155264565281968,-52555.81456290513,-53294.04387357917,-1.2303508580308362,stop_loss,22,-1.2303508580308362,376.9980275214542,361.2312831525827
BLK,2017-05-26,322.007613042915,2017-08-21,333.0339044539795,3857,312.8305539376556,4.588529552629704,9.177059105259389,42528.4059724758,41770.457432580144,1.2015059818831633,trailing_stop,87,1.2015059818831633,372.595009051957,385.35353084369973
TDY,2017-08-04,148.76861511230467,2017-08-21,143.7461093902588,8523,143.5496562381666,2.609479437069043,5.218958874138082,-42806.81626899702,-43554.74716807762,-0.9623577888176694,stop_loss,17,-0.9623577888176694,380.3864719806518,367.54442709995266
DHI,2017-07-10,32.53267291115916,2017-08-24,32.26637425021073,38186,31.301661264084302,0.6155058235374299,1.2310116470748582,-10168.88066697672,-10911.205591447942,-0.21632505393528217,trailing_stop,45,-0.21632505393528217,372.6877943356571,369.63713013556406
EG,2016-10-26,164.23912776213515,2017-08-25,213.26584324088506,6330,159.6167632293626,2.3111822663862873,4.622364532772565,310339.1089804869,309622.2270405522,10.60641477563063,trailing_stop,303,10.60641477563063,311.89010362029467,404.9918363144407
SCI,2017-07-03,29.13804334141504,2017-09-07,30.09183203169411,42363,28.397434780974947,0.37030428022004763,0.7406085604400943,40405.350286292196,39652.60372316289,1.28784453924256,trailing_stop,66,1.28784453924256,370.3124790217096,382.4340841075973
CMS,2017-08-21,37.23328136682663,2017-09-14,36.52710672737946,33644,36.51586087846399,0.3587102441813193,0.7174204883626416,-23758.53956956058,-24503.01791867302,-0.9843246058651905,trailing_stop,24,-0.9843246058651905,375.8029554916546,368.67539362078634
IQV,2017-08-28,97.55745908355712,2017-09-18,94.42547664642333,12953,94.11881408518828,1.7193224991844218,3.4386449983688436,-40568.56850819393,-41314.594998147055,-0.9108187785070787,stop_loss,21,-0.9108187785070787,379.09853025279466,366.9279597003364
ILMN,2017-08-03,191.82588107299802,2017-09-22,194.0567255859375,6560,182.63378547790956,4.596047797544232,9.19209559508846,14634.340004883015,13874.92303497823,0.2426916136654925,trailing_stop,50,0.2426916136654925,377.5133339516601,381.903635953125
SBAC,2017-04-12,112.61397278781467,2017-09-25,129.46094357632649,10298,109.17736830352256,1.7183022421460623,3.4366044842921184,173490.10518009463,172742.23893347924,4.902214050384678,trailing_stop,166,4.902214050384678,347.9096075306747,399.956639084703
V,2017-08-17,97.27974226327744,2017-09-26,96.8786665191778,13133,95.09839981526858,1.0906712240044305,2.181342448008863,-5267.32774726061,-6032.292462022606,-0.18386647381558371,trailing_stop,40,-0.18386647381558371,383.27245654308683,381.6922582189086
CRM,2017-08-23,90.66362450687461,2017-09-26,91.27790324825158,13936,87.82202864233787,1.4207979322683741,2.8415958645367425,8560.588539829369,7799.927400590737,0.21617385816301082,trailing_stop,34,0.21617385816301082,379.0464813383414,381.6146579002902
ASHR,2017-08-28,26.161990399310973,2017-09-26,25.843477118099464,48302,25.729791678866103,0.21609936022243414,0.4321987204448696,-15384.828509078287,-16138.418936686074,-0.736960259585353,stop_loss,29,-0.736960259585353,379.10293808025557,374.4874895275321
SRE,2017-08-22,44.907742454679635,2017-09-28,43.46733805341299,27929,43.93919932889879,0.48427156289042433,0.9685431257808474,-40229.0545229762,-40969.52281002935,-1.4871866444825381,stop_loss,37,-1.4871866444825381,376.2685017050242,364.1997853481314
IRM,2017-08-29,24.215888306186155,2017-09-28,23.92926629948417,52299,23.378885906329213,0.4185011999284704,0.8370023998569422,-14990.044328507167,-15745.427360723754,-0.3424386916345455,trailing_stop,30,-0.3424386916345455,379.9400227575689,375.4430094590168
EL,2017-08-21,94.23749360663692,2017-09-29,95.57849055519864,13292,90.82208732673493,1.707703139950993,3.415406279901987,17824.531440282433,17067.621221838697,0.39263175114856524,trailing_stop,39,0.39263175114856524,375.78142950582543,381.12878893791014
LOPE,2017-09-28,89.76968030548095,2017-10-18,88.27164060974121,14425,86.14392839863352,1.8128759534237162,3.6257519068474267,-21609.222611045672,-22379.696427306295,-0.41316662977149826,trailing_stop,20,-0.41316662977149826,388.4782915219688,381.99552473865504
ALLE,2017-09-25,76.19803377379846,2017-10-26,72.72143756417404,17128,74.29339613851272,0.9523188176428722,1.904637635285738,-59547.13987844703,-60312.34768997007,-1.8253320974111968,trailing_stop,31,-1.8253320974111968,391.535976743286,373.6718347797519
DLB,2017-09-14,52.30625526518579,2017-10-27,51.068280452550816,24903,50.25688993677538,1.024682664205206,2.04936532841041,-30829.286759048755,-31601.587577942395,-0.6040771723191047,stop_loss,43,-0.6040771723191047,390.77480246067654,381.5260164329619
CTAS,2017-09-28,32.75334072769206,2017-11-02,33.45921829780246,39536,31.800753241180768,0.47629374325564744,0.9525874865112947,27907.575611884593,27122.24169179501,0.741010752404027,trailing_stop,35,0.741010752404027,388.48082370301,396.85309638657543
GM,2017-09-26,34.99816278445991,2017-11-03,36.89419145684344,36905,34.046133156512056,0.4760148139739263,0.9520296279478515,69972.93815431416,69176.98195433157,1.9915647756367796,trailing_stop,38,1.9915647756367796,387.4821592681479,408.47404071444214
IJR,2017-09-26,63.42680281422895,2017-11-08,64.25744846000103,20364,62.32546683146616,0.5506679913813943,1.1013359827627909,16915.267930502636,16135.219302618108,0.7542163869815074,trailing_stop,43,0.7542163869815074,387.4870237526875,392.5616041318383
IWM,2017-09-28,132.51397520343588,2017-11-08,131.71932017405723,4886,130.14958970522258,1.18219274910665,2.364385498213295,-3882.6844735440636,-4269.997637908393,-0.3360936826837866,trailing_stop,41,-0.3360936826837866,194.2389848531963,193.0741795111331
THO,2017-09-29,103.29789242069282,2017-11-08,107.2096456197203,12582,99.30697390133354,1.9954592596796445,3.9909185193592833,49217.67875016384,48423.0969970765,0.9801636340236518,trailing_stop,40,0.9801636340236518,389.90822473114713,404.67352835619624
EXPD,2017-11-08,54.47696770134586,2017-11-09,53.91947081589045,25162,52.69303826736203,0.8919647169919186,1.783929433983836,-14027.736631829135,-14845.977987620345,-0.3125106155182513,stop_loss,1,-0.3125106155182513,411.2248383903794,407.01651740083065
ITT,2017-11-03,47.35410186735401,2017-11-15,45.564497168235434,28827,45.58884953804945,0.8826261646522788,1.765252329304559,-51588.93466149122,-52392.503997810905,-1.0137954044358133,stop_loss,12,-1.0137954044358133,409.52300835906425,394.04632796061685
JNJ,2017-10-18,110.7976316134198,2017-11-16,109.50026146660792,12168,108.21247790261654,1.2925768554016295,2.5851537108032545,-15786.399946406857,-16590.57537530619,-0.5018541610853597,trailing_stop,29,-0.5018541610853597,404.4556744416276,399.71975445770556
EME,2017-10-27,74.87081907235957,2017-11-16,74.46003737830898,18144,72.41131518286633,1.2297519447466152,2.4595038894932344,-7453.2230568538,-8266.060774686079,-0.16701811117494236,trailing_stop,20,-0.16701811117494236,407.53684237466763,405.3008754576114
WMT,2017-11-17,28.866973759131564,2017-11-21,28.37384361726205,47957,27.90320298294932,0.481885388091122,0.963770776182244,-23649.042213636294,-24472.571577312207,-0.5116674566777545,stop_loss,4,-0.5116674566777545,415.31203817000176,408.2173255059108
DELL,2017-08-28,18.32770390230197,2017-11-30,20.03855788516236,68949,17.687960746139094,0.3198715780814376,0.6397431561628757,117961.67126424095,117168.07664904579,2.6742825872838463,trailing_stop,94,2.6742825872838463,379.10305690794553,414.49155828721786
GDDY,2017-11-08,48.61856969451904,2017-11-30,48.871078170776364,28194,46.934312764678964,0.8421284649200359,1.6842569298400747,7119.223979599043,6294.637040024801,0.14992277709155824,trailing_stop,22,0.14992277709155824,411.22558619018093,413.36135338406064
CFG,2017-11-30,29.08285490099068,2017-12-04,29.314424129349042,47855,27.931598516092688,0.5756281924489962,1.1512563848979909,11081.745423089495,10243.364886690422,0.20114479397991117,stop_loss,4,0.20114479397991117,417.5280063860727,420.8525300129996
TTWO,2016-11-04,48.338290916442865,2017-12-05,101.32857030487061,21278,45.725133161364774,1.3065788775390454,2.613157755078092,1127527.1648269657,1126571.7813850455,20.278255028978982,trailing_stop,396,20.278255028978982,308.5626462360214,646.820795684111
ISRG,2017-04-20,89.70072561645507,2017-12-05,123.10677335357666,12996,87.13559452840552,1.282565544024777,2.5651310880495544,434144.99639163207,433315.3025146477,13.023134721166434,trailing_stop,229,13.023134721166434,349.725189033435,479.9686879509247
ASH,2017-11-30,63.65241522429597,2017-12-07,60.90929325838669,21865,61.51070498592671,1.0708551191846323,2.1417102383692637,-59978.361784606444,-60795.4243113986,-1.280809101420715,stop_loss,7,-1.280809101420715,417.52801766376945,399.53450912838747
LOW,2017-12-05,75.3287983241104,2017-12-07,70.37875081522174,18338,72.49548399155577,1.41665716627731,2.8333143325546217,-90773.97121800022,-91575.56672883536,-1.7470873076145814,stop_loss,2,-1.7470873076145814,414.41385110026096,387.1816597348609
RL,2017-12-05,84.76261118042044,2017-12-07,82.85334556904371,16297,80.90422053652452,1.9291953219479556,3.858390643895916,-31115.301668606484,-31934.79284275029,-0.4948347089730889,stop_loss,2,-0.4948347089730889,414.4128823221935,405.0782918216116
FNF,2017-11-15,26.93938437779247,2017-12-22,26.391028245060447,51279,26.075603242327187,0.4318905677326429,0.8637811354652847,-28119.15413036549,-28939.57319903167,-0.6348322627312841,trailing_stop,37,-0.6348322627312841,414.427407452646,405.99166121353636
INGR,2017-11-16,105.53429123069613,2018-01-16,108.39397855730361,13005,102.6632667939882,1.4355122183539664,2.871024436707927,37190.23368253034,36355.59253795246,0.9960511969332307,trailing_stop,61,0.9960511969332307,411.742037236561,422.8991073413201
LULU,2017-12-08,72.55248336029052,2018-01-17,77.00292182922364,18920,68.89554787146079,1.828467744414865,3.656935488829731,84202.29583221453,83353.41935235885,1.2169857747086796,trailing_stop,40,1.2169857747086796,411.807895553009,437.0685843026734
TXN,2017-09-25,68.85805240613159,2018-01-25,87.47411673710792,18954,66.76076298660716,1.048644709762212,2.0972894195244294,352848.88332932536,351959.94734914304,8.876249580850702,trailing_stop,122,8.876249580850702,391.54065759174546,497.39532259054306
ROL,2018-01-25,20.4407496396074,2018-01-31,20.023470833625847,73280,19.810221455737896,0.3152640919347524,0.6305281838695045,-30578.19090232821,-31467.75632521177,-0.6617924728134184,stop_loss,6,-0.6617924728134184,449.3694400771291,440.19598280643066
PHM,2017-07-10,22.405589595632296,2018-02-01,28.727929966906515,27722,21.596055366226576,0.40476711470286053,0.8095342294057204,175267.9197724639,174842.6627436701,7.809849344993668,trailing_stop,206,7.809849344993668,186.33832643103554,238.9187023627747
ABBV,2017-09-07,53.69301760267952,2018-02-01,78.92179499269581,23762,52.27316614418595,0.7099257292467823,1.419851458493568,599486.2083415671,598540.8503884997,17.768603355722494,trailing_stop,147,17.768603355722494,382.75604528246123,562.6019077849313
XLP,2017-12-07,45.30396299041268,2018-02-02,45.86975022891767,30194,44.55322458911825,0.3753692006472128,0.7507384012944271,17083.379879419623,16257.510150336282,0.7536409986880318,trailing_stop,57,0.7536409986880318,410.37235755975615,415.497371523582
TTWO,2018-02-01,126.97684847259521,2018-02-02,123.00686725616455,11805,120.2020552273841,3.3873966226055545,6.774793245211114,-46865.628259963865,-47750.94558921726,-0.585992970226347,stop_loss,1,-0.585992970226347,449.688508865696,435.6288203877067
TROW,2017-07-14,56.87634417430659,2018-02-05,79.62998228359102,21970,54.85261307760094,1.0118655483528234,2.023731096705646,499897.42926097894,498997.7160632949,11.243409831634354,trailing_stop,206,11.243409831634354,374.87198445285475,524.8412132311483
CAT,2017-07-26,95.04774838540715,2018-02-05,130.00090968526186,13207,91.77987535800496,1.633936513701095,3.2678730274021888,461626.4012871812,460734.7359990394,10.695997367939627,trailing_stop,194,10.695997367939627,376.58868387782167,515.076604263976
ELV,2017-10-26,183.2883929214441,2018-02-05,212.0739676737972,7441,175.57824562689518,3.855073647274473,7.710147294548932,214193.4617322593,213310.89433470255,3.733466255917635,trailing_stop,102,3.733466255917635,409.15467951853975,473.4127180382175
OLLI,2017-12-05,50.45040152740478,2018-02-05,53.19675,27381,47.74737874089669,1.3515113932540441,2.703022786508086,75197.7675281298,74346.37873133823,1.0160286055683265,trailing_stop,62,1.0160286055683265,414.4147332665611,436.974063525
DIA,2018-01-04,213.65293990804966,2018-02-05,215.27303032033342,3336,211.27935183676576,1.1867940356419535,2.373588071283905,5404.621615378618,4975.352504374052,0.6825491044060693,trailing_stop,32,0.6825491044060693,213.8238622599761,215.44524874458966
MGM,2018-01-17,34.76359187550411,2018-02-05,33.59349742941029,42199,33.46137385681081,0.6511090093466531,1.3022180186933028,-49376.815530713124,-50242.19577418655,-0.8985395911415351,trailing_stop,19,-0.8985395911415351,440.0966440663194,425.28359940710544
ALV,2018-01-31,88.55158415705962,2018-02-05,84.47321495267866,16870,85.81211647522662,1.3697338409165036,2.7394676818330055,-68802.08847790683,-69677.76698620121,-1.4887451425059646,stop_loss,5,-1.4887451425059646,448.1595674188788,427.5189408755067
STZ,2017-06-30,168.38445244588306,2018-02-06,181.00453231727053,7318,163.08583369652905,2.6493093746770033,5.298618749354006,92353.74449881354,91586.6959216645,2.3817678659983006,trailing_stop,221,2.3817678659983006,369.67122689969165,397.37735024933573
AVY,2017-11-21,95.1353615165361,2018-02-06,95.71397991151534,14542,92.34027542704197,1.3975430447470627,2.79508608949412,8414.268699788174,7581.669362874157,0.2070127274984822,trailing_stop,77,0.2070127274984822,415.03752815204035,417.56180876197686
BRK-B,2017-12-04,196.376172668457,2018-02-06,192.95684390258788,7125,191.8312982595405,2.2724372044582557,4.544874408916513,-24362.717456817514,-25194.916779738123,-0.7523483507400778,trailing_stop,64,-0.7523483507400778,419.75406907882683,412.4452538417816
APO,2017-12-22,25.24066117847169,2018-02-06,24.631774409124766,56134,24.04716532639875,0.5967479260364702,1.1934958520729388,-34179.24991052023,-35019.11170030247,-0.5101708299106118,trailing_stop,46,-0.5101708299106118,425.0577823776989,414.8040074045429
CNH,2018-01-16,11.079086465259573,2018-02-06,10.38773393367202,133195,10.728851628778273,0.17511741824065066,0.3502348364813006,-92084.7004448041,-92942.4823877148,-1.9739684907799424,stop_loss,21,-1.9739684907799424,442.70367652207466,415.07826638863344
EBAY,2018-02-02,39.98601559678513,2018-02-06,36.866341751982354,37537,38.08640030577779,0.9498076455036706,1.8996152910073434,-117103.1971123618,-117968.63919370201,-1.642266125973565,stop_loss,4,-1.642266125973565,450.2865202369571,415.15556110324843
AFG,2018-02-02,61.3202630622359,2018-02-06,56.07871195678698,24477,59.5390047968654,0.8906291326852525,1.7812582653705036,-128297.44640807321,-129159.5188215354,-2.9426115276768536,stop_loss,4,-2.9426115276768536,450.28082369230447,411.79158976988253
ROP,2018-02-05,271.8644470452662,2018-02-06,248.70881917060998,5394,264.2068802790935,3.8287833830863405,7.6575667661726925,-124901.45675589572,-125743.84841528625,-3.0238884728953637,stop_loss,1,-3.0238884728953637,439.9310482086498,402.46061118188106
CME,2018-02-05,117.488084135286,2018-02-06,112.98323618846648,12483,113.77324495193652,1.857419591674741,3.7148391833494827,-56234.01692014812,-57097.10896762854,-1.2126629779859623,stop_loss,1,-1.2126629779859623,439.9811262782326,423.1109212021881
EA,2018-02-01,123.12845487483398,2018-02-07,119.11112956725596,6087,116.92475860637305,3.101848134230468,6.203696268460931,-24453.459147227404,-24895.812852377105,-0.6475696316729371,stop_loss,6,-0.6475696316729371,224.84487144693435,217.5088337027661
MSI,2018-02-05,92.53786829101452,2018-02-07,91.66624965504663,15849,89.16607504328805,1.685896623863234,3.3717932477264725,-13814.283761455112,-14690.119081053248,-0.25850298993142745,stop_loss,2,-0.25850298993142745,439.98980236328674,435.8455172348502
PLNT,2017-11-09,29.829799236297603,2018-02-09,29.66031053352356,46387,28.29633766437421,0.766730785961697,1.533461571923393,-7862.072455579524,-8689.942772147331,-0.11052686671597269,trailing_stop,92,-0.11052686671597269,415.1144691522411,412.7558474155672
SAM,2018-02-16,200.4001969451904,2018-02-23,166.833,7058,190.04030103447494,5.179947955357732,10.359895910715466,-236917.27603915386,-237694.8556103656,-3.2401094793308802,stop_loss,7,-3.2401094793308802,424.3273770117462,353.25219419999996
VRSN,2018-02-20,118.02916483117055,2018-02-23,113.65039737701474,12006,112.88452414452117,2.572320343324691,5.144640686649382,-52571.482054594606,-53405.94550175605,-0.8511318323005419,stop_loss,3,-0.8511318323005419,425.1174458889101,409.3460012725317
POOL,2018-02-16,132.47109696235694,2018-03-01,124.00824165274716,10677,125.93648783032022,3.2673045660183617,6.534609132036721,-90357.9061407036,-91179.43511022165,-1.295082098808266,stop_loss,13,-1.295082098808266,424.31817068012543,397.2107988379144
BMY,2018-02-16,51.021579247973996,2018-03-02,48.39806181658387,27723,48.476591375993515,1.272493935990242,2.5449878719804815,-72731.77375042849,-73558.63696319831,-1.0308565554571913,stop_loss,14,-1.0308565554571913,424.34137244747495,402.5218403223464
NOC,2018-02-15,307.78688119227434,2018-03-05,297.65906625697136,4578,293.6995564115901,7.043662390342115,14.087324780684241,-46365.13677381704,-47196.656238043826,-0.7189310314751653,stop_loss,18,-0.7189310314751653,422.7145026294695,408.80496159732445
GDDY,2018-02-26,61.82175831985473,2018-03-05,60.28964847564697,22686,58.71678888423506,1.5524847178098367,3.1049694356196724,-34757.44392569724,-35588.509738066066,-0.4934379793345663,stop_loss,7,-0.4934379793345663,420.7465227732673,410.31928959555813
LIVN,2018-03-01,90.56047122192382,2018-03-06,87.96195304870605,15354,85.80980667519813,2.3753322733628437,4.750664546725687,-39897.64803158563,-40719.95802226101,-0.5469799325251775,stop_loss,5,-0.5469799325251775,417.1396425424255,405.1703481329498
NXPI,2018-02-21,111.30878154382873,2018-03-14,108.41037821747716,12636,108.49709376255264,1.4058438906380488,2.811687781276092,-36624.224431778435,-37457.135822601595,-1.0308411003714366,stop_loss,21,-1.0308411003714366,421.94932907634603,410.9620617468124
HII,2018-02-16,217.77159006209942,2018-03-15,215.96866732600324,3247,206.17083216197327,5.800378950063083,11.600757900126155,-5854.090124104291,-6276.596508826042,-0.15541421962409646,trailing_stop,27,-0.15541421962409646,212.13130587949107,210.37507884225977
GWRE,2018-03-08,89.05897122192381,2018-03-19,84.32559365844726,15914,84.68777459072888,2.1855983155974634,4.371196631194934,-75326.97054516584,-76154.7431348177,-1.0828562434590387,stop_loss,11,-1.0828562434590387,425.1853404077087,402.5872492441589
CBRE,2018-02-28,47.27722954177856,2018-03-21,47.981968780517576,29667,45.12234970526276,1.077439918257903,2.1548798365158035,20907.49899567039,20059.682604682122,0.3270434048324939,stop_loss,21,0.3270434048324939,420.7720706447833,427.04432034348446
BA,2016-10-26,127.49372446788881,2018-03-23,306.30018205231914,8154,123.80672999127472,1.8434972383070414,3.686994476614089,1457987.855143445,1456926.7084893154,48.496535245324075,trailing_stop,513,48.496535245324075,311.8751487933496,749.271505336383
CRM,2018-03-02,116.74883429051741,2018-03-23,115.88709469743536,5911,111.6364592214074,2.5561875345549994,5.112375069110001,-5093.742734707993,-5506.276027582329,-0.16855954061134,trailing_stop,21,-0.16855954061134,207.03070784737452,205.50258502696212
IGV,2018-03-06,35.005436588190115,2018-03-23,34.254904217794916,20054,33.728083009656544,0.6386767892667862,1.277353578533571,-15051.176155905316,-15467.860218262284,-0.5875682215231477,trailing_stop,17,-0.5875682215231477,210.5997076018694,206.0843547550978
FNB,2018-03-07,10.580023962182329,2018-03-23,9.957796533524707,133479,10.080678881514395,0.24967254033396732,0.4993450806679345,-83054.29494979071,-83876.70527237466,-1.2460870302863851,stop_loss,16,-1.2460870302863851,423.66330553444055,398.7470170495033
WTFC,2018-03-08,78.98059469359355,2018-03-23,74.52745850508194,8972,75.16692659389764,1.9068340498479537,3.813668099695903,-39953.537883326135,-40366.72015931569,-1.167677960456678,stop_loss,15,-1.167677960456678,212.58416867727638,200.59810731227853
THG,2018-03-21,94.45746043651417,2018-03-23,90.86349602359675,14958,90.92963207474646,1.763914180883851,3.5278283617677033,-53758.5196884187,-54590.12894843781,-1.0187469582892557,stop_loss,2,-1.0187469582892557,423.8684079628137,407.7408520562881
GPN,2018-02-20,107.8327444386982,2018-03-26,106.37075935430784,13142,102.55277022134857,2.6399871086748163,5.279974217349633,-19213.407979058156,-20057.92671311246,-0.2768924665553064,trailing_stop,34,-0.2768924665553064,425.14137822401153,419.3773558302941
ZBRA,2018-02-23,137.13699999999997,2018-03-26,140.0797812194824,10143,130.42649307207574,3.355253463962113,6.710506927924229,29848.629909210402,29005.08696563764,0.43853337029379036,trailing_stop,31,0.43853337029379036,417.2941772999999,426.2487662727631
KEYS,2018-03-05,49.03899168014526,2018-03-26,51.628320304870606,28294,46.789930890144056,1.1245303950006,2.2490607900012023,73262.46410797897,72407.97983038776,1.1512933026252095,trailing_stop,21,1.1512933026252095,416.252769179409,438.23150841180274
BLKB,2018-03-08,107.81737066135602,2018-03-26,103.69131783166233,13145,101.26913732622077,3.2741166675676228,6.548233335135251,-54236.96444632357,-55071.04895939578,-0.6301016806403202,trailing_stop,18,-0.6301016806403202,425.17780120305747,408.90671186916046
VRSN,2018-03-15,122.0423411916923,2018-03-28,115.9039234414163,11593,116.9164494864223,2.562945852635004,5.125891705270007,-71162.67697894973,-71990.23029271721,-1.1975316887723173,stop_loss,13,-1.1975316887723173,424.45105843058667,403.10225533690175
VEEV,2018-03-01,69.59952877807616,2018-03-29,71.56835939025879,19978,65.75148693767325,1.9240209202014575,3.8480418404029137,39333.297970184554,38487.22234923646,0.5116448037312609,trailing_stop,28,0.5116448037312609,417.1378157785217,428.93780516957696
BWXT,2018-03-27,61.36775491343135,2018-03-29,58.15075248650501,22553,58.804820860515385,1.281467026457983,2.5629340529159634,-72553.05573446963,-73361.70600368685,-1.255202966797452,stop_loss,2,-1.255202966797452,415.20809296878514,393.44217624844424
NOV,2018-04-13,36.56045072934205,2018-04-17,33.74460019690029,18891,34.429863421097615,1.0652936541222167,2.1305873082444364,-53194.23240835738,-53592.672223471665,-1.3216311397076574,stop_loss,4,-1.3216311397076574,207.1990424184002,191.24077269589299
ROL,2018-04-18,21.728490407794663,2018-04-23,20.95005467668152,64341,20.926487933932535,0.40100123693106476,0.8020024738621281,-50085.33337555064,-50909.127456334725,-0.9706151246198801,stop_loss,5,-0.9706151246198801,419.4098403983749,404.3842403857097
TRU,2018-04-23,64.79422244236169,2018-04-24,63.89639160548141,21411,61.91334058739656,1.4404409274825618,2.880881854965125,-19223.456048443553,-20050.074469657065,-0.3116513908173243,stop_loss,1,-0.3116513908173243,416.19272901402184,410.42569219948876
WSO,2018-04-04,141.54527174832333,2018-04-25,134.62234942148362,9715,135.2158964345093,3.1646876569070264,6.32937531381404,-67256.19040524779,-68061.0809371472,-1.09377655512547,stop_loss,21,-1.09377655512547,412.5336945104883,392.35683738891396
FIVE,2018-04-12,76.97690152740478,2018-04-25,72.70721878051758,17922,72.31134557693042,2.3327779752371818,4.6655559504743565,-76521.25418971237,-77326.04583095995,-0.9151498325624177,stop_loss,13,-0.9151498325624177,413.87400875224455,390.91763249533085
BWXT,2018-04-18,63.22629548878316,2018-05-01,61.19990027192464,22111,60.59179165076608,1.317251919008538,2.634503838017075,-44805.62463995869,-45630.980924298194,-0.7691752760488422,trailing_stop,13,-0.7691752760488422,419.3989858657453,405.9572984737577
TXT,2018-04-19,64.35767788963027,2018-05-01,61.29339037502995,21724,61.46374363565424,1.4469671269880142,2.8939342539760275,-66568.58196717728,-67387.47510927172,-1.0588656291656375,stop_loss,12,-1.0588656291656375,419.4318583422983,399.4612837521452
LHX,2017-09-18,108.30543763919958,2018-05-02,131.15402198762462,12043,105.98483282601576,1.1603024065919094,2.32060481318382,275165.5013080827,274300.35822639696,9.845960940276283,trailing_stop,226,9.845960940276283,391.29671564666415,473.84636603908893
ECL,2018-04-17,135.88120998204334,2018-05-02,133.5909230729611,5097,131.257867994485,2.3116709937791775,4.623341987558348,-11673.592375592252,-12085.642214246658,-0.4953747560196791,stop_loss,15,-0.4953747560196791,207.77595818354246,204.2738804708648
EL,2017-11-02,109.14494180255822,2018-05-03,121.262639686566,12518,105.54945455690383,1.7977436228272006,3.5954872456543967,151689.3421120094,150824.06948048514,3.370251945311045,trailing_stop,182,3.370251945311045,409.8829144453271,455.38971707892995
ATR,2018-04-11,82.8446974796257,2018-05-04,81.66331647094788,16668,79.59557180741486,1.6245628361054194,3.2491256722108375,-19691.258652641864,-20513.86452560031,-0.36359966583685815,trailing_stop,23,-0.36359966583685815,414.25662527712035,408.34924768132777
TYL,2018-04-18,224.2840575561523,2018-05-04,217.87190634155274,3116,214.94151859886392,4.671269478644197,9.342538957288383,-19980.26318469223,-20393.590579743806,-0.6863392535920075,stop_loss,16,-0.6863392535920075,209.6607370034912,203.66665804808352
CSX,2018-04-19,18.266792870342318,2018-05-04,17.511226970576566,38269,17.324486749193227,0.47115306057454526,0.9423061211490911,-28914.75141813558,-29325.50813052322,-0.8018263734128999,stop_loss,15,-0.8018263734128999,209.71556890653903,201.04114348109835
COLM,2018-04-30,75.97708243326487,2018-05-07,73.25434676379994,18132,72.22738254209625,1.8748499455843093,3.7496998911686177,-49368.643158738014,-50180.40244099837,-0.7261209559403877,stop_loss,7,-0.7261209559403877,413.2849376039876,398.4743446563662
TJX,2018-03-01,36.7668994949773,2018-05-08,36.58632301221611,37818,35.018804477333276,0.8740475088220112,1.748095017644026,-6829.041425062666,-7661.263075695778,-0.10329900888600399,trailing_stop,68,-0.10329900888600399,417.13518153031544,415.0864691027967
PFGC,2018-05-10,36.236200763702385,2018-05-14,34.665300762176514,38183,34.369276659990255,0.9334620518560642,1.8669241037121296,-59981.67475826233,-60793.84436809112,-0.8414375273222654,stop_loss,4,-0.8414375273222654,415.08205612813447,397.08755370065575
NEE,2018-03-19,32.801761026610954,2018-05-17,32.024739348332126,42987,31.671840201789156,0.5649604124109,1.1299208248217987,-33401.830884171985,-34237.83991565729,-0.6876779869964547,trailing_stop,59,-0.6876779869964547,423.01479037527747,412.99424111002594
CUBE,2018-05-01,20.912559734469507,2018-05-18,20.941637549472212,65531,20.141897924614202,0.3853309049276531,0.7706618098553051,1905.4982949422256,1082.6740742780303,0.037730966593717594,trailing_stop,17,0.037730966593717594,411.1262855878564,411.6979350763391
WTFC,2018-05-22,85.26629675181245,2018-05-25,82.1886845539709,8205,81.53426961015005,1.8660135708312002,3.7320271416623996,-25251.808083289885,-25663.998519774068,-0.8246489323415397,stop_loss,3,-0.8246489323415397,209.88298945458635,202.3074470295994
COP,2018-04-11,47.64960166226319,2018-05-29,49.66682533090471,28980,45.13930975074182,1.255145955760683,2.5102919115213638,58459.14191723126,57613.07290095266,0.8035813123498378,trailing_stop,48,0.8035813123498378,414.2656368517161,431.8033794268855
CFR,2018-04-27,89.8709701060982,2018-05-30,90.22196441963801,7644,85.52591784901033,2.1725261285439372,4.345052257087872,2683.000532698343,2270.0114152439246,0.08078022835450475,trailing_stop,33,0.08078022835450475,206.0921086473044,206.8970088071139
RJF,2018-05-21,58.66931689406232,2018-05-30,57.13793267473465,11832,56.1855441088522,1.2418863926050592,2.483772785210121,-18119.33808308499,-18530.40749615439,-0.6165556803128103,stop_loss,9,-0.6165556803128103,208.2526072471636,202.81680582223808
AAPL,2018-05-07,43.50718550812155,2018-06-20,43.86307007678957,15714,41.523279569870404,0.9919529691255751,1.983905938251148,5592.370112049222,5180.489253170835,0.17938580746511423,trailing_stop,44,0.17938580746511423,205.10157392238662,206.7792849560014
VLO,2018-04-17,76.69633057047945,2018-06-22,82.64980437539617,9031,72.98760215619049,1.8543642071444744,3.708728414288956,53765.821932202954,53334.10544879409,1.6052601161032,trailing_stop,66,1.6052601161032,207.79336841459997,223.92311499426086
NDAQ,2018-04-04,25.14650679882417,2018-06-26,27.072390789167322,27342,24.05696847288669,0.54476916296874,1.089538325937479,52657.52006396247,52229.18933460721,1.7676147268027957,trailing_stop,83,1.7676147268027957,206.26673666803512,222.0639926872239
V,2018-04-27,119.45509980981629,2018-06-26,124.76265465053258,5750,114.43804268945863,2.508528560178834,5.017057120357663,30518.440334118684,30097.164707674583,1.0579020157414354,trailing_stop,60,1.0579020157414354,206.06004717193312,215.2155792721687
EXPD,2018-05-10,63.86652711834496,2018-06-26,66.21155234486918,21664,60.532678154723015,1.666924481810975,3.3338489636219464,50802.62650742057,49957.22305337325,0.7033987598455995,trailing_stop,47,0.7033987598455995,415.0813330475476,430.3221209997738
CHDN,2018-05-15,47.47544693134617,2018-06-26,46.97680151417116,29198,45.36427624199548,1.055585344675343,2.1111706893506863,-14559.448890676016,-15386.79391570968,-0.23619379507792257,trailing_stop,42,-0.23619379507792257,415.85642985043364,411.48859518323087
VB,2018-05-22,138.73669595969994,2018-06-26,139.39783502595066,5043,135.67691811943246,1.529888920133748,3.0597778402674862,3334.1243111023405,2913.33457917415,0.21607420563347668,trailing_stop,35,0.21607420563347668,209.89474731743002,210.89498461076076
FICO,2018-05-31,185.365172668457,2018-06-26,191.11868756103516,3772,178.94772675416237,3.2087229571473133,6.417445914294632,21702.258174804792,21276.229038569098,0.896542794347889,trailing_stop,26,0.896542794347889,209.75922939162598,216.26990684406738
XBI,2018-06-20,98.76493878697393,2018-06-26,95.87391698348178,7292,95.26778403895374,1.7485773740100974,3.4971547480201934,-21081.330991064766,-21507.122951948215,-0.8266782604140736,stop_loss,6,-0.8266782604140736,216.05818009038418,209.73378079306474
BAH,2018-05-30,38.57444698539813,2018-06-27,38.261614485171464,35783,37.39155585242652,0.5914455664858078,1.182891132971612,-11194.085355610903,-12018.912791891322,-0.2644643209394797,trailing_stop,28,-0.2644643209394797,414.09283094355044,410.73460533686716
TECH,2018-03-19,35.441668057270306,2018-06-28,35.05509057382202,19892,34.04997032255676,0.6958488673567744,1.3916977347135457,-7689.799300753283,-8110.495757560189,-0.27777402650429295,trailing_stop,101,-0.27777402650429295,211.50169829856628,209.19475850834027
MA,2018-05-03,176.67579179941794,2018-06-28,184.78558222245553,3852,168.3797102324364,4.1480407834907655,8.296081566981542,31238.912709540815,30821.207945721137,0.9775446826987108,trailing_stop,56,0.9775446826987108,204.16654500340735,213.53821881626962
BIO,2018-05-15,285.9857122192382,2018-06-28,284.2254997558594,4847,270.5616130151652,7.7120496020364895,15.424099204073002,-8531.749809997144,-9360.893933330133,-0.11412092467053156,trailing_stop,44,-0.11412092467053156,415.8518241379943,413.29229919499517
DGX,2018-06-26,96.42259266538476,2018-06-28,93.39765338792385,14561,93.32442720373537,1.549082730824695,3.098165461649387,-44046.140819108194,-44875.33259994286,-0.9763646631870007,stop_loss,2,-0.9763646631870007,421.2028115402002,407.9889692944678
DECK,2018-05-29,17.776091539382932,2018-07-02,18.792854822158812,78168,16.913075300048337,0.4315081196672974,0.8630162393345948,79478.352288025,78620.7958682683,1.1781508115766486,trailing_stop,34,1.1781508115766486,416.85645703514547,440.699962721553
CUBE,2018-06-27,23.21329507563756,2018-07-17,22.102266549366348,30344,22.54492434705125,0.3341853642931548,0.6683707285863107,-33713.049601173676,-34125.56622175841,-1.6622938120303075,stop_loss,20,-1.6622938120303075,211.31526773254387,201.20135285219172
EXR,2018-05-04,67.97950768187685,2018-07-18,69.88592711656898,10016,65.21504568226649,1.3822309998051794,2.7644619996103614,19094.69705787633,18680.43899939396,0.6896167988421714,trailing_stop,75,0.6896167988421714,204.26482468250356,209.9932337998665
PSA,2018-06-27,166.91496232058242,2018-07-18,159.72148805487808,4220,162.05274437350818,2.431108973537126,4.862217947074242,-30356.46140127231,-30769.983147447645,-1.4794635584019615,stop_loss,21,-1.4794635584019615,211.31434229785734,202.20740387747568
EGP,2018-07-06,78.63290792327427,2018-07-19,75.89950833212538,17986,76.41085051159676,1.111028705838754,2.222057411677511,-49162.92504640404,-49996.75105803492,-1.2301210476309672,stop_loss,13,-1.2301210476309672,424.2874445724033,409.5385670584821
NKE,2018-07-02,70.3090152657978,2018-07-25,67.18608365170346,19856,67.45945677295174,1.4247792464230296,2.8495584928460573,-62008.930129457236,-62827.96093468901,-1.095935255210447,stop_loss,23,-1.095935255210447,418.8167421353043,400.2140630964671
EA,2018-05-11,129.4913355191511,2018-07-27,130.82254041387714,5369,122.11949849308424,3.6859185130334344,7.371837026066871,7147.239079784044,6727.951519818716,0.180579805280404,trailing_stop,77,0.180579805280404,208.57169412069666,210.71586584463194
JAZZ,2018-05-14,164.844672668457,2018-07-30,171.73809365844727,8433,155.91073557148542,4.466968548485793,8.93393709697159,58132.21920858787,57280.69846805743,0.7715994544361613,trailing_stop,77,0.7715994544361613,417.04053738392935,434.48020314650574
BAX,2018-05-25,63.17034261885753,2018-07-30,62.52180402867572,11043,61.01654321989254,1.0768996994824955,2.153799398964992,-7161.811651377781,-7578.217164006394,-0.3011137390480608,trailing_stop,66,-0.3011137390480608,209.27702806201313,207.12848456659978
ACN,2018-06-29,146.1009703933222,2018-07-30,144.0773313478538,9580,141.1245616473459,2.488204372988144,4.9764087459763005,-19386.46205558727,-20220.43449479141,-0.4066464691238683,trailing_stop,31,-0.4066464691238683,419.89418891040793,414.07825029373186
IGV,2018-07-13,39.0037025862242,2018-07-30,37.924418730972704,18407,37.793874661040114,0.6049139625920437,1.2098279251840864,-19866.377923614295,-20291.18270233999,-0.8920969939483531,stop_loss,17,-0.8920969939483531,215.38234605138865,209.42243267430436
FIS,2018-05-10,88.35990118987819,2018-07-31,88.27703973214633,15658,85.43588182871136,1.462009680583412,2.9240193611668275,-1297.444705165336,-2127.179071452454,-0.02833820419670068,trailing_stop,82,-0.02833820419670068,415.0617998493338,414.67256643778416
ATR,2018-07-30,93.5713441304214,2018-07-31,92.75391620944822,15188,90.59969936159175,1.4858223844148268,2.9716447688296483,-12415.09526374056,-13264.067679953143,-0.27507592076529025,stop_loss,1,-0.27507592076529025,426.348472395852,422.62394381672993
STWD,2018-07-31,10.761156804173046,2018-08-01,10.801295984676239,130268,10.588689592905595,0.08623360563372548,0.1724672112674508,5228.8507657899145,4386.181485820569,0.2327351396721291,stop_loss,1,0.2327351396721291,420.55031236980426,422.11896759954135
AIZ,2018-06-29,90.63696227751252,2018-08-20,90.61955231571486,15443,86.50892858757906,2.0640168449667327,4.12803368993346,-268.8620400413863,-1108.6053465003495,-0.004217495084917438,trailing_stop,52,-0.004217495084917438,419.91198253548777,419.8313239234754
GWW,2018-07-19,307.8282154862546,2018-09-10,316.2778912811689,4636,292.5229991537766,7.652608166238984,15.305216332477983,39172.69698522269,38304.69021193056,0.5520781680807683,trailing_stop,53,0.5520781680807683,428.1274820982829,439.8792911938496
NNN,2018-06-25,29.22335842227449,2018-09-20,29.584119885136563,24441,28.399394277307447,0.41198207248352087,0.823964144967043,8817.37091381191,8386.17684061848,0.4378363610427516,trailing_stop,87,0.4378363610427516,214.27443095964324,216.91964223378682
RSG,2018-07-30,64.35373377659695,2018-09-25,65.71958226390626,22084,62.822899369831156,0.7654172033829009,1.5308344067657984,30163.39799373874,29301.6362603072,0.8922248423949017,trailing_stop,57,0.8922248423949017,426.3563570167102,435.4053764148317
SPG,2018-08-01,114.27539545006087,2018-09-25,116.70998114715964,6188,110.47410660480959,1.9006444226256378,3.8012888452512783,15065.216293647178,14636.415040532098,0.6404632208205251,trailing_stop,55,0.6404632208205251,212.14084411349302,216.66040900158714
CBSH,2018-04-13,41.550118121348895,2018-09-27,43.579441923307094,33245,39.73950626918202,0.9053059260834345,1.810611852166872,67464.86979610033,66615.83012899496,1.1207944980198716,trailing_stop,167,1.1207944980198716,414.4001030832732,434.63956402210334
UDR,2018-09-24,30.45367319381394,2018-09-27,29.683057156581825,24755,29.714680825369097,0.36949618422242136,0.7389923684448441,-19076.600001681043,-19523.205429628255,-1.042792957190914,stop_loss,3,-1.042792957190914,226.16420397385923,220.44122397335494
EW,2018-09-25,54.10071185684203,2018-10-03,54.12582030487061,27843,52.024947243892996,1.0378823064745182,2.075764612949037,699.0945184596271,-204.91088203394236,0.01209599964848805,trailing_stop,8,0.01209599964848805,451.8978360690158,452.1075644245537
RPM,2018-06-29,50.12157384225809,2018-10-04,52.188673787638535,27926,48.166561863948075,0.977505989155004,1.9550119783100115,57725.833074694405,56868.69828210066,1.0573336472175123,trailing_stop,97,1.0573336472175123,419.9085213356698,437.22627125807816
EHC,2018-02-28,39.39884033128798,2018-10-05,54.96357027771921,35600,37.38928103490112,1.004779648193431,2.009559296386861,554104.3860929518,553096.5955476476,7.745344949221571,trailing_stop,219,7.745344949221571,420.7796147381556,587.0109305660412
BR,2018-03-05,88.04816933025155,2018-10-05,111.2779449312896,15758,84.8925299504654,1.5778196898930745,3.1556393797861517,366054.8039211575,365112.50964859745,7.3613530588568885,trailing_stop,214,7.3613530588568885,416.2389156918312,526.0553568681784
FFIV,2018-04-16,156.15599999999998,2018-10-05,182.5572654876709,8804,148.7668138025071,3.694593098746445,7.389186197492876,232436.7413534547,231542.13187664867,3.5729598337403874,trailing_stop,172,3.5729598337403874,412.4392272,482.1702496060363
STE,2018-05-09,90.31539691809306,2018-10-05,101.80673923277746,7612,87.20158703752298,1.5569049402850348,3.1138098805700736,87472.09769937767,87033.36758926355,3.6904444251363793,trailing_stop,149,3.6904444251363793,206.2442404021573,232.48586971197062
AFL,2018-07-30,38.51039965299561,2018-10-05,38.85671914668465,36904,37.4340240825674,0.5381877852141065,1.0763755704282119,12780.57459510024,11924.02774944522,0.3217459622864369,trailing_stop,67,0.3217459622864369,426.356336638245,430.1905090167751
ZBRA,2018-08-08,165.94577877807615,2018-10-05,165.3045312194824,4368,156.42653754602583,4.759620616025157,9.51924123205032,-2800.9693359374255,-3235.039742158226,-0.0673633058520166,trailing_stop,58,-0.0673633058520166,217.455348510791,216.61505771000978
ULTA,2018-09-10,287.3470575561523,2018-10-05,273.45628097534177,5226,272.78398613190205,7.281535712125144,14.563071424250268,-72593.19841131594,-73472.42588546562,-0.9538356419566674,stop_loss,25,-0.9538356419566674,450.50271683653557,428.72475731314086
CRL,2018-09-28,133.65352427673338,2018-10-08,128.95092182922363,11264,129.33111110769687,2.161206584518258,4.322413169036508,-52970.11396874979,-53857.506913031044,-1.0879576439375844,stop_loss,10,-1.0879576439375844,451.6419892359374,435.7509550453125
HPQ,2018-10-05,19.96626479297834,2018-10-08,19.10717050289623,73901,19.29796871554118,0.3341480387185799,0.6682960774371587,-63487.92713135789,-64354.19691389801,-1.2854995249659995,stop_loss,3,-1.2854995249659995,442.6580803397677,423.6117022003603
PANW,2018-02-22,27.811116157531735,2018-10-09,35.278018272399905,50488,26.48064523054035,0.6652354634956922,1.330470926991385,376988.95397546416,376033.3807097346,5.612224937340941,trailing_stop,229,5.612224937340941,421.2382897684387,534.3349759610779
KBR,2018-10-03,19.99421357988893,2018-10-09,19.49021708636413,75035,19.14079396241236,0.42670980873828646,0.8534196174765718,-37817.37689163354,-38706.19116814623,-0.5905611767105154,stop_loss,6,-0.5905611767105154,450.0797447900899,438.73453172259974
WST,2018-07-27,109.34453567392862,2018-10-10,115.6830348223066,6590,105.07860191545682,2.1329668792359007,4.265933758471803,41770.70938781087,41325.82988093982,1.4858409687656835,trailing_stop,75,1.4858409687656835,216.17414702735687,228.7053598437001
CHD,2018-06-29,48.27129894256591,2018-10-11,50.728897162856,28997,46.667783649130186,0.8017576467178639,1.603515293435727,71262.97559375166,70401.76298781099,1.532631606540143,trailing_stop,104,1.532631606540143,419.9168566312751,441.29574930940066
ABT,2018-07-19,56.409148482309,2018-10-11,59.98686299458041,25300,54.66651364197675,0.871317420166126,1.7426348403322507,90516.17716046676,89632.73143335716,2.053048882914154,trailing_stop,84,2.053048882914154,428.14543698072526,455.3002901288653
IQV,2018-07-25,119.66955305480955,2018-10-11,122.4474296951294,11838,115.45770159549494,2.105925729657308,4.211851459314616,32884.503668106336,32024.6494155682,0.6595381311884828,trailing_stop,78,0.6595381311884828,424.99445071885066,434.8598018192826
PGR,2018-08-20,52.51139303462289,2018-10-11,53.635112165189916,28040,50.89621165176698,0.8075906914279528,1.6151813828559085,31509.084421099386,30616.180019358562,0.6957231816157411,trailing_stop,52,0.6957231816157411,441.72583820724776,451.17856353357763
BA,2018-10-04,378.313563565348,2018-10-11,351.1786715197243,3944,364.9746461551614,6.669458705093279,13.338917410186582,-107020.01422793987,-107883.14944049253,-2.034264941538771,stop_loss,7,-2.034264941538771,447.6206084105197,415.5146041421378
PFE,2018-08-01,26.0090773398563,2018-10-12,28.25230840389258,54379,25.39695973670196,0.30605880157717086,0.612117603154342,121984.66203122887,121099.45806262107,3.6647060180536286,trailing_stop,72,3.6647060180536286,424.30428499921373,460.89968360858245
VST,2018-10-01,21.308335892228186,2018-10-12,20.8732234654415,71088,20.409795531013167,0.44927018060750906,0.8985403612150193,-30931.27219541182,-31830.853002897227,-0.48424360837649966,trailing_stop,11,-0.48424360837649966,454.4300945720151,445.15071291339166
CME,2018-10-05,135.36322638472853,2018-10-12,131.71075976998577,10900,131.6777542722037,1.8427360562624095,3.6854721125248204,-39811.88610069612,-40685.21803542204,-0.9910444315478905,stop_loss,7,-0.9910444315478905,442.63775027806236,430.69418444785344
HSIC,2018-10-08,69.51258126068115,2018-10-12,65.98101104736328,21170,66.75508980721568,1.3787457267327343,2.7574914534654624,-74763.34141593917,-75623.86122068756,-1.2807184620208274,stop_loss,4,-1.2807184620208274,441.474403586586,419.04540116180425
ATO,2018-10-09,80.90304305650157,2018-10-12,77.48882892351632,18143,78.59508497387357,1.1539790413140016,2.307958082628005,-61944.0870147514,-62806.198134751445,-1.479322418671306,stop_loss,3,-1.479322418671306,440.34717305223245,421.76394694780697
UNH,2018-10-17,238.55550983237126,2018-10-23,228.853249844713,6016,231.13771973308062,3.708895049645318,7.417790099290642,-58368.796085752125,-59212.37541521732,-1.3079717621810418,stop_loss,6,-1.3079717621810418,430.5449841454636,413.034345319738
CNC,2018-05-03,57.24718862533569,2018-10-24,67.13279695129394,23781,54.408369481650524,1.4194095718425803,2.838819143685164,235089.6515996132,234202.28746851382,3.4822959215096105,trailing_stop,174,3.4822959215096105,408.4186178097324,478.9455132896164
LHX,2018-10-16,150.58673696918692,2018-10-25,140.37719655828468,9494,144.09151660047084,3.247610184358038,6.495220368716076,-96929.37666110582,-97758.10013657877,-1.5718543530987812,stop_loss,9,-1.5718543530987812,428.9011442356382,399.8223312373064
DIS,2018-10-22,114.13622571360293,2018-10-25,107.75590341879607,12559,110.30533563144535,1.9154450410787933,3.8308900821575804,-80130.46770047935,-80966.49067541149,-1.6654934383325932,stop_loss,3,-1.6654934383325932,430.0310576211417,405.99191731099796
PEG,2018-10-11,42.15407286769903,2018-11-01,41.07626362662596,34267,40.81303237761152,0.6705202450437556,1.341040490087508,-36933.289263850864,-37788.90544604617,-0.8037111847403938,stop_loss,21,-0.8037111847403938,433.34808448723277,422.26809770807756
HUM,2018-11-08,330.3618592020712,2018-11-09,316.2149484670752,4314,316.16255884304235,7.099650179514422,14.199300359028825,-61029.77291077261,-61866.57261525802,-0.9963104080688354,stop_loss,1,-0.9963104080688354,427.55431817932055,409.2453863060887
J,2018-11-07,62.1836496524831,2018-11-13,58.52200573624954,22896,59.0155985224903,1.5840255649963997,3.168051129992797,-83836.99910608355,-84666.10211181767,-1.1558032891476355,stop_loss,6,-1.1558032891476355,427.12705273297587,401.9759530011508
PLNT,2018-11-08,55.62556969451904,2018-11-13,51.12882030487061,25625,51.30970073418116,2.1579344801689353,4.315868960337873,-115229.20310974098,-116049.87748286128,-1.0419105470932544,stop_loss,5,-1.0419105470932544,427.621567026615,393.05280609369277
AES,2018-11-07,12.240833945757013,2018-11-14,11.715267817576557,116315,11.702504228946678,0.2691648584051677,0.5383297168103347,-61131.22419930974,-61967.16039229038,-0.9762903881556002,stop_loss,7,-0.9762903881556002,427.13778012021805,408.7984128604251
UNH,2018-11-08,243.6853217494862,2018-11-15,232.6245959472233,2924,233.70973811165473,4.987791818915741,9.975583637831477,-32341.562245816745,-32759.3813056203,-1.1087798171844432,stop_loss,7,-1.1087798171844432,213.76076423864933,204.05829556490426
PGR,2018-11-08,57.40425025440935,2018-11-15,50.807659154964234,24831,54.98583525255952,1.209207500924914,2.41841500184983,-163799.95359032162,-164606.05656708486,-2.727650587016465,stop_loss,7,-2.727650587016465,427.62148142017156,378.4814953430751
DAR,2018-11-08,21.661639389038083,2018-11-15,20.379599618911744,65804,20.477581281102026,0.5920290539680286,1.1840581079360568,-84363.3450333936,-85193.28954089734,-1.0827507210444889,stop_loss,7,-1.0827507210444889,427.6267555068786,402.31775199686047
CRL,2018-11-08,136.4963606109619,2018-11-15,127.72214847564697,5221,128.58638826328436,3.954986173838761,7.909972347677524,-45810.16155847915,-46224.007009261506,-1.1092595207227418,stop_loss,7,-1.1092595207227418,213.7942496249496,200.05120115740584
STE,2018-11-07,109.94927927975053,2018-11-21,105.02426508380351,12949,105.59100390516862,2.1791376872909556,4.358275374581908,-63774.00882331788,-64609.11655110698,-1.1300374053164262,stop_loss,14,-1.1300374053164262,427.11996521804684,407.98776257105146
ORLY,2018-11-09,23.653629159927366,2018-11-21,22.486823324203492,60287,22.454206548361306,0.5997113057830307,1.1994226115660602,-70343.2234182852,-71177.72425595844,-0.972806269010054,stop_loss,12,-0.972806269010054,427.8019023493623,406.69893532387675
ALK,2018-11-29,72.56231131626191,2018-12-06,67.54738594438341,19141,68.57347251285232,1.994419401704797,3.9888388034095925,-95990.68654312646,-96795.23845770626,-1.2572394170433336,stop_loss,7,-1.2572394170433336,416.6745602713708,387.8773543084328
DAL,2018-12-03,57.12778919184316,2018-12-06,52.92922429202103,12206,54.40088407473136,1.3634525585559025,2.726905117111805,-51247.683167228926,-51650.68993920414,-1.5396813308521091,stop_loss,3,-1.5396813308521091,209.19053846269128,193.81623351252262
RSG,2018-12-03,69.77665996375859,2018-12-06,67.4196997554491,19987,68.03206989856486,0.8722950325968661,1.7445900651937336,-47108.563683481734,-47931.20677599408,-1.3510109081400459,stop_loss,3,-1.3510109081400459,418.3878308086929,404.25526170364844
MOS,2018-11-07,30.981436691477164,2018-12-07,30.006993112291497,45956,29.129563228811346,0.9259367313329088,1.851873462665818,-44781.52912505653,-45622.364409075126,-0.5261933921678059,stop_loss,30,-0.5261933921678059,427.13487137805737,413.7004126405404
UNH,2018-11-29,247.59663028687672,2018-12-07,241.99551495029118,2804,237.03763575660702,5.279497265134849,10.5589945302697,-15705.527403785843,-16117.37231635935,-0.5304591569328592,stop_loss,8,-0.5304591569328592,208.2782853973207,203.56662717618497
UDR,2018-12-03,32.24769110258687,2018-12-07,32.2284412888288,43247,31.218387563889163,0.5146517693488531,1.0293035386977074,-832.4966955953734,-1669.0164848548395,-0.01870178526970574,stop_loss,4,-0.01870178526970574,418.3847691340723,418.13502012539374
PEP,2018-12-03,94.92071360660154,2018-12-07,92.225974072826,7346,91.6910962848003,1.6148086609006242,3.2296173218012427,-19795.55661511506,-20207.990485422983,-0.8343835399893772,stop_loss,4,-0.8343835399893772,209.18626864622848,203.24760166169395
AVB,2018-12-03,147.8635935802891,2018-12-07,147.2981715539524,4715,143.18950117600264,2.337046202143223,4.674092404286455,-2665.9648541775646,-3083.471170959949,-0.12096937275313072,stop_loss,4,-0.12096937275313072,209.15305311931894,208.35326366306566
PFE,2018-12-03,30.928499425321593,2018-12-07,29.8349183479855,45092,29.686117769036446,0.6211908281425732,1.242381656285147,-49311.75793923913,-50133.74114950932,-0.8802295750293165,stop_loss,4,-0.8802295750293165,418.38836882598036,403.59484144420867
LLY,2018-12-03,107.6793384358676,2018-12-07,104.64715815447475,6475,102.89246503645208,2.3934366997077614,4.786873399415526,-19633.36732201873,-20045.81154164547,-0.6334364894135452,stop_loss,4,-0.6334364894135452,209.16711491167285,203.27710471506722
CPT,2018-12-03,74.13233684541987,2018-12-07,72.79092699498808,9406,71.57514322957395,1.2785968079229617,2.557193615845918,-12617.301053161395,-13031.889119066258,-0.5245632720649704,stop_loss,4,-0.5245632720649704,209.1866281104058,205.40143779445737
MDLZ,2018-12-03,37.337828498362335,2018-12-07,36.66475670910092,37351,36.006085048626815,0.6658717248677586,1.3317434497355194,-25139.904400703064,-25969.125568728254,-0.505406495068614,stop_loss,4,-0.505406495068614,418.38156967269947,410.8395983524886
A,2018-12-04,70.74108729815396,2018-12-07,67.77387207897348,19727,67.45644074683315,1.642323275660401,3.2846465513208045,-58534.25462877321,-59354.00000986299,-0.9033590594358816,stop_loss,3,-0.9033590594358816,418.65282873920495,401.092552350573
ELV,2018-11-08,260.3359375701503,2018-12-11,252.12952800346108,2737,247.53840365245162,6.398766958849341,12.797533917698672,-22460.94298402839,-22881.72837781088,-0.6412492922046454,stop_loss,33,-0.6412492922046454,213.7618383388504,207.0235554436419
MMS,2018-12-03,64.35956424757467,2018-12-11,62.64481282612183,21669,61.48123000600699,1.4391671207838401,2.8783342415676785,-37156.94855146156,-37982.56590550453,-0.5957443707159259,stop_loss,8,-0.5957443707159259,418.38221930420866,407.2351347387701
CME,2018-11-08,141.10093814391968,2018-12-18,139.6863069934547,10102,136.1888818485282,2.4560281476957315,4.912056295391466,-14290.603881997129,-15141.557707110456,-0.28799164044438774,trailing_stop,40,-0.28799164044438774,427.62050313896293,423.33332197436386
NNN,2018-12-03,34.23212173394598,2018-12-18,33.427862394166176,20370,33.10522473353489,0.5634485002055463,1.1268970004110912,-16382.762751314614,-16796.232914321507,-0.7136937444029144,trailing_stop,15,-0.7136937444029144,209.1924959161439,204.2776670907495
FRT,2018-12-04,98.39883143061407,2018-12-18,93.41491992882813,7091,95.39148656097133,1.503672434821365,3.0073448696427363,-35340.9164591641,-35748.96185243104,-1.6572464143023324,stop_loss,14,-1.6572464143023324,209.3238341023453,198.72155916459607
MRK,2018-11-08,56.76365221887059,2018-12-19,56.88739006133459,25111,54.32142835013449,1.22111193436805,2.4422238687361,3107.1809621135735,2251.013565304104,0.050666052382838916,trailing_stop,41,0.050666052382838916,427.6176212604178,428.5497755490519
AWK,2018-12-03,82.08932595704593,2018-12-19,80.22358280688346,8494,79.31887446810958,1.3852257444681717,2.770451488936345,-15847.622317480043,-16261.228071592288,-0.6734437176082028,trailing_stop,16,-0.6734437176082028,209.1800204037444,204.4257337085004
MKC,2018-06-29,49.41524050653561,2018-12-20,61.08812817577533,28325,47.41197161730302,1.001634444616298,2.0032688892325936,330634.5432312151,329695.5408558371,5.826920056503916,trailing_stop,174,5.826920056503916,419.9060062042864,519.0963691736509
CCI,2018-12-03,83.42961128142738,2018-12-21,79.44097210921923,8358,80.50489744879084,1.4623569163182693,2.9247138326365416,-33337.04620131574,-33745.42790210945,-1.3637707483376293,stop_loss,18,-1.3637707483376293,209.19140732705102,199.1902934666563
WELL,2018-12-03,57.490865288869074,2018-12-24,55.686383452757696,12129,55.32212828233386,1.0843685032676091,2.168737006535217,-21886.56019019491,-22298.378245191067,-0.8320427191834688,trailing_stop,21,-0.8320427191834688,209.19201152660787,202.62604346954944
ES,2018-12-03,51.861090727643806,2018-12-24,50.90498101725316,13445,50.195038171914504,0.83302627786465,1.6660525557293013,-12854.895056202276,-13269.402006585318,-0.5738772808233049,trailing_stop,21,-0.5738772808233049,209.1817094499513,205.3252409330906
PNW,2018-11-09,64.45266072184332,2018-12-26,62.23004516837509,22125,62.18363988884293,1.1345104165001927,2.2690208330003827,-49175.36912048444,-50016.22558083077,-0.979548323727466,stop_loss,47,-0.979548323727466,427.804535541235,413.05192480508964
OGE,2018-11-12,27.560790738159007,2018-12-26,27.657438138607645,25736,26.554232169052767,0.5032792845531193,1.0065585691062395,2487.3174979461637,2060.988596434424,0.09601766197714198,trailing_stop,44,0.09601766197714198,212.79135313117803,213.53754838056193
SON,2019-02-14,46.57818547285309,2019-02-19,45.22669064699748,14561,45.08366115380769,0.7472621595227035,1.4945243190454036,-19679.11615928354,-20080.147399637885,-0.9042976475075692,stop_loss,5,-0.9042976475075692,203.4674876010642,197.56375275327912
GLD,2019-02-20,127.12699999999998,2019-02-22,125.40446878051758,10676,125.3663655467966,0.8803172266016869,1.7606344532033802,-18389.743299194164,-19198.55108740441,-0.9783582369118997,stop_loss,2,-0.9783582369118997,407.1623555999999,401.6454326102417
GDX,2019-02-20,21.505213793670098,2019-02-27,20.8085256633002,31557,20.659275090485373,0.4229693515923625,0.845938703184725,-21985.387330082925,-22385.975732896008,-0.8235680998482063,stop_loss,7,-0.8235680998482063,203.5920095060542,196.9963933070293
GPC,2019-02-20,87.8604562831757,2019-03-11,85.37546712268697,7724,85.24956020217492,1.305448040500387,2.6108960810007744,-19194.056275614897,-19595.47855733096,-0.9517763570031519,stop_loss,19,-0.9517763570031519,203.59024929937473,197.83203241669025
D,2019-03-18,56.22510843450366,2019-03-20,54.91191538590206,24570,54.773267517249614,0.7259204586270214,1.4518409172540458,-32265.15320414125,-33084.344206721464,-0.9045020242888033,stop_loss,2,-0.9045020242888033,414.43527427072644,404.7557283094841
YUM,2019-03-18,88.35124422332241,2019-03-21,85.92012642440567,15635,85.93215557981792,1.2095443217522481,2.4190886435044945,-38010.5267860633,-38827.94665008647,-1.0049725980255209,stop_loss,3,-1.0049725980255209,414.41151102949374,403.00835299367475
PG,2019-03-18,84.99801023623557,2019-03-25,84.49569055459972,16252,82.81695480702606,1.090527714604751,2.1810554292095077,-8163.6994659458915,-8990.082953521687,-0.23031036942417923,stop_loss,7,-0.23031036942417923,414.41629870779013,411.9671888680064
EMB,2019-03-21,78.28130697375414,2019-04-03,78.23481534707079,17583,77.57720367554802,0.3520516491030624,0.704103298206121,-817.4622719733147,-1643.0691656034342,-0.06602955390465776,stop_loss,13,-0.06602955390465776,412.9260661558557,412.6808274742637
AFL,2019-03-18,42.34041036749255,2019-04-04,41.193309572164054,16313,41.290060968487175,0.525174699502689,1.050349399005377,-18712.655274193792,-19121.460946206476,-1.0921135351862337,stop_loss,17,-1.0921135351862337,207.2097342974718,201.59593771521367
TLT,2019-03-25,101.38376833460181,2019-04-04,100.42110737768067,6812,99.90565422614948,0.7390570542261657,1.4781141084523313,-6557.6464385468125,-6970.054882552433,-0.6512764822528494,trailing_stop,10,-0.6512764822528494,207.18786896859226,205.22057503702823
WEC,2019-03-18,62.324829632061515,2019-04-05,61.384178242159216,11082,60.76746178363963,0.7786839242109401,1.5573678484218831,-10424.298702897286,-10835.58167047592,-0.6040007766023188,stop_loss,18,-0.6040007766023188,207.2051285947517,204.07783898388251
ES,2019-03-18,55.22699775733174,2019-04-08,54.76255248093367,12507,53.79611836703665,0.7154396951475445,1.4308793902950896,-5808.817071910619,-6221.508863359615,-0.32458729893529625,stop_loss,21,-0.32458729893529625,207.21721828528442,205.47457316371123
LLY,2019-02-19,110.69941641909882,2019-04-12,114.05732231194139,12249,105.96796827784992,2.365724070624455,4.7314481412489044,41130.9892814286,40305.075693613646,0.7096993970129872,trailing_stop,52,0.7096993970129872,406.7871455152624,419.126442299691
DOC,2019-03-22,21.793329367186065,2019-04-15,21.1536148648763,31849,20.990564423232815,0.40138247197662513,0.8027649439532496,-20374.267184063705,-20784.612352117794,-0.7968889363298105,stop_loss,24,-0.7968889363298105,208.22872410465268,202.11644394943357
GOVT,2019-03-25,21.189014012297257,2019-04-15,21.033725630569766,32597,21.074607634356138,0.05720318897056006,0.11440637794111908,-5061.9353791710255,-5474.835772412586,-1.3573402507980148,stop_loss,21,-1.3573402507980148,207.20948692765614,205.6909063139048
DHR,2019-02-26,105.11553154412427,2019-04-17,110.77448987172093,12966,101.2314467426661,1.9420424007290868,3.8840848014581724,73374.05367561836,72534.284670315,1.456960549747051,trailing_stop,50,1.456960549747051,408.87839460033456,430.89061070302006
AWK,2019-03-12,90.59499043931112,2019-04-17,88.84298638280197,7593,88.14965525884165,1.222667590234733,2.4453351804694705,-13302.96680107398,-13711.708568477072,-0.7164678570455891,trailing_stop,36,-0.7164678570455891,206.3663287217068,202.3754386813846
ABT,2019-03-18,70.33785073238955,2019-04-17,67.16094361695762,19640,68.20001204250859,1.0689193449404817,2.137838689880965,-62394.45574708312,-63204.59864338947,-1.4860368700731208,stop_loss,30,-1.4860368700731208,414.43061651523925,395.71227979111427
CCI,2019-03-18,92.77716482987437,2019-04-17,94.12327758691033,7445,90.26866076464196,1.254252032616197,2.508504065232401,10021.809476132781,9604.367337994892,0.5366197231620818,trailing_stop,30,0.5366197231620818,207.21779764752438,210.22434049036423
SCHH,2019-04-03,18.374033045116736,2019-04-17,17.899546154564998,37981,17.928497241976565,0.22276790157008572,0.4455358031401708,-18021.486590045555,-18434.798633520488,-1.0649803836358773,stop_loss,14,-1.0649803836358773,209.35924472597364,203.95279874895996
ETR,2019-02-21,35.01292887739494,2019-04-18,36.144300266173104,19380,33.85177727642814,0.580575800483403,1.1611516009668037,21925.9775145208,21512.269384280098,0.9743528647216738,trailing_stop,56,0.9743528647216738,203.5651684931742,210.14296174753042
EXC,2019-02-22,26.866651103873863,2019-04-18,27.03366141505157,25361,26.033782392180143,0.41643435584686106,0.8328687116937203,4235.548501777783,3825.4587540400425,0.200524174858332,trailing_stop,55,0.200524174858332,204.4095415936035,205.68020614413683
KMB,2019-04-23,100.25143156639143,2019-04-24,96.63398270378312,13901,97.4266841375527,1.4123737144193698,2.8247474288387338,-50286.15663911816,-51107.22788224908,-1.2806273671325945,stop_loss,1,-1.2806273671325945,418.0785450613222,402.9926980695867
FXI,2019-04-05,38.802016346896394,2019-04-25,37.46302077334512,35894,37.7693417036111,0.5163373216426478,1.0326746432852971,-48061.907117049384,-48883.144289767566,-1.29662869351712,stop_loss,20,-1.29662869351712,417.8278724266497,403.40930029153486
GRMN,2019-02-21,69.91662182424905,2019-04-26,72.86563166855208,19410,67.1073455965466,1.40463811385123,2.8092762277024548,57240.28107792191,56408.86001583332,1.0497400772564327,trailing_stop,64,1.0497400772564327,407.1244888826022,424.2965732059788
OMC,2019-04-17,63.09698711026332,2019-04-26,61.743104905989945,22111,60.92343442391391,1.0867763431747046,2.17355268634941,-29935.689418688606,-30763.79120106002,-0.6228890667229641,stop_loss,9,-0.6228890667229641,418.54124459850965,409.5605377729031
PPG,2019-04-17,103.10178270529711,2019-04-26,100.55526064954961,13532,100.15437042057694,1.473706142360088,2.9474122847201727,-34459.5364583752,-35286.30259157854,-0.8639856965206579,stop_loss,9,-0.8639856965206579,418.5519970704242,408.2141361329116
DIS,2019-04-15,126.61548822980885,2019-05-03,130.38337195193074,11099,122.22421468257279,2.195636773618025,4.391273547236054,41819.7414318309,40964.012327083765,0.8580389451013517,trailing_stop,18,0.8580389451013517,421.59159115879453,434.1375135883437
EG,2019-05-08,212.0764169282924,2019-05-10,209.519648615378,6602,205.7007571268082,3.1878299007420887,6.375659801484176,-16879.784401860776,-17714.79756927657,-0.4010201912465909,stop_loss,2,-0.4010201912465909,420.0385513681759,414.97461604761764
DLTR,2019-03-07,99.52943030548094,2019-05-13,102.51738274383546,13747,95.62229112616575,1.953569589657596,3.9071391793151946,41075.38217005947,40242.120908362784,0.7647417461279715,trailing_stop,67,0.7647417461279715,410.46932352283403,422.79193817385175
TTC,2019-02-19,57.57093305248385,2019-05-24,60.12085190131181,23553,55.632837206212926,0.9690479231354645,1.938095846270926,60058.23864644487,59226.640263139845,1.315682531250575,trailing_stop,94,1.315682531250575,406.7904558555457,424.80792744947917
CL,2019-04-29,60.43451503234209,2019-05-29,59.187917946291876,23277,58.889952534261305,0.7722812490403932,1.5445624980807864,-29017.040371990865,-29852.375783723965,-0.8070875005700247,trailing_stop,30,-0.8070875005700247,422.0202619223481,413.3151498107508
CMCSA,2019-03-18,30.905071486154874,2019-05-30,32.54621284582798,44700,29.777004554805536,0.5640334656746682,1.1280669313493377,73359.01877738787,72508.13705449598,1.454826228892336,trailing_stop,73,1.454826228892336,414.43700862933684,436.4447142625532
IDA,2019-05-13,82.646506294846,2019-05-31,80.7955861887433,17115,80.22641252927922,1.2100468827833977,2.42009376556679,-31678.497615947806,-32517.691039804795,-0.7648133855132745,trailing_stop,18,-0.7648133855132745,424.3484865708868,414.8449372861025
MSFT,2019-03-18,108.78299906906625,2019-06-04,113.760707951433,6349,105.16832552489014,1.8073367720880564,3.6146735441761138,31603.47369414653,31179.594695384585,1.3770839389871696,trailing_stop,78,1.3770839389871696,207.1989783268505,216.68002043509446
AMH,2019-04-29,20.79344402122638,2019-06-26,21.05381313036747,67653,20.17430292094543,0.30957055014047546,0.6191411002809524,17614.75134072203,16765.423594298998,0.42053274935703405,trailing_stop,58,0.42053274935703405,422.0216605104085,427.3060859126251
GLD,2019-06-26,133.12299549865722,2019-07-02,131.13873426818847,11114,130.6768403269186,1.2230775858693115,2.44615517173861,-22053.079315429648,-22934.180774818265,-0.8111755351392644,stop_loss,6,-0.8111755351392644,443.85869159162286,437.242767796994
DOV,2019-07-02,93.12278065501721,2019-07-11,89.40024465617438,15921,90.3026225928323,1.4100790310924591,2.820158062184916,-59266.495637576685,-60138.280363370526,-1.3199742414291475,stop_loss,9,-1.3199742414291475,444.7823372425587,427.00238855128566
SPTL,2019-05-29,30.487474691057926,2019-07-12,30.62288113745869,23233,30.108327480073676,0.18957360549212487,0.3791472109842502,3145.8979692289718,2719.964900139794,0.3571342277561676,trailing_stop,44,0.3571342277561676,212.49464984920462,213.43841923997337
TLT,2019-05-30,105.50788520241986,2019-07-12,106.20246235541661,6690,104.11346413181818,0.6972105353008435,1.3944210706016804,4646.721153548306,4221.818485999727,0.4981114870109165,trailing_stop,43,0.4981114870109165,211.75432560125662,213.14834194732111
CUBE,2019-05-13,24.09324110343596,2019-07-22,24.835965477468104,58710,23.30472475668255,0.3942581733767051,0.7885163467534113,43605.34799942711,42743.557883917645,0.941926412927507,trailing_stop,70,0.941926412927507,424.3542555548176,437.43585995464565
DG,2019-05-31,114.64862173507845,2019-07-30,123.27198789539574,12363,110.33095854436628,2.158831595356086,4.317663190712167,106610.67584000264,105728.25209094418,1.997229931891683,trailing_stop,60,1.997229931891683,425.2202731532325,457.20347590523323
MRSH,2019-05-13,85.09822980216039,2019-08-01,88.8302247296334,8311,82.66286054761571,1.2176846272723376,2.435369254544682,31016.60984222819,30582.954026544066,1.5324144051291912,trailing_stop,80,1.5324144051291912,212.17541636572653,221.48039931839494
BAH,2019-07-30,62.06748582073178,2019-08-01,60.667119258158785,24633,60.26103146975979,0.9032271754859933,1.8064543509719897,-34495.22953586066,-35402.22599393315,-0.7752017435810155,stop_loss,2,-0.7752017435810155,458.67251346662584,448.32394460586755
ROST,2019-07-15,99.33360348801048,2019-08-06,94.83057765346926,15131,95.43926894829325,1.9471672698586182,3.894334539717235,-68135.28390244319,-69016.6533698987,-1.1563017477353603,stop_loss,22,-1.1563017477353603,450.905026313126,430.464441142393
TRU,2019-07-24,79.36550926198355,2019-08-06,77.22698790031319,18924,76.52442087128964,1.4205441953469566,2.841088390693912,-40469.37824824983,-41358.38517313962,-0.7527120130000745,stop_loss,13,-0.7527120130000745,450.5738691821329,438.433055707658
MCO,2019-08-01,200.8662930605837,2019-08-06,192.11261148216326,7593,194.1369834431564,3.3646548087136523,6.729309617427305,-66466.7042249464,-67361.87087160432,-1.3008290710462327,stop_loss,5,-1.3008290710462327,457.55332896270363,437.61331769521973
AKAM,2019-08-01,88.20812274932861,2019-08-06,84.92499213409424,8646,84.89941847393227,1.6543521376981698,3.3087042753963374,-28385.94729931636,-28835.019972700986,-0.9922707930254951,stop_loss,5,-0.9922707930254951,228.79422878720854,220.27844459741368
GLD,2019-08-06,138.46833183288572,2019-09-10,141.08876573181152,10831,135.24093151804732,1.6137001574192085,3.2274003148384054,28381.919559265298,27473.554682148326,0.8119333343552085,trailing_stop,35,0.8119333343552085,449.9251506245956,458.43972649237514
SBAC,2019-02-19,168.37782057021136,2019-09-11,218.64251633991614,8053,162.52132767605522,2.928246447078067,5.856492894156133,404781.59503343265,403846.5926014915,8.582729745964707,trailing_stop,204,8.582729745964707,406.7839767155736,528.2184552256034
VCLT,2019-03-13,64.68620341201208,2019-09-11,74.0416617412359,21309,64.03295423228526,0.32662458986340837,0.6532491797268136,199355.4615374304,198468.61591386524,14.321423768394535,trailing_stop,182,14.321423768394535,413.5194925519696,473.32613101319873
BND,2019-08-06,68.48722289664592,2019-09-11,68.54253624020377,10949,68.11988130366143,0.18367079649224127,0.3673415929844879,605.6257986149641,155.52414877815386,0.15057740428591124,trailing_stop,36,0.15057740428591124,224.95998104861286,225.14166878819736
AGG,2019-08-06,92.43434739253487,2019-09-11,92.55318311927526,8112,91.93151691057868,0.25141524097809564,0.5028304819561953,963.9954153180104,513.8097610644693,0.23633357762654178,trailing_stop,36,0.23633357762654178,224.9482278144729,225.2374264390683
VCIT,2019-08-06,70.70394191842539,2019-09-11,70.74023936462402,10606,70.22276037417969,0.24059077212285018,0.48118154424570037,384.9707143826823,-65.07638162372436,0.07543399499149747,trailing_stop,36,0.07543399499149747,224.96580239604592,225.08129361036072
IEF,2019-05-24,90.68982169231995,2019-09-12,95.20836424556855,7859,90.05637308763414,0.3167243023429066,0.6334486046858103,35511.225925980696,35072.93377299494,7.133242570626207,trailing_stop,111,7.133242570626207,213.81939260398275,224.472760381777
LQD,2019-03-21,90.79834525928096,2019-09-13,98.36059281375923,7579,90.20341470169187,0.2974652787945456,0.5949305575890946,57314.274215390746,56884.183537894074,12.71114327212175,trailing_stop,176,12.71114327212175,206.4481976160271,223.64247988064437
TLT,2019-08-06,113.42235808965528,2019-09-13,113.4616141355922,6611,111.52922136854963,0.9465683605528221,1.8931367211056482,259.52171968900166,-190.4572624253317,0.020735980396596427,trailing_stop,38,0.020735980396596427,224.95056279921332,225.02841931512003
HSY,2019-04-26,103.41992682696177,2019-09-16,125.61767803769293,13523,100.73312532509715,1.3434007509323094,2.686801501864622,300180.18962271744,299251.0069635421,8.261775644879634,trailing_stop,143,8.261775644879634,419.5643011443012,509.61835803111643
YUM,2019-06-05,94.27855999293861,2019-09-16,97.30203811298632,15236,91.7188849417886,1.2798375255750074,2.559675051150009,46065.712637046956,45190.03603922439,1.1811960735755607,trailing_stop,103,1.1811960735755607,430.9284420157238,444.7481558068379
SLV,2019-08-08,15.79577973270416,2019-09-16,16.693289085388184,48710,15.30837375998709,0.2437029863585352,0.4874059727170703,43717.68056923879,43242.91780660001,1.8413999887625718,trailing_stop,39,1.8413999887625718,230.8237292340059,243.93903340477752
ECL,2019-02-20,153.60593793507226,2019-09-17,179.81848978554518,4418,148.6391540123112,2.4833919613805304,4.966783922761067,115807.05407538936,115365.13333888845,5.277570407351483,trailing_stop,209,5.277570407351483,203.58931013914477,238.33142636176157
ALLY,2019-09-11,28.43372371636752,2019-09-24,27.495686875133515,54614,27.24816030537504,0.5927817054962404,1.1855634109924793,-51229.94404715397,-52146.30269616724,-0.7912160855645333,stop_loss,13,-0.7912160855645333,465.8638161137087,450.49483289956254
ST,2019-09-16,49.12647322277358,2019-09-25,46.76924546452673,31584,47.08434103487195,1.0210660939508196,2.042132187901636,-74450.68151646851,-75359.31263017442,-1.154297342851731,stop_loss,9,-1.154297342851731,465.48315908042423,443.1479546254837
USFD,2019-09-13,42.5425,2019-09-27,40.539421829223635,36694,40.93579187901434,0.8033540604928284,1.6067081209856582,-73500.95039846784,-74415.5328103483,-1.2466969853538459,stop_loss,14,-1.2466969853538459,468.31634849999995,446.2660633804596
USHY,2019-09-11,27.015962204561117,2019-10-03,26.757251230828434,57480,26.80323757439478,0.10636231508316796,0.2127246301663348,-14870.706770154602,-15797.97206263446,-1.2161778047534506,stop_loss,22,-1.2161778047534506,465.86325225545187,461.4020402244055
SATS,2019-09-12,38.55852045822143,2019-10-03,38.24171878051758,40286,36.81832744675789,0.8700965057317687,1.740193011463539,-12762.67238797731,-13690.864719368863,-0.18204973564249252,trailing_stop,21,-0.18204973564249252,466.0105665539726,462.1817648375794
EWJ,2019-09-13,49.13081887713579,2019-10-03,48.202625714583895,15886,48.31094087156,0.4099390027878938,0.8198780055757879,-14745.27658029936,-15209.148310534576,-1.132111309535662,stop_loss,20,-1.132111309535662,234.14765660465375,229.7240736305639
AFG,2019-09-16,58.074463625938556,2019-10-03,56.10874430492498,13359,56.36554940717217,0.8544571093831944,1.7089142187663882,-26260.044409420323,-26717.656451844843,-1.150273840212158,stop_loss,17,-1.150273840212158,232.74502787367393,224.86701455084784
EQIX,2019-09-24,513.6951875652804,2019-10-03,495.8942264751372,3042,491.4955504962563,11.099818534512066,22.199637069024106,-54150.523636215716,-55071.874935469,-0.8018582031226765,stop_loss,9,-0.8018582031226765,468.798228172075,452.5530710812102
SRE,2019-10-01,59.87244872874046,2019-10-03,58.37076335987566,13074,58.16416833372442,0.8541401975080184,1.7082803950160397,-19633.034512538376,-20096.808038992345,-0.8790625785122931,stop_loss,2,-0.8790625785122931,234.8317184038658,228.94180805010433
EG,2019-09-18,225.81577652008184,2019-10-08,219.8269239497055,3462,216.9843506457457,4.415712937168063,8.831425874336134,-20733.40759864288,-21196.2521073508,-0.6781297443462407,trailing_stop,20,-0.6781297443462407,234.532265493757,228.3122432141641
EVRG,2019-09-25,51.4424811613174,2019-10-09,50.21507454778215,15204,50.05916189408503,0.6916596336161878,1.3833192672323733,-18661.49015218996,-19125.170595290303,-0.8872909115123808,trailing_stop,14,-0.8872909115123808,234.63944507300096,229.04099802734396
ATO,2019-09-23,95.81063530948893,2019-10-11,94.06085441215501,8145,93.15867856174907,1.3259783738699311,2.6519567477398596,-14251.965408784781,-14715.916393919617,-0.6598074794489683,trailing_stop,18,-0.6598074794489683,234.1132873787362,229.83769775610077
TOL,2019-09-17,37.61365706560061,2019-10-15,36.567160478331516,41139,35.76005936341183,0.9267988510943935,1.853597702188786,-43051.82310366337,-43967.34049954532,-0.5645758980135555,stop_loss,28,-0.5645758980135555,464.2164714065231,451.3009244754241
XLU,2019-09-25,26.402245373798955,2019-10-16,25.814995563454378,29624,25.82253760921641,0.2898538822912722,0.5797077645825439,-17396.688381647753,-17860.75344530531,-1.013010082360143,stop_loss,21,-1.013010082360143,234.64203508602606,229.42302857153175
WRB,2019-04-25,23.148538662470585,2019-10-29,26.58751618590364,60369,22.488583026500546,0.32997781798501946,0.6599556359700394,207607.63411213018,206706.87934358773,5.210922274159015,trailing_stop,187,5.210922274159015,419.236239154406,481.51852938804507
WTRG,2019-04-24,30.97719461427997,2019-11-05,36.31208847863807,45102,29.82026072576161,0.5784669442591797,1.1569338885183598,240614.3830702789,239703.9186964619,4.611234848682916,trailing_stop,195,4.611234848682916,419.1400294479766,491.32434436906016
LEN,2019-10-03,51.22509097718283,2019-11-06,51.57094016958954,29981,49.03731373174453,1.0938886227191484,2.1877772454382978,10368.904637545586,9444.32629460217,0.1580824524653209,trailing_stop,34,0.1580824524653209,460.7338357760755,463.84450716733915
CINF,2019-04-26,78.51819145732483,2019-11-11,91.67592081186153,17813,76.30568590668538,1.1062527753197253,2.212505550639449,234378.6329923622,233469.13267580688,5.946981398864246,trailing_stop,199,5.946981398864246,419.5933633287981,489.9069532265069
ZTS,2019-06-05,101.91187566297897,2019-11-11,110.43122365912174,14095,98.32152854361752,1.7951735596807255,3.5903471193614536,120080.21000563234,119182.31721014883,2.3728480040832216,trailing_stop,159,2.3728480040832216,430.9343662409066,466.9584292425963
APTV,2019-11-05,95.44284580811888,2019-11-20,90.36947283371367,8270,90.69681868339111,2.3730135623638775,4.74602712472776,-41956.79449833103,-42417.79486088141,-1.0689726040485323,stop_loss,15,-1.0689726040485323,236.7937004499429,224.20666210044362
RPM,2019-11-11,66.76511487037048,2019-11-22,63.88384071223204,23399,64.56956665021694,1.0977741100767728,2.1955482201535403,-67418.93402628132,-68336.05049978451,-1.3123256103830614,stop_loss,11,-1.3123256103830614,468.67107685553964,448.44539664765523
DE,2019-10-14,156.32552927042863,2019-11-29,153.72959356834994,9942,149.69333113035643,3.316099070036107,6.632198140072205,-25808.792750066346,-26733.563159445286,-0.3914140752812956,trailing_stop,46,-0.3914140752812956,466.2565236019804,458.5138857769605
PSX,2019-10-11,81.71081045190537,2019-12-04,87.1888253506986,19003,78.3537210763186,1.6785446877933858,3.3570893755867672,104098.71712176755,103135.83718802048,1.631775114070577,trailing_stop,54,1.631775114070577,465.82515930526733,497.0547744417976
APD,2019-11-11,199.41087765115492,2019-12-04,196.85176095202394,7834,191.52508740873287,3.94289512121102,7.885790242422047,-20048.120220992114,-20979.416674237305,-0.32452254250488066,trailing_stop,23,-0.32452254250488066,468.65544465574425,462.64100858944664
EQH,2019-11-21,20.374615020292573,2019-12-04,20.07224306059323,38757,19.44312320375901,0.4657459082667815,0.931491816533562,-11719.03004206744,-12189.309705659707,-0.32461043063650846,trailing_stop,13,-0.32461043063650846,236.8976863024438,233.38197728982354
FR,2019-10-29,35.00845299320583,2019-12-12,34.77881099561082,44550,34.06957805378909,0.46943746970836964,0.9388749394167419,-10230.550992857701,-11163.257776068236,-0.2445927438830893,trailing_stop,44,-0.2445927438830893,467.88797425419597,464.81880895633867
KIM,2019-09-10,14.43991064409811,2019-12-13,15.155627760796696,109268,13.88971458041472,0.27509803184169423,0.5501960636833889,78204.97790742115,77234.82432029334,1.3008401258036753,trailing_stop,94,1.3008401258036753,473.3460468777937,496.80754025002
BRX,2019-10-09,15.272841451871198,2019-12-13,15.56900097568255,50522,14.808192032191949,0.2323247098396244,0.4646494196792492,14962.571461997166,14495.113993059706,0.6373827476547669,trailing_stop,65,0.6373827476547669,231.48434874943104,235.97312018803012
VCIT,2019-12-04,72.12626571363246,2019-12-13,71.90344837313297,21759,71.6977399274967,0.21426289306788004,0.428525786135765,-4848.282511928383,-5788.465276572562,-0.5199625033273876,stop_loss,9,-0.5199625033273876,470.81862469887864,469.3641399453001
HWM,2019-11-06,22.29519824758429,2020-01-10,22.431771863828082,70252,21.369529790978792,0.46283422830274834,0.9256684566054965,9594.569688359019,8651.921957078936,0.14754053167655826,trailing_stop,65,0.14754053167655826,469.8846801867874,472.76305109329513
ITT,2019-11-05,64.74173848804911,2020-01-13,67.17789642447569,12192,61.281489284733155,1.7301246016579774,3.4602492033159535,29701.637560912888,29219.12830425684,0.7040411812224433,trailing_stop,69,0.7040411812224433,236.79938269388845,245.70987396216225
CHH,2019-12-12,95.10287049977221,2020-01-13,94.52852290573256,16565,92.04095142456435,1.5309595376039304,3.061919075207854,-9514.067895266815,-10456.44110479547,-0.1875776530771513,trailing_stop,32,-0.1875776530771513,472.61371494861794,469.759494580038
DCI,2019-12-13,51.75827782470193,2020-01-13,50.50233586530394,15258,49.79017045252639,0.9840536860877691,1.9681073721755382,-19163.162416494484,-19631.25014959912,-0.6381470732512289,trailing_stop,31,-0.6381470732512289,236.9183409147906,231.16939218984228
WWD,2020-01-14,123.07517579835991,2020-01-16,119.73546151503605,13206,118.29955238844728,2.3878117049563103,4.775623409912626,-44104.266825574865,-45066.23400848308,-0.6993253019892036,stop_loss,2,-0.6993253019892036,487.59923147794234,474.3679514302698
MTN,2020-01-10,206.10640193100417,2020-01-21,201.79107888037848,7828,198.47663067204806,3.8148856294780593,7.6297712589561115,-33780.34884029793,-34738.25528423538,-0.5655900949271848,stop_loss,11,-0.5655900949271848,484.0202742947702,473.8861696426808
JPM,2019-10-16,100.79460889688878,2020-01-28,112.10895889708826,7728,96.93919509293124,1.927706901978763,3.855413803957532,87437.2968015416,86943.70116996804,2.9346655315145287,trailing_stop,104,2.9346655315145287,233.68222126654695,259.9134103070094
SMH,2019-12-13,66.7031813427631,2020-01-28,68.94560281662277,23679,64.66521696180358,1.0189821904797634,2.0379643809595223,53098.298079522996,52134.68981148997,1.1003241738719098,trailing_stop,46,1.1003241738719098,473.83938930458623,489.7688787284432
SOXX,2019-12-13,77.4339406288957,2020-01-28,80.09645766072327,10198,74.9573137491177,1.238313439889001,2.476626879777996,27152.348690577623,26670.400190050364,1.07505779476408,trailing_stop,46,1.07505779476408,236.9013979600435,245.0471025672168
XLF,2019-12-13,27.27358730673276,2020-01-28,26.726803793546562,28956,26.730437127383272,0.27157508967474386,0.5431501793494888,-15832.663407819575,-16301.754005229483,-1.0066893724329826,stop_loss,46,-1.0066893724329826,236.92019821612612,232.17039919378027
ENTG,2020-01-21,54.83674617708451,2020-01-28,52.74171831835687,30110,52.791477908283,1.022634134400755,2.0452682688015074,-63081.288826289245,-64053.04509607657,-1.0243291262496783,stop_loss,7,-1.0243291262496783,495.3403282176044,476.4159415697176
PHM,2020-01-29,44.147518858874015,2020-01-30,43.12189375082779,37612,42.46635968056786,0.8405795891530774,1.681159178306153,-38575.811563834715,-39560.52470795754,-0.6100701951849635,stop_loss,1,-0.6100701951849635,498.14294379599085,486.5702003268404
NDAQ,2020-01-30,35.10361090241295,2020-02-10,34.689972588695476,47252,34.16612822346089,0.46874133947603297,0.9374826789520654,-19545.237599778247,-20534.603521914803,-0.44122235322774145,trailing_stop,11,-0.44122235322774145,497.61474670824504,491.7511754283116
GS,2019-12-09,193.0860526313642,2020-02-19,201.61419943146495,4095,186.5068303669425,3.2896111322108537,6.579222264421702,34922.7611464126,34437.87188675342,1.2962241519363475,trailing_stop,72,1.2962241519363475,237.20621565763093,247.6830440015547
HRL,2019-11-29,37.03945000672182,2020-02-21,37.358548347402134,43118,35.96873712928227,0.5353564387197778,1.0707128774395542,13758.882253453725,12796.514385543791,0.29802419248322437,trailing_stop,84,0.29802419248322437,479.1201016169494,483.2477662929856
CPRT,2019-11-22,21.94442311096191,2020-02-24,23.176800762176512,71579,21.0341081728699,0.45515746904600585,0.9103149380920108,88212.35989628999,87243.44027120537,1.3537926267557727,trailing_stop,94,1.3537926267557727,471.2279585578628,497.6916665267498
FCN,2019-07-11,91.17108183288573,2020-02-25,111.46842182922363,16562,87.75696810630816,1.7070568632887837,3.4141137265775683,336164.54501934827,335157.7103814527,5.945127087692152,trailing_stop,229,5.945127087692152,452.99263719487607,553.8420007006805
ACGL,2019-02-14,30.392552299729697,2020-02-26,42.38666111890841,44633,29.29074567501323,0.5509033123582331,1.1018066247164668,535333.0589264033,534358.5525366492,10.885856510678732,trailing_stop,377,10.885856510678732,406.95323603815075,567.5531537160717
VICI,2019-10-08,16.23349025469307,2020-02-26,19.033519323013525,95928,15.771448282659764,0.23102098601665327,0.46204197203330644,268601.18846584467,267586.26035741356,6.060118426034712,trailing_stop,141,6.060118426034712,467.173875945659,547.7542324854124
PPL,2019-10-15,24.348157555267818,2020-02-26,26.50527147997685,63678,23.535332736392796,0.4064124094375101,0.812824818875022,137360.70049762184,136389.22710138993,2.6538484980005346,trailing_stop,134,2.6538484980005346,465.13259304130327,506.3408031905898
ZBH,2019-12-05,135.88217322323337,2020-02-26,139.00477119289624,11583,130.89715216203084,2.4925105306012627,4.985021061202531,36169.0522826051,35213.847639453496,0.626396143832864,trailing_stop,83,0.626396143832864,472.17696373341363,483.02767941819525
EHC,2020-01-14,56.65911025358303,2020-02-26,57.29246087773866,28686,54.526855177184615,1.066127538199209,2.1322550763984154,18168.296004528464,17187.651573686537,0.2970332354539038,trailing_stop,43,0.2970332354539038,487.59697102028485,493.04745982164343
TOL,2020-01-16,41.22541837492075,2020-02-26,36.86023407319105,39475,39.56693378358457,0.8292422956680905,1.6584845913361832,-172315.65031077983,-173240.37964989658,-2.6320318708615926,trailing_stop,41,-2.6320318708615926,488.21201710499895,436.5173220117651
TXNM,2020-01-28,44.07774933498877,2020-02-26,43.809363482573524,37184,42.90745091460103,0.5851492101938738,1.170298420387745,-9979.659536208648,-10960.057857111118,-0.22933112421558927,trailing_stop,29,-0.22933112421558927,491.69610938166676,488.7022115208041
POR,2020-01-29,47.142256705379175,2020-02-26,47.08671492929617,17611,46.159098293544275,0.4915792059174483,0.9831584118348999,-978.1462185977821,-1475.9861444352623,-0.05649321148495748,trailing_stop,28,-0.05649321148495748,249.06668485152983,248.77324098595045
PNW,2020-02-24,78.93326391414418,2020-02-26,75.30610388035734,21703,76.98216606766476,0.9755489232397088,1.9510978464794135,-78720.25421327571,-79724.49131304893,-1.859035435015077,stop_loss,2,-1.859035435015077,513.9265880186014,490.3105117546186
GILD,2020-02-25,58.204393537384085,2020-02-26,56.18936043076039,28772,55.463465979169825,1.37046377910713,2.74092755821426,-57976.532543777015,-58963.93367052845,-0.7351646710198027,stop_loss,1,-0.7351646710198027,502.39704325728457,485.00408349415136
SO,2019-02-21,37.31668583947365,2020-02-27,51.75486356276713,36367,36.21517827244413,0.5507537835147608,1.1015075670295218,525073.2092630139,524101.42975188047,13.10765187226945,trailing_stop,371,13.10765187226945,407.1287741772415,564.6507369561456
FBIN,2019-10-18,45.12095503401141,2020-02-27,49.27852694349904,17328,43.30526652247825,0.9078442557665797,1.8156885115331605,72042.40604760163,71551.67978048974,2.2898046019892426,trailing_stop,132,2.2898046019892426,234.55677264880492,256.16949446308536
ELS,2019-02-06,45.0866676271339,2020-02-28,58.540123044952686,30079,43.478051559028735,0.8043080340525804,1.6086160681051638,404666.4855125713,403731.3884415836,8.363372519128202,trailing_stop,387,8.363372519128202,406.8485626669682,528.2485083207396
RNR,2019-04-12,142.67605040303596,2020-02-28,166.73541319264345,9815,138.6361163817997,2.0199670106181324,4.039934021236263,236142.64577999752,235231.58372544002,5.9553850788496465,trailing_stop,322,5.9553850788496465,420.1096304117394,490.9524241457386
BRO,2019-04-24,29.95837246184374,2020-02-28,40.89732882372041,46636,29.17438495257851,0.39199375463261465,0.7839875092652306,510149.1688924802,509157.8409469341,13.952972761171774,trailing_stop,310,13.952972761171774,419.14159743916343,572.1863481069075
ACM,2019-10-15,37.88594589560438,2020-02-28,42.883521635564115,40924,36.218181715706564,0.8338820899489081,1.6677641798978158,204520.78958211222,203529.16667533855,2.996572177408162,trailing_stop,136,2.996572177408162,465.1333349495141,526.4895718241478
TMUS,2020-02-10,81.75875363396801,2020-02-28,85.44540340837597,20526,79.11712039372289,1.3208166201225644,2.6416332402451275,75672.17326949767,74642.56351126231,1.3955948608769986,trailing_stop,18,1.3955948608769986,503.4540531272482,526.1557051080975
DGX,2020-01-28,96.90057198845044,2020-03-02,94.36935523201836,16914,94.43882406338184,1.2308739625342997,2.461747925068593,-42813.00021829209,-43783.54208299419,-1.028219311431549,stop_loss,34,-1.028219311431549,491.6928823837953,478.84898231830755
DPZ,2020-02-21,339.30205387528827,2020-03-02,314.76388422012025,5074,321.00868834925774,9.146682763015272,18.293365526030527,-124506.67283032252,-125502.29200129135,-1.3413698873644357,stop_loss,10,-1.3413698873644357,516.4855864089639,479.13358455986696
DGX,2020-03-05,104.56387590884373,2020-03-09,96.18650695976564,15208,99.91674278788024,2.3235665604817473,4.647133120963488,-127403.02697757959,-128318.93052437934,-1.8026961421198135,stop_loss,4,-1.8026961421198135,477.0622274465086,438.8413193532348
EMB,2020-03-05,86.22254943948386,2020-03-09,81.64162339994941,18443,85.29481696671553,0.46386623638416624,0.9277324727683265,-84486.0189471338,-85414.79462903709,-4.937766192300133,stop_loss,4,-4.937766192300133,477.0607437937202,451.71493810958003
CPB,2020-03-05,42.09713609806685,2020-03-10,40.58600864636503,37774,40.255287081256064,0.9209245084053919,1.8418490168107837,-57081.32836058445,-58018.3102934573,-0.8204404584249687,stop_loss,5,-0.8204404584249687,477.05316569051314,459.92876718233777
TLT,2020-02-26,124.33183036370646,2020-03-11,137.09527850802704,6556,121.89010045746737,1.2208649531195461,2.4417299062390896,83677.1660341657,83162.99119643676,5.227215390083691,trailing_stop,14,5.227215390083691,244.53584395933788,269.63899376958756
IEF,2020-02-26,98.75490844650305,2020-03-12,102.9064721273856,16507,97.93115408274937,0.41187718187684164,0.8237543637536788,68529.86168032819,67531.21435758824,5.039807815966797,trailing_stop,15,5.039807815966797,489.04418211792773,509.6031406220262
GLD,2020-07-23,176.34616816711423,2020-08-12,182.42739060974122,9061,172.77556866728543,1.785299749914398,3.570599499828802,55101.9565526432,54126.70238782007,1.7031376503913611,trailing_stop,20,1.7031376503913611,479.3617889286666,495.8923758944595
DLR,2020-08-03,131.5014079982373,2020-08-12,124.72803613689055,12204,124.48671898221548,3.5073445080109193,7.014689016021833,-82662.23019587586,-83600.33743674339,-0.9655983103279568,stop_loss,9,-0.9655983103279568,481.45295496314645,456.65428590438364
VCIT,2020-06-16,76.61780094287316,2020-08-14,77.13034045892262,20817,75.6420785743049,0.4878611842841261,0.9757223685682561,10669.53510560156,9709.362587733205,0.5252923706172093,trailing_stop,59,0.5252923706172093,478.4858286683372,481.6866892000176
IUSB,2020-07-31,45.58105328191716,2020-08-14,45.141176468403145,17592,45.31903183232227,0.13101072479744405,0.26202144959489004,-7738.312903338493,-8217.108543068784,-1.678781695903533,stop_loss,14,-1.678781695903533,240.55856680064596,238.23707292964446
WMT,2020-08-18,42.128827539486174,2020-08-21,40.30939283746842,38000,40.657288733728954,0.735769402878609,1.4715388057572198,-69138.51867667456,-70078.31438897183,-1.2364163927579963,stop_loss,3,-1.2364163927579963,480.2686339501424,459.52707834714
ABT,2020-08-28,102.32993149778417,2020-09-02,95.74825415219776,15706,97.85937095593121,2.2352802709264776,4.4705605418529615,-103371.82438978022,-104305.1291849258,-1.4722264208189058,stop_loss,5,-1.4722264208189058,482.1581712312595,451.1466239143254
KMB,2020-07-24,118.2900604217863,2020-09-04,122.54246903118201,13507,113.91753576573507,2.1862623280256104,4.372524656051226,57437.28308710793,56461.405594511554,0.9725293609289819,trailing_stop,42,0.9725293609289819,479.32315383512025,496.5543387612526
ICE,2020-08-18,96.13094225780179,2020-09-08,92.23391901904333,16653,92.20018745576373,1.9653774010190326,3.9307548020380665,-64897.127995044706,-65838.18000549769,-0.9914185531842097,stop_loss,21,-0.9914185531842097,480.2605744257519,460.7914360272385
GOOG,2020-08-27,82.04332380131916,2020-09-08,75.92937983270039,19604,78.47467298348323,1.784325408917962,3.5686508178359304,-119857.75756080236,-120786.82662541476,-1.713236817135932,stop_loss,12,-1.713236817135932,482.5131959403183,446.55586867207757
COST,2020-07-10,298.8162600421613,2020-09-09,312.52035897303864,5343,288.0560628717713,5.380098585194979,10.760197170389972,73221.00058767776,72241.08912105829,1.273591804487417,trailing_stop,61,1.273591804487417,478.9725832215803,500.9388833978836
WMT,2020-08-31,42.534122353661914,2020-09-09,43.25502697408537,37804,40.816182786338096,0.8589697836619085,1.7179395673238176,27253.07827048825,26280.126370132406,0.41963328287878554,trailing_stop,9,0.41963328287878554,482.3879884373505,490.563911918497
GEN,2020-08-10,20.64525887195759,2020-09-14,18.88713714016436,78142,19.38967533913703,0.6277917664102809,1.2555835328205625,-137383.14836578668,-138309.89051254044,-1.4002427443785912,stop_loss,35,-1.4002427443785912,483.9785456317531,442.763601122017
VZ,2020-09-03,43.2402776753482,2020-09-14,42.579236493702986,37505,42.18206654484068,0.529105565253762,1.058211130507523,-24792.349517603867,-25757.947781276947,-0.6246779707639047,stop_loss,11,-0.6246779707639047,486.51798426418037,479.0802794088991
BF-B,2020-09-03,70.59851574345379,2020-09-21,67.36434369027049,22971,67.35534199394262,1.6215868747555873,3.243173749511172,-74292.16623367359,-75242.90968688921,-0.997224417492517,stop_loss,18,-0.997224417492517,486.5155515428631,464.22790167276105
STE,2020-09-21,165.3806167978117,2020-09-23,161.08402062160658,9554,158.44033576118454,3.4701405183135834,6.940281036627169,-41049.67986746379,-41985.392811235324,-0.6190810074591998,stop_loss,2,-0.6190810074591998,474.0139238658879,461.69901990564875
TMUS,2020-10-13,115.63584520282721,2020-10-16,110.63766219925394,13890,110.5422527437865,2.546796229520356,5.093592459040707,-69424.76191963277,-70367.64362497725,-0.9812687300300029,stop_loss,3,-0.9812687300300029,481.85456696018093,461.02713838429116
EQIX,2020-10-09,747.9923244053882,2020-10-23,696.1395339926761,2138,713.9941196092739,16.999102398057182,33.99820479611435,-110861.26590237852,-111787.53207635504,-1.525162599721688,stop_loss,14,-1.525162599721688,479.76227687361603,446.50389710290244
DG,2020-09-21,190.0176858755513,2020-10-27,195.08408245368548,8315,182.3249722275545,3.8463568239984114,7.692713647996811,42127.08754718566,41166.45118608838,0.6585967982122236,trailing_stop,36,0.6585967982122236,473.9991174165628,486.6372436807184
BLK,2020-10-14,560.6863665089847,2020-10-27,540.8131455085518,2861,536.6487751028443,12.018795703070245,24.03759140614045,-56857.28528223875,-57802.7023134034,-0.8267559201191981,trailing_stop,13,-0.8267559201191981,481.2371083746616,464.17992278999
CSX,2020-10-23,25.254909229283747,2020-10-28,23.590995522919222,63116,23.98281597419852,0.6360466275426135,1.2720932550852275,-105019.57749090336,-105944.46492820539,-1.3080123644339632,stop_loss,5,-1.3080123644339632,478.1966552746419,446.69078202737086
STE,2020-10-07,173.68051013837598,2020-10-29,168.94988033903394,9158,165.46509596663304,4.1077070858714695,8.215414171742935,-43323.1077023744,-44264.45043717203,-0.5758236530074315,trailing_stop,22,-0.5758236530074315,477.1698335541742,464.17290124346187
TROW,2020-10-19,116.46458915350289,2020-10-29,107.27342038258422,6883,111.56182529265514,2.4513819304238704,4.902763860847742,-63262.81465023317,-63724.81126612424,-1.8746913030662282,stop_loss,10,-1.8746913030662282,240.4877301430681,221.50888574799816
HALO,2020-10-21,30.420389389038082,2020-10-29,28.921050762176513,52432,28.525774734400148,0.9473073273189664,1.8946146546379339,-78613.32288360577,-79546.7400006083,-0.791368642267837,stop_loss,8,-0.791368642267837,478.50055693381347,454.91656006873177
HUBB,2020-10-26,138.28156183136542,2020-10-29,131.00956814459133,11547,132.65774408277096,2.8119088742972265,5.623817748594462,-83969.71110118048,-84902.5625045302,-1.2930706526881237,stop_loss,3,-1.2930706526881237,479.02115834003297,453.8302450096788
ZTS,2020-11-05,165.73855121046398,2020-11-09,166.14599017386905,4789,158.154982293234,3.7917844586149783,7.583568917229968,1951.225195746882,1474.4066751400105,0.05372654588519182,stop_loss,4,0.05372654588519182,238.11657652407362,238.7019440827977
HUM,2020-11-05,436.93764406458297,2020-11-09,424.7550625377848,1816,411.0842632309337,12.926690416824647,25.853380833649283,-22123.568052665483,-22593.018239222456,-0.4712181205694391,stop_loss,4,-0.4712181205694391,238.04362848638482,231.4065580705852
MSCI,2020-11-05,376.74181624375046,2020-11-10,365.32846617298594,2107,355.9919714935083,10.374922375121093,20.749844750242175,-24047.928599100847,-24516.991224616464,-0.5500450826568867,trailing_stop,5,-0.5500450826568867,238.13850204767468,230.92412346794438
KWEB,2020-11-05,65.42983634191869,2020-11-11,59.37869288644959,24265,62.61599403199566,1.4069211549615142,2.813842309923025,-146830.99594695758,-147739.5396354755,-2.150491317203425,stop_loss,6,-2.150491317203425,476.29649365099704,432.2471948669098
CDNS,2020-11-05,123.91379091644286,2020-11-11,114.51536725616455,6406,116.93493156838532,3.489429674028768,6.97885934805754,-60206.30196774286,-60664.51512391898,-1.3466991081994253,stop_loss,6,-1.3466991081994253,238.1375233832199,220.07563279289707
FXI,2020-11-05,42.221477393157386,2020-11-11,41.19701499617328,18801,41.01344723449802,0.6040150793296839,1.2080301586593691,-19260.917525698173,-19731.422848321716,-0.8480437260945698,trailing_stop,6,-0.8480437260945698,238.1417989406256,232.36352368291617
CGNX,2020-11-05,69.3506920906467,2020-11-11,66.17638867400734,11446,65.07160209629876,2.1395449971739673,4.279089994347942,-36333.07690685413,-36798.449796783796,-0.7418174006230662,stop_loss,6,-0.7418174006230662,238.13640650086262,227.2364834288064
TMUS,2020-11-09,120.11578206269105,2020-11-11,117.15306330743627,6653,114.15110528265626,2.9823383900173956,5.964676780034793,-19710.967878710075,-20184.532767184315,-0.4967106960718669,stop_loss,2,-0.4967106960718669,239.73908941892506,233.82579905531207
ASHR,2020-11-05,35.09110595081527,2020-11-16,34.89284649139204,22622,34.20745745177757,0.44182424951884824,0.8836484990376974,-4485.025491072236,-4959.97858271652,-0.2243646196865987,stop_loss,11,-0.2243646196865987,238.14929964580293,236.80379199848124
UNH,2020-11-05,326.65276741754485,2020-11-20,304.99632045051493,4860,309.0042343842896,8.82426651662764,17.648533033255262,-105250.33225976542,-106171.27662987704,-1.2270961516304226,stop_loss,15,-1.2270961516304226,476.2597348947804,444.6846352168508
COR,2020-11-05,94.26048826093125,2020-11-20,90.31499123962844,16843,89.64282824004404,2.308830010443606,4.6176600208872145,-66454.00632980329,-67386.64777017166,-0.8544364469138083,stop_loss,15,-0.8544364469138083,476.2888211336595,456.3526192347186
XLV,2020-11-05,101.89686408891242,2020-11-24,99.7539878547138,7790,98.19452859126072,1.8511677488258482,3.7023354976517027,-16693.00586440728,-17164.263905399537,-0.5787903974552809,trailing_stop,19,-0.5787903974552809,238.13297137578832,233.12506961646616
DTE,2020-11-17,95.16994176544371,2020-12-01,90.07864770064938,17031,90.28609463679365,2.44192356432503,4.883847128650061,-86709.82921751216,-87656.31983567127,-1.042476132171976,stop_loss,14,-1.042476132171976,486.2517834621815,460.2388346969278
RRX,2020-11-03,96.2579969027434,2020-12-04,104.67314535961428,8160,90.6739256609955,2.7920356208739525,5.584071241747907,68667.61140806638,68175.73197180813,1.5069916003143256,trailing_stop,31,1.5069916003143256,235.63957641791586,256.2398598403357
COST,2020-12-01,363.14451072666577,2020-12-09,358.0642013123933,4430,350.7344356135685,6.20503755654863,12.410075113097264,-22505.77070522695,-23464.25708352686,-0.4093697554586777,stop_loss,8,-0.4093697554586777,482.61905475573883,475.8673235441707
VRSK,2020-11-05,193.44291887197195,2020-12-10,186.24242900533804,4103,184.49370913783113,4.474604867070417,8.949209734140823,-29543.609922798958,-30010.964617501137,-0.8045950514674362,trailing_stop,35,-0.8045950514674362,238.10888883951026,229.24580586267058
GOOGL,2020-11-05,87.83218309078359,2020-12-21,84.62069165187522,9038,82.60426615749873,2.613958466642431,5.22791693328486,-29025.45962485383,-29493.048349431076,-0.6142965697219849,trailing_stop,46,-0.6142965697219849,238.1481812323506,229.44054334489448
GOOG,2020-11-05,88.36000957409532,2020-12-21,84.84179423468309,8984,83.16286053752566,2.59857451828483,5.197149036569655,-31607.646609279407,-32074.460110904827,-0.6769510196179399,trailing_stop,46,-0.6769510196179399,238.1478978041017,228.6656038213179
CMCSA,2020-11-25,41.58783801475312,2020-12-22,39.77835990816974,19547,39.55798403524941,1.0149269897518545,2.029853979503706,-35369.868549385275,-35847.00807062509,-0.8914326473009601,stop_loss,27,-0.8914326473009601,243.87524090231378,233.26428033749815
IGV,2020-12-17,70.15939499645943,2021-01-05,69.20415186488343,11861,67.58520710090208,1.2870939477786718,2.574187895557344,-11330.138783622906,-11826.036092419623,-0.37108523943594074,trailing_stop,19,-0.37108523943594074,249.64817521590157,246.24913358081469
MGK,2020-12-29,39.95265791008765,2021-01-05,38.9482615657579,20930,38.87292498156564,0.5398664642610069,1.079732928522013,-21022.015486821638,-21517.43436021047,-0.9302266493850581,stop_loss,7,-0.9302266493850581,250.8627390174404,244.55613437139388
CL,2020-11-04,73.25998431261034,2021-01-07,71.85043291208028,21525,70.54220298478585,1.3588906639122493,2.717781327824497,-30340.593896409602,-31277.644415638042,-0.51864047563325,trailing_stop,64,-0.51864047563325,473.0763486986812,463.9741705297584
FICO,2020-11-12,473.68320144653313,2021-01-08,492.4070939025879,1679,439.3906930677452,17.14625418939396,34.29250837878794,31437.41543371598,30950.79575194863,0.5460053329792778,trailing_stop,57,0.5460053329792778,238.59422856861875,248.02545319873354
WY,2020-12-10,25.36962272913885,2021-01-14,26.089580855297914,64957,23.92763357583628,0.7209945766512864,1.441989153302572,46766.320000914304,45763.52935474403,0.49928123558360443,trailing_stop,35,0.49928123558360443,494.38037508500173,508.410271085276
DLTR,2020-11-25,111.17105755615233,2021-01-21,108.52136725616455,14625,105.00313958401051,3.0839589860709125,6.167917972141822,-38751.72063732131,-39715.62115118535,-0.4295923376340998,trailing_stop,57,-0.4295923376340998,487.76301502761834,476.13749883642197
RS,2020-11-25,111.62652773623716,2021-01-22,113.5952173050713,7282,105.81985828870447,2.9033347237663465,5.806669447532698,14335.997440250183,13843.978016032941,0.3390393730214226,trailing_stop,58,0.3390393730214226,243.85931249258374,248.16011172465878
ICE,2020-12-04,100.81426360275822,2021-01-22,105.09660503306749,8097,96.8297689310179,1.9922473358701631,3.984494671740322,34674.118561214185,34173.9404702109,1.0747514510889935,trailing_stop,49,1.0747514510889935,244.88792771746,255.29016328582424
BKNG,2020-11-10,81.53480542234702,2021-01-25,80.01296810331426,19626,75.5450948396813,2.9948552913328625,5.989710582665722,-29867.57922333686,-30818.740204301248,-0.2540752675825384,trailing_stop,76,-0.2540752675825384,480.06062736569476,471.10035359869374
NKE,2020-08-11,97.6539170528385,2021-01-28,121.23755772530438,16498,93.30857592063558,2.17267056610146,4.345341132202918,389082.9038143423,387999.52234907536,5.427339293960082,trailing_stop,170,5.427339293960082,483.32829706131884,600.0531682056215
DECK,2020-10-02,38.33162447738647,2021-01-28,47.355928424835206,41430,35.8243530999583,1.2536356887140838,2.507271377428168,373876.9125428011,372811.9019477794,3.5992529682628174,trailing_stop,118,3.5992529682628174,476.4237606294364,588.5868343922767
LSCC,2020-10-12,33.463430305480955,2021-01-28,38.68128121948242,47926,30.950861131677815,1.2562845869015693,2.51256917380314,250070.7229044343,249033.4406710707,2.0766994072857656,trailing_stop,108,2.0766994072857656,481.1305082461441,556.1517251174744
DLB,2020-10-30,67.57922758169335,2021-01-28,80.71319381826964,23190,64.6040587468081,1.4875844174426278,2.9751688348852525,304576.67702620436,303545.00665052485,4.41452803705604,trailing_stop,90,4.41452803705604,470.14868628584065,561.521689393702
GRMN,2020-11-03,99.07929186356213,2021-01-28,104.56153148586787,15856,94.66249295648214,2.2083994535399993,4.416798907079993,86926.39145127984,85957.71278277127,1.241224637489807,trailing_stop,86,1.241224637489807,471.3003755365923,497.3782929719763
RSP,2020-11-17,111.34721973982808,2021-01-28,117.66767759794386,7278,107.02681992729711,2.1601999062654835,4.320399812530965,46000.2922913667,45500.261164519405,1.4629335553121305,trailing_stop,72,1.4629335553121305,243.11551957994067,256.9156072673506
CHE,2020-12-21,526.0908069963835,2021-01-28,509.1260937652559,3165,502.1795512230318,11.955627886675874,23.91125577335174,-53693.31737651896,-54676.25582379213,-0.7094865025882168,trailing_stop,38,-0.7094865025882168,499.52322124306613,483.41522603011055
JCI,2021-01-07,45.67109844541323,2021-01-28,44.46659142201647,37107,43.77352645988573,0.9487859927637498,1.8975719855274988,-44695.642117183495,-45699.06389455671,-0.6347622290924165,stop_loss,21,-0.6347622290924165,508.4152350041846,495.0065423690296
XLV,2021-01-07,106.28377339581886,2021-01-28,105.91527179996241,7972,103.32994664567148,1.4769133750736825,2.953826750147371,-2937.6947221675673,-3445.189958657798,-0.12475396393443128,trailing_stop,21,-0.12475396393443128,254.1882724534404,253.3069640367901
VTV,2021-01-08,108.03536438390533,2021-01-28,105.14076429525495,7941,105.1554356612316,1.4399643613368633,2.879928722673725,-22986.019303972655,-23493.86879532502,-1.0050943503778915,stop_loss,20,-1.0050943503778915,257.3726485717777,250.47684278058586
COO,2021-01-14,95.4313584436963,2021-01-28,90.43241096052664,17837,90.99626914911165,2.2175446472923226,4.4350892945846425,-89166.2262572972,-90160.80187375614,-1.1271357014780967,stop_loss,14,-1.1271357014780967,510.6627421680633,483.91287429087413
NFLX,2021-01-21,58.30324393081664,2021-01-28,53.53441324996948,29299,54.53990952361311,1.8816672036017643,3.76333440720353,-139721.97011814092,-140704.98957346287,-1.2671822816805687,stop_loss,7,-1.2671822816805687,512.468023178699,470.5514321432567
PCAR,2021-01-22,54.01258888843259,2021-01-29,51.04038315046541,31445,51.14177852378285,1.4354051823248724,2.870810364649742,-93461.00943037796,-94452.0266421069,-1.035319425680633,trailing_stop,7,-1.035319425680633,509.52775727902883,481.4894544499154
SJM,2021-01-28,105.24698471252546,2021-01-29,98.0630167501619,15234,100.27645703242615,2.485263840049657,4.970527680099309,-109440.56793864637,-110369.73530733115,-1.4453129375229674,stop_loss,1,-1.4453129375229674,480.9997695331839,448.16759915159
CASY,2021-01-28,201.19327167483468,2021-01-29,188.8045002846545,7969,191.5871099890781,4.803080842878293,9.606161685756575,-98726.11920834587,-99658.48688176942,-1.2896692555726486,stop_loss,1,-1.2896692555726486,480.9927545930272,451.3749188305234
AKAM,2021-01-28,120.87074999999999,2021-01-29,111.51836725616455,13264,115.1897935997271,2.8404782001364426,5.6809564002728905,-124050.0047142332,-124974.72748961893,-1.646269058390623,stop_loss,1,-1.646269058390623,480.96888839999997,443.75388698573
MSM,2020-11-04,58.521897540427624,2021-02-01,64.0467521877909,26945,55.43597044974629,1.5429635453406658,3.0859270906813308,148867.2084732035,147876.42479312545,1.7903386842958315,trailing_stop,89,1.7903386842958315,473.0617587680467,517.7219213100078
SCHD,2020-11-25,17.640367631843947,2021-02-01,17.736074503172095,46083,16.98460267168761,0.3278824800781685,0.6557649601563362,4410.45975141501,3921.3839765426264,0.14594691260315354,trailing_stop,68,0.14594691260315354,243.8763184734794,245.1994563989039
IWB,2020-11-25,190.72873094177243,2021-02-01,198.45189706094354,4262,184.9166262939182,2.906052323927113,5.812104647854227,32916.13399990727,32418.527648943,1.3288071339222065,trailing_stop,68,1.3288071339222065,243.8657553821502,253.7405955821224
BKLN,2021-01-06,15.78077198926872,2021-02-01,15.802114493518653,52953,15.668719211120292,0.05602638907421385,0.11205277814842773,1130.1496275467082,628.4270511697962,0.19046831861377264,trailing_stop,26,0.19046831861377264,250.691765744324,251.03081063258796
MMM,2021-01-28,127.54702362743947,2021-02-01,121.0789358898593,12570,122.4474844188422,2.5497696042986364,5.099539208597278,-81303.86286138282,-82241.43135472256,-1.2683670961242286,stop_loss,4,-1.2683670961242286,480.9798260990743,456.58866724065945
KDP,2021-01-28,29.034519637176928,2021-02-01,27.971283907468973,55222,27.91228951720101,0.5611150599879589,1.1222301199759173,-58714.0034659327,-59658.39581093543,-0.9474311113043123,stop_loss,4,-0.9474311113043123,481.00327302125527,463.3890719814755
WSO,2021-01-28,223.8578616411477,2021-02-01,205.810779032333,7162,211.1964648541623,6.330698393492708,12.66139678698542,-129253.20564433101,-130176.39168568206,-1.4253626920029245,stop_loss,4,-1.4253626920029245,480.98100152217,442.2050398288706
FXI,2021-02-12,47.71780600774652,2021-02-23,45.731833393094874,16945,46.23516678271494,0.7413196125157874,1.4826392250315763,-33652.3059552721,-34127.35719716628,-1.3394847385137458,stop_loss,11,-1.3394847385137458,242.5734668403794,232.4777750537978
INVH,2021-02-12,26.1898572743826,2021-02-23,25.167267419891356,61750,25.054182005669546,0.567837634356527,1.1356752687130545,-63144.923514834314,-64096.31424979574,-0.9004245162880418,stop_loss,11,-0.9004245162880418,485.1671060079377,466.22362895348743
ABT,2021-01-29,109.17674174514178,2021-02-24,109.4569547372061,14562,104.26990008257376,2.453420831284011,4.906841662568027,4080.461590440643,3125.338423987858,0.0571065893978062,trailing_stop,26,0.0571065893978062,476.9495139878264,478.17365246495854
NOW,2021-02-03,116.71659847259521,2021-02-24,108.99089847564697,13573,109.15379085735724,3.7814038076189886,7.562807615237972,-104860.9260585784,-105779.98441540195,-1.0215386123775065,stop_loss,21,-1.0215386123775065,475.25831732056037,443.8000395029869
NVDA,2021-02-11,14.934963014094977,2021-02-24,14.051923171333446,107256,14.068458515848516,0.43325224912323057,0.8665044982464618,-94711.32137523085,-95644.02661464215,-1.0190828143980006,stop_loss,13,-1.0190828143980006,480.5593179119313,452.14592149936203
EEM,2020-11-05,42.06148204803466,2021-02-26,48.10064570788233,18873,40.88719646004755,0.5871427939935562,1.1742855879871144,113977.13575230501,113466.64680116379,5.142840652757748,trailing_stop,113,5.142840652757748,238.14790520776748,272.34104593345893
VWO,2020-11-05,39.48889981068811,2021-02-26,45.04781691186409,20102,38.426818985115894,0.5310404127861086,1.0620808255722167,111745.35156783952,111235.5444439725,5.2339868749452325,trailing_stop,113,5.2339868749452325,238.14175919833573,271.6653646686876
IEMG,2020-11-05,48.798942263542905,2021-03-01,57.07606639501688,16267,47.47359919022295,0.6626715366599788,1.3253430733199565,134643.97824668715,134127.2976169325,6.245269091526584,trailing_stop,116,6.245269091526584,238.14371814031574,278.53691161432187
XLI,2021-02-25,86.24582362184965,2021-03-01,84.83688563116135,9302,83.66526552047193,1.2902790506888597,2.5805581013777186,-13105.941189382576,-13583.364597824027,-0.5459818904817882,stop_loss,4,-0.5459818904817882,240.67759539913362,236.74581304231887
CUBE,2021-02-26,30.245613686271163,2021-03-02,28.89698681233328,26349,28.966229056469796,0.6396923149006841,1.279384629801367,-35534.96950138924,-36002.47401555056,-1.0541215225848577,trailing_stop,4,-1.0541215225848577,239.08250250586764,228.4220116554509
EXR,2021-02-24,103.3273050197593,2021-03-05,100.15217686892733,15499,98.44524155674013,2.4410317315095824,4.882063463019165,-49211.31120974465,-50157.429756682475,-0.6503660132407219,trailing_stop,9,-0.6503660132407219,480.4409701503748,465.67757678745136
JAZZ,2021-02-25,171.171,2021-03-05,163.47635939025878,9374,158.60892599182426,6.2810370040878665,12.562074008175728,-72129.56107571414,-73070.65637979143,-0.6125294760031934,stop_loss,8,-0.6125294760031934,481.36708619999996,459.7282178772857
USHY,2020-11-05,28.35053164077612,2021-03-09,29.19718973159537,28000,28.0185793528841,0.16597614394600874,0.3319522878920189,23706.426542939014,23223.025683411095,2.5505415136486747,trailing_stop,124,2.5505415136486747,238.14446578251938,245.25639374540108
ORCL,2021-03-08,65.64467184765218,2021-03-12,62.25039272817414,24206,62.655510290543674,1.4945807785542518,2.9891615571085026,-82161.92036608532,-83090.66874602206,-1.1355288279437843,stop_loss,4,-1.1355288279437843,476.6984780232806,452.049901913455
BRK-B,2021-03-11,264.4842212219238,2021-03-16,254.27546878051757,3023,254.5502855780579,4.966967821932952,9.933935643865908,-30861.05863037104,-31331.521793234253,-1.027664443116261,stop_loss,5,-1.027664443116261,239.8607402261627,230.6024226370514
MA,2021-03-09,364.1840071943093,2021-03-22,344.9831072239953,4369,342.6176594928361,10.78317385073661,21.566347701473205,-83888.73197030173,-84818.23730716981,-0.8903176484074932,stop_loss,13,-0.8903176484074932,477.3359782295812,452.1693586384906
IP,2021-03-09,41.365302654530645,2021-03-23,39.30644734505815,38472,39.059742063187045,1.152780295671799,2.3055605913435997,-79208.2814660257,-80139.36253582095,-0.8929955331482583,stop_loss,14,-0.8929955331482583,477.4217771175309,453.65929267772316
UDR,2021-03-15,37.03729025580555,2021-03-23,35.38414364472979,43113,35.21485963469842,0.9112153105535645,1.8224306211071308,-71272.10984330933,-72208.80142723546,-0.9071108616861758,stop_loss,8,-0.9071108616861758,479.0366084395634,457.6549754865706
HUBB,2021-02-23,163.35408237358212,2021-03-24,165.12514357440384,9783,155.46280675386896,3.9456378098565765,7.891275619713156,17326.291727638883,16362.23804740414,0.22443281494280096,trailing_stop,29,0.22443281494280096,479.4278963582261,484.6257838765178
ROST,2021-03-10,118.17232773654104,2021-03-24,110.11898014780463,13437,110.56068814943377,3.8058197935536326,7.611639587107263,-108212.83154985102,-109133.0966410636,-1.0580305986081253,stop_loss,14,-1.0580305986081253,476.36447033877056,443.90062087381517
KRC,2021-03-09,51.871294304755686,2021-03-26,50.3750738573888,30680,48.83140839883973,1.5199429529579782,3.039885905915959,-45904.04332521611,-46845.118897780485,-0.4921962513313657,stop_loss,17,-0.4921962513313657,477.42339278097137,463.6521797834065
XLC,2021-02-09,67.92726728415536,2021-03-29,68.63306784704059,23503,65.69797102851291,1.1146481278212286,2.2292962556424527,16588.43062949156,15625.55736251501,0.3166024080912601,trailing_stop,48,0.3166024080912601,478.94836889385107,483.9248980826985
MO,2021-03-09,31.255082969911072,2021-04-21,31.942812848037033,50917,30.01825068164031,0.6184161441353817,1.2368322882707616,35017.14220453953,34051.78802613079,0.5560413361196193,trailing_stop,43,0.5560413361196193,477.4245178736886,487.92966053505046
ADP,2021-03-16,168.50587572365382,2021-04-29,166.574345000469,9550,161.06877573913823,3.7185499922577927,7.437099984515584,-18446.118406414902,-19406.123238789514,-0.25971557827733266,trailing_stop,44,-0.25971557827733266,482.7693339482682,477.23549842634367
IR,2021-03-08,49.59182344137327,2021-05-04,47.7740917386407,32042,46.67705502942414,1.4573842059745667,2.914768411949133,-58243.7592189571,-59179.69881521651,-0.6236281741220869,trailing_stop,57,-0.6236281741220869,476.70636201254473,459.23323424685753
SOXX,2021-04-06,142.85045607563438,2021-05-04,131.81692405688443,5654,133.8746210059598,4.487917534837299,8.975835069674588,-62383.59003401223,-62849.48084419301,-1.2292485248561908,stop_loss,28,-1.2292485248561908,242.30294359549106,223.58786658528737
G,2021-04-29,44.37695563552462,2021-05-12,41.849546102584256,36593,42.701031924883736,0.8379618553204402,1.6759237106408804,-92485.49703888662,-93432.0829523174,-1.508069560024226,stop_loss,13,-1.508069560024226,487.1657812712257,459.4201321595597
IWD,2021-03-09,135.07766105311634,2021-05-13,142.0783915435719,5890,131.0431716970435,2.017244678036425,4.034489356072839,41234.302588783285,40744.56784384494,1.735220959231891,trailing_stop,65,1.735220959231891,238.6822270808566,251.05251785749155
DIA,2021-03-11,296.818605260939,2021-05-13,307.5262907334763,2694,288.742141498757,4.038231881091005,8.076463762182016,28846.50466301539,28358.0731180727,1.3257888338056967,trailing_stop,63,1.3257888338056967,239.8887967718909,248.54274817079553
GLW,2021-03-15,35.66148204526003,2021-05-13,37.45880480241381,44776,33.78551312615092,0.9379844595545574,1.8759689191091127,80476.9237743176,79494.71358515017,0.9580770442653803,trailing_stop,59,0.9580770442653803,479.03355601756897,503.17663314986424
ACN,2021-03-29,257.9219323353507,2021-05-13,260.894598557884,3115,247.41870002179124,5.251616156779714,10.503232313559437,9259.85528319138,8775.021235071652,0.283023942895722,trailing_stop,45,0.283023942895722,241.02804576738518,243.8060023523426
TGT,2021-03-29,171.56781521718193,2021-05-13,174.75920310960765,9366,163.36936366993183,4.099225773625055,8.198451547250102,29890.539000459325,28917.42934436471,0.389267152953556,trailing_stop,45,0.389267152953556,482.0712471972378,491.0384088973756
DUK,2021-03-30,79.76364669767639,2021-05-13,82.6846887601082,20109,76.86023824100393,1.451704228336236,2.903408456672466,58739.234833441245,57759.232760125065,1.0060734154434312,trailing_stop,44,1.0060734154434312,481.1901514330724,498.81192188310473
IWB,2021-04-05,214.51768997598367,2021-05-13,214.85812547613793,3737,208.81854437936346,2.8495727983101053,5.6991455966202125,1272.207464076458,790.8342373730846,0.05973448026247071,trailing_stop,38,0.05973448026247071,240.49578223207527,240.87744447129822
RSP,2021-04-05,132.93204959211963,2021-05-13,134.58952163781285,6030,129.35086767932796,1.7905909563958322,3.5811819127916635,9994.55643553015,9510.609913175203,0.46282821874333796,trailing_stop,38,0.46282821874333796,240.47407771214438,243.47244464280345
SCHH,2021-04-06,18.227657852449376,2021-05-13,18.429570894839188,88636,17.677994840091554,0.2748315061789115,0.5496630123578221,17896.764425263365,16922.019387089964,0.36733969332171407,trailing_stop,37,0.36733969332171407,484.68800442291086,490.05703375048984
DOV,2021-04-21,136.21464218425226,2021-05-13,137.24359288039196,5980,131.47095961057116,2.3718412868405427,4.743682573681099,6153.12516291542,5662.541089209449,0.21690968570463104,trailing_stop,22,0.21690968570463104,244.36906807854857,246.21500562742315
IJH,2021-04-26,51.286637876355314,2021-05-13,48.91439837734311,15962,49.67114047550162,0.8077487004268441,1.615497400853691,-37865.68688323278,-38345.50956543724,-1.4684266887452866,stop_loss,17,-1.4684266887452866,245.59119413471507,234.23148806974524
HSIC,2021-05-05,79.63955755615234,2021-05-25,77.33259365844727,20518,75.85198102497823,1.893788265587056,3.7875765311741105,-47334.285253112714,-48300.51163269906,-0.6090870715660335,trailing_stop,20,-0.6090870715660335,490.2133325811401,476.0130470052064
IDA,2021-03-16,86.29643365643982,2021-05-26,85.18493612691742,18647,82.5063884846563,1.895022585891756,3.790045171783518,-20726.094433004113,-21685.37836370919,-0.29326762060710415,trailing_stop,71,-0.29326762060710415,482.75087951749,476.53305118758874
AZO,2021-03-22,1327.2759011230467,2021-05-26,1414.194375366211,1193,1261.7012702581078,32.787315432469384,65.57463086493885,103693.73977209511,102712.5675601396,1.3254893408730961,trailing_stop,65,1.3254893408730961,475.03204501193835,506.1401669435669
AOS,2021-03-09,57.64336158176447,2021-06-08,62.36469072490967,27608,54.5468016194594,1.5482799811525316,3.096559962305065,130346.45498395282,129352.50029152803,1.5247013462095755,trailing_stop,91,1.5247013462095755,477.425377964806,516.5293144599918
GPC,2021-03-09,100.53615979955565,2021-06-17,108.97841048902566,7914,95.09056151343425,2.7227991430607004,5.445598286121395,66811.9719564657,66314.54246368655,1.5502889206840433,trailing_stop,100,1.5502889206840433,238.69295059610502,258.7365421830447
IDCC,2021-05-27,72.91970056730216,2021-06-17,72.3876869368059,22287,69.12024136753695,1.899729599882604,3.7994591997652094,-11856.987782869963,-12828.52750646118,-0.14002351453836587,trailing_stop,21,-0.14002351453836587,487.5484099630389,483.991313628178
EMR,2021-05-07,84.34061340140039,2021-06-18,83.39200803422668,9743,81.13171071752086,1.6044513419397646,3.208902683879529,-9242.262092373481,-9732.527771567677,-0.29561674523169357,trailing_stop,42,-0.29561674523169357,246.51917891095323,243.74650028324112
KHC,2021-02-12,27.3932145658466,2021-06-21,31.652495626670838,59038,26.101702773751743,0.645755896047428,1.2915117920948553,251459.43526894145,250413.65307743772,3.2979033462138267,trailing_stop,129,3.2979033462138267,485.1721804615354,560.6100110422179
SCHD,2021-03-08,19.56066318992452,2021-06-21,20.77238068338345,40618,18.95772914642872,0.30146702174789974,0.6029340434958002,49217.54114931485,48726.06687650104,2.009701569401216,trailing_stop,105,2.009701569401216,238.3545052345062,253.1197675793007
VTV,2021-03-09,114.45427105462915,2021-06-21,119.9910555344786,6952,111.23869119123722,1.6077899316959634,3.2155798633919233,38491.725703913435,38002.76653077919,1.7218619082932791,trailing_stop,104,1.7218619082932791,238.70582771153454,250.2533454227086
FNF,2021-04-07,32.560526968968084,2021-06-21,33.53584521697292,24811,30.93720576268015,0.8116606031439664,1.6233212062879332,24198.621051248072,23706.64592415646,0.6008165508014958,trailing_stop,75,0.6008165508014958,242.35777038812014,249.61735670349452
GEN,2021-05-13,22.69573051852522,2021-06-21,24.3433036858369,70641,21.544770485473023,0.5754800165260976,1.150960033052197,116386.21611206442,115389.35078749532,1.431477305899606,trailing_stop,39,1.431477305899606,480.97472986774204,515.8905947013614
EZU,2021-05-25,44.41984815680701,2021-06-21,43.63510706809748,18357,43.39368774753083,0.5130802046380896,1.02616040927618,-14405.492165440726,-14890.419609359798,-0.7647353002666067,stop_loss,27,-0.7647353002666067,244.62454578435188,240.30289813471967
NDSN,2021-05-28,211.51535680693652,2021-06-21,205.4394090165093,7686,201.81384791195313,4.85075444749169,9.701508894983391,-46699.734717223626,-47661.149016259325,-0.6262889470285461,stop_loss,24,-0.6262889470285461,487.71210972543423,473.7021893102672
CUZ,2021-06-02,30.52269719028382,2021-06-21,29.45999573012455,53692,29.251109988189214,0.6357936010473049,1.271587202094608,-57058.566798871594,-58024.74402335637,-0.8357283388891835,trailing_stop,19,-0.8357283388891835,491.6473972622157,474.5298272225542
LLY,2021-06-08,211.70422360080252,2021-06-21,208.7939721675913,7782,201.87838207980522,4.912920760498647,9.825841520997301,-22647.576653249675,-23629.271741090564,-0.2961834288688824,trailing_stop,13,-0.2961834288688824,494.24468041843363,487.4504074224587
CDP,2021-06-08,23.456399611150864,2021-06-21,23.063978060750085,70237,22.540182309586296,0.45810865078228485,0.9162173015645685,-27562.512435499568,-28542.74796546196,-0.4283061995562247,trailing_stop,13,-0.4283061995562247,494.252141846521,485.98338811587115
SCHF,2021-06-08,17.439187654117664,2021-06-21,16.96005058021,47236,17.130029686884196,0.15457898361673453,0.30915796723346745,-22632.518823102317,-23119.98354827333,-1.5498131204421817,stop_loss,13,-1.5498131204421817,247.1272404089706,240.33748476203988
BIIB,2021-06-08,389.4891061096191,2021-06-23,375.63399975585935,4229,357.33811638744584,16.07549486108663,32.15098972217328,-58593.24477005005,-59563.95645446158,-0.4309387198803538,trailing_stop,15,-0.4309387198803538,494.1448289212738,476.5668554902588
TDG,2021-05-28,539.6754547231843,2021-06-30,535.5749323019895,3012,514.9025613345767,12.38644669430381,24.7728933886076,-12350.773532638726,-13322.369782354674,-0.16552456577722643,trailing_stop,33,-0.16552456577722643,487.65074088786935,483.94550882807766
BKLN,2021-06-03,15.96698004789381,2021-07-08,15.887744984206293,102889,15.88446003590415,0.041260005994829464,0.08252001198965964,-8152.416467744866,-9135.66670889319,-0.9601921010075114,trailing_stop,35,-0.9601921010075114,492.84798304432377,490.40225810400034
SBRA,2021-06-28,12.546728234169004,2021-07-09,12.186138833874379,129531,12.010807513252425,0.2679603604582893,0.5359207209165788,-46707.50560956308,-47668.6075108203,-0.6728409375138794,stop_loss,11,-0.6728409375138794,487.5570764700436,473.5448247871747
SGI,2021-07-02,39.697182061566636,2021-07-09,37.616100430385835,41106,37.535534490702716,1.0808237854319593,2.16164757086392,-85544.941531318,-86498.35346835227,-0.9627293825464249,stop_loss,7,-0.9627293825464249,489.5377097468274,463.874227287432
CHH,2021-05-17,113.33585244288967,2021-07-16,113.13492853898283,7208,107.81355772944714,2.7611473567212665,5.522294713442534,-1448.259499360506,-1937.979916155707,-0.036384132744264,trailing_stop,60,-0.036384132744264,245.07744732250464,244.64296947269648
CTAS,2021-06-23,89.05427320380282,2021-07-16,88.95501028372261,18143,85.8492554834449,1.6025088601789554,3.2050177203579153,-1800.9271590151973,-2769.8138881094496,-0.03097109867745819,trailing_stop,23,-0.03097109867745819,484.7135036209784,484.1732254732738
VB,2020-11-17,164.11571113544832,2021-07-20,197.40513686551566,4938,157.71297510897412,3.201368013237107,6.4027360264742015,164383.1842550725,163847.62727084386,5.199250069411161,trailing_stop,245,5.199250069411161,243.12101447605315,292.4359697525749
NFG,2021-02-18,39.49188137575596,2021-07-20,43.006316795530296,41022,37.60816629506537,0.9418575403452968,1.8837150806905925,144169.16978998284,143153.89746436808,1.865693732454434,trailing_stop,152,1.865693732454434,486.0107873388783,529.2615382758732
SCHG,2021-06-18,17.311903477440133,2021-07-20,17.965026525048014,46903,16.877554583174565,0.2171744471327835,0.4343488942655682,30633.430301952445,30137.052147580434,1.503682998231718,trailing_stop,32,1.503682998231718,243.59406264071237,252.78409173129808
MGK,2021-06-24,44.791358531894694,2021-07-20,45.55456927361605,18014,43.76372723053609,0.513815650679301,1.0276313013586034,13748.47830136856,13260.230838322017,0.7426892706677374,trailing_stop,26,0.7426892706677374,242.06145977806528,246.18600326847587
IWB,2021-06-28,227.92378521332648,2021-07-20,225.52253487859346,3565,224.09028620390478,1.9167495047108567,3.8334990094217005,-8560.45744332322,-9045.418282661529,-0.6263860584889677,stop_loss,22,-0.6263860584889677,243.76448828565267,241.1963510526557
V,2021-07-16,241.05629640984526,2021-07-20,231.57682446219877,6774,234.36865879150182,3.343818809171725,6.6876376183434445,-64213.942973357305,-65174.42800159347,-1.4174619631968923,stop_loss,4,-1.4174619631968923,489.8746055640875,470.61042267208035
PTC,2021-07-26,152.14199549865722,2021-07-28,143.856,10907,145.43813576724781,3.3519298657046996,6.703859731409409,-90375.3529038544,-91343.88794492555,-1.2360037098979089,stop_loss,2,-1.2360037098979089,497.82382347115635,470.7112176
BSX,2021-07-28,45.45540984725952,2021-08-10,43.796160152435306,36188,43.79120940939862,0.8321002189304485,1.6642004378608988,-60044.92795629856,-61013.87870084325,-0.9970251521847628,stop_loss,13,-0.9970251521847628,493.4821114657882,475.4686330788987
HCA,2021-07-21,241.40525350164262,2021-08-11,231.151246613001,6736,230.4393886240978,5.48293243877241,10.965864877544817,-69070.9904018899,-70025.93257732157,-0.935084191091858,stop_loss,21,-0.935084191091858,487.8317362761194,467.11043915555246
PFE,2021-08-11,37.3510119839103,2021-08-25,37.47922046280246,45453,36.05850972404102,0.6462511299346362,1.2925022598692735,5827.45999108545,4807.08242446532,0.09919400752547197,trailing_stop,14,0.09919400752547197,509.31466431140245,511.062902308728
BR,2021-07-12,154.06960616801354,2021-08-27,155.83839079743694,5355,149.85883763271497,2.105384267649283,4.21076853529857,9471.841690562349,8973.974493437352,0.42006218451473015,trailing_stop,46,0.42006218451473015,247.51282230891377,250.3543748160824
FIVE,2021-08-10,210.26005305480956,2021-08-30,214.97481243896485,8079,199.12306528508816,5.568493884860693,11.1369877697214,38090.54106459056,37059.8993210933,0.42334242271267475,trailing_stop,20,0.42334242271267475,509.60729058894196,521.034452908319
DECK,2021-06-28,63.80040430068969,2021-09-03,67.25101815032959,25473,59.98048240271411,1.9099609489877918,3.8199218979755827,87897.486591877,86896.00472664856,0.9033205237700255,trailing_stop,67,0.9033205237700255,487.5563096254406,513.9255556030037
NKE,2021-06-28,141.84094532293534,2021-09-03,150.33991671029838,11457,135.76027184809294,3.040336737421205,6.080673474842399,97372.71518501837,96368.46034412395,1.3977023141475824,trailing_stop,67,1.3977023141475824,487.521513169461,516.7333277249666
NVT,2021-08-30,32.62907905644887,2021-09-08,30.94690080167464,52946,31.216493860716877,0.7062925978659986,1.412585195731996,-89064.60987727651,-90074.43802614696,-1.1908508314095239,stop_loss,9,-1.1908508314095239,518.2737659168225,491.5543829536397
FR,2021-07-13,47.7748939153727,2021-09-10,47.72332150494885,34575,46.30370339266222,0.7355952613552411,1.4711905227104793,-1783.1160904046665,-2773.6713298519517,-0.035054882170418,trailing_stop,59,-0.035054882170418,495.54508713720327,495.01015231008193
GLPI,2021-09-03,37.278198762204205,2021-09-10,36.31554564829057,46784,36.09232794120057,0.5929354105018162,1.1858708210036326,-45036.763281335356,-46069.666202885535,-0.8117689522868217,stop_loss,7,-0.8117689522868217,523.2069752672885,509.6959462828878
PAYX,2021-06-28,91.28559723753685,2021-09-13,96.03486974480788,17803,88.51382627838476,1.3858854795760478,2.771770959152093,84551.29844694615,83550.83856484015,1.7134433462438292,trailing_stop,77,1.7134433462438292,487.54724628596057,512.9126358200444
DOV,2021-07-21,153.6738385138068,2021-09-15,156.98136995323736,5291,148.24218550642334,2.715826503691728,5.43165300738346,17500.148846027103,17007.045833627366,0.6089364388583925,trailing_stop,56,0.6089364388583925,243.92648387296555,249.17652852677367
XLC,2021-09-01,81.75393475564294,2021-09-15,79.6497660606946,10600,80.04227380166967,0.8558304769866385,1.7116609539732792,-22304.188166452426,-22817.451935048382,-1.2293139538317646,stop_loss,14,-1.2293139538317646,259.97751252294455,253.28625607300884
ELS,2021-06-03,63.67126166432231,2021-09-20,70.53240109790471,25801,61.71307361337501,0.9790940254736504,1.9581880509472995,177024.25852585954,175985.48191498106,3.5038204988858115,trailing_stop,109,3.5038204988858115,492.834666660354,545.9419442181119
CBOE,2021-06-22,111.89731900594616,2021-09-21,116.07551707508794,14422,106.80773848008478,2.544790262930688,5.089580525861379,60257.972553162836,59271.62528057463,0.8209317148852169,trailing_stop,91,0.8209317148852169,484.1349404111267,502.21233217707555
SCI,2021-07-21,53.068880151463574,2021-09-22,56.65218126071474,30644,51.23499347285042,0.9169433393065768,1.8338866786131547,109806.67919189276,108797.99153011832,1.953938130986903,trailing_stop,63,1.953938130986903,487.8728290084349,520.8148327660028
XLV,2021-07-08,118.47296488965213,2021-09-28,120.03643947263417,13908,116.22807654421514,1.122444172718495,2.2448883454369906,21744.804500114198,20749.647861352994,0.6964598422723303,trailing_stop,82,0.6964598422723303,494.31659870558457,500.84004005561883
ZBRA,2020-11-04,320.74043344116205,2021-09-29,532.9665,4916,302.3330656458684,9.203683897646838,18.40736779529368,1043303.3432032473,1042044.2962178083,11.529408708457437,trailing_stop,329,11.529408708457437,473.0279912390258,786.0189942
DHR,2021-06-23,231.18491923551215,2021-09-29,264.9587048930218,6989,222.50004241409817,4.342438410706985,8.68487682141398,236044.98796033472,235004.72362362442,3.8888042227881514,trailing_stop,98,3.8888042227881514,484.7254201610983,555.5389165491987
ACN,2021-07-02,278.9735828732354,2021-09-29,303.67883652260224,2924,271.2399116227083,3.866835625263549,7.733671250527095,72238.16167074868,71727.05896845466,3.194505280746585,trailing_stop,89,3.194505280746585,244.71562689640206,266.3870753976267
KEYS,2021-07-13,157.87772122192382,2021-09-29,168.40143731689454,10462,152.9346020023758,2.4715596097739976,4.943119219548009,110099.1177855837,109075.05801859377,2.1289626301857623,trailing_stop,78,2.1289626301857623,495.51501582713007,528.5447511628053
EWJ,2021-09-08,64.98674228167951,2021-09-29,63.42099192671258,26526,63.677334048987895,0.6547041163458087,1.3094082326916165,-41533.09391585278,-42554.93698313633,-1.195769444452306,stop_loss,21,-1.195769444452306,517.1514977291491,504.69156955439337
ENTG,2021-09-15,126.11448807876953,2021-09-29,121.9982546501377,13574,120.01444598898067,3.0500210448944314,6.100042089788857,-55873.75256024846,-56884.11727118912,-0.6747877093376426,trailing_stop,14,-0.6747877093376426,513.5634183543652,496.80129258629074
WMG,2021-09-10,36.313023399882795,2021-09-30,37.43828875046176,47343,34.26597984464125,1.023521777620771,2.047043555241544,53273.43749245988,52225.95498111975,0.5497026908380493,trailing_stop,20,0.5497026908380493,515.7502400461954,531.7322712939333
MRSH,2021-07-23,136.04878125184482,2021-10-01,141.38474182631518,12058,132.33926434883142,1.854758451506698,3.7095169030133945,64341.01260696364,63337.4245805807,1.4384516135067995,trailing_stop,70,1.4384516135067995,492.14286130042336,511.4451650825125
DRI,2021-09-24,137.00554098957716,2021-10-01,130.3839481591853,12524,130.09136910945955,3.457085940058808,6.914171880117607,-82928.8286078275,-83933.46439645723,-0.9576841515081366,stop_loss,7,-0.9576841515081366,514.7572186060394,489.878570023691
AVGO,2021-09-16,46.11139852813337,2021-10-04,44.49658503413685,37288,44.49732455542119,0.8070369863560934,1.614073972712184,-60213.165564142306,-61226.74271146329,-1.000458170627146,stop_loss,18,-1.000458170627146,515.8205484951111,497.7565988258685
INTU,2021-05-27,422.3632673556211,2021-10-05,511.8390149194837,3847,403.04822386802766,9.657521743796718,19.315043487593414,344213.2008781795,343135.03802420583,4.632438317901555,trailing_stop,131,4.632438317901555,487.4494468551223,590.7134071185761
SPGI,2021-06-18,382.62200926615986,2021-10-05,402.7714255067648,4244,370.59233345805455,6.01483790405266,12.02967580810531,85514.12252512728,84514.1596039744,1.674975831603768,trailing_stop,109,1.674975831603768,487.1543421976747,512.808578955213
MSI,2021-06-23,201.9162827876414,2021-10-05,220.0758515667625,8002,195.2060800754829,3.355101356079249,6.710202712158491,145312.86937052716,144299.83505279597,2.7062623229275995,trailing_stop,104,2.7062623229275995,484.720228460012,528.3140892711701
PWR,2021-09-03,113.66934075187594,2021-10-07,111.24962621720447,15343,107.9876079263415,2.8408664127672196,5.681732825534439,-37125.68010546437,-38160.95961852635,-0.42587615591443545,stop_loss,34,-0.42587615591443545,523.2086085468097,512.0709045151705
INDA,2021-10-18,46.949348840720276,2021-10-25,46.045932025716496,35407,46.04889602439906,0.4502264081606054,0.9004528163212129,-31987.27916883884,-32975.08434173022,-1.003291675731191,stop_loss,7,-1.003291675731191,498.7006783210149,489.1044945703632
AXP,2021-10-25,176.8146474234844,2021-10-27,170.19601491952142,9504,168.42559955094896,4.194523936267712,8.389047872535428,-62903.483317664075,-63892.880118136454,-0.7889611079263774,stop_loss,2,-0.7889611079263774,504.1339227338387,485.2628777385395
LAMR,2021-09-23,93.72541105077497,2021-10-28,88.96097132773082,18135,89.64595205366821,2.0397294985533763,4.079458997106755,-86403.11437740563,-87397.01964073587,-1.1679096974435084,stop_loss,35,-1.1679096974435084,509.91309882174113,483.9921645085195
WMB,2021-10-12,23.09936870523865,2021-10-28,22.738189009933286,35696,22.155233345776963,0.47206767973084407,0.9441353594616864,-12892.670403620254,-13383.535641680486,-0.38255075576376646,trailing_stop,16,-0.38255075576376646,247.36651959065966,243.49871846957362
VVV,2021-10-13,34.69178474811467,2021-10-28,33.07410959187567,47632,33.18759157675603,0.7520965856793229,1.5041931713586436,-77053.10304197617,-78021.4505657369,-1.0754437575180968,stop_loss,15,-1.0754437575180968,495.7317273366594,472.61579642406656
PNFP,2021-10-14,97.32233446388108,2021-10-28,90.47631492034716,16982,92.23179000226567,2.5452722308077034,5.0905444616154085,-116259.10388829291,-117215.86288744581,-1.3448501619336473,stop_loss,14,-1.3448501619336473,495.81836515968854,460.94063399320066
JHG,2021-10-08,36.827099422482114,2021-10-29,36.02492597284625,44880,34.975419204128315,0.9258401091768981,1.851680218353799,-36001.54441965767,-36982.42408958037,-0.4332138139646073,stop_loss,21,-0.4332138139646073,495.84006662429914,485.03960329840186
SLAB,2021-10-28,188.6384469451904,2021-10-29,185.77404670715333,8770,178.8241263653875,4.907160289901445,9.814320579802882,-25120.79008758505,-26105.869358384367,-0.29185924942494534,stop_loss,1,-0.29185924942494534,496.3077539127959,488.7715168865204
CW,2021-10-11,130.94043394852912,2021-11-01,125.94884594159063,12626,125.30789427574088,2.816269836394122,5.632539672788241,-63023.79017560532,-63996.835389973116,-0.886205565680025,stop_loss,21,-0.886205565680025,495.9761757102385,477.06903865755703
MRSH,2021-10-18,150.8936353104566,2021-11-02,152.25190474435593,11016,146.23243398336015,2.3306006635482204,4.66120132709645,14962.696083834948,13960.860703061804,0.2913990060895772,trailing_stop,15,0.2913990060895772,498.67328597399694,503.16209479914744
EQR,2021-10-28,73.06573705884085,2021-11-02,71.39884867117767,22643,70.55252634628418,1.2566053562783337,2.5132107125566705,-37743.35376185735,-38724.687246262794,-0.6632505501170115,stop_loss,5,-0.6632505501170115,496.32824526700006,485.00523913844285
TXNM,2021-08-25,42.6721122660849,2021-11-03,41.78018501438905,40523,42.10545751399977,0.28332737604256775,0.5666547520851353,-36143.5680204711,-37170.246153280095,-1.5740223626711056,stop_loss,70,-1.5740223626711056,518.7606016075675,507.91753120142624
BR,2021-10-15,164.48664617374,2021-11-04,156.38033036127572,10096,159.3337430153785,2.57645157918075,5.152903158361511,-81841.36444263946,-82813.20634116871,-1.5731550862372283,stop_loss,20,-1.5731550862372283,498.19715393102376,473.6447445982319
HR,2021-10-13,18.39384294619324,2021-11-05,18.454736526365682,89838,17.61452451883062,0.38965921368130896,0.7793184273626181,5470.55745553198,4477.436650735255,0.07813696947795849,trailing_stop,23,0.07813696947795849,495.73981878003246,497.380986016692
SCI,2021-10-29,63.71819938478444,2021-11-09,61.17581305500199,26203,61.468057885146806,1.1250707498188173,2.2501414996376354,-66618.14899928961,-67599.92834167753,-1.12987842328666,stop_loss,11,-1.12987842328666,500.882393543852,480.89694884406515
CVS,2021-11-04,82.63001770279185,2021-11-10,79.90393807139594,20240,79.68822806767353,1.4708948175591532,2.9417896351183117,-55175.851739453115,-56162.75791891398,-0.9266738854650525,stop_loss,6,-0.9266738854650525,501.72946749135207,485.17671196951613
AMG,2021-11-02,188.03467430414278,2021-11-18,177.749779779792,8867,177.2937921988225,5.370441052660141,10.740882105320281,-91196.15974741845,-92169.18297372713,-0.957546542593217,stop_loss,16,-0.957546542593217,500.1910371164503,472.8321891922247
JHG,2021-11-02,38.60355744030285,2021-11-18,37.35180587464429,21596,36.71722138329116,0.9431680285058455,1.8863360570116896,-27032.826811962233,-27524.926419807114,-0.6635888451613273,trailing_stop,16,-0.6635888451613273,250.1047279442341,241.99487990064546
BAC,2021-10-15,40.743764159386956,2021-11-22,41.506353004180056,20379,38.915334723857285,0.914214717764834,1.8284294355296709,15540.798068038594,15037.945526735693,0.41707316124682103,trailing_stop,38,0.41707316124682103,249.09515094124404,253.7573903616556
MEDP,2021-10-27,215.0448318328857,2021-11-24,210.40937512207032,7801,202.816348350948,6.114241740968853,12.228483481937701,-36161.197801070855,-37156.888281607535,-0.37907044791468003,trailing_stop,28,-0.37907044791468003,503.26941993850244,492.4210605981812
CNH,2021-11-18,14.538068125764722,2021-11-24,13.456071914273812,115762,13.91033282266361,0.31386765155055546,0.6277353031011117,-125254.04543461076,-126226.24272640525,-1.7236504082941932,stop_loss,6,-1.7236504082941932,504.8867527124328,467.31053908204956
INTU,2021-11-22,671.6311720316825,2021-11-24,640.7831135221782,2498,638.8981456720898,16.366513179796357,32.733026359592714,-77058.45015674178,-78041.97342233584,-0.9424138840881728,stop_loss,2,-0.9424138840881728,503.3204003205429,480.20286527352033
FITB,2021-09-28,36.78404097739601,2021-11-29,36.250975567412716,23081,34.96418338740084,0.9099287949975876,1.8198575899951734,-12303.68272782441,-12809.39909288563,-0.2929160022816444,stop_loss,62,-0.2929160022816444,254.7037349397832,251.01263012143588
WH,2021-10-04,74.2251098844017,2021-11-29,76.42728558837001,11150,70.78353278479449,1.7207885498036055,3.4415770996072155,24554.259099246636,24050.326836390213,0.6398739996903282,trailing_stop,56,0.6398739996903282,248.2829925633237,255.64927029309766
ICE,2021-10-07,116.7518339971929,2021-11-29,123.13101235121638,14097,112.89287943618396,1.9294772805044744,3.858954561008943,89927.277256669,88912.78871117694,1.6530845992536414,trailing_stop,53,1.6530845992536414,493.7551811575285,520.7333643345291
SCHW,2021-10-18,75.82349027534015,2021-11-29,75.54045099353105,10962,71.7365492785619,2.0434704983891256,4.086940996778253,-3102.6766071913066,-3600.4520644481163,-0.06925455543209856,trailing_stop,42,-0.06925455543209856,249.35313011948358,248.42232713732622
STT,2021-10-19,82.38426980456923,2021-11-29,81.98676855201013,10096,78.21404749084522,2.085111156862009,4.170222313724011,-4013.1726458366284,-4511.019646811036,-0.09531895967534802,trailing_stop,41,-0.09531895967534802,249.52547638407927,248.3215245903283
MSFT,2021-10-28,312.16623162207486,2021-11-29,322.32273295349603,5299,302.0036793275848,5.08127614724504,10.16255229449007,53819.30055520077,52810.65344821498,0.9994045823437305,trailing_stop,32,0.9994045823437305,496.2506584096124,512.3964485761726
ORI,2021-10-29,18.929608130977158,2021-11-29,18.456159175077413,44101,18.144332938795856,0.3926375960906515,0.7852751921813024,-20879.572404134637,-21374.19732132393,-0.6029083315170306,stop_loss,31,-0.6029083315170306,250.44439445526712,244.1805227340267
SMH,2021-11-05,144.07312942942016,2021-11-29,147.580080558422,11555,139.275969133155,2.398580148132575,4.797160296265162,40522.82029561619,39511.80444319334,0.7310473097453462,trailing_stop,24,0.7310473097453462,499.429503167085,511.5863492557699
WRB,2021-11-24,33.68289761959074,2021-11-29,32.400675426916585,49652,32.453416593275364,0.614740513157687,1.2294810263153764,-63664.89631065713,-64649.25078132869,-1.042897096604116,stop_loss,5,-1.042897096604116,501.7269697823758,482.62750088917863
PFG,2021-11-24,61.89038291139297,2021-11-29,60.788178090191,13511,59.401194482676715,1.2445942143581263,2.489188428716254,-14891.889339259757,-15389.142350567477,-0.4427968604089985,stop_loss,5,-0.4427968604089985,250.86028905474916,246.39272225297123
OKE,2021-09-24,44.14708675208635,2021-12-01,48.13273904450194,19433,41.822842539710564,1.1621221061878935,2.3242442123757883,77453.18099851209,76915.19884210057,1.714816485803592,trailing_stop,68,1.714816485803592,257.37310105598823,280.60905535554184
WMS,2021-11-09,128.83524296668895,2021-12-01,123.2212331584815,12973,121.28531405659731,3.774964455045816,7.549928910091637,-72830.54924187533,-73811.52784130689,-0.7435844595441782,stop_loss,22,-0.7435844595441782,501.4138821020568,479.5647173294941
JBHT,2021-10-18,183.09512714554177,2021-12-02,177.870540174475,9079,174.26005304604016,4.417537049750804,8.835074099501611,-47434.02511031521,-48417.18729839474,-0.5913461406465726,trailing_stop,45,-0.5913461406465726,498.69619780631217,484.4659902732176
ANET,2021-11-03,30.720064298629758,2021-12-02,30.32464454269409,54308,28.97756264586015,0.8712508263848047,1.742501652769608,-21474.456105354177,-22469.02091968056,-0.22692647396182902,trailing_stop,29,-0.22692647396182902,500.5035755789954,494.06123874738927
MSI,2021-11-26,244.85267075705156,2021-12-02,233.0816522796856,6817,235.94113009910808,4.455770328971743,8.911540657943476,-80243.03296020362,-81220.45644424605,-1.3208735648727152,stop_loss,6,-1.3208735648727152,500.7481969652461,476.67528707718503
TLT,2021-12-02,130.30740667112804,2021-12-09,126.99423946355799,12401,126.95815727410707,1.674624698510484,3.3492493970209694,-41086.58654107615,-42043.82585519102,-0.9892267833255366,stop_loss,7,-0.9892267833255366,484.78264503859765,472.4566690762748
TOL,2021-12-03,65.82131204345602,2021-12-20,64.35697388080386,24790,62.42348100514929,1.6989155191533627,3.3978310383067267,-36300.94305214691,-37269.078964565626,-0.4309626188422518,trailing_stop,17,-0.4309626188422518,489.5130976671824,478.6228147515383
ORCL,2021-12-13,96.5266302787215,2021-12-20,90.67261119196642,17399,91.40622043213605,2.560204923292722,5.120409846585446,-101854.07809045153,-102831.20197115609,-1.1432715860936085,stop_loss,7,-1.1432715860936085,503.8400520658426,473.2838286387072
AOS,2021-11-02,69.00996348198551,2021-12-21,73.49294337225834,12081,65.60475697720658,1.702603252389465,3.4052065047789313,54158.880054386056,53642.406769074216,1.316507496382769,trailing_stop,49,1.316507496382769,250.11281064776009,266.36047466407587
FAST,2021-12-07,28.09566480424278,2021-12-21,27.5965161847667,58344,27.11957146180739,0.488046671217696,0.9760933424353908,-29122.32705471247,-30097.118436999303,-0.511373859215847,stop_loss,14,-0.511373859215847,491.76404020162227,483.02734208520855
EIX,2021-11-10,52.34092453707021,2022-01-06,53.126886771246475,31969,50.63005326450398,0.8554356362831138,1.71087127256623,25126.42666438109,24114.91652646642,0.4593929694063769,trailing_stop,57,0.4593929694063769,501.9861049576793,509.5240329569936
KEYS,2021-11-26,197.86766816711423,2022-01-06,192.00779695129395,4218,190.08628865218293,3.890689757465654,7.781379514931302,-24716.93678832993,-25210.285201890765,-0.753063284546919,trailing_stop,41,-0.753063284546919,250.38174729866637,242.96666626216737
IRM,2021-12-20,42.94434894529736,2022-01-06,41.27874807720169,38895,40.844400204751,1.0499743702731792,2.0999487405463597,-64783.54576458093,-65766.30297218796,-0.7931626310375147,trailing_stop,17,-0.7931626310375147,501.09613566820224,481.6610719388279
PAYX,2021-12-23,116.67530912107036,2022-01-07,113.6267116522645,14500,112.18831460088293,2.243497260093711,4.486994520187423,-44204.663297684856,-45206.477088048865,-0.6794297285387616,trailing_stop,15,-0.6794297285387616,507.537594676656,494.27619568735054
FDS,2021-09-30,379.64674106921706,2022-01-10,416.05984670131977,4366,365.9921201608456,6.8273104541857155,13.654620908371442,158979.61918976044,157937.4027010986,2.6667240252549513,trailing_stop,102,2.6667240252549513,497.2613014524605,544.9551872093887
NVR,2021-12-02,5434.909460449218,2022-01-10,5413.33125,297,5207.66680625882,113.62132709519929,227.24265419039875,-6408.728503417807,-7375.3067507188325,-0.09495669079423165,trailing_stop,39,-0.09495669079423165,484.2504329260253,482.32781437500006
MAA,2021-12-08,181.8378047894397,2022-01-10,180.91881467047986,9095,174.15711716442686,3.8403438125064246,7.680687625012837,-8358.215131939747,-9347.99656813614,-0.11964945898425393,trailing_stop,33,-0.11964945898425393,496.1444503679862,493.6369858284043
EGP,2021-10-29,174.55421606261754,2022-01-13,182.64952832367658,4782,168.54868712620606,3.0027644682057386,6.00552893641148,38711.78323238431,38199.33874068774,1.3479765640586983,trailing_stop,76,1.3479765640586983,250.4154783634311,262.0290133331464
MO,2022-01-11,36.07370771985831,2022-01-13,35.47251954966149,46254,34.92028592856271,0.5767108956477983,1.1534217912955995,-27807.357624283744,-28800.147383121053,-0.5212214427833259,stop_loss,2,-0.5212214427833259,500.56598306229796,492.22377577501277
EXR,2021-11-01,165.0536471057971,2022-01-14,172.77479379737878,10118,158.85261513992694,3.100515982935074,6.201031965870158,78122.56222542343,77097.11777590594,1.2451389920384346,trailing_stop,74,1.2451389920384346,501.0038404249365,524.4406090925635
CHH,2021-09-30,125.05418093036451,2022-01-20,135.1520733392248,13255,120.60910751333029,2.222536708517111,4.445073417034223,133847.56387944333,132812.8537093403,2.2717043030523603,trailing_stop,112,2.2717043030523603,497.27795046959443,537.4322196334274
ASH,2021-10-15,87.89930806210674,2022-01-20,89.85700666610325,18892,84.45413320017104,1.7225874309678482,3.4451748619356977,36984.84202670197,35977.39033734837,0.568243610977864,trailing_stop,97,0.568243610977864,498.1781183727961,509.2735709808068
CIEN,2021-12-08,62.902840152740474,2022-01-20,68.29164060974121,26292,59.84514145741099,1.5288493476647427,3.057698695329485,141682.3416154633,140647.53202900113,1.7623713105650063,trailing_stop,43,1.7623713105650063,496.15244198875575,538.6571444733947
LITE,2021-12-10,96.9568606109619,2022-01-20,100.51938274383545,17115,91.37117559948348,2.792842505739208,5.585685011478418,60972.566304130865,59958.62453262566,0.6377950288196838,trailing_stop,41,0.6377950288196838,497.82500080698395,516.116770698223
PNC,2022-01-07,186.34769162690364,2022-01-20,176.3903231739344,4519,177.8434601694582,4.252115728722711,8.504231457445428,-44997.34803896797,-45489.11196563346,-1.1708722302297627,stop_loss,13,-1.1708722302297627,252.6315655385933,239.13236112690288
NTRS,2022-01-10,113.4065336381628,2022-01-20,109.28828891110561,7374,108.35788098880415,2.5243263246793233,5.048652649358644,-30367.93661731971,-30860.582103763198,-0.8157116389419957,trailing_stop,10,-0.8157116389419957,250.87793371434375,241.7675527291478
BRX,2022-01-13,21.986282459632942,2022-01-20,20.691321793731344,38118,20.992460850644946,0.4969108044939987,0.9938216089879965,-49361.31066283713,-49849.34613851605,-1.3030111784551055,stop_loss,7,-1.3030111784551055,251.42193443888658,236.6135412400354
FAF,2022-01-13,68.91662402577828,2022-01-20,65.97561876908061,24321,66.23826031267349,1.3391818565523939,2.678363713104787,-71528.1888481439,-72512.40311924802,-1.0980604472453896,stop_loss,7,-1.0980604472453896,502.836363879286,481.37790722484283
UDR,2021-12-08,48.96866572507879,2022-01-21,47.6065121407814,16886,46.67522199678378,1.1467218641475054,2.29344372829501,-23001.325424445822,-23490.555960478694,-0.5939337283457339,trailing_stop,44,-0.5939337283457339,248.06546683010413,241.16506920277038
JBL,2021-12-22,66.16779827433078,2022-01-21,64.00525552726765,25336,62.089472417716294,2.0391629283072437,4.078325856614484,-54790.18303959141,-55779.6023869266,-0.5302525651685681,trailing_stop,30,-0.5302525651685681,502.92820112353337,486.491146211656
KRE,2022-01-07,68.05614921599266,2022-01-21,64.50865298028727,24752,64.99544010588313,1.5303545550547668,3.060709110109528,-87807.62682617994,-88792.00002136864,-1.1590439039071072,stop_loss,14,-1.1590439039071072,505.3577416182751,479.01545357042113
TFC,2022-01-10,52.655494149969066,2022-01-21,50.33707196093929,15882,50.204964251144375,1.2252649494123435,2.4505298988246906,-36821.181206170884,-37311.89958666292,-0.9460901457034756,trailing_stop,11,-0.9460901457034756,250.8823674269426,239.83601306509132
BRK-B,2022-01-06,313.2929909973144,2022-01-24,299.4003121948242,5393,304.8353372156438,4.228826890835293,8.457653781670615,-74923.21678182963,-75914.49327706419,-1.6426161629597962,stop_loss,18,-1.6426161629597962,506.876730134555,484.3997651000061
PNFP,2022-01-07,100.53105178101352,2022-01-24,94.12106707148958,8378,94.89682364032825,2.817114070342636,5.634228140685266,-53702.85189639157,-54192.09053191545,-1.1376863963382784,trailing_stop,17,-1.1376863963382784,252.67474554639938,236.56388997748186
AZO,2021-09-23,1694.0824046630858,2022-01-27,1902.7852514648437,1003,1631.346552518721,31.367926072182392,62.7358521443648,209328.9553421632,208246.6578644343,3.3266918303986803,trailing_stop,126,3.3266918303986803,509.74939556312245,572.5480821657716
CHD,2021-12-09,90.35522922201234,2022-01-27,94.10315481139577,18339,87.16989962151807,1.5926648002471386,3.1853296004942706,68733.20738370268,67718.37269226609,1.1766209653160724,trailing_stop,49,1.1766209653160724,497.10736461074526,517.727326825856
PGR,2022-01-10,99.92440827986269,2022-01-27,98.34274839949084,16738,96.29441925470842,1.8149945125771336,3.6299890251542735,-26473.82307766394,-27469.401778213643,-0.43572029265422496,stop_loss,17,-0.43572029265422496,501.7604237365025,493.8182768132034
KDP,2022-01-14,34.33538111204678,2022-01-27,33.365960131226934,48717,33.2657729385584,0.5348040867441904,1.0696081734883833,-47227.28192260053,-48216.743795005095,-0.9063328093859003,stop_loss,13,-0.9063328093859003,501.81502849067493,487.6468439138948
MDLZ,2022-01-06,60.397810562629594,2022-01-31,59.126015293855254,13988,58.63530597748046,0.8812522925745656,1.7625045851491308,-17789.872219615478,-18291.44200243963,-0.7215840908957012,stop_loss,25,-0.7215840908957012,253.45337224501884,248.11641057913414
SO,2022-02-01,58.816929041206116,2022-02-11,56.1557523177687,13581,56.773730177293906,1.0215994319561057,2.0431988639122096,-36141.44108100352,-36609.87427666439,-1.3024560508720786,stop_loss,10,-1.3024560508720786,239.63781399258608,228.795381668285
UPS,2022-02-02,186.08439309814287,2022-02-14,172.05690743770245,8588,175.78983795287115,5.147277572635855,10.294555145271715,-120468.04685186232,-121390.76209856287,-1.3626121248068923,stop_loss,12,-1.3626121248068923,479.4278303780553,443.28741632249654
OGE,2021-12-07,29.525920908801545,2022-02-15,30.43203507181847,55518,28.509135835671763,0.5083925365648901,1.0167850731297818,50305.64610237354,49307.022362333926,0.8911560436541414,trailing_stop,70,0.8911560436541414,491.76602310445327,506.85771693516534
ED,2022-02-01,74.40284762280768,2022-02-15,71.38204550961694,10736,71.66384106408555,1.3695032793610689,2.7390065587221386,-32431.331487215786,-32900.8754710167,-1.1028823949220738,stop_loss,14,-1.1028823949220738,239.636691623539,229.90729217737425
CME,2022-02-03,198.40832133253897,2022-02-15,199.71026630957766,8109,190.1411305697093,4.133595381414831,8.26719076282967,10557.471818806713,9588.968730649736,0.15748335975170616,trailing_stop,12,0.15748335975170616,482.66792330566756,485.83516485130957
TSN,2022-02-08,86.49088109421609,2022-02-15,81.89059516017574,18561,82.55805910314726,1.966410995534418,3.9328219910688347,-85385.90722172307,-86323.5057959504,-1.169716286291952,stop_loss,7,-1.169716286291952,481.60717319692344,455.99140103040656
SF,2022-02-09,50.32210976959409,2022-02-15,47.828906797553365,16059,47.222746958626004,1.5496814054840429,3.0993628109680884,-40038.34652800204,-40511.208680517586,-0.8044243685243075,stop_loss,6,-0.8044243685243075,242.43682823697347,230.42532427857284
NI,2022-01-31,25.079769228370335,2022-02-16,24.579594244137507,31903,24.174563925153144,0.45260265160859525,0.9052053032171905,-15957.082521979912,-16432.36732383894,-0.5525541912482792,trailing_stop,16,-0.5525541912482792,240.03596330780965,235.2488385512157
GEN,2022-02-09,27.36707561495564,2022-02-18,25.516862097595826,59059,25.98675650831347,0.6901595533210854,1.380319106642169,-109271.76012175313,-110208.74186496281,-1.3404244775403644,stop_loss,9,-1.3404244775403644,484.88163562309944,452.10010758657353
PRU,2022-02-07,95.31558115763848,2022-02-23,92.09191605563714,8423,90.24921117453665,2.5331849915509115,5.066369983101822,-27152.931154157235,-27626.49115886546,-0.6362869495819342,stop_loss,16,-0.6362869495819342,240.85294202723665,232.7070626809895
EXC,2022-02-03,35.939535915206825,2022-02-24,35.00883613247384,44770,34.42067683953509,0.7594295378358658,1.5188590756717346,-41667.42927295581,-42620.3368579282,-0.6127624330923347,trailing_stop,21,-0.6127624330923347,482.70390687714286,470.2036780952562
PG,2021-12-06,134.03009486389155,2022-02-25,136.40076883883947,12150,130.33905669080033,1.8455190865456015,3.691038173091215,28803.688795617225,27817.96829742077,0.6422783682463243,trailing_stop,81,0.6422783682463243,488.5396957788847,497.1808024175699
CVS,2021-12-10,83.8486972838864,2022-02-25,87.31445792615973,19790,80.40505289236519,1.7218221957606032,3.443644391521204,68587.40311058937,67571.20745810732,1.0064223387311966,trailing_stop,77,1.0064223387311966,497.8097157744335,518.3859367076103
CNXC,2022-02-01,184.40031109777507,2022-02-25,176.3955287641007,8663,170.65726629356348,6.871522402105791,13.743044804211593,-69345.42935662107,-70283.1016648381,-0.5824606153667842,stop_loss,24,-0.5824606153667842,479.23796851200757,458.43433970502133
CB,2022-02-03,194.97680798395285,2022-02-25,188.54964098499448,8252,185.76050114684597,4.6081534185534485,9.216306837106885,-53036.98207540447,-53986.440152472,-0.6973690343165635,stop_loss,22,-0.6973690343165635,482.6845858450737,466.7734912224524
WRB,2022-02-03,35.89309189074186,2022-02-25,35.663741419951705,22414,34.200119438088315,0.8464862263267714,1.6929724526535423,-5140.661452290465,-5621.82391083823,-0.13547206301595224,trailing_stop,22,-0.13547206301595224,241.3523284917264,239.81013005603924
HSY,2022-02-04,182.06158401749192,2022-02-25,177.89407361299456,8840,175.58521747352484,3.2381832719835417,6.476366543967089,-36840.79197575669,-37795.39437979274,-0.643495141327279,stop_loss,21,-0.643495141327279,482.8273208143886,471.7750832216616
CINF,2022-02-17,114.4609667580795,2022-02-25,108.17708268751466,6940,108.81761952141436,2.821673618332569,5.643347236665136,-43610.155449719976,-44073.68786866571,-1.1135029986703813,stop_loss,8,-1.1135029986703813,238.30773279032152,225.22468615540555
EG,2022-02-17,277.65299328379575,2022-02-25,268.8375757955856,2861,264.7649450522811,6.444024115757325,12.888048231514631,-25220.909433769182,-25689.962289210016,-0.6839994178989912,stop_loss,8,-0.6839994178989912,238.30956413548188,230.7432913053511
BDX,2022-02-04,189.16664473849028,2022-03-11,182.99012675777897,8508,181.02761513595044,4.069514801269913,8.139029602539836,-52549.814979891824,-53499.707923458904,-0.7588764609952873,trailing_stop,35,-0.7588764609952873,482.82894403052256,467.063999536555
CXT,2022-03-21,36.10078985907356,2022-04-06,34.09445686763279,44287,34.064070032245944,1.0183599134138075,2.036719826827614,-88854.46919193714,-89787.09025947284,-0.9850805029800392,trailing_stop,16,-0.9850805029800392,479.6387041466372,452.9823633890561
WLK,2022-02-17,100.75524504372649,2022-04-08,105.69445048627765,15768,94.31718999663485,3.219027523545816,6.438055047091638,77881.39141814662,76904.8017784115,0.7671890666393758,trailing_stop,50,0.7671890666393758,476.61261115484376,499.9770285802878
KRC,2022-03-21,58.45495300423695,2022-04-08,57.1709618071879,27351,55.48571741860045,1.48461779281825,2.969235585636497,-35118.443230488505,-36067.18854929069,-0.4324315669865604,trailing_stop,18,-0.4324315669865604,479.6404258856654,469.10489291651885
AVB,2022-03-30,221.72437385673706,2022-04-12,212.93061095114237,7305,212.3707593551936,4.676807250771726,9.353614501543461,-64238.43802536921,-65190.984424575676,-0.9401459621992772,stop_loss,13,-0.9401459621992772,485.9089653070392,466.6374338994285
LLY,2022-03-21,277.7101378282994,2022-04-21,282.12507541111256,5757,265.1816825483069,6.264227639996246,12.5284552799925,25416.795664255238,24449.90426746945,0.3523928117350299,trailing_stop,31,0.3523928117350299,479.63317904325595,487.2582177425325
HSIC,2022-02-17,83.9438606109619,2022-04-25,87.06285152435302,18926,79.47611929941893,2.233870655771488,4.46774131154298,59030.022026840255,58059.080116678364,0.6981135871346903,trailing_stop,67,0.6981135871346903,476.6164517769195,494.3254583849716
TDY,2022-04-05,484.5841061096191,2022-04-26,466.36315658569333,3340,463.50136830157277,10.541368904023164,21.082737808046318,-60857.97140991202,-61810.820567132716,-0.8642591721162348,stop_loss,21,-0.8642591721162348,485.5532743218383,467.2958828988647
CMS,2022-04-07,63.950786300902934,2022-04-26,61.43489387140898,12706,61.69139816030301,1.1296940702999607,2.259388140599924,-31966.92920915016,-32444.874344830976,-1.1135282089362122,stop_loss,19,-1.1135282089362122,243.7676072217818,234.17752845903672
FCN,2022-04-07,162.36219694519042,2022-04-27,158.41143731689453,10009,155.265275338484,3.548460803353211,7.096921606706417,-39543.153119613504,-40506.34011121227,-0.5566863842151664,trailing_stop,20,-0.5566863842151664,487.52496876732323,475.66202283143923
CNP,2022-04-08,28.89185799264063,2022-04-28,28.1522994704052,28115,27.841302439284636,0.525277776677997,1.050555553355995,-20792.68785264913,-21273.82679877119,-0.7039689808624725,stop_loss,20,-0.7039689808624725,243.68837623892742,237.4505698831327
AIZ,2022-03-21,165.2752025830133,2022-05-02,169.61944808675096,9673,158.0543417708213,3.6104304060960053,7.220860812192001,42021.88675765432,41050.055970875736,0.6016243238482937,trailing_stop,42,0.6016243238482937,479.6121103756463,492.21867640294266
ETR,2022-04-04,51.42292799312284,2022-05-02,51.380366719332606,31767,49.46497910676297,0.9789744431799358,1.9579488863598726,-1352.043984494367,-2331.7696634335384,-0.021737683801011806,trailing_stop,28,-0.021737683801011806,490.06564606725993,489.66003287191165
THG,2022-04-04,139.03661160918142,2022-05-02,133.23917338754683,11749,133.32845816219663,2.854076723492401,5.708153446984795,-68114.10166598484,-69073.7921253628,-1.0156416213192307,stop_loss,28,-1.0156416213192307,490.0623449388817,469.62811443908635
COR,2022-02-02,128.65480332364567,2022-05-03,143.25827082700684,12422,123.03787651561719,2.8084634040142378,5.616926808028481,181404.2733267525,180390.96206462267,2.5999034707890263,trailing_stop,90,2.5999034707890263,479.4449900658979,533.8662720639236
VST,2022-04-11,22.931680800435334,2022-05-03,23.11919678955755,71317,21.89458555438799,0.5185476230236716,1.0370952460473433,13373.077796228985,12387.81466510333,0.18080884068930983,trailing_stop,22,0.18080884068930983,490.62560389339404,494.6375272322627
ADM,2022-01-31,66.24654947959509,2022-05-10,75.27091511495028,24156,63.41227305997361,1.4171382098107392,2.8342764196214816,217992.5762876401,216967.02752521634,3.184010413691549,trailing_stop,99,3.184010413691549,480.0754947687297,545.4732676550217
TRGP,2022-02-01,53.59967030000476,2022-05-10,62.56889975083471,29806,50.229214112768,1.6852280936183823,3.370456187236762,267336.85301143746,266298.09689175687,2.6611321888101123,trailing_stop,98,2.6611321888101123,479.27753188858253,559.4785877920139
BG,2022-02-02,88.60838071982484,2022-05-10,96.61524987091296,9018,84.23304899094104,2.1876658644418936,4.375331728883793,72205.9460045127,71704.84199431252,1.830002762586138,trailing_stop,97,1.830002762586138,239.72111319941413,261.38289700076797
CTVA,2022-02-07,48.03134214100572,2022-05-10,51.78819525246767,33430,45.48291676983675,1.2742126855844855,2.5484253711689746,125591.599516173,124590.50937565386,1.474186042080826,trailing_stop,92,1.474186042080826,481.7063303321464,519.3838101869984
NFG,2022-03-29,60.346233167621016,2022-05-10,59.54171677184992,26959,57.32389595723024,1.5111686051953863,3.0223372103907735,-21688.957513592963,-22658.575286318424,-0.26619015012791225,trailing_stop,42,-0.26619015012791225,488.0622299897686,481.5555427356906
NDAQ,2022-12-01,65.3267135058456,2022-12-08,61.80184344629211,23670,62.48795639575488,1.419378555045361,2.838757110090725,-83433.67430963117,-84336.4141925483,-1.241694841388117,stop_loss,7,-1.241694841388117,463.8849926050096,438.85489031212035
GL,2022-12-01,117.18536838346331,2022-12-13,115.12827232709617,13195,112.45978943768698,2.3627894728881658,4.725578945776334,-27143.382463764457,-28062.996010517207,-0.4353109068690411,stop_loss,12,-0.4353109068690411,463.87828074593955,455.7352660068102
WRB,2022-12-01,47.16774066796831,2022-12-13,46.030145217660106,16391,45.03462101715571,1.0665598254063018,2.1331196508126027,-18646.327026001774,-19104.608990267174,-0.5333012847520495,stop_loss,12,-0.5333012847520495,231.9379311866006,226.34403307880004
CB,2022-12-01,212.10864398056447,2022-12-16,202.29456300646152,7290,204.14205219088183,3.983295894841325,7.966591789682639,-71544.65030121051,-72450.95011489114,-1.2319045877075006,stop_loss,15,-1.2319045877075006,463.88160438549454,442.41820929513136
FDS,2022-12-01,445.9576773959561,2022-12-16,410.45348837655405,3467,425.22729804122935,10.3651896773634,20.73037935472678,-123093.023330267,-123983.77658378698,-1.7126647039050296,stop_loss,15,-1.7126647039050296,463.84058025953397,426.9126732604538
CTAS,2022-12-01,112.33646590015435,2022-12-16,106.37390908069465,6882,107.64044610484271,2.348009897655824,4.696019795311642,-41034.3160315217,-41485.86547170716,-1.2697043622798472,stop_loss,15,-1.2697043622798472,231.92986749745867,219.61957268800214
KEYS,2022-12-01,181.03085610961912,2022-12-16,174.3055157318115,4270,171.82225396380812,4.6043010729054945,9.208602145811,-28717.2034132385,-29172.389305567373,-0.7303323861012906,trailing_stop,15,-0.7303323861012906,231.9005266764221,223.28536565245054
APH,2022-12-14,39.75502891178287,2022-12-16,37.51526621687651,19418,38.03887986527085,0.8580745232560126,1.7161490465120224,-43491.71200969171,-43941.84238693421,-1.305109657846184,stop_loss,2,-1.305109657846184,231.58894542269996,218.54143181979242
ULTA,2022-12-01,470.94047122192376,2022-12-19,453.21634341430666,3283,447.492118913049,11.724176154437384,23.448352308874746,-58188.31159240692,-59098.51363914214,-0.7558794568652424,stop_loss,18,-0.7558794568652424,463.82927010647273,446.37277662875056
SBUX,2022-12-01,94.0865115844301,2022-12-20,90.09965935930445,16435,89.54229074353769,2.272110420446202,4.544220840892407,-65523.91631993998,-66432.04623577805,-0.8773456142907649,trailing_stop,19,-0.8773456142907649,463.8935453670326,444.2363704710506
GIS,2022-12-01,74.11511524728057,2022-12-21,72.79556268244161,20863,71.30993575233627,1.4025897474721503,2.805179494944298,-27529.825160235174,-28449.324402329512,-0.4703986205578477,trailing_stop,20,-0.4703986205578477,463.8790948212043,455.6201472731338
BMRN,2022-12-01,100.81070908355711,2022-12-29,101.76813274383545,15338,95.11511357827949,2.847797752638811,5.695595505277623,14684.964101349136,13752.817818564572,0.1680989563586765,trailing_stop,28,0.1680989563586765,463.87039677707963,468.2758860074844
REGN,2023-02-06,779.1296621591875,2023-02-09,744.3905420552338,1962,742.8342641949724,18.147698982107546,36.29539796421511,-68158.15364395721,-69054.89763615781,-0.9571218956795631,stop_loss,3,-0.9571218956795631,458.59571914689775,438.1482730537106
HYG,2023-02-03,62.925470070861586,2023-02-10,61.512594292914734,24373,61.91797662527699,0.5037467227922955,1.0074934455845934,-34436.021335898615,-35345.90001872011,-1.402367215527677,stop_loss,7,-1.402367215527677,460.1047446111328,449.7739382103633
CMI,2023-02-03,236.01226520571524,2023-02-13,228.6739172695942,6498,225.52654573709214,5.2428597343115575,10.485719468623103,-47684.58488891451,-48590.44413303188,-0.6998421003041244,stop_loss,10,-0.6998421003041244,460.0823097920213,445.77693432534693
BSX,2023-02-03,48.047999999999995,2023-02-21,46.103851524353026,31920,46.37962100332237,0.8341894983388128,1.6683789966776246,-62057.21934265125,-62958.81747284845,-1.165291866847105,stop_loss,18,-1.165291866847105,460.1076479999999,441.4904821972046
MSM,2023-02-02,76.63859781629577,2023-02-22,74.48568110488169,19967,73.44457003032714,1.597013892984314,3.194027785968629,-42987.28797680492,-43892.53751997066,-0.6740444528603812,trailing_stop,20,-0.6740444528603812,459.0728647793934,446.17667838635185
CSCO,2023-02-17,46.93703159795234,2023-02-23,45.20971317001842,32266,45.03509834940364,0.9509666242743512,1.9019332485487013,-55733.65639571597,-56625.61845572097,-0.9081908785452799,stop_loss,6,-0.9081908785452799,454.34107846185907,437.6209815431443
FHN,2022-12-01,21.65672433801731,2023-03-02,19.689288172203554,71401,21.32616327891492,0.1652805295511956,0.33056105910239,-140476.9096752679,-141362.55366704057,-5.951808634556526,stop_loss,91,-5.951808634556526,463.8935323376322,421.75045943505177
TCBI,2023-02-02,67.69141057065026,2023-03-03,65.66188256426686,22606,63.77631284096145,1.9575488648444033,3.91509772968881,-45879.51011230317,-46783.88547568556,-0.5183850178229695,stop_loss,29,-0.5183850178229695,459.06960820803596,445.30575517434494
MLM,2023-02-16,366.84604181321043,2023-03-03,357.73908920799295,4139,347.93169805028896,9.45717188146073,18.914343762921476,-37693.676832995174,-38593.394190184204,-0.4814839319495821,stop_loss,15,-0.4814839319495821,455.5127301194634,444.20462706956494
CHE,2023-02-27,526.7354696585265,2023-03-08,504.9454207403114,2843,505.3667337484062,10.684367955060155,21.368735910120336,-61949.10907448559,-62829.02970590675,-1.019716328091043,stop_loss,9,-1.019716328091043,449.2526820717573,430.6679493494116
ORI,2023-01-27,21.123085280739765,2023-03-09,20.268294854366253,72289,20.32170565194726,0.40068981439625295,0.8013796287925068,-61791.94513211481,-62689.58757569081,-1.0666485591373003,stop_loss,41,-1.0666485591373003,458.0900135578191,439.5524300181847
SIGI,2023-02-06,95.2170865397155,2023-03-10,89.79898131571592,16056,89.89999270536205,2.658546917176723,5.317093834353443,-86993.09747653718,-87884.28287218322,-1.0189974811039637,trailing_stop,32,-1.0189974811039637,458.64166244450166,432.5437332015404
VOYA,2023-02-09,69.39784419503502,2023-03-10,66.28174224313956,21884,65.99110708423007,1.7033685554024736,3.4067371108049542,-68192.77511528022,-69083.53873616413,-0.9146881166768916,trailing_stop,29,-0.9146881166768916,455.6107267092439,435.1528941746599
CBT,2023-02-14,72.53481183014574,2023-03-10,71.14134680471136,20896,68.21364795346068,2.1605819383425304,4.321163876685063,-29117.84517147682,-30018.522274727013,-0.32247446873117974,trailing_stop,24,-0.32247446873117974,454.7062284008176,445.9708748493746
FISV,2023-02-08,115.39527877807616,2023-03-13,110.43945304870606,6622,110.39157861358295,2.501850082246603,5.00370016449321,-32817.477979888834,-33266.121258135914,-0.9904321934669811,trailing_stop,33,-0.9904321934669811,229.2442608205261,219.39901742655942
HWM,2023-02-15,42.1410337370474,2023-03-13,39.850079921184495,35921,40.16553112022889,0.9877513084092534,1.9755026168185097,-82293.35201961146,-83176.91285772665,-1.159681488831648,stop_loss,26,-1.159681488831648,454.1244218605439,429.4364162546605
KBR,2023-02-17,53.69838454075919,2023-03-13,50.097280227855556,28203,51.06617565852405,1.3161044411175702,2.6322088822351404,-101561.94493682127,-102440.14967686204,-1.3680921515034774,stop_loss,24,-1.3680921515034774,454.33666176090946,423.8680782798631
EME,2023-02-24,164.65434978750778,2023-03-13,154.24443817474398,9113,156.75302764434343,3.9506610715821813,7.90132214316435,-94865.52452711658,-95737.36192352657,-1.3174898357700433,stop_loss,17,-1.3174898357700433,450.1485268840675,421.68886952593255
TT,2023-03-06,187.53426644915913,2023-03-13,177.67360559211846,4024,179.36380382383297,4.085231312663085,8.170462625326167,-39679.29928873166,-40120.17823185989,-1.2068668947184653,stop_loss,7,-1.2068668947184653,226.3913664574249,214.48757667080542
CARR,2023-03-06,45.70788311221909,2023-03-13,43.06799403591815,16511,43.61052049544975,1.0486813083846744,2.0973626167693453,-43587.20853880492,-44026.94209108279,-1.2586707969303261,stop_loss,7,-1.2586707969303261,226.40485741975485,213.32869485811335
PCG,2023-03-07,16.51729494830011,2023-03-13,15.46018181763344,90774,15.794403847402503,0.3614455504488029,0.7228911008976056,-95958.3873231361,-96829.20436592135,-1.4623407721495847,stop_loss,6,-1.4623407721495847,449.8022794910982,421.0147632941574
LIN,2023-02-27,331.09796493946936,2023-03-14,326.58812173673556,4524,316.29897441937885,7.399495260045252,14.798990520090513,-20402.530649167733,-21295.14220600468,-0.3047399210514679,trailing_stop,15,-0.3047399210514679,449.36615801584776,443.2453988210975
DCI,2023-03-02,62.86474073146746,2023-03-14,61.546198387767284,11900,60.55611005752366,1.1543153369718966,2.308630673943796,-15690.65389003206,-16134.800942687727,-0.5711361105012648,stop_loss,12,-0.5711361105012648,224.42712441133884,219.7199282443292
BWXT,2023-03-06,61.12429830125272,2023-03-14,59.93631133972371,24694,58.82688996638537,1.1487041674336755,2.297408334867349,-29336.150027997453,-30232.991236339734,-0.5170987427437913,stop_loss,8,-0.5170987427437913,452.82102667534036,444.0201816669412
MLI,2023-02-08,35.612026354611515,2023-03-16,33.48750509757372,42920,33.495437890314854,1.0582942321483295,2.1165884642966617,-91184.45235206232,-92074.17791904065,-1.0037479145686325,stop_loss,36,-1.0037479145686325,458.5404513419779,431.18511563635917
GLD,2023-03-20,184.37419244384765,2023-03-22,180.2195939025879,7957,179.92392981964298,2.22513131210233,4.450262624204669,-33058.1405928039,-33928.46242019148,-0.9335625539632619,stop_loss,2,-0.9335625539632619,440.1196347827087,430.20219260486755
CHDN,2023-03-22,126.20681253205007,2023-03-24,119.79834931565597,11579,120.92570087132177,2.6405558303641485,5.2811116607283,-74203.59558262724,-75058.14371333762,-1.2134686081434467,stop_loss,2,-1.2134686081434467,438.4046046925823,416.14352601779416
GLD,2023-03-24,185.7956106109619,2023-03-28,182.12768756103515,7891,181.03323156259304,2.3811895241844208,4.762379048368842,-28943.58078697192,-29814.56561073449,-0.7701871297252239,stop_loss,4,-0.7701871297252239,439.83394899933,431.1508747632385
WDAY,2023-03-30,200.2,2023-04-10,194.98481268310547,7312,189.2550429025102,5.47247854874489,10.944957097489777,-38133.44966113269,-39000.32706623435,-0.4764922576161232,stop_loss,11,-0.4764922576161232,439.1587199999999,427.7186851016601
GLD,2023-04-05,188.5283363342285,2023-04-24,183.88593731689454,3898,183.90695877176145,2.3106887812335253,4.621377562467046,-18096.071369567766,-18531.572621175386,-1.0045487421407935,stop_loss,19,-1.0045487421407935,220.4650365092468,215.0362150983765
LMT,2023-04-19,460.56182455831754,2023-04-24,441.68634101265224,3200,445.45294439388914,7.554440082214205,15.108880164428399,-60401.54734612897,-61267.70558507711,-1.249297323179835,stop_loss,5,-1.249297323179835,442.1393515759848,424.0188873721462
FHI,2023-04-12,36.90993328751843,2023-04-25,37.06367705730132,39871,35.10543229664543,0.9022504954364978,1.8045009908729952,6129.91784501369,5245.097299596197,0.08520015813818574,trailing_stop,13,0.08520015813818574,441.4907850319942,443.3297603854982
REGN,2023-03-24,799.2536854662667,2023-04-26,774.5906016216903,1834,762.0368949422158,18.60839526202546,37.21679052405091,-45232.09577095305,-46098.02489770884,-0.6626870156532746,trailing_stop,33,-0.6626870156532746,439.74937774354,426.179749012254
BRKR,2023-03-30,77.27333439190645,2023-04-26,75.71677716417732,18946,73.10154846397212,2.0858929639671606,4.171785927934323,-29490.533236556086,-30360.098432618553,-0.37311531670558784,trailing_stop,27,-0.37311531670558784,439.20617801671784,430.359018045751
ENSG,2023-04-26,100.55603463240728,2023-04-28,95.15954429421993,14479,96.72994509963505,1.913044766386117,3.8260895327722295,-78135.78360661461,-78985.9133667982,-1.410445388683121,stop_loss,2,-1.410445388683121,436.78524763278745,413.3445125508031
RLI,2023-04-21,63.926505685271515,2023-05-01,60.9257517972447,23044,60.62320744548644,1.6516491198925358,3.3032982397850716,-69149.37259568991,-70012.50122211805,-0.9084114331202676,stop_loss,10,-0.9084114331202676,441.936719103419,421.1919073247121
V,2023-04-17,228.52145953275993,2023-05-03,221.20400836936645,6462,221.00669436167524,3.75738258554235,7.51476517108469,-47285.369417848706,-48157.20720992377,-0.9737431572112952,stop_loss,16,-0.9737431572112952,443.01170145020836,428.8260906248538
SYK,2023-04-20,290.3781920483851,2023-05-03,287.11979120281785,2537,280.70982861416013,4.834181717112475,9.668363434224943,-8266.562945204045,-8706.096660256537,-0.33701679376603105,stop_loss,13,-0.33701679376603105,221.00684196802587,218.52687308446468
ZBH,2023-04-20,134.52577991204075,2023-05-04,134.64598279900568,10954,130.26698418380013,2.1293978641203095,4.258795728240614,1316.702423813871,432.15017719283026,0.028224619032054525,trailing_stop,14,0.028224619032054525,442.07861794694827,442.47362867409254
SFM,2023-05-03,38.0880492362976,2023-05-04,36.043921829223635,38528,35.921156970730166,1.0834461327837182,2.1668922655674336,-78756.14073974574,-79612.98771410946,-0.9433451951238007,stop_loss,1,-0.9433451951238007,440.2369082928222,416.6100660708984
PPG,2023-04-04,130.24195986093358,2023-05-05,126.88010320452062,11289,123.69734712298036,3.272306368976608,6.544612737953216,-37951.999794245836,-38822.795085229605,-0.5136830536842967,trailing_stop,31,-0.5136830536842967,441.09044546102376,429.70484552274996
CLX,2023-05-04,157.21867801029597,2023-05-08,150.91207661384408,9308,152.08829874217182,2.5651896340620857,5.130379268124159,-58701.84579817425,-59562.270117386695,-1.2292661159840146,stop_loss,4,-1.2292661159840146,439.0174364759505,421.40688273649823
TXRH,2023-02-03,97.63518061587897,2023-05-11,99.74331385815861,15708,93.17517960337845,2.2300005062502595,4.460001012500513,33114.55696972873,32184.43055236927,0.47267550755503485,trailing_stop,97,0.47267550755503485,460.096025134268,470.0303922251867
SLV,2023-04-05,22.84281969451904,2023-05-12,22.03793946647644,64345,21.920321002425716,0.4612493460466614,0.922498692093324,-51790.01827340102,-52656.3740078653,-0.8725001292047074,trailing_stop,37,-0.8725001292047074,440.9463699731483,425.409364491128
CHD,2023-04-28,94.11877213034944,2023-05-18,90.84332505874771,15496,91.18992708440713,1.4644225229711578,2.9288450459423103,-50756.32782154044,-51616.179618953116,-1.1183408545766573,stop_loss,20,-1.1183408545766573,437.5393478795685,422.31244953310636
ZTS,2023-05-08,179.85754365197164,2023-05-18,172.37841825605076,8105,171.70397140834825,4.07678612181169,8.153572243623387,-60618.31133393869,-61474.773075318044,-0.917282041840008,stop_loss,10,-0.917282041840008,437.323617389769,419.1381239895875
PCG,2023-04-13,16.744234899892717,2023-05-19,16.366128781676657,88028,16.02324794147718,0.3604934792077694,0.7209869584155371,-33283.92537432332,-34158.31710257168,-0.5244285126141497,trailing_stop,36,-0.5244285126141497,442.18845293032683,432.2032753180299
PG,2023-04-24,143.74280152454378,2023-05-23,137.51296973947416,10211,139.807644398092,1.9675785632258809,3.93515712645177,-63612.812357345894,-64474.38316145896,-1.5831214827975368,stop_loss,29,-1.5831214827975368,440.32732391013496,421.24348020293115
KMB,2023-04-26,126.06330581542358,2023-05-23,123.0739030794995,5774,122.6200847346774,1.7216105403730857,3.44322108074617,-17260.811397225603,-17692.36687047339,-0.86819947538084,trailing_stop,27,-0.86819947538084,218.36685833347673,213.18861491430906
ISRG,2023-04-20,299.25895144653316,2023-05-24,299.70999975585937,4924,285.1338050382047,7.062573204164245,14.125146408328476,2220.961875122263,1336.1649404060886,0.031932292684786874,trailing_stop,34,0.031932292684786874,442.0653230768188,442.7316116393555
DHI,2023-04-21,104.34153720383311,2023-05-24,103.33667181134732,14118,99.19662257948698,2.572457312173066,5.144914624346129,-14186.689611114487,-15066.289897577382,-0.19531235518091936,trailing_stop,33,-0.19531235518091936,441.9281466731148,437.67213978978043
MRSH,2023-04-21,171.742660835368,2023-05-24,165.59099516040715,8577,166.24432783029016,2.74916650253893,5.498333005077853,-52762.83649413936,-53630.829724382085,-1.1188237724560597,stop_loss,33,-1.1188237724560597,441.9110405954855,426.08218964724364
LII,2023-05-12,281.5604891900867,2023-05-24,265.76037871476575,2573,268.0727837917341,6.7438526991762915,13.487705398352603,-40653.68425300076,-41076.16123093652,-1.171445402214284,stop_loss,12,-1.171445402214284,217.3365416058279,205.14043632992767
SNPS,2023-05-19,413.44302877807615,2023-05-24,390.18940658569335,3505,396.57680710161407,8.433110838231055,16.86622167646209,-81503.94578430173,-82348.96529008674,-1.378709626758597,stop_loss,5,-1.378709626758597,434.7353447601471,410.2841610248566
EZU,2023-04-14,42.8022040536003,2023-05-25,40.99038829930836,34604,41.62419200768599,0.5890060229571532,1.1780120459143077,-62696.07236151836,-63565.940021252376,-1.5380282065670312,stop_loss,41,-1.5380282065670312,444.3382407212354,425.52941901277995
GGG,2023-04-28,75.17724027384799,2023-05-25,73.31466036810556,19400,72.11335348717414,1.5319433933369258,3.063886786673848,-36134.05017140298,-36998.27303313915,-0.6079140762783981,trailing_stop,27,-0.6079140762783981,437.5315383937953,426.69132334237435
FISV,2023-04-26,119.53941816711425,2023-05-26,112.5673203048706,12180,115.17810489032688,2.180656638393688,4.361313276787371,-84920.15196212758,-85768.26998450422,-1.598623492458544,stop_loss,30,-1.598623492458544,436.79703398263547,411.3209883939972
MDLZ,2023-05-01,70.4425380912231,2023-05-26,68.91448847505073,20795,68.33268577806193,1.0549261565805823,2.10985231316117,-31775.791768304385,-32645.170578538084,-0.724244823507531,trailing_stop,25,-0.724244823507531,439.45577388209534,429.923036351604
MNST,2023-05-04,58.638581832885734,2023-05-26,57.27267182922363,24957,56.732546712288695,0.9530175602985214,1.9060351205970392,-34089.01596139506,-34956.855108688644,-0.7166237331630326,trailing_stop,22,-0.7166237331630326,439.03292604099875,428.80622125258026
COR,2023-05-18,169.9803619918773,2023-05-26,165.4250306564106,8491,164.6294115867828,2.6754752025472532,5.350950405094494,-38679.31836944766,-39533.696526140644,-0.8513125689091947,stop_loss,8,-0.8513125689091947,432.99097610190904,421.38718059107475
HSY,2023-03-27,227.46517923962227,2023-05-30,234.18527740745807,6446,220.74496620383871,3.360106517891773,6.7202130357835586,43317.75278986957,42425.01313680544,0.9999829070972681,trailing_stop,64,0.9999829070972681,439.87216361358156,452.86748945054245
BSX,2023-04-03,50.02997954177856,2023-05-30,51.16878121948242,29371,48.4403521019059,0.7948137199363303,1.5896274398726575,33447.74407584008,32556.051435144378,0.7163953321006384,trailing_stop,57,0.7163953321006384,440.8291587364734,450.8634819592254
INGR,2023-04-14,97.90563523174175,2023-05-30,98.5949497112873,15128,94.45553793769822,1.7250486470217674,3.4500972940435304,10427.949446564991,9536.15119185955,0.19979566394710693,trailing_stop,46,0.19979566394710693,444.3349349357367,447.4633197697063
TXRH,2023-05-18,108.01621669161017,2023-05-31,102.42267936963972,13363,103.0120527083433,2.5020819916334287,5.004163983266864,-74746.43923349105,-75590.067723911,-1.1177765837958853,stop_loss,13,-1.1177765837958853,433.02621109499603,410.6022793249487
AVGO,2023-05-24,65.55037966937012,2023-06-02,75.90281794587456,21546,62.980759168253535,1.284810250558291,2.5696205011165816,223053.63510556475,222139.30992681935,4.028781009493807,trailing_stop,9,4.028781009493807,423.7045441068746,490.620634638544
MU,2023-05-19,66.77468743638403,2023-06-07,67.46973700987195,21706,62.61119837613811,2.0817445301229585,4.163489060245915,15086.746042128818,14212.57319901969,0.1669392097422416,trailing_stop,19,0.1669392097422416,434.8234096482455,439.34943346088414
WDAY,2023-05-30,217.58736511230467,2023-06-08,202.93685939025877,6556,205.944360061895,5.821502525204838,11.64300505040967,-96048.71551373287,-96875.8025584845,-1.2583096596295302,stop_loss,9,-1.2583096596295302,427.9508297028808,399.13621504876096
GPK,2023-06-13,25.33810402778334,2023-06-14,24.836157977465415,56414,24.327805427124655,0.5051493003293436,1.010298600658686,-28316.78448263548,-29165.94372766471,-0.4968294027039842,stop_loss,1,-0.4968294027039842,428.8271401870108,420.33210484222013
MLI,2023-06-08,41.30225637046333,2023-06-15,38.87683762546364,17152,39.10931059002753,1.0964728902178993,2.1929457804357995,-41600.78231423479,-42013.35186030023,-1.1060094447559474,stop_loss,7,-1.1060094447559474,212.52489037985615,200.0446556855857
SNPS,2023-05-26,434.7342877807617,2023-06-21,434.49506268310546,1623,413.78856298483703,10.472862397962333,20.94572479592466,-388.26233349606275,-811.4901042369197,-0.011421189764833353,trailing_stop,26,-0.011421189764833353,211.67212472045287,211.55564602040405
DIA,2023-06-16,329.8897822403047,2023-06-22,323.1198935999184,2182,323.3530852484515,3.268348495926594,6.536696991853205,-14771.897013322996,-15199.357147128007,-1.0356742325403436,stop_loss,6,-1.0356742325403436,215.94585145450347,211.5142823505066
EWJ,2023-06-05,56.98210811873123,2023-06-26,56.09962951162776,24961,55.81344203060801,0.584333044061612,1.1686660881232243,-22027.548511909772,-22874.33848780719,-0.7551161243333893,trailing_stop,21,-0.7551161243333893,426.6991202254951,420.0908556719221
DXCM,2023-06-16,132.13199999999998,2023-06-26,125.874,10898,124.91388265464418,3.609058672677894,7.218117345355793,-68199.68399999979,-69043.20881639978,-0.8669850738886143,stop_loss,10,-0.8669850738886143,431.9923607999999,411.5324556
CDNS,2023-05-26,226.48625450134276,2023-06-27,223.2864845123291,3115,215.59062698354685,5.447813758897949,10.895627517795901,-9967.283515777508,-10387.596140385785,-0.29367468590381235,trailing_stop,32,-0.29367468590381235,211.65140483150483,208.66121977677153
KLAC,2023-05-26,42.4513017389673,2023-07-21,44.50136906877917,16621,40.18557143729292,1.1328651508371914,2.265730301674381,34074.16908880304,33640.59698635437,0.9048152502073444,trailing_stop,56,0.9048152502073444,211.67492586101267,221.89717658765358
PAG,2023-06-14,143.44772154340612,2023-07-24,155.53446050726666,9994,135.47910716701693,3.9843071881945944,7.9686143763891835,120794.86920482224,119898.46082659792,1.5167930574822723,trailing_stop,40,1.5167930574822723,430.08495873144017,466.32341949288684
MCK,2023-06-20,401.2139720973513,2023-07-27,397.13084384604707,3576,385.98251095157013,7.615730572890589,15.231461145781168,-14601.26662666393,-15457.730945208008,-0.2680719999364724,trailing_stop,37,-0.2680719999364724,430.42234926603845,426.04196927803923
KBR,2023-06-05,59.32836675796545,2023-07-28,59.96194857808128,23974,57.19872364972085,1.064821554122302,2.1296431082446006,15189.490555456883,14331.530749496967,0.2975061021553377,trailing_stop,53,0.2975061021553377,426.7014793966391,431.25832656327617
BWXT,2023-06-14,65.94052245427645,2023-07-28,66.74333501070004,21741,63.588452098049764,1.1760351781133414,2.352070356226683,17453.947789205256,16588.54386566144,0.3413216591494755,trailing_stop,44,0.3413216591494755,430.0838696035273,435.3200539402889
ALV,2023-07-24,96.10300833026501,2023-07-28,92.30450759265116,15489,91.95963075059316,2.0716887898359233,4.143377579671849,-58834.97792490092,-59710.45112913993,-0.9167643219990312,stop_loss,4,-0.9167643219990312,446.56184880824236,428.9113554307722
COR,2023-06-20,178.7017704484281,2023-07-31,182.57992336366962,8029,172.87999675554653,2.9108868464407918,5.821773692881578,31137.68975647412,30267.470540588918,0.6661462845907983,trailing_stop,41,0.6661462845907983,430.43895447912877,439.780261406071
MCO,2023-06-14,330.9228841393241,2023-08-03,332.59146388514347,4332,319.9110019360071,5.505941101658501,11.011882203316986,7228.28745888958,6365.984212196981,0.15152539002976062,trailing_stop,50,0.15152539002976062,430.06738022746555,432.2358664651325
TEL,2023-06-20,129.06281794824085,2023-08-04,133.81813903993407,5558,124.49083888212616,2.285989533057344,4.571979066114693,26430.07462763091,25991.746919948826,1.0401012390755173,trailing_stop,45,1.0401012390755173,215.19934264689678,223.12836503518605
WAB,2023-07-28,116.88359727478026,2023-08-07,113.49230663443164,12613,112.77966251692233,2.051967378928965,4.103934757857928,-42774.348846717076,-43646.068229519144,-0.8263510120026172,stop_loss,10,-0.8263510120026172,442.275843728041,429.44353907402586
IWD,2023-07-24,154.47358031016026,2023-08-09,152.72467204696048,4818,151.6376093115567,1.4179854993017804,2.835970998603557,-8426.240012096541,-8870.264366053523,-0.6166876403393933,stop_loss,16,-0.6166876403393933,223.27611298030564,220.74824097667667
UNP,2023-07-27,220.34591877344016,2023-08-09,212.24704036262537,6767,211.9938004211172,4.176059176161489,8.352118352322975,-54805.11020598369,-55683.31717232582,-0.969679555434251,stop_loss,13,-0.969679555434251,447.32424970196087,430.8827166401657
NVR,2023-06-26,6190.183999999999,2023-08-11,6072.381500976562,230,5973.686739512768,108.2486302436154,216.49726048723096,-27094.574775390538,-27940.69179495792,-0.5441292825522156,trailing_stop,46,-0.5441292825522156,427.1226959999999,418.9943235673828
SMH,2023-05-26,140.023165687892,2023-08-14,143.35057821576217,5039,133.88358767725597,3.0697890053180164,6.139578010636029,16766.831727937766,16338.455639278613,0.5419611123282173,trailing_stop,80,0.5419611123282173,211.67301957038632,216.70306908876765
SOXX,2023-05-26,152.49329109488363,2023-08-14,158.33160191668935,4627,145.7828750586857,3.355208018098961,6.710416036197927,27013.86417249507,26582.408138505703,0.870037087166009,trailing_stop,80,0.870037087166009,211.67593736880795,219.7800966205565
IWF,2023-06-05,65.11437737016283,2023-08-14,67.2285683311781,10922,63.51576034003992,0.7993085150614553,1.5986170301229095,23091.193676208757,22657.558780323743,1.3225124724542179,trailing_stop,70,1.3225124724542179,213.35376889107553,220.28112699393816
MGK,2023-06-05,44.56937032425104,2023-08-14,45.89241606946278,15956,43.404127980382974,0.5826211719340315,1.1652423438680657,21110.517910598577,20677.495431489147,1.1354253921290256,trailing_stop,70,1.1354253921290256,213.3446618681249,219.67781724130447
NXPI,2023-06-14,186.52757927456258,2023-08-14,192.9573398184918,3842,175.6226388798463,5.452470197358132,10.904940394716277,24703.14000977601,24265.745692029355,0.5896190452397694,trailing_stop,61,0.5896190452397694,214.99168787186085,222.40262987479363
CACI,2023-06-20,325.8755377807617,2023-08-15,339.3902809753418,2201,315.1549619076422,5.360287936559763,10.720575873119515,29745.94977127078,29306.674751146125,1.2606359354693433,trailing_stop,56,1.2606359354693433,215.17561759663695,224.09940252801817
EXP,2023-05-05,156.3682609690567,2023-08-18,172.63633701303957,9288,149.22730945168115,3.570475758687779,7.140951517375555,151097.8902965128,150181.1518846955,2.2781384251663015,trailing_stop,105,2.2781384251663015,435.7045223641796,481.0338894531334
CRH,2023-06-15,48.72734910461703,2023-08-18,53.107828404696996,29370,46.90737695675294,0.9099860739320451,1.8199721478640924,128654.67704334848,127757.40729431392,2.4068935918721968,trailing_stop,64,2.4068935918721968,429.3366729607807,467.93307607378523
NVT,2023-06-27,48.02655422084488,2023-08-18,49.685978973929394,14856,45.66665511163334,1.1799495546057697,2.35989910921154,24652.414131823556,24216.928913881085,0.703176142830505,trailing_stop,52,0.703176142830505,214.04474685146147,221.44047109100856
BWXT,2023-08-07,72.20291531027078,2023-08-18,68.98447296223254,20346,69.5041112408707,1.349402034700041,2.698804069400083,-65482.428013185985,-66344.2075937237,-1.1925439065881005,stop_loss,11,-1.1925439065881005,440.7121544708308,421.067426066875
NYT,2023-08-09,42.90444229534618,2023-08-18,40.51309291771554,34401,41.097226265846466,0.9036080147498551,1.8072160294997133,-82264.80993987163,-83125.70392853099,-1.3232227573217301,stop_loss,9,-1.3232227573217301,442.7867158206612,418.10727283869966
AIT,2023-08-11,147.98580872499988,2023-08-18,139.68718112348742,9891,141.19502400491842,3.395392360040733,6.7907847200814615,-82081.72560655979,-82935.3376693372,-1.2220425096045329,stop_loss,7,-1.2220425096045329,439.11829022969215,414.4937725477242
FTV,2023-06-16,54.026821459752945,2023-08-21,56.60477143991793,13327,51.93332051637131,1.0467504716908163,2.0935009433816347,34356.33938565879,33914.023214086614,1.2314061707566377,trailing_stop,66,1.2314061707566377,216.00463487823825,226.3115366939359
TOL,2023-05-26,66.7479619259456,2023-08-22,73.64175172819303,21142,63.48559258588392,1.6311846700308408,3.2623693400616816,145748.50399911508,144858.06820129234,2.113123648384056,trailing_stop,88,2.113123648384056,423.3556233115026,467.0801745112371
AFL,2023-08-03,71.86968063724218,2023-08-22,69.74018885210991,20540,69.55860475441274,1.1555379414147207,2.311075882829442,-43739.7612666169,-44612.36128241029,-0.9214287600652663,stop_loss,19,-0.9214287600652663,442.8609720866864,429.7390437067013
KEX,2023-07-28,81.08099999999999,2023-08-23,78.45146878051757,18183,78.1710100151447,1.4549949924276402,2.9099899848552866,-47812.76616384878,-48682.99982779962,-0.9036220857004711,trailing_stop,26,-0.9036220857004711,442.2887469,427.9449170508454
CMCSA,2023-07-28,39.067461043063034,2023-09-06,37.816143582385195,37738,37.642575478812105,0.7124427821254644,1.4248855642509284,-47222.2183310603,-48092.64837246685,-0.8781880398484245,trailing_stop,40,-0.8781880398484245,442.29835345293384,428.13168795361577
ATR,2023-07-31,119.35179094593903,2023-09-06,123.23100521808377,12403,115.26470369539433,2.0435436252723513,4.087087250544698,48113.89461741116,47211.26829116445,0.9491390896114933,trailing_stop,37,0.9491390896114933,444.0960789307445,458.5302473159678
REGN,2023-08-22,836.2652904073994,2023-09-07,813.6584827519025,1709,802.8164083619329,16.724441022733306,33.448882045466576,-38635.03428324426,-39480.950201743035,-0.6758613822957621,stop_loss,16,-0.6758613822957621,428.7532143918737,417.16270410690043
OHI,2023-09-05,26.77074950488454,2023-09-07,25.90566371588792,54413,25.89723519928931,0.43675715279761657,0.8735143055952328,-47071.913036673264,-47931.797538447834,-0.9903510262572447,stop_loss,2,-0.9903510262572447,437.0030378427848,422.88146393178283
J,2023-08-09,108.44471494895275,2023-09-11,105.68245729083887,13610,104.86748237949931,1.7886162847267209,3.577232569453443,-37594.326726929925,-38468.60797118499,-0.7721772639836835,trailing_stop,33,-0.7721772639836835,442.7797711365741,431.5014731184951
CHRD,2023-09-05,142.54872218008217,2023-09-12,136.7325251947763,10218,136.37288384922334,3.0879191654294127,6.175838330858824,-59429.90079585547,-60286.00953155836,-0.941766392465955,stop_loss,7,-0.941766392465955,436.96885297082395,419.13988273206724
ROST,2023-08-24,118.01564450532517,2023-09-14,113.70197710459817,12152,113.52580087156352,2.244921816880825,4.489843633761652,-52419.68625363449,-53264.436014975625,-0.9607611651083158,stop_loss,21,-0.9607611651083158,430.23783360861347,414.5119277325231
FLS,2023-09-07,38.36621163523123,2023-09-14,37.18136960086918,37446,36.73246364477072,0.8168739952302577,1.6337479904605132,-44367.594818721285,-45216.28123681139,-0.7252293752037432,stop_loss,7,-0.7252293752037432,430.9983482678606,417.6880698222442
HAS,2023-08-28,62.223277465652714,2023-09-15,59.92114365756996,23022,59.12199965506785,1.5506389052924316,3.101277810584861,-52999.72452968125,-53843.32718861089,-0.742317827904816,trailing_stop,18,-0.742317827904816,429.75128814427705,413.85137078537264
ETN,2023-05-30,176.6836403646837,2023-09-18,209.60011706998984,4037,168.38112317178295,4.15125859645037,8.302517192900751,132883.8164593209,132415.98820069176,3.9646381862903084,trailing_stop,111,3.9646381862903084,213.98155684566842,253.84670178346465
CSCO,2023-08-18,50.711488264056484,2023-09-18,51.888625165584216,28188,49.065153638633134,0.8231673127116756,1.64633462542335,33181.1349802637,32313.507381057283,0.7150046432541224,trailing_stop,31,0.7150046432541224,428.8366293561673,438.7909698502463
LULU,2023-09-05,400.4,2023-09-19,382.26734390258787,3638,381.76663552217184,9.316682238914074,18.633364477828138,-65966.60288238525,-66820.80602152053,-0.9731283965914034,stop_loss,14,-0.9731283965914034,436.99656,417.2065791352844
PWR,2023-02-24,157.671981637346,2023-09-22,185.6037848924984,4758,148.65576344486902,4.5081090962384875,9.01621819247697,132899.51988801514,132409.52805887043,3.0979511208433688,trailing_stop,210,3.0979511208433688,225.06098658914772,264.9308425555522
MA,2023-07-03,384.8938327512755,2023-09-22,397.50834098824936,3837,372.0167599437012,6.438536403787181,12.877072807574336,48401.86810526865,47501.244963077086,0.9796099179895879,trailing_stop,81,0.9796099179895879,443.05129087999325,457.57185131157377
TJX,2023-08-17,86.01131590478086,2023-09-22,85.88764149510772,16829,83.40849525516401,1.301410324808426,2.602820649616845,-2081.31664038932,-2949.1829066141377,-0.04751553269386756,trailing_stop,36,-0.04751553269386756,434.2453306084672,433.6209356163504
USHY,2023-08-30,29.268789605953703,2023-09-22,28.880221685506726,49504,28.932753138858363,0.16801823354767062,0.3360364670953402,-19235.66633380717,-20099.248930298905,-1.1563266445624576,stop_loss,23,-1.1563266445624576,434.6766481959396,428.90594829579743
SPHY,2023-08-30,18.509633415222165,2023-09-22,18.281242240330716,39140,18.29841753692536,0.10560793914840269,0.21121587829680522,-8939.230585251318,-9371.22904719882,-1.0813163135894015,stop_loss,23,-1.0813163135894015,217.34011556153865,214.65834638596326
ACI,2023-09-07,21.38995816033686,2023-09-27,21.264051307314165,67165,20.86287662053622,0.2635407699003201,0.5270815398006405,-8456.533783269295,-9315.99074703773,-0.23887547469470635,trailing_stop,20,-0.23887547469470635,430.9969619517075,428.46000181672684
IBM,2023-09-21,136.95178253669025,2023-09-27,131.78892072745617,10382,133.56801296949064,1.6918847835998085,3.3837695671996073,-53600.83130346815,-54437.85109785466,-1.5257722805004226,stop_loss,6,-1.5257722805004226,426.55002188877546,410.469772497735
AJG,2023-09-20,229.90612286471952,2023-09-28,224.83387997161887,3093,223.556426764935,3.174848049892256,6.3496960997845235,-15688.447268360313,-16110.400516992151,-0.7988166383699492,stop_loss,8,-0.7988166383699492,213.32989140617326,208.62335722566516
MRSH,2023-06-26,175.22521896240795,2023-10-02,181.02447107703213,8135,170.4499883392307,2.387615311588613,4.775230623177237,47176.915952467716,46307.48858392646,1.2144444053605947,trailing_stop,98,1.2144444053605947,427.6371468777566,441.79022166349694
XOM,2023-09-28,109.53319530950958,2023-10-03,105.17792397368747,12847,105.4662515474663,2.033471881021637,4.06694376204328,-55952.17085130665,-56779.68897613602,-1.0708953923754212,stop_loss,5,-1.0708953923754212,422.15188804238085,405.3662367869889
CASY,2023-09-13,264.92423184254756,2023-10-04,266.0414452607532,5410,254.64806842958794,5.138081706479804,10.276163412959619,6044.124592492649,5182.3672985539915,0.10871892293934421,trailing_stop,21,0.10871892293934421,429.9720282804547,431.7852656582025
AKAM,2023-09-21,107.76766366577148,2023-10-09,105.09479695129394,13194,104.44732927639592,1.6601671946877836,3.32033438937556,-35265.80343081661,-36108.355622431074,-0.8049992564092948,stop_loss,18,-0.8049992564092948,426.5659663218567,415.98622529261166
MSM,2023-10-13,94.72862742818484,2023-10-19,90.07377128882283,14993,91.52540314971075,1.6016121392370395,3.2032242784740816,-69790.25809745463,-70621.48080664386,-1.4531783399130085,stop_loss,6,-1.4531783399130085,426.0798933092326,405.1428158799962
FAST,2023-10-13,28.43074380895234,2023-10-20,27.38779292026762,49955,27.420482998826213,0.5051304050630632,1.0102608101261268,-52100.611644245095,-52937.136144937554,-1.0323580586626042,stop_loss,7,-1.0323580586626042,426.0773420928642,410.4471585995907
ARES,2023-10-09,99.83157024690814,2023-10-23,94.04073887106716,14139,95.48167964645721,2.174945300225466,4.349890600450934,-81876.56482301562,-82698.91299660134,-1.3312590839044713,stop_loss,14,-1.3312590839044713,423.4555715163102,398.89260206940554
SNPS,2023-10-11,490.7702787780761,2023-10-23,465.534,2894,466.7039737626605,12.0331525077078,24.066305015415594,-73033.79078375222,-73864.05415858736,-1.0486145987890987,stop_loss,12,-1.0486145987890987,426.08675603512563,404.1766188
CME,2023-10-11,191.79685855397358,2023-10-23,188.14557792269625,7406,186.55000733410324,2.623425609935175,5.2468512198703365,-27041.384355239912,-27885.540460603774,-0.6958994029503972,trailing_stop,12,-0.6958994029503972,426.1342603352184,418.0218450286465
UNH,2023-10-16,516.6814215859833,2023-10-23,500.3176879440255,2746,500.9690387470277,7.856191419477821,15.712382838955648,-44934.81258081618,-45772.616447247005,-1.0414546163798455,stop_loss,7,-1.0414546163798455,425.6421551025331,412.1617113282883
LULU,2023-10-17,415.41499999999996,2023-10-23,394.52509341430664,3430,393.93162716192217,10.741686419038903,21.4833728380778,-71652.3795889281,-72485.80794505143,-0.9723755549532429,stop_loss,6,-0.9723755549532429,427.46203499999996,405.96632112332156
UNM,2023-10-18,47.98683014450764,2023-10-23,45.528947572351164,29756,46.32273873825778,0.8320457031249291,1.6640914062498595,-73136.75381708817,-73971.55046161104,-1.4770117572420376,stop_loss,5,-1.4770117572420376,428.3688353339909,406.4278091888644
RGA,2023-10-17,143.9104485098232,2023-10-24,139.58405510988771,9902,138.7737290818372,2.5683597139930106,5.136719427986009,-42839.94744616115,-43682.09621861387,-0.8422483377940235,stop_loss,7,-0.8422483377940235,427.5003783432808,414.6483941094324
VRTX,2023-10-17,373.62325,2023-10-24,365.5640626831055,3814,361.3774225220557,6.122913738972125,12.24582747794426,-30737.740426635657,-31583.518549807668,-0.6581170060912394,stop_loss,7,-0.6581170060912394,427.49972264999997,418.2784005220093
NWS,2023-10-17,22.312740711081418,2023-10-25,21.679055530882206,63870,21.383774078539858,0.46448331627077916,0.9289666325415595,-40473.47245932366,-41316.39926711592,-0.6821398724144835,stop_loss,8,-0.6821398724144835,427.534424765031,415.39238302723396
FICO,2023-10-18,916.2453471069335,2023-10-25,844.2748751220703,1558,873.358831726573,21.443257690180257,42.88651538036049,-112129.99535241694,-112952.86250428678,-1.6781608705337134,stop_loss,7,-1.6781608705337134,428.2530752377808,394.6140766320556
PSN,2023-10-12,58.05799999999999,2023-10-26,56.253691371917725,24544,56.27426875872865,0.8918656206356689,1.7837312412713402,-44284.95096765118,-45126.65081356089,-1.0115361475623768,stop_loss,14,-1.0115361475623768,427.49266559999995,414.2071803097046
NWSA,2023-10-17,21.541466956547126,2023-10-26,20.135780987708145,33078,20.589963616380196,0.4757516700834644,0.95150334016693,-46497.2804772558,-46910.86047950582,-1.4773316177664386,stop_loss,9,-1.4773316177664386,213.76459319659975,199.81540905342302
CRWD,2023-10-09,176.67649999999998,2023-10-27,174.04578121948242,7989,165.1289750046348,5.773762497682576,11.547524995365166,-21016.812337554744,-21857.388428953476,-0.22781667773600378,trailing_stop,18,-0.22781667773600378,423.44056754999997,417.1355238487335
ACGL,2023-11-02,85.36185754600875,2023-11-03,82.11347631059861,16214,81.62302788193925,1.8694148320347506,3.738829664069499,-52669.25335093994,-53483.88686988525,-0.8688230080731899,stop_loss,1,-0.8688230080731899,415.2171474752958,399.4163714700137
CI,2023-11-03,301.7291933262807,2023-11-07,291.64840990163196,4580,290.66405116658285,5.532571079848933,11.06514215969787,-46169.98808489131,-46985.28891172646,-0.9110396666538633,stop_loss,4,-0.9110396666538633,414.5759116303097,400.7249152048423
TRGP,2023-11-03,85.43749347797649,2023-11-08,80.21380593927,8088,81.45926424483105,1.9891146165727178,3.9782292331454414,-42249.184813058055,-42651.12112596406,-1.3130685117851557,stop_loss,5,-1.3130685117851557,207.30553417496216,194.63077873104473
CHRD,2023-11-03,149.663696033139,2023-11-08,139.28809323164893,4617,142.6120786123693,3.52580871038485,7.051617420769702,-47904.158134479614,-48304.38525779027,-1.4713791435890942,stop_loss,5,-1.4713791435890942,207.2991853755008,192.92793793515693
EPR,2023-11-06,38.78708139421841,2023-11-09,37.36302268192704,35738,37.14051378998107,0.8232838021186719,1.6465676042373403,-50893.01025986896,-51709.44598571095,-0.8648650129072394,stop_loss,3,-0.8648650129072394,415.8518144599733,400.58391138201256
VRTX,2023-11-07,377.75738488769525,2023-11-16,350.36928121948245,3670,363.93606797744945,6.910658455122902,13.821316910245798,-100514.340462341,-101316.007921725,-1.9815842329691387,stop_loss,9,-1.9815842329691387,415.9108807613525,385.7565786226502
NRG,2023-11-03,43.54226592873915,2023-11-22,43.42655356668532,31744,41.409539742299344,1.0663630932199006,2.132726186439804,-3673.17322103669,-4501.394682855516,-0.05425561086535342,trailing_stop,19,-0.05425561086535342,414.66170689256865,413.55975492625765
AM,2023-11-02,11.003428229669543,2023-12-08,11.068254450983902,125790,10.58501934078963,0.20920444443995648,0.4184088888799131,8154.490379133204,7321.571289813385,0.15493509587690563,trailing_stop,36,0.15493509587690563,415.2363711030396,417.68271821677956
AIZ,2023-11-02,158.2164083366528,2023-12-15,156.67411653478106,8748,151.64001253660498,3.2881979000239085,6.5763958000478056,-13491.968682773866,-14318.367376246457,-0.23451930947655486,trailing_stop,43,-0.23451930947655486,415.22314203871156,411.17555143387943
CAH,2023-11-06,95.84698483746072,2023-12-15,98.1069666779369,14462,92.28999748706755,1.778493675196588,3.5569873503931717,32683.8573769664,31842.3687629217,0.6353640364299763,trailing_stop,39,0.6353640364299763,415.84172841580715,425.64688562889705
MSI,2023-11-06,291.46577788125757,2023-12-15,303.36970731468705,4755,281.06035713916384,5.202710371046857,10.405420742093725,56603.18445595719,55754.65163632518,1.144012311320939,trailing_stop,39,1.144012311320939,415.7759321476139,432.7568874844011
LDOS,2023-11-03,101.02237349690058,2023-12-21,103.79480629655494,13682,96.93341431614867,2.0444795903759583,4.088959180751914,37932.425564870864,37091.73296869065,0.678028974391604,trailing_stop,48,0.678028974391604,414.65643425537814,426.0361619248394
LOPE,2023-11-06,137.23710610961913,2023-12-29,132.38748426818847,10100,130.6080312558866,3.3145374268662615,6.629074853732533,-48981.180598449675,-49798.14310729443,-0.7315684237145185,stop_loss,53,-0.7315684237145185,415.828431512146,401.13407733261107
CHE,2023-11-03,575.1881907527876,2024-01-04,567.5044931616383,2403,552.6136271195818,11.287281816602892,22.5745636332058,-18463.925311531828,-19287.692467365738,-0.3403697061876792,trailing_stop,62,-0.3403697061876792,414.6531667136845,409.113989120225
IT,2023-11-06,388.1978075561523,2024-01-04,426.7728121948242,1785,369.7554376548602,9.221184950646048,18.442369901292125,68856.38328002932,68419.96651315266,2.0916511730940397,trailing_stop,59,2.0916511730940397,207.87992594631956,228.53684093032834
MCO,2023-11-24,358.0623044514615,2024-01-04,368.01950724010527,3976,345.6982331758461,6.18203563780769,12.364071275615402,39589.838287647624,38723.76790266193,0.8053336612739775,trailing_stop,41,0.8053336612739775,427.0967167497032,438.9736682359976
APH,2023-12-11,45.931306362451856,2024-01-04,46.07379055943694,15774,44.78919827117232,0.5710540456397682,1.142108091279539,2247.5457232426565,1812.1592035888943,0.12475543958842884,trailing_stop,24,0.12475543958842884,217.35612796839467,218.03039168536748
ADSK,2023-12-15,241.5913561096191,2024-01-04,226.96281243896485,6017,230.44873596593212,5.571310071843498,11.142620143686997,-88019.94726632672,-88865.73439597376,-1.3128459448509753,stop_loss,20,-1.3128459448509753,436.0965569134735,409.69057273357544
CTAS,2023-12-22,145.0800907762851,2024-01-04,141.69472083418398,10093,140.43683019910935,2.3216302885878672,4.643260577175738,-34168.53882562648,-35036.86427770182,-0.7290932494166109,trailing_stop,13,-0.7290932494166109,439.2880068615137,429.0374452138257
CTRE,2023-10-11,19.34109693735998,2024-01-05,19.95071741614302,73445,18.570309531218705,0.38539370307063603,0.7707874061412738,44773.57606422059,43907.839872662684,0.790906122655705,trailing_stop,86,0.790906122655705,426.1520593693211,439.58413218858726
XRT,2023-12-15,69.4453511308344,2024-01-08,67.66207196213503,20933,66.69516728066752,1.3750919250834401,2.750183850166877,-37329.382838383826,-38190.40374466536,-0.6484218022701134,trailing_stop,24,-0.6484218022701134,436.10986056652695,424.9110457150118
SNX,2023-12-15,103.42264832713515,2024-01-09,98.05519920274982,14056,99.90744247383434,1.7576029266504094,3.515205853300813,-75444.86489236022,-76294.45667982423,-1.5269231300765056,stop_loss,25,-1.5269231300765056,436.1126234658634,413.47916399815546
GRMN,2023-11-02,109.76122418404833,2024-01-10,118.07844537816436,6305,105.58819106021215,2.0865165619180894,4.173033123836177,52440.07962890157,52009.12089392465,1.9930877487188965,trailing_stop,69,1.9930877487188965,207.61335554412744,223.3453794327979
AIG,2023-11-03,60.72059871809657,2024-01-18,63.20214192099446,22763,58.32121678424474,1.1996909669259148,2.399381933851828,56487.36792756465,55641.11192401436,1.0342426805365514,trailing_stop,76,1.0342426805365514,414.6548965860096,431.60110696427904
SCHD,2024-01-03,23.495649913997813,2024-01-18,23.123966632122546,30818,23.05959717104847,0.21802637147467233,0.43605274294934304,-11454.535380831981,-11885.552383647482,-0.852381478812177,stop_loss,15,-0.852381478812177,217.22668171487535,213.79032110062576
CTSH,2024-01-16,74.38119482341537,2024-01-18,72.5024506397288,19539,72.08186565488175,1.1496645842668074,2.2993291685336175,-36708.782605051776,-37569.77046966309,-0.8170836126454748,stop_loss,2,-0.8170836126454748,436.0002496964138,424.9876149148983
MUSA,2023-09-14,330.57264085785283,2024-02-01,346.02089431054674,4320,317.3805300200528,6.5960554189000105,13.192110837800044,66736.45491563767,65859.58969405942,1.1710221087916588,trailing_stop,140,1.1710221087916588,428.42214255177726,448.4430790264686
ESNT,2024-01-22,53.45372921984403,2024-02-06,51.259771240896306,27316,51.655639597454766,0.8990448111946302,1.7980896223892628,-59930.156152935975,-60788.26234651165,-1.2201605257208692,stop_loss,15,-1.2201605257208692,438.0426202107778,420.0635733648971
CDNS,2024-01-22,296.2559514465332,2024-02-14,300.3493439025879,4928,283.1491799068852,6.553385769823999,13.10677153964798,20172.238023437778,19290.216754793637,0.3123112693062691,trailing_stop,23,0.3123112693062691,437.9847986185546,444.03647002558597
IBM,2024-01-22,160.6471923954155,2024-02-22,170.80311666903117,9089,156.64284069864948,2.002175848383003,4.004351696766008,92307.19572289294,91403.43016516691,2.5362218512968786,trailing_stop,31,2.5362218512968786,438.0366995045794,465.7288582214473
CB,2024-01-22,231.84292356882528,2024-03-05,241.67965474360113,6298,225.13386257728615,3.3545304957695725,6.709060991539133,61951.7329387383,61057.0593792748,1.4661859814929472,trailing_stop,43,1.4661859814929472,438.0440197909385,456.62953967256004
DELL,2024-01-09,76.07861712557703,2024-03-15,103.11347129782651,18863,72.70014812887133,1.6892344983528447,3.378468996705692,509958.454251142,508944.4241419628,8.002102194399555,trailing_stop,66,8.002102194399555,430.52128645192784,583.5088227272704
CBOE,2023-08-14,146.69382983647185,2024-03-25,177.80355366217367,9967,141.39798269479934,2.6479235708362503,5.29584714167251,310070.61737077,309100.33774437074,5.8743621168561315,trailing_stop,224,5.8743621168561315,438.62922059403445,531.6504058052656
WTW,2024-02-07,263.23142387300106,2024-04-03,260.3027989497346,5660,254.78631776044355,4.222553056278757,8.44510611255751,-16576.01706568813,-17464.978176041135,-0.3467836737908734,trailing_stop,56,-0.3467836737908734,446.9669577363558,441.9941526166494
RNR,2024-02-01,225.57479503747575,2024-04-05,222.98616902388508,6501,215.2582735303818,5.158260753546963,10.316521507093938,-16828.657714352943,-17703.486162561814,-0.25092043008979875,trailing_stop,64,-0.25092043008979875,439.9385227615889,434.889925447283
FAST,2024-01-19,32.27831135309079,2024-04-12,33.09138978044676,45129,31.296372588066202,0.4909693825122948,0.9819387650245908,36693.4163481475,35808.395575410876,0.8280337392888307,trailing_stop,84,0.8280337392888307,437.0063739160903,448.01439882053455
COR,2024-02-01,228.1478490695926,2024-04-12,230.48650129464957,3214,221.30823283804057,3.4198081157760187,6.839616231552043,7516.428251333074,7074.213010711871,0.34192740438687963,trailing_stop,71,0.34192740438687963,219.9801560729012,222.23508454830116
WM,2024-02-14,191.97219078768777,2024-04-12,198.81086159915424,7792,187.0741818729884,2.449004457349684,4.898008914699375,53286.922962946745,52373.42849968727,1.3962144476591278,trailing_stop,58,1.3962144476591278,448.7541931852989,464.74027007418294
GWRE,2023-11-16,97.00691366577148,2024-04-15,111.23864847564697,14447,91.90145876365285,2.552727451059312,5.105454902118623,205605.87279827122,204703.3157073941,2.787554700359749,trailing_stop,151,2.787554700359749,420.4376645188201,482.11942635830155
LYB,2024-03-05,86.16765926357155,2024-04-15,86.97455830530834,18433,83.28489720260774,1.4413810304819032,2.882762060963813,14873.570036334144,13916.110887399995,0.27990483594300125,trailing_stop,41,0.27990483594300125,476.4985389616244,480.96060997252454
OTIS,2024-03-15,93.87737726492344,2024-04-15,93.68022675491595,16803,91.38013290905678,1.2486221779333313,2.4972443558666555,-3312.7200196558424,-4258.179145759451,-0.07894722418506347,trailing_stop,31,-0.07894722418506347,473.22647105475255,472.23265504885586
CW,2024-03-25,247.71281139391743,2024-04-15,251.42321968804796,6471,240.57819502377527,3.567308185071082,7.134616370142169,24010.052071318663,23041.079294179246,0.5200571553725453,trailing_stop,21,0.5200571553725453,480.8848807590119,488.0878963804075
GLD,2024-04-12,222.09186511230467,2024-04-15,217.72206243896485,7101,217.41316832686636,2.339348392719155,4.678696785438319,-31029.96878338606,-31966.90439324853,-0.9339785999682898,stop_loss,3,-0.9339785999682898,473.12230024874265,463.81330961372686
BRBR,2023-08-23,40.460418167114256,2024-04-16,54.30564060974121,35308,38.488120163723025,0.986149001695616,1.9722980033912307,488847.11400427256,487843.31400328455,7.019843055573269,trailing_stop,237,7.019843055573269,428.5729333933411,575.2270675946228
EWJ,2024-01-11,61.54719029356595,2024-04-17,62.87135877777919,23428,60.24408397478644,0.6515531593897533,1.3031063187795056,31022.61924814792,30148.155917854878,1.0161630445115692,trailing_stop,97,1.0161630445115692,432.5782722592989,441.88505803374323
DTM,2024-04-03,59.23301647249859,2024-04-17,57.87902027669408,26896,57.5370985635974,0.8479589544505984,1.695917908901194,-36417.08168235817,-37362.03528448005,-0.7983854576320757,stop_loss,14,-0.7983854576320757,477.9393633132966,467.01423880858914
HLT,2023-12-12,176.22674351177005,2024-04-18,199.9671939597908,4130,170.14136888576024,3.0426873130049072,6.085374626009809,98048.06035032564,97581.95606179838,3.9012307223536364,trailing_stop,128,3.9012307223536364,218.3449352110831,247.75935331618078
HIG,2024-01-22,81.73170557907476,2024-04-18,92.79339639082471,8932,79.52998519226925,1.1008601934027522,2.201720386805505,98803.0223305506,98335.36486731205,5.024112452262595,trailing_stop,87,5.024112452262595,219.00827826968873,248.64918496885392
MGK,2024-01-22,53.40646287811397,2024-04-18,54.80779482777378,27340,52.17153287474482,0.6174650016845762,1.2349300033691506,38312.41550369928,37424.842161995584,1.1347460551097492,trailing_stop,87,1.1347460551097492,438.03980852629076,449.53353317740056
UBER,2023-11-08,50.09004091644287,2024-04-19,71.07885152435303,27598,46.84018849073354,1.6249262128546653,3.249852425709328,579249.1951571046,578245.9894290303,6.458388830787922,trailing_stop,163,6.458388830787922,414.71548476359703,588.4902433107285
ETR,2024-04-23,50.163731362516856,2024-04-25,49.72289857621275,30824,48.47749529989901,0.8431180313089216,1.6862360626178443,-13588.229805037781,-14511.901449407202,-0.26143005482857684,stop_loss,2,-0.26143005482857684,463.87405665546584,459.7975877139545
PM,2024-04-24,89.5600076288388,2024-05-01,87.38660530871417,17345,86.79391855272478,1.3830445380570169,2.766089076114028,-37697.66324256184,-38618.40494298239,-0.7857311389183339,trailing_stop,7,-0.7857311389183339,466.02549969666273,454.71620072389413
KMB,2024-04-24,123.84344806105706,2024-05-21,122.08361679596248,12543,119.84038263578068,2.0015327126381854,4.003065425276375,-22073.563558081263,-22998.962510431742,-0.43962091001125103,trailing_stop,27,-0.43962091001125103,466.0105107089516,459.3884416415272
KMI,2024-04-22,16.975801605402182,2024-05-24,17.564324833509012,90867,16.41207861940513,0.28186149299852725,0.5637229859970532,53477.3401683833,52535.77286764594,1.0439936683900028,trailing_stop,32,1.0439936683900028,462.762049343424,478.805251393939
ELV,2024-04-19,512.5779458901172,2024-05-28,499.3673012219375,3010,494.6803446928883,8.948800598614481,17.897601197228937,-39764.04045122097,-40677.82700936316,-0.7381237587428818,trailing_stop,39,-0.7381237587428818,462.8578851387759,450.92867300340953
R,2024-04-24,117.00802230920785,2024-05-30,114.42614741528442,13276,111.11074455649057,2.9486388763586335,5.897277752717272,-34276.97109172741,-35198.72710290612,-0.43780791785392564,trailing_stop,36,-0.43780791785392564,466.01955125311304,455.7364599255947
TYL,2024-04-26,459.45899999999995,2024-05-30,472.5969373168945,3393,440.09782244390004,9.680588778049962,19.361177556099904,44577.021316223305,43628.28157762843,0.6785711911802266,trailing_stop,34,0.6785711911802266,467.68331609999996,481.056422494867
BAH,2024-05-28,152.88716650087537,2024-05-30,146.99585798563268,10529,146.89557309820327,2.995796701336044,5.991593402672095,-62029.587356990225,-62976.82786643576,-0.9832624010526673,stop_loss,2,-0.9832624010526673,482.92469282631504,464.31581661921797
LDOS,2024-05-01,137.03288647930822,2024-05-31,142.32885844536275,11268,132.46136655932202,2.285759959993103,4.571519919986201,59675.012113502526,58730.65767095917,1.1584707184367957,trailing_stop,30,1.1584707184367957,463.22596945465347,481.12847308870425
HPQ,2024-05-31,34.1911166937399,2024-06-03,33.1333386057411,46501,32.52576865688281,0.8326740184285434,1.6653480368570897,-49187.738870032124,-50126.935218796476,-0.6351693847702122,stop_loss,3,-0.6351693847702122,476.97633521267966,462.22001355167015
MLI,2024-04-24,56.169818947491535,2024-06-05,54.83133906055541,27656,53.4732861206835,1.3482664134040192,2.6965328268080384,-37016.99975310555,-37937.95416086671,-0.4963707000446658,trailing_stop,42,-0.4963707000446658,466.0297538435478,454.9246539176161
DOV,2024-04-26,175.29640059931214,2024-06-05,175.84959181349655,8894,169.07154124174187,3.112429678785127,6.224859357570267,4920.082658956132,3983.154922000276,0.0888680663140853,trailing_stop,40,0.0888680663140853,467.7258560790846,469.20188087677155
RBC,2024-05-21,296.8565575561523,2024-06-05,285.714,5449,284.8101559591966,6.0232007984778715,12.046401596955718,-60715.79612347402,-61668.12421391106,-0.9249697900631334,stop_loss,15,-0.9249697900631334,485.2714146370422,467.05667579999994
BBWI,2024-06-03,48.69796700417261,2024-06-05,42.27483403881104,32840,46.145028316199394,1.2764693439866082,2.552938687973217,-210935.68658247386,-211831.95061834934,-2.515976194657814,stop_loss,2,-2.515976194657814,479.77237092510853,416.4916649503664
ENS,2024-05-24,105.66520577262852,2024-06-10,101.54002880150807,15172,101.55606152567738,2.0545721234755723,4.109144246951146,-62587.185005839514,-63530.300351527156,-1.0039017185101746,stop_loss,17,-1.0039017185101746,480.94575059469594,462.1695950929441
OLLI,2024-06-06,88.9288363342285,2024-06-10,82.85706243896485,17853,83.55938830979098,2.6847240122187634,5.369448024437531,-108399.37935214213,-109319.44744738148,-1.1308003853710271,stop_loss,4,-1.1308003853710271,476.2939545224945,443.7741407168519
WAB,2024-04-25,160.81348351585638,2024-06-12,162.08659899432152,9684,154.6345471358082,3.0894681900240917,6.178936380048185,12328.850293456451,11390.760973747882,0.20604120194149267,trailing_stop,48,0.20604120194149267,467.19533231026594,470.89398739830284
TMUS,2024-06-03,169.0816062462383,2024-06-13,168.43432560337183,9458,164.9243735242916,2.078616360973339,4.157232721946684,-6121.980320231003,-7079.648025261086,-0.1556998816663225,trailing_stop,10,-0.1556998816663225,479.75214956307656,477.9155554670073
T,2024-06-03,16.527450737719672,2024-06-14,16.00314393955852,96763,15.978173591494988,0.27463857311234185,0.5492771462246839,-50733.4987104676,-51677.82609029484,-0.9545396195069124,stop_loss,11,-0.9545396195069124,479.7737147201906,464.5536651070503
AAPL,2024-06-12,205.79467191865405,2024-06-24,205.7301507462042,7690,198.41084089296623,3.691915512843913,7.383831025687812,-496.16781613929874,-1445.5555820271265,-0.008738170229705869,trailing_stop,12,-0.008738170229705869,474.7683081163349,474.6194577714931
RTX,2024-04-05,95.39849111561969,2024-06-25,97.64907744467,16600,92.789117294182,1.304686910718846,2.6093738214376856,37359.7330622351,36398.35617080485,0.8625005396161683,trailing_stop,81,0.8625005396161683,475.0844857557861,486.29240567445663
RYAN,2024-06-24,58.77529016851416,2024-06-27,56.61758137066895,27230,56.328039361682364,1.2236254034158978,2.4472508068317964,-58754.410565325066,-59697.05493292865,-0.8816868266308076,stop_loss,3,-0.8816868266308076,480.1353453865922,462.5090222169947
KKR,2024-06-11,107.23588582222119,2024-07-02,102.82760790063807,14716,100.21046551813028,3.51271015204546,7.025420304090915,-64872.21789401721,-65799.60620610489,-0.6274753296989467,trailing_stop,21,-0.6274753296989467,473.4249887279421,453.963323359737
CASY,2024-06-13,380.47791307756006,2024-07-10,357.71110518036306,4182,361.8129043941374,9.332504341711351,18.665008683422684,-95210.79062607784,-96136.92256838424,-1.2197587626850301,stop_loss,27,-1.2197587626850301,477.34758974710684,448.7843525592835
GOOG,2024-04-29,169.44682240116583,2024-07-18,181.96081727236185,9192,161.14454542572432,4.151138487720756,8.302276975441515,115028.6408560338,114059.5991488701,1.5072967221176723,trailing_stop,80,1.5072967221176723,467.2665574534548,501.775149710265
GOOGL,2024-04-29,167.74163678821236,2024-07-18,180.3573771371795,4643,159.37048222962693,4.185577279292711,8.371154558585431,58574.88244025441,58090.01532375773,1.5070490289811302,trailing_stop,80,1.5070490289811302,233.647325882301,251.21979061437733
AMZN,2024-06-27,195.20500450134276,2024-07-18,189.40040634155272,8170,187.3660892154464,3.9194576429481787,7.8389152858963485,-47423.56696548456,-48366.234827460496,-0.7404848691544827,stop_loss,21,-0.7404848691544827,478.44746603279106,464.2203959431457
BSX,2024-04-25,73.20312725067137,2024-07-19,76.82310152435302,21275,70.69620149973169,1.2534628754698451,2.5069257509396863,77014.95267257708,76057.41026742049,1.443989425025752,trailing_stop,85,1.443989425025752,467.21895967741006,490.3234454791832
ISRG,2024-06-06,414.33393344116206,2024-07-19,448.98056268310546,3831,396.6759199863186,8.82900672742173,17.658013454843456,132731.23662588518,131739.02927548956,1.9620909979791696,trailing_stop,43,1.9620909979791696,476.19398970392757,516.0133606916932
IWF,2024-06-06,87.38666861768795,2024-07-22,90.72269307537536,18168,85.34400536457017,1.0213316265588868,2.04266325311778,60608.89234726496,59638.12508229309,1.6331739715763416,trailing_stop,46,1.6331739715763416,476.29229863384637,494.47496633802587
KMB,2024-06-14,127.89452035882262,2024-07-24,123.88837962740634,12374,124.01556784520399,1.9394762568093113,3.8789525136186285,-49571.98541054506,-50506.65389187394,-1.0327893206609533,trailing_stop,40,-1.0327893206609533,474.7700384760213,459.8984428528578
WMB,2024-07-22,41.261362674676896,2024-07-25,39.66657032118067,19614,39.95144278718728,0.6549599437448057,1.3099198874896132,-31280.25722147494,-31756.453364809167,-1.2174731971987638,stop_loss,3,-1.2174731971987638,242.79011025033378,233.40603308389132
TDG,2023-11-10,843.0872935048156,2024-07-26,1098.5657530912297,1634,806.5748161060592,18.2562386993782,36.51247739875646,417451.80296420056,416500.0046407592,6.997017945298752,trailing_stop,259,6.997017945298752,413.2813912760607,538.5169321653208
GLW,2024-05-31,35.43797844885565,2024-07-31,39.27434979584472,44865,34.25938792796297,0.5892952604463418,1.1785905208926835,172118.80048266455,171113.209900655,3.2550502307479436,trailing_stop,61,3.2550502307479436,476.9774709323727,528.613111077172
KEY,2024-07-18,14.504488780331043,2024-08-02,13.50742965623,55986,13.775934254267543,0.36427726303174957,0.7285545260634994,-55821.352121920965,-56291.834701597756,-1.3685442728471098,trailing_stop,15,-1.3685442728471098,243.61449265668415,226.86808702010782
EWBC,2024-07-25,80.42036966686614,2024-08-02,76.7016874405432,10040,76.61026861061815,1.9050505281239911,3.810101056247987,-37335.56955228232,-37808.82118828984,-0.9760061928606503,trailing_stop,8,-0.9760061928606503,242.22615343660078,231.0254825709161
SRLN,2023-06-06,32.24786993457606,2024-08-05,35.378226107068386,43969,32.02918240457035,0.1093437650028539,0.21868753000570962,137638.63054831512,136746.59500325858,14.314287478625772,trailing_stop,426,14.314287478625772,425.37197794601246,466.663567110507
FDX,2024-06-27,227.78820658894549,2024-08-05,220.73304251795847,7001,217.58248818359112,5.102859202677179,10.20571840535436,-49393.203660980114,-50335.232840479344,-0.6912951926329434,trailing_stop,39,-0.6912951926329434,478.42357029876223,463.60560920046817
USB,2024-07-18,41.59831611165307,2024-08-05,38.12280123156939,39042,39.82827077082393,0.8850226704145717,1.7700453408291423,-135691.05194822702,-136624.79350722124,-1.9635174308335197,stop_loss,18,-1.9635174308335197,487.2244372893477,446.51712170487957
HBAN,2024-07-22,13.905781643179266,2024-08-05,12.534062373557681,58200,13.275073818394825,0.31535391239222055,0.6307078247844409,-79834.0614919762,-80295.70116850843,-2.174888618339881,stop_loss,14,-2.174888618339881,242.79494748990996,218.8447290423171
BRX,2024-07-31,24.287300135634155,2024-08-05,22.93282326926386,67472,23.386233532194588,0.4505333017197838,0.9010666034395669,-91389.26312773651,-92345.0739776491,-1.5031928396857261,stop_loss,5,-1.5031928396857261,491.61381442545223,464.1970354871313
GWRE,2024-06-06,128.7586348876953,2024-08-06,141.29856243896484,12330,121.23481659899664,3.761909144349329,7.5238182886986635,154617.30670715327,153618.36513424196,1.6666972898728076,trailing_stop,61,1.6666972898728076,476.27819044958494,522.663382461731
CBRE,2024-07-26,110.10999999999999,2024-08-06,105.87402335357666,14673,105.20706449907988,2.451467750460054,4.902935500920108,-62154.485332969445,-63105.22540536955,-0.8639674426939495,trailing_stop,11,-0.8639674426939495,484.69320899999997,466.0468634001091
AFL,2024-08-02,96.31080963053756,2024-08-06,93.22399642198047,16933,92.91842871778508,1.6961904563762413,3.392380912752486,-52269.00806049719,-53231.825921763375,-0.9099252967004028,stop_loss,4,-0.9099252967004028,489.24928184216776,473.5685794240186
DHI,2024-07-19,170.18197315713954,2024-08-08,167.28611864514943,9478,160.13804868111856,5.021962238010485,10.043924476020976,-27446.909064642252,-28406.46583687288,-0.2883190249890586,trailing_stop,20,-0.2883190249890586,483.89542247501055,475.6613497556179
TLT,2024-08-06,90.74257199698997,2024-08-08,87.76554469068242,17366,88.62362659489006,1.0594727010499558,2.118945402099911,-51699.056201336876,-52629.04778765631,-1.404957061827673,stop_loss,2,-1.404957061827673,472.75065158991833,457.2409347295173
SPTL,2024-08-06,26.975590859702905,2024-08-08,26.133152126782417,29209,26.39782350907966,0.28888367531162207,0.5777673506232439,-24606.792949874543,-25072.168932042216,-1.4580933519551433,stop_loss,2,-1.4580933519551433,236.37901002631867,228.9969721413563
GOVT,2024-08-06,21.896785049926216,2024-08-08,21.5999091757763,35984,21.69754893203096,0.09961805894762882,0.19923611789525708,-10682.781455410546,-11152.33696891585,-1.490070561934907,stop_loss,2,-1.490070561934907,236.38017397096348,233.17533953434034
IEF,2024-08-06,91.09295544132016,2024-08-08,89.62473534754017,8649,90.06623502552783,0.5133602078961601,1.026720415792326,-12698.635591103139,-13167.543783392994,-1.4300096415701997,stop_loss,2,-1.4300096415701997,236.3588914835934,232.5493008062625
MCK,2024-01-04,471.7249746757563,2024-08-09,543.2776407602714,3019,455.6331536561015,8.045910509827385,16.091821019654788,216017.49890915115,215098.21104035075,4.446523858121442,trailing_stop,218,4.446523858121442,427.24130956383254,492.0465592365779
PB,2024-07-18,65.0705388535943,2024-08-13,65.7890563245022,24959,62.39470541587863,1.337916718857835,2.675833437715667,17933.477556390222,16953.64016557519,0.2685210001416565,trailing_stop,26,0.2685210001416565,487.2286737740581,492.60871704097514
TSN,2024-08-06,58.585726463630316,2024-08-13,56.67452175671981,26898,56.466711573343815,1.059507445143249,2.1190148902865005,-51407.584206478714,-52337.66525346801,-0.9019307583308674,stop_loss,7,-0.9019307583308674,472.7516611256185,457.3293858636748
EXEL,2024-08-08,26.59656969451904,2024-08-27,25.72425,59719,25.29435575954935,0.6511069674848453,1.3022139349696893,-52094.05983698248,-53031.42394638357,-0.6698743356170146,trailing_stop,19,-0.6698743356170146,476.49616367609474,460.86794572499997
GDDY,2023-11-06,85.14005530548094,2024-09-09,151.4583906097412,8140,81.49406692808556,1.8229941886976913,3.6459883773953834,539831.2493766785,539253.4759717535,18.18939844005665,trailing_stop,308,18.18939844005665,207.91201505598445,369.861389868988
CW,2024-08-13,298.325513880532,2024-09-09,294.60380453924085,5360,283.79396076396023,7.26577655828589,14.531553116571786,-19948.362069320614,-20901.792413339608,-0.25611228967996,trailing_stop,27,-0.25611228967996,479.7074263198955,473.72291769909936
TSN,2024-08-29,61.432150843780626,2024-09-11,59.19768056915439,26789,59.43270270130062,0.9997240712400031,1.9994481424800057,-59859.22418696215,-60828.68995307849,-1.117543499705233,trailing_stop,13,-1.117543499705233,493.7117666862117,475.7539994301231
REG,2024-08-05,64.14022673331169,2024-09-23,67.45627032244904,25187,61.83688299988026,1.151671866715715,2.303343733431433,83521.18987960246,82526.83358819943,1.4396651012210135,trailing_stop,49,1.4396651012210135,484.6499672195765,509.70632418345724
CBOE,2024-08-09,201.06731662482176,2024-09-26,198.92173838776873,7957,192.3368540598546,4.365231282483572,8.730462564967155,-17072.36603223096,-18027.179905451514,-0.2457576813469908,trailing_stop,48,-0.2457576813469908,479.967791515112,474.8460817054427
MAA,2024-08-05,138.47940936053573,2024-09-27,148.4705535172195,5833,132.76518979121207,2.857109784661829,5.71421956932366,58278.343865936535,57776.21012589675,1.7484704666093795,trailing_stop,53,1.7484704666093795,242.32511844000146,259.80862159978244
POST,2024-08-05,112.61249999999998,2024-10-04,113.92596091461182,14346,108.8959513348856,1.858274332557191,3.716548665114388,18842.910281021428,17867.934052937122,0.3534087759809845,trailing_stop,60,0.3534087759809845,484.66167749999994,490.3145505843064
KO,2024-08-05,65.67011607375949,2024-10-07,67.0021019654718,24601,63.82366635114729,0.923224861306101,1.8464497226121992,32768.184922014465,31789.024151219524,0.7213767455460024,trailing_stop,63,0.7213767455460024,484.66515765916716,494.49561313577146
VCLT,2024-08-15,72.11619315566317,2024-10-07,72.59588346078354,22301,70.86582901348613,0.6251820710885198,1.250364142177034,10697.573494489401,9729.406288302387,0.38364048435136106,trailing_stop,53,0.38364048435136106,482.47896706933335,485.6882391176801
CPT,2024-08-05,109.29465764756506,2024-10-08,113.51980174578937,7390,104.70345284030748,2.2956024036287945,4.591204807257583,31223.814885877615,30729.835229402546,0.9202691397136925,trailing_stop,64,0.9202691397136925,242.30625600465171,251.67340047041503
TRV,2024-09-09,229.5772863491954,2024-10-08,220.56358102844908,7101,222.06412374648497,3.756581301355208,7.513162602710423,-64006.321482619554,-64965.25657239415,-1.1997218478267138,stop_loss,29,-1.1997218478267138,489.06849310969096,469.8665966649051
IRT,2024-06-11,16.306822044692744,2024-10-09,18.08420778959985,96780,15.620580438029116,0.3431208033318147,0.6862416066636285,172015.39239210985,171016.883231901,2.59002912042656,trailing_stop,120,2.59002912042656,473.45227124560915,525.056888963242
LMT,2024-07-24,479.5805702812343,2024-10-24,543.935057135207,3403,467.1113815679623,6.234594356635998,12.46918871327199,218998.318764069,217953.41166003956,5.1610805108334645,trailing_stop,92,5.1610805108334645,489.60380420011205,555.3032998293328
TKO,2024-08-09,116.6813752307461,2024-10-25,112.89121864345417,13711,110.86712641936411,2.907124405690992,5.814248811381987,-51966.83696835968,-52911.13791874243,-0.6518738207199377,trailing_stop,77,-0.6518738207199377,479.94550073662793,464.35544964612006
CW,2024-09-23,327.6493771644061,2024-10-25,345.60261587044647,5102,314.1973918936729,6.725992635366583,13.45198527073319,91597.42387821809,90566.94437767894,1.3346162922955587,trailing_stop,32,1.3346162922955587,501.50013668784,528.9793638513054
MORN,2024-10-09,329.94202004989694,2024-10-25,328.35463045456305,5114,317.6749399204913,6.133540064702814,12.267080129405656,-8117.910390537507,-9127.869111741451,-0.1294023988258401,trailing_stop,16,-0.1294023988258401,506.1970471605519,503.7616740433906
CSL,2024-10-08,460.2205090552958,2024-10-28,414.0465913783346,1826,440.7063674467161,9.757070804289842,19.514141608579678,-84313.57367813114,-84792.4971957487,-2.3661772371611858,stop_loss,20,-2.3661772371611858,252.10879486049106,226.8147227570517
APD,2024-10-08,297.8225708346116,2024-10-30,303.2920307749339,5643,286.35503058936064,5.733770122625485,11.467540245250973,30864.16244323863,29846.53553417383,0.4769514493386964,trailing_stop,22,0.4769514493386964,504.18383016591406,513.4430788988856
FLS,2024-10-08,53.284314733542956,2024-10-30,52.562008103814236,31544,50.84477174774541,1.2197714928987708,2.4395429857975444,-22784.440328162756,-23786.085250437234,-0.2960827638347931,stop_loss,22,-0.2960827638347931,504.24012718646367,497.40479508801496
TDY,2024-10-25,476.2057409973144,2024-10-31,459.54,1801,461.0578258925182,7.57395755239809,15.147915104796198,-30014.999536163235,-30520.582960024087,-1.1002003168104384,stop_loss,6,-1.1002003168104384,257.29396186084904,248.28946200000001
TT,2023-11-02,210.3152979711202,2024-11-01,368.32384833362056,3290,198.7437973502083,5.785750310455951,11.571500620911905,519848.1306926262,519277.01385522337,13.654974885188945,trailing_stop,365,13.654974885188945,207.5811990974956,363.5356383052835
ATO,2024-09-11,130.60593444896452,2024-11-01,133.4763293795894,12620,126.94922087669998,1.828356786132268,3.656713572264536,36224.384024486026,35224.56857363112,0.7849657551513667,trailing_stop,51,0.7849657551513667,494.47406782377965,505.3413830311255
LDOS,2024-10-30,185.4602864984676,2024-11-01,181.2033604409318,9250,179.20062892983603,3.129828784315785,6.259657568631582,-39376.56603220635,-40394.05765246318,-0.680057337140636,stop_loss,2,-0.680057337140636,514.6522950332476,502.83932522358566
NTRS,2024-10-24,99.39259833099423,2024-11-04,95.38032343570671,17353,95.52581961717884,1.933389356907695,3.8667787138153926,-69625.00625792431,-70638.97461134958,-1.0376272324434523,stop_loss,11,-1.0376272324434523,517.4279276513229,496.5404257739456
CHH,2024-10-25,139.6431509296853,2024-11-06,145.73152877699704,6142,133.3168541962297,3.1631483667277975,6.326296733455592,37394.81673818867,36868.98535336114,0.962392076096326,trailing_stop,12,0.962392076096326,257.30646990303813,268.52491492449474
JKHY,2024-10-04,179.98706818494378,2024-11-07,175.75790478197254,9403,173.6236725133946,3.1816978357745875,6.363395671549171,-39766.823478138554,-40770.34447238093,-0.664607957961798,stop_loss,34,-0.664607957961798,507.7255206429079,495.79547359946633
INGR,2024-11-06,148.7202604170822,2024-11-11,145.9832048995449,11540,143.44580719459333,2.6372266112444227,5.274453222488859,-31585.620672380443,-32605.884069306605,-0.5189268730012102,stop_loss,5,-0.5189268730012102,514.8695415639386,505.3938553622244
CACI,2024-04-26,402.2718651123046,2024-11-15,487.052468536377,3876,388.5553971126616,6.8582339998215165,13.716467999643044,328609.61887170444,327575.5125365377,6.18093545847799,trailing_stop,203,6.18093545847799,467.76172475258784,566.3446104140992
INCY,2024-10-30,73.6735984725952,2024-11-15,77.07285152435303,23287,70.17359043147444,1.7500040205603795,3.500008041120765,79158.40581628446,78105.27604196078,0.9712129263192559,trailing_stop,16,0.9712129263192559,514.6911262893974,538.4386480342827
ASB,2024-11-07,25.909996304031097,2024-11-18,25.061291255683816,67447,24.439916880902626,0.7350397115642362,1.470079423128471,-57242.60939587904,-58273.96752549107,-0.5773191808515722,stop_loss,11,-0.5773191808515722,524.2654562153956,507.0926733966319
MSI,2024-11-11,498.55248239684823,2024-11-18,480.4762272952286,1804,482.7539071698534,7.899287613497416,15.798575226994842,-32609.564203321774,-33139.41454100713,-1.1441699546888837,stop_loss,7,-1.1441699546888837,269.81660347317427,260.0337342121777
J,2024-09-26,126.07743491409433,2024-11-20,131.90816119362702,13302,121.7519096372747,2.1627626384098173,4.325525276819633,77560.32097034395,76530.80365051648,1.347981090476894,trailing_stop,55,1.347981090476894,503.12461176818476,526.392708059288
DIA,2024-11-11,431.9519091711753,2024-11-20,423.21948745634734,2082,422.9773850433529,4.487262063911205,8.974524127822406,-18180.90201027185,-18715.0420646054,-0.9730233704265308,stop_loss,9,-0.9730233704265308,269.79716246831606,264.34289186523455
VTR,2024-07-03,49.29201333224343,2024-12-09,58.9588696482326,32447,47.70770171634525,0.7921558079490888,1.58431161589818,313660.48688490066,312606.7619648804,6.101612977513155,trailing_stop,159,6.101612977513155,479.81338697739073,573.9115330428609
TRGP,2024-02-22,92.47644921482126,2024-12-10,181.7719325487089,16334,88.83452376853144,1.8209627231449113,3.641925446289818,1458552.4247757206,1457208.552855403,24.518756534364723,trailing_stop,292,24.518756534364723,453.1530964424672,890.7188238751833
ENSG,2024-07-11,131.4065037874233,2024-12-10,142.08113350242414,12348,126.56187398327019,2.422314902076559,4.844629804153115,131810.32772083028,130797.22011725376,2.203394303905302,trailing_stop,152,2.203394303905302,486.78225263013087,526.32535094638
CTAS,2024-07-19,186.67515907077944,2024-12-10,206.21849935825014,8641,180.6583159460895,3.0084215623449824,6.016843124689956,168874.0034240343,167855.50519328876,3.2481053407018576,trailing_stop,144,3.2481053407018576,483.91801485918154,534.5802158863919
WMB,2024-10-14,47.637627391060015,2024-12-10,52.13724457132476,17949,46.00121990460128,0.8182037432293685,1.6364074864587366,80763.62876857186,80226.37101551601,2.7496923703289378,trailing_stop,57,2.7496923703289378,256.51433221264085,280.7434208432124
IP,2024-11-01,51.371840709602225,2024-12-10,51.95177595566233,32940,48.90577958309001,1.2330305632561076,2.4660611265122157,19103.067005219786,18082.02302533364,0.23516661441410144,trailing_stop,39,0.23516661441410144,507.6565298922892,513.3874499938552
NI,2024-11-18,35.06966655821569,2024-12-10,35.028359605023766,50394,33.9858057335269,0.5419304123443909,1.0838608246887844,-2081.6225991536453,-3141.378578294732,-0.03811093846276923,trailing_stop,22,-0.03811093846276923,530.1902329604163,529.5657461806703
PPL,2024-11-20,32.30127348516912,2024-12-10,31.31768428085128,27530,31.285421136966676,0.5079261741012217,1.0158523482024435,-27078.21079487007,-27603.63976705963,-0.968240321596248,trailing_stop,20,-0.968240321596248,266.77621771401175,258.65275447555075
GEN,2024-11-01,27.890516743689744,2024-12-11,29.176704012531946,60672,26.730254910724753,0.5801309164824959,1.1602618329649914,78035.55397519407,76996.83924987762,1.1085319126247686,trailing_stop,40,1.1085319126247686,507.6520295619432,531.0626957545015
MO,2024-11-01,49.07591325144009,2024-12-11,50.08403869840051,34481,47.53705606478332,0.7694285933283845,1.5388571866567702,34761.17353664226,33735.43324568752,0.6551130642282758,trailing_stop,40,0.6551130642282758,507.6559694468717,518.0843215078645
DE,2024-11-22,427.5838205032917,2024-12-13,430.713666237584,4224,408.5563901350678,9.513715184111948,19.027430368223918,13220.468381650688,12132.83380645265,0.16449124625462774,trailing_stop,21,0.16449124625462774,541.8342173417713,545.8003578562664
CHRW,2024-12-13,111.70087826200134,2024-12-17,106.52615734570615,15900,106.60955571110128,2.545661275450029,5.09132255090006,-82278.06256909345,-83319.00552894222,-1.0163804914266104,stop_loss,4,-1.0163804914266104,532.8131893097463,508.12977053901835
BWXT,2024-09-30,106.99771967157575,2024-12-18,116.95259972496108,7792,102.43002452495223,2.2838475733117574,4.567695146623521,77568.42537597845,77044.9191093571,2.179409906710621,trailing_stop,79,2.179409906710621,250.11786950427546,273.388397117069
GRMN,2024-10-31,199.9719273238554,2024-12-19,202.71611155867024,8543,190.43051031672746,4.770708503563959,9.541417007127933,23443.565918023163,22411.516743171138,0.2876076197869552,trailing_stop,49,0.2876076197869552,512.508052538309,519.5411223137158
TXNM,2024-11-18,44.42159604573699,2024-12-19,45.62241856375413,39785,42.87531993977385,0.7731380529815675,1.5462761059631376,47774.72387931195,46700.003542940365,0.7765899721183221,trailing_stop,31,0.7765899721183221,530.1939596038939,544.5263767676875
IWB,2024-12-02,327.8077570640274,2024-12-19,319.83752899989383,2783,321.8394277299025,2.984164667062437,5.96832933412486,-22181.14470248367,-22721.863751818437,-1.3354202856337904,stop_loss,17,-1.3354202856337904,273.68669637275644,267.0323529620114
MGK,2024-12-09,70.0010855152215,2024-12-19,69.3191416253418,12974,68.33540159968163,0.8328419577699334,1.6656839155398728,-8847.540027299287,-9389.802215375787,-0.4094077414793769,trailing_stop,10,-0.4094077414793769,272.45822504234513,269.80396303415534
IWF,2024-12-17,103.77357933941731,2024-12-19,101.28465152996871,8554,101.3659550879851,1.2038121257161063,2.4076242514322104,-21290.2884820233,-21816.508914080317,-1.0337692054597067,stop_loss,2,-1.0337692054597067,266.3037593008127,259.91667275620574
AZO,2024-12-10,3281.488170898437,2024-12-20,3217.9087529296876,541,3151.35676691346,65.0657019924886,130.13140398497717,-34396.46512109352,-35451.317241830824,-0.48857859073040816,trailing_stop,10,-0.48857859073040816,532.5855301368164,522.2665906004883
KR,2024-12-13,61.17670632449868,2024-12-20,59.79461918260484,29032,58.559276337863025,1.3087149933178275,2.6174299866356563,-40124.75390346199,-41178.365760098655,-0.5280321341738438,stop_loss,7,-0.5280321341738438,532.8246414038537,520.7872152328151
COLM,2024-12-10,88.0663853892531,2024-12-24,84.39031925352353,20191,84.13482944432204,1.9657779724655313,3.9315559449310626,-74223.45134651575,-75268.07334354844,-0.9350155987145765,stop_loss,14,-0.9350155987145765,533.4445162183227,511.1774808143681
AXON,2024-08-08,351.25089389038084,2025-01-02,603.4659373168945,4521,327.436882061926,11.907005914227422,23.814011828454852,1140264.2113312683,1138969.3288931018,10.591035447674857,trailing_stop,147,10.591035447674857,476.4015873835236,818.480850782904
OLLI,2024-12-11,113.02291366577147,2025-01-03,108.41147664642334,15720,105.31495212676388,3.8539807695037895,7.707961539007584,-72491.78994415261,-73536.07452886492,-0.5982693343773304,trailing_stop,23,-0.5982693343773304,533.0160608477782,511.2685238645324
AAPL,2024-12-23,253.40575616178077,2025-01-03,241.57318743896485,6909,245.1202439537787,4.142756104001035,8.285512208002075,-81751.21730593519,-82777.16016233645,-1.428103468532474,stop_loss,11,-1.428103468532474,525.234110796523,500.7087456047425
T,2024-09-09,19.394081445281028,2025-01-13,20.487279771641848,84059,18.763943297872736,0.3150690737041453,0.6301381474082923,91893.15811556419,90887.44191280419,1.7348550168832935,trailing_stop,126,1.7348550168832935,489.07412766266333,516.6420750973326
SEIC,2024-10-25,72.90860220678141,2025-01-13,76.80874503045347,23531,70.00531249166691,1.4516448575572514,2.9032897151144965,91774.26078382714,90717.36111447532,1.3433529569467189,trailing_stop,80,1.3433529569467189,514.683695558332,542.2159737934802
FOXA,2024-12-18,48.80628892491561,2025-01-13,47.231557698866304,36177,46.97170033817521,0.9172942933702005,1.8345885867404021,-56969.05156478585,-58011.35991797842,-0.8583566023634793,stop_loss,26,-0.8583566023634793,529.6995343310016,512.6088188615659
EBAY,2025-01-10,67.3308171447001,2025-01-14,64.20370712327666,25753,63.689086028164965,1.820865558267569,3.6417311165351407,-80532.46438171806,-81548.68696276002,-0.8586877837369499,stop_loss,4,-0.8586877837369499,520.1911601782385,496.0314208637231
CF,2025-01-14,92.1818476183781,2025-01-27,86.7116715155802,18672,87.8721248657587,2.1548613763096998,4.309722752619393,-102139.12819144226,-103141.21812822303,-1.2692640378022442,stop_loss,13,-1.2692640378022442,516.3658376191067,485.7240991616741
ISRG,2025-01-16,583.1825755615233,2025-01-28,566.0333756103515,2964,556.5011339838507,13.34072078883636,26.681441577672672,-50830.2286552732,-51852.11147905523,-0.6427388828016862,trailing_stop,12,-0.6427388828016862,518.5659461893065,503.31687759272455
PWR,2025-01-22,362.9760669523648,2025-01-28,310.6916886373492,4828,344.2738054064273,9.351130772968762,18.702261545937517,-252428.97850489532,-253404.71888209146,-2.7956179623834183,stop_loss,6,-2.7956179623834183,525.7345353738052,450.0058418223366
GLW,2025-01-22,50.956962355285675,2025-01-28,48.725187933787694,34396,49.00005892870715,0.9784517132892635,1.9569034265785277,-76764.11300184455,-77792.71317424746,-1.1404622175965224,stop_loss,6,-1.1404622175965224,525.8147031517219,502.7854692511684
APH,2025-01-23,77.31892020324493,2025-01-28,68.14097568164445,22663,73.43037477859076,1.944272712327083,3.8885454246541684,-207999.7566930317,-208988.72397916345,-2.360251332904702,stop_loss,5,-2.360251332904702,525.6836065698419,463.2836795619324
GE,2025-01-24,201.2607793239414,2025-01-28,193.7170306699878,8732,191.88080779122487,4.689985766358261,9.379971532716525,-65872.01324632284,-66906.69711738294,-0.8042400371516759,stop_loss,4,-0.8042400371516759,527.222737516997,507.4611335431
AXP,2025-01-24,320.29258381190647,2025-01-28,312.0062203774224,2743,308.30664178000035,5.992971015953062,11.98594203190612,-22729.49490078985,-23249.81358675725,-0.691340189400725,stop_loss,4,-0.691340189400725,263.5687672188178,256.74991874858085
TDY,2025-01-23,515.234690673828,2025-02-04,507.492,3401,496.9604884989318,9.137101087448125,18.27420217489623,-26332.890981689055,-27376.379024183563,-0.42369514136515096,stop_loss,12,-0.42369514136515096,525.6939548945068,517.7940876
IVZ,2025-01-29,18.247901209312037,2025-02-04,17.232128816413812,94431,17.306295979644855,0.47080261483359054,0.9416052296671822,-95920.40283377221,-96925.52724838,-1.0787667282362663,stop_loss,6,-1.0787667282362663,516.9502677289635,488.17414687883183
MIDD,2025-01-27,169.16899999999998,2025-02-10,165.7041251220703,10330,160.87165103709015,4.148674481454924,8.297348962909837,-35792.15748901353,-36829.929303766825,-0.4175881830953583,trailing_stop,14,-0.4175881830953583,524.254731,513.5170837532959
HSIC,2025-01-30,80.54045908355712,2025-02-13,77.31260939025879,21331,76.38538013188098,2.0775394758380736,4.1550789516761455,-68853.26180774687,-69863.41094883136,-0.7768443706698364,stop_loss,14,-0.7768443706698364,515.4025598134072,494.7465812710831
DE,2025-01-24,467.15841351759354,2025-02-14,461.7441166360709,3762,447.2048373979113,9.976788059841116,19.953576119682225,-20368.584868288246,-21416.944263819674,-0.2713446877415619,stop_loss,21,-0.2713446877415619,527.234985495956,521.1244100354696
RTX,2025-01-29,124.26126622103864,2025-02-18,120.93699165212254,13867,119.61677345307957,2.322246383979534,4.644492767959065,-46097.7154471595,-47117.764719737635,-0.7157454505795012,stop_loss,20,-0.7157454505795012,516.9392936061428,503.10997897199496
MCO,2025-02-14,524.2079973691866,2025-02-19,511.89949100277113,3339,505.15108860118914,9.52845438399872,19.05690876799747,-41098.10275746131,-42135.9716285635,-0.6458815811242866,stop_loss,5,-0.6458815811242866,525.0991509647142,512.7697201374758
C,2025-01-16,75.05663190377695,2025-02-24,77.74151863092952,23035,71.77296455080378,1.6418336764865877,3.2836673529731684,61846.365759959524,60790.454140689435,0.8176488171743602,trailing_stop,39,0.8176488171743602,518.6788547710506,537.2327644990385
MMM,2025-01-22,143.89172859207054,2025-02-24,141.48255904396373,12180,138.15663659504452,2.8675459985130147,5.735091997026018,-29343.68509594086,-30386.44274296293,-0.42007513556122533,trailing_stop,33,-0.42007513556122533,525.7803762754257,516.9772707466435
META,2025-01-28,664.0019241662663,2025-02-24,682.854040325972,2586,628.120259670294,17.94083224798619,35.88166449597236,48751.572388998946,47706.68153174587,0.5253969241538896,trailing_stop,27,0.5253969241538896,515.1326927681894,529.7581644848891
ACN,2025-01-29,373.3247216217291,2025-02-24,357.4155608040208,4615,358.0642839179233,7.630218851902905,15.260437703805792,-73420.77717372387,-74432.48709474232,-1.0425101249711033,stop_loss,26,-1.0425101249711033,516.868077085284,494.84184393316673
TXNM,2025-02-24,51.69061898360705,2025-02-26,49.96891375301994,33434,49.600603419990286,1.0450077818083847,2.0900155636167668,-57563.492679449504,-58583.15812470442,-0.8237762725592844,stop_loss,2,-0.8237762725592844,518.4672465293754,501.1981987255406
WMG,2025-02-18,34.97753309624676,2025-02-27,33.22735784007593,50106,33.1968854559223,0.8903238201622308,1.7806476403244602,-87694.28138569547,-88719.52366527209,-0.9828869095358583,stop_loss,9,-0.9828869095358583,525.775281996162,499.4669975804534
SOLV,2025-02-26,83.58349999999999,2025-03-03,79.68024213409424,20729,79.4865011868429,2.0484994065785465,4.096998813157086,-80910.63230236016,-81925.92053556946,-0.9527114953928805,stop_loss,5,-0.9527114953928805,519.7807114499999,495.5075217592918
SNX,2025-01-13,130.64179950727112,2025-03-04,130.74334215943279,13171,124.46025317317716,3.090773167046973,6.181546334093952,1337.4182716213413,304.6071613536941,0.016426739633352977,trailing_stop,50,0.016426739633352977,516.2049423930804,516.6061678745668
FISV,2025-02-06,229.72949999999997,2025-03-05,223.9258439025879,7603,220.27543020508722,4.7270348974563765,9.454069794912755,-44125.197308623996,-45159.93978253141,-0.613879125425436,trailing_stop,27,-0.613879125425436,523.9900165500001,510.75245735741277
MAT,2025-02-06,20.990969312667843,2025-03-05,20.429550762176515,83217,19.812115153820187,0.5894270794238275,1.1788541588476562,-46719.5675162369,-47753.6349419574,-0.47624088720196056,trailing_stop,27,-0.47624088720196056,524.0416479876841,510.0257777328129
BNY,2025-02-19,86.3312707537287,2025-03-05,83.47881313661264,10201,83.41039129523583,1.4604397292464417,2.920879458492877,-29097.920152200917,-29617.58995193053,-0.9765749178118694,stop_loss,14,-0.9765749178118694,264.1995878876359,255.4702118419757
AIG,2025-03-03,80.80726372339433,2025-03-05,78.59417884019363,21672,77.41405723908969,1.6966032421523232,3.393206484304642,-47961.97558872543,-48998.34000769685,-0.6522104957176554,stop_loss,2,-0.6522104957176554,525.3765058240205,510.98791314740294
EVRG,2025-02-27,64.96429471104622,2025-03-06,63.09573676699658,13306,63.126603363392135,0.9188456738270443,1.8376913476540864,-24863.032003524524,-25374.222037178577,-1.0167963986090252,stop_loss,7,-1.0167963986090252,259.3244716275543,251.86556202649697
WH,2024-10-25,87.51837329047532,2025-03-07,97.65857154053226,19603,83.86673802854817,1.8258176309635765,3.6516352619271544,198778.3062958662,197689.29920100953,2.77689241195065,trailing_stop,133,2.77689241195065,514.6868014839564,574.3202933727162
SBUX,2025-01-30,104.99072721099853,2025-03-07,101.22266386870372,16363,100.57216527483659,2.2092809680809657,4.418561936161936,-61656.82046996996,-62669.101385441114,-0.8527804739946307,trailing_stop,36,-0.8527804739946307,515.3889808060708,496.8919346650797
CNO,2025-02-10,40.030277823587305,2025-03-07,38.43023573287433,43505,38.41140852324847,0.8094346501694168,1.6188693003388366,-69609.83115646798,-70633.85854915013,-0.9883701484598412,trailing_stop,25,-0.9883701484598412,522.4551710145497,501.57222166760926
LNT,2025-02-25,61.60483756510416,2025-03-07,59.71415070505806,14057,59.58044750994171,1.0121950275812261,2.024390055162449,-26577.38519166806,-27088.999497102166,-0.93395383721858,trailing_stop,10,-0.93395383721858,259.79376049580077,251.82054493830037
OGE,2025-02-24,43.29235688118114,2025-03-10,41.93845874433329,39920,41.6973728446068,0.7974920182871733,1.5949840365743455,-54047.613622966295,-55068.337870897456,-0.8488474528909463,stop_loss,14,-0.8488474528909463,518.4692660090253,502.2549819221355
THG,2025-03-04,168.03436625339907,2025-03-10,159.9804561332117,10406,161.2222229557783,3.4060716488103857,6.812143297620764,-83808.98871066974,-84832.98538319625,-1.1822872432821998,stop_loss,6,-1.1822872432821998,524.5696845698612,499.42698795666024
BSX,2024-11-19,90.12002877807616,2025-03-11,94.03586725616455,19707,86.66073175205888,1.729648513008641,3.459297026017282,77169.42888768789,76080.68081474384,1.1319752101763656,trailing_stop,112,1.1319752101763656,532.7986221388641,555.9494508051705
DRI,2024-12-20,175.48531108859902,2025-03-12,182.34059142611298,9910,165.65028054214713,4.917515273225947,9.83503054645189,67935.82814476335,66872.01173658711,0.6970268475665374,trailing_stop,82,0.6970268475665374,521.7178298664049,542.0985783098339
VZ,2025-03-10,42.51245138809598,2025-03-12,38.77981067999979,39704,40.89397467587902,0.8092383561084819,1.6184767122169603,-148200.76667425118,-149169.05506619668,-2.3062677886685727,stop_loss,2,-2.3062677886685727,506.37431097388884,461.91408097161354
MCD,2025-03-10,311.0557429395273,2025-03-12,294.5289652856038,5426,299.24013118048515,5.907805879521071,11.815611759042156,-89674.29555018885,-90660.06633823772,-1.3987238232735608,stop_loss,2,-1.3987238232735608,506.33653835696254,479.4342496919059
JKHY,2025-03-10,187.21663455093076,2025-03-12,173.13861692961504,9015,179.53292964342842,3.8418524537511667,7.683704907502346,-126913.32885616124,-127887.90963379038,-1.8321913439921398,stop_loss,2,-1.8321913439921398,506.3273881429923,468.2533894861438
JAZZ,2025-02-13,137.78764389038085,2025-03-13,135.66420304870604,12685,131.09290192759454,3.347370981393155,6.69474196278631,-26935.847076644925,-27976.46808017162,-0.31718038626107764,trailing_stop,28,-0.31718038626107764,524.3508788248444,516.2701247018508
BRK-B,2025-02-25,503.6531438903808,2025-03-13,495.96353146362304,3438,488.80292136207026,7.425111264155274,14.850222528310553,-26436.887523193232,-27467.892162153352,-0.5178112591981873,stop_loss,16,-0.5178112591981873,519.4678526085388,511.53678635158076
FR,2025-03-06,55.14807802102946,2025-03-14,52.43390394100544,31002,53.158067542921756,0.9950052390538536,1.9900104781077061,-84144.82482890476,-85145.40181034086,-1.3638993914267834,stop_loss,8,-1.3638993914267834,512.9102144423865,487.6667669937152
ABT,2025-01-24,119.70148791942758,2025-03-17,123.48696158827677,14682,115.24750029517098,2.2269938121283,4.453987624256598,55578.324406043845,54507.17656134221,0.8499066428099954,trailing_stop,52,0.8499066428099954,527.2371736899107,543.9106710117238
PGR,2025-02-25,260.88450246393376,2025-03-20,255.8994663341466,6639,250.73458467749558,5.074958893219096,10.14991778643818,-33095.65486565687,-34124.93349631201,-0.4911405426798537,trailing_stop,23,-0.4911405426798537,519.6036635574169,509.6749670977198
EZU,2025-03-06,53.523686568722574,2025-03-31,51.29442132536571,31943,51.94044246253902,0.7916220530917789,1.5832441061835567,-71209.41966854829,-72213.88111468655,-1.4080363442694597,trailing_stop,25,-1.4080363442694597,512.9121360194115,491.5493101188471
NFG,2025-01-16,64.27903034383473,2025-04-07,68.78451489697122,26897,62.106835706682666,1.0860973185760336,2.1721946371520673,121184.018025712,120110.3149728094,2.074162451226543,trailing_stop,81,2.074162451226543,518.6739237474369,555.0291291551504
AZO,2025-03-07,3593.5399011230465,2025-04-07,3546.45,469,3466.759340298144,63.390280412451304,126.78056082490275,-22085.163626708916,-23089.76020579693,-0.3714284020882572,trailing_stop,31,-0.3714284020882572,505.61106408801265,498.98551499999996
VRSN,2025-01-02,207.06871230480317,2025-04-08,235.5472967927384,8375,199.17916912934473,3.944771587729222,7.889543175458442,238508.1450864575,237396.0723635999,3.609662036773175,trailing_stop,96,3.609662036773175,520.260139665818,591.8125831917553
KR,2025-03-10,65.53585767569689,2025-04-08,65.45360853105853,25755,62.49705477148277,1.519401452107059,3.0388029042141156,-2118.326720160801,-3130.4168308072967,-0.027066297891282533,trailing_stop,29,-0.027066297891282533,506.362804331272,505.72730631522376
CME,2025-06-02,276.32334677660407,2025-06-04,270.11415590472274,5967,266.58195946884143,4.870693653881322,9.741387307762636,-37050.24193251591,-38028.41970606575,-0.6374031414327818,stop_loss,2,-0.6374031414327818,494.64642306479897,483.5313504850442
RSG,2025-06-02,253.60241562423607,2025-06-10,246.6331937096566,6501,245.0330657227468,4.284674950744635,8.569349901489261,-45306.911666681095,-46282.52117556498,-0.8132731181122955,stop_loss,8,-0.8132731181122955,494.6007911919476,481.0087176919432
STE,2025-05-19,248.02140023287888,2025-06-18,234.74093816524623,6628,235.9632735502867,6.029063341296096,12.058126682592189,-88022.90258426915,-88982.82721793998,-1.101370255696939,stop_loss,30,-1.101370255696939,493.16575222305636,466.75888144777565
EBAY,2025-06-02,71.98855036414076,2025-06-25,73.20586101639891,22904,68.47961760070652,1.7544663817171255,3.5089327634342453,27881.28317932065,26883.623339842685,0.3469176340291995,trailing_stop,23,0.3469176340291995,494.647727262084,503.0121122158802
PSKY,2025-07-01,12.763389230585231,2025-07-09,12.570023805024093,130085,12.287200039321917,0.2380945956316575,0.47618919126331427,-25153.94138412068,-26142.59049454185,-0.4060684893920969,stop_loss,8,-0.4060684893920969,498.09764641820396,490.5514640029677
DRI,2025-05-19,203.45291171144746,2025-07-11,207.21033402053985,8080,193.54197461021698,4.955468550615244,9.910937101230473,30359.972257466517,29364.52454981218,0.37911877259577154,trailing_stop,53,0.37911877259577154,493.16985798854864,502.27784966578855
NFG,2025-07-16,87.82193892786199,2025-07-29,85.85095803277157,18763,84.6423247442248,1.589807091818599,3.1796141836371987,-36981.514534581554,-37959.10190428326,-0.6198805204837122,stop_loss,13,-0.6198805204837122,494.34091203104236,483.24645767066784
CCI,2025-07-25,109.95365944090865,2025-07-29,105.38511204020683,15138,105.67324808786074,2.1402056765239537,4.28041135304791,-69158.6705518241,-70136.61004862844,-1.0673150367776538,stop_loss,4,-1.0673150367776538,499.3435489849426,478.59594781939535
EFA,2025-06-03,85.87848962792472,2025-07-31,86.44546539922376,9614,83.86277694710651,1.0078563404091083,2.0157126808182113,5450.9050652689875,4953.888314179685,0.2812780693868021,trailing_stop,58,0.2812780693868021,247.69073978486048,249.32601130444118
SLV,2025-06-06,32.952918167114255,2025-07-31,33.26669923782349,50181,31.704026095814807,0.6244460356497241,1.2488920712994478,15745.84790926001,14748.957922960855,0.2512475480629401,trailing_stop,55,0.2512475480629401,496.08311596318816,500.80687033596615
MGV,2025-07-02,130.47312172227507,2025-08-04,127.31337000452372,6359,127.84956325494593,1.311779233664569,2.623558467329133,-20092.861173180823,-20584.64046344804,-1.2043763297442642,stop_loss,33,-1.2043763297442642,248.90357430958412,242.87571595762986
DIA,2025-07-24,442.1405796071837,2025-08-04,432.2447229952403,1879,433.3164187524409,4.412080427371414,8.824160854742843,-18594.314573841704,-19087.20556891869,-1.1214501610795737,stop_loss,11,-1.1214501610795737,249.23464472456948,243.65635035241692
BR,2025-07-25,247.5990244611894,2025-08-04,239.8019813397591,6722,238.56731506445442,4.515854698367491,9.031709396734982,-52411.72386225452,-53394.61673055271,-0.8632965011306702,stop_loss,10,-0.8632965011306702,499.3081927284346,483.5846755697582
VEEV,2025-05-30,277.1468651123047,2025-08-13,276.49321902465823,5935,259.84496102716435,8.650952042570182,17.301904085140336,-3879.3895301816824,-4865.1456999875445,-0.037778852803133464,trailing_stop,75,-0.037778852803133464,493.45999333245845,492.296176473404
CSGP,2025-07-24,90.9308363342285,2025-08-13,89.06085152435303,18275,87.06832529126444,1.9312555214820324,3.8625110429640586,-34173.97240047432,-35160.776829159,-0.4841370779461811,trailing_stop,20,-0.4841370779461811,498.52831020240774,488.2761184822654
EW,2025-07-28,80.53044694519042,2025-08-13,77.12279695129395,20620,77.0384215838341,1.7460126806781595,3.492025361356326,-70265.74287414522,-71240.98584088887,-0.975837699120523,stop_loss,16,-0.975837699120523,498.1613448029479,477.08162194070434
XEL,2025-08-05,72.47856039169439,2025-08-13,70.66405119004635,11507,70.10026079156228,1.1891498000660579,2.3782996001321095,-20879.557383363954,-21373.699992805283,-0.7629439123427696,stop_loss,8,-0.7629439123427696,250.20323832816823,243.93937111315904
ICE,2025-06-02,176.8512754369554,2025-08-14,179.8038402878303,4661,170.34435887950505,3.2534582787251742,6.506916557450353,13761.904769927876,13263.193921609907,0.4537579089583124,trailing_stop,73,0.4537579089583124,247.29113844349473,251.41970987447309
CBOE,2025-07-25,245.9028913313185,2025-08-28,235.97418876071552,6769,236.56857508690086,4.667158122208815,9.334316244417636,-67207.38770041156,-68185.93548695445,-1.0636775432309586,trailing_stop,34,-1.0636775432309586,499.35500142650847,479.19278511638504
DCI,2025-08-28,81.8174123148452,2025-09-02,78.63486832457534,20549,78.74438071657559,1.5365157991348046,3.0730315982696084,-65398.09645605542,-66387.23663051326,-1.0356365980948326,stop_loss,5,-1.0356365980948326,504.3798016973262,484.7603727605096
AEP,2025-07-31,109.21395998676213,2025-09-03,107.63908921524087,7573,105.72252253464885,1.7457187260566442,3.4914374521132885,-11926.496352730515,-12419.164795212546,-0.45106658593240095,trailing_stop,34,-0.45106658593240095,248.12319569392494,244.54524678810574
EWJ,2025-08-13,76.54528239490833,2025-09-03,74.74566347428757,21685,74.72385045851817,0.9107159681950747,1.8214319363901552,-39024.73629366115,-40008.95954201321,-0.9880242487607707,stop_loss,21,-0.9880242487607707,497.96533462007613,486.25791373197774
NI,2025-07-22,40.83101042027104,2025-09-05,38.66916207197123,40576,39.47220802798307,0.679401196143986,1.35880239228797,-87719.1585806132,-88686.89828032677,-1.5909953945986681,stop_loss,45,-1.5909953945986681,497.02772364387533,470.7119760696914
NOC,2025-07-23,554.2230052154288,2025-09-10,564.0680245034941,2995,531.0371807086211,11.592912253403831,23.18582450680765,29485.832767755794,28481.048277553342,0.42461372400945896,trailing_stop,49,0.42461372400945896,497.9693701860627,506.8151200163895
LQD,2025-08-04,105.86202893013085,2025-09-26,107.34438112905264,7809,104.79459622308855,0.53371635352115,1.0674327070423004,11575.688321380243,11076.209664534594,1.3887078680858194,trailing_stop,53,1.3887078680858194,248.00297517461755,251.47568167103162
BND,2025-08-04,71.33170654010655,2025-09-26,71.9966949781845,11590,70.8063643093125,0.26267111539702503,0.5253422307940525,7707.215997323338,7208.8631452442405,1.2658194965076652,trailing_stop,53,1.2658194965076652,248.0203436399505,250.33250843914746
VCLT,2025-09-11,75.03805671439663,2025-09-26,74.16834230539243,11182,73.95538328615245,0.5413367141220872,1.0826734282441777,-9725.146521484998,-10225.674307636782,-0.8033026269192362,stop_loss,15,-0.8033026269192362,251.72266505411494,248.80512109766943
T,2025-01-28,22.834524783611833,2025-10-03,26.122600037181662,75199,21.974010854062342,0.43025696477474557,0.8605139295494908,247259.97099319758,246155.51294437793,3.8210598813795515,trailing_stop,248,3.8210598813795515,515.1400287608478,589.3180200588072
GL,2025-07-28,134.05517472645118,2025-10-03,138.3241430606441,6193,128.00704185242884,3.024066437011172,6.048132874022343,26437.72089365675,25931.667359140105,0.7058324317788706,trailing_stop,67,0.7058324317788706,249.06110912427366,256.99242539237065
ORLY,2025-07-25,99.3392378616333,2025-10-07,102.81707817077637,16756,95.40885924750663,1.9651893070633324,3.930378614126667,58274.69222000138,57258.49285056966,0.8848613964677433,trailing_stop,74,0.8848613964677433,499.3584808828582,516.8408885488586
F,2025-10-06,12.210268771901978,2025-10-08,11.5587284837731,141957,11.685765549246907,0.262251611327535,0.5245032226550705,-92490.70468191111,-93502.95734493827,-1.242204547058333,stop_loss,2,-1.242204547058333,519.9999372158667,492.2527258112934
GPC,2025-09-05,136.72369418148133,2025-10-09,128.98922732213487,12265,131.62190945250313,2.5508923644891035,5.101784728978203,-94863.23602988444,-95840.92672455701,-1.5160315987882824,stop_loss,34,-1.5160315987882824,503.0748327407606,474.6158619317953
TJX,2025-08-21,135.37583972813516,2025-10-10,137.3330190748556,12414,130.92760778001724,2.224115974058966,4.448231948117922,24296.42441018751,23280.80207823341,0.43999039833085446,trailing_stop,50,0.43999039833085446,504.166702315521,511.45562963857725
USHY,2025-05-13,34.32097975131396,2025-10-13,35.58457934428825,47798,33.820069226967426,0.25045526217326997,0.500910524346537,60397.533344985,59395.12957088952,2.52260539868416,trailing_stop,153,2.52260539868416,492.1422570459914,510.26151704948694
SRLN,2025-05-15,38.11320074204925,2025-10-13,39.166612816755915,21472,37.79482236793461,0.15918918705732035,0.3183783741146442,22618.864068101484,22121.058421081085,3.30867973566365,trailing_stop,151,3.30867973566365,245.50999389998447,252.29565312041493
SPHY,2025-07-01,22.150953028395875,2025-10-13,22.49716973727764,37477,21.985110879503043,0.08292107444641583,0.1658421488928319,12975.163598761937,12473.180289695192,2.087627971496516,trailing_stop,104,2.087627971496516,249.04537999355765,252.93792907318627
WPC,2025-07-25,61.914854831636845,2025-10-13,64.93056921830927,26884,59.776116033026256,1.069369399305295,2.1387387986105892,81074.46557130157,80051.43185725395,1.4100433342451906,trailing_stop,80,1.4100433342451906,499.3556871881175,523.6780268595079
ASHR,2025-08-14,28.67456206867622,2025-10-13,31.721053523551728,58033,28.221806141183464,0.22637796374637728,0.45275592749275617,176797.03860079034,175745.55697289124,6.728772104091889,trailing_stop,60,6.728772104091889,499.22125815944617,552.2603697396831
CTRE,2025-08-15,32.79775534333286,2025-10-13,32.829613296328,50659,31.462312206789342,0.6677215682717581,1.3354431365435175,1613.8920407807605,616.5069804057866,0.023855716595763216,trailing_stop,59,0.023855716595763216,498.4504463813698,498.934613993604
IBIT,2025-10-07,71.04097122192383,2025-10-13,64.89503908538818,24402,67.6264429678372,1.7072641270433118,3.414528254086619,-149973.0359957429,-150968.1691527986,-1.7999359440590355,stop_loss,6,-1.7999359440590355,520.0625339272156,475.07062312849274
CHRW,2025-08-01,112.51499877630346,2025-10-14,122.92737536403452,14668,106.70189663653723,2.9065510698831156,5.8131021397662295,152728.7397888392,151692.69916567203,1.7911910607078698,trailing_stop,74,1.7911910607078698,495.11100061524576,540.9296225518974
BLK,2025-10-15,1182.102103969328,2025-10-22,1110.4305052021543,1450,1132.1635276353875,24.969288166970266,49.938576333940546,-103923.81821240185,-104921.06989739144,-1.435195074202834,stop_loss,7,-1.435195074202834,514.2144152266577,483.03726976293717
GLD,2025-09-02,321.14082733154294,2025-10-28,361.4481875610352,5237,315.15724777732936,2.991789777106777,5.983579554213577,211089.6455218509,210017.2299205532,6.736328958993819,trailing_stop,56,6.736328958993819,504.54435382058716,567.8712474771423
SLV,2025-09-03,37.36733183288574,2025-10-28,42.31764060974121,44958,36.24189022570257,0.5627208035915854,1.1254416071831699,222555.9819898683,221481.2388925456,4.398547863576356,trailing_stop,55,4.398547863576356,503.9881513628631,570.7549459598235
FE,2025-09-29,43.88999428056846,2025-10-29,44.617045852578606,38977,42.77489392016526,0.5575501802015982,1.115100360403197,28338.289122239505,27303.367451258604,0.652005503564953,trailing_stop,30,0.652005503564953,513.210092122115,521.7115788587868
WMT,2025-10-15,106.78541447618701,2025-10-29,102.19279892876676,16061,102.98924187419878,1.8980863009941147,3.796172601988232,-73761.99830711666,-74768.91803276575,-1.2098015630308498,stop_loss,14,-1.2098015630308498,514.5241625706119,492.39556307847687
OGE,2025-10-16,46.35153698883069,2025-10-29,43.64104947192071,18628,45.093690848744764,0.6289230700429624,1.257846140085924,-50490.961464999076,-50993.87603517634,-2.1548641209208816,stop_loss,13,-2.1548641209208816,259.0309293083814,243.8836408688817
MO,2025-07-31,58.23725538870451,2025-10-30,57.09183106182315,28406,56.17721761299859,1.0300188878529597,2.060037775705922,-32536.92342939195,-33519.73483830605,-0.5560210304827317,trailing_stop,91,-0.5560210304827317,496.2862429714621,486.5251659426445
ETR,2025-10-07,95.93184231040831,2025-10-30,93.32803296715717,9035,92.64060849000954,1.6456169101993858,3.291233820398773,-23525.41741627408,-24038.40630821392,-0.7911347188744129,stop_loss,23,-0.7911347188744129,260.0232585823617,252.9656333574795
NEE,2025-10-08,82.05554697035707,2025-10-30,80.05222515735069,20972,78.67835552433274,1.6885957230121622,3.3771914460243266,-42013.6650623698,-43033.58232148849,-0.5931916638497697,trailing_stop,22,-0.5931916638497697,516.2606793186985,503.6565797999876
IDA,2025-09-30,127.92145049440488,2025-10-31,127.42091473985997,6708,124.59238402551988,1.6645332344425008,3.329066468885003,-3357.593841487276,-3871.444817284711,-0.15035318736443143,trailing_stop,31,-0.15035318736443143,257.4291269749404,256.4218488224942
IEF,2025-10-17,95.10467093362483,2025-10-31,94.34006773938248,9058,94.41656664204382,0.3440521457905031,0.6881042915810127,-6925.77573344725,-7440.5728663172795,-1.1111734130964006,stop_loss,14,-1.1111734130964006,258.4374327950321,256.35970007499793
TEX,2025-10-28,57.789241728810104,2025-10-31,46.833964985519145,29697,53.963185991668134,1.9130278685709865,3.826055737141971,-325338.8534455116,-326270.95205645025,-2.8633343306897174,stop_loss,3,-2.8633343306897174,514.8501334861421,417.2484774524886
ITT,2025-10-30,194.51423975237827,2025-10-31,185.7440752889412,4327,185.5880834568683,4.463078147754979,8.92615629550997,-37948.50163329226,-38442.1149520474,-0.9825241876896832,stop_loss,1,-0.9825241876896832,252.49893462256225,241.11438413257454
GILD,2025-10-20,121.21899510113373,2025-11-03,118.24326092599176,14218,115.23942816478345,2.989783468175139,5.979566936350281,-42308.988502168475,-43330.390809026576,-0.49765044974281203,stop_loss,14,-0.49765044974281203,517.0475017043758,504.3548051537253
IUSB,2025-10-17,45.78320233119293,2025-11-04,45.4719922812951,18816,45.512648983718435,0.13527667373724675,0.2705533474744968,-5855.728298877583,-6370.845621426156,-1.1502724058040583,stop_loss,18,-1.1502724058040583,258.4370205191179,256.6803020294546
SPXC,2025-11-03,225.53530755615233,2025-11-04,212.7670157318115,7415,212.81553643221477,6.359885561968776,12.719771123937562,-94676.88387748718,-95651.88739564126,-1.0038145891093864,stop_loss,1,-1.0038145891093864,501.7032916586609,473.3002264954148
MMM,2025-10-22,165.01357955231344,2025-11-05,158.3097220598448,10379,157.25576777942624,3.878905886443601,7.757811772887209,-69579.33691433205,-70586.06867856183,-0.8641428393375007,stop_loss,14,-0.8641428393375007,513.8027826520383,492.92898157773874
QCOM,2025-10-28,181.3395929116175,2025-11-05,171.95449322860972,9463,169.87525752199278,5.732167694812363,11.464335389624722,-88811.19830030263,-89814.16488144612,-0.8186344313950672,stop_loss,8,-0.8186344313950672,514.804970316791,488.16161082670016
MGK,2025-10-29,85.12493153535678,2025-11-05,82.82289530437345,19913,82.98418887780798,1.070371328774399,2.140742657548799,-45840.44746757111,-46843.750990328976,-1.0753446813729677,stop_loss,7,-1.0753446813729677,508.5278284990679,494.77569425879653
VUG,2025-10-29,84.02853014619615,2025-11-05,81.81538667519438,10086,81.93109402305497,1.048718061570592,2.097436123141179,-22321.765048523866,-22823.57557204203,-1.055166089009331,stop_loss,7,-1.055166089009331,254.25352651636027,247.55699700180315
GOVT,2025-10-15,22.72882700228504,2025-11-06,22.61898272217077,37730,22.598319101959998,0.06525395016252175,0.13050790032504267,-4144.424688711418,-4657.716546982533,-0.8416676679395835,stop_loss,22,-0.8416676679395835,257.26759283886435,256.02426543225096
NUE,2025-10-29,151.31839865909834,2025-11-06,144.63609353139208,11202,142.77739247402428,4.270503092537024,8.541006185074053,-74855.1820405655,-75849.76670702087,-0.782379146309952,stop_loss,8,-0.782379146309952,508.5206105337659,486.06405592159626
AMZN,2025-11-04,250.63038488769527,2025-11-14,234.82493756103514,6644,237.18890228411328,6.720741301791,13.441482603581989,-105011.3920383299,-105979.00158703471,-1.1758708315739048,stop_loss,10,-1.1758708315739048,499.5564831581542,468.0530655466552
ROL,2025-11-05,59.39924204373665,2025-11-14,57.342085470093636,27831,56.84305527161885,1.2780933860588997,2.5561867721177975,-57252.7246010587,-58227.432966869914,-0.8047755336511117,stop_loss,9,-0.8047755336511117,495.9420915957704,478.76627421545277
FLS,2025-10-30,68.65768587046296,2025-11-17,66.6635049770204,24521,64.3938640324859,2.131910918988532,4.263821837977062,-48899.30968810504,-49894.77296433638,-0.46769798767874526,stop_loss,18,-0.46769798767874526,505.06653456888665,490.39674166245516
AME,2025-10-31,198.34427986592212,2025-11-18,190.2200612595392,4195,190.19895944414873,4.0726602108867,8.145320421773391,-34081.09705377637,-34570.10527708277,-0.997409332684561,stop_loss,18,-0.997409332684561,249.616276211263,239.3919470951301
JCI,2025-11-06,120.39950353268026,2025-11-19,113.93438338243294,13820,114.48750795491186,2.9559977888841953,5.911995577768394,-89347.96047641791,-90319.50877156797,-1.0935597067357263,stop_loss,13,-1.0935597067357263,499.1763416464924,472.371953503567
DD,2025-11-05,37.62390792220909,2025-11-20,37.8741283196366,43939,35.65342302899824,0.9852424466054259,1.9704848932108519,10994.434042567133,9999.241578237996,0.12698417444844118,trailing_stop,15,0.12698417444844118,495.9470670581836,499.24539727095373
RTX,2025-10-22,172.68164168910346,2025-11-24,167.85171704725263,9919,165.13614329757635,3.7727491957635464,7.545498391527104,-47908.02252251832,-48921.34763811009,-0.6401067750904806,trailing_stop,33,-0.6401067750904806,513.8487611742651,499.4763544175096
AEP,2025-10-30,118.90907195455289,2025-12-04,116.30094195022085,14158,114.82969552483695,2.0396882148579714,4.079376429715936,-36925.904601333015,-37924.935614392154,-0.6393452649609134,trailing_stop,35,-0.6393452649609134,505.0543922197679,493.97662083936797
CAH,2025-10-31,191.3202128246337,2025-12-04,198.46333337156807,8699,182.17961996036897,4.570296432132363,9.140592864264732,62138.00563778208,61120.78751727385,0.7814723457228352,trailing_stop,34,0.7814723457228352,499.2883594084466,517.9297610997812
POR,2025-11-05,46.34407954672505,2025-12-05,47.47377650524117,17835,44.90223949312495,0.7209200268000491,1.441840053600096,20148.145255135012,19646.172816328966,0.7835105951561044,trailing_stop,30,0.7835105951561044,247.96399761475237,254.0084411912929
ORI,2025-11-17,41.08421703271396,2025-12-05,40.21698376356259,40629,39.476743442052125,0.8037367953309161,1.607473590661833,-35234.82049235102,-36225.77643849659,-0.5395007881867041,trailing_stop,18,-0.5395007881867041,500.76319614664067,490.1927499989353
BG,2025-10-16,92.31921751977214,2025-12-10,90.50104162650432,18705,87.00823419691683,2.655491661427653,5.310983322855307,-34008.980083574585,-35034.87596777392,-0.3423426101609989,trailing_stop,55,-0.3423426101609989,518.0492891122013,507.84659508712895
WELL,2025-11-18,196.81538038414703,2025-12-10,195.0828259832693,8465,189.65088166967524,3.5822493572358995,7.16449871447179,-14666.073003430116,-15661.29849850017,-0.24182493010684836,trailing_stop,22,-0.24182493010684836,499.8126584855414,495.4128365845123
OHI,2025-11-19,43.64837092590473,2025-12-12,42.58127739285247,38209,42.0455584251972,0.8014062503537648,1.602812500707529,-40772.576804393735,-41761.001394177154,-0.6657631710391649,trailing_stop,23,-0.6657631710391649,500.32818141236805,488.09640837105
STAG,2025-10-16,37.0202082944358,2025-12-15,37.379513946879584,23324,35.70457416346276,0.6578170654865177,1.315634130973038,8380.445037598887,7859.8553011319555,0.27310453870487983,trailing_stop,60,0.27310453870487983,259.0378014778262,261.5519349891058
WCC,2025-10-31,248.84410428681545,2025-12-18,253.90130904263697,6688,231.71561200343476,8.564246141690349,17.128492283380695,33822.5854069343,32813.87700963008,0.29525101638562684,trailing_stop,48,0.29525101638562684,499.2808108410665,509.42758646314684
CSCO,2025-11-14,75.83763624837323,2025-12-18,75.439028383519,22122,72.59750146033129,1.620067394020971,3.240134788041942,-8818.00318630522,-9821.965898801238,-0.12302200091345944,trailing_stop,34,-0.12302200091345944,503.3040567259538,500.6586557700622
ST,2025-12-10,34.23798445109699,2025-12-30,32.9382394874799,49004,32.096691206163534,1.0706466224667277,2.1412932449334576,-63692.70219709208,-64680.27330045789,-0.6069906430109178,trailing_stop,20,-0.6069906430109178,503.3394570124671,484.2316463533394
UBSI,2025-12-18,39.8286868543162,2025-12-30,38.25802724717522,21240,38.40422184474489,0.7122325047856555,1.424465009571314,-33360.810055674454,-33858.37859792916,-1.1026312310849,stop_loss,12,-1.1026312310849,253.78839263570285,243.7801496190005
DCI,2025-11-06,86.39488796722168,2026-01-02,88.42069667281876,19260,83.48738676762596,1.4537505997978566,2.907501199595714,39017.07566979988,38006.991221749726,0.6967524917543536,trailing_stop,57,0.6967524917543536,499.1896626746069,510.89478537554686
ROK,2025-12-05,401.27794539479123,2026-01-02,389.0527113561536,2109,382.4347467512409,9.421599321775185,18.843198643550352,-25783.018587486717,-26283.06079401304,-0.6487876219901795,trailing_stop,28,-0.6487876219901795,253.88855605128444,246.1536504750384
R,2025-12-12,195.03766448068166,2026-01-06,186.38448625614413,8799,185.02860542471117,5.0045295279852375,10.009059055970482,-76139.3151977057,-77146.1552490057,-0.8645346356884405,stop_loss,25,-0.8645346356884405,514.8409229296553,491.9991283703437
UGI,2025-11-24,36.94088283760103,2026-01-08,36.28312428966293,45293,35.50693969731251,0.7169715701442592,1.4339431402885197,-29791.857911760428,-30786.818398204978,-0.4587061574880547,trailing_stop,45,-0.4587061574880547,501.9490219090391,493.0114645355109
C,2025-12-22,114.18705165869545,2026-01-14,116.62960278000965,7435,109.22539993927693,2.4808258597092636,4.961651719418526,18160.367586971046,17645.531039245514,0.4922858877326535,trailing_stop,23,0.4922858877326535,254.69421872472017,260.1423290008115
HLT,2025-12-18,292.87830136674415,2026-01-21,291.5146332902924,5776,281.32301335004547,5.777644008349332,11.555288016698682,-7876.546809585279,-8889.182886758992,-0.11801246965727659,trailing_stop,34,-0.11801246965727659,507.4995206082943,505.13655656541863
PLD,2025-10-16,122.04361628671342,2026-01-23,125.79106861787677,14150,116.94836356481814,2.547626360947642,5.095252721895278,53026.450485961526,51974.39224854154,0.7354791873344845,trailing_stop,99,0.7354791873344845,518.0751511370985,533.9830862828869
IVZ,2025-12-05,24.87849632606416,2026-01-28,26.451263034797236,68062,23.4203391115613,0.7290786072514297,1.458157214502858,107045.6477297907,105997.565905305,1.0785988596361977,trailing_stop,54,1.0785988596361977,507.9840650833736,540.0977594023109
NVST,2025-12-11,22.192170076370235,2026-01-30,23.306669923782348,38301,20.888039053045475,0.6520655116623811,1.3041310233247607,42686.458655731316,42163.66333447756,0.8545919293989331,trailing_stop,50,0.8545919293989331,254.99469182851692,267.8006294252363
GLW,2026-01-28,107.63173828003313,2026-01-30,103.15546183197932,16222,99.91693152294285,3.857403378545141,7.714806757090287,-72614.1565403289,-73639.97352839402,-0.5802188685983471,stop_loss,2,-0.5802188685983471,523.8006175136093,502.01637055151053
NLY,2026-01-05,22.06166429915916,2026-02-02,22.17216327285897,76716,21.396376216651685,0.3326440412537369,0.6652880825074732,8477.039266354785,7459.0065715503015,0.16609191808057205,trailing_stop,28,0.16609191808057205,507.74479151228815,510.28790329219464
GLD,2026-01-21,447.31686511230464,2026-02-02,433.57599975585936,3873,433.56379486817343,6.876535122065613,13.753070244131209,-53218.371525512586,-54241.8809452029,-0.9991125699593417,stop_loss,12,-0.9991125699593417,519.7374655739868,503.771954116333
GS,2026-01-06,941.2358378485148,2026-02-05,892.1208370465374,1804,899.6269080473801,20.804464900567393,41.608929801134764,-88603.46144676728,-89595.6740792205,-1.1803956755609215,stop_loss,30,-1.1803956755609215,509.3968354436163,482.815797009586
EZU,2026-01-05,65.13506969451903,2026-02-06,66.77315634155273,12992,64.03491508610473,0.5500773042071503,1.1001546084143001,21282.021718261865,20767.896216463672,1.488960401115573,trailing_stop,32,1.488960401115573,253.8704476413574,260.2550541568359
FTV,2026-02-05,60.724280299043755,2026-02-12,58.87657070139476,14433,57.81328494603371,1.4554976765050236,2.910995353010044,-26667.99262286792,-27185.85234761472,-0.6347346435089338,stop_loss,7,-0.6347346435089338,262.9300612668295,254.92966347996918
EXPD,2025-11-05,132.9152315169131,2026-02-13,139.65977985393712,12437,126.86056443204889,3.0273335424321113,6.054667084864221,83881.94766756766,82864.94304264187,1.1139420619647933,trailing_stop,100,1.1139420619647933,495.9200203127545,521.0846046130248
NTRS,2026-01-23,150.23773618717442,2026-02-13,142.14551152852658,11621,143.48650939120614,3.375613397984145,6.751226795968279,-94039.7427581465,-95059.07847465774,-1.198630249465235,stop_loss,21,-1.198630249465235,523.7738196693462,495.5618968419022
EWJ,2026-02-12,94.094,2026-02-18,91.45845304870605,9578,91.71223696854065,1.1908815157296684,2.381763031459343,-25243.26869949342,-25776.435118083573,-1.1065529678992063,stop_loss,6,-1.1065529678992063,270.3696996,262.79671899015193
CFG,2025-12-11,56.9946336363833,2026-03-02,58.668775515766015,14913,54.44849365504838,1.2730699906674572,2.5461399813349175,24966.47784723445,24449.01132102865,0.6575215391358724,trailing_stop,81,0.6575215391358724,254.98829142581522,262.4782347799856
SPHY,2025-12-19,22.93947800575192,2026-03-04,23.065735254174854,36812,22.810794359903706,0.06434182292410662,0.1286836458482128,4647.781828945065,4139.718655787738,0.9811444771456016,trailing_stop,75,0.9811444771456016,253.3344193043219,254.7287538530054
IEMG,2026-01-05,69.45938938903808,2026-03-04,71.68824213409424,24366,68.10304901897936,0.6781701850293618,1.3563403700587173,54308.225986038364,53276.46502913057,1.6432842332634172,trailing_stop,58,1.6432842332634172,507.7342445559906,524.0267123518021
EFA,2026-01-05,97.35726213836669,2026-03-04,100.68921091461182,8692,95.86451983777705,0.7463711502948219,1.49274230058964,28961.298763122646,28444.8727799897,2.2320991204771192,trailing_stop,58,2.2320991204771192,253.86879675200498,262.5571863809418
WMS,2026-02-06,171.57419559425836,2026-03-04,162.83240488596314,5086,162.2473911521784,4.663402221039981,9.326804442079947,-44460.74754238945,-44970.98513340217,-0.9372760802032779,stop_loss,26,-0.9372760802032779,261.7879076377194,248.4496833750026
LECO,2026-01-30,265.0057537613978,2026-03-06,267.2146271063259,3281,252.86760710957634,6.069073325910719,12.138146651821444,7247.313444709169,6723.448923821068,0.1819778099811193,trailing_stop,35,0.1819778099811193,260.84516342734383,263.0193574607566
KO,2026-02-02,74.57225798337466,2026-03-06,76.19925867992183,23076,72.53556961405914,1.0183441846577583,2.036688369315513,37544.668073522516,36500.907017965845,0.798846166678887,trailing_stop,32,0.798846166678887,516.2488275673061,527.5122279893627
EMB,2025-06-25,87.35731703050251,2026-03-09,93.7328788653205,9463,86.4449529656011,0.4561820324507022,0.9123640649014106,60331.94164288261,59817.84468575395,6.987958075164792,trailing_stop,257,6.987958075164792,247.99868731789357,266.0982698107583
JAVA,2025-12-04,71.15907559652969,2026-03-09,72.12542902613369,11860,69.64213267020565,0.758471463162014,1.5169429263240346,11460.95167510342,10951.145407655984,0.6370400710761978,trailing_stop,95,0.6370400710761978,253.18399097245265,256.62227647498366
IEX,2026-01-16,193.35491493350798,2026-03-09,193.3568160316674,4558,186.39800924067555,3.4784528464162134,6.956905692832436,8.665205410581052,-520.1244155111997,0.0002732677778522325,trailing_stop,52,0.0002732677778522325,264.3935106800788,264.396110241702
WM,2026-03-06,243.28920986906343,2026-03-11,232.9946745479092,7377,233.9636993625275,4.662755253267956,9.32551050653592,-75942.78706415475,-76996.85092875795,-1.1039111814778562,stop_loss,5,-1.1039111814778562,538.4233503612243,515.6405142419778
TXNM,2025-05-20,54.99463407713822,2026-03-12,58.072240042155094,29925,51.894230198984296,1.550201939076964,3.1004038781539265,92097.35850312989,91082.30064072393,0.9926467924718798,trailing_stop,296,0.9926467924718798,493.7143274275084,521.3435349784473
VCIT,2025-07-30,79.22839546203612,2026-03-12,81.94835170968872,10461,78.65767355817383,0.28536095193114647,0.5707219038622924,28453.46230669389,27947.641321044866,4.765817168126236,trailing_stop,225,4.765817168126236,248.64247347850795,257.1785121705161
DG,2025-12-05,124.1940728950791,2026-03-13,134.15887765579794,13634,117.42283861780795,3.385617138635572,6.771234277271148,135860.1481076406,134803.4328692974,1.4716378658123637,trailing_stop,98,1.4716378658123637,507.9785969554526,548.7366413877447
HON,2026-01-30,224.6110680683332,2026-03-13,233.9686684572298,7744,216.2686386280235,4.171214720154856,8.3424294403097,72465.25741161527,71399.88496771907,1.1216876877233992,trailing_stop,42,1.1216876877233992,521.8164333363517,543.5560105598362
HWM,2026-02-13,248.96916143663512,2026-03-13,244.90684725772084,7156,234.39518379538026,7.286988820627431,14.573977641254857,-29069.92026431057,-30130.173279775612,-0.27873750591019175,trailing_stop,28,-0.27873750591019175,534.4869957721684,525.766019692875
TKR,2025-12-11,87.36255232253988,2026-03-16,98.31629768568177,9729,83.17174718300654,2.095402569766669,4.190805139533339,106568.98863800746,106027.04777848847,2.613756783824511,trailing_stop,95,2.613756783824511,254.98508146379714,286.9557780551994
KRG,2026-02-18,25.557571460160577,2026-03-16,25.07201887502729,34988,24.57705120473411,0.49026012771323246,0.980520255426466,-16988.513848643473,-17519.942280637737,-0.49519893387832387,stop_loss,26,-0.49519893387832387,268.2624930744295,263.1659389198365
FRT,2026-01-08,99.87680268987371,2026-03-23,103.77898915965706,17101,96.92482551036045,1.475988589756629,2.951977179513264,66731.29081976498,65686.47551083933,1.3218891043144025,trailing_stop,74,1.3218891043144025,512.3979608398591,532.4173480857886
REG,2026-03-02,77.33683245340472,2026-03-23,75.40162950147814,11812,74.68367858403599,1.3265769346843708,2.6531538693687367,-22858.61726815681,-23399.86128194013,-0.7293971805664727,stop_loss,21,-0.7293971805664727,274.05079948188495,267.193214301438
PNW,2026-03-04,101.164948878096,2026-03-23,97.35842348686319,17771,97.35172263801837,1.9066131200388103,3.8132262400776256,-67645.76272759827,-68704.15038268757,-0.9982427350429963,stop_loss,19,-0.9982427350429963,539.3406919537931,519.0469631355137
KR,2026-03-09,73.27756452070024,2026-03-26,70.31880506197163,24258,69.17592895661348,2.050817782043383,4.101635564086763,-71773.58694983856,-72818.5951698395,-0.7213608845785843,trailing_stop,17,-0.7213608845785843,533.2701480429439,511.7380719579923
CVX,2026-02-02,170.37108460854031,2026-04-09,192.3538784862591,10100,164.18546662219782,3.0928089931712432,6.185617986342493,222026.21816495978,220927.16152678253,3.55385572246065,trailing_stop,66,3.55385572246065,516.2243863638772,582.8322518133651
JNJ,2025-08-05,166.549127089011,2026-04-21,227.81049834502684,10015,161.19721515703688,2.675955965987051,5.351911931974115,613532.6331289987,612347.7796343821,11.446632910758469,trailing_stop,259,11.446632910758469,500.39685233893357,684.4566422776331
NTRS,2026-04-22,171.11704356146663,2026-04-24,164.19234380227292,5196,162.75227783984872,4.182382860808962,8.364765721617914,-35980.73994877054,-36503.42022179314,-0.8278414470470475,stop_loss,2,-0.8278414470470475,266.7372475036141,255.94302551898303
SCI,2026-04-24,86.82673786163329,2026-05-01,80.72918756103516,20411,83.14995939059745,1.8383892355179263,3.6767784710358455,-124457.09918550843,-125483.09438364906,-1.6583948009465712,stop_loss,7,-1.6583948009465712,531.6661639481392,494.3290341924866
SNA,2026-04-24,389.53321625002013,2026-05-05,371.3215168343314,4549,370.7000243204119,9.416595964804102,18.833191929608233,-82845.02064196796,-83883.35909620817,-0.967000149722764,stop_loss,11,-0.967000149722764,531.5959802164025,506.74247402381206
UNP,2026-04-24,271.74107597276156,2026-05-06,263.8040020509597,6521,260.5938284723646,5.5736237501984895,11.147247500396986,-51757.65904406999,-52805.345880207795,-0.7120209649529362,stop_loss,12,-0.7120209649529362,531.6070669255134,516.0797692122925
NEE,2026-04-24,96.629476781595,2026-05-08,93.10417980310379,18340,92.48238337720684,2.0735467021940814,4.147093404388158,-64653.946585528836,-65697.86116405785,-0.8500645234469507,stop_loss,14,-0.8500645234469507,531.6553812523357,512.2591972766771
TSN,2026-05-05,68.53143531301727,2026-05-12,66.8193667779492,25413,65.36782381698927,1.5818057480140015,3.163611496027997,-43508.79768168487,-44540.69866174619,-0.5411753425531612,stop_loss,7,-0.5411753425531612,522.4768096829124,509.4241703784069
VLY,2026-04-24,13.823810420036315,2026-05-13,13.12686034297943,128204,13.066311827102352,0.3787492964669819,0.7574985929339633,-89351.78767900083,-90388.34281735132,-0.9200678173637781,stop_loss,19,-0.9200678173637781,531.6803373271007,504.8748010234005
IEX,2026-04-30,218.6302039634951,2026-05-18,207.73115344968508,7982,207.5384046674275,5.545899648033801,11.091799296067592,-86996.2212012315,-88017.18610769311,-0.9826224062379205,stop_loss,18,-0.9826224062379205,523.5318864109853,497.4330200506158
VTR,2026-05-14,91.06097122192382,2026-05-18,87.55235939025879,19232,87.4076732338505,1.826648994036662,3.6532979880733194,-67477.62274658197,-68508.15021888202,-0.9603957419075501,stop_loss,4,-0.9603957419075501,525.3853795620117,505.1420927380371
COST,2026-05-20,1090.4593651123046,2026-05-22,1038.9500002441407,1605,1050.2643001888148,20.097532461744887,40.19506492348978,-82672.530613403,-83697.84122282213,-1.2814848033262427,stop_loss,2,-1.2814848033262427,525.0561843015747,500.25442511755375
THG,2026-05-01,188.57119324904994,2026-05-29,186.22599234381244,9338,180.1870007275206,4.192096260764674,8.384192521529343,-21899.48605310782,-22949.442888827663,-0.2797169672828221,trailing_stop,28,-0.2797169672828221,528.2633407678885,521.6934949519562
DTM,2026-05-01,147.92777877807615,2026-06-01,139.43043731689454,11904,140.27382428584758,3.826977246114282,7.653954492228564,-101152.35275390583,-102178.5664152242,-1.1101897025660883,stop_loss,31,-1.1101897025660883,528.2796835722655,497.93397774609383
HR,2026-05-04,18.861705500172796,2026-06-02,19.490490228652956,92748,18.083065959818132,0.3893197701773328,0.7786395403546642,58318.52599707781,57251.399162240676,0.8075427664433183,trailing_stop,29,0.8075427664433183,524.8156385190078,542.3111963181314
LNT,2026-05-04,73.48341366577148,2026-06-02,69.83010152435303,11903,70.83166658349437,1.3258735411385585,2.6517470822771116,-43485.37441930385,-43997.13265069627,-1.3777000702047635,stop_loss,29,-1.3777000702047635,262.40192185910337,249.3563095333122
CYTK,2026-05-06,78.45837725067138,2026-06-03,70.57935152435303,22267,72.07384108409242,3.192268083289476,6.384536166578954,-175442.26584793063,-176437.85277992065,-1.2340795824076582,stop_loss,28,-1.2340795824076582,524.1098058722099,471.4771261178307
TXNM,2026-05-04,59.05899999999999,2026-06-09,58.021921829223636,29621,58.48745932419957,0.2857703379002096,0.5715406758004207,-30719.292496566384,-31759.708692217417,-1.8145308193926288,stop_loss,36,-1.8145308193926288,524.8159916999999,515.60020395103
BKH,2025-10-17,60.741485807131056,2026-06-10,69.52040634155273,14182,58.962632702903086,0.8894265521139848,1.77885310422797,124502.65101916816,123948.43877283236,4.935157666226612,trailing_stop,236,4.935157666226612,258.4307255150198,295.78152082077025
MSCI,2026-05-29,627.7070971069335,2026-06-10,603.9554375610352,2833,595.9925108117083,15.85729314761259,31.714586295225217,-67288.45149352986,-68335.24148174417,-0.7489191038091586,stop_loss,12,-0.7489191038091586,533.4882618311829,513.3017263831239
ROIV,2025-09-10,13.503489770889281,2026-06-11,29.729999542236328,124265,12.801314754309377,0.351087508289952,0.7021750165799041,2016387.2367364408,2014775.5138715922,23.108924966288015,end_of_backtest,274,23.108924966288015,503.403346913867,1108.3195179347993
ROST,2025-11-24,172.443658449023,2026-06-11,239.11000061035156,9702,165.62253384546244,3.4105623017802706,6.821124603560548,646796.8516492099,645598.9835691516,9.77351185265396,end_of_backtest,199,9.77351185265396,501.9145122817263,695.9535677764893
EQIX,2026-02-13,947.8570833986181,2026-06-11,1043.1800537109375,1879,899.4529554007797,24.20206399891918,48.40412799783837,179111.86121684816,177989.5135826595,1.9693148963777702,end_of_backtest,118,1.9693148963777702,534.307037911801,588.0405962768555
BNY,2026-04-17,135.55787978964625,2026-06-11,142.08999633789062,13082,129.92491064423086,2.8164845727076906,5.632969145415387,85453.1486841329,84363.49182948277,1.1596222843792414,end_of_backtest,55,1.1596222843792414,532.0104550224457,557.6463996276856
JBHT,2026-04-17,238.7944847634069,2026-06-11,289.1400146484375,7426,224.29140258437445,7.251541089516218,14.503082179032447,373865.90492623724,372689.77244844753,3.471367621278233,end_of_backtest,55,3.471367621278233,531.9863531559179,644.1461246337891
AIT,2026-04-29,302.19344630523636,2026-06-11,318.8900146484375,5812,286.44479227918345,7.874327013026461,15.748654026052918,97040.455210685,95957.53408816618,1.060190179781719,end_of_backtest,43,1.060190179781719,526.90449297781,556.0166295410156
FRT,2026-05-04,114.44433183288572,2026-06-11,124.72000122070312,15285,110.68364385777137,1.880343987557173,3.760687975114351,157063.606592789,155966.91854357175,2.7323908433283277,end_of_backtest,38,2.7323908433283277,524.7844836196975,571.9035655975342
LAMR,2026-05-04,139.66952877807617,2026-06-11,152.36000061035156,12525,134.04671441121252,2.8114071834318186,5.6228143668636505,158948.15969924929,157850.85874257228,2.256960839230766,end_of_backtest,38,2.256960839230766,524.8082543836211,572.492702293396
GWW,2026-05-08,1238.305197006383,2026-06-11,1313.9599609375,1407,1175.9421328872277,31.18153205957766,62.3630641191553,106446.25285108166,105368.94172791355,1.2131341684328671,end_of_backtest,34,1.2131341684328671,522.6886236563943,554.6224995117187
ARMK,2026-05-13,48.31562620203418,2026-06-11,54.529998779296875,36185,45.67565118320039,1.3199875094168987,2.6399750188337947,224867.07170825056,223750.63102626574,2.3539512809510916,end_of_backtest,29,2.3539512809510916,524.4902802361821,591.9504017486572
D,2026-05-19,66.60031278391101,2026-06-11,66.69000244140625,26406,63.6232118868919,1.4885504485095535,2.977100897019106,2368.3450958193644,1312.445876667446,0.030126509177114583,end_of_backtest,23,0.030126509177114583,527.5943578115862,528.3048613403321
KIM,2026-06-11,25.55553068733215,2026-06-11,25.75,68760,24.70050482047396,0.4275129334290956,0.8550258668581918,13371.709939041279,12313.379452022991,0.22744260753470508,end_of_backtest,0,0.22744260753470508,527.1594870182877,531.171
