ticker,entry_date,entry_price,exit_date,exit_price,shares,stop_loss,atr_at_entry,R,gross_pnl,net_pnl,pnl_r_multiple,exit_reason,holding_days,gap_adjusted_loss_multiple,entry_commission,exit_commission
EXC,2004-11-02,12.86642436678616,2004-11-03,12.73880992612403,39517,12.474275897574378,0.19607423460589177,0.3921484692117829,-5042.9398516454,-5346.49246471128,-0.32542378889973694,stop_loss,1,-0.32542378889973694,152.53274751068662,151.019865555193
AMD,2004-11-03,18.118100381851193,2004-11-04,17.13284961891174,28033,17.024984349834973,0.5465580160081098,1.0931160320162192,-27619.53463748163,-27915.991601893045,-0.9013231295512023,stop_loss,1,-0.9013231295512023,152.37141240133033,144.08555201008585
PGR,2004-10-28,11.99320719522174,2004-11-22,11.934251917767124,42163,11.61601728008581,0.18859495756796418,0.37718991513592925,-2485.731363318929,-2788.387400893214,-0.15630130893973931,trailing_stop,25,-0.15630130893973931,151.70087849164025,150.95515908264457
DUK,2004-10-28,15.79610883160245,2004-12-02,16.17232353474434,32012,15.316864090237692,0.23962237068237888,0.4792447413647576,12043.3850769782,11736.373039904753,0.7850158189958104,trailing_stop,35,0.7850158189958104,151.6995107751773,155.31252629827074
PCG,2004-11-02,19.672379094068685,2004-12-02,19.94306426672998,25846,19.196578836583562,0.2379001287425609,0.47580025748512256,6996.128972603839,6688.958747872879,0.5689050571179214,trailing_stop,30,0.5689050571179214,152.53569301958976,154.63453171137093
HAL,2004-10-28,13.107807415368494,2004-12-03,13.691048424399133,38577,12.467179571500694,0.3203139219339006,0.6406278438678008,22499.688405374945,22189.54256685573,0.9104209481581563,trailing_stop,36,0.9104209481581563,151.69796599880112,158.44787252041363
BALL,2004-10-29,8.140808952321095,2004-12-07,8.698602551105065,62288,7.817499373959893,0.16165478918060078,0.32330957836120167,34743.84768105594,34429.179701938316,1.7252615948198193,trailing_stop,39,1.7252615948198193,152.1224124066529,162.5455667109697
TGT,2004-11-01,29.885515929015597,2004-12-08,30.457520211028225,17000,28.771883715067673,0.5568161069739622,1.1136322139479233,9724.072794214677,9416.323309900452,0.5136384120793552,trailing_stop,37,0.5136384120793552,152.41613123797953,155.33335307624395
CNX,2004-11-23,15.343604063891211,2004-12-08,14.279354078783882,35094,14.521038111144742,0.41128297637323463,0.8225659527464693,-37348.78897735661,-37660.665405274325,-1.2938172088862907,trailing_stop,15,-1.2938172088862907,161.54053230545944,150.33589561225247
ELV,2004-12-02,42.9274380335847,2004-12-08,40.858251419026274,12903,40.88529290408461,1.0210725647500456,2.042145129500092,-26698.714887647366,-27023.040912949476,-1.0132417058257526,stop_loss,6,-1.0132417058257526,166.167819884203,158.15820541790882
AMD,2004-12-07,24.4243996181488,2004-12-09,22.327650381088258,22607,22.720185362783877,0.8521071276824628,1.7042142553649242,-47401.210002227686,-47718.287080527516,-1.2303319435686593,stop_loss,2,-1.2303319435686593,165.648720650247,151.42835764957866
FDX,2004-12-09,79.75635412907896,2004-12-17,78.66397004910932,6771,77.32247591233357,1.2169391083726901,2.4338782167453843,-7396.532605474389,-7718.331809977543,-0.4488244614927302,stop_loss,8,-0.4488244614927302,162.00908214239809,159.7901223607558
DVA,2004-12-08,18.768749999999997,2004-12-20,19.130849618911743,28836,17.909391865722537,0.42967906713872994,0.8593581342774606,10441.504610939095,10113.642754555814,0.4213605532647866,trailing_stop,12,0.4213605532647866,162.3647025,165.4971538832817
FLR,2004-12-09,22.20083843592491,2004-12-28,21.351966755201186,24325,21.21314112960869,0.49384865315811083,0.9876973063162211,-20648.803633604617,-20966.63022948686,-0.8594451714055305,stop_loss,19,-0.8594451714055305,162.01061848616203,155.81597739608065
VRSN,2004-10-28,22.31399670512862,2005-01-04,27.207959902845293,22661,20.67346978142409,0.8202634618522653,1.640526923704531,110902.10002345752,110565.43490584953,2.9831654250851574,trailing_stop,68,2.9831654250851574,151.6972438004759,184.96787380751314
PH,2004-11-02,34.143655500417594,2005-01-04,35.03577071645956,14891,32.73413800717638,0.7047587466206072,1.4095174932412178,13284.487682080904,12975.44243134225,0.6329224151667149,trailing_stop,63,0.6329224151667149,152.52995221701553,156.51529852163978
ADBE,2004-10-28,27.66642357883308,2005-01-05,30.054014456715553,18277,26.42571670136246,0.62035343873531,1.2407068774706183,43637.998475057975,43321.51154126526,1.924379497879438,trailing_stop,69,1.924379497879438,151.69776712509966,164.78916666761705
FFIV,2004-10-28,19.784764389038084,2005-01-05,22.24273439025879,25558,18.19942365062616,0.7926703692059631,1.5853407384119258,62820.797291198774,62498.5556470584,1.550436408820802,trailing_stop,69,1.550436408820802,151.6977024765106,170.54394166387024
MCO,2004-10-28,30.325909529675936,2005-01-05,32.90487607862753,16674,29.39363056741249,0.4661394811317229,0.932278962263446,43001.68823721889,42685.395201449035,2.7663034921331016,trailing_stop,69,2.7663034921331016,151.69626464934498,164.59677112051062
TPR,2004-12-03,17.008668544146662,2005-01-05,17.40018174753914,32467,16.187674272066143,0.41049713604025884,0.8209942720805188,12711.259174543575,12376.113531817526,0.4768769000060456,trailing_stop,33,0.4768769000060456,165.6661324868429,169.47951023920598
NVR,2004-10-28,614.6139999999999,2005-01-06,709.29,822,592.1505916728904,11.231704163554747,22.463408327109505,77823.67200000004,77497.19727360005,4.214676536229021,trailing_stop,70,4.214676536229021,151.5638124,174.91091400000002
LH,2004-11-01,37.531050857735494,2005-01-06,39.189836885397014,13537,36.162341770162215,0.684354543786639,1.3687090875732792,22454.986456454,22143.415259240366,1.2119346928590555,trailing_stop,66,1.2119346928590555,152.41735063834963,159.1538465752858
EXC,2004-11-11,13.323901462745889,2005-01-06,13.541684379131834,19461,12.885338299836908,0.21928158145449012,0.4385631629089808,4238.273335786868,4081.4239859662334,0.4965827839743649,trailing_stop,56,0.4965827839743649,77.78893390994932,79.06041591068539
NKE,2004-12-20,8.725858870111018,2005-01-06,8.368998575996386,63669,8.400032513616278,0.16291317824736984,0.32582635649474057,-22720.93806598453,-23047.461809605393,-1.0952468607934507,stop_loss,17,-1.0952468607934507,166.67001252032952,159.85373110053416
ADSK,2004-11-01,26.6724345378449,2005-01-10,34.54758013045824,19048,25.37587481294932,0.6482798624477898,1.2965597248955802,150005.77324809897,149655.9375962784,6.07387800299564,trailing_stop,70,6.07387800299564,152.4169599230609,197.41869189749056
NTAP,2004-11-03,19.120315366187285,2005-01-10,22.213571674949446,26564,17.891600136659687,0.6143576147637987,1.228715229527598,82169.26058595805,81839.86257334983,2.517472099659267,trailing_stop,68,2.517472099659267,152.3736172162197,177.0243953920071
CTSH,2004-12-29,9.293728095823656,2005-01-11,8.640773633986592,60597,8.693766901816327,0.2999805970036652,0.5999611940073297,-39567.081523940564,-39893.11462433696,-1.0883278257978246,stop_loss,13,-1.0883278257978246,168.95161242678785,157.08148796960566
CME,2004-11-04,18.239866498898852,2005-01-12,20.702663298466874,27975,17.337271996212106,0.4512972513433734,0.9025945026867461,68896.7404679154,68569.915286591,2.7285750048743185,trailing_stop,69,2.7285750048743185,153.0780795920086,173.74710173238324
SLM,2004-11-04,13.462810122101969,2005-01-21,14.192463432246244,37901,12.862208978130125,0.30030057198592164,0.6006011439718435,27654.590107778185,27340.14135088318,1.2148716622798874,trailing_stop,78,1.2148716622798874,153.076189931336,161.37256696366947
MGM,2005-01-07,36.253475186309736,2005-01-21,34.27503282368659,14965,34.56557193567928,0.8439516253152277,1.6879032506304554,-29607.38995665542,-29924.0276933663,-1.1721301928200996,stop_loss,14,-1.1721301928200996,162.75997684893755,153.87775986194094
STX,2005-01-19,8.524862537858244,2005-01-21,8.225026038249695,64455,8.032574224237273,0.24614415681048554,0.49228831362097125,-19325.96158226904,-19649.84580272095,-0.609066864502908,stop_loss,2,-0.609066864502908,164.84100446329592,159.0432159886152
BIIB,2004-12-09,64.5645,2005-01-25,63.33660152435303,8364,60.96976362686547,1.79736818656726,3.5947363731345234,-10270.142850311231,-10591.072294256139,-0.3415823437912553,trailing_stop,47,-0.3415823437912553,162.00524339999998,158.92420054490665
DVA,2005-01-11,21.27125,2005-01-25,19.98,25456,20.361158630474574,0.455045684762713,0.9100913695254249,-32870.05999999995,-33185.087545999944,-1.4188135864570737,stop_loss,14,-1.4188135864570737,162.444282,152.583264
ROK,2005-01-12,33.38273381944559,2005-01-25,33.64284577188169,16172,31.825148116200218,0.7787928516226869,1.5575857032453726,4206.53049479658,3881.3491928512963,0.16699687978268618,trailing_stop,13,0.16699687978268618,161.95967139842222,163.22163054686118
ABT,2004-12-17,13.549082471336977,2005-01-28,13.355874027372787,41037,13.026980539740723,0.2610509657981266,0.5221019315962536,-7928.69491495847,-8259.924524909737,-0.3700588568471339,trailing_stop,42,-0.3700588568471339,166.80410921287668,164.42550073838913
CI,2004-12-02,22.754403591556553,2005-01-31,23.674036419058456,12171,21.563936585363056,0.5952335030967484,1.1904670061934972,11192.851143525666,11023.326980514908,0.7724975347636197,trailing_stop,60,0.7724975347636197,83.08315383385045,86.44100917690815
ADM,2005-01-19,13.821459925344195,2005-01-31,14.048965445363192,39755,13.298315458973827,0.2615722331851845,0.5231444663703684,9044.481948355246,8712.085320171504,0.43488086875400755,stop_loss,12,0.43488086875400755,164.84164179961755,167.55498638412413
FFIV,2005-01-21,25.235209083557127,2005-01-31,23.811164085388185,21461,23.113108180775804,1.0610504513906616,2.122100902781323,-30561.429705703657,-30877.20497007728,-0.6710543293688451,stop_loss,10,-0.6710543293688451,162.47184664266584,153.30341773095475
AMT,2004-11-01,12.49328510310485,2005-02-04,12.895026452916488,40667,11.905009837956536,0.2941376325741565,0.5882752651483134,16337.61547278991,16027.875532975295,0.682913890167307,trailing_stop,95,0.682913890167307,152.41932758638947,157.32061222822645
HUM,2005-01-12,27.250166385131852,2005-02-16,28.844211424383964,19811,25.973980487785216,0.6380929486733176,1.276185897346636,31579.626272623595,31246.240556988298,1.2490696242344854,trailing_stop,35,1.2490696242344854,161.95591387675415,171.4298017585412
ANF,2005-01-07,33.76499643808674,2005-02-17,35.50300353325279,16068,31.970011655206736,0.8974923914400016,1.7949847828800038,27926.298005128046,27592.3985380662,0.9682572864921242,trailing_stop,41,0.9682572864921242,162.76078883015333,171.13867823169173
MO,2005-01-11,4.081569734822149,2005-02-18,4.237138736113123,132669,3.9520291424792076,0.06477029617147073,0.12954059234294135,20639.18383227227,20308.093412033115,1.2009285929396263,trailing_stop,38,1.2009285929396263,162.4493325447359,168.6410876944176
TLT,2005-01-14,45.02184015679145,2005-02-18,45.427630281419,12012,44.395519828041415,0.3131601643750159,0.6263203287500332,4874.350977026138,4548.407265355003,0.6478955033080253,trailing_stop,35,0.6478955033080253,162.24070318901366,163.7030084821215
SO,2005-02-02,13.2028354437916,2005-02-18,12.887054142766074,20871,12.864443004698098,0.1691962195467511,0.3383924390935018,-6590.671533703747,-6754.02815937206,-0.9331807231611094,stop_loss,16,-0.9331807231611094,82.66691356421234,80.6897121041012
CRL,2005-02-16,50.55049999999999,2005-02-18,47.8820703048706,11202,48.54385099973962,1.0033245001301865,2.0066490002603743,-29891.749444839428,-30222.541940605977,-1.3297939474133973,stop_loss,2,-1.3297939474133973,169.88001029999995,160.91248546654816
GIS,2005-01-10,12.643977040663403,2005-02-22,12.86858805972132,42757,12.316014959638304,0.16398104051254953,0.32796208102509894,9603.693341859373,9276.441118060227,0.684868867632072,trailing_stop,43,0.684868867632072,162.18555789829355,165.06666590085132
STZ,2005-01-28,21.18602809051957,2005-02-22,22.308494979690913,25412,20.30739841916495,0.4393148356773097,0.87862967135462,28524.128587622145,28192.54374154409,1.277519899186637,trailing_stop,25,1.277519899186637,161.513803750885,170.07104232717165
DIS,2005-01-18,22.479163224632643,2005-02-23,22.529337714310707,24269,21.80852452733969,0.3353193486464772,0.6706386972929543,1217.6846899969253,889.9912972107604,0.07481597748622897,trailing_stop,36,0.07481597748622897,163.66404368958288,164.02934909658194
DUK,2005-02-01,17.64147582276715,2005-02-23,17.41577766750628,30907,17.05383240468699,0.29382170904008026,0.5876434180801589,-6975.652884647665,-7300.707244734829,-0.38407331438889986,trailing_stop,22,-0.38407331438889986,163.57352797627925,161.48083211088496
ADM,2005-02-01,14.404050612093096,2005-02-24,13.484467896829905,37853,13.799015053122728,0.30251777948518405,0.6050355589703678,-34808.96452085757,-35125.663748193045,-1.519882098877148,stop_loss,23,-1.519882098877148,163.57095834586798,153.12826898961072
MAT,2005-02-18,12.62186639151461,2005-02-25,12.306320134903572,44522,12.093652545364167,0.26410692307522143,0.5282138461504431,-14048.750436836617,-14381.706252995375,-0.5973835387139121,stop_loss,7,-0.5973835387139121,168.585220644904,164.37059551385306
STLD,2005-02-28,7.267245193733394,2005-03-03,6.736715020238897,39982,6.72482140025817,0.27121189673761203,0.5424237934752236,-21211.657396656967,-21379.62929783948,-0.9780731964124834,stop_loss,3,-0.9780731964124834,87.16769920075457,80.80420198175747
SPGI,2004-10-28,29.8735631687122,2005-03-10,30.99797680632768,16927,29.131447156755552,0.37105800597832406,0.7421160119566466,19032.949643917276,18723.837876770027,1.515145367435044,trailing_stop,133,1.515145367435044,151.70094112703742,157.41082602021262
KBH,2005-01-18,39.99625119755704,2005-03-10,42.972462570968894,6820,37.88405355993514,1.0560988188109468,2.1121976376218967,20297.761566668865,20128.00757829846,1.4090591336721432,trailing_stop,51,1.4090591336721432,81.8323299502017,87.92165842020236
CLF,2005-01-24,12.100610294971988,2005-03-10,14.632779960899995,44484,11.233285850686478,0.4336622221427544,0.8673244442855097,112641.03541914148,112284.27297949881,2.9195183908531197,trailing_stop,45,2.9195183908531197,161.48506450846017,195.27737513420263
COP,2005-02-22,20.185413813568413,2005-03-10,20.003285525316453,13950,19.490409613604196,0.3475020999821076,0.6950041999642167,-2540.689621114838,-2708.879327848071,-0.2620535073907997,trailing_stop,16,-0.2620535073907997,84.47595680978381,83.71374992344936
LEN,2005-02-28,46.99903737939266,2005-03-10,44.18599275715908,6182,44.1683045030094,1.4153664381916293,2.8307328763832587,-17390.24185464801,-17559.35361153926,-0.9937513517092171,stop_loss,10,-0.9937513517092171,87.16441472382164,81.94734216742722
NUE,2005-02-01,15.435721157178383,2005-03-11,16.65834944783247,35323,14.341926636839387,0.5468972601694979,1.0937945203389958,43186.89911077434,42846.8014539801,1.1177860813154952,trailing_stop,38,1.1177860813154952,163.5707935305036,176.5268632637359
ROK,2005-02-02,37.26743898311388,2005-03-11,36.89701402026799,14788,35.54641088618895,0.8605140484624622,1.7210280969249254,-5477.844350564995,-5806.867529869199,-0.21523469808990972,trailing_stop,37,-0.21523469808990972,165.3332663046864,163.68991299951688
WMB,2005-02-17,6.2894559029504045,2005-03-11,5.953637345897769,90547,5.9630475648343655,0.16320416905801938,0.326408338116039,-30407.36288544501,-30739.935494766047,-1.0288295911523295,stop_loss,22,-1.0288295911523295,170.84740909333507,161.7252002277016
XLE,2005-02-22,11.643277087925433,2005-03-11,11.568067633766777,24184,11.284557418806113,0.17935983455966004,0.3587196691193206,-1818.8654393729498,-1987.2683875977712,-0.2096608037783389,trailing_stop,17,-0.2096608037783389,84.47430392831662,83.92864429650471
EOG,2005-02-23,14.730099392210095,2005-03-11,15.283244196381611,18868,14.086834482355664,0.32163245492721537,0.6432649098544303,10436.736165108174,10266.84863505931,0.8599020336686674,trailing_stop,16,0.8599020336686674,83.37825459966601,86.50927544919846
OXY,2005-03-04,20.39072493312281,2005-03-11,19.669762121416603,14180,19.466802381495494,0.46196127581365926,0.9239225516273173,-10223.252669994032,-10393.669981924042,-0.780328189236605,stop_loss,7,-0.780328189236605,86.74214386550445,83.67516806450622
TOL,2005-01-11,31.513878448654154,2005-03-15,36.400929166999816,17182,29.861045865174095,0.8264162917400302,1.652832583480059,83969.30544261516,83619.23177527952,2.95677297700407,trailing_stop,63,2.95677297700407,162.4414378514327,187.63222948421728
HSIC,2005-02-22,14.333927342414855,2005-03-15,14.87530565071106,39289,13.839343210796054,0.24729206580940008,0.4945841316188009,21270.21235464958,20925.931888129504,1.0946131783974624,trailing_stop,21,1.0946131783974624,168.94970140684117,175.33076511323605
DD,2005-02-25,17.696835893944844,2005-03-15,17.32836543939353,32163,17.034348685775335,0.33124360408475495,0.6624872081695088,-11851.11522973392,-12189.069894879169,-0.5561925573920435,stop_loss,18,-0.5561925573920435,170.7549998570844,167.1996652881642
EEM,2005-02-25,15.945566066835866,2005-03-15,15.556830002992111,35695,15.608816730862177,0.16837466798684442,0.33674933597368906,-13875.933798902832,-14213.277207216584,-1.154378115460123,stop_loss,18,-1.154378115460123,170.75309422671185,166.59031408704104
PHM,2005-02-25,30.59855445812523,2005-03-16,30.244422789282897,9300,28.73186240972669,0.933346024199268,1.8666920483985372,-3293.424520233683,-3463.1764267539515,-0.1897108144571282,trailing_stop,19,-0.1897108144571282,85.36996693816938,84.38193958209929
OMC,2005-02-25,25.428922264018908,2005-03-17,24.702266278561066,22383,24.718835938567743,0.35504316272558173,0.7100863254511651,-16264.740922502888,-16601.366840447456,-1.0233347121508776,stop_loss,20,-1.0233347121508776,170.75267011066055,165.8732478339097
COO,2005-02-04,20.083388616358015,2005-03-18,19.624410039819498,27739,19.232601627996303,0.4253934941808561,0.8507869883617118,-12731.606734601912,-13062.043122679024,-0.5394753126423955,trailing_stop,42,-0.5394753126423955,167.1279350487465,163.3084530283659
M,2005-03-15,16.86106042577751,2005-03-22,16.30920192053636,33206,16.099812207824097,0.3806241089767061,0.7612482179534119,-18325.01352503761,-18655.44904447912,-0.7249389781493362,stop_loss,7,-0.7249389781493362,167.96651174951043,162.4690076919991
BYD,2005-03-16,51.220303785298334,2005-03-22,49.06113518434646,10881,48.25626158068379,1.482021102307273,2.964042204614543,-23493.913546957323,-23821.262248185933,-0.728454067755982,stop_loss,6,-0.728454067755982,167.19843764634936,160.15026358226217
D,2005-03-21,16.036414254851163,2005-03-24,15.459482880620635,34834,15.601994166114522,0.21721004436832012,0.4344200887366405,-20096.827489946198,-20425.965914191303,-1.328049482951701,stop_loss,3,-1.328049482951701,167.58373624604562,161.55468799906177
ASH,2005-01-28,17.321491659090015,2005-03-30,18.4615276796458,31082,16.627963579536644,0.3467640397766857,0.6935280795533707,35434.599590914964,35100.93724878899,1.6438209989853119,trailing_stop,61,1.6438209989853119,161.51598112435076,172.14636100162525
XOM,2005-02-02,26.15854536136503,2005-03-30,28.851160689290317,10534,25.407140822550318,0.37570226940735585,0.751404538814711,28364.00986436499,28190.16819130371,3.5834429908724057,trailing_stop,56,3.5834429908724057,82.66623505098576,91.17543801029525
DVN,2005-02-23,27.26470044513623,2005-03-30,27.958892494419587,10193,26.018299115678435,0.6232006647288982,1.2464013294577967,7075.899558345241,6907.0313334953735,0.5569570834663177,trailing_stop,35,0.5569570834663177,83.37272749118209,85.49549735868567
NOV,2005-02-28,15.93375638958381,2005-03-30,16.00676593175448,18235,15.10031404647987,0.4167211715519697,0.8334423431039397,1331.3290014821678,1156.5983741232867,0.08759999149882992,trailing_stop,30,0.08759999149882992,87.16561432921823,87.5650130296629
CNX,2005-03-18,18.16379810754315,2005-03-30,16.70735852655891,30827,16.96292111342397,0.6004384970595896,1.2008769941191808,-44897.66296300122,-45220.15490666906,-1.2128132923826316,stop_loss,12,-1.2128132923826316,167.9806212783698,154.51132238946946
ITT,2005-03-21,11.692239131002678,2005-03-30,11.332597060699033,47777,11.388105280049032,0.1520669254768232,0.30413385095364553,-17182.619192897233,-17512.63647251651,-1.1825124667180156,stop_loss,9,-1.1825124667180156,167.58603268857448,162.4312469307053
YUM,2005-03-28,12.75882224589852,2005-04-05,12.449123789257829,43367,12.333577464928235,0.21262239048514214,0.42524478097028506,-13430.69296913683,-13758.650867848817,-0.7282827926401558,stop_loss,8,-0.7282827926401558,165.99355330136433,161.9643454106233
LIN,2005-04-12,32.98546142059464,2005-04-14,31.68708374964048,16886,31.970852953849352,0.5073042333726436,1.0146084667452868,-21924.405351731948,-22252.023531055325,-1.2796834577175988,stop_loss,2,-1.2796834577175988,167.0977504644483,160.52042885892874
ADBE,2005-03-21,33.93224604783151,2005-04-15,31.343625,16463,32.22612687123924,0.8530595882961386,1.7061191765922743,-42616.4683104502,-42938.85930996833,-1.5172568735801377,stop_loss,25,-1.5172568735801377,167.58797000563504,154.8030295125
UNP,2005-03-23,11.3165388464115,2005-04-15,10.518696757147952,48902,10.922653505587911,0.19694267041179475,0.39388534082358895,-39016.07384916606,-39336.40985661164,-2.025569389293118,stop_loss,23,-2.025569389293118,166.02041480016456,154.31559264541474
WDC,2005-04-08,8.146620484825108,2005-04-15,7.56296918549786,68497,7.6306744459220175,0.25797301945154544,0.515946038903091,-39978.36305001857,-40301.180979113,-1.1312254680123144,stop_loss,7,-1.1312254680123144,167.40571900471966,155.41221008971405
LMT,2005-04-05,33.88657143545781,2005-04-18,32.43523224228589,16339,32.93659394001208,0.4749887477228662,0.9499774954457294,-23713.431077235975,-24038.52066232317,-1.527761657649532,stop_loss,13,-1.527761657649532,166.10180720518358,158.98777788201278
M,2005-04-05,16.86105698531432,2005-04-18,16.146943234942363,32839,16.07728161632921,0.39188768449255545,0.7837753689851112,-23450.781448464717,-23775.96636423462,-0.9111204289267772,stop_loss,13,-0.9111204289267772,166.1100751022211,159.07484066768168
STZ,2005-04-11,24.50135692713673,2005-04-18,23.57035930433076,22621,23.423787576447044,0.5387846753448426,1.0775693506896857,-21060.097225493806,-21386.326313355414,-0.8639793088120908,trailing_stop,7,-0.8639793088120908,166.27355851462798,159.95552934697986
DGX,2005-03-31,37.54869659208548,2005-04-19,36.91896216704027,14680,36.527711724844345,0.5104924336205656,1.0209848672411326,-9244.50135966364,-9572.45692883883,-0.6167911447569757,stop_loss,19,-0.6167911447569757,165.36445979154445,162.59110938364535
MCK,2005-04-05,33.08854917554647,2005-04-19,30.698500692208356,16733,31.642044895202922,0.7232521401717728,1.4465042803435466,-39992.681271696645,-40312.885883327785,-1.6522927141083006,stop_loss,14,-1.6522927141083006,166.10120800632575,154.1034036248167
DUK,2005-04-07,19.034656063387988,2005-04-19,18.47408294370333,29308,18.42235286973224,0.3061515968278733,0.6123031936557481,-16429.27699171797,-16759.06882856392,-0.9155155901405053,stop_loss,12,-0.9155155901405053,167.36030997173256,162.43152687421716
CLX,2005-03-30,33.98615432482277,2005-04-21,34.32171627309122,16126,33.10847459451538,0.4388398651536968,0.877679730307392,5411.271977777006,5080.8121613984185,0.38232846980632007,trailing_stop,22,0.38232846980632007,164.4182173926276,166.04159898596072
JNJ,2005-01-27,35.18796562041555,2005-04-29,37.159992961908024,15251,34.17124315931547,0.5083612305500365,1.0167224611000734,30075.388985101778,29744.375370200072,1.9395925800230511,trailing_stop,92,1.9395925800230511,160.99549910308724,170.0181157986178
VLO,2005-01-19,12.390723170495223,2005-05-04,16.75120969234339,44345,11.630616718199118,0.38005322614805287,0.760106452296105,193365.77481135703,192978.08510751624,5.736678735822005,trailing_stop,105,5.736678735822005,164.8399856986832,222.84971814209027
PEG,2005-05-02,13.349417019968323,2005-05-13,12.793059842051198,20211,12.839610957781021,0.254903031093651,0.5098060621873017,-11244.53492288301,-11403.044602840491,-1.0913114205235173,stop_loss,11,-1.0913114205235173,80.94152021717395,77.56815974030903
EIX,2005-04-05,16.992308388551024,2005-05-16,17.08686284627807,32585,16.36488446786186,0.31371196034458143,0.6274239206891643,3081.057005035796,2747.9160666297244,0.15070266626619394,trailing_stop,41,0.15070266626619394,166.1083106522805,167.03262775379125
ELV,2005-05-10,53.97728505935242,2005-05-16,52.322364644932996,10105,51.77330942750347,1.1019878159244747,2.203975631848948,-16722.97078770826,-17045.218175786802,-0.7508796333791969,stop_loss,6,-0.7508796333791969,163.63213965742685,158.6152484211144
HSIC,2005-05-12,15.984595602989195,2005-05-27,15.70976412677765,34188,15.30492557234324,0.33983501532297733,0.6796700306459549,-9395.93850872032,-9721.0085398527,-0.40436015098436395,stop_loss,15,-0.40436015098436395,163.94440634249838,161.12562478988232
BMY,2005-04-14,11.576304033820339,2005-06-01,11.387037824141416,47633,11.168436827826191,0.2039336029970733,0.4078672059941475,-9015.317365636141,-9343.461224452229,-0.4640388020841245,trailing_stop,48,-0.4640388020841245,165.42422701288928,162.71963180319844
ADSK,2005-06-01,39.369331832885734,2005-06-06,36.86310152435303,13994,37.47756062434627,0.945885604269734,1.891771208539467,-35072.186937606704,-35392.225939327065,-1.3248062435983634,stop_loss,5,-1.3248062435983634,165.2803289008209,154.75867281953887
BAX,2005-04-25,13.485155795785705,2005-06-09,13.34446683478546,40035,12.939526811693327,0.27281449204618885,0.545628984092378,-5632.48255364483,-5954.719736249305,-0.25784730119180416,trailing_stop,45,-0.25784730119180416,161.9634636852842,160.27371891919077
WDC,2005-05-18,8.618357225238896,2005-06-15,8.637358262263843,63143,8.082294565150235,0.26803133004432994,0.5360626600886604,1199.7824808662801,872.9091879580645,0.035445552245338637,trailing_stop,28,0.035445552245338637,163.2566790819779,163.61661382623777
STX,2005-05-19,9.713052799583934,2005-06-20,9.099675020597962,56165,9.120139984516628,0.29645640753365293,0.5929128150673062,-34450.36295674714,-34767.3480141533,-1.034515975028037,stop_loss,32,-1.034515975028037,163.66008314658947,153.32497425956535
DVA,2005-05-27,22.482459083557128,2005-06-27,22.302675762176513,24448,21.685329524140464,0.3985647797083314,0.7971295594166641,-4395.342641113277,-4723.814734125825,-0.22553839492814654,trailing_stop,31,-0.22553839492814654,164.8953479024414,163.5767451101074
KBH,2005-06-20,56.75016059861269,2005-06-27,52.90249986076355,9929,53.53957842687226,1.6052910858702147,3.210582171740427,-38203.423466104105,-38530.04584581445,-1.198430855225038,stop_loss,7,-1.198430855225038,169.0417033750876,157.58067633525636
PHM,2005-06-20,35.48165850299687,2005-06-27,33.61803948944207,7940,33.667181427546694,0.9072385377250896,1.8144770754501778,-14797.13496762514,-14961.730448243128,-1.0270832510200953,stop_loss,7,-1.0270832510200953,84.51731055413855,80.078170063851
DRI,2005-03-28,14.647221824183909,2005-07-07,15.375764154572623,37776,13.902410518814603,0.37240565268465237,0.7448113053693053,27521.415072764084,27181.17057726403,0.9781569172442625,trailing_stop,101,0.9781569172442625,165.9940354891114,174.25046001094063
ZION,2005-05-03,46.78881393078313,2005-07-07,45.63164357081192,11551,45.236153041863176,0.7763304444599759,1.5526608889199522,-13366.474828027456,-13686.739439407735,-0.7452820949049287,trailing_stop,65,-0.7452820949049287,162.13727691434278,158.12733446593455
LMT,2005-05-05,35.085159702192385,2005-07-07,34.86183909377508,15438,33.97086033490654,0.557149683642921,1.1142993672858452,-3447.6235527463296,-3771.5760829699734,-0.20041347502624593,trailing_stop,63,-0.20041347502624593,162.49340864473382,161.45912157890993
UHS,2005-03-30,23.209919431423568,2005-07-14,25.772108490817,23613,22.327426796950984,0.4412463172362914,0.8824926344725839,60500.97025945712,60153.986471858756,2.903354610913788,trailing_stop,106,2.903354610913788,164.4167482602614,182.56703933809857
CI,2005-05-05,28.848831637440636,2005-07-22,31.062208432848983,18775,27.549884599815282,0.6494735188126769,1.2989470376253536,41556.14933379172,41218.700400595815,1.703977707555107,trailing_stop,78,1.703977707555107,162.49104419788438,174.95788899802187
HUM,2005-07-07,35.832479291267276,2005-07-22,33.423370186243865,15872,34.00393454095713,0.9142723751550715,1.8285447503101437,-38237.37971493158,-38567.1483678037,-1.3175007637165,stop_loss,15,-1.3175007637165,170.61993339329828,159.1487194788188
FISV,2005-04-25,10.495484656333922,2005-07-26,10.716772461891175,51439,10.053400606605221,0.22104202486435062,0.44208404972870063,11382.823430059545,11055.48224188823,0.5005559591961158,trailing_stop,92,0.5005559591961158,161.96317057114817,165.37801760016606
WHR,2005-07-26,42.79033067474769,2005-07-27,41.77646866941218,13336,41.05967193296057,0.8653293708935635,1.7306587417871242,-13520.863703154377,-13859.198553970493,-0.5858243343159439,stop_loss,1,-0.5858243343159439,171.19555496353058,167.13929585258424
NBIX,2005-07-22,52.25220076370238,2005-07-28,49.75019923782349,10997,49.254481966703096,1.498859398499644,2.997718796999287,-27514.51078009022,-27851.026897935255,-0.8346351660413901,stop_loss,6,-0.8346351660413901,172.38523553953053,164.13088230550346
BEN,2005-06-27,12.59735314400921,2005-08-02,13.804806443230898,44117,12.214503544894082,0.1914247995575642,0.3828495991151275,53269.217201763226,52919.781979410145,3.153858073803527,trailing_stop,36,3.153858073803527,166.7272285962763,182.70799375680528
UNM,2005-07-07,11.30691772248587,2005-08-02,11.029614567836994,50301,10.916345230221777,0.195286246132047,0.3905724922640932,-13948.625981993146,-14285.690955213806,-0.7099915128210635,trailing_stop,26,-0.7099915128210635,170.62478050762851,166.4401927130306
AFL,2005-07-28,14.246490372043908,2005-08-02,13.786332516007139,40561,13.78626661086204,0.2301118805909342,0.4602237611818687,-18664.462798707395,-19005.574597456063,-0.9998567976044299,stop_loss,5,-0.9998567976044299,173.35556879414187,167.7562299545297
PRU,2005-05-17,30.02576151591963,2005-08-08,32.21963065989782,18041,28.8606265185606,0.5825674986795142,1.1651349973590293,39579.59322651047,39242.702490437296,1.882931290323399,trailing_stop,83,1.882931290323399,162.5084290526118,174.38230702056498
M,2005-05-18,17.713286437021964,2005-08-08,19.337226650401142,30722,16.87741763403695,0.4179344014925081,0.835868802985015,49890.69123543512,49549.21147651358,1.942817111465149,trailing_stop,82,1.942817111465149,163.25627577545663,178.22348314608718
SPG,2005-05-02,25.73065466237839,2005-08-09,28.30510503824914,20972,24.960775924951495,0.3849393687134478,0.7698787374268967,53991.3732827613,53651.40189702883,3.3439686676828138,trailing_stop,99,3.3439686676828138,161.8869868738199,178.08439885864829
MET,2005-05-05,21.932170377239466,2005-08-09,24.183093235782394,24696,20.943365381662808,0.4944024977883297,0.9888049955766576,55588.79091457616,55247.13214952,2.2764072477508277,trailing_stop,96,2.2764072477508277,162.49106389089175,179.16770116526462
CVS,2005-05-06,17.628735173431718,2005-08-09,19.237275795437277,30687,16.972604252029004,0.32806546070135634,0.6561309214027133,49361.28606748461,49021.8938839041,2.451554361386797,trailing_stop,95,2.451554361386797,162.29189888012974,177.10028470037508
SO,2005-05-16,13.337413466599072,2005-08-09,13.508633800432355,40362,12.941716903458394,0.19784828157033896,0.39569656314067814,6910.795114178957,6585.727066241381,0.432706143501202,trailing_stop,85,0.432706143501202,161.49740470166154,163.5706432359152
ED,2005-05-17,18.821302628539826,2005-08-09,19.377293365401236,14390,18.343974903177863,0.23866386268098125,0.4773277253619632,8000.706703435698,7835.803364529854,1.1647987479457562,trailing_stop,84,1.1647987479457562,81.25156344740644,83.65177545843713
BBY,2005-06-15,24.92031081105848,2005-08-09,27.401175046310655,22570,23.784969106739894,0.5676708521592939,1.1353417043185878,55993.10578964156,55638.83700890131,2.185125610920058,trailing_stop,55,2.185125610920058,168.735424501677,185.53335623856944
UTHR,2005-08-03,34.18415152740478,2005-08-09,32.30266408538818,17058,31.98403477669403,1.100058375355374,2.200116750710748,-32094.41278591915,-32434.652416136054,-0.8551761816316268,stop_loss,6,-0.8551761816316268,174.93397702634124,165.3056531905655
CME,2005-06-06,23.637578530738995,2005-08-16,26.910331506197977,23362,22.345725211899094,0.645926659419951,1.2918533188399017,76458.05501267273,76103.78493038785,2.5333781534872313,trailing_stop,71,2.5333781534872313,165.66633289053735,188.60374939433913
GT,2005-07-27,15.477618154297575,2005-08-17,14.948410521197397,36977,14.653877110594557,0.4118705218515094,0.8237410437030181,-19568.510649145283,-19906.029627845415,-0.6424441724078669,trailing_stop,21,-0.6424441724078669,171.69476594743844,165.82421275269488
FCX,2005-08-12,13.421184152819235,2005-08-18,12.656430581012076,42735,12.822441474044554,0.2993713393873399,0.5987426787746806,-32681.74389117893,-33016.071950874015,-1.2772658421013472,stop_loss,6,-1.2772658421013472,172.06629143121899,162.26176826386532
EEM,2005-07-15,16.52718934075141,2005-08-19,16.867795375118536,34861,16.101748398438637,0.21272047115638548,0.42544094231277185,11873.866964072418,11524.612195418436,0.8005953364890853,trailing_stop,35,0.8005953364890853,172.84630428238046,176.40846437160218
L,2005-08-17,26.25344798571799,2005-08-19,25.999405817110663,21538,25.598369854541158,0.32753906558841556,0.6550781311768326,-5471.560227464615,-5809.186817026212,-0.38780438014461954,stop_loss,2,-0.38780438014461954,169.63402881491822,167.99256074667886
PNC,2005-08-16,31.45114710730383,2005-08-25,30.542511398475284,18095,30.65357904918416,0.39878402905983396,0.7975680581196691,-16441.763151252515,-16778.29572645114,-1.139257897276787,stop_loss,9,-1.139257897276787,170.73255207199884,165.80002312662307
BAX,2005-07-22,14.345441560709732,2005-08-29,14.272750998751393,40055,13.905381061643762,0.2200302495329848,0.4400604990659698,-2911.6204592412732,-3255.510970132038,-0.16518311030557192,trailing_stop,38,-0.16518311030557192,172.3819985142685,171.5085123764961
VRTX,2005-08-22,18.948930305480953,2005-08-29,17.302679695129395,29914,17.44925439272841,0.7498379563762724,1.4996759127525436,-49245.9407580565,-49571.26995652398,-1.09773758206864,stop_loss,7,-1.09773758206864,170.0514903474472,155.2777081200302
TRV,2005-08-02,27.420986170611577,2005-08-30,27.212458948086184,21147,26.63458465139745,0.39320075960706335,0.7864015192141274,-4409.7251747445025,-4756.325213922033,-0.2651663525952757,stop_loss,28,-0.2651663525952757,173.9614783649769,172.63856081255352
BWA,2005-07-07,9.941339305334813,2005-09-09,10.139269371666906,57211,9.509920801738806,0.215709251798003,0.43141850359600653,11323.777024925377,10979.127514019394,0.4587890057618874,trailing_stop,64,0.4587890057618874,170.62618889925298,174.0233220067306
J,2005-09-07,24.405066404542303,2005-09-19,23.557742091842268,23853,23.34988779027602,0.5275893071331409,1.055178614266282,-20211.226830833937,-20554.443892153213,-0.803015054744283,stop_loss,12,-0.803015054744283,174.64021468426427,168.5768466350141
MU,2005-09-15,12.867139401477788,2005-09-20,12.159411472422832,45575,12.218222899296528,0.3244582510906304,0.64891650218126,-32254.70036667961,-32596.875883503017,-1.090630191520801,stop_loss,5,-1.090630191520801,175.92596346670504,166.24955335670117
ADSK,2005-08-22,40.26022122192382,2005-09-22,40.96898832321167,14079,38.19175675906461,1.0342322314296049,2.068464462859211,9978.732019031602,9635.644206675814,0.34265374823415046,trailing_stop,31,0.34265374823415046,170.04709637503964,173.0407159807491
GLW,2005-04-28,8.86677397926715,2005-09-23,12.24295086997076,60638,8.32772040817122,0.269526785547964,0.5390535710959288,204724.6142984856,204340.59884986316,6.263156524201552,trailing_stop,148,6.263156524201552,161.2990321664404,222.71641645598606
DVN,2005-09-22,41.69245672957763,2005-09-26,39.146400864420144,7065,39.765588452518045,0.9634341385297921,1.926868277059583,-17987.884687337628,-18159.222646008107,-1.3213440147775886,stop_loss,4,-1.3213440147775886,88.36716203833979,82.9707966321385
GLD,2005-09-22,46.886840152740476,2005-09-26,45.7941601524353,12565,45.99295168116729,0.4469442357865915,0.8938884715731845,-13729.524203834491,-14078.885234484853,-1.2223896325479262,stop_loss,4,-1.2223896325479262,176.73994395575522,172.6210866946049
MDT,2005-08-19,35.53415417214235,2005-09-27,34.798251512657316,15896,34.63431703329752,0.44991856942241687,0.8998371388448305,-11697.908675174114,-12033.309851403787,-0.8178176113399285,trailing_stop,39,-0.8178176113399285,169.45527441611245,165.9459018135602
A,2005-08-18,18.356625356700835,2005-10-05,19.136162676698877,30863,17.47338521160886,0.4416200725459878,0.8832401450919747,24058.860307099563,23711.718331977117,0.8825881888745739,trailing_stop,48,0.8825881888745739,169.96215851515737,177.17981660728725
NOV,2005-08-02,19.32361129546786,2005-10-06,20.805296109941153,30009,18.304686089218446,0.509462603124706,1.0189252062494134,44463.87959752907,44102.61108283039,1.4541644522930819,trailing_stop,65,1.4541644522930819,173.9646754097085,187.30383928896725
EWJ,2005-08-23,31.642046490066605,2005-10-06,33.28118719640821,17925,30.82440669654674,0.40881989675993324,0.8176397935198665,29381.5971611733,29032.47247202428,2.004722274200051,trailing_stop,44,2.004722274200051,170.15510500033315,178.96958414868516
VLO,2005-08-31,24.689145721842813,2005-10-06,25.845961423786925,23081,23.359742034270436,0.6647018437861881,1.329403687572377,26700.46321657204,26350.542974163553,0.870176390180301,trailing_stop,36,0.870176390180301,170.9550517217562,178.96519068672782
EIX,2005-08-31,21.25999623372836,2005-10-06,22.003414800174156,26804,20.4858869278077,0.38705465296032915,0.774109305920657,19926.591255013143,19578.701514207325,0.9603534807809098,trailing_stop,36,0.9603534807809098,170.95588171465647,176.93385909116046
OVV,2005-09-01,82.4703147325373,2005-10-06,86.41627056171968,3510,78.01490858538133,2.2277030735779855,4.455406147155969,13850.304960430158,13672.467386115306,0.8856556953177463,trailing_stop,35,0.8856556953177463,86.84124141336179,90.99633290149083
HAL,2005-09-01,22.729820770105658,2005-10-06,22.38664484065732,12738,21.65712453660881,0.5363481167484242,1.072696233496849,-4371.374989312944,-4543.783050997914,-0.319919021557138,trailing_stop,35,-0.319919021557138,86.85973709088177,85.54832459408787
SRE,2005-09-01,11.369309230209938,2005-10-06,11.436961136834046,50934,11.031850815935094,0.16872920713742218,0.3374584142748436,3445.782211992358,3097.2978395298524,0.20047479559662007,trailing_stop,35,0.20047479559662007,173.7253188994539,174.75905356305162
XLE,2005-09-01,14.144997179413018,2005-10-06,13.356780775518168,20469,13.621863823854143,0.2615666777794369,0.5231333555588744,-16134.00157132369,-16302.881739211534,-1.5067217479428014,trailing_stop,35,-1.5067217479428014,86.86018417962151,82.01998370822442
COP,2005-09-02,26.276829010791133,2005-10-06,23.74332450528978,11073,24.97333605258226,0.6517464791044365,1.3034929582088743,-28053.49538941647,-28219.657337381537,-1.9436273050394015,stop_loss,34,-1.9436273050394015,87.28899829094706,78.87294967412213
EOG,2005-09-02,22.594898751325857,2005-10-06,23.20826603274334,12877,21.349568460534726,0.6226651453955653,1.2453302907911308,7898.330482812909,7721.388276935572,0.49253381689433,trailing_stop,34,0.49253381689433,87.28635336624691,89.6558525110908
D,2005-09-02,16.828846978581627,2005-10-06,17.53088237505395,34579,16.281376671981942,0.2737351532998421,0.5474703065996849,24275.681974616426,23919.244450220616,1.2823259782482714,trailing_stop,34,1.2823259782482714,174.57740990171223,181.86011449409716
WMB,2005-09-12,7.970719585405397,2005-10-06,7.721128581669078,37218,7.556694987433769,0.20701229898581386,0.41402459797162816,-9289.277977058335,-9464.483738582989,-0.6028410025856075,trailing_stop,24,-0.6028410025856075,88.99627245888541,86.20948906576791
SO,2005-09-19,14.408174345601797,2005-10-06,13.991940013402786,20499,13.996778305312382,0.20569802014470734,0.41139604028941434,-8532.387575747522,-8707.039759021092,-1.0117606671814166,stop_loss,17,-1.0117606671814166,88.60594977314737,86.04623350042311
FCX,2005-09-27,14.784182711160463,2005-10-06,14.133724257726682,39743,14.113017503288251,0.33558260393610573,0.6711652078722121,-25851.170314818784,-26195.955627818126,-0.9691480514848544,trailing_stop,9,-0.9691480514848544,176.2703320468951,168.51498095244943
L,2005-09-09,26.938156312231765,2005-10-07,26.489376861803585,21721,26.244785845034823,0.34668523359847125,0.6933704671969423,-9747.938442750501,-10096.088277172468,-0.6472433881449273,trailing_stop,28,-0.6472433881449273,175.5371079773959,172.61272644457068
RRC,2005-09-20,22.0332060032103,2005-10-07,21.354012671229608,13465,20.651088112107523,0.6910589455513882,1.3821178911027765,-9145.338215120011,-9320.600884955411,-0.4914149048738315,trailing_stop,17,-0.4914149048738315,89.003135649968,86.25953418543199
HPQ,2005-05-19,6.122276567611238,2005-10-11,7.337058992344412,89107,5.827349968850174,0.14746329938053204,0.2949265987610641,108245.6175206989,107885.82121657662,4.11893138779705,trailing_stop,145,4.11893138779705,163.66130943304037,196.13499468925005
MO,2005-08-19,4.720881729878675,2005-10-11,4.869500800421083,119653,4.5849187626635635,0.06798148360755588,0.1359629672151117,17782.717647610687,17438.4622353413,1.0930849303051189,trailing_stop,53,1.0930849303051189,169.46029848755197,174.79511378183514
UNH,2005-09-26,42.851632490552944,2005-10-13,42.080077478223316,13582,41.36642883022517,0.7426018301638895,1.4852036603277767,-10479.26017746101,-10825.322922899786,-0.519494418805398,trailing_stop,17,-0.519494418805398,174.603261746007,171.45948369276874
DVA,2005-10-05,25.150124999999996,2005-10-13,24.025949237823486,23471,24.136631553948888,0.5067467230255539,1.0134934460511076,-26385.529314044856,-26731.792805575642,-1.109208714231607,stop_loss,8,-1.109208714231607,177.08957516249995,169.17391636828648
PGR,2005-09-23,13.406668688751164,2005-10-19,14.054388351225755,43544,12.9774766253657,0.21459603169273206,0.42919206338546445,28204.304982793597,27845.575702468974,1.5091603916563188,trailing_stop,26,1.5091603916563188,175.1339944148942,183.5952859097323
GD,2005-09-26,38.14689271409349,2005-10-24,37.19970951925397,15257,37.140314361903236,0.5032891760951282,1.0065783521902532,-14451.174003666521,-14796.042936748776,-0.9409930114019488,stop_loss,28,-0.9409930114019488,174.6021426416773,170.26679044057735
MCO,2005-10-27,42.90574702402857,2005-11-02,41.491544180592214,13107,41.41858329340528,0.743581865311646,1.487163730623294,-18535.956668920328,-18867.815257666018,-0.9509395733068623,stop_loss,6,-0.9509395733068623,168.70968787318276,163.14890087250666
NTRS,2005-10-20,32.084262695821735,2005-11-04,31.419589091697198,8791,30.76586489650829,0.6591988996567225,1.3183977993134448,-5843.14565385881,-6010.624362178034,-0.5041525436940703,trailing_stop,15,-0.5041525436940703,84.61582600769067,82.86288231153301
CME,2005-10-26,35.49357003339428,2005-12-01,35.10506496643453,15850,33.19396585101593,1.149802091189173,2.2996041823783457,-6157.805311311954,-6493.50182073614,-0.16894432091262623,trailing_stop,36,-0.16894432091262623,168.77192550878976,166.92458391539623
AMG,2005-11-01,74.61500849411149,2005-12-01,76.85464579846965,7599,71.9813497619346,1.3168293660884482,2.6336587321768974,17019.00387581762,16673.698504926826,0.8503900968623003,trailing_stop,30,0.8503900968623003,170.09983486402595,175.20553602677126
CB,2005-10-06,31.67759835001403,2005-12-07,35.43047901369453,18041,30.094784760869047,0.7914067945724913,1.5828135891449833,67705.7200534599,67342.5110063443,2.3710187285590343,trailing_stop,62,2.3710187285590343,171.4486655497809,191.7603815658189
AFL,2005-10-25,14.737869404885634,2005-12-07,14.741312572279105,38291,14.273019351014684,0.23242502693547565,0.4648500538709506,131.84232266337904,-206.79388446290545,0.0074070495739393385,trailing_stop,43,0.0074070495739393385,169.29832721474273,169.33787991154176
SLAB,2005-12-02,41.19115152740478,2005-12-09,39.13082817077637,14816,38.51487150281832,1.3381400122932259,2.676280024586454,-30525.750851806508,-30882.765987168983,-0.7698459569628838,stop_loss,7,-0.7698459569628838,183.08643030900873,173.92870505346679
ADBE,2005-12-07,36.93690152740478,2005-12-13,35.184781219482424,16428,35.13860775428117,0.8991468865618037,1.7982937731236106,-28783.83241854843,-29139.276919798187,-0.9743237362597025,stop_loss,6,-0.9743237362597025,182.0398254876617,173.40467576209716
GLD,2005-12-12,53.14309015274047,2005-12-14,50.899050762176515,5695,51.874353155920566,0.6343684984099514,1.2687369968199036,-12779.804329261726,-12957.560327014862,-1.7687191247584428,stop_loss,2,-1.7687191247584428,90.79496952595709,86.96102822717857
GS,2005-10-25,88.84758218969087,2005-12-19,92.12942184262711,3175,85.13550273606644,1.8560397268122117,3.712079453624426,10419.840898072567,10247.460301731786,0.8840973621218954,trailing_stop,55,0.8840973621218954,84.62732203568055,87.75327430510232
PAYX,2005-10-27,19.359916246076832,2005-12-19,20.53447822610657,29049,18.602632038595445,0.37864210374069385,0.757284207481387,34119.85095788391,33772.183278377175,1.551018717181698,trailing_stop,53,1.551018717181698,168.71586210968576,178.95181739705095
PRU,2005-11-01,36.025014608738374,2005-12-19,37.369729189644396,15740,34.55357801583624,0.7357182964510686,1.471436592902137,21165.807503460783,20819.23752324482,0.9138787137635476,trailing_stop,48,0.9138787137635476,170.1101189824626,176.45986123350085
PFG,2005-10-26,26.844769671838186,2005-12-20,26.560971965673524,20956,26.017257009894752,0.4137563309717166,0.8275126619434339,-5947.26473038667,-6283.015946913378,-0.34295270539807415,trailing_stop,55,-0.34295270539807415,168.7676979729123,166.9835185537963
EXPD,2005-10-27,23.60806644406483,2005-12-20,26.6017334173336,23822,22.58438695575846,0.5118397441531841,1.0236794883063673,71315.13463720871,70956.30528151925,2.9244182456187175,trailing_stop,54,2.9244182456187175,168.7174076491537,190.1119480403163
CIEN,2005-12-01,21.020999999999997,2005-12-20,19.860119161605834,28775,19.293700529427305,0.8636497352863458,1.7272994705726923,-33404.34612479206,-33757.25238595462,-0.6720785006720748,trailing_stop,19,-0.6720785006720748,181.46378249999998,171.44247866256237
INTU,2005-12-13,24.177107556752627,2005-12-20,23.005717292802082,24976,23.256847751931836,0.46012990241039525,0.9202598048207911,-29256.643232428825,-29610.17470246157,-1.2728908269319217,stop_loss,7,-1.2728908269319217,181.1542315012361,172.37723853150746
STT,2005-10-20,35.0318885362866,2005-12-28,36.80405174238964,16102,33.64321398992918,0.694337273178712,1.3886745463574215,28535.37194467111,28188.361251560935,1.2761544530009068,trailing_stop,69,1.2761544530009068,169.22504076338606,177.7856523467874
ADP,2005-10-27,22.05984949118409,2006-01-03,22.685702471524223,25494,21.35107245776245,0.35438851671082033,0.7087770334216401,15955.495880791388,15613.272950270202,0.8830040348779538,trailing_stop,68,0.8830040348779538,168.71814087847414,173.5047896427116
ADBE,2005-12-19,38.54850831985473,2006-01-04,38.661300762176516,15591,36.22271719022284,1.162895564815949,2.325791129631895,1758.5469682389255,1397.4135282195407,0.04849637651668023,stop_loss,16,0.04849637651668023,180.30293796445653,180.8305020549282
COR,2005-12-29,13.475846628413546,2006-01-10,13.185034692448752,44451,13.141633470026532,0.167106579193507,0.3342131583870138,-12926.881365571031,-13282.412216249126,-0.8701390973602467,stop_loss,12,-0.8701390973602467,179.70445754388314,175.82639313421186
FFIV,2006-01-04,31.0560246181488,2006-01-12,29.07589454269409,19541,29.200681738997282,0.9276714395757594,1.855342879151518,-38693.72180446049,-39046.2331541571,-1.0672582937124049,stop_loss,8,-1.0672582937124049,182.0597331189737,170.45161657763558
FDX,2005-12-22,83.33477080162083,2006-01-13,81.11023687065125,7164,80.48197889928741,1.426395951166708,2.852791902333422,-15936.561081466107,-16289.986291955352,-0.77977434286393,stop_loss,22,-0.77977434286393,179.10308940684348,174.32212108240364
NBIX,2005-11-02,54.344290916442866,2006-01-17,60.41951954269409,10456,51.08223312110563,1.6310288976686187,3.2620577953372347,63522.590516082804,63162.59939543458,1.8623914741593846,trailing_stop,76,1.8623914741593846,170.46717174669797,189.5239489015228
CAH,2005-12-19,31.36548391323091,2006-01-18,31.11213510130061,19162,30.48710495246468,0.43918948038311517,0.8783789607662307,-4854.6699342084385,-5213.828774875374,-0.2884276869624694,trailing_stop,30,-0.2884276869624694,180.30762082359922,178.8512198433367
JPM,2005-11-11,22.46826440126438,2006-01-19,23.307887686854954,13184,21.851483237253774,0.3083905820053044,0.6167811640106073,11069.593397226114,10888.539560487185,1.3612985197714844,trailing_stop,69,1.3612985197714844,88.86647935988088,92.18735737904872
EFA,2006-01-04,34.31454679235628,2006-01-19,33.84602995063854,17685,33.57285061981939,0.3708480862684465,0.7416961725368907,-8285.720345778296,-8647.346285688254,-0.6316829708251467,stop_loss,15,-0.6316829708251467,182.0558280068462,179.57011190311275
GLW,2006-01-12,16.253564221355713,2006-01-19,16.575570330410166,38613,15.381619843258708,0.4359721890485025,0.8719443780970053,12433.621888919579,12053.332477185379,0.3692966170126839,stop_loss,7,0.3692966170126839,188.27966258376244,192.0097491504383
AON,2005-10-26,27.076104620743546,2006-01-23,28.66749994974064,20777,25.851128182351367,0.612488219196089,1.2249764383921793,33064.42075057264,32716.96528892435,1.2991232150439171,trailing_stop,89,1.2991232150439171,168.7680677115566,178.68739393672837
XLF,2005-10-31,16.382111142617287,2006-01-23,16.933590304779752,17209,15.946231880669641,0.2179396309738229,0.4358792619476457,9490.404901653865,9318.405929791388,1.2652108285635864,trailing_stop,84,1.2652108285635864,84.57592519599027,87.42304666648643
HUM,2005-12-23,48.06796174433105,2006-01-24,47.09970509962189,12527,45.37821512645952,1.344873308935764,2.6897466178715277,-12129.350988271615,-12487.000597037873,-0.35998061612040105,trailing_stop,32,-0.35998061612040105,180.64420703137054,177.00540173488903
MUR,2006-01-18,27.312081715335534,2006-01-25,26.21216753584685,22816,26.027546413706002,0.6422676508147668,1.284535301629532,-25095.641919213846,-25462.004700488338,-0.8562739989265842,stop_loss,7,-0.8562739989265842,186.94573692512867,179.41704434936452
RMBS,2006-01-10,27.777749999999997,2006-01-31,30.978990228652954,22492,25.640763101452652,1.0684934492736724,2.1369868985473452,72002.29522286229,71605.82824249544,1.4980158422258256,trailing_stop,21,1.4980158422258256,187.43314589999997,209.03383446685868
EXC,2006-01-19,19.149009566851934,2006-02-03,18.65556351330263,32608,18.43785241575207,0.3555785755499329,0.7111571510998651,-16090.288914135652,-16460.108369834958,-0.693863589483908,trailing_stop,15,-0.693863589483908,187.32327118677236,182.49618451253167
BEN,2005-10-25,14.847789154192027,2006-02-06,16.37178598059748,38008,14.254963046138307,0.29641305402685936,0.5928261080537194,57924.07137801845,57568.09329450153,2.570731628889993,trailing_stop,104,2.570731628889993,169.30043105175918,186.6776524651647
ISRG,2005-10-27,9.923246272087097,2006-02-06,12.709500105857849,56674,9.090756953106874,0.41624465949011125,0.8324893189802225,157908.1497751236,157523.34329465652,3.3468943928119583,trailing_stop,102,3.3468943928119583,168.71701776727923,216.0894626998163
JBL,2005-12-22,28.715296893914473,2006-02-06,29.54865123543502,20793,27.465628505358268,0.6248341942781023,1.2496683885562057,17327.93682323673,16964.49214120066,0.6668603840442472,trailing_stop,46,0.6668603840442472,179.1231504945491,184.3215315415201
CRM,2006-01-19,10.124124106286493,2006-02-06,9.660850729183563,61675,9.369872833227594,0.37712563652944936,0.7542512730588982,-28572.38553282317,-28938.457029716454,-0.6142162348949104,trailing_stop,18,-0.6142162348949104,187.32160627656583,178.7498906167189
ADM,2006-01-19,16.90528319302232,2006-02-07,17.95610412922628,36936,16.094964920647172,0.405159136187575,0.8103182723751488,38813.122099629414,38426.83003898904,1.2968002475420741,trailing_stop,19,1.2968002475420741,187.32406200524173,198.96799863513056
NEM,2005-12-07,33.715861396756125,2006-02-08,38.35248513308218,17998,31.954054579078075,0.8809034088390246,1.7618068176780497,83449.9540063964,83060.82817614319,2.6317435542886796,trailing_stop,63,2.6317435542886796,182.04542202564502,207.08040822756394
STX,2006-01-17,11.654175850401673,2006-02-08,11.888074721446502,53863,11.084952472500325,0.28461168895067424,0.5692233779013485,12598.49489108763,12218.078018322194,0.4109087576606277,trailing_stop,22,0.4109087576606277,188.31866214905557,192.0982106163819
HAL,2006-01-23,27.525353382478745,2006-02-08,26.899118233643076,11339,25.96322961178315,0.7810618853477973,1.562123770695596,-7100.880352647646,-7286.016077744208,-0.400887023540275,trailing_stop,16,-0.400887023540275,93.63299460117794,91.50273049538366
BKR,2006-01-23,35.530722529912055,2006-02-08,34.7280302433841,8784,33.73487796442077,0.8979222827456441,1.7958445654912865,-7050.849044861578,-7235.9949101697675,-0.44697202750860904,trailing_stop,16,-0.44697202750860904,93.63056001082424,91.51530529736577
DVA,2006-02-07,28.623594312667844,2006-02-08,27.962009771347045,22091,27.44943758136142,0.5870783656532123,1.1741567313064252,-14615.064102317776,-14990.073876263768,-0.5634550513411335,stop_loss,1,-0.5634550513411335,189.69714658834363,185.31262735764827
FLR,2006-01-25,35.42869936058789,2006-02-09,34.58229437305881,17893,34.150059974060184,0.6393196932638542,1.2786393865277077,-15144.7244418579,-15520.53645512074,-0.6619575436570855,trailing_stop,15,-0.6619575436570855,190.17771529769973,185.63429796514237
CBRE,2006-02-03,22.992969312667846,2006-02-09,21.91139911079407,27660,21.74062528100965,0.6261720158290992,1.2523440316581969,-29916.231783828684,-30288.84823300657,-0.8636366481834051,stop_loss,6,-0.8636366481834051,190.7956593565178,181.8207898213692
STLD,2006-02-07,7.591575001387637,2006-02-09,7.1792537221664885,83293,7.041791586119987,0.2748917076338251,0.5497834152676502,-34343.47631016715,-34712.56830122845,-0.7499703842838168,stop_loss,2,-0.7499703842838168,189.69751697717416,179.39447408412397
NUE,2006-02-07,24.19775644091213,2006-02-09,22.73379686339254,13065,22.7768959275515,0.7104302566803147,1.4208605133606298,-19126.631880293426,-19310.580103469645,-1.0303330719333037,stop_loss,2,-1.0303330719333037,94.8431063701551,89.10511680606706
SLB,2005-10-31,28.923442850984166,2006-02-16,36.998560083205426,19495,27.289029574868476,0.8172066380578447,1.6344132761156906,157424.41044215346,157038.86560799283,4.940682598597339,trailing_stop,108,4.940682598597339,169.15875551398088,216.38607864662694
MU,2006-02-07,15.629962427729858,2006-02-24,15.34541300140643,40456,14.785676714079116,0.4221428568253702,0.8442857136507413,-11511.731591340615,-11887.673527848956,-0.3370297776247092,trailing_stop,17,-0.3370297776247092,189.69772799287176,186.24420851546958
JBHT,2006-02-14,20.120075759672307,2006-03-01,19.15434141485301,30642,19.011577708893057,0.5542490253896245,1.1084980507792501,-29592.031793952872,-29953.065801271412,-0.8712097816864953,stop_loss,15,-0.8712097816864953,184.95580842836364,176.07819889017776
T,2006-02-06,4.922275174829828,2006-03-07,4.952761710717481,127886,4.776044692807763,0.07311524101103252,0.146230482022065,3898.8011285284115,3519.9374383848804,0.2084827695709365,trailing_stop,29,0.2084827695709365,188.8470249024862,190.01666524104473
DRI,2005-12-19,18.931122659176918,2006-03-08,19.730802716599246,31748,18.01018417585459,0.46046924166116465,0.9209384833223275,25388.242463044087,25020.010820995045,0.8683316767667764,trailing_stop,79,0.8683316767667764,180.30758465506463,187.92405739397788
WDC,2005-12-22,11.116173894103682,2006-03-08,11.800163563497476,53713,10.427808301729396,0.34418279618714254,0.6883655923742857,36739.13711214886,36369.865541990825,0.9936430248272603,trailing_stop,76,0.9936430248272603,179.1249145121973,190.14665564584197
J,2006-01-31,31.492252236422456,2006-03-08,29.813173636696558,20452,30.141673423174833,0.675289406623812,1.3505788132476226,-34340.51552159406,-34716.66109258118,-1.2432288906475288,stop_loss,36,-1.2432288906475288,193.2238628217936,182.9217081653154
WHR,2006-02-09,46.24296834052195,2006-03-08,45.03649171404884,13403,44.26848138245127,0.9872434790353383,1.9744869580706776,-16170.406224619024,-16537.431805552445,-0.6110329681042738,trailing_stop,27,-0.6110329681042738,185.9383514004047,181.08722953301898
UNP,2006-01-24,14.288048750522584,2006-03-09,14.14140280883463,44050,13.799793127383818,0.24412781156938315,0.488255623138766,-6459.753731354363,-6835.448933711268,-0.30034665191408527,trailing_stop,44,-0.30034665191408527,188.81656423815596,186.87863811874962
SPXC,2006-03-02,11.313797512169955,2006-03-09,11.041242814876437,56175,10.935957027518008,0.1889202423259741,0.37784048465194786,-15310.7601204634,-15687.498437574948,-0.7213485805910538,stop_loss,7,-0.7213485805910538,190.66577257384415,186.07254453770517
TEX,2005-11-01,24.038893413017725,2006-03-13,30.594141150333172,23588,22.391945597739227,0.8234739076392492,1.646947815278498,154625.18362779677,154238.57842201268,3.980240100204364,trailing_stop,132,3.980240100204364,170.10882534787862,216.4963804362177
VNO,2006-03-10,31.44726216468205,2006-03-28,31.856626074637497,19275,30.6524963802135,0.39738289223427603,0.7947657844685523,7890.489364391205,7524.43463064734,0.5150749037707764,trailing_stop,18,0.5150749037707764,181.84379346727397,184.21094027659132
PNC,2006-02-16,38.92365972372763,2006-03-31,37.62828672678593,16110,37.4217003290278,0.750979697349915,1.5019593946998313,-20868.458980730804,-21238.434537926136,-0.8624554042624989,stop_loss,43,-0.8624554042624989,188.11804744477564,181.85750975055637
LMT,2006-02-15,40.47215674665141,2006-04-04,41.56914508751499,15413,39.34550057768264,0.5633280844843815,1.1266561689687649,16907.881297730393,16528.53052217939,0.9736673628367581,trailing_stop,48,0.9736673628367581,187.13920558084143,192.21156997016053
EMR,2006-02-13,24.083887809634245,2006-04-10,23.568809799942674,25820,23.22863595175069,0.4276259289417769,0.8552518578835553,-13299.314210236364,-13668.432005920145,-0.602253014645541,trailing_stop,56,-0.602253014645541,186.55379497342688,182.56400071035597
DVA,2006-02-16,29.63460454177856,2006-04-10,27.962009771347045,21160,28.29647520176741,0.6690646700055757,1.3381293400111502,-35392.10534233088,-35757.7286499906,-1.2499500014083682,stop_loss,53,-1.2499500014083682,188.1204696312103,177.50283802851106
CI,2006-03-13,38.20591311844343,2006-04-10,37.898859950277156,15900,36.88916073646947,0.65837619098698,1.3167523819739628,-4882.145373843807,-5245.1651413816035,-0.23318975714019155,trailing_stop,28,-0.23318975714019155,182.24220557497517,180.77756196282203
BNY,2006-03-31,24.06882886394483,2006-04-11,23.47465743708603,26210,23.267617568872893,0.40060564753596895,0.801211295071937,-15573.23309796915,-15947.067530754157,-0.7415914260238333,stop_loss,11,-0.7415914260238333,189.25320135719824,184.58123142780747
VMC,2006-02-07,61.78541796025668,2006-04-12,68.86008959731947,10234,58.739826776788036,1.5227955917343228,3.0455911834686447,72402.18953370061,72001.08169639735,2.322922286964792,trailing_stop,64,2.322922286964792,189.69359022158005,211.4142470816903
CTSH,2006-02-10,12.029237465710855,2006-04-12,12.783970140484039,51392,11.32342917628256,0.35290414471414755,0.7058082894282958,38787.221621943456,38404.661512354185,1.069316818855325,trailing_stop,61,1.069316818855325,185.4619715513437,197.0981380379267
ECL,2006-03-10,31.080895959030116,2006-04-12,29.685987677302617,19502,29.848394180380787,0.6162508893246647,1.232501778649329,-27203.50131024969,-27559.024039652417,-1.131769792053483,stop_loss,33,-1.131769792053483,181.8418898979016,173.6808395048267
TEX,2006-04-04,38.00218719546595,2006-04-12,35.91428353418494,16615,35.83670885626951,1.0827391695982203,2.16547833919644,-34690.519332184,-35058.955980535946,-0.9641766548705284,stop_loss,8,-0.9641766548705284,189.42190207580003,179.01474627614482
CHRW,2006-02-09,27.30307424083925,2006-04-19,31.62994917238292,22700,25.791241579173118,0.7559163308330661,1.5118326616661335,98220.06094604125,97818.7270565972,2.8620065178213454,trailing_stop,69,2.8620065178213454,185.9339355801153,215.39995386392766
FCX,2006-04-19,22.88785971652193,2006-04-25,21.949221512386114,28050,21.322969973670737,0.7824448714255964,1.564889742851193,-26328.80162600966,-26706.10566455092,-0.5998110783355507,stop_loss,6,-0.5998110783355507,192.60133951453204,184.70269902672916
DE,2006-04-13,28.643176421011745,2006-04-26,28.817719068943653,21978,27.661859077467195,0.49065867177227523,0.9813173435445499,3836.0983162474713,3457.2356479239993,0.17786565078066816,trailing_stop,13,0.17786565078066816,188.85591941429885,190.0067489091731
FXI,2006-04-19,17.256536810659625,2006-04-26,16.710005957249983,37203,16.769141983813103,0.24369741342326182,0.487394826846522,-20332.58733939892,-20711.684526577286,-1.1213308457657098,stop_loss,7,-1.1213308457657098,192.59848169009103,186.49870548827136
NOC,2006-03-13,39.688198134593854,2006-04-27,39.83889544839141,15306,38.53999586934982,0.5741011326220136,1.1482022652440307,2306.5730849854194,1941.4005766710675,0.13124631291815966,trailing_stop,45,0.13124631291815966,182.2402681944281,182.9322401199237
CME,2006-04-10,47.323722623971655,2006-04-27,45.80302701067652,13347,45.201584707281704,1.061068958344977,2.122137916689951,-20296.724350650125,-20669.61316886222,-0.7165866088793459,trailing_stop,17,-0.7165866088793459,189.48891775864493,183.39990045344985
NUE,2006-03-13,26.964430912809544,2006-04-28,30.139266397712166,22529,25.334421657099277,0.815004627855134,1.6300092557102666,71525.86863937118,71139.92188035857,1.9477407712750734,trailing_stop,46,1.9477407712750734,182.24449921040585,203.7022598022172
ATI,2006-04-06,55.30799524931423,2006-04-28,56.35693788833372,5772,51.62640903388098,1.840793107716626,3.6815862154332493,6054.496912420476,5861.137914199326,0.2849159513424696,trailing_stop,22,0.2849159513424696,95.77132457371252,97.58767364743866
AA,2006-04-10,62.71404577689359,2006-04-28,64.29693510496466,10072,59.71637257622258,1.4988366003355031,2.9976732006710094,15942.861312331805,15559.084932499181,0.5280393232046606,trailing_stop,18,0.5280393232046606,189.4967607194617,194.2796191131612
CRS,2006-04-25,43.9071005082997,2006-04-28,41.633711632155745,14679,41.0692899749208,1.4189052666894495,2.8378105333788994,-33371.075312917106,-33747.77138734003,-0.8011066452125314,trailing_stop,3,-0.8011066452125314,193.3536985083994,183.34237591452424
OSK,2006-04-26,50.67854051335306,2006-05-01,48.03668436139995,12641,48.786735482463804,0.9459025154446301,1.8918050308892589,-33395.70361683931,-33770.061364131834,-1.3964737955640636,stop_loss,5,-1.3964737955640636,192.18822918878882,182.169518103737
WYNN,2006-03-07,38.344354613912486,2006-05-04,38.17174006122079,16246,35.71451306353545,1.3149207751885195,2.629841550377037,-2804.2960230293256,-3177.22016525699,-0.06563686419318703,trailing_stop,58,-0.06563686419318703,186.88271551728667,186.0414267103779
CLX,2006-04-27,35.772242713285024,2006-05-04,34.388947765847654,18005,34.7665334490798,0.5028546321026118,1.0057092642052226,-24906.22552860986,-25285.201198982897,-1.375442184606444,stop_loss,7,-1.375442184606444,193.22376901580907,185.75190135722607
ORCL,2006-04-28,11.875568468957855,2006-05-04,11.44590531914636,53569,11.435018017933784,0.22027522551203563,0.4405504510240714,-23016.625272251946,-23391.417681058432,-0.9752870501272461,stop_loss,6,-0.9752870501272461,190.848698194081,183.94371061240543
ADM,2006-05-04,25.621967822741283,2006-05-05,24.64587260181908,24990,24.048107188592656,0.786930317074314,1.5738606341486268,-24392.61957084588,-24769.47757050881,-0.6201916483222917,stop_loss,1,-0.6201916483222917,192.0878927670914,184.77010689583764
QCOM,2006-03-09,31.246627433957315,2006-05-12,31.04577724049544,19490,29.603662402720424,0.8214825156184457,1.6429650312368906,-3914.5702705719427,-4278.793960703468,-0.12224861128703803,trailing_stop,64,-0.12224861128703803,182.69903060634843,181.52465952517684
AGCO,2006-04-12,17.150396642656396,2006-05-15,19.345281219357847,36579,16.26736530956475,0.4415156665458241,0.8830313330916475,80286.68293116237,79886.19031100799,2.4856247954608537,trailing_stop,33,2.4856247954608537,188.2033076375185,212.28931251686717
NTRS,2006-04-19,35.2259393112969,2006-05-15,35.42755947442124,18225,34.02050686041103,0.6027162254429339,1.2054324508858656,3674.5274729410794,3288.2294683301657,0.16725961125085817,trailing_stop,26,0.16725961125085817,192.59782318451576,193.7001814263981
FLR,2006-04-26,38.54045461343836,2006-05-15,39.08052610623783,16623,36.77684738698936,0.8818036132244966,1.7636072264489968,8977.608424805705,8590.520356054752,0.30623116343592266,trailing_stop,19,0.30623116343592266,192.19739311175576,194.89067563919747
JPM,2006-04-28,26.394401412959493,2006-05-15,26.479034621296737,12051,25.604399426607017,0.3950009931762384,0.7900019863524754,1019.9147936721338,828.7614603774873,0.10713037409944397,trailing_stop,17,0.10713037409944397,95.42367942827245,95.7296538663741
GRMN,2006-05-04,25.850821956991524,2006-05-16,24.719743876678354,24769,24.21009816667132,0.8203618951601033,1.6407237903202052,-28015.672971276905,-28391.447674817155,-0.6893775094785622,stop_loss,12,-0.6893775094785622,192.0897027158169,183.68500082443384
CNX,2006-05-12,36.53348127007289,2006-05-16,33.99180303917357,17612,34.68992205905661,0.9217796055081389,1.8435592110162773,-44764.03700259886,-45136.664394775195,-1.3786800096852874,stop_loss,4,-1.3786800096852874,193.0283016385571,179.59909053777744
STLD,2006-03-28,8.79507924732093,2006-05-17,10.118933552496827,35633,8.123887042616028,0.33559610235245096,0.6711922047049015,47172.90045633276,46970.711550903994,1.9723922535094813,trailing_stop,50,1.9723922535094813,94.01851764593602,108.17038778283582
PWR,2006-05-05,17.86658967970898,2006-05-17,16.459276969993706,35982,16.7098079026645,0.5783908885222404,1.156781777044479,-50637.925920974994,-51008.45992111188,-1.2165757947111593,trailing_stop,12,-1.2165757947111593,192.86268895658654,177.67131118029405
ITW,2006-03-14,28.449316354393314,2006-05-18,30.696775032423574,21320,27.58273866370918,0.4332888453420683,0.8665776906841351,47915.819015605135,47537.520615095054,2.593487810949718,trailing_stop,65,2.593487810949718,181.96182740269964,196.33657310738116
BA,2006-04-13,59.86504843927424,2006-05-18,60.343781659207885,10515,57.93749406686801,0.963777186203113,1.9275543724062274,5033.879807602274,4654.681053056613,0.24836301729638205,trailing_stop,35,0.24836301729638205,188.8442953016906,190.35445924397126
BAC,2006-04-28,32.06733854682742,2006-05-18,31.820135579309778,19838,31.26046178608732,0.40343838037005053,0.8068767607401028,-4904.012469615029,-5284.2323831293215,-0.3063701664810608,trailing_stop,20,-0.3063701664810608,190.84555862758873,189.37435488670423
WFC,2006-04-28,19.37487382401127,2006-05-18,19.255702412483657,16417,18.914949708555948,0.2299620577276614,0.45992411545532264,-1956.4370630488302,-2146.6965140711914,-0.2591110305438851,trailing_stop,20,-0.2591110305438851,95.42319107063793,94.83625995172328
XLF,2006-04-28,18.31601025240949,2006-05-18,17.870172815529955,17366,17.91421561191657,0.20089732024645954,0.4017946404929198,-7742.412928850024,-7930.935705397375,-1.1096151913141121,stop_loss,20,-1.1096151913141121,95.42275021300296,93.10002633434797
C,2006-05-01,325.91936458158057,2006-05-18,317.5917832568346,973,317.4322348133953,4.243564884092614,8.487129768185241,-8102.736628977809,-8290.577533031843,-0.9812011306770195,stop_loss,17,-0.9812011306770195,95.13586252136336,92.70504153267002
AMT,2005-06-27,14.75425079973894,2006-05-19,21.69662246596096,37667,14.17418782510859,0.29003148731517603,0.5800629746303514,261498.3135515848,261086.41503859506,11.968306838832607,trailing_stop,326,11.968306838832607,166.72450946213,245.17400352760544
CTSH,2006-04-18,13.734547998516714,2006-05-19,13.980555091467043,46020,13.03900799721527,0.3477700006507215,0.6955400013014437,11321.246417574133,10938.611704313818,0.353692228326219,trailing_stop,31,0.353692228326219,189.61916966752176,193.01554359279402
EXPD,2006-05-05,41.10349067321547,2006-05-19,39.89272120466026,15640,39.075860894892394,1.013814889161538,2.0276297783230746,-18936.434488203424,-19316.468714334416,-0.5971353752540356,trailing_stop,14,-0.5971353752540356,192.857578238727,187.17664789226595
ETN,2006-02-15,20.531725798962356,2006-05-23,22.63317916082163,30383,19.850078763611585,0.3408235176753857,0.6816470353507711,63848.45749337033,63455.0137011524,3.0829054523473136,trailing_stop,97,3.0829054523473136,187.14462748496197,206.29916473297308
GL,2006-04-28,21.99214059784841,2006-05-24,21.591891498272542,28927,21.457314795209957,0.2674129013192283,0.5348258026384549,-11578.005703431187,-11956.232292364535,-0.7483728301838128,trailing_stop,26,-0.7483728301838128,190.8499953221883,187.37659361115894
WM,2005-10-31,17.50282619361663,2006-05-25,21.1572252670409,32215,16.860220890938663,0.32130265133898395,0.6426053026779677,117726.46615036283,117352.8360830213,5.686848611729583,trailing_stop,206,5.686848611729583,169.1560637482079,204.47400359331678
MDLZ,2006-05-26,13.001858360568033,2006-06-08,12.515404074417567,47099,12.602916443976936,0.19947095829554837,0.398941916591097,-22911.510423400763,-23272.06168642838,-1.2193611799611062,stop_loss,13,-1.2193611799611062,183.71235807731813,176.83890495029792
BRK-B,2006-05-19,61.561499999999995,2006-06-09,60.07985939025879,9990,60.34099215216245,0.6102539239187715,1.2205078478375455,-14801.589691314644,-15166.14884540725,-1.2139541850274262,stop_loss,21,-1.2139541850274262,184.4998155,180.05933859260557
GIS,2006-05-26,13.35282947620255,2006-06-09,13.208033418800358,45861,13.02854698881846,0.1621412436920443,0.3242824873840888,-6640.491988521878,-7005.924308490196,-0.4465121091497322,stop_loss,14,-0.4465121091497322,183.71223378243755,181.72008618588097
CPB,2006-06-02,19.087655623902183,2006-06-09,18.72357280856185,32141,18.567042262901793,0.2603066805001944,0.5206133610003896,-11701.985767853608,-12066.572975767956,-0.699334367140953,stop_loss,7,-0.699334367140953,184.048901822352,180.53830609199596
OMC,2006-05-25,26.91830649970974,2006-06-13,26.34970756559634,22734,26.210295730673025,0.3540053845183579,0.708010769036715,-12926.528168134028,-13289.826677662228,-0.8030936236845772,trailing_stop,19,-0.8030936236845772,183.58823398932037,179.71027553888018
NRG,2006-06-01,18.62671492258781,2006-06-13,17.436951403810937,32880,17.712909924859904,0.45690249886395196,0.9138049977279046,-39119.42449738353,-39475.15650202712,-1.3019884129930492,stop_loss,12,-1.3019884129930492,183.73391599640613,171.99808864719108
PFG,2006-06-01,29.756128767071903,2006-06-14,28.488123945250937,20582,28.920397046429457,0.41786586032122364,0.8357317206424462,-26098.07524271913,-26457.710205516636,-1.5172390738576034,stop_loss,13,-1.5172390738576034,183.73219268516215,175.90277011234645
WFC,2006-06-09,20.25575277656729,2006-06-14,19.485417720908746,30139,19.679678729253162,0.28803702365706557,0.5760740473141297,-23217.128242492905,-23576.455983779935,-1.3372153445379678,stop_loss,5,-1.3372153445379678,183.14643987988848,176.18130140714058
CMCSA,2006-06-05,6.989153198180384,2006-06-23,6.659084158742976,88024,6.707928511366867,0.1406123434067585,0.2812246868135171,-29053.997127438397,-29414.408860970143,-1.1736844413530454,stop_loss,18,-1.1736844413530454,184.56396633498903,175.8477671967575
CL,2006-03-10,17.92305191148911,2006-06-29,18.551466166494674,33819,17.389651723530367,0.2667000939793718,0.533400187958744,21252.341690033125,20882.282171969324,1.1781290468052246,trailing_stop,111,1.1781290468052246,181.84190777839507,188.21761028540502
ECL,2006-06-30,32.7871203470273,2006-07-07,31.95010845845949,18442,31.57402140968788,0.6065494686697079,1.2130989373394172,-15436.173248967518,-15794.338441056754,-0.6899782555275767,stop_loss,7,-0.6899782555275767,181.3980220319632,176.76717005727295
GRMN,2006-06-30,29.178537736279885,2006-07-10,26.87591882693045,20723,26.936301331600134,1.121118202339876,2.242236404679751,-47717.171658448315,-48065.656609456135,-1.026929588933468,stop_loss,10,-1.026929588933468,181.4000512526784,167.08489975514394
IDCC,2006-06-16,24.473952878007328,2006-07-11,19.7669401329306,24650,22.717154591127976,0.8783991434396754,1.7567982868793521,-116027.86416614134,-116355.02556995722,-2.6793131460971087,stop_loss,25,-2.6793131460971087,180.9848815328642,146.17652228302177
INTU,2006-07-03,26.612399403579428,2006-07-11,25.743244613434012,22735,25.32318652493565,0.6446064393218883,1.2892128786437773,-19760.234153956026,-20117.325823974068,-0.6741747655047837,stop_loss,8,-0.6741747655047837,181.5098701321135,175.58179988592667
LVS,2006-06-30,47.28393783170374,2006-07-14,44.043497590723526,12788,43.57945514291588,1.8522413443939272,3.7044826887878557,-41438.749801654965,-41789.118374909565,-0.874734885598971,trailing_stop,14,-0.874734885598971,181.4000990975482,168.96847415705173
GL,2006-07-10,22.73595321268734,2006-07-14,22.01687945422529,26268,22.219938491673975,0.25800736050668066,0.516014721013363,-18888.62948728109,-19241.29970982943,-1.3935140397737356,stop_loss,4,-1.3935140397737356,179.1684056972613,173.501816851077
CMI,2006-06-30,19.262139706286398,2006-07-17,18.390515066897667,31392,18.238367694939335,0.5118860056735308,1.023772011347063,-27362.040679691043,-27716.638321282982,-0.8513854937701033,stop_loss,17,-0.8513854937701033,181.40312689792276,173.19451469401545
RNR,2006-07-10,39.79388186799604,2006-07-18,38.598580269948776,15008,38.54407594828886,0.6249029598535919,1.2498059197071854,-17939.086383493363,-18292.040605023245,-0.9563897715633405,stop_loss,8,-0.9563897715633405,179.16797372246538,173.7862478074174
RNR,2006-07-27,41.486884063842986,2006-08-02,39.0528705508673,14448,40.00426393663798,0.7413100636024997,1.4826201272050028,-35166.627235472755,-35515.71874787476,-1.6416973358942781,stop_loss,6,-1.6416973358942781,179.82075028632102,169.27076211567922
AES,2006-07-10,12.18636224997489,2006-08-07,12.445436297698636,49008,11.62866727789582,0.2788474860395349,0.5576949720790694,12696.700930845382,12334.554375878068,0.4645443489618112,stop_loss,28,0.4645443489618112,179.1687723440308,182.9777826232844
WFC,2006-07-20,20.67823568394561,2006-08-10,20.366698227689923,14257,20.053865187141472,0.3121852484020685,0.6243704968041364,-4441.5895138373035,-4617.142800670759,-0.4989624875779705,trailing_stop,21,-0.4989624875779705,88.44288184380376,87.11040498965257
ILMN,2006-07-26,18.559396263122558,2006-08-14,16.61274798774719,32180,16.746024717526478,0.9066857727980402,1.8133715455960804,-62643.1415015793,-62982.6933821772,-1.0734966477790828,stop_loss,19,-1.0734966477790828,179.17241152418518,160.3794690737114
DINO,2006-07-03,11.539725976469324,2006-08-18,11.332690160751342,52432,10.636394488408955,0.45166574403018434,0.9033314880603687,-10855.301889725204,-11215.07584659723,-0.2291914080871113,trailing_stop,46,-0.2291914080871113,181.51527371947188,178.2586831525543
MRK,2006-07-25,18.813631371276944,2006-08-18,18.45099632309179,31619,18.064043782899788,0.37479379418857783,0.7495875883771568,-11466.157588566402,-11819.638667486875,-0.48377941925406304,trailing_stop,24,-0.48377941925406304,178.46046309852173,175.0206158219518
SEIC,2006-08-17,20.577191705088776,2006-08-25,19.944034574124117,29383,19.689068552594946,0.44406157624691484,0.8881231524938293,-18604.05597913456,-18961.246536663195,-0.7129159162068547,stop_loss,8,-0.7129159162068547,181.38588716118707,175.80467036744668
UHS,2006-07-31,25.506249936118778,2006-08-29,25.559556805005936,23540,24.637787578432423,0.43423117884317675,0.8684623576863544,1254.8436936037167,894.216966397894,0.06138074772655897,trailing_stop,29,0.06138074772655897,180.1251370488708,180.50159015695192
PEG,2006-08-21,17.133397468057634,2006-08-31,16.41326884368351,35253,16.44710537419636,0.3431460469306365,0.6862920938612724,-25386.694395060957,-25741.4805833073,-1.049303395471856,stop_loss,10,-1.049303395471856,181.2010982824307,173.58508996391245
XLP,2006-07-26,14.691860898335609,2006-09-06,15.100902865091639,40651,14.40317679577047,0.14434205128256944,0.28868410256513855,16627.96499059938,16264.633298675253,1.4169189197515095,trailing_stop,42,1.4169189197515095,179.17165121347224,184.16004071065205
ECL,2006-07-20,33.448589849637074,2006-09-07,34.137373560187314,17628,32.19626969682101,0.6261600764080296,1.2523201528160612,12141.87924957963,11784.457640683115,0.5500060898975306,trailing_stop,49,0.5500060898975306,176.8895225608207,180.5320863356946
DVN,2006-09-06,44.85263783170756,2006-09-08,43.219457116499825,13446,42.15066818475571,1.3509848234759272,2.701969646951852,-21959.747896683217,-22315.013113285295,-0.6044408074865537,stop_loss,2,-0.6044408074865537,180.92657048554196,174.338646116537
USB,2006-08-07,17.167512458068646,2006-09-11,17.159777535479037,17543,16.79333496486229,0.1870887466031786,0.37417749320635707,-135.69374698951566,-316.3548414965578,-0.02067180076313011,stop_loss,35,-0.02067180076313011,90.35090131556949,90.31019319147262
KR,2006-06-30,7.6981481131209515,2006-09-13,7.932117940764431,78550,7.376315828345422,0.16091614238776475,0.32183228477552905,18378.329961395288,18010.002741835477,0.7269930293247864,trailing_stop,75,0.7269930293247864,181.40686028569522,186.92035927411382
EXC,2006-08-21,20.250940791823655,2006-09-13,19.75231017381908,14913,19.617107604492706,0.3169165936654749,0.63383318733095,-7436.07840630224,-7615.04895079743,-0.7866906119326009,trailing_stop,23,-0.7866906119326009,90.60068400853986,88.36986048664919
BRK-B,2006-08-25,64.34427877807616,2006-09-20,62.757179695129395,9366,63.058092213364866,0.6430932823556483,1.2861865647112936,-14864.770010879396,-15221.899688897409,-1.23395713070834,stop_loss,26,-1.23395713070834,180.7945545106384,176.33512350737456
CVS,2006-07-13,20.881186880989194,2006-09-22,21.421366930292322,28386,19.93779500445287,0.4716959382681627,0.9433918765363245,15333.550879518594,14973.310791772483,0.5725934924163288,trailing_stop,71,0.5725934924163288,177.8200112411278,182.42007650498334
MO,2006-07-07,5.435078963575387,2006-09-26,5.440696794661186,111046,5.25177806298907,0.09165045029315863,0.18330090058631754,623.8376707535675,261.52425229882596,0.030648136849458163,trailing_stop,81,0.030648136849458163,181.06313357675774,181.2502848779838
MU,2006-09-11,17.650826647247953,2006-09-26,17.245315790934097,34089,16.628166722071832,0.5113299625880602,1.0226599251761215,-13823.459580883064,-14180.33196075562,-0.3965256155354089,stop_loss,15,-0.3965256155354089,180.50970887341063,176.36267099914573
LH,2006-06-09,50.355525674742054,2006-10-02,53.624314968579384,12123,49.06823209593986,0.6436467894010951,1.287293578802192,39627.53260918995,39249.36832675425,2.5392725852628666,trailing_stop,115,2.5392725852628666,183.13801132646938,195.02627110922634
ABT,2006-07-20,14.072513309470002,2006-10-04,14.499709810825609,41899,13.622383561352633,0.22506487405868453,0.4501297481173694,17899.10621029855,17539.961937343367,0.9490519192351105,trailing_stop,76,0.9490519192351105,176.88727054604507,182.25700240913466
PEP,2006-08-30,36.89351653166194,2006-10-10,35.99027210262834,16384,36.02014172635097,0.4366874026554841,0.8733748053109665,-14798.756725286483,-15156.995123181747,-1.034200235157914,stop_loss,41,-1.034200235157914,181.33901245642477,176.8993854388388
CME,2006-10-10,51.16061779250388,2006-10-12,49.482247013987866,11982,48.88818217849893,1.136217807002474,2.272435614004948,-20110.238668178852,-20472.009510012267,-0.7385779241322686,stop_loss,2,-0.7385779241322686,183.90195671693442,177.8688851164808
HUM,2006-08-23,53.81864177141869,2006-10-16,55.64742247393734,11222,51.08351980669245,1.3675609823631194,2.7351219647262397,20522.577043664285,20154.04859177587,0.6686285752897654,trailing_stop,54,0.6686285752897654,181.18583938765815,187.34261250075744
AKAM,2006-09-26,49.18913938903808,2006-10-19,46.1338203048706,12314,45.54866558353958,1.8202369027492504,3.6404738054985017,-37623.199202438336,-37975.341280139575,-0.8392641308262633,trailing_stop,23,-0.8392641308262633,181.71451873098448,170.427558970253
SEIC,2006-10-12,23.938832046960364,2006-10-19,22.852946055540396,25703,22.961298455189585,0.48876679588538996,0.9775335917707793,-27910.52763746743,-28271.334359238,-1.1108426355486265,stop_loss,7,-1.1108426355486265,184.5899400309067,176.21678173966643
RF,2006-10-16,21.247358048609577,2006-10-20,20.850126950197968,29101,20.718572513569214,0.2643927675201822,0.5287855350403632,-11559.822194876238,-11927.345868161328,-0.7512140028211775,stop_loss,4,-0.7512140028211775,185.4958099717762,182.0278633133133
VFC,2006-09-13,10.243311899704148,2006-10-24,10.242091517830838,59111,9.875306104171454,0.1840028977663469,0.3680057955326941,-72.13799291321922,-435.4117973373924,-0.0033162028645319017,trailing_stop,41,-0.0033162028645319017,181.64772291102355,181.62608151314961
BDX,2006-07-31,35.749693655184686,2006-10-25,39.35642112955608,16795,34.304715011867685,0.7224893216585,1.4449786433170004,60574.987932067605,60196.56577272469,2.4960420633567457,trailing_stop,86,2.4960420633567457,180.12483148164802,198.29732786126831
MDLZ,2006-09-26,14.041575499306703,2006-10-25,14.073435989844272,43138,13.596302150799316,0.2226366742536932,0.44527334850738676,1374.3978408096807,1010.5502311239823,0.07155265556398135,stop_loss,29,0.07155265556398135,181.71764516672775,182.12996451897067
LMT,2006-07-26,44.29646091330852,2006-10-27,47.74111652038025,13482,42.922893907452156,0.6867835029281838,1.3735670058563656,46440.84689454107,46068.59170885278,2.5078176691672365,trailing_stop,93,2.5078176691672365,179.16146580996764,193.09371987832995
GEN,2006-09-21,7.526478298482702,2006-10-27,6.907685251042699,80643,7.211414511215156,0.1575318936337729,0.3150637872675457,-49901.327724704104,-50250.532000041414,-1.964024659281252,stop_loss,36,-1.964024659281252,182.08733682736215,167.11693850995093
OMC,2006-10-25,29.020092354431178,2006-10-30,29.0492150010902,21300,28.26128998674409,0.37940118384354504,0.758802367687089,620.3123738371776,249.24949983539594,0.038379751960700086,stop_loss,5,0.038379751960700086,185.43839014481523,185.6244838569664
WMT,2006-10-24,11.495653175354002,2006-10-31,11.092498684798421,53994,11.088025981419644,0.20381359696717904,0.4076271939343581,-21767.923563058033,-22133.810964519154,-0.9890274656712489,stop_loss,7,-0.9890274656712489,186.20888926501922,179.67851219610182
JNJ,2006-10-19,38.58131116435838,2006-11-01,38.15315949851111,15961,37.885397764536485,0.3479566999109489,0.6959133998218974,-6833.728738588339,-7201.156404463357,-0.6152369906325259,trailing_stop,13,-0.6152369906325259,184.73889224829725,182.68877362672072
ADP,2006-10-31,24.36035789617368,2006-11-03,23.682394427686567,25145,23.726127067625107,0.31711541427428763,0.6342308285485743,-17047.391415108483,-17409.801917263525,-1.0689538224413044,stop_loss,3,-1.0689538224413044,183.76235978978616,178.64814236525362
ORCL,2006-09-08,12.800725888391382,2006-11-06,14.247679406075422,46732,12.223219239572106,0.28875332440963797,0.5775066488192753,67619.03178841058,67239.82396554427,2.505518370467886,trailing_stop,59,2.505518370467886,179.46105666489183,199.74676620141497
DUK,2006-06-30,21.247052749973548,2006-11-07,22.0877049165547,28459,20.449307391323085,0.39887267932523157,0.797745358650463,23924.120008732978,23554.14084820346,1.0537850925303696,trailing_stop,130,1.0537850925303696,181.4009622634492,188.57819826606902
SYK,2006-10-19,41.80538791590073,2006-11-10,40.160677780783,14730,40.25804527704886,0.7736713194259356,1.5473426388518732,-24226.58029028422,-24588.788334597866,-1.0629256208812983,stop_loss,22,-1.0629256208812983,184.73800920036533,177.47003511328006
SCHW,2006-11-07,14.179133771905489,2006-11-10,13.547212122917175,43183,13.440906722711459,0.3691135245970149,0.7382270491940304,-27288.27256826236,-27647.464606695197,-0.8559990448442971,stop_loss,3,-0.8559990448442971,183.68926010165842,175.50277833117974
BAX,2006-08-02,15.858134847042216,2006-11-22,16.753693935165707,37752,15.283603897247328,0.2872654748974439,0.5745309497948874,33809.14669483804,33439.79816678226,1.5587656129634333,trailing_stop,112,1.5587656129634333,179.60289202366133,189.74563603211274
MAT,2006-10-31,13.917497251854396,2006-11-28,13.59052785149301,44013,13.420062770638001,0.24871724060819728,0.4974344812163949,-14390.904218105716,-14754.117430767805,-0.6573114906747848,trailing_stop,28,-0.6573114906747848,183.76524196376027,179.44797069832856
DLTR,2006-09-13,10.35701395702362,2006-12-01,9.99,58462,9.852718446454382,0.252147755284619,0.5042955105692375,-21456.36995551484,-21813.228094501497,-0.7277755786668463,trailing_stop,79,-0.7277755786668463,181.64752498665447,175.21061400000002
EA,2006-11-06,57.24202404794139,2006-12-04,53.59538292110022,10567,53.98603873126848,1.6279926583364546,3.2559853166729127,-38534.05678733069,-38885.42245116326,-1.11998082674631,stop_loss,28,-1.11998082674631,181.462940434379,169.9027233981798
DE,2006-11-22,33.412863611180946,2006-12-13,32.69570321888645,18571,31.876258414878006,0.7683025981514694,1.53660519630294,-13318.385645301074,-13686.696303681427,-0.4667174066702219,trailing_stop,21,-0.4667174066702219,186.1530870369724,182.15757134338207
EQT,2006-10-27,18.294579177546048,2006-12-19,18.799449746406207,33734,17.619080942628248,0.3377491174589001,0.6754982349178,17031.303769928614,16655.904778412434,0.7474047196016671,trailing_stop,53,0.7474047196016671,185.1448001926015,190.2541913235801
LIN,2006-11-03,42.76707171327049,2006-12-22,41.1544982878001,14252,41.318316429410125,0.7243776419301824,1.4487552838603648,-22982.396459803957,-23341.211524500533,-1.1130750951765376,stop_loss,49,-1.1130750951765376,182.85489181725933,175.9601728793181
VRSN,2006-12-01,21.451579734340367,2006-12-22,20.13021326401716,28903,20.17399543105163,0.6387921516443688,1.2775843032887373,-38191.45509175161,-38552.00666066106,-1.034269493544782,stop_loss,21,-1.034269493544782,186.0045027184919,174.5470661909664
LVS,2006-11-10,52.327582242714975,2006-12-26,55.87233910929155,11645,49.2169437134849,1.555319264615037,3.110638529230073,41278.69371128424,40900.69728604101,1.1395592362362832,trailing_stop,46,1.1395592362362832,182.80640856492477,195.19001667831006
TEX,2006-12-19,55.81817664829444,2007-01-04,51.56049022463186,11294,52.0389820669702,1.8895972906621208,3.7791945813242407,-48086.31046884514,-48450.13086794399,-1.126612121191884,stop_loss,16,-1.126612121191884,189.12314611975123,174.6972529790977
GIS,2006-09-22,14.129818700521458,2007-01-05,14.905490333985908,42684,13.75249356905981,0.18866256573082346,0.3773251314616477,33108.768002796576,32736.9650635479,2.0557115569263136,trailing_stop,105,2.0557115569263136,180.9351544239174,190.86778482475634
BRK-B,2006-10-04,64.72466366577147,2007-01-08,71.7481796951294,9442,63.35648741971783,0.6840881230268201,1.3681762460536433,66316.0383491975,65929.46537309341,5.133487772219767,trailing_stop,96,5.133487772219767,183.33908229966428,203.2338938044235
TRV,2006-10-27,32.09643826269464,2007-01-08,33.26757507178614,19228,31.114157347289083,0.49114045770277787,0.982280915405557,22518.618565211367,22141.57279069275,1.1922626111573895,trailing_stop,73,1.1922626111573895,185.14509447452775,191.9006800440912
CB,2006-12-13,40.874560037073216,2007-01-08,39.824921090717474,15402,39.66510455603802,0.6047277405175987,1.2094554810351994,-16166.539051771138,-16539.41907427021,-0.8678607545416497,trailing_stop,26,-0.8678607545416497,188.8649921073005,184.01503039176916
FXI,2006-12-28,24.334970067977903,2007-01-08,23.24921701588823,25885,23.53544605118941,0.39976200839424636,0.7995240167884923,-28104.717753341152,-28474.232758140915,-1.3579992961948746,stop_loss,11,-1.3579992961948746,188.9732100628824,180.54179473688006
SRE,2006-10-04,14.127800177734246,2007-01-09,15.282367626426769,43257,13.722961474117263,0.20241935180849152,0.40483870361698315,49943.12412809248,49561.4654394811,2.85191963707318,trailing_stop,97,2.85191963707318,183.3378756864751,198.32081292490284
SPGI,2006-10-20,44.574093496777,2007-01-09,47.32403462883812,13772,43.17259500230517,0.700749247235916,1.4014984944718307,37872.18927074571,37492.502964581916,1.9621434792175507,trailing_stop,81,1.9621434792175507,184.16232469128389,195.52398147250756
LH,2007-01-09,61.21330532169543,2007-01-12,59.91333406299062,10137,59.79902288647211,0.7071412176116607,1.4142824352233205,-13177.808649490638,-13546.166872523407,-0.9191737281949186,stop_loss,3,-0.9191737281949186,186.155782813808,182.20244021896076
CSCO,2006-11-10,17.181015021222596,2007-01-18,17.442436756797065,35468,16.40331333189592,0.3888508446633376,0.7777016893266762,9272.106117355275,8903.698741056436,0.33614654457135706,trailing_stop,69,0.33614654457135706,182.8128722318169,185.59450406702348
FFIV,2007-01-09,39.68464545822143,2007-01-22,37.9969648475647,15636,37.321814165492846,1.181415646364292,2.362831292728586,-26388.574028228697,-26752.962925851076,-0.7142620024757709,stop_loss,13,-0.7142620024757709,186.15273491542513,178.23616270695646
IBM,2007-01-09,51.18519845058109,2007-01-22,49.71150604618971,12123,49.890769316972566,0.6472145668042639,1.2944291336085243,-17865.573018436684,-18232.524243020987,-1.1384882850118772,stop_loss,13,-1.1384882850118772,186.15544824491838,180.79577633938734
CROX,2007-01-18,25.59556969451904,2007-01-22,23.976,24536,23.854537746531946,0.8705159739935473,1.7410319479870928,-39737.76202471916,-40102.64843492658,-0.9302354826926166,stop_loss,4,-0.9302354826926166,188.40386940741573,176.48254079999998
TPR,2006-10-25,25.35474119024568,2007-01-23,28.372810806776258,24379,24.108105632734315,0.6233177787556818,1.2466355575113646,73577.51918139897,73184.57198435835,2.4209718697222904,trailing_stop,90,2.4209718697222904,185.4369706430998,207.51022639751952
DD,2007-01-22,14.6301272437932,2007-01-24,14.193030765368254,42635,14.216844563839553,0.20664133997682424,0.41328267995364776,-18635.608357647583,-19004.27096016376,-1.0576210899376894,stop_loss,2,-1.0576210899376894,187.12664251173692,181.53596000444264
CAG,2006-12-22,10.571773241611702,2007-01-26,10.283771555586855,59430,10.254915878611744,0.1584286814999791,0.3168573629999578,-17115.940200456662,-17487.773708645913,-0.9089316508162868,trailing_stop,35,-0.9089316508162868,188.48414512469503,183.34936306455802
SYY,2006-11-29,20.34895572433321,2007-01-30,19.41301867987489,30212,19.660229332291287,0.34436319602096127,0.6887263920419215,-28276.529987174676,-28636.916618384654,-1.3589388402606013,stop_loss,62,-1.3589388402606013,184.43479510306645,175.95183610691407
GD,2007-01-09,50.33842556356783,2007-01-30,49.84719660873618,12327,48.77658608029044,0.7809197416386933,1.5618394832773888,-6055.379326209724,-6425.875775565121,-0.3145194881364155,trailing_stop,21,-0.3145194881364155,186.1565315766302,184.33991777876727
CCI,2007-01-22,22.1452931922497,2007-02-01,21.47848040873723,28166,21.151016365659896,0.4971384132949027,0.9942768265898039,-18781.44886041221,-19150.061022585825,-0.6706510356874361,stop_loss,10,-0.6706510356874361,187.12329841587152,181.48886375774782
CMCSA,2006-07-28,7.184224633009602,2007-02-09,8.71479550087268,82938,6.8817715856066926,0.15122652370145434,0.302453047402909,126942.48663882806,126546.89675926889,5.060523876369308,trailing_stop,196,5.060523876369308,178.7535667837651,216.83631277541352
JLL,2007-01-30,91.71865303345433,2007-02-13,94.4390815871769,6763,88.21883746267235,1.7499077853909857,3.4998155707819762,18398.25830882574,18020.562881053942,0.7773062604881019,trailing_stop,14,0.7773062604881019,186.0879751395755,191.60745263222321
BMY,2007-01-30,13.395354708061685,2007-02-13,13.222747753285411,46312,12.889843755872485,0.2527554760945997,0.5055109521891996,-7993.773289598806,-8363.594557955777,-0.34145047506640724,trailing_stop,14,-0.34145047506640724,186.10970017192582,183.7115681850462
MLM,2007-02-09,99.47880870690854,2007-02-13,96.99545160395488,6417,95.63130817430024,1.923750266304149,3.8475005326082936,-15935.702529653645,-16313.935128178087,-0.6454468509898156,stop_loss,4,-0.6454468509898156,191.50665464166963,186.72594388277355
ACN,2006-12-22,26.034932648578813,2007-02-28,26.691467454371974,24132,24.995080906258657,0.5199258711600783,1.039851742320156,15843.497933400557,15461.779887215234,0.6313734728455384,trailing_stop,68,0.6313734728455384,188.48249840265117,193.23554778267135
SPXC,2007-01-22,15.119552952138193,2007-02-28,15.255407182416926,41255,14.681214998504872,0.21916897681666017,0.4383379536333205,5604.666270149134,5228.730576043813,0.3099303383443228,trailing_stop,37,0.3099303383443228,187.12714711213835,188.80854699318306
JPM,2007-01-23,30.33844895156526,2007-02-28,29.972413656273464,20490,29.501946598827548,0.41825117636885556,0.8365023527377105,-7500.0632005288735,-7870.794072979258,-0.4375783213207135,stop_loss,36,-0.4375783213207135,186.49044570527164,184.24042674511298
LMT,2007-01-24,55.810344395484364,2007-02-28,55.06635140304257,5595,54.25402786895641,0.7781582632639743,1.5563165265279508,-4162.640792711853,-4348.74732660968,-0.4780473507542843,trailing_stop,35,-0.4780473507542843,93.6776630678205,92.42887083000694
STLD,2007-01-26,12.31589385446198,2007-02-28,12.179996270333469,50388,11.554746035291341,0.3805739095853191,0.7611478191706382,-6847.607469067404,-7217.897142549862,-0.17854295933815792,trailing_stop,33,-0.17854295933815792,186.17197786158908,184.11769562086886
EL,2007-02-01,18.46568764664375,2007-02-28,18.330761559620726,34182,17.723369076668334,0.37115928498770856,0.7423185699754171,-4612.043506621052,-4989.3763746516115,-0.18176304955902367,trailing_stop,27,-0.18176304955902367,189.35824054127303,187.97462748928672
NKE,2007-02-13,9.963350706595028,2007-02-28,10.07034107406585,63162,9.670422730574757,0.14646398801013555,0.29292797602027143,6757.725590192025,6378.115178116995,0.36524462062106844,trailing_stop,15,0.36524462062106844,188.79154719898654,190.81886487604416
JBHT,2007-02-14,21.839725442357373,2007-02-28,21.43678145270741,29074,20.846317004102573,0.4967042191273999,0.9934084382548001,-11715.19355508301,-12092.659903523143,-0.40561764339131884,trailing_stop,14,-0.40561764339131884,190.4904532533295,186.97589518680462
TSN,2007-02-14,13.26656507628421,2007-03-01,12.688389820173406,47862,12.684068333178539,0.2912483715528349,0.5824967431056702,-27672.62410797528,-28045.300923351555,-0.9925810967254065,stop_loss,15,-0.9925810967254065,190.48930130433445,182.18751407194185
PVH,2007-01-09,51.36940600024978,2007-03-02,52.26598249111534,12079,48.61383295907681,1.3777865205864859,2.7555730411729726,10829.747433165048,10454.203875888888,0.3253684360636318,trailing_stop,52,0.3253684360636318,186.14731652310513,189.39624075305466
ITT,2007-01-09,15.24864179104523,2007-03-02,15.106686129560115,40694,14.77657281895144,0.23603448604689564,0.4720689720937905,-5776.743688475268,-6147.327602795602,-0.3007095782116162,trailing_stop,52,-0.3007095782116162,186.15846871343837,184.4254456068958
ETR,2006-07-27,17.74378798408415,2007-03-05,21.978716813122222,33783,17.34005627355445,0.20186585526485135,0.40373171052970136,143068.60063139317,142666.01701752396,10.489462974017545,trailing_stop,221,10.489462974017545,179.83151683989445,222.7520970293124
BG,2006-11-01,41.47847815016157,2007-03-05,48.573427790473545,14778,39.847217079028226,0.8156305355666736,1.6312610711333448,104849.16578453036,104449.92966473314,4.3493648968050485,trailing_stop,124,4.3493648968050485,183.8906850309263,215.3454347662854
MCD,2006-09-11,21.594114189741322,2007-03-06,25.347426335610848,27864,20.87415388599919,0.35998015187106713,0.719960303742134,104582.28963250846,104189.89590694894,5.213220960045928,trailing_stop,176,5.213220960045928,180.50951933488565,211.88420622463823
MGM,2007-01-12,63.92219373712626,2007-03-06,63.200031546571665,9793,60.20596074099967,1.8581164980632914,3.7162329961265854,-7072.134332101115,-7445.606717762092,-0.19432640292126419,trailing_stop,53,-0.19432640292126419,187.7970129803032,185.67537268067292
M,2007-03-13,24.05329513915308,2007-03-15,23.532656665767334,26174,23.030174388005342,0.5115603755738676,1.0231207511477365,-13627.191402398483,-14000.845813161079,-0.5088729485759064,stop_loss,2,-0.5088729485759064,188.87128409165783,184.78312667093826
PVH,2007-03-27,55.776866152974705,2007-04-20,54.51173059657544,11542,53.031201377310474,1.3728323878321143,2.745664775664231,-14602.194591960319,-14984.07988706531,-0.46077568085244625,trailing_stop,24,-0.46077568085244625,193.1329767412902,188.7523183637021
PEG,2007-03-22,19.706984817222168,2007-04-30,21.616359324510356,16111,19.027802898187876,0.33959095951714635,0.679181919034292,30761.932686919998,30562.20456767976,2.8112858334083293,trailing_stop,39,2.8112858334083293,95.24976971707989,104.4783495231559
PPL,2007-03-28,16.476174963553454,2007-05-01,17.52050699060224,38888,15.903003400446762,0.28658578155334624,0.5731715631066923,40611.98386787316,40215.3649775232,1.8220234468512693,trailing_stop,34,1.8220234468512693,192.21764759480004,204.40124275516197
EL,2007-03-13,19.306463188235895,2007-05-04,18.742458537648474,32610,18.381867264344766,0.4622979619455642,0.924595923891129,-18392.1916556558,-18764.424256900125,-0.6100012297413421,stop_loss,52,-0.6100012297413421,188.87512937051173,183.35747187381503
ADBE,2007-03-22,42.92288106918335,2007-05-10,41.05889847564697,14794,40.751938216847265,1.08547142616804,2.1709428523360828,-27575.758488777166,-27948.48642275303,-0.858605094800448,trailing_stop,49,-0.858605094800448,190.50033076124956,182.22760321461638
TAP,2007-03-19,28.42260402290513,2007-05-11,29.472134060028715,21960,27.41949784627017,0.5015530883174809,1.0031061766349616,23047.679615233927,22666.269080743557,1.046280106303759,trailing_stop,53,1.046280106303759,187.24811530289898,194.16241918746917
MLM,2007-03-27,108.66901668992215,2007-05-11,115.32804513913983,5924,103.45786967565668,2.605573507132733,5.211147014265464,39448.08453316557,39049.99695488297,1.2778431372188621,trailing_stop,45,1.2778431372188621,193.12657646132965,204.9610018212793
XLV,2007-04-20,26.0313326433239,2007-05-11,25.878717058323208,12719,25.537422145036828,0.24695524914353634,0.4939104982870717,-1941.117625623805,-2139.1908022703797,-0.3089944140284071,trailing_stop,21,-0.3089944140284071,99.327755967131,98.74542067944387
VMC,2007-01-24,79.6730513289168,2007-05-15,89.42567147883125,7839,76.89653439746978,1.3882584657235086,2.77651693144702,76450.78935517937,76053.11988875238,3.5125376112263567,trailing_stop,111,3.5125376112263567,187.36711481021362,210.30235161676742
AMAT,2007-05-15,15.022036955140232,2007-05-17,14.05548159407742,44766,14.40341927572247,0.30930883970888096,0.6186176794177616,-43268.81729333781,-43659.32255195009,-1.5624438053120726,stop_loss,2,-1.5624438053120726,201.7429519001423,188.76230671214094
TXN,2007-05-10,22.75186760949069,2007-05-24,21.854386547737295,29842,21.836480965200746,0.45769332214497355,0.9153866442899457,-26782.629844844847,-27181.97179581285,-0.9804393229372069,stop_loss,14,-0.9804393229372069,203.6883699607264,195.65358100727295
EQT,2007-03-21,20.789685724190722,2007-05-25,22.568118558503944,30375,19.980001754528534,0.40484198483109496,0.8096839696621885,54019.89734226411,53624.79935073805,2.19645306187204,trailing_stop,65,2.19645306187204,189.44601116168798,205.65198036436718
AEP,2007-03-22,23.058578008313592,2007-05-25,22.589068343970442,27539,22.290281001174755,0.3841485035694188,0.7682970071388375,-12929.826646346002,-13306.953806214668,-0.6111043775786902,trailing_stop,64,-0.6111043775786902,190.50305393128443,186.6241059373806
CLF,2007-05-04,29.47655120366079,2007-05-25,29.14006437111774,11431,28.07604188455049,0.7002546595551487,1.4005093191102986,-3846.3809827995883,-4047.394942590176,-0.24026033097502594,trailing_stop,21,-0.24026033097502594,101.08393704271396,99.93002274787408
CB,2007-05-11,42.65181737503765,2007-05-25,41.33702720014399,15667,41.455347977917455,0.5982346985601,1.1964693971201967,-20598.817670058957,-20993.57363844677,-1.0988916039626677,stop_loss,14,-1.0988916039626677,200.4678068444145,194.28816154339677
HON,2007-05-11,33.35688960598932,2007-05-25,32.68629636869838,20033,32.10801717708035,0.6244362144544879,1.2488724289089745,-13433.99432264949,-13830.907266038766,-0.5369589573506561,trailing_stop,14,-0.5369589573506561,200.4715708430352,196.44137254624042
BAX,2007-03-16,19.435283659780563,2007-05-31,21.54277719115708,32210,18.817252859663384,0.3090154000585894,0.6180308001171788,67882.36664563758,67486.39564363497,3.410013758176671,trailing_stop,76,3.410013758176671,187.80314600445956,208.16785599815086
KR,2007-03-21,10.055536990333145,2007-06-05,10.707667277173655,62801,9.617650351146724,0.21894331959321103,0.4378866391864218,40954.43414387087,40563.24914650976,1.4892673776303054,trailing_stop,76,1.4892673776303054,189.44933355897356,201.7356638021348
ABT,2007-01-05,15.376356287956236,2007-06-07,16.970835696058636,40629,14.96012427963401,0.20811600416111245,0.4162320083222255,64782.103871792395,64387.83365285683,3.830746737929956,trailing_stop,153,3.830746737929956,187.41779388701218,206.8524250485499
CLF,2007-05-29,31.29921226384163,2007-06-07,34.465391634379166,10698,29.562071310236178,0.8685704768027257,1.7371409536054507,33871.78690601058,33660.72198625963,1.822638148024837,trailing_stop,9,1.822638148024837,100.45169183957333,110.61322791137648
PPG,2007-03-20,23.22831118969543,2007-06-08,24.42814940354298,27039,22.45775659877745,0.38527729545898914,0.7705545909179783,32442.42546422398,32055.85055282981,1.557109941319225,trailing_stop,80,1.557109941319225,188.42109187745243,198.1538195167196
CMC,2007-03-23,19.05686469845711,2007-06-08,21.120163228632563,33405,17.916902776249945,0.5699809611035842,1.139961922207167,68924.48740051096,68521.85331513963,1.8099714472747845,trailing_stop,77,1.8099714472747845,190.97836957558795,211.65571579574123
MMM,2007-05-01,39.28576758115326,2007-06-08,40.43197568166557,17026,38.104437197567336,0.5906651917929622,1.181330383585923,19515.33911932261,19108.156830284785,0.9702688734992166,trailing_stop,38,0.9702688734992166,200.66384365101462,206.51844538681138
CRS,2007-05-14,48.49360131209249,2007-06-08,45.845928506588294,6933,46.18793283555572,1.1528342382683834,2.3056684765367663,-18356.31556056057,-18552.532348630444,-1.1483319620525563,stop_loss,25,-1.1483319620525563,100.86184136902116,95.35494670085299
FITB,2007-05-24,23.912664184576165,2007-06-08,23.258857192872213,28210,23.18207612841561,0.3652940280802776,0.7305880561605562,-18443.89523596849,-18843.107821385838,-0.8949051195004337,stop_loss,15,-0.8949051195004337,202.3728769940681,196.83970842327756
CAR,2007-05-29,28.389064104224996,2007-06-08,27.98115207504662,23590,27.306817656895586,0.541123223664706,1.0822464473294104,-9622.644768317905,-10021.57678821861,-0.37691232915104944,trailing_stop,10,-0.37691232915104944,200.9094066656003,198.02261323510493
SPXC,2007-05-29,18.925021622998983,2007-06-08,18.67389858737323,35387,18.308257771459736,0.30838192576962375,0.6167638515392468,-8886.490861688513,-9285.644758533846,-0.4071623766519866,trailing_stop,10,-0.4071623766519866,200.9099220519195,198.24397479341295
FISV,2007-05-30,14.056542041778563,2007-06-08,13.971014657020568,47817,13.608401662801917,0.22407018948832258,0.44814037897664605,-4089.662956973054,-4491.721060572997,-0.19084953905136104,trailing_stop,9,-0.19084953905136104,201.64250124351767,200.41560235642575
RS,2007-03-30,34.62053630839083,2007-06-13,40.30540153502713,9237,32.900217117559215,0.8601595954158094,1.720319190831617,52511.10009843948,52303.47283208158,3.304540957825498,trailing_stop,75,3.304540957825498,95.93696816418182,111.69029819371367
CDNS,2007-06-05,23.983959083557128,2007-06-19,22.557419923782348,28676,22.861911330493058,0.561023876532035,1.12204775306407,-40907.43694570159,-41307.82312102593,-1.2713711656916649,stop_loss,14,-1.2713711656916649,206.32920320402528,194.05697212031478
JCI,2007-06-14,35.796174537658686,2007-06-21,34.28516454650243,18820,34.509030619493856,0.6435719590824162,1.2871439181648299,-28437.20803356076,-28832.887274029934,-1.173924663615401,stop_loss,7,-1.173924663615401,202.1052014396209,193.57403902955275
DOV,2007-06-12,23.73666908244986,2007-06-26,24.011006159349005,28212,22.961775595801456,0.38744674332420365,0.7748934866484056,7739.597613478651,7335.480389302162,0.3540319819769238,trailing_stop,14,0.3540319819769238,200.89767244622266,203.21955173026626
HAL,2007-05-17,26.313722822863056,2007-06-27,25.198712562639454,25554,25.15978640979406,0.5769682065344995,1.1539364130689975,-28492.97218975394,-28887.87682190628,-0.9662666396479617,trailing_stop,41,-0.9662666396479617,201.72626190463276,193.1783702477066
NOV,2007-06-15,37.40055910296717,2007-06-27,34.89683251146119,18146,35.47308446184548,0.9637373205608462,1.927474641121691,-45432.62272946753,-45826.19526993815,-1.2989673317045254,stop_loss,12,-1.2989673317045254,203.60116364473268,189.97137682589243
CROX,2007-06-08,43.63859622192383,2007-06-28,42.73721878051758,15216,41.05592116836752,1.291337526778155,2.582675053556308,-13715.35914843745,-14109.647468760595,-0.3490092337265048,stop_loss,20,-0.3490092337265048,199.2014640338379,195.08685628930664
AXON,2007-06-26,13.953939579963683,2007-06-28,13.76621973323822,48197,12.89952364543281,0.5272079672654361,1.0544159345308728,-9047.533452627122,-9448.342008152638,-0.17803206550456988,stop_loss,2,-0.17803206550456988,201.76140778065286,199.04714774486473
PTC,2007-06-27,21.35132992362976,2007-07-09,17.26272068595886,31267,20.464960373542116,0.44318477504382214,0.8863695500876432,-127838.54503425596,-128200.74869037897,-4.612759133328329,stop_loss,12,-4.612759133328329,200.2776098166395,161.92604630636274
ADSK,2007-06-14,46.0960492362976,2007-07-10,44.84510939025879,14615,44.033451378380725,1.0312989289584389,2.0625978579168773,-18282.485849857225,-18681.21735985536,-0.6064875134226112,trailing_stop,26,-0.6064875134226112,202.10812787654683,196.62338212158966
AXON,2007-07-10,16.9168996181488,2007-07-13,15.334650381088256,40492,15.633426251531004,0.6417366833088979,1.2834733666177964,-64068.43610705557,-64460.2150358263,-1.232786965599513,stop_loss,3,-1.232786965599513,205.49972980142437,186.2791989693077
VRSN,2007-05-31,24.624938886464648,2007-07-18,26.823572615030766,27643,23.4489616321291,0.5879886271677732,1.175977254335546,60776.83215875322,60350.174797722466,1.8696226652856451,trailing_stop,48,1.8696226652856451,204.21215569156269,222.44520533918865
AMG,2007-05-03,118.5700539678832,2007-07-23,122.78178487018397,2823,114.0528592835253,2.2585973421789496,4.517194684357904,11889.71633719508,11685.31546488312,0.9323775477034699,trailing_stop,81,0.9323775477034699,100.41697870540027,103.98389360655881
GWW,2007-06-14,65.30053884478643,2007-07-23,68.53091584078501,10317,63.22640976515592,1.0370645398152534,2.0741290796305094,33327.79946771738,32913.57773232007,1.5574618897749846,trailing_stop,39,1.5574618897749846,202.11169777849847,212.11003761881372
INTC,2007-07-13,15.601580578104185,2007-07-23,14.858272553809005,44295,14.972473579135325,0.31455349948442995,0.6291069989688598,-32924.828936155,-33329.594694498424,-1.1815287789096318,stop_loss,10,-1.1815287789096318,207.32160351213747,197.444154831291
DLTR,2007-03-09,11.875196081161498,2007-07-25,13.503150698661804,52874,11.352837428087822,0.26117932653683823,0.5223586530736757,86076.47244571117,85673.91603342026,3.116545706519946,trailing_stop,138,3.116545706519946,188.3667352785999,214.18967701231324
MA,2007-06-19,14.945432287345337,2007-07-25,14.542874242388367,45353,14.00035756915448,0.47253735909542866,0.9450747181908579,-18257.215012933484,-18658.429962746388,-0.4259536703379192,trailing_stop,36,-0.4259536703379192,203.34605715839191,197.86889265451188
KLAC,2007-07-18,32.55845772246778,2007-07-25,31.903595042165836,21117,31.191109439873692,0.6836741412970434,1.3673482825940866,-13828.735219936118,-14237.108770405348,-0.47892895221951737,stop_loss,7,-0.47892895221951737,206.26108551760564,202.1124649516248
GT,2007-01-04,20.015701519176538,2007-07-26,27.672363928141635,31188,18.872112406828986,0.5717945561737763,1.1435891123475521,238795.98721080346,238349.79859525218,6.695291452405971,trailing_stop,203,6.695291452405971,187.27490969402336,258.9137058572644
MOS,2007-06-14,27.27719723225296,2007-07-26,25.898981641929645,24698,25.367572519635946,0.9548123563085065,1.9096247126170134,-34039.16864980522,-34433.17222955559,-0.7217206507736078,stop_loss,42,-0.7217206507736078,202.1076651726551,191.8959145777135
SLB,2007-07-23,64.95286773404847,2007-07-26,63.11359962456007,10561,61.983650150360276,1.4846087918440953,2.9692175836881916,-19424.510504307003,-19830.263492839284,-0.6194453783355842,stop_loss,3,-0.6194453783355842,205.79017084178577,199.96281769049367
LMT,2007-07-25,59.65484769598248,2007-07-26,58.484673403287914,11325,57.46503533191317,1.094906182034657,2.1898123640693115,-13252.223864765987,-13653.60288770076,-0.5343719452382863,stop_loss,1,-0.5343719452382863,202.67734504710046,198.70167788767068
ACN,2007-06-21,29.783618535637494,2007-07-27,28.625822751328176,22503,28.626702494131326,0.5784580207530834,1.1569160415061681,-26053.878534312586,-26448.194831496763,-1.0007604206109932,trailing_stop,36,-1.0007604206109932,201.06623037223517,193.25006681194137
NKE,2007-06-28,11.262286447827886,2007-07-27,10.909315991518929,59728,10.782668595421965,0.23980892620296085,0.47961785240592114,-21082.219414421426,-21479.499055570617,-0.7359410300061635,stop_loss,29,-0.7359410300061635,201.8021534867592,195.47748766243276
BA,2007-07-26,77.26482593005262,2007-07-27,75.32191077611878,8767,74.84754206833567,1.2086419308584744,2.417283861716953,-17033.537154537968,-17434.85553074887,-0.8037596182658587,stop_loss,1,-0.8037596182658587,203.2142186786314,198.10415753227002
TXT,2007-04-20,47.19627366814255,2007-07-30,53.160964875525806,7015,45.45702566038593,0.8696240038783098,1.739248007756622,41842.30881979353,41631.10701127838,3.4294655970753944,trailing_stop,101,3.4294655970753944,99.32455793460599,111.87725058054407
ITW,2007-06-14,34.56359663871761,2007-07-30,34.084890076857604,19492,33.291561941865794,0.6360173484259098,1.2720346968518186,-9330.94830377528,-9732.377194693277,-0.3763313713413381,trailing_stop,46,-0.3763313713413381,202.1140877045651,199.31480321343253
FLR,2007-07-02,46.68167242141622,2007-07-30,47.19571138056663,14514,44.27074463104635,1.2054638951849377,2.4109277903698754,7460.761453108973,7052.00054855838,0.21321209254116347,trailing_stop,28,0.21321209254116347,203.2613380573305,205.4995664932632
WDC,2007-07-23,13.807523345444816,2007-07-30,12.80212161521752,49682,13.20383165306386,0.3018458461904781,0.6036916923809557,-49950.36876115254,-50346.974875433225,-1.6654225044277142,stop_loss,7,-1.6654225044277142,205.7956124545168,190.81050182617105
BIIB,2007-06-28,53.51345908355712,2007-07-31,56.04389847564697,12570,51.6570998027253,0.9281796404159115,1.8563592808318248,31807.623158569368,31394.482363213607,1.3631194231732824,trailing_stop,33,1.3631194231732824,201.7992542040939,211.34154115166467
NOV,2007-07-26,43.04564072234146,2007-07-31,42.28860726198431,7868,40.4617654509576,1.2919376356919314,2.58387527138386,-5956.339266090053,-6157.762225032255,-0.2929837476062461,stop_loss,5,-0.2929837476062461,101.60493036101478,99.81802858118778
GD,2007-07-26,53.54675125836331,2007-07-31,51.949527408845604,12650,51.60999718971924,0.968377034322037,1.9367540686440705,-20204.881696398952,-20605.24007394101,-0.8246911032106037,stop_loss,5,-0.8246911032106037,203.20992102548877,197.1484565165691
CL,2007-07-26,22.151786519932628,2007-08-01,21.43642569541152,30580,21.537563545980273,0.3071114869761774,0.614222973952355,-21875.73401385553,-22275.612272719096,-1.1646598301557503,stop_loss,6,-1.1646598301557503,203.22048953386192,196.65776932970527
FTI,2007-07-13,14.113829824891432,2007-08-02,14.353925270179026,24482,13.523397542891393,0.29521614100001975,0.5904322820000392,5878.016691530867,5668.932417459613,0.40664349258528126,trailing_stop,20,0.40664349258528126,103.66043453189761,105.42383953935688
ALGN,2007-07-26,27.43740984725952,2007-08-02,25.664310533523558,24688,25.796358096500718,0.8205258753794012,1.6410517507588018,-43774.27585751343,-44167.56843934166,-1.0804652034380409,stop_loss,7,-1.0804652034380409,203.21243229274293,190.08014953548889
SPXC,2007-07-31,21.101490450192728,2007-08-02,18.719413142302717,31272,20.0903861444234,0.5055521528846629,1.0111043057693259,-74492.32157233643,-74865.90536147979,-2.35591649080907,stop_loss,2,-2.35591649080907,197.9657428075281,175.6180463358272
APD,2007-06-11,45.76631367259173,2007-08-06,49.98468785557387,14579,44.42325345027074,0.6715301111604917,1.343060222320986,61499.677213696596,61080.89105831286,3.140867485221347,trailing_stop,56,3.140867485221347,200.16812610981447,218.61802927392338
FFIV,2007-07-27,45.74570076370239,2007-08-06,41.87308591461181,14593,42.70183616649587,1.5219322986032569,3.0438645972065146,-56513.06849277875,-56896.65477897774,-1.2722690926017666,stop_loss,10,-1.2722690926017666,200.27010337341267,183.31618282557906
FCX,2007-03-27,22.36205069698384,2007-08-07,29.637923047230945,28791,20.81570953901626,0.7731705789837896,1.5463411579675785,209479.6408359644,209030.5014627435,4.705218064434172,trailing_stop,133,4.705218064434172,193.1477404850585,255.99163273584787
ISRG,2007-07-31,24.010654300689694,2007-08-07,23.225641033172607,27483,22.429386335244292,0.790633982722701,1.5812679654454023,-21574.519631172097,-21963.97816257026,-0.49644543788374856,stop_loss,7,-0.49644543788374856,197.96544364375643,191.49308775440483
BG,2007-07-27,57.88926381586574,2007-08-10,58.37148506807731,11532,54.880387697176346,1.5044380593446958,3.0088761186893933,5560.975480503865,5158.759793664975,0.1602662366909341,stop_loss,14,0.1602662366909341,200.2736970973691,201.94198974152025
CROX,2007-07-30,56.77672122192382,2007-08-10,50.19975,11522,52.1554394292614,2.310640896331211,4.621281792662423,-75779.86241900625,-76149.63728943195,-1.4231919880684623,trailing_stop,11,-1.4231919880684623,196.25441457570187,173.52045585000002
TRMB,2007-08-03,18.96394469451904,2007-08-10,17.682300762176514,34870,17.99954192944537,0.4822013825368342,0.9644027650736682,-44690.92392078387,-45074.28029450637,-1.3289509100947303,stop_loss,7,-1.3289509100947303,198.38182544936367,184.9745482731285
R,2007-08-08,34.55965933800323,2007-08-10,32.40874050271288,19062,33.221236463196306,0.6692114374034633,1.3384228748069233,-41000.814838304614,-41383.78032963374,-1.6070547476264798,stop_loss,2,-1.6070547476264798,197.63286789030525,185.33262343881387
HSIC,2007-08-08,23.655003824234008,2007-08-13,22.78895390510559,27849,22.699938003674696,0.477532910279656,0.9550658205593123,-24118.624197807316,-24506.649531448627,-0.9067960558165885,stop_loss,5,-0.9067960558165885,197.63046045032786,190.39487319098566
GGG,2007-08-08,11.134405784218632,2007-08-13,10.396271859113915,59166,10.609117627140217,0.26264407853920807,0.5252881570784158,-43672.43181274572,-44054.59703477935,-1.4051981091866268,stop_loss,5,-1.4051981091866268,197.6334757887239,184.53174624490015
WYNN,2007-08-08,67.20229618158874,2007-08-13,64.78400544373481,9802,62.55875203159838,2.321772074995177,4.643544149990355,-23704.08581244415,-24092.204731003578,-0.5207855594220948,stop_loss,5,-0.5207855594220948,197.61507215157982,190.5038464078466
EXPD,2007-08-08,39.52011601242172,2007-08-13,38.566087097873684,16669,37.27085543433815,1.1246302890417827,2.2492605780835646,-15902.707976601161,-16293.193652494816,-0.42415224089371334,trailing_stop,5,-0.42415224089371334,197.62824414331726,192.85743175033693
SYNA,2007-08-09,26.69333460617065,2007-08-13,26.107199872970583,24882,24.851555146077555,0.9208897300465481,1.8417794600930968,-14584.204431484117,-14978.339301157115,-0.31824371261608136,stop_loss,4,-0.31824371261608136,199.25506550122145,194.87980417177621
FCN,2007-08-10,51.631581832885736,2007-08-13,49.55039847564697,12632,47.990601589796434,1.8204901215446523,3.6409802430893023,-26289.50816864007,-26672.947401217287,-0.5715997391606058,stop_loss,3,-0.5715997391606058,195.66304251390378,187.77619006331176
COST,2007-08-08,44.84603905574755,2007-08-14,42.36024152260991,14689,43.05728451577286,0.894377269987347,1.788754539974697,-36513.87996425883,-36898.17188088348,-1.3896806283844878,stop_loss,6,-1.3896806283844878,197.62304030696274,186.6688763176851
DHR,2007-08-09,16.26435389508837,2007-08-14,15.603244017128485,40837,15.52605823526887,0.3691478299097496,0.7382956598194994,-26997.744086247785,-27388.157215030144,-0.8954541031996776,stop_loss,5,-0.8954541031996776,199.2562260041171,191.15690277824277
LIN,2007-06-14,49.71542198181152,2007-08-15,52.52522328459967,6775,48.15660499012011,0.7794084958457042,1.5588169916914083,19036.40382638973,18828.59971488575,1.8025216030904,trailing_stop,62,1.8025216030904,101.0465951780319,106.75751632594883
ILMN,2007-07-26,22.021026279449462,2007-08-15,22.083925386428835,30761,20.59836945145671,0.7113284139963771,1.4226568279927534,1934.8394297924847,1527.8257043342599,0.04421242406583601,trailing_stop,20,0.04421242406583601,203.2166368146435,203.79708864358125
AMAT,2007-08-02,16.65502155725456,2007-08-15,15.210986517966397,39403,15.944838943010078,0.35509130712224113,0.7101826142444825,-56899.3126530715,-57275.99754792788,-2.033329189316158,stop_loss,13,-2.033329189316158,196.87734432615045,179.807550530229
PAYX,2007-08-07,23.487307337042303,2007-08-16,22.963498382682868,27862,22.49583163782023,0.495737849611036,0.9914756992220717,-14594.365086362573,-14982.62879105147,-0.5283124485758189,trailing_stop,9,-0.5283124485758189,196.3210071074018,191.942697581493
EBAY,2007-08-08,13.39674092327133,2007-08-16,12.542043904608075,49174,12.74241865820927,0.3271611325310302,0.6543222650620599,-42028.871195746935,-42411.52533728478,-1.306232516147362,trailing_stop,8,-1.306232516147362,197.63140144828333,185.02274008955922
CSCO,2007-08-09,20.09927576805538,2007-08-16,19.14617645237614,33045,19.09246556793467,0.503405100060355,1.0068102001207109,-31495.166886620573,-31884.226677207822,-0.9466524232322749,trailing_stop,7,-0.9466524232322749,199.25417032661704,189.80562026063086
J,2007-08-10,52.0946205864353,2007-08-16,46.92534032110989,12519,48.59457126800033,1.7500246592174844,3.500049318434968,-64714.219641608746,-65086.10890878921,-1.4769164074627459,stop_loss,6,-1.4769164074627459,195.65176653647507,176.23750064399243
FLR,2007-08-14,52.57940890558891,2007-08-16,47.85711220533189,12039,48.89895203025978,1.840228437664567,3.680456875329135,-56851.72997439433,-57214.476557690636,-1.2830735042465948,stop_loss,2,-1.2830735042465948,189.9010511443155,172.8455321519972
T,2006-07-26,5.495707286714685,2007-08-17,7.714957430854193,108674,5.305173893053931,0.09526669683037697,0.19053339366075406,241174.7901642169,240744.09343096177,11.647565298138222,trailing_stop,387,11.647565298138222,179.17214810292953,251.52458515219456
WFC,2007-08-20,22.575558572114222,2007-09-10,21.392424385792946,27350,21.167181745990476,0.7041884130618735,1.408376826123746,-32358.719995886888,-32719.477296056513,-0.8400693368248595,stop_loss,21,-0.8400693368248595,185.2324580841972,175.5248420854311
PH,2007-09-19,56.4608190578093,2007-09-26,54.08920006567926,11358,53.16408827701933,1.6483653903949858,3.2967307807899715,-26936.848512613054,-27313.53664777443,-0.7193850968812661,stop_loss,7,-0.7193850968812661,192.38459485757943,184.3035403037955
GRMN,2007-05-25,33.001075168453895,2007-10-03,53.85234023734064,20137,31.453527008300092,0.7737740800769005,1.5475481601538021,419881.92469217244,419357.2345243645,13.47374227553245,trailing_stop,131,13.47374227553245,199.36279520014682,325.3273726077985
LVS,2007-09-13,74.2294788987624,2007-10-04,79.91379052681691,8469,68.98292207640037,2.623278411181012,5.246556822362024,48140.4351779937,47748.80337336413,1.0834365890838504,trailing_stop,21,1.0834365890838504,188.59483703808561,203.03696759148374
WYNN,2007-09-13,78.67947860660246,2007-10-04,84.16680640068294,7990,72.95172765191671,2.8638754773428765,5.727750954685746,43843.749074703075,43453.40652954062,0.9580248578355915,trailing_stop,21,0.9580248578355915,188.59471022002612,201.74783494243704
SYNA,2007-09-18,31.164466539382932,2007-10-04,30.16313933944702,20277,28.964971789016943,1.0997473751829938,2.1994947503659894,-20303.911633100473,-20676.973592421986,-0.45525328022232986,trailing_stop,16,-0.45525328022232986,189.5765664057203,183.48539291579016
MDT,2007-09-19,35.84042946359997,2007-10-16,32.259044876897846,17893,34.44066718681669,0.6998811383916406,1.399762276783278,-64081.71440986106,-64447.265578173414,-2.5585662980804984,stop_loss,27,-2.5585662980804984,192.38784131765826,173.16332699469993
TAP,2007-10-10,36.05040552457197,2007-10-19,34.71753042300945,18221,34.26462823251703,0.8928886460274688,1.785777292054938,-24286.317225570703,-24673.155993840966,-0.7463837218070734,stop_loss,9,-0.7463837218070734,197.06233171896776,189.77643655129657
SLAB,2007-09-17,40.15011061096191,2007-10-22,40.50944923782349,15739,38.022419580302504,1.0638455153297028,2.127691030659406,5655.630648174389,5274.780404436378,0.1688866577353639,trailing_stop,35,0.1688866577353639,189.57677727177884,191.27346646623118
ADSK,2007-09-20,49.549499999999995,2007-10-22,46.67328121948242,12906,46.81400916483252,1.367745417583739,2.735490835167475,-37120.47958135983,-37493.034945685424,-1.0514452264072325,trailing_stop,32,-1.0514452264072325,191.84575409999997,180.70961022559203
CIEN,2007-10-04,45.39534847259521,2007-10-22,43.20675,14147,42.50541441210397,1.4449670302456197,2.8899340604912425,-30962.102591804436,-31338.138757931978,-0.7573177888436607,trailing_stop,18,-0.7573177888436607,192.66239845254134,183.373767675
XLP,2007-10-08,16.93678693816532,2007-10-22,16.817761602874395,38542,16.61868562963839,0.15905065426346587,0.31810130852693064,-4587.474472782813,-4977.764815743439,-0.37417430265253926,trailing_stop,14,-0.37417430265253926,195.83329265123032,194.4570503093955
GDX,2007-09-19,37.43456089243254,2007-10-23,39.31532792862541,8565,35.3872923062847,1.0236342930739222,2.047268586147844,16108.769664991883,15911.560825666174,0.9186713697061751,trailing_stop,34,0.9186713697061751,96.18810421310542,101.02073511260299
FCX,2007-09-20,37.094596123639164,2007-10-23,37.89275663283676,8620,34.1024601088444,1.4960680073973827,2.9921360147947667,6880.143589283257,6686.22629505501,0.2667527496246992,trailing_stop,33,0.2667527496246992,95.92662557573088,97.99066865251585
CLF,2007-10-11,41.200001491854316,2007-10-23,40.33562066794162,8055,38.50510420435323,1.3474486437505433,2.6948972875010853,-6962.587536616774,-7159.61836756592,-0.32074722399317,stop_loss,12,-0.32074722399317,99.55980360506595,97.47102734408092
ILMN,2007-09-12,25.214879325866697,2007-10-26,26.69506852340698,24894,23.525752986168875,0.8445631698489107,1.6891263396978218,36847.82988356783,36460.156011039886,0.8763046095208509,trailing_stop,44,0.8763046095208509,188.3097617814377,199.364110746508
BIIB,2007-09-07,66.06599999999999,2007-10-30,74.35557030487061,9495,62.79618155492877,1.634909222535608,3.269818445071216,78709.47004474656,78309.47920173313,2.535177547048817,trailing_stop,53,2.535177547048817,188.189001,211.80184201342394
DVA,2007-09-12,30.200170076370235,2007-10-31,32.01295317077637,20784,28.96191834279526,0.6191258667874868,1.2382517335749732,37676.88383413713,37288.97256806652,1.4639859127613941,trailing_stop,49,1.4639859127613941,188.30410046018366,199.6071656104248
ON,2007-09-20,12.562550190925597,2007-10-31,10.309679695129395,50907,11.599516072083265,0.4815170594211661,0.9630341188423319,-114686.87832949725,-115036.18531154007,-2.3393465005210707,stop_loss,41,-2.3393465005210707,191.8565227708348,157.4504592719856
CROX,2007-09-26,65.17511061096191,2007-11-02,48.511441371917726,10059,59.30543083318372,2.9348398888890936,5.869679777778188,-167619.84887554543,-167962.92078346416,-2.8389400904169553,stop_loss,37,-2.8389400904169553,196.67893129069978,146.3929766280361
CF,2007-10-22,10.696475037765406,2007-11-02,11.563207017243926,61191,9.692828516114874,0.501823260825266,1.0036465216505324,53036.19655627008,52627.56889488166,0.863582905715797,trailing_stop,11,0.863582905715797,196.3584012107709,212.2692601776519
BG,2007-10-26,75.26944885921993,2007-11-02,67.23336661399593,8903,70.43712470114832,2.416162079035808,4.832324158071614,-71545.24022922936,-71925.85099907678,-1.66298492864992,stop_loss,7,-1.66298492864992,201.0371709580905,179.57359888932172
FXI,2007-09-19,35.677583626216645,2007-11-06,42.632913223776534,17974,33.52043432914121,1.0785746485377177,2.157149297075435,125015.09418654144,124592.8283254269,3.2243153531327704,trailing_stop,48,3.2243153531327704,192.3806664292854,229.88519468524782
BWA,2007-10-30,18.488732580364665,2007-11-06,18.630138111626742,36818,17.524004391434378,0.4823640944651439,0.9647281889302874,5206.268850007143,4796.276075665821,0.14657551513952385,stop_loss,7,0.14657551513952385,204.21544684315987,205.777327498162
UTHR,2007-11-06,53.55349999999999,2007-11-07,50.2896601524353,12199,49.983849291854895,1.7848253540725494,3.5696507081450974,-39815.582300441645,-40195.61711365151,-0.9143303125197599,stop_loss,1,-0.9143303125197599,195.98974395,184.04506925986746
MRK,2007-10-23,27.3770950346074,2007-11-08,27.12812754115089,24001,26.31827751337497,0.5294087606162156,1.058817521232431,-5975.4688104497345,-6367.922764561967,-0.235137300303381,trailing_stop,16,-0.235137300303381,197.12329737768363,195.33065673454874
ISRG,2007-10-22,29.78753594589233,2007-11-09,31.523999788284303,21973,27.524919815540258,1.131308065176035,2.2626161303520718,38155.320008878836,37751.160496472716,0.7674584385296384,trailing_stop,18,0.7674584385296384,196.35645820172763,207.80305420439132
SBAC,2007-11-06,35.09773214775985,2007-11-09,32.93232701157137,18613,33.120859478990404,0.988436334384723,1.9768726687694453,-40304.68579987623,-40684.558847216016,-1.0953690495080768,stop_loss,3,-1.0953690495080768,195.98222653987622,183.89082079991334
GME,2007-08-24,8.155079124434053,2007-11-12,8.606260674736824,76251,7.525953625356374,0.31456274953883934,0.6291254990776789,34403.04439213655,34019.62371582858,0.7171566737705263,trailing_stop,80,0.7171566737705263,186.5498814951663,196.87079481280725
VWO,2007-09-25,30.106855377276926,2007-11-12,31.75207457517485,10801,28.5448284646253,0.7810134563258128,1.5620269126516249,17770.012556495465,17569.571065770535,1.0532591881564157,trailing_stop,48,1.0532591881564157,97.55524347899042,102.88624724593906
GOOG,2007-10-03,14.497100708159444,2007-11-12,16.23244550855877,45338,14.021276817629253,0.23791194526509485,0.47582389053019014,78677.0625605046,78259.09771059251,3.647031674819238,trailing_stop,40,3.647031674819238,197.18086557195986,220.78398434011126
GOOGL,2007-10-03,14.565210143394648,2007-11-12,16.308709437733818,22563,14.087150560877356,0.23902979125864537,0.4780595825172913,39338.57457817469,39129.59210392199,3.647033462144037,trailing_stop,40,3.647033462144037,98.59045093962403,110.39202331307645
XRAY,2007-11-02,36.95265872007055,2007-11-12,34.976425748536585,17735,35.262756660044815,0.844951030012869,1.6899020600257373,-35048.49175015491,-35431.19044407014,-1.1694363941445634,stop_loss,10,-1.1694363941445634,196.60662072013537,186.09207319508891
FLEX,2007-11-07,9.979827073097228,2007-11-12,9.417853145599365,66655,9.375319180125041,0.30225394648609305,0.6045078929721868,-37458.37213737009,-37846.25784986326,-0.9296386929454364,stop_loss,5,-0.9296386929454364,199.56161206718875,188.3241004259777
STLD,2007-10-19,16.73020159073127,2007-11-13,15.568662623533037,39975,15.34421487863865,0.6929933560463093,1.3859867120926186,-46432.520213749354,-46819.86434283892,-0.8380592375553835,trailing_stop,25,-0.8380592375553835,200.63694257684475,186.70718651271994
CNX,2007-10-26,41.81867484627741,2007-11-13,38.91586734362539,8012,38.88130359437821,1.468685625949602,2.937371251899201,-23257.29371124796,-23451.34725685561,-0.9882331015445065,stop_loss,18,-0.9882331015445065,100.51536686051239,93.53817874713799
AGCO,2007-10-31,46.429471013917464,2007-11-13,45.27668189589515,14465,42.85036118834914,1.7895549127841615,3.579109825568324,-16675.094592192745,-17073.053442744877,-0.32208822143066307,trailing_stop,13,-0.32208822143066307,201.48068946489485,196.47816108723703
GDX,2007-11-01,42.73367026396092,2007-11-13,39.910489355316706,7998,40.383760209383524,1.174955027288695,2.3499100545773928,-22579.8009073364,-22778.097303926894,-1.2013995612916901,stop_loss,12,-1.2013995612916901,102.53516843134781,95.7612281591469
OVV,2007-11-02,122.12310299895218,2007-11-13,116.4787423909012,5366,116.46663132615386,2.828235836399159,5.656471672798318,-30287.639022801526,-30671.740273510113,-0.9978589011935504,stop_loss,11,-0.9978589011935504,196.59377120771322,187.50747950087276
SPXC,2007-11-02,23.287920463310535,2007-11-20,22.097193507202725,28142,21.854952516955912,0.7164839731773112,1.4329679463546228,-33509.43799878598,-33892.606361993436,-0.8309515639459637,trailing_stop,18,-0.8309515639459637,196.61059730354552,186.5577659039097
SCHW,2007-11-15,18.902469587136686,2007-11-28,18.122741594473762,33008,17.54582254198624,0.678323522575223,1.3566470451504458,-25737.261581817784,-26103.900033022564,-0.5747463907065493,stop_loss,13,-0.5747463907065493,187.17981483966233,179.45863636511697
AGG,2007-10-22,57.9413412569047,2007-12-10,58.3393576975746,11296,57.408286841679185,0.2665272076127572,0.5330544152255143,4495.993713807178,4101.941681190239,0.7466713140374494,trailing_stop,49,0.7466713140374494,196.35161725139864,197.7004153655408
CCI,2007-12-04,25.68633204123623,2007-12-13,23.926019173890534,24513,24.23784277074929,0.724244635243471,1.4484892704869416,-43150.54931724506,-43515.39358684598,-1.215275047742624,stop_loss,9,-1.215275047742624,188.89471719804712,175.94955240287362
BRK-B,2007-08-20,79.27919694519042,2007-12-18,90.20970304870606,7788,77.26184098376334,1.0086779807135418,2.0173559614270857,85126.7815341798,84730.78766823406,5.418233723999485,trailing_stop,120,5.418233723999485,185.22791574274288,210.76595020299683
MCD,2007-09-14,31.710943845726725,2007-12-18,36.336441999532205,19832,30.242820128474264,0.7340618586262299,1.4681237172524604,91732.87938627029,91328.02465944533,3.150618779227905,trailing_stop,95,3.150618779227905,188.66743150453573,216.1872953204168
AGCO,2007-12-03,53.45050339898969,2007-12-19,48.901002336326755,11749,48.970429882597045,2.2400367581963234,4.480073516392643,-53452.08798522681,-53812.846337492076,-1.015496965845818,stop_loss,16,-1.015496965845818,188.39698933041896,172.3613629348509
DE,2007-12-04,61.65029783970819,2007-12-19,59.198603436589195,5106,57.5238684181665,2.0632147107708443,4.126429421541687,-12518.351622325574,-12703.467969300606,-0.5941442716359384,stop_loss,15,-0.5941442716359384,94.43592623086501,90.68042074416732
WDC,2007-12-06,18.56123024297206,2007-12-19,17.534259176266154,34016,17.08694104898847,0.7371445969917934,1.4742891939835872,-34933.44780506805,-35301.79505549349,-0.6965872577082305,stop_loss,13,-0.6965872577082305,189.41364238348123,178.93360804196084
XRAY,2007-12-14,38.281220791970604,2007-12-19,36.78000914411719,16566,36.4513490978368,0.9149358470669032,1.8298716941338071,-24869.072158339703,-25242.111458876072,-0.8203917535125512,stop_loss,5,-0.8203917535125512,190.2500110919355,182.78928944443356
WAT,2007-10-24,73.97390152740478,2007-12-20,76.58334365844726,9116,70.93988339890397,1.5170090642504022,3.0340181285008043,23787.674466583292,23375.930512449024,0.8600614829984174,trailing_stop,57,0.8600614829984174,202.30382589714657,209.44012823712154
KO,2007-10-18,16.75862069687814,2008-01-02,17.502336272738553,19899,16.274367752272692,0.24212647230272336,0.48425294460544777,14799.196244046369,14594.66860922485,1.5357998007970126,trailing_stop,76,1.5357998007970126,100.04393797415342,104.48369684736733
NEE,2007-12-04,10.363750458353373,2008-01-02,9.887077354122848,60755,9.92302154896578,0.22036445469379612,0.4407289093875928,-28960.27444752552,-29329.376160649615,-1.0815562448419311,stop_loss,29,-1.0815562448419311,188.89489772917776,180.2068153949201
CL,2007-11-15,25.210015199840292,2008-01-03,24.98861951324525,24749,24.31025745903588,0.4498788704022057,0.8997577408044108,-5479.321847540682,-5852.031650694928,-0.24606144137988412,trailing_stop,49,-0.24606144137988412,187.17679985425423,185.533003299992
ELV,2007-12-24,71.23569108829595,2008-01-04,69.85570656492592,8811,68.86457957960042,1.1855557543477677,2.3711115086955346,-12159.043635413305,-12531.990526830068,-0.5819989984904693,stop_loss,11,-0.5819989984904693,188.2973022536927,184.6495891630687
CNX,2007-12-06,47.02643405526544,2008-01-07,50.28039217966142,13426,43.18157804428091,1.9224280054922658,3.844856010984529,43687.64177814041,43295.709343431365,0.8463146903550122,trailing_stop,32,0.8463146903550122,189.41307108779813,202.51936362124025
GAP,2007-12-07,12.599446891350942,2008-01-07,11.651724975489353,50453,11.709737362307493,0.44485476452172457,0.8897095290434489,-47815.41382096474,-48182.47713322405,-1.0652037377642911,stop_loss,31,-1.0652037377642911,190.70396820279873,176.3593440565093
IVZ,2007-12-24,16.139148994617685,2008-01-07,14.49265768074882,38891,14.806877518955915,0.666135737830885,1.33227147566177,-64033.69368767401,-64391.08416569751,-1.2358527101625547,stop_loss,14,-1.2358527101625547,188.30029306490292,169.09018495860073
FLS,2007-11-08,23.344554716743726,2008-01-08,22.440937791510258,28021,21.80311964531963,0.7707175357120486,1.5414350714240967,-25320.249861967008,-25705.136447639143,-0.5862179614212598,trailing_stop,61,-0.5862179614212598,196.2413303153628,188.64525535677268
J,2007-12-07,71.99207762849213,2008-01-08,70.27392311654366,4415,66.86968674006766,2.5611954442122307,5.122390888424462,-7585.652170252493,-7774.083488239293,-0.3354204217079843,trailing_stop,32,-0.3354204217079843,95.35350681893783,93.07781116786207
STLD,2007-12-24,19.060559935509936,2008-01-08,18.22742920175621,32930,17.533024268015563,0.7637678337471859,1.527535667494373,-27434.995062510225,-27803.363107197278,-0.5454083668765108,stop_loss,15,-0.5454083668765108,188.29927160290265,180.06877308414957
ECL,2007-12-04,39.98869721636109,2008-01-14,40.06523038752997,15745,38.186987021699174,0.9008550973309589,1.801710194661915,1205.0147800540633,826.8800530170838,0.042478069667161,trailing_stop,41,0.042478069667161,188.8866113014816,189.24811573549783
ADM,2007-12-24,27.37743569097331,2008-01-17,25.897365306262326,22926,25.79032129178915,0.793557199592079,1.5871143991841592,-33932.09363988403,-34298.507066182814,-0.9325543171127426,trailing_stop,24,-0.9325543171127426,188.29652719537626,178.11689910341104
RRC,2007-12-24,46.624116817150984,2008-01-17,46.210964061005875,13462,43.64394797334157,1.4900844219047082,2.980168843809416,-5561.862403225463,-5936.786160859988,-0.13863400961436625,trailing_stop,24,-0.13863400961436625,188.29615817774598,186.6275994567783
GLD,2007-09-07,69.32926213836669,2008-03-24,90.55935152435303,9048,67.62538883920058,0.8519366495830505,1.703873299166105,192089.84876440445,191655.84711147836,12.459899099526117,trailing_stop,199,12.459899099526117,188.18734914838254,245.81430377770388
AME,2008-05-16,20.944230484861027,2008-05-20,20.03309555334746,29807,20.03976593142983,0.4522322767155992,0.9044645534311968,-27158.19890362485,-27524.62225079111,-1.0073749469308264,stop_loss,4,-1.0073749469308264,187.28540341867577,179.13794374758834
MRSH,2008-05-16,19.76044058281526,2008-05-22,18.4327667328614,31593,18.69228498139378,0.5340778007107401,1.0681556014214806,-41945.19994159233,-42307.19134120958,-1.2429592169783303,stop_loss,6,-1.2429592169783303,187.28747979986477,174.70391981738703
AA,2008-05-20,89.01467431828831,2008-05-23,81.70250213063724,6995,83.28550088660505,2.864586715841631,5.7291734316832645,-51148.64445261925,-51506.894447397324,-1.2763049111436504,stop_loss,3,-1.2763049111436504,186.79729405692802,171.45270072114226
JEF,2008-05-16,34.851422668133544,2008-05-27,32.97649938799152,17913,32.89100847299954,0.9802070975670019,1.9604141951340068,-33585.50071718414,-33950.00118752155,-0.9563914017740851,stop_loss,11,-0.9563914017740851,187.28806027628286,177.2124100611276
EL,2008-05-07,19.33745436047592,2008-06-09,18.32196052846129,32196,18.382622366383618,0.4774159970461519,0.9548319940923022,-32694.83941554305,-33058.58417207232,-1.0635314257352633,stop_loss,33,-1.0635314257352633,186.77660417696484,176.9681523523019
CLF,2008-05-07,72.52637427510646,2008-06-12,79.35517290692697,8584,65.80913777556255,3.35861824977196,6.717236499543915,58618.40745554721,58227.28209524404,1.0166083377121178,trailing_stop,36,1.0166083377121178,186.76991903325418,204.3554412699183
VMI,2008-05-20,98.06098334503173,2008-06-19,90.94997709509268,6350,91.84212783683863,3.1094277540965534,6.218855508193101,-45154.889687112984,-45514.95556675142,-1.1434589918628237,stop_loss,30,-1.1434589918628237,186.80617327228543,173.25970636615156
GLW,2008-05-19,18.153729766895353,2008-06-20,16.965547731949766,34414,17.153642002554395,0.5000438821704785,1.0000877643409574,-40890.09655061744,-41252.67499537102,-1.1880777640836162,stop_loss,32,-1.1880777640836162,187.42273685938102,175.15570789419576
QCOM,2008-05-19,30.15791051320701,2008-06-25,30.30020374136888,20716,28.657610306427138,0.7501501033899367,1.5003002067798725,2947.7465146012682,2572.01142613193,0.09484317039939334,trailing_stop,37,0.09484317039939334,187.42538225747893,188.30970621185932
WMB,2008-05-19,13.686036736829609,2008-07-07,13.149559166836088,45648,12.990543826898179,0.34774645496571516,0.6954929099314295,-24489.128115064224,-24856.625499607384,-0.7713631042571134,stop_loss,49,-0.7713631042571134,187.42206148883938,180.0753230543201
EXC,2008-05-21,31.427019232092306,2008-07-17,30.173434417324952,19761,30.117351376202,0.6548339279451532,1.3096678558903072,-24772.089524617684,-25137.275493987523,-0.9571776608315486,stop_loss,57,-0.9571776608315486,186.30879811361282,178.8771712562275
GDX,2009-06-01,38.749108244307514,2009-06-04,36.95985808003938,8211,35.83722986380627,1.4559391902506227,2.9118783805012427,-14691.533098805636,-14878.026995552398,-0.6144659667963659,stop_loss,3,-0.6144659667963659,95.45067833820269,91.043218408561
SLV,2009-06-01,15.605590152740477,2009-06-09,15.004980457305908,40780,14.83828986017029,0.38365014628509336,0.7673002925701873,-24492.863379821723,-24867.35310066503,-0.7827570264866404,stop_loss,8,-0.7827570264866404,190.918789928627,183.57093091468047
SYNA,2009-06-10,40.340299236297604,2009-06-16,37.42253908538818,15619,36.45489135423237,1.9427039410326152,3.8854078820652305,-45572.49579705428,-45936.869128578204,-0.7509533720713335,stop_loss,6,-0.7509533720713335,189.02254013151966,175.35079139240338
SLAB,2009-06-10,38.49845908355712,2009-06-18,37.4625,16366,35.85405830200631,1.3222003907754072,2.6444007815508144,-16954.50636149589,-17327.459478404337,-0.3917557016261293,stop_loss,8,-0.3917557016261293,189.01973440844876,183.93338250000002
RMBS,2009-06-16,19.26925,2009-06-24,14.965019542694092,32587,17.51781738725977,0.8757163063701153,1.7514326127402313,-140261.9579122276,-140596.63555470394,-2.4575484240707706,stop_loss,8,-2.4575484240707706,188.378114925,146.29952755133172
CAG,2009-06-25,8.427012966260317,2009-06-26,8.089624555856142,73626,8.036332926784151,0.19534001973808296,0.39068003947616603,-24840.559104417815,-25205.375290678818,-0.8635926495158404,stop_loss,1,-0.8635926495158404,186.13417699616463,178.6820092648393
VRTX,2009-06-29,35.92588938903808,2009-07-08,33.36660152435303,17329,33.5739153744738,1.1759870072821414,2.3519740145642842,-44349.8994071273,-44710.130279638746,-1.0881446176007925,stop_loss,9,-1.0881446176007925,186.7679211667923,173.46295134465407
ORCL,2009-06-25,16.992050754566723,2009-07-09,16.391503242765808,36514,15.890451306533024,0.5507997240168498,1.1015994480336992,-21928.391845898615,-22294.081973096196,-0.5451595975949906,stop_loss,14,-0.5451595975949906,186.1343223756748,179.5558048219052
HSY,2009-07-24,27.13481279744441,2009-08-06,25.90722252863593,23277,26.116396690808298,0.5092080533180567,1.0184161066361135,-28574.618687055,-28945.016523940554,-1.205391647686407,stop_loss,13,-1.205391647686407,189.48511124583408,180.91272563971756
FXI,2009-07-24,28.27488946144252,2009-08-06,28.596253561472405,22338,26.74588264064121,0.7645034104006558,1.5290068208013103,7178.631266467587,6797.514988613824,0.21017832991841567,stop_loss,13,0.21017832991841567,189.4813442369109,191.63493361685119
OSK,2009-07-14,19.08168932252213,2009-08-07,20.971086454836485,32439,17.039515876247798,1.021086723137166,2.042173446274333,61290.15357514533,60900.3719771128,0.925189354391666,trailing_stop,24,0.925189354391666,185.6972759799886,204.08432205253223
IBB,2009-07-24,24.446543115164385,2009-08-07,24.724029066620812,25836,23.563580035046673,0.4414815400588551,0.8829630801177117,7169.127041828247,6788.015770961666,0.3142667657400059,trailing_stop,14,0.3142667657400059,189.4802663770161,191.63100448956462
SWKS,2009-07-23,9.229292176630171,2009-08-10,8.79289222240448,67658,8.47644081115101,0.3764256827395804,0.7528513654791613,-29525.94810300175,-29891.751588622716,-0.5796628315177966,trailing_stop,18,-0.5796628315177966,187.33063502593325,178.4728505950327
ALV,2009-07-22,15.780190558743872,2009-08-12,16.380962811119073,39685,14.528917920205421,0.625636319269225,1.2512726385384507,23841.646835509844,23458.75222406494,0.4801289773881198,trailing_stop,21,0.4801289773881198,187.87105869712516,195.02355274777813
GRMN,2009-08-06,18.765331383139227,2009-08-17,16.16627835424652,34270,17.315038043049984,0.7251466700446219,1.4502933400892424,-89069.5473001531,-89428.67917986317,-1.7920878190978786,stop_loss,11,-1.7920878190978786,192.9263719500544,166.20550776000846
AVB,2009-08-10,40.14941437211185,2009-08-17,35.76973134557213,15907,36.87176986204954,1.638822255031156,3.2776445100623093,-69667.61790316727,-70029.91165844662,-1.336228810993434,stop_loss,7,-1.336228810993434,191.59702032515494,170.69673495420477
FFIV,2009-06-12,35.10506969451904,2009-08-18,34.47548832321167,17946,32.39813320137861,1.3534682465702113,2.706936493140425,-11298.467289482009,-11673.075097737867,-0.2325807690364263,trailing_stop,67,-0.2325807690364263,188.9986742213516,185.60913403450698
RL,2009-08-06,52.130774555481935,2009-08-18,49.63352159992005,12336,48.835039398320006,1.6478675785809624,3.2957351571619284,-30806.112459811393,-31182.721767023304,-0.7577225828158942,stop_loss,12,-0.7577225828158942,192.92557047492755,183.68373673698414
CRM,2009-08-13,11.857925548972583,2009-08-18,11.117976531333404,53614,11.145020589454345,0.35645247975911876,0.7129049595182373,-39671.62663170691,-40041.17563594697,-1.0379350118972615,stop_loss,5,-1.0379350118972615,190.7252461147848,178.82375812527278
NTAP,2009-07-22,16.467572940023526,2009-08-21,15.95798125041184,38028,15.321106138304414,0.5732334008595561,1.1464668017191126,-19378.752772553173,-19748.676464979337,-0.4444888319902147,trailing_stop,30,-0.4444888319902147,187.86865912896442,182.05503329719843
SJM,2009-07-24,30.975452543001087,2009-08-27,32.111785401247005,20390,29.886408648042124,0.5445219474794805,1.0890438949589623,23169.826979634272,22783.922345129304,1.0434224584572305,trailing_stop,34,1.0434224584572305,189.47684320553765,196.4277912994279
CAR,2009-08-21,11.098839470592758,2009-08-28,9.624454310806257,56148,9.840769496409512,0.6290349870916222,1.258069974183245,-82783.77795169242,-83132.84940146381,-1.171942093875732,stop_loss,7,-1.171942093875732,186.95329157845265,162.1181581929449
SRE,2009-07-24,15.11035848392833,2009-09-02,14.713434517295765,41800,14.45790385149905,0.32622731621463946,0.6524546324292793,-16591.421805241225,-16965.412169476574,-0.6083548907526357,trailing_stop,40,-0.6083548907526357,189.48389538846124,184.50646884688888
BLK,2009-07-24,128.77280795979868,2009-09-03,126.8793551282665,4904,120.59023166883401,4.091288145482337,8.182576290964676,-9285.492685833846,-9661.608148169007,-0.23140057167850256,trailing_stop,41,-0.23140057167850256,189.45055507045583,186.66490726470568
OSK,2009-08-28,28.431884062858146,2009-09-03,26.46410377652764,22227,25.57579040589782,1.4280468284801637,2.8560936569603257,-43737.852424268145,-44103.904360779954,-0.6889761060653622,stop_loss,6,-0.6889761060653622,189.58664611954438,176.46529039226394
DLTR,2009-08-27,16.91022676849365,2009-09-04,16.390261041641235,37256,16.01611283654309,0.44705696597527955,0.8941139319505602,-19371.843119613597,-19744.036011769913,-0.5815430319020763,stop_loss,8,-0.5815430319020763,189.00222254609983,183.19066961021576
TXN,2009-07-21,14.953348977292446,2009-09-25,15.159937532846222,41892,14.024592447444185,0.4643782649241304,0.9287565298482612,8654.40776925876,8275.956029713941,0.22243564261941454,trailing_stop,66,0.22243564261941454,187.92770860702055,190.52403093779816
LEN,2009-08-10,11.043066545350946,2009-09-25,12.042376313077856,57836,9.900102371832935,0.5714820867590057,1.1429641735180116,57796.079726253556,57395.52882430553,0.8743141656409601,trailing_stop,46,0.8743141656409601,191.6060390150752,208.94486293295122
CI,2009-08-18,27.102775170930105,2009-09-25,26.271417723660328,22516,24.664463233985753,1.2191559684721758,2.438311936944352,-18718.844282726306,-19079.376280890683,-0.3409561486671879,trailing_stop,38,-0.3409561486671879,183.07382572459866,177.45817243978078
TXT,2009-09-03,17.101416666067866,2009-09-25,16.92192373944353,35702,15.712601888496987,0.6944073887854398,1.3888147775708788,-6408.256466342112,-6772.666856089382,-0.12924180353141254,trailing_stop,22,-0.12924180353141254,183.16643334358648,181.24395640368385
MSI,2009-09-03,24.230295821217283,2009-09-25,25.756230065154064,25198,22.364423148359137,0.9329363364290737,1.8658726728581456,38450.49107871902,38072.622934933584,0.8178126332700686,trailing_stop,22,0.8178126332700686,183.16649823090992,194.70164555452564
SLV,2009-09-04,15.745729541778562,2009-09-25,15.764219733238221,39181,14.960133616107948,0.3927979628353073,0.7855959256706146,724.4641915808871,354.08679481755735,0.02353651649080888,trailing_stop,21,0.02353651649080888,185.08002875292775,185.297368010402
HOG,2009-09-09,17.479024020931618,2009-09-28,16.17800864819884,18178,16.180761200010984,0.6491314104603167,1.298262820920634,-23649.857445536432,-23833.402707494268,-1.0021201807274984,stop_loss,19,-1.0021201807274984,95.32010959574848,88.22515236208756
INTC,2009-07-23,12.19018138766937,2009-10-02,12.164756403962249,25612,11.513702534885013,0.3382394263921781,0.6764788527843564,-651.1846827067656,-838.3182827225463,-0.037584299350189934,trailing_stop,71,-0.037584299350189934,93.66447771029635,93.46912230548435
A,2009-08-19,15.934330453715797,2009-10-02,16.699198759345023,19312,14.922493700079238,0.5059183768182789,1.0118367536365582,14771.136718311625,14582.071103462835,0.7559206590196267,trailing_stop,44,0.7559206590196267,92.31713691664783,96.74847793214133
PCG,2009-09-25,30.146174060136037,2009-10-02,29.00353169303467,21524,29.11408799347885,0.5160430333285937,1.032086066657186,-24594.234309489813,-24976.175789479188,-1.1071192645805794,stop_loss,7,-1.1071192645805794,194.6598751411104,187.28160484826347
STX,2009-07-23,6.148562824867119,2009-10-05,7.484400052449896,101558,5.587416678238162,0.2805730733144782,0.5611461466289569,135664.9571588517,135249.59622568334,2.380551369028761,trailing_stop,74,2.380551369028761,187.33072301035645,228.03021015801198
MMM,2009-07-24,35.12665722977066,2009-10-05,36.60487355401413,17981,33.560604033723855,0.7830265980234005,1.566053196046802,26579.807726221818,26192.866329714845,0.943911948824561,trailing_stop,73,0.943911948824561,189.48372709455185,197.4576694124184
FIS,2009-07-24,15.919033972352516,2009-10-05,18.27264739845387,19838,15.143790166949094,0.38762190270171093,0.7752438054034219,46690.98314699867,46487.49477448845,3.0359654726638925,trailing_stop,73,3.0359654726638925,94.74053878305877,108.74783372715835
CIEN,2009-08-20,13.373359656333921,2009-10-05,14.785200190544128,46355,12.082071030221474,0.645644313056223,1.291288626112447,65445.86796331412,65054.28095080351,1.0933578331443166,trailing_stop,46,1.0933578331443166,185.97662606080766,205.61038644980192
TGT,2009-08-20,28.268854565602318,2009-10-05,29.016842736966094,21929,26.61735067635827,0.8257519446220243,1.6515038892440472,16402.632609836244,16025.767192991836,0.4529133574769582,trailing_stop,46,0.4529133574769582,185.97231353072794,190.89310331367884
GAP,2009-09-04,12.825486887972081,2009-10-05,12.781570172140182,24051,12.031453544023133,0.3970166719744745,0.7940333439489482,-1056.2409324730227,-1241.0035312788507,-0.05530840255837344,trailing_stop,31,-0.05530840255837344,92.53973554278495,92.22286326304305
COR,2009-10-01,15.230268681201162,2009-10-06,14.97551399791485,42387,14.639557304838771,0.29535568818119523,0.5907113763623908,-10798.286760456875,-11182.386513582782,-0.43126760966598315,stop_loss,5,-0.43126760966598315,193.6696195770221,190.43013354888504
BND,2009-10-02,48.937619182410096,2009-10-12,48.36864055083506,12886,48.57391810062837,0.18185054089086225,0.363701081781727,-7331.8586464759055,-7708.025185352684,-1.5644128106182111,stop_loss,10,-1.5644128106182111,189.18304823536096,186.98349064141817
CCK,2009-10-08,27.0387470785998,2009-10-16,25.0047137379312,23780,25.76460136233125,0.6370728581342762,1.2741457162685528,-48369.31284109931,-48740.59089056445,-1.5963898906519456,stop_loss,8,-1.5963898906519456,192.89442165873098,178.3836278064012
IBM,2009-07-20,61.701977816014086,2009-10-19,65.77136746655633,10091,59.08233480678258,1.3098215046157502,2.6196430092315026,41064.21096362176,40678.310905447834,1.5534138186775441,trailing_stop,91,1.5534138186775441,186.79039744241942,199.10966073150598
EQIX,2009-07-24,58.01309249777859,2009-10-26,67.55160529352524,10887,54.09199220729637,1.960550145241109,3.921100290482215,103845.78880729384,103435.68194783766,2.4326112797726,trailing_stop,94,2.4326112797726,189.47656140699465,220.6302980491828
EOG,2009-10-09,31.090477225580692,2009-10-27,30.566289406271675,10428,29.25708770951767,0.9166947580315101,1.833389516063022,-5466.230579754425,-5659.1176084855115,-0.2859118669090272,trailing_stop,18,-0.2859118669090272,97.26344895250662,95.62357977858031
MAT,2009-07-20,12.14032405799181,2009-10-28,13.193661097842051,51288,11.386113756303457,0.3771051508441766,0.754210301688353,54023.55009983917,53633.751270637455,1.3966091917496644,trailing_stop,100,1.3966091917496644,186.7958820858852,203.00294711583695
CRM,2009-08-24,13.367296737571268,2009-10-28,14.472815619477148,47487,12.474044096974318,0.44662632029847493,0.8932526405969501,52497.775145064516,52101.16212041477,1.2376329289853258,trailing_stop,65,1.2376329289853258,190.43184605311404,206.1811785966334
WSM,2009-09-30,6.948062699794768,2009-10-28,6.708167825583661,92982,6.450002405683784,0.24903014705549195,0.4980602941109842,-22305.90519389712,-22686.840281910343,-0.48165829930151033,trailing_stop,28,-0.48165829930151033,193.81342978569515,187.12165822752598
EWZ,2009-10-07,33.61207657324476,2009-10-28,34.28704795301226,9534,31.939236805352202,0.836419883946277,1.6728397678925546,6435.177134703399,6240.972058733399,0.40348836315496933,trailing_stop,21,0.40348836315496933,96.13726141479465,98.06781455520566
BALL,2009-07-02,10.004756637097794,2009-10-29,10.577086680614386,62138,9.380492507019,0.3121320650393975,0.6242641300787941,35563.444244034,35179.7698700112,0.916807511340357,trailing_stop,119,0.916807511340357,186.5026703747948,197.171703648005
APD,2009-07-24,43.72516163129065,2009-10-29,47.870799780315075,7222,41.13581292536112,1.2946743529647642,2.589348705929531,29939.79871225437,29741.346902259986,1.6010350940879587,trailing_stop,97,1.6010350940879587,94.73493519035432,103.71687480403064
BBWI,2009-08-07,5.154930078491082,2009-10-29,6.095166670255542,122674,4.7297370518126005,0.21259651333924107,0.4251930266784818,115342.58365811328,114928.55534754656,2.2113170554780477,trailing_stop,83,2.2113170554780477,189.71276773464453,224.3155428320785
JBL,2009-10-01,11.201929863254023,2009-10-29,11.621391920306914,57630,10.308924613456112,0.4465026248989554,0.8930052497979108,24173.598347958137,23779.005937642152,0.4697195869204764,trailing_stop,28,0.4697195869204764,193.6701654057988,200.92224491018624
CB,2009-10-02,38.2046465949241,2009-10-29,37.33337062211374,16506,36.35764975807538,0.9234984184243599,1.8469968368487173,-14381.281207207789,-14755.330360863116,-0.4717257525448178,trailing_stop,27,-0.4717257525448178,189.18176900874516,184.86738464658285
GLD,2009-10-07,102.39229091644286,2009-10-29,101.61828121948243,6259,99.76389035754416,1.314200279449354,2.6284005588987043,-4844.526693275355,-5227.597344574982,-0.29447935336185693,trailing_stop,22,-0.29447935336185693,192.26200465380475,190.80864664582217
APA,2009-10-07,69.96620961976085,2009-10-29,67.57991899001613,9160,66.14476883493325,1.9107203924138012,3.821440784827601,-21858.422168461646,-22236.398929881314,-0.6244478886652106,trailing_stop,22,-0.6244478886652106,192.2671440351028,185.70961738456432
NTAP,2009-10-12,21.229277049891852,2009-10-29,19.962145412859844,30656,20.000807828113064,0.6142346108893941,1.2284692217787878,-38845.187464853254,-39224.016738958686,-1.0314720259716712,stop_loss,17,-1.0314720259716712,195.24141517244541,183.5878589329894
SBAC,2009-10-16,28.26074764588178,2009-10-29,26.518955685410752,23580,26.74833638427416,0.7562056308038093,1.5124112616076175,-41071.4544279068,-41458.96604927236,-1.1516655586256273,stop_loss,13,-1.1516655586256273,199.91652884696768,187.59509251859566
TROW,2009-10-26,30.987208468384587,2009-10-29,28.899206123024282,21098,29.124288830391706,0.9314598189964404,1.8629196379928814,-44052.673482411716,-44431.718554926585,-1.120822553360342,stop_loss,3,-1.120822553360342,196.1304372797934,182.9146352350699
NKE,2009-10-01,12.866165812499998,2009-11-02,12.507409807938258,50176,12.263164130450138,0.3015008410249308,0.6030016820498609,-18000.94128488991,-18382.88464398924,-0.5949502551007413,trailing_stop,32,-0.5949502551007413,193.6718207424,188.271538356933
MA,2009-11-10,22.147146242875348,2009-11-19,20.673508719694173,29104,20.854309566508856,0.6464183381832453,1.2928366763664911,-42888.74647466491,-43262.6221772741,-1.1398481727195606,stop_loss,9,-1.1398481727195606,193.3711632757932,180.50453933339375
GPN,2009-10-07,22.950467744581005,2009-11-20,23.302516007890087,27926,21.872147087720695,0.5391603284301545,1.0783206568603099,9831.299801169449,9443.801553887997,0.32647827069744123,trailing_stop,44,0.32647827069744123,192.27442867055075,195.22381861090156
MSCI,2009-11-09,28.651582719032465,2009-11-20,27.029087306976486,22252,26.70053569459112,0.9755235122206727,1.951047024441344,-36103.767909069655,-36475.46978989528,-0.831602412310159,trailing_stop,11,-0.831602412310159,191.26650559917314,180.43537522645224
RL,2009-11-10,64.04625598916031,2009-11-20,60.16516974728266,10064,59.877782942087734,2.084236523536289,4.168473047072581,-39059.251938256704,-39434.271074840166,-0.9310570556773176,stop_loss,10,-0.9310570556773176,193.36845608247285,181.65068050099578
TRV,2009-11-10,36.460156441985134,2009-12-04,35.324917661880875,17678,34.72568795934155,0.8672342413217912,1.7344684826435852,-20068.7511546831,-20449.456116685542,-0.654516811037113,trailing_stop,24,-0.654516811037113,193.36279367442395,187.34216832801906
GLD,2009-11-04,107.2171106109619,2009-12-07,111.39849213409424,5851,104.31647076651184,1.4503199222250283,2.9006398444500547,24465.263291847346,24081.527324348946,1.4415376425076694,trailing_stop,33,1.4415376425076694,188.1981942554214,195.53777324297562
DVA,2009-11-05,29.274245840072627,2009-12-09,28.81615431404114,21473,27.996813796249583,0.6387160219115212,1.277432043823044,-9836.599338474145,-10210.81188722693,-0.35860344058736104,trailing_stop,34,-0.35860344058736104,188.58176427716387,185.6307844756216
CL,2009-11-19,28.817280695344945,2009-12-09,27.792024675323812,22309,27.772240466448192,0.5225201144483769,1.0450402288967524,-22872.436550651433,-23251.305648705707,-0.9810684715013254,stop_loss,20,-0.9810684715013254,192.8654145097351,186.00368354453968
PEP,2009-10-05,37.14834381861779,2009-12-14,37.871187423475426,16813,35.9072813651711,0.6205312267233454,1.2410624534466876,12153.169528471451,11774.778514839456,0.5824393469080871,trailing_stop,70,0.5824393469080871,187.37253138672625,191.0184822452677
RGLD,2009-11-09,42.73380600947619,2009-12-14,41.75888996368892,7459,39.425151860026624,1.6543270747247831,3.3086541494495663,-7271.89878552723,-7460.968091306381,-0.29465637741238576,trailing_stop,35,-0.29465637741238576,95.62543770740486,93.44386807174669
FDX,2009-12-09,74.46640478625801,2009-12-18,70.07760039080783,8595,70.90146243044857,1.7824711779047164,3.5649423558094355,-37721.77377889429,-38094.480496243355,-1.2311010831067652,stop_loss,9,-1.2311010831067652,192.01162474136626,180.69509260769797
PG,2009-10-30,36.69601863840342,2010-01-04,37.817050825481786,17068,35.53276318007452,0.5816277291644514,1.163255458328905,19133.7773690535,18752.24064817062,0.9637024946255585,trailing_stop,66,0.9637024946255585,187.89829383608088,193.63842704679695
DUK,2009-11-11,23.874959842911295,2010-01-04,25.265989216404574,13466,23.210028078462265,0.3324658822245152,0.6649317644490296,18731.60154346049,18533.081937450665,2.0919881525676582,trailing_stop,54,2.0919881525676582,96.45006277339304,102.06954323643119
DTE,2009-11-10,18.328260701752797,2010-01-08,20.220847767410934,35168,17.606303922649836,0.36097838955148065,0.7219567791029604,66558.50192506537,66151.79341107231,2.6214686535802025,trailing_stop,59,2.6214686535802025,193.3704817077727,213.33803228529231
VRTX,2009-11-06,38.63859847259521,2010-01-11,40.76919137191773,16433,35.976886875681146,1.3308557984570353,2.661711596914067,35012.03311456689,34620.56065141242,0.8004597123868267,trailing_stop,66,0.8004597123868267,190.48442661004714,200.9880365444172
NTAP,2009-11-20,22.412355971464205,2010-01-13,23.988318129805474,28338,21.085828539972503,0.6632637157458509,1.3265274314917015,44659.615643074896,44265.14495227036,1.1880358603433285,trailing_stop,54,1.1880358603433285,190.53640305580578,203.93428774872828
HAL,2010-01-11,26.5133856387907,2010-01-13,25.423654924582237,25574,25.108514067786675,0.7024357855020126,1.4048715710040263,-27868.773285167263,-28267.24464777757,-0.7756799530292019,stop_loss,2,-0.7756799530292019,203.41599729793,195.05536531237985
RMBS,2009-12-07,21.371350381851194,2010-01-14,21.128849618911744,30309,19.61559302022129,0.8778786808149517,1.7557573616299038,-7349.95562393179,-7736.3971924787265,-0.1381174689846277,trailing_stop,38,-0.1381174689846277,194.32327761705838,192.11829092987884
HUM,2010-01-08,41.7841790135579,2010-01-14,40.7848714564524,16214,39.590415659639895,1.096881676959003,2.1937633539180084,-16202.772730908626,-16604.40510620485,-0.455522039476484,stop_loss,6,-0.455522039476484,203.24660355774836,198.38577173847577
MDLZ,2010-01-13,13.428763320647565,2010-01-15,12.815513584135498,50096,13.025887845365542,0.20143773764101178,0.4028754752820234,-30721.35880030851,-31115.778789055115,-1.5221818505650566,stop_loss,2,-1.5221818505650566,201.8181981933481,192.6017905532556
VWO,2010-01-05,27.33730227326155,2010-01-21,26.467225554904793,24455,26.483710309761086,0.42679598175023176,0.8535919635004632,-21277.726147414476,-21672.463065825817,-1.019312218906902,stop_loss,16,-1.019312218906902,200.56011812778334,194.176800283559
SWK,2009-11-04,32.57573249789802,2010-01-22,35.740571111857356,19259,30.94026203326728,0.8177352323153674,1.6354704646307354,60951.62686624293,60556.91575887684,1.9351242852764772,trailing_stop,79,1.9351242852764772,188.21280965310535,206.49829771297826
NSC,2009-11-05,34.52558290757538,2010-01-22,34.55258208183065,18207,32.31616491553918,1.1047089960180985,2.209417992036194,491.5739656657613,114.26212067712666,0.012220039101967731,trailing_stop,78,0.012220039101967731,188.58218639946745,188.7296585891672
WAT,2009-11-06,59.09904091644287,2010-01-22,59.14080076217651,10744,56.34950780943011,1.3747665535063798,2.749533107012759,448.6677825622699,67.5571248637439,0.015187977052225434,trailing_stop,77,0.015187977052225434,190.48802868187866,190.62262901664732
XLU,2009-12-11,8.889609924622064,2010-01-22,8.711545339410838,36295,8.634739964149755,0.1274349802361544,0.25486996047230903,-6462.854120241453,-6654.504299333875,-0.6986487732067287,trailing_stop,42,-0.6986487732067287,96.79451766424735,94.85566142817491
IWD,2010-01-05,40.98628536959171,2010-01-22,40.42185555312074,8155,39.99079847850278,0.497743445544465,0.9954868910889303,-4602.925153320757,-4802.090170088173,-0.5669886982173702,trailing_stop,17,-0.5669886982173702,100.27294715670612,98.8920696107099
MAR,2010-01-15,23.608141412979943,2010-01-22,22.32258346378805,14456,22.523201521226234,0.5424699458768552,1.0849398917537094,-18584.025713518018,-18783.218081163584,-1.184911679405486,stop_loss,7,-1.184911679405486,102.38378767981143,96.80857996575602
PPG,2010-01-15,22.887851272738526,2010-01-22,21.589701075456553,14911,22.011145299212306,0.4383529867631104,0.8767059735262208,-19356.71759167151,-19555.67902659069,-1.4807133023864905,stop_loss,7,-1.4807133023864905,102.38422509834126,96.57720982083981
AMP,2009-10-01,25.3036894991179,2010-01-25,28.559048462909264,25513,23.496005747835515,0.9038418756411936,1.8076837512823865,83053.97324320902,82641.71323312147,1.800845397587926,trailing_stop,116,1.800845397587926,193.67190905729848,218.5881010302612
CTSH,2009-11-04,18.80226089213011,2010-01-25,19.86284161087861,33368,17.804478806202294,0.498891042963909,0.9977820859278168,35389.457423199965,35002.404281103845,1.062938224394246,trailing_stop,82,1.062938224394246,188.21815243457922,198.83498966153925
MRK,2009-11-23,20.13147165511014,2010-01-25,21.6940039999294,31468,19.15903519286176,0.48621823112418855,0.9724364622483783,49169.767826772484,48774.91860639865,1.6068220449143962,trailing_stop,63,1.6068220449143962,190.04914501290176,204.8000753609335
SJM,2009-11-24,36.51679901493529,2010-01-25,37.72576308799286,17544,35.152208923696826,0.6822950456192323,1.3645900912384619,21210.06569772205,20819.312244861918,0.8859540171219857,trailing_stop,62,0.8859540171219857,192.19521657540741,198.55823628472402
DOV,2010-01-14,22.848411903608742,2010-01-25,21.800118361304232,14858,22.016280975459466,0.4160654640746385,0.8321309281492759,-15575.545451560409,-15774.561810363231,-1.2597699554756323,stop_loss,11,-1.2597699554756323,101.8445112191456,97.17184758367748
TXT,2010-01-15,22.05246389065487,2010-01-25,20.93457970645737,30952,20.619675299164015,0.7163942957454268,1.432788591490855,-34600.75126928102,-34999.911761306364,-0.7802157211723131,stop_loss,10,-0.7802157211723131,204.77035870306486,194.39013332228055
BRK-B,2010-01-22,72.97290152740477,2010-01-25,71.40852335357665,9173,70.96437099167169,1.0042652678665458,2.0085305357330867,-14350.040988525325,-14747.364231655298,-0.7788670104819395,stop_loss,3,-0.7788670104819395,200.81412771326518,196.5091154167076
SBUX,2009-11-09,7.8127294153961975,2010-01-26,8.184023888459235,81606,7.305239590725264,0.2537449123354671,0.5074898246709338,30299.856768782232,29908.227453747906,0.7316293943505013,trailing_stop,78,0.7316293943505013,191.26967900184664,200.3596360324813
MTB,2010-01-21,48.92131979369566,2010-01-26,46.727525638431715,13768,46.42659859849603,1.2473605975998152,2.494721195199631,-30204.157929673987,-30599.225920846846,-0.8793744805973776,stop_loss,5,-0.8793744805973776,202.06461927588055,193.00337189697836
KRE,2010-01-22,17.448809870691242,2010-01-26,16.86844927171248,38363,16.62769682997535,0.4105565203579471,0.8211130407158933,-22264.373658622328,-22659.32756236634,-0.7067974446889463,stop_loss,4,-0.7067974446889463,200.81660792079842,194.13729582321173
TNL,2010-01-14,6.124153035779409,2010-01-28,5.9849875200858635,110871,5.769014953287794,0.17756904124580788,0.3551380824916155,-15429.419890459121,-15832.185647229922,-0.3918631162199605,trailing_stop,14,-0.3918631162199605,203.69729136896967,199.06846540183196
FFIV,2010-01-22,54.77472122192382,2010-01-28,51.46848045730591,12220,51.766761103242956,1.503980059340431,3.007960118680863,-40402.26214363088,-40791.74972098693,-1.0991637635368179,stop_loss,6,-1.0991637635368179,200.8041279995727,188.68344935648344
UAL,2009-12-14,11.211199809074401,2010-02-01,12.337650381088256,29053,10.135780740280765,0.537709534396818,1.0754190687936358,32726.768468718532,32521.519045346093,1.0474526672448392,trailing_stop,49,1.0474526672448392,97.71569641591157,107.53372695652712
STX,2010-01-22,10.025058875631718,2010-02-01,8.899668858927354,66771,9.312618982175882,0.35621994672791757,0.7124398934558354,-75143.41680536706,-75522.50370403634,-1.579628017804322,stop_loss,10,-1.579628017804322,200.81496185544165,178.2719368138315
ROK,2010-01-28,36.638833207245746,2010-02-01,34.68329579530841,17918,34.69211847718451,0.9733573650306188,1.9467147300612382,-35039.31934709317,-35422.704319333505,-1.0045320876961874,stop_loss,4,-1.0045320876961874,196.9483840222288,186.43658821810084
DAL,2009-12-08,8.612194251452388,2010-02-05,9.79708385135278,74909,7.872600902326788,0.3697966745628005,0.7395933491256006,88758.89503893837,88345.18885491746,1.6020825515822321,trailing_stop,59,1.6020825515822321,193.53925775461408,220.1669262662956
UTHR,2009-12-18,52.45240152740478,2010-02-05,56.30364060974121,12433,49.77509273684902,1.3386543952778818,2.677308790555763,47882.4555106888,47476.806349121456,1.4384739989356912,trailing_stop,49,1.4384739989356912,195.6422124570671,210.00694911027375
FITB,2010-01-14,7.043561756168184,2010-02-05,6.9187888910770985,48199,6.538863284356094,0.2523492359060445,0.5046984718120893,-6013.927324525211,-6215.818726179184,-0.24722259340927996,trailing_stop,22,-0.24722259340927996,101.84778992566508,100.04361172830752
TGT,2010-01-27,32.75972418227544,2010-02-05,30.650882255533606,20059,31.476863429293857,0.6414303764907914,1.282860752981584,-42301.260208514475,-42682.84621487528,-1.6438587912526998,stop_loss,9,-1.6438587912526998,197.1381922116789,184.44781414912458
BRK-B,2010-01-29,74.62455305480957,2010-02-05,72.17775,8753,71.51959917169754,1.5524769415560156,3.1049538831120316,-21416.867138748115,-21802.355306339738,-0.7880320117209546,trailing_stop,7,-0.7880320117209546,195.95661386662445,189.531553725
BA,2010-01-29,48.9850376139861,2010-02-05,46.407173862344514,13334,46.55263252137504,1.2162025463055324,2.432405092611063,-34373.235264388924,-34754.82318873654,-1.0598003430729466,stop_loss,7,-1.0598003430729466,195.9499474634672,185.6379768841505
COR,2010-02-03,19.482968697467783,2010-02-05,18.666555975772255,33586,18.73771078763056,0.37262895491861114,0.7452579098372212,-27420.037670866,-27804.424651568635,-1.0954767616942815,stop_loss,2,-1.0954767616942815,196.3064960019459,188.0804847006861
SPGI,2010-01-28,27.32191525418402,2010-02-08,26.051539879085873,24029,26.063216675651876,0.6293492892660721,1.2586985785321438,-30525.84988823339,-30910.603114252594,-1.0092768807124743,stop_loss,11,-1.0092768807124743,196.95549049283636,187.79773552636632
ALV,2010-02-02,23.402619785769716,2010-02-08,21.24818619880289,27781,22.03450220475241,0.6840587905086533,1.3681175810173052,-59852.31947952535,-60224.452691842576,-1.574743002253381,stop_loss,6,-1.574743002253381,195.04445408054056,177.08875823668293
MCD,2010-02-04,41.92256159719999,2010-02-08,40.74132571675022,15501,40.67629422454687,0.6231336863265589,1.246267372653115,-18310.33738285187,-18694.749258027936,-0.947818988420676,stop_loss,4,-0.947818988420676,194.95248819545913,189.45938698060354
STX,2010-02-19,10.635771669509587,2010-02-26,10.159983506386787,60722,9.800424729091496,0.41767347020904594,0.8353469404180913,-28890.808841142676,-29269.636794879912,-0.5695695286615501,stop_loss,7,-0.5695695286615501,193.74759819478834,185.08035554244555
CF,2010-02-17,14.516839367202653,2010-03-15,13.224992189228619,44322,13.59508448213546,0.4608774425335966,0.9217548850671928,-57257.25062216515,-57626.12265963839,-1.401508360739377,stop_loss,26,-1.401508360739377,193.02460632994678,175.84743114329726
CAG,2010-02-22,10.691961397748871,2010-03-26,10.774657569399409,60528,10.326376327110877,0.18279253531899728,0.3655850706379944,5005.433877663744,4615.6344238106785,0.22620226670148724,trailing_stop,32,0.22620226670148724,194.14891184488312,195.6505420081822
PG,2010-02-19,39.513807221127244,2010-04-08,38.9237682054268,16344,38.33299030391672,0.5904084586052616,1.180816917210521,-9643.597672608006,-10028.192792439486,-0.4996871293936978,trailing_stop,48,-0.4996871293936978,193.74409956663112,190.85102026484873
BRK-B,2010-02-22,79.35927877807616,2010-04-08,79.37054695129395,8154,75.91645649219362,1.7214111429412697,3.442822285882542,91.88068441782843,-296.40421528135676,0.003272946519485439,trailing_stop,45,0.003272946519485439,194.1286677469299,194.15623195225527
VTRS,2010-02-23,15.704957261229513,2010-04-15,17.594593667800137,41201,14.96742387152242,0.3687666948535458,0.7375333897070924,77854.90958711627,77443.31714776819,2.562102859263203,trailing_stop,51,2.562102859263203,194.11798323597512,217.47445611211006
CROX,2010-04-15,10.530520458221435,2010-04-20,10.23975,68861,9.685913609510825,0.42230342435530516,0.84460684871061,-20022.74452358619,-20451.823001793266,-0.3442672276045702,stop_loss,5,-0.3442672276045702,217.5426507820759,211.53582742499998
LULU,2010-03-26,19.529510229110716,2010-04-22,20.384595685958864,35171,18.183989601707538,0.6727603137015885,1.3455206274031788,30074.2106028062,29653.064897064527,0.6355052753806095,trailing_stop,27,0.6355052753806095,206.06172128041592,215.08398446125776
RMD,2010-02-08,22.82974972819144,2010-04-28,25.203759706506727,27710,21.785218045996164,0.5222658410976388,1.0445316821952773,65783.81649911657,65384.513935185925,2.2727984404703387,trailing_stop,79,2.2727984404703387,189.78370949045546,209.51885444019044
XLP,2010-03-03,17.714781287389435,2010-04-28,17.903536541938696,18789,17.349303563951125,0.18273886171915443,0.3654777234383104,3546.522477726053,3345.752705617479,0.5164617224095209,trailing_stop,56,0.5164617224095209,99.85290768262801,100.91686442594585
RSP,2010-03-17,32.60557502743335,2010-04-28,33.764981702650466,10505,31.811158105494336,0.39720846096950907,0.7944169219390176,12179.567123155772,11970.400313620914,1.459443578300455,trailing_stop,42,1.459443578300455,102.75646969895621,106.41033983590296
LH,2010-04-20,65.31875849223562,2010-04-28,63.35634540953513,10970,63.241085742655045,1.0388363747902871,2.0776727495805716,-21527.671517224335,-21951.14128416506,-0.9445246288649869,trailing_stop,8,-0.9445246288649869,214.96403419794743,208.5057327427801
HAS,2010-02-09,20.772553653296306,2010-04-29,23.44577208263273,30382,19.76054748561208,0.5060030838421141,1.012006167684227,81217.7223200992,80814.6899683465,2.6415040883135594,trailing_stop,79,2.6415040883135594,189.33351752833454,213.69883422436425
DRI,2010-02-17,21.78230791936684,2010-04-29,24.748375092630994,29539,20.833703201690465,0.47430235883818755,0.9486047176763748,87614.65823104985,87202.31727740243,3.126768313496892,trailing_stop,71,3.126768313496892,193.02827808905315,219.3126755583681
MAT,2010-02-18,15.563323275893838,2010-05-03,16.701088594154953,41386,14.727624368744934,0.41784945357445197,0.8356989071489043,47087.55546155451,46686.96697665836,1.3614536390178489,trailing_stop,74,1.3614536390178489,193.2311091288427,207.35737576730907
BBWI,2010-04-09,9.892160676088409,2010-05-03,10.104606420172832,35606,9.486045435428142,0.20305762033013286,0.4061152406602666,7564.343163869972,7350.741697101128,0.5231168959308854,trailing_stop,24,0.5231168959308854,105.66608190984115,107.93538485900217
AVY,2010-04-28,29.416328323429916,2010-05-03,27.74343197638564,24053,28.209944840908054,0.6031917412609312,1.2063834825218613,-40238.175835455964,-40650.6349498034,-1.3867036239150103,stop_loss,5,-1.3867036239150103,212.26528354903795,200.19383079840114
EMR,2010-02-03,29.672526375873844,2010-05-05,32.06310169262038,22052,28.350386216767053,0.6610700795533953,1.322140159106791,52716.96688489459,52308.54866384465,1.8081103582554783,trailing_stop,91,1.8081103582554783,196.30156549223102,212.11665555769937
UAL,2010-02-10,15.265249999999998,2010-05-05,19.29068946647644,41537,13.564481786707185,0.8503841066464064,1.7007682132928128,167204.67911903196,166774.07410174626,2.3668360185794475,trailing_stop,84,2.3668360185794475,190.221806775,240.3832105107096
NOC,2010-02-19,39.93235776093302,2010-05-05,43.213377544776236,16173,38.283916199035296,0.824220780948863,1.6484415618977266,53063.93296409628,52660.51817096651,1.99037676535286,trailing_stop,75,1.99037676535286,193.74780662027095,209.66698650949985
TJX,2010-02-26,8.403729604962477,2010-05-05,9.153052499471938,77345,8.073020746341427,0.16535442931052513,0.3307088586210494,57956.3792758343,57549.00048227406,2.265808353709965,trailing_stop,68,2.265808353709965,194.99593988874682,212.38285367149712
ETN,2010-04-08,26.133981024283123,2010-05-05,24.67987542708693,13362,25.172997049251766,0.48049198751567895,0.9609839750313576,-19429.758989735532,-19633.451414706495,-1.5131423988092463,stop_loss,27,-1.5131423988092463,104.76067633394133,98.93174863702066
SWK,2010-04-28,42.91969521099702,2010-05-05,40.59841815733221,16485,41.21439232947529,0.8526514407608667,1.7053028815217317,-38266.25222966436,-38679.29105932743,-1.3612110076266393,stop_loss,7,-1.3612110076266393,212.25935266598574,200.77947699708645
TMO,2010-04-29,53.13784053555616,2010-05-05,51.11303339824781,13377,50.93054613149906,1.1036472020285513,2.2072944040571016,-27085.845075773803,-27504.214257957552,-0.9173253615769008,stop_loss,6,-0.9173253615769008,213.24746785324038,205.12171433050827
ISRG,2009-09-28,28.49735812568664,2010-05-06,38.40267140579223,11216,26.69917983650848,0.8990891445890805,1.7981782891781606,111097.99374966431,110872.88853029678,5.508526790540173,trailing_stop,220,5.508526790540173,95.88791062131043,129.21730874620968
EL,2009-10-19,16.99008917907374,2010-05-06,25.669261956849464,38914,16.113346637001083,0.4383712710363275,0.8767425420726553,337741.3294743646,337243.31567733356,9.899340298074057,trailing_stop,199,9.899340298074057,198.34569909434262,299.66809793665203
EOG,2010-04-08,36.35072660856578,2010-05-06,36.494845434421585,19213,34.37974167773363,0.985492465416077,1.9709849308321523,2768.955001167595,2349.0804084690203,0.07312020685767423,trailing_stop,28,0.07312020685767423,209.5219530991123,210.3526395994626
CMI,2010-04-28,50.002455623977475,2010-05-06,47.68693729592521,14150,47.09163540967911,1.455410107149185,2.9108202142983686,-32764.584341939528,-33179.27581488451,-0.7954865493506276,stop_loss,8,-0.7954865493506276,212.2604241237844,202.43104882120252
MTD,2010-05-03,126.70658183288573,2010-05-06,119.89997664642334,5573,122.01183878245911,2.347371525213309,4.694743050426624,-37933.21070415491,-38345.512209276465,-1.4498355103468032,stop_loss,3,-1.4498355103468032,211.84073416640166,200.4607709551552
LUV,2009-12-14,9.46414409214174,2010-05-07,10.787769515289215,68832,8.85772395314725,0.3032100694972454,0.6064201389944905,91107.78512608695,90689.59121085894,2.1826871141551907,trailing_stop,144,2.1826871141551907,195.4307898450901,222.76312538291617
TSN,2010-02-08,10.904385829815286,2010-05-07,13.736973236379406,58014,10.35967450909425,0.27235566036051867,0.5447113207210368,164329.72580441082,163900.86266295097,5.200162542637467,trailing_stop,88,5.200162542637467,189.7821118592712,239.08102960059443
ASH,2010-02-18,17.85826286282216,2010-05-07,21.180185128387375,36068,16.64264887380501,0.6078069945085758,1.2156139890171502,119815.09227440624,119392.68065176216,2.732711449175623,trailing_stop,78,2.732711449175623,193.2335474808809,229.17807516320278
INTU,2010-02-22,28.6608598919313,2010-05-07,30.86731692366349,22580,27.503626471796817,0.5786167100672401,1.1572334201344816,49821.799776512904,49418.555906764064,1.9066654949143975,trailing_stop,74,1.9066654949143975,194.14866490794262,209.09520484089646
ZION,2010-04-22,20.99183706104865,2010-05-07,19.262122728595383,34445,19.215922368006225,0.8879573465212115,1.7759146930424237,-59580.01018135276,-59995.974474839044,-0.9739850338700623,stop_loss,15,-0.9739850338700623,216.91914827034623,199.04514521594038
FIS,2010-04-29,20.220913912202462,2010-05-07,21.75105456700007,35152,19.498996946243377,0.3609584829795435,0.7219169659590854,53787.504297445565,53344.88470665128,2.1195521465059044,trailing_stop,8,2.1195521465059044,213.24166975252228,229.377921041756
RMD,2010-05-03,28.133788459707674,2010-05-07,26.921452694046483,25101,26.89678092085415,0.6185037694267607,1.237007538853522,-30430.84005386155,-30845.422536321665,-0.9800552766111698,stop_loss,4,-0.9800552766111698,211.8558672381367,202.72661522197825
ESS,2010-05-05,65.85756125819645,2010-05-07,63.07877416896472,10526,62.64172222855581,1.6079195148203251,3.215839029640648,-29249.512901253234,-29656.668061265125,-0.8640939622970644,stop_loss,2,-0.8640939622970644,207.96500694113277,199.1901530707568
IEF,2010-05-07,64.52935689176896,2010-05-13,63.99410071563721,10497,63.7941520408873,0.36760242544083044,0.735204850881658,-5618.584080854938,-6023.317301206421,-0.7280367852440943,trailing_stop,6,-0.7280367852440943,203.20939778786962,201.52382256361315
DHR,2010-05-13,17.619325941361538,2010-05-18,17.12943126467457,38414,16.804457616747335,0.40743416230710067,0.8148683246142028,-18818.814110253235,-19219.265738047037,-0.6011948947934729,stop_loss,5,-0.6011948947934729,203.04863601343862,197.40299178036264
CPT,2010-05-13,27.873920247248332,2010-05-18,26.453580789479282,12140,25.97933071811997,0.94729476456418,1.8945895291283605,-17242.92101731626,-17440.781776092022,-0.7496818893655038,stop_loss,5,-0.7496818893655038,101.51681754047843,96.34394123528354
ICE,2010-05-11,20.922715348187303,2010-05-19,19.43168052798204,32287,19.56654341770227,0.6780859652425166,1.3561719304850328,-48141.04123996738,-48531.91795386355,-1.09944379963092,stop_loss,8,-1.09944379963092,202.65951313407706,188.21720076208683
VTR,2010-05-11,27.702636232376108,2010-05-20,25.730742941695958,24385,25.934631592726518,0.8840023198247939,1.7680046396495896,-48084.61789323545,-48475.50977858338,-1.115321332567866,stop_loss,9,-1.115321332567866,202.65863535794742,188.23324998997677
NEM,2010-05-12,41.60612245024371,2010-05-20,37.73405254357573,16234,39.13969715651346,1.2332126468651243,2.4664252937302464,-62859.18286484801,-63245.58538510291,-1.5699116922417804,stop_loss,8,-1.5699116922417804,202.6301375571769,183.7723826977225
GLD,2010-05-12,121.40127877807616,2010-05-20,116.02385939025879,5563,118.0942600131472,1.6535093824644786,3.307018764928955,-29914.584054428025,-30310.82286751716,-1.6260625566583056,stop_loss,8,-1.6260625566583056,202.6065941527313,193.63221893640292
SLV,2010-05-13,19.24922954177856,2010-05-20,17.322660152435304,35161,18.346802283997786,0.4512136288903882,0.9024272577807757,-67740.10629869826,-68125.87756275974,-2.134874997106164,stop_loss,7,-2.134874997106164,203.0466479755428,182.72461608593335
TT,2010-05-13,19.07418803449675,2010-05-21,16.89996229302883,35484,17.731727965057818,0.6712300347194666,1.342460069438932,-77150.22621024773,-77533.17823531429,-1.6195831749220058,stop_loss,8,-1.6195831749220058,203.04854646482482,179.9034786017505
AKAM,2010-05-18,41.88184015274047,2010-05-21,36.51344923782349,15970,38.70668347683356,1.587578337953456,3.175156675906912,-85733.20291122427,-86108.79474269447,-1.6907483513025783,stop_loss,3,-1.6907483513025783,200.6558961717796,174.93593529841235
HAS,2010-05-12,24.990335606365967,2010-05-24,23.715880258550182,27027,23.63208711706327,0.6791242446513481,1.3582484893026958,-34444.704685417215,-34839.61955427154,-0.9383079442776121,stop_loss,12,-0.9383079442776121,202.62414012997587,192.29072872435074
VRSN,2010-05-19,23.293635132691826,2010-05-26,22.07721799105167,28572,21.882362831677106,0.7056361505073595,1.4112723010147192,-34755.470570942576,-35144.371375578055,-0.8619294382562039,stop_loss,7,-0.8619294382562039,199.66372290338126,189.2370817320985
UHS,2010-05-18,39.0037300293385,2010-06-23,36.307472699476996,17148,36.24840738075301,1.3776613242927465,2.7553226485854907,-46235.42069246505,-46622.851643783164,-0.978563193405204,trailing_stop,36,-0.978563193405204,200.65078876292898,186.78016255518943
ICE,2010-06-17,21.16872449854611,2010-06-25,19.692539492810052,30951,19.717198922369043,0.7257627880885331,1.4515255761770653,-45689.40211253667,-46068.81120707561,-1.0169886290422365,stop_loss,8,-1.0169886290422365,196.5579575863502,182.85113695258917
MTB,2010-06-22,60.35235434044522,2010-06-25,55.874782469721545,10788,56.15936146864304,2.096496435901087,4.192992871802176,-48304.045341366975,-48680.2028469394,-1.0678701365879457,stop_loss,3,-1.0678701365879457,195.3243595874169,180.8331459850068
FFIV,2010-06-17,75.35527877807617,2010-06-30,69.03089847564698,8694,69.28221485036323,3.036531963856471,6.073063927712937,-54984.162349319384,-55360.75037683255,-1.0413821388524223,stop_loss,13,-1.0413821388524223,196.54163810897825,180.04638940418246
RNR,2010-06-21,50.56228942919287,2010-06-30,48.09496771182717,12918,48.64406607128614,0.9591116789533674,1.918223357906733,-31872.861944930195,-32255.198279254502,-1.286253609203351,stop_loss,9,-1.286253609203351,195.94909645389407,186.38723787041502
BALL,2010-06-22,11.93693765127637,2010-06-30,11.258383469160295,27272,11.403463404502341,0.2667371233870144,0.5334742467740288,-18505.529654669604,-18695.30449394857,-1.2719530253228888,stop_loss,8,-1.2719530253228888,97.66324908768276,92.11159019128186
NTAP,2010-05-28,27.637006582968358,2010-07-01,27.574460457416233,23544,25.450682274822334,1.0931621540730123,2.1863243081460233,-1472.5859799992184,-1862.5556139988628,-0.02860789010993654,trailing_stop,34,-0.02860789010993654,195.2057048968221,194.76392910282235
MCK,2010-05-13,60.98389863834402,2010-07-02,59.37426503885461,11098,58.0333877144386,1.4752554619527145,2.9505109239054264,-17863.71368713351,-18264.434157280375,-0.5455440230530756,stop_loss,50,-0.5455440230530756,203.03979212650256,197.6806780203625
MCHP,2010-07-27,10.577238792632263,2010-07-30,9.996843889545886,60449,10.025372795373393,0.27593299862943554,0.5518659972588704,-35084.291496668426,-35457.39631388492,-1.0516953499023505,stop_loss,3,-1.0516953499023505,191.81505233274828,181.28976488374778
SWKS,2010-07-27,15.242554504134617,2010-07-30,14.068631820781622,20973,14.074928530191848,0.5838129869713843,1.1676259739427692,-24620.68043796236,-24805.1034912001,-1.005392745237555,stop_loss,3,-1.005392745237555,95.90462868456459,88.51842455317589
CMS,2010-07-28,9.776476801760312,2010-08-02,9.519982116629055,32640,9.383829901349523,0.19632345020539455,0.39264690041078865,-8371.986522684216,-8560.937448413084,-0.6532451545215585,stop_loss,5,-0.6532451545215585,95.73126084283697,93.21966488603172
DTE,2010-07-28,23.69256159472153,2010-08-02,22.574413206035008,13468,22.813961048772516,0.43930027297450647,0.8786005459490127,-15059.222498830064,-15246.15958381504,-1.272647045169728,stop_loss,5,-1.272647045169728,95.72742586731287,91.20965911766383
CROX,2010-08-09,14.09407992362976,2010-08-13,13.166820304870605,45356,12.77147573942464,0.6613020921025602,1.3226041842051206,-42056.78726844025,-42427.720885669405,-0.7010862583324083,stop_loss,4,-0.7010862583324083,191.7753267048454,179.15829052431334
XLU,2010-07-28,9.086330531477548,2010-08-23,8.896366044449406,35119,8.79273362200768,0.14679845473493425,0.29359690946986916,-6671.362819941321,-6860.823116256314,-0.6470248183850091,stop_loss,26,-0.6470248183850091,95.730852580488,93.72944373450561
CMI,2010-07-28,54.27094073708213,2010-08-26,50.89522359609249,5879,50.06465106187476,2.1031448376036836,4.2062896752073655,-19845.84107187807,-20031.32263591249,-0.8025403387899614,stop_loss,29,-0.8025403387899614,95.71765817799175,89.76390585642832
CTSH,2010-08-04,26.56164894593387,2010-08-30,25.511055877150014,23968,24.908947067289706,0.8263509393220826,1.6527018786441658,-25180.614672611504,-25555.038249371406,-0.6356821410802397,stop_loss,26,-0.6356821410802397,190.9888805808429,183.43469617905947
TNL,2010-09-22,7.9098200564627374,2010-09-24,7.6530218591285095,40876,7.486850608405735,0.21148472402850108,0.4229694480570023,-10496.8831142339,-10687.727132076412,-0.6071317881560562,stop_loss,2,-0.6071317881560562,96.99654138839126,93.84747645412108
CRM,2010-09-21,30.281118436995826,2010-09-29,28.288445608215245,21455,28.507985297652333,0.886566569671747,1.7731331393434928,-42752.795541487365,-43129.778540464366,-1.1238145543421365,stop_loss,8,-1.1238145543421365,194.90441881972362,182.07858015727743
EXPE,2010-09-20,37.096496029125156,2010-10-05,36.23355394205272,17360,34.89872968324737,1.0988831729388937,2.1977663458777883,-14980.67463157744,-15362.577531827334,-0.39264505468973043,trailing_stop,15,-0.39264505468973043,193.19855131968382,188.70434893021059
GDXJ,2010-09-15,94.73176649698961,2010-10-20,95.13516931334011,6786,90.10801473494068,2.3118758810244597,4.623751762048926,2737.4915117545406,2350.9604038318716,0.08724577726286649,trailing_stop,35,0.08724577726286649,192.85493023457144,193.6761776880978
GLD,2010-09-15,124.09397122192381,2010-10-20,130.2296406097412,2590,121.48512249108045,1.30442436542168,2.6088487308433628,15891.383714447069,15693.774268053865,2.351868590646083,trailing_stop,35,2.351868590646083,96.4210156394348,101.18843075376893
EWZ,2010-10-06,39.79072659791608,2010-10-22,38.71708312927292,8267,38.40149641894077,0.6946150894876519,1.3892301789753034,-8875.810555272963,-9070.517774177366,-0.772833389953474,stop_loss,16,-0.772833389953474,98.68498103549166,96.02223786890977
EW,2010-09-24,11.327983269691465,2010-10-27,10.7009553937912,56722,10.652830192104055,0.33757653879370536,0.6751530775874102,-35566.275176814896,-35941.13281447592,-0.9287195699986817,stop_loss,33,-0.9287195699986817,192.7637601070318,182.0938775539873
MMM,2010-10-22,47.30979714367169,2010-10-29,44.37558374667723,6967,45.714902728997,0.797447207337344,1.594894414674691,-20442.66473686039,-20634.29635145931,-1.8397540112979496,stop_loss,7,-1.8397540112979496,98.88220700998819,92.74940758893008
MDLZ,2010-09-27,14.706420986973587,2010-11-08,14.436130381478472,44269,14.277245124747761,0.21458793111291313,0.4291758622258257,-11965.49481466323,-12352.528296622231,-0.6297898583888483,stop_loss,42,-0.6297898583888483,195.31156520170012,191.72191675730116
DVA,2010-09-30,34.64961668014526,2010-11-08,35.8041601524353,18765,33.389654704573914,0.6299809877856715,1.2599619755713434,21665.008257522673,21268.38872084366,0.9163319962624298,stop_loss,39,0.9163319962624298,195.06001710087773,201.5595195781345
CMS,2010-08-09,10.173584884064384,2010-11-15,11.043189662726256,31417,9.744327178707925,0.21462885267822993,0.42925770535645924,27320.373331220024,27120.403109439067,2.025833823855869,trailing_stop,98,2.025833823855869,95.88705489079521,104.08316689016124
VWO,2010-09-30,29.33178091723882,2010-11-15,30.46749297657341,11083,28.49590145141486,0.4179397329119802,0.835879465823961,12587.096753605265,12388.270147835728,1.358703145333367,trailing_stop,46,1.358703145333367,97.52523837172735,101.30136739780893
CCK,2010-10-20,29.08885744830986,2010-11-15,29.341880917856503,22553,28.12827802334503,0.480289712482415,0.9605794249648305,5706.438308685462,5311.101775973818,0.26340713008287464,trailing_stop,26,0.26340713008287464,196.81230060951967,198.5242321021253
BND,2010-05-07,50.21444623408744,2010-11-16,51.85158967586104,6744,49.80713897229743,0.2036536308950045,0.40730726179000953,11040.895371321176,10834.395367468167,4.019431017700944,trailing_stop,193,4.019431017700944,101.59386762080571,104.90613623220206
SLV,2010-09-15,20.040020458221434,2010-11-16,24.875099618911744,32080,19.337964133461917,0.35102816237975837,0.7020563247595177,155109.33947494513,154677.0763593228,6.887024573628785,trailing_stop,62,6.887024573628785,192.8651568899231,239.3979587324066
NTAP,2010-09-16,36.00673676943415,2010-11-17,38.64824244852039,17866,33.837288873596236,1.0847239479189545,2.169447895837912,47193.14046255483,46793.00470494244,1.2175935103829756,trailing_stop,62,1.2175935103829756,192.98890773681316,207.1468498755796
ORCL,2010-09-20,22.110016655652426,2010-11-17,22.23574179421754,29127,21.05722474759984,0.5263959540262937,1.052791908052587,3661.996110986028,3274.498439075219,0.11942069235474442,trailing_stop,58,0.11942069235474442,193.19953653875646,194.29813537205226
INCY,2010-09-29,15.825810420036314,2010-11-17,15.834150381088257,41155,14.692439570936859,0.566685424549727,1.133370849099455,343.2310970927238,-47.65860893836066,0.007358545579824941,trailing_stop,49,0.007358545579824941,195.39336835097834,195.49633768010614
KBR,2010-11-08,21.928816766592284,2010-11-17,21.09613999675642,31677,21.032478534541927,0.4481691160251785,0.8963382320503577,-26376.702038090654,-26785.57250470843,-0.9289760718240596,trailing_stop,9,-0.9289760718240596,208.39173861460313,200.47872800317592
F,2010-11-16,8.646495982803069,2010-11-19,8.041893262016927,79053,8.191165536238344,0.22766522328236202,0.45533044656472477,-47795.65888630686,-48191.43905679809,-1.3278328417254173,stop_loss,3,-1.3278328417254173,205.05943407855932,190.72073641266726
CAH,2010-11-19,24.705754313502716,2010-11-30,24.016573894862763,27676,23.696928739843166,0.5044127868297755,1.00882557365955,-19073.757266279346,-19478.289012927766,-0.6831512172514891,stop_loss,11,-0.6831512172514891,205.12693691415035,199.40480973426656
WEC,2010-09-21,17.308407241141975,2010-12-09,17.63256889411912,18767,16.797136238127962,0.25563550150700565,0.5112710030140128,6083.541741422104,5886.82055168297,0.6340309758741818,trailing_stop,79,0.6340309758741818,97.44806360835342,99.27312613078007
NKE,2010-09-27,16.217065741942562,2010-12-23,17.777965663836426,20072,15.576737987185478,0.3201638773785427,0.6403277547570845,31330.38323225363,31125.67875114059,2.4376577624469964,trailing_stop,87,2.4376577624469964,97.65268307168132,107.05179804135743
TPR,2010-10-27,32.317544934259416,2011-01-03,36.02752261570613,20644,30.609322798250577,0.8541110680044202,1.708222136008839,76588.77925578601,76165.50458343557,2.171835619760122,trailing_stop,68,2.171835619760122,200.14901928685543,223.1256530635912
AME,2010-12-01,24.151688314906252,2011-01-03,23.763848420846113,14398,23.255305784696017,0.4481912651051176,0.8963825302102357,-5584.1187946778855,-5791.085164054294,-0.4326723033850025,trailing_stop,33,-0.4326723033850025,104.32080250740607,102.64556686900269
BBWI,2010-11-19,12.489324589005518,2011-01-05,12.394390927570372,54749,11.766709584157079,0.36130750242421994,0.7226150048484392,-5197.523029912804,-5606.230592157908,-0.13137515938387861,trailing_stop,47,-0.13137515938387861,205.13340957703892,203.57415266806507
KO,2010-11-19,19.799036579811283,2011-01-05,19.95546578696368,17268,19.39953081508107,0.19975288236510583,0.39950576473021115,2701.2195491075713,2495.2753250467304,0.3915568208584762,trailing_stop,47,0.3915568208584762,102.56692909805437,103.37729496278664
DKS,2010-11-17,23.931341311928392,2011-01-07,25.37000216779176,28088,22.566627815425637,0.6823567482513777,1.3647134965027554,40409.10611949029,39993.673278792776,1.0541852627310508,trailing_stop,51,1.0541852627310508,201.65505443083342,213.7777862666805
NOV,2010-11-19,44.37716918459422,2011-01-07,46.16371952331489,15408,41.803445556203734,1.2868618141952435,2.573723628390489,27527.167619008018,27108.651415044576,0.6941500318889747,trailing_stop,49,0.6941500318889747,205.12902683886833,213.38717712457077
CLF,2011-01-05,71.25554534229848,2011-01-10,68.32209470201997,5140,67.48247117286874,1.8865370847148644,3.7730741694297336,-15077.936291031532,-15293.165011979872,-0.7774696463817123,stop_loss,5,-0.7774696463817123,109.87605091782424,105.35267003051477
DOV,2010-12-23,29.976645185149234,2011-01-11,29.31242141155753,12362,28.860497601575485,0.5580737917868743,1.116147583573749,-8211.134289140648,-8431.013721521194,-0.595103894294115,stop_loss,19,-0.595103894294115,111.17138633364446,108.70804604690227
MSI,2011-01-05,30.50797152365786,2011-01-20,28.967096053749856,24011,28.979793689409547,0.7640889171241566,1.5281778342483143,-36997.960907961125,-37426.377662241466,-1.0083090039490967,stop_loss,15,-1.0083090039490967,219.75807127636466,208.65868300397634
PH,2010-10-20,58.18580751574423,2011-01-21,66.69091984989328,5637,55.268264995687204,1.4587712600285134,2.917542520057026,47943.318227598174,47732.13919395015,2.91516311268115,trailing_stop,93,2.91516311268115,98.39801908987506,112.78101455815452
DECK,2010-11-08,10.475465152740478,2011-01-21,12.57574479675293,66311,9.728185322204283,0.37363991526809726,0.7472798305361952,139271.64347410976,138813.0788392215,2.8105664815085944,trailing_stop,74,2.8105664815085944,208.39157092301213,250.17306396524506
ETN,2010-11-15,32.183844559758434,2011-01-21,35.4336809521613,10613,30.961026516561667,0.6114090215983828,1.2228180431967672,34490.51363257165,34275.226193094255,2.6576614652388875,trailing_stop,67,2.6576614652388875,102.47014269381489,112.81729678358636
CNX,2011-01-04,40.88129370507667,2011-01-21,40.43609248065819,18134,38.82552499934709,1.0278843528647914,2.0557687057295837,-8073.279003604768,-8515.661847932402,-0.2165619231276715,stop_loss,17,-0.2165619231276715,222.40241401435807,219.98043031327668
NFG,2011-01-07,43.483440387522535,2011-01-21,42.333036981558365,16883,42.17799007424542,0.6527251566385581,1.3054503132771131,-19422.260702893076,-19856.912579119733,-0.8812310926459359,stop_loss,14,-0.8812310926459359,220.23927721876288,214.41259900789493
SWKS,2011-01-11,25.167205435045187,2011-01-21,24.52547417596036,29152,23.81959678078712,0.6738043271290344,1.3476086542580674,-18707.749664840914,-19142.341963646923,-0.47620001330292483,stop_loss,10,-0.47620001330292483,220.1023118527312,214.4899869532789
CIEN,2011-01-07,24.114090152740477,2011-01-27,23.606369161605834,30445,22.726285698050805,0.6939022273448356,1.3878044546896717,-15457.565575094226,-15893.420390241808,-0.36584476250883313,trailing_stop,20,-0.36584476250883313,220.24604241005517,215.6087727375269
CHRW,2010-07-29,45.44955204652737,2011-01-31,53.590978690215934,7019,43.312971003834164,1.068290521346606,2.1365810426932086,57144.67361205001,56936.12396647765,3.810492783098978,trailing_stop,186,3.810492783098978,95.70312174437268,112.84652382798768
GWW,2010-09-14,89.48671292569367,2011-01-31,102.16008248891828,7173,85.93880432293176,1.7739543013809538,3.5479086027619076,90906.07987701014,90493.67513795743,3.572067655113463,trailing_stop,139,3.572067655113463,192.5664575448002,219.83828150790325
EMR,2010-09-27,35.041754547324395,2011-01-31,37.6975053648133,9289,33.52297622568434,0.7593891608200265,1.518778321640056,24669.269343654465,24466.56684805731,1.7486099055068745,trailing_stop,126,1.7486099055068745,97.6508573970289,105.05163820012524
A,2010-12-13,24.41785595751098,2011-01-31,26.05732999591036,14909,23.377329464730263,0.5202632463903593,1.0405264927807174,24442.918438496377,24217.15807428251,1.5756196980799866,trailing_stop,49,1.5756196980799866,109.21374434115936,116.54661987270829
FISV,2010-11-22,13.983970267295836,2011-02-07,15.0474375,24678,13.513209236068139,0.235380515613849,0.4707610312276973,26244.244368673328,26029.31324440893,2.259038370127509,trailing_stop,77,2.259038370127509,103.528925476898,111.40219878750001
WMT,2011-01-21,13.687445799873508,2011-02-11,13.509266013189258,53375,13.377239984702271,0.15510290758561868,0.310205815171237,-9510.346114271859,-9945.833462178527,-0.574392155046781,trailing_stop,21,-0.574392155046781,219.17022587047452,216.31712203619298
IBM,2011-01-20,85.62272120976593,2011-02-24,88.62135078619295,8645,83.65111485914558,0.9858031753101718,1.9716063506203483,25923.152688211598,25471.25068749008,1.5209068359328062,trailing_stop,35,1.5209068359328062,222.06252745752792,229.83947326399144
WY,2011-01-24,12.902397431562461,2011-02-24,13.473393383827345,56730,12.368590597820603,0.26690341687092867,0.533806833741858,32392.600371986857,31943.71078809974,1.0696677452822005,trailing_stop,31,1.0696677452822005,219.5859018877615,229.30368199935756
GE,2011-01-24,71.06084227249573,2011-02-24,72.09043571767033,10300,68.31166934290138,1.374586464797176,2.7491729295943514,10604.812485298358,10162.475036308746,0.3745102514618887,trailing_stop,31,0.3745102514618887,219.5780026220118,222.7594463676013
DOV,2011-01-31,31.874674101431143,2011-02-24,32.43390484455918,22955,30.510254372043278,0.6822098646939324,1.3644197293878655,12837.141708504085,12394.280679592523,0.40986708934422295,trailing_stop,24,0.40986708934422295,219.50494319950556,223.3560857120568
EBAY,2011-02-11,12.772682168328126,2011-02-24,12.232501845558005,59869,12.118139942974395,0.32727111267686604,0.6545422253537314,-32340.055743924386,-32789.16635244259,-0.8252795646273148,trailing_stop,13,-0.8252795646273148,229.40631262069098,219.70429589751367
RVTY,2011-02-25,25.56651081047923,2011-03-01,24.716325019072897,29174,24.51524247479124,0.5256341678439954,1.0512683356879897,-24803.320278488336,-25243.40571423574,-0.8087238648255667,stop_loss,4,-0.8087238648255667,223.7632159154763,216.32221983192983
RTX,2010-12-02,34.42143365374605,2011-03-02,36.23872095103849,10356,33.267050081763884,0.5771917859910822,1.1543835719821658,18819.82725076049,18600.300282434342,1.57424909830622,trailing_stop,90,1.57424909830622,106.94051007545823,112.58645825068636
ORCL,2011-01-21,26.33958418690674,2011-03-02,25.566436064256973,27736,25.520412040914284,0.4095860729962288,0.8191721459924572,-21444.03632981398,-21875.93594311986,-0.9438164205559884,trailing_stop,40,-0.9438164205559884,219.16641210241363,212.7332012034694
EOG,2011-02-24,40.32315804825204,2011-03-02,37.17320686007139,18438,38.42297731096457,0.950090368643736,1.9001807372874708,-58078.80000767485,-58507.46340052875,-1.6577113568034805,stop_loss,6,-1.6577113568034805,223.04351642810136,205.61987642579888
ATI,2011-01-27,57.91704436005365,2011-03-03,57.43864341200062,12777,54.0341530336628,1.9414456631954267,3.8828913263908547,-6112.528913273548,-6554.69880007261,-0.12320740083593895,trailing_stop,35,-0.12320740083593895,222.00182273652163,220.16806406253957
XOM,2011-02-24,48.71185196941678,2011-03-03,47.644482188225204,15263,47.22507013731986,0.743390916048459,1.4867818320969164,-16291.264970326978,-16732.470988801404,-0.7179061232448501,stop_loss,7,-0.7179061232448501,223.0466989827625,218.15931949166438
VNO,2011-03-01,38.95175940908122,2011-03-03,37.4691060633935,19448,37.626849264906305,0.6624550720874581,1.3249101441749147,-28834.642266934836,-29280.512164447442,-1.1190595469484026,stop_loss,2,-1.1190595469484026,227.26014509634348,218.609752416263
KLAC,2011-03-04,29.641561614819093,2011-03-08,28.64156215572603,25715,28.178658897748903,0.7314513585350939,1.4629027170701896,-25714.98609057807,-26164.61124890594,-0.6835720840657113,stop_loss,4,-0.6835720840657113,228.6698270775219,220.95533125034845
VRTX,2011-02-24,43.743700763702385,2011-03-09,46.483468780517576,16997,41.41565906332509,1.1640208501886504,2.328041700377298,46567.8369818078,46107.75962158487,1.1768552154246916,trailing_stop,13,1.1768552154246916,223.05350456419484,237.0238556587372
ILMN,2010-09-17,47.71303631210326,2011-03-10,62.81649608230591,13486,45.176921012240385,1.2680576499314387,2.536115299862878,203685.2584609529,203238.0780787916,5.955352176227657,trailing_stop,174,5.955352176227657,193.03740231150738,254.14297984979325
BALL,2010-11-01,13.833007577205256,2011-03-11,14.968239346633615,24445,13.36955752938076,0.23172502391224786,0.4634500478244963,27750.740603676222,27539.52665936025,2.449523470236557,trailing_stop,130,2.449523470236557,101.44436106743476,109.76958324853761
FLR,2010-11-19,49.10249470470811,2011-03-11,56.8684272534168,13925,46.33054400387068,1.385975350418715,2.7719507008374293,108140.61074076852,107697.91721428845,2.8016127943265867,trailing_stop,112,2.8016127943265867,205.12567162891813,237.56785485114864
COP,2011-01-31,31.94460009398065,2011-03-11,33.27389253760651,22904,30.937109365320822,0.5037453643299133,1.0074907286598282,30446.11412880662,29997.98482223646,1.319409108006474,trailing_stop,39,1.319409108006474,219.49773616575985,228.63157040440183
DVN,2011-02-01,57.02678072081909,2011-03-11,55.11370506887403,6472,54.72943541004525,1.148672655386921,2.297345310773842,-12381.42561938841,-12599.157586597677,-0.8327331737955637,trailing_stop,38,-0.8327331737955637,110.72319744754236,107.00876976172584
VIG,2011-02-09,40.22143071307213,2011-03-11,39.76556279793876,9441,39.62705835907128,0.29718617700042566,0.5943723540008534,-4303.8489867741255,-4530.396148495362,-0.7669736185823899,trailing_stop,30,-0.7669736185823899,113.91915820863419,112.62800351260195
CVX,2011-02-24,55.78160276611315,2011-03-11,52.9754805483352,13328,54.16778506038922,0.8069088528619665,1.6138177057239318,-37399.99691854457,-37834.85124046906,-1.7388099088423214,stop_loss,15,-1.7388099088423214,223.03716050002683,211.81716142446348
ICE,2011-03-08,22.819041695413375,2011-03-11,21.79137417369247,32922,21.78273420081364,0.5181537472998688,1.0363074945997361,-33832.8701500956,-34273.469383468415,-0.9916627324188471,stop_loss,3,-0.9916627324188471,225.37454720891975,215.22468616389105
BX,2011-03-04,8.506817086087331,2011-03-14,8.026031965953655,89603,8.018610139952479,0.24410347306742625,0.48820694613485216,-43079.7891193378,-43524.206981420815,-0.9847977869632241,stop_loss,10,-0.9847977869632241,228.67089940940497,215.7469626736036
ADI,2010-09-29,22.104821412187384,2011-03-16,26.675501987723177,29465,20.92330481081966,0.590758300683862,1.1815166013677256,134675.10315816212,134243.9094894686,3.8684861221964764,trailing_stop,168,3.8684861221964764,195.39556887303036,235.798099820479
TSN,2011-03-10,14.467601734908266,2011-03-16,14.023408068861025,51792,13.751442370816825,0.3580796820457203,0.7161593640914408,-23005.678351918694,-23448.360265845742,-0.6202441639658923,stop_loss,6,-0.6202441639658923,224.7918087163107,217.8901052107351
XLP,2011-03-10,19.766330522537228,2011-03-16,19.355007595821792,18954,19.442092383960183,0.1621190692885226,0.3242381385770443,-7796.21475296436,-8018.666505772973,-1.2685828031229527,stop_loss,6,-1.2685828031229527,112.39530861725117,110.05644419136188
SBUX,2011-03-11,14.016607304627861,2011-03-16,13.08477800533921,52288,13.312621001460657,0.3519931515836021,0.7039863031672038,-48723.490401204996,-49148.613571731265,-1.3236469162771942,stop_loss,5,-1.3236469162771942,219.8701088233145,205.253061702953
TXN,2010-10-06,18.668785895143404,2011-03-17,22.04592568292882,17621,17.764595739723426,0.4520950777099887,0.9041901554199789,59508.58020056683,59293.35002075166,3.7349884507610023,trailing_stop,162,3.7349884507610023,98.68880287749658,116.54137693766663
CBRE,2011-03-14,27.026999999999997,2011-03-17,25.91406053352356,27178,25.468920871061115,0.7790395644694403,1.558079128938882,-30247.468819896603,-30679.118462850634,-0.7143022750291225,stop_loss,3,-0.7143022750291225,220.3619418,211.287701154031
CNX,2011-03-18,44.51819631057286,2011-03-30,42.307176477074606,16211,41.435378618204176,1.5414088461843436,3.0828176923686854,-35842.84252084022,-36265.100356318384,-0.717207455689479,stop_loss,12,-0.717207455689479,216.50534411720898,205.75249136095695
UHS,2011-03-02,44.1725482438369,2011-04-12,43.814005614108424,16790,41.82597768206574,1.1732852808855783,2.346570561771159,-6019.930753141104,-6463.119024923575,-0.15279430994730134,trailing_stop,41,-0.15279430994730134,222.49712550420648,220.69114627826414
IRM,2011-03-24,11.571029244009887,2011-04-21,12.261986244184586,63061,11.00583432997873,0.28259745701557815,0.5651949140311565,43572.43938801666,43121.55925110635,1.2225110011103344,trailing_stop,28,1.2225110011103344,218.90420254695223,231.97593436335725
JCI,2011-04-12,16.330658444981818,2011-04-21,16.475360256958222,46804,15.68985147565715,0.3204034846623337,0.6408069693246681,6772.623607743606,6311.987737945926,0.22581185739740287,trailing_stop,9,0.22581185739740287,229.3020413576787,231.33382844000178
NSC,2011-03-14,46.66217092841965,2011-04-25,47.01452807437575,15742,45.05795516422815,0.802107882095749,1.6042157641915011,5546.806191640901,5104.408612930299,0.2196444853748714,trailing_stop,42,0.2196444853748714,220.36676842655464,222.03081028404694
PII,2011-04-21,37.694418126491264,2011-04-26,36.23527425169706,20792,35.557804921113366,1.0683066026889485,2.1366132053778983,-30338.51944472117,-30799.663293899357,-0.6829237370252667,stop_loss,5,-0.6829237370252667,235.1227025058019,226.02114667238556
RGLD,2011-04-25,51.386288305592814,2011-04-27,49.15862359808879,15518,49.026820174338916,1.1797340656269504,2.359468131253898,-34568.90093104747,-35036.97771392387,-0.9441385022310822,stop_loss,2,-0.9441385022310822,239.2237265778568,228.85305629854253
SLV,2011-04-26,44.74470076370239,2011-05-03,42.65730076217651,17772,42.634470351349094,1.0551152061766487,2.110230412353296,-37097.272827117915,-37563.26533845329,-0.9891810815095035,stop_loss,7,-0.9891810815095035,238.56084659175565,227.4316647436203
LULU,2011-03-30,45.12007576370239,2011-05-04,46.36858591461181,16454,41.85884980570633,1.6306129789980317,3.2612259579960607,20542.986023063677,20091.379691287184,0.3828346048357233,trailing_stop,35,0.3828346048357233,222.72171798478774,228.88461379170684
CRL,2011-03-21,39.69965984725952,2011-05-05,40.20975,18197,37.908496147896344,0.8955818496815862,1.7911636993631745,9282.110509418542,8845.87705012137,0.284781426131982,trailing_stop,45,0.284781426131982,216.72441307217443,219.509046225
WCC,2010-11-19,46.057274216215006,2011-05-06,56.036508846914906,14846,43.801471103826366,1.1279015561943189,2.255803112388641,148151.71732737072,147697.01203636415,4.423805684057691,trailing_stop,168,4.423805684057691,205.1298879041784,249.57540310238957
IFF,2011-03-21,42.851712391327844,2011-05-16,44.52935042064808,16858,41.19829138006905,0.826710505629397,1.6534210112587928,28281.621898280522,27839.700911215237,1.0146466132319227,trailing_stop,56,1.0146466132319227,216.71825024790144,225.20273681738558
BKNG,2010-08-05,10.9855560752833,2011-05-17,19.608101767023086,58002,10.174047286514357,0.40575439438447153,0.8115087887689434,500124.89521229104,499592.5472096402,10.62532631941074,trailing_stop,285,10.62532631941074,191.1552670435746,341.1927356072619
CAR,2011-03-25,16.976374307129802,2011-05-17,16.657708212365975,43432,15.749691465856106,0.6133414206368479,1.2266828412736963,-13840.30582778255,-14278.544469378572,-0.25977871707486194,trailing_stop,53,-0.25977871707486194,221.19536667217844,217.0432749238437
CAT,2010-09-22,52.01526311308439,2011-05-18,71.03209598879234,12432,49.51438787113048,1.2504376209769543,2.5008752419539064,236417.2663108012,235958.34888029486,7.604070989502981,trailing_stop,238,7.604070989502981,193.99612530655952,264.92130519979986
DKS,2011-03-09,28.664622649721757,2011-05-18,28.20714438726951,26267,27.159939178482258,0.7523417356197495,1.504683471239499,-12016.58151983321,-12464.736731261404,-0.3040362117325552,trailing_stop,70,-0.3040362117325552,225.8800929420724,222.27511848612247
HON,2011-03-29,37.892838162032405,2011-05-18,38.396901146214084,9727,36.33047041047144,0.7811838757804799,1.5623677515609629,4903.020647135197,4680.399558859803,0.3226276167554468,trailing_stop,50,0.3226276167554468,110.57509104062677,112.0459972347673
PSKY,2011-05-05,20.479552794398376,2011-05-18,19.87597142287521,38121,19.26601184780846,0.6067704732949573,1.2135409465899158,-23009.125463834618,-23470.64334544062,-0.497372069083657,stop_loss,13,-0.497372069083657,234.21030962257814,227.30757198342778
WSM,2011-03-16,13.928884699583172,2011-05-20,14.546699693741974,52281,13.077074100532998,0.42590529952508704,0.8518105990501734,32299.98570961635,31853.36610131612,0.7252962041652312,trailing_stop,65,0.7252962041652312,218.46480629367232,228.15480200655725
BND,2011-05-17,53.03323020335319,2011-05-20,52.777928381898576,14762,52.76060408175385,0.13631306079967073,0.27262612159934463,-3768.7654883130363,-4237.360785223682,-0.9364539977200387,stop_loss,3,-0.9364539977200387,234.86296327856994,233.732333632076
IP,2011-05-03,16.350035283755574,2011-05-24,15.539844612389206,48613,15.468287805886625,0.440873738934474,0.8817474778689487,-39385.799107133214,-39850.8779265506,-0.9188465991697267,stop_loss,21,-0.9188465991697267,238.44727957476294,226.63153984262297
A,2011-05-16,33.06609526403166,2011-05-24,31.134739815380936,23967,31.36820835991295,0.8489434520593562,1.697886904118711,-46288.796037811895,-46750.40646211638,-1.1375053567853475,stop_loss,8,-1.1375053567853475,237.74853155791402,223.86189274657042
ADI,2011-05-19,30.454530331036597,2011-05-24,29.360863526772558,25883,29.16623264497693,0.6441488430298337,1.2882976860596678,-28307.377894766127,-28771.83844653263,-0.8489239840281648,stop_loss,5,-0.8489239840281648,236.47638256746606,227.98416919903624
BIIB,2011-03-02,69.79973336029052,2011-05-25,94.44546091461181,10625,67.45113446365019,1.1742994483201592,2.3485988966403255,261860.85526466378,261337.32370791252,10.493800192777512,trailing_stop,84,10.493800192777512,222.48665008592602,301.0449066653252
XEL,2011-05-18,15.342625026817732,2011-05-26,14.912206901014043,25379,14.980666730153162,0.18097914833228493,0.3619582966645698,-10923.581614771818,-11153.932828620751,-1.1891373392182838,stop_loss,8,-1.1891373392182838,116.81414416668217,113.53706968225062
DLTR,2011-05-20,31.71668446540832,2011-05-26,30.71925,24735,30.517484604202,0.5995999306031596,1.1991998612063206,-24671.54150187484,-25134.847353575402,-0.8317499840309893,stop_loss,6,-0.8317499840309893,235.35365707556247,227.952194625
EQR,2011-06-01,31.381566662662735,2011-06-02,30.444660197868476,12321,30.482654210971376,0.44945622584567974,0.8989124516913591,-11543.624552730062,-11772.152835074645,-1.0422666445785809,stop_loss,1,-1.0422666445785809,115.99568485520025,112.53259748938126
ULTA,2011-03-14,45.21969693039741,2011-06-03,49.387394975370576,16244,41.83756308928851,1.6910669205544502,3.382133841108903,67700.08704254408,67239.04776226889,1.2322688103929966,trailing_stop,81,1.2322688103929966,220.3646270812127,240.6746531939759
AEP,2011-05-18,22.25654531801522,2011-06-03,21.576961504420062,34991,21.669142388150153,0.29370146493253413,0.5874029298650676,-23779.317221508187,-24239.45069267534,-1.1569295606871857,stop_loss,16,-1.1569295606871857,233.6336331668012,226.49983800034872
SPG,2011-06-01,57.6523767868146,2011-06-03,55.147536219164,6706,55.920723450487024,0.8658266681637887,1.7316533363275752,-16797.4608466649,-17024.39171165033,-1.4465023195478417,stop_loss,2,-1.4465023195478417,115.98505161971362,110.94581336571416
WAT,2011-04-27,98.42833183288573,2011-06-06,93.68621878051758,8088,94.52240236637033,1.9529647332577036,3.9059294665154027,-38354.21036755363,-38820.35711316199,-1.2140805646955872,stop_loss,40,-1.2140805646955872,238.82650435931393,227.32024124904783
TTWO,2011-05-18,17.05704091644287,2011-06-06,16.083900381088256,45657,15.929249589190555,0.5638956636261571,1.1277913272523143,-44430.67742268556,-44884.612209731975,-0.8628728664951844,stop_loss,19,-0.8628728664951844,233.63199513660962,220.30279190980397
TMO,2011-05-20,62.00203856383307,2011-06-06,59.373551997583924,12653,59.84817671584322,1.0769309239949225,2.1538618479898446,-33258.24052275042,-33718.97012696251,-1.220359870667776,stop_loss,17,-1.220359870667776,235.35353818445392,225.3760660276288
CVS,2011-05-31,26.721079759161366,2011-06-06,25.841778763426355,28899,25.927740625721867,0.3966695667197489,0.793339133439499,-25410.919475746097,-25866.623690279375,-1.1083544964217602,stop_loss,6,-1.1083544964217602,231.66374518800126,224.04046934527744
AVB,2011-06-01,81.15888043543174,2011-06-06,79.84709961295384,9528,78.53553723131263,1.3116716020595571,2.6233432041191094,-12498.647676569428,-12958.867169939733,-0.5000416340561821,stop_loss,5,-0.5000416340561821,231.98454383663804,228.23494953366722
SGI,2011-01-24,10.366238783634891,2011-06-07,13.624721392648757,70609,9.760347899964795,0.3029454418350479,0.6058908836700958,230078.19853986005,229570.00522773387,5.378002371113561,trailing_stop,134,5.378002371113561,219.5849262821028,288.6083858440608
TMUS,2011-03-04,24.0026595856407,2011-06-07,27.360884567548364,31756,22.689059073799218,0.6568002559207403,1.3136005118414822,106643.7925254598,106154.4623130212,2.5565040144510203,trailing_stop,95,2.5565040144510203,228.6685373404818,260.66167509811976
ALB,2011-04-21,52.45146174095952,2011-06-07,53.30296552267253,7471,49.81624203753779,1.3176098517108674,2.6352197034217326,6361.584753177871,6124.5573553518925,0.3231243985491461,trailing_stop,47,0.3231243985491461,117.55946120001259,119.46793662596595
FE,2011-05-04,21.725010523398403,2011-06-07,22.65599454993118,36271,21.030235492789156,0.3473875153046233,0.6947750306092466,33767.72162637034,33284.79859586591,1.3399791090885904,trailing_stop,34,1.3399791090885904,236.39635700825505,246.52667349616615
ROST,2011-05-06,17.068843941726225,2011-06-07,16.820389509977414,45688,16.426506378781898,0.3211687814721639,0.6423375629443271,-11351.386077739702,-11815.885467122132,-0.3867972948833224,trailing_stop,32,-0.3867972948833224,233.95240260287636,230.54698677955443
AZO,2011-05-25,294.7344424438476,2011-06-07,284.715,2597,284.3118687164887,5.211286863679463,10.422573727358952,-26020.492026672353,-26471.941087280356,-0.9613213305986896,stop_loss,13,-0.9613213305986896,229.62760410800172,221.82145649999998
TPR,2011-05-27,42.03999705341927,2011-06-07,39.963789680953624,18421,40.083237151538626,0.9783799509403212,1.9567599018806447,-38245.816008189664,-38698.99353481983,-1.0610434987298136,stop_loss,11,-1.0610434987298136,232.3256357163109,220.851890913854
ASH,2011-06-01,26.37888349962698,2011-06-07,24.87921736383109,29315,24.94448746344112,0.7171980180929303,1.4343960361858592,-43962.71277085655,-44413.50213890023,-1.0455035415348672,stop_loss,6,-1.0455035415348672,231.98909093746943,218.80027710621255
VRSN,2010-08-11,24.407240863148246,2011-06-09,33.606042101002764,26154,23.116607543894887,0.64531665962668,1.2906333192533594,240585.44757484706,240130.2637540537,7.127354532560875,trailing_stop,302,7.127354532560875,191.50409326043376,263.67972753288785
IPGP,2011-05-27,74.96488938903808,2011-06-09,66.14378908538818,10330,68.11563628766542,3.424626550686328,6.849253101372653,-91121.96613670346,-91559.26193129571,-1.2878922961515424,stop_loss,13,-1.2878922961515424,232.31619221662896,204.979602375618
NLY,2011-06-09,11.698965844207816,2011-06-13,11.49897714156972,63003,11.521330207199643,0.08881781850408686,0.17763563700817286,-12599.888232307989,-13038.350232887873,-1.1258366057982787,stop_loss,4,-1.1258366057982787,221.12098352478753,217.34101705509514
AGG,2011-06-09,71.81636217264004,2011-06-15,71.32645508911942,10263,71.42921149398076,0.19357533932963772,0.38715067865928177,-5027.916398172126,-5468.638818239357,-1.2654170857124365,stop_loss,6,-1.2654170857124365,221.11539749334142,219.6070225738898
CNP,2011-03-21,9.936144181449462,2011-06-16,10.89142562888842,72706,9.554383546962253,0.19088031724360427,0.3817606344872093,69454.6929174969,69000.40613030778,2.502304745805226,trailing_stop,87,2.502304745805226,216.72518965693936,237.56159753218842
DLR,2011-06-08,34.98244773966608,2011-06-16,33.80592978262601,21143,33.845723442937285,0.568362148364395,1.1367242967287936,-24875.11916569818,-25311.436965484325,-1.035007310414488,stop_loss,8,-1.035007310414488,221.89016776792798,214.4276320182185
MCO,2011-06-10,35.14434263401906,2011-06-17,32.31379193268306,20938,33.73716429166273,0.703589171178165,1.4071783423563318,-59266.07058457319,-59689.80211104047,-2.0115081479979438,stop_loss,7,-2.0115081479979438,220.75567382132738,202.97585264595537
CL,2011-06-20,30.997334257083534,2011-06-24,30.288069664077522,23511,30.218135668228594,0.38959929442746893,0.7791985888549391,-16675.519846164338,-17107.784185641463,-0.9102488160923159,stop_loss,4,-0.9102488160923159,218.6334977154873,213.63084176163798
DINO,2011-06-22,17.397307087665567,2011-06-27,15.421265738415281,42217,15.925898733704265,0.7357041769806504,1.4714083539613014,-83422.53764129932,-83838.18814799892,-1.342959175085842,stop_loss,5,-1.342959175085842,220.33863399599315,195.31187270360337
BMY,2011-06-24,17.66795437579943,2011-06-28,17.222875246544675,41531,17.14767754675908,0.2601384145201748,0.5202768290403483,-18484.5813170792,-18919.29663059287,-0.8554659835143986,stop_loss,4,-0.8554659835143986,220.13034395439783,214.58496955927404
DGX,2011-06-20,45.395076277836004,2011-06-29,44.48092420544067,16054,44.24472967253344,0.5751733026512845,1.1503466053025662,-14675.79737023466,-15108.658163762218,-0.7946753336616229,stop_loss,9,-0.7946753336616229,218.6317663693138,214.22902715824335
MKC,2011-06-30,18.98196464020839,2011-07-01,18.44990584726576,38555,18.53870426712225,0.2216301865430698,0.4432603730861402,-20513.526761903027,-20946.482491896397,-1.2003301563779343,stop_loss,1,-1.2003301563779343,219.55489401097032,213.40083598239943
ILMN,2011-07-06,76.32137757873534,2011-07-11,73.45759680175782,9751,72.79881137442926,1.7612831021530369,3.5225662043060737,-27924.726356307805,-28362.874790063062,-0.8129813922238744,stop_loss,5,-0.8129813922238744,223.26292583107445,214.88550792418215
PII,2011-07-07,42.13338130804098,2011-07-12,39.17267762530637,17719,39.8991401577949,1.1171205751230389,2.2342411502460777,-52460.70855437457,-52892.907171846564,-1.325149562485017,stop_loss,5,-1.325149562485017,223.96841501915344,208.23020245284107
GPC,2011-07-07,37.53379111246015,2011-07-12,36.18713666932874,19891,36.40897363978776,0.5624087363361949,1.1248174726723903,-26786.303528326942,-27226.218420679208,-1.1972204165107545,stop_loss,5,-1.1972204165107545,223.97539170538346,215.9395006468854
LIN,2011-06-30,82.02075716683368,2011-07-15,81.00723037141584,8922,79.2526293667767,1.3840639000284847,2.7681278000569733,-9042.686068717894,-9479.046780162773,-0.36614161939957085,trailing_stop,15,-0.36614161939957085,219.536758632747,216.8239528121317
BDX,2011-07-05,53.401536837101375,2011-07-15,52.344843808059785,13848,51.943092090197396,0.7292223734519876,1.4584447469039787,-14633.085066167934,-15072.397829920192,-0.7245341527574238,stop_loss,10,-0.7245341527574238,221.85134463605397,217.4614191162036
ACN,2011-06-29,45.078324186880266,2011-07-19,45.917417486375754,16244,43.23238599010347,0.9229690983884004,1.8459381967767996,13630.231557004709,13186.791108682599,0.4545619679795523,trailing_stop,20,0.4545619679795523,219.67568942750492,223.76475889460636
BALL,2011-07-11,17.199509303683268,2011-07-19,16.571019904892783,43508,16.663930557303978,0.2677893731896447,0.53557874637929,-27344.31676257643,-27785.10321801845,-1.1734771087152083,stop_loss,8,-1.1734771087152083,224.4948752353955,216.29158020662257
ULTA,2011-06-14,57.831320526909906,2011-07-28,61.32177476879171,12695,53.58298506794189,2.124167729484007,4.248335458968015,44311.31660068953,43857.522037255854,0.8216051381991598,trailing_stop,44,0.8216051381991598,220.25058422673638,233.54397920694322
COO,2011-07-01,19.77884639024623,2011-07-28,19.117286627420533,36951,19.001455692750618,0.3886953487478066,0.777390697495612,-24445.294796172308,-24876.47009951305,-0.8510003592234014,stop_loss,27,-0.8510003592234014,219.2544458897965,211.92085745094485
JAZZ,2011-07-15,37.61758183288574,2011-07-28,34.545421829223635,19362,35.00989522120478,1.3038433058404821,2.607686611680961,-59483.16199090569,-59902.32801397742,-1.1781170290557792,stop_loss,13,-1.1781170290557792,218.5054858345001,200.6605372372284
DRI,2011-07-05,29.47264516836471,2011-07-29,27.97514011337139,25091,28.281337333489176,0.5956539174377673,1.1913078348755342,-37573.89933483745,-38006.32604898866,-1.2570261112651702,stop_loss,24,-1.2570261112651702,221.8494419758317,210.57727217538044
MCD,2011-06-29,56.93238079295238,2011-08-02,57.91582188987792,12861,55.593491512401556,0.6694446402754115,1.3388892805508235,12648.035947559354,12204.91712714819,0.7345201064877805,trailing_stop,34,0.7345201064877805,219.66220481344814,223.45661559771597
AN,2011-07-08,38.91888106918334,2011-08-02,37.09287106704712,19260,36.9635859042729,0.9776475824552223,1.9552951649104457,-35168.95264114364,-35608.148544986776,-0.933879464801855,stop_loss,25,-0.933879464801855,224.87329481774137,214.32260902539826
IBM,2011-07-20,102.72365623148204,2011-08-02,100.34911268338742,7211,99.9051749737098,1.409240628886116,2.818481257772234,-17122.833525310314,-17562.140846303853,-0.8424904517447431,stop_loss,13,-0.8424904517447431,222.2220855255651,217.085235467972
OKE,2011-06-22,13.904058452381328,2011-08-03,13.84393864956972,52823,13.452723897028482,0.22566727767642264,0.4513345553528456,-3175.708343917552,-3615.4280791924602,-0.13320452001422103,trailing_stop,42,-0.13320452001422103,220.3362238890417,219.3835113858664
MA,2011-06-30,28.25525574852623,2011-08-03,28.711558362114815,25901,26.918485805125925,0.6683849717001532,1.3367699434003057,11818.693994557902,11376.044758873988,0.34134715239624464,trailing_stop,34,0.34134715239624464,219.55181374277336,223.09742194114077
V,2011-06-30,19.340198243499056,2011-08-03,18.942993345171192,18920,18.442437591976258,0.44888032576139913,0.8977606515227983,-7515.116676363186,-7732.412071820479,-0.4424396387323477,trailing_stop,34,-0.4424396387323477,109.77496523010065,107.52043022719168
EL,2011-06-30,43.769327051254,2011-08-03,42.25302172132168,16720,41.97933106606027,0.894997992596867,1.789995985193734,-25352.62511646843,-25784.11321791167,-0.8470998496503389,trailing_stop,34,-0.8470998496503389,219.54694448909004,211.94115695414953
CAG,2011-07-08,11.857067175524788,2011-08-03,11.511524595701657,63218,11.496614537269007,0.180226319127891,0.3604526382557811,-21844.510811258744,-22287.705501636763,-0.9586351801867822,trailing_stop,26,-0.9586351801867822,224.87402181069785,218.32066856732018
HYG,2011-07-08,40.28924430026975,2011-08-03,39.765732425675694,18605,39.78211751201151,0.25356339412911943,0.5071267882582404,-9739.938426822426,-10186.76527941829,-1.0323096446789806,trailing_stop,26,-1.0323096446789806,224.87441706195563,221.9524355339089
BMRN,2011-07-15,29.949920076370237,2011-08-03,29.100869161605836,24319,28.683675707991956,0.6331221841891412,1.2662443683782811,-20648.069196155473,-21078.886039198977,-0.6705269029956732,trailing_stop,19,-0.6705269029956732,218.50563190117433,212.31121114232772
AMZN,2011-07-28,11.174663331985473,2011-08-03,10.637851942062378,64908,10.608750620343974,0.2829563558207496,0.5659127116414986,-34843.35369712824,-35268.095719550605,-0.9485763066993286,stop_loss,6,-0.9485763066993286,217.59751426575394,207.14450815661544
EQIX,2011-07-29,77.05137144342821,2011-08-03,73.3266269400738,9484,73.04007791577234,2.005646763827931,4.011293527655866,-35325.476869813276,-35753.33235081401,-0.9285644338102315,stop_loss,5,-0.9285644338102315,219.22656203084196,208.62891896989797
SGI,2011-07-28,17.10346865392548,2011-08-04,16.292021776631078,42408,16.03544419235333,0.5340122307860744,1.068024461572147,-34411.83917230095,-34836.70995975466,-0.7597643185999126,stop_loss,7,-0.7597643185999126,217.59716960270148,207.2736178510112
EXPE,2011-08-01,42.10403788400356,2011-08-04,40.01770585603781,17416,39.61282635870605,1.2456057626487558,2.4912115252975084,-36335.558599051554,-36764.62828574452,-0.8374768688967896,stop_loss,3,-0.8374768688967896,219.98517713634178,209.08450955662633
CROX,2011-06-17,24.044020458221432,2011-08-05,27.862109390258787,30344,22.39135920558837,0.8263306263165319,1.652661252633063,115856.09055374151,115383.57867250482,2.3102671076448824,trailing_stop,49,2.3102671076448824,218.87752703528133,253.63435420140382
LULU,2011-06-24,53.26320908355712,2011-08-05,57.12282030487061,13776,49.41506320593099,1.9240729388130666,3.8481458776261306,53170.004184814585,52713.80080255809,1.0029794462195463,trailing_stop,42,1.0029794462195463,220.12619050052487,236.07719175596927
DINO,2011-07-01,17.948603469011807,2011-08-05,17.788168643618363,40719,16.330865621279305,0.8088689238662518,1.6177378477325028,-6532.745655195674,-6969.295342291931,-0.09917232610853337,trailing_stop,35,-0.09917232610853337,219.25475539640757,217.29493169984883
EQT,2011-07-19,28.927495004257768,2011-08-05,27.687578389126173,25178,27.484220395321707,0.7216373044680304,1.4432746089360613,-31218.620535783288,-31646.256831152874,-0.8590995833049567,stop_loss,17,-0.8590995833049567,218.5009407651606,209.13535460442566
RRC,2011-07-20,59.19115530063007,2011-08-05,56.22244308353933,6257,55.41685922553782,1.8871480375461265,3.774296075092252,-18575.23234233676,-18791.875207863686,-0.786560502415852,stop_loss,16,-0.786560502415852,111.10771761481271,105.53514791211167
DECK,2011-08-02,16.98863800239563,2011-08-05,16.143839847564696,43164,15.858243496809449,0.5651972527930902,1.13039450558618,-36464.867555122386,-36893.90663729709,-0.7473480724261415,stop_loss,3,-0.7473480724261415,219.98927122062148,209.04981095408476
LQD,2011-08-02,66.95065725203682,2011-08-09,66.27683777041132,10953,66.28611370945514,0.33227177129084223,0.6645435425816828,-7380.344782244105,-7818.117008138368,-1.0139583615661683,stop_loss,7,-1.0139583615661683,219.9931646644678,217.77906122979456
GLD,2011-07-14,154.96480755615232,2011-09-23,164.3454845123291,4730,151.5640782003874,1.7003646778824557,3.4007293557649234,44370.602002716194,43917.50069827102,2.758430905498152,trailing_stop,71,2.758430905498152,219.89506192218013,233.20624252299498
IEF,2011-08-02,72.25366735842655,2011-10-11,75.23547548047306,5074,71.39884382844897,0.4274117649887902,0.8548235299775797,15129.69441126395,14905.186438034578,3.488214839061237,trailing_stop,70,3.488214839061237,109.98453245299692,114.52344077637608
EIX,2011-10-28,23.96372192473512,2011-11-02,23.342693538766397,29378,23.012316250174166,0.47570283728047646,0.9514056745609523,-18244.571922989082,-18661.50228503511,-0.6527482466985585,stop_loss,5,-0.6527482466985585,211.2018668114605,205.72849523456375
ESS,2011-10-28,92.71447642930278,2011-11-02,87.9724215141302,3796,86.97461274652613,2.869931841388324,5.739863682776644,-18000.84045799509,-18206.606697373074,-0.8261615915029218,stop_loss,5,-0.8261615915029218,105.58324575769001,100.18299362029148
BMRN,2011-10-31,35.185151527404784,2011-11-03,32.3775898475647,9990,32.582109365932304,1.30152108073624,2.60304216147248,-28047.541181602443,-28250.026717503224,-1.0785694221148967,stop_loss,3,-1.0785694221148967,105.44989912763215,97.03563677315141
DECK,2011-10-31,19.381029300689693,2011-11-10,18.040274110794066,18137,17.624001475740254,0.8785139124747193,1.7570278249494393,-24317.276879137,-24520.889933129223,-0.7630813643683815,stop_loss,10,-0.7630813643683815,105.45411852798269,98.1589354642416
WMT,2011-11-09,14.567296803309855,2011-11-17,14.04389681760686,48206,14.101398090141574,0.23294935658414037,0.465898713168281,-25231.019710798544,-25644.78907070552,-1.1234201145216385,stop_loss,8,-1.1234201145216385,210.66933291010648,203.1000269968669
EMB,2011-11-09,56.23034618852014,2011-11-17,55.642268148276585,12488,55.47874510170623,0.3758005434069543,0.7516010868139062,-7343.918566561477,-7763.038128912853,-0.7824337278920912,stop_loss,8,-0.7824337278920912,210.66136896067184,208.4581933907034
CB,2011-10-28,54.20027857456171,2011-11-18,50.5908080404789,6494,51.16036037269349,1.5199591009341078,3.0399182018682183,-23439.90164833377,-23644.055643277192,-1.1873577821484034,stop_loss,21,-1.1873577821484034,105.59298271896112,98.561012224461
PII,2011-10-28,44.76204350624748,2011-11-22,40.78347657189632,7863,41.129568273451696,1.8162376163978908,3.632475232795784,-31283.47180480315,-31485.265132115484,-1.0952770987757015,stop_loss,25,-1.0952770987757015,105.5891844268872,96.20414288544622
CDNS,2011-10-28,11.151140343666075,2011-11-23,10.479509771347045,31566,10.375612290584556,0.3877640265407595,0.7755280530815192,-21200.6906458225,-21405.52857628165,-0.8660300161294512,trailing_stop,26,-0.8660300161294512,105.59906882644898,99.23886163270224
LLY,2011-12-07,28.641037302283717,2012-01-09,29.071487222223848,24295,27.559572288922695,0.5407325066805104,1.0814650133610222,10457.780804945472,10037.143069948599,0.39802482246037746,trailing_stop,33,0.39802482246037746,208.75020037769488,211.88753461917852
BMRN,2012-01-10,37.3372992362976,2012-01-17,35.20476167678833,18697,35.344206888775766,0.9965461737609186,1.9930923475218378,-39872.05475014489,-40278.95042401248,-1.0699642503574,stop_loss,7,-1.0699642503574,209.42864514631688,197.4670287212734
JAZZ,2012-01-10,49.149098472595206,2012-01-19,46.953,14203,45.315698206963226,1.9167001328159887,3.8334002656319797,-31191.186606269668,-31600.66803765155,-0.5728852508004799,stop_loss,9,-0.5728852508004799,209.41939368188093,200.06203770000002
ETR,2011-12-06,20.065535242450647,2012-01-20,19.548711987627946,34679,19.29644888150065,0.3845431804749996,0.7690863609499985,-17922.913653996424,-18335.048397903993,-0.6719963856650698,trailing_stop,45,-0.6719963856650698,208.7558090018838,203.37893490568487
HUM,2012-01-09,81.9985640605688,2012-01-26,79.07990272072139,8520,78.25235179397853,1.873106133295133,3.7462122665902626,-24866.99461549988,-25278.711176592857,-0.7790966267119505,stop_loss,17,-0.7790966267119505,209.58832973881383,202.12823135416386
M,2012-01-06,19.854791186141313,2012-01-27,19.36543468949526,35177,18.739411213676266,0.5576899862325225,1.1153799724650462,-17214.09348251821,-17627.98844820639,-0.4387352370731119,trailing_stop,21,-0.4387352370731119,209.5295968664679,204.36536882171245
USB,2012-01-17,18.219930732939833,2012-01-27,17.43788516920788,19170,17.361922402748846,0.42900416509549394,0.8580083301909873,-14991.813456741518,-15196.881555994769,-0.91146616671877,stop_loss,10,-0.91146616671877,104.78282164513698,100.28527760811453
CRUS,2012-01-26,22.362340152740476,2012-01-30,20.029949237823487,15908,20.82722379549936,0.7675581786205574,1.5351163572411153,-37103.67467449945,-37305.987636386984,-1.5193577372263307,stop_loss,4,-1.5193577372263307,106.72203214493864,95.5909297425888
CHRD,2012-01-18,20.816690949307095,2012-02-03,19.188323505602423,33700,19.070541654659998,0.8730746473235479,1.746149294647097,-54875.982852847446,-55280.433548986584,-0.9325476628467619,stop_loss,16,-0.9325476628467619,210.4567454974947,193.99395064164048
KEX,2011-10-28,62.80274168014526,2012-02-13,65.78414847564697,11209,58.46456728979905,2.169087195173105,4.338174390346211,33418.58877077869,32986.18963525181,0.6872491807005894,trailing_stop,108,0.6872491807005894,211.18677944782445,221.21235607905808
KLAC,2012-01-19,29.782077414328317,2012-02-14,29.16994627815472,11893,28.24101732453321,0.7705300448975535,1.5410600897951063,-7280.075602512606,-7490.410527845016,-0.3972143203416455,trailing_stop,26,-0.3972143203416455,106.25947400658201,104.07545132582821
REGN,2012-02-14,112.43460946743429,2012-02-17,104.80855942270252,3295,104.96755906797544,3.7335251997294208,7.4670503994588415,-25127.83489739118,-25342.57976983908,-1.0212935010167403,stop_loss,3,-1.0212935010167403,111.14161145855877,103.60326098934144
GILD,2012-01-11,15.23416477886057,2012-02-21,16.06294827396368,45905,14.576990586886213,0.32858709598717883,0.6571741919743577,38045.30634270827,37614.29815030129,1.2611321400391335,trailing_stop,41,1.2611321400391335,209.79730025207834,221.21089215489087
IBB,2012-01-11,35.70629999630457,2012-02-22,37.302283892176774,9792,34.56615789445074,0.5700710509269161,1.140142101853833,15627.874308380598,15413.404292349795,1.3998113860344121,trailing_stop,42,1.3998113860344121,104.89082686914432,109.57918916165849
CAG,2012-01-11,12.433418961550856,2012-02-23,12.20705474510189,56246,12.078740318560039,0.1773393214954093,0.35467864299081775,-12732.081718388521,-13147.860143619839,-0.6382234197699521,trailing_stop,43,-0.6382234197699521,209.7990248734168,205.9794003579003
GRMN,2012-02-23,31.151530894587868,2012-02-29,30.4530066821987,23687,29.939835069597386,0.6058479124952415,1.211695824990482,-16545.94301886219,-16983.711023336593,-0.5764847893196741,stop_loss,6,-0.5764847893196741,221.36589369003084,216.40211078437218
HSIC,2012-02-17,29.5981950302124,2012-03-06,28.410777397155762,12596,28.507646328129002,0.5452743510416973,1.090548702083396,-14956.712505981392,-15175.916810989931,-1.0888258642536377,stop_loss,18,-1.0888258642536377,111.84565938016661,107.3586456283722
JBL,2012-01-20,20.06083687041472,2012-03-07,21.633612012412243,17647,18.89997866476905,0.5804291028228359,1.1608582056456704,27754.76293083026,27534.028348999684,1.3548382863200268,trailing_stop,47,1.3548382863200268,106.20407647566257,114.53050535491165
HYG,2012-01-26,41.8834325173526,2012-03-07,41.64656881770119,8493,41.29868666112651,0.2923729281130457,0.5847458562260925,-2011.683401139472,-2224.5094915410555,-0.40507118969618133,trailing_stop,41,-0.40507118969618133,106.71479771096269,106.11129269062086
WCC,2012-01-27,61.94713368103703,2012-03-07,60.5923192769199,5711,58.342253073106846,1.8024403039650907,3.604880607930184,-7737.34506191292,-7947.291906665788,-0.3758278155278554,trailing_stop,40,-0.3758278155278554,106.13402413572074,103.81282061714687
AZO,2012-01-18,344.3139712219238,2012-04-02,376.8527809753418,2037,332.7620495079592,5.775960856982301,11.551921713964589,66281.55546771242,65840.85046544467,2.81674430965744,trailing_stop,75,2.81674430965744,210.4102678137176,230.29473445403138
DHI,2012-01-12,12.20219243853368,2012-04-04,12.562670752709193,28683,11.372803183177572,0.4146946276780543,0.8293892553561086,10339.599485496234,10126.500314221908,0.4346310394637762,trailing_stop,83,0.4346310394637762,104.99864571433845,108.10052555998733
MSI,2012-02-21,39.83781044395114,2012-04-05,39.47491397436795,18565,38.29873269256131,0.7695388756949155,1.5390777513898328,-6737.172957811943,-7178.905176459772,-0.23578826297468392,trailing_stop,44,-0.23578826297468392,221.87668526758588,219.8555333802423
PSKY,2012-04-02,26.149446180050557,2012-04-10,25.093459248154836,30195,25.119421236784,0.5150124716332779,1.0300249432665574,-31885.52540859128,-32349.709267412676,-1.0252052038146076,stop_loss,8,-1.0252052038146076,236.874758221988,227.30910059941058
MSFT,2012-01-09,21.892365998311885,2012-04-11,23.858495486380086,31915,21.101755103510616,0.395305447400634,0.7906108948012687,62749.02261169665,62310.98098841147,2.4868484623683513,trailing_stop,93,2.4868484623683513,209.60845825083715,228.43316503434613
FFIV,2012-01-20,119.11899999999999,2012-04-11,122.77710152435303,2972,110.07811678889522,4.520441605552387,9.04088321110477,10871.877730377244,10656.20316625813,0.4046177169792279,trailing_stop,82,0.4046177169792279,106.20650039999997,109.46806371911318
URI,2012-01-27,36.54623389759147,2012-04-11,37.82193157535936,19362,33.71491077514705,1.4156615612222114,2.8313231224444237,24700.058436941832,24268.083510975648,0.4505659095054164,trailing_stop,75,0.4505659095054164,212.28245421754983,219.69247174863239
ICE,2012-02-13,23.063332427102633,2012-04-11,22.858685101119967,31876,21.92537071352233,0.5689808567901523,1.137961713580303,-6523.338163023468,-6962.481232242355,-0.1798367410260194,trailing_stop,58,-0.1798367410260194,220.55003533389709,218.59303388499004
XLP,2012-03-01,22.767554527837515,2012-04-11,23.096541282552238,16439,22.418162705704656,0.17469591106642987,0.34939182213285847,5408.213260755334,5182.025299447235,0.9415983256460532,trailing_stop,41,0.9415983256460532,112.28274866493628,113.90521264316288
LVS,2012-04-10,38.524203698051515,2012-04-11,37.429806480195126,20478,36.51313164109409,1.0055360284787118,2.011072056957424,-22411.06622726315,-22877.682093392188,-0.5441859798460513,stop_loss,1,-0.5441859798460513,236.6695929986097,229.94627313043074
AAPL,2012-01-26,13.43527288255748,2012-04-17,17.313489282350833,52956,12.968493396410304,0.23338974307358865,0.46677948614717657,205374.82766745676,204886.3282326953,8.308455094726554,trailing_stop,82,8.308455094726554,213.44349323061417,275.0559415308512
BKNG,2012-02-29,24.856941415915287,2012-04-17,27.62378604473217,30222,23.715967015118835,0.5704872003982252,1.140974400796452,83619.57837210386,83143.75660850915,2.4249839671122335,trailing_stop,48,2.4249839671122335,225.36794504153755,250.4538185531687
SBUX,2012-04-12,22.663515893829977,2012-04-18,22.450798808585287,34260,21.89228604119324,0.3856149263183686,0.7712298526367363,-7287.68734048311,-7751.372266994535,-0.2758154193817036,trailing_stop,6,-0.2758154193817036,232.93561635678452,230.7493101546396
QCOM,2012-02-03,41.945286911136016,2012-04-20,43.27970106669684,8556,40.300494032913136,0.8223964391114388,1.64479287822288,11417.247514978391,11198.49201583689,0.811296165753461,trailing_stop,77,0.811296165753461,107.66516244350392,111.09033669799746
INTC,2012-01-23,18.22891388872924,2012-04-24,19.033806916921645,19419,17.463073695799245,0.3829200964649974,0.7658401929299963,15630.217714468272,15413.136281870791,1.0509934521887603,trailing_stop,92,1.0509934521887603,106.19618364156995,110.88524895591043
XLK,2012-01-24,11.122922566838898,2012-04-24,12.072346889440556,31738,10.823833889809597,0.14954433851465046,0.2990886770293013,30132.829150731417,29911.977712130396,3.1743907259606625,trailing_stop,91,3.1743907259606625,105.90579492789989,114.94564367311932
V,2012-04-16,27.793446551569776,2012-04-24,26.68061634624642,28292,26.758460873668376,0.5174928389506995,1.0349856779013997,-31484.192169008373,-31946.546225259877,-1.0752131445720081,stop_loss,8,-1.0752131445720081,235.89965695110365,226.45439930040115
PVH,2012-01-13,73.88117294356414,2012-04-25,85.87397395124881,9469,69.22468440393082,2.3282442698166554,4.656488539633315,113559.8327417662,113106.0162959821,2.5755031727467914,trailing_stop,103,2.5755031727467914,209.87424798078263,243.9421978033125
VRSN,2012-04-12,39.09654376877427,2012-05-07,39.86472696093159,19860,37.95671818258387,0.5699127930951992,1.1398255861903976,15256.118196244444,14785.666945236857,0.6739480157879219,trailing_stop,25,0.6739480157879219,232.93720777435712,237.51404323323044
AIG,2012-04-05,24.431774489534146,2012-05-08,24.224915940064886,32371,23.102361906970728,0.6647062912817084,1.3294125825634175,-6696.218104869411,-7168.737822638376,-0.15560146803363958,stop_loss,33,-0.15560146803363958,237.26429160021297,235.25542616875208
WAB,2012-04-18,36.767132997244026,2012-05-08,35.352582342896824,21430,34.9022506572733,0.9324411699853629,1.8648823399707268,-30313.820522660546,-30777.478172582312,-0.7585200546053789,trailing_stop,20,-0.7585200546053789,236.37589803928182,227.28175188248366
PII,2012-04-19,56.5807153648795,2012-05-09,53.91883179263824,13980,53.26216806815658,1.6592736483614607,3.318547296722919,-37213.13233993289,-37676.56744071152,-0.8021231382990648,stop_loss,20,-0.8021231382990648,237.29952024030462,226.13558053832477
LOW,2012-03-08,22.34454134430081,2012-05-10,23.702863770217704,33728,21.435938213940677,0.45430156518006803,0.9086031303601345,45813.49878132494,45347.572717414194,1.4949567974507272,trailing_stop,63,1.4949567974507272,226.09100713817332,239.83505677257077
DKS,2012-03-07,34.43301477282338,2012-05-14,34.77063449640988,21624,32.90326983570072,0.7648724685613282,1.5297449371226577,7300.688902834614,6851.750989295244,0.22070327895416686,trailing_stop,68,0.22070327895416686,223.37385343425981,225.5640601051102
TT,2012-05-10,22.24501846996312,2012-05-15,21.354509642691873,35477,21.135047300573603,0.5549855846947579,1.1099711693895173,-31592.58166510205,-32056.61580275785,-0.8022810428139555,stop_loss,5,-0.8022810428139555,236.75595607766448,227.27818157813385
SPG,2012-04-17,74.53852444898688,2012-05-17,75.37144848446285,10493,72.26696255146764,1.1357809487596198,2.271561897519234,8739.871904249343,8267.970300452138,0.36667459354094767,trailing_stop,30,0.36667459354094767,234.6398211129658,237.2617826842406
YUM,2012-01-12,33.63314243714265,2012-05-18,37.58076238205285,20812,32.479132674593544,0.577004881274556,1.1540097625491086,82157.8662934711,81713.23515734197,3.42078557133715,trailing_stop,127,3.42078557133715,209.99188812054388,234.6392480085852
SBAC,2012-01-30,41.53307619672245,2012-05-18,45.932164554574726,8517,40.07614939678385,0.7284633999692998,1.4569267999386,37467.03554382786,37243.55310718422,3.01942991098638,trailing_stop,109,3.01942991098638,106.12116299024552,117.3612736533939
MCK,2012-04-13,82.41080258646774,2012-05-18,79.69455198512212,9545,79.89527496255101,1.2577638119583616,2.515527623916725,-25926.61198984395,-26390.800672659698,-1.0797935890349581,stop_loss,35,-1.0797935890349581,235.98333320635035,228.20534960939722
ECL,2012-05-08,55.447860058428944,2012-05-18,53.99281564558447,14270,53.88028471358839,0.7837876724202772,1.5675753448405558,-20763.483771290623,-21231.999303979504,-0.9282133822999561,stop_loss,10,-0.9282133822999561,237.37228891013433,231.14324377874712
CHTR,2012-05-10,67.29723336029052,2012-05-18,63.836101524353026,11726,64.2058609930222,1.5456861836341602,3.0913723672683204,-40585.231908203044,-41046.53275366024,-1.1196101358038306,stop_loss,8,-1.1196101358038306,236.73820751482998,224.5626379423691
EQIX,2012-01-10,79.84158414114623,2012-05-21,108.87310935280638,8743,75.46837838704457,2.1866028770508317,4.373205754101662,253822.62492554472,253327.64515597944,6.6384997285872664,trailing_stop,132,6.6384997285872664,209.41649104381244,285.56327852147587
VRSK,2012-04-12,45.54819768809019,2012-05-21,45.400054264630555,17047,44.03461871675493,0.7567894856676313,1.5135789713352636,-2525.4009397164214,-2990.519395027831,-0.09787624317279316,trailing_stop,39,-0.09787624317279316,232.93803779666206,232.1804175147471
FDS,2012-05-14,91.9301243582611,2012-05-21,88.76920926031788,8635,88.703463401536,1.6133304783625504,3.226660956725098,-27294.50187073968,-27762.603494478608,-0.9796241812624126,stop_loss,7,-0.9796241812624126,238.14498715007537,229.95663658885346
DRI,2012-05-17,30.57698842758055,2012-05-22,30.051453433813624,25733,29.244934227924983,0.6660270998277836,1.3320541996555662,-13523.591994604285,-13991.637502930063,-0.3945297375308111,stop_loss,5,-0.3945297375308111,236.0512929620791,231.9942153636978
STX,2012-01-13,10.323302622358835,2012-05-23,14.041931370735169,67769,9.600015338327628,0.3616436420156034,0.7232872840312066,252007.75164871578,251512.3893859724,5.1412887112444965,trailing_stop,131,5.1412887112444965,209.87996862439076,285.48229411900553
VRTX,2012-05-08,57.6175613746643,2012-05-30,57.66228121948242,13732,53.144133690340574,2.2367138421618624,4.473427684323724,614.0929090424981,139.18606949165124,0.009996773832924044,stop_loss,22,0.009996773832924044,237.36130583906706,237.54553371177983
HSY,2012-04-25,47.42575416357049,2012-06-04,47.38882859510339,16393,46.11165222135419,0.6570509711081498,1.314101942216297,-605.3208438811291,-1071.6094804300114,-0.028099470277641262,trailing_stop,40,-0.028099470277641262,233.23511640102333,233.053520147859
CRUS,2012-05-30,29.279249999999998,2012-06-04,25.774199237823485,26340,27.003532663754743,1.1378586681226268,2.275717336245254,-92323.03707572934,-92758.06943160662,-1.540196010441067,stop_loss,5,-1.540196010441067,231.3646335,203.66772237728117
AAL,2012-05-25,11.475199897489272,2012-06-05,10.62348743422493,67130,10.442962666132008,0.5161186156786325,1.0322372313572643,-57175.45765893525,-57620.50312310865,-0.825113101321142,trailing_stop,11,-0.825113101321142,231.09905073553645,213.9464134378559
DAL,2012-05-30,10.066202092382223,2012-06-05,8.886922724041245,38307,9.346394079617804,0.35990400638221,0.7198080127644193,-45174.654763037855,-45392.465968740675,-1.6383248691716579,stop_loss,6,-1.6383248691716579,115.68180106586577,102.1294046369544
DG,2012-06-01,41.776372410182816,2012-06-06,41.038484105543205,18528,40.04617475472622,0.8650988277282969,1.7301976554565925,-13671.594508362716,-14131.912606819727,-0.42647630593678343,stop_loss,5,-0.42647630593678343,232.20978840476013,228.10831005225134
TLT,2012-05-18,84.02673130750367,2012-06-07,84.97278594588298,9165,82.31998240191074,0.8533744527964686,1.7067489055929315,8670.590760746365,8205.926588058179,0.5543021795878319,trailing_stop,20,0.5543021795878319,231.0314977299813,233.63267495820526
IEF,2012-06-01,80.96685799202322,2012-06-07,79.7085308694925,4779,80.28607622709231,0.34039088246545457,0.6807817649309129,-6013.545318574291,-6243.905623585046,-1.848356091997284,stop_loss,6,-1.848356091997284,116.08218430316369,114.27812070759141
LQD,2012-06-04,71.88492181755116,2012-06-07,71.21286566541566,5297,71.27247519986723,0.3062233088419618,0.6124466176839292,-3559.8814378617258,-3787.278131950908,-1.0973301716923363,stop_loss,3,-1.0973301716923363,114.23232926027053,113.16436482891203
ED,2012-06-08,36.6128000943136,2012-06-21,36.58701598855984,20745,35.91240035843557,0.35019986793901453,0.7003997358780296,-534.8912738617005,-990.4503292534632,-0.03681341444458755,trailing_stop,13,-0.03681341444458755,227.85976138696066,227.69929400480217
KMB,2012-04-25,46.954444034334216,2012-06-22,48.88348596993312,16557,46.007871259908505,0.4732863872128559,0.9465727744257109,31939.147327711038,31463.11074558684,2.0379224796205024,trailing_stop,58,2.0379224796205024,233.22741896294147,242.80916316125482
EFX,2012-06-15,41.34141326308998,2012-06-22,40.02605542948904,18662,39.75396595979295,0.7937236516485168,1.5874473032970329,-24547.207890660775,-25002.75180088305,-0.8285993688540226,stop_loss,7,-0.8285993688540226,231.4540362947356,224.08987392753735
DLTR,2012-06-07,52.712659847259516,2012-06-28,52.347601524353024,7218,50.431177797902016,1.1407410246787493,2.2814820493575,-2634.9909747390598,-2862.48846471315,-0.16000929001799427,trailing_stop,21,-0.16000929001799427,114.14399363325576,113.35349634083403
ROST,2012-01-06,21.958531275461056,2012-06-29,27.341823483700505,31807,20.97554227487057,0.49149450029524333,0.9829890005904858,171226.37526747218,170755.94635232477,5.476452132226996,trailing_stop,175,5.476452132226996,209.5305012835769,260.8984138638186
DUK,2012-06-04,37.5510870669192,2012-07-06,37.90605535741457,20281,36.70839363321089,0.4213467168541555,0.8426934337083125,7199.111899536624,6740.00800788425,0.4212306353608529,trailing_stop,32,0.4212306353608529,228.47207904125648,230.63181261111748
HCA,2012-06-29,23.93473271073982,2012-07-09,22.860553938360372,32141,22.465776482094668,0.7344781143225763,1.4689562286451512,-34525.17992304782,-34976.39411550444,-0.7312530839466774,trailing_stop,10,-0.7312530839466774,230.78587321676653,220.42831923985221
EXPE,2012-05-24,41.60202899035992,2012-07-11,41.75646655129807,18464,38.825708821838454,1.3881600842607333,2.7763201685214653,2851.5351251619827,2389.795746657631,0.05562671146116228,trailing_stop,48,0.05562671146116228,230.44195898340166,231.29741952095023
DG,2012-06-18,44.89104661273226,2012-07-20,44.99078987732476,17284,42.994682553516554,0.9481820296078526,1.8963640592157063,1723.9625852167248,1257.9072866484812,0.052597107663888636,trailing_stop,32,0.052597107663888636,232.7690548963393,233.28624367190432
AAL,2012-06-22,12.513250702907682,2012-07-20,11.697141715880047,61123,11.261962796213139,0.6256439533472713,1.251287906694543,-49883.029614090105,-50326.97315883417,-0.6522151957685772,trailing_stop,28,-0.6522151957685772,229.45422681414783,214.48931792992084
CINF,2012-07-02,25.494390033416153,2012-07-24,24.771786103913282,15325,24.688100824419,0.40314460449857636,0.8062892089971534,-11073.905219631491,-11305.003964422864,-0.8962093519788403,stop_loss,22,-0.8962093519788403,117.21045817863074,113.8882866127413
IT,2012-07-06,46.31627045822143,2012-07-24,44.5454101524353,16911,44.37833376327819,0.9689683474716201,1.9379366949432395,-29947.01863114924,-30407.987195391288,-0.9137864567025997,stop_loss,18,-0.9137864567025997,234.9763349156948,225.99222932635
INCY,2012-07-10,25.875850381851194,2012-07-24,24.355619161605834,30239,23.940677835228755,0.9675862733112194,1.9351725466224394,-45970.27186899946,-46425.95669125683,-0.7855791582506179,stop_loss,14,-0.7855791582506179,234.73795190903945,220.94687034833962
UNP,2012-07-20,45.245199428187036,2012-07-24,43.30572242114898,8620,43.40869998322212,0.9182497224824585,1.8364994449649146,-16718.291800668056,-16947.28448457044,-1.056072743368082,stop_loss,4,-1.056072743368082,117.00408572129167,111.98859818109125
ECL,2012-06-08,56.151361115757396,2012-07-25,56.36188726316622,13526,54.319780589054616,0.9157902633513888,1.8315805267027798,2847.576669851712,2391.0204105797156,0.11494233769115852,trailing_stop,47,0.11494233769115852,227.85099313552035,228.7052661364759
ABT,2012-07-11,24.01595889505644,2012-07-25,23.578668981243,32469,23.454932491302035,0.2805132018772029,0.5610264037544042,-14198.366211608607,-14661.971203363277,-0.7794462272846422,stop_loss,14,-0.7794462272846422,233.93225080907624,229.67274094559363
CHD,2012-05-08,21.35902817034019,2012-07-26,23.210667359034385,37045,20.7763900153166,0.2913190775117944,0.582638155023588,68593.97374517652,68098.64843391083,3.1780259715727572,trailing_stop,79,3.1780259715727572,237.37355957107567,257.9517516946286
IEF,2012-07-24,81.3696017579792,2012-07-30,80.71731985848761,9453,80.73809788616376,0.31575193590771766,0.6315038718154398,-6166.020795893942,-6625.68309690608,-1.0329024549230579,stop_loss,6,-1.0329024549230579,230.75605362545318,228.906247386685
IBB,2012-07-30,44.45087667303264,2012-08-02,42.108324191412656,8828,42.81785973144095,0.8165084707958454,1.6330169415916913,-20680.053307741207,-20909.296695310604,-1.4344936797389936,stop_loss,3,-1.4344936797389936,117.72370178085964,111.51968578853729
OKE,2012-07-30,18.06068078520863,2012-08-02,17.552745317756695,21728,17.406107726193856,0.3272865295073864,0.6545730590147727,-11036.4218367956,-11268.564393505168,-0.7759797939384329,stop_loss,3,-0.7759797939384329,117.7267416303039,114.41581507926526
ALGN,2012-07-30,36.0960613746643,2012-08-02,33.69626954269409,21743,33.482821624990585,1.3066198748368587,2.613239749673717,-52178.67380252833,-52633.922197869164,-0.9183205759325545,stop_loss,3,-0.9183205759325545,235.45099874079776,219.7973966000393
EW,2012-06-15,16.252904300689696,2012-08-10,16.358625,47469,15.449006291464105,0.4019490046127959,0.8038980092255912,5018.455875560807,4554.0448702484755,0.13151008970919864,trailing_stop,56,0.13151008970919864,231.45273427483178,232.95827103749997
DTE,2012-06-12,30.78394194428263,2012-08-15,31.86511285257428,12391,30.055923427170406,0.364009258556112,0.7280185171122255,13396.788724641836,13163.90339324548,1.485087099954884,trailing_stop,64,1.485087099954884,114.43314738948182,118.45218400687436
EXPE,2012-07-30,50.09858211922156,2012-08-15,47.76721828755706,15666,45.89700426194151,2.1007889286400263,4.20157785728005,-36523.14578685612,-36983.0954756079,-0.5548781697868488,trailing_stop,16,-0.5548781697868488,235.4533162439175,224.49637250786066
AEE,2012-06-12,21.042808655944818,2012-08-17,21.394129498204613,18127,20.478075383867093,0.28236663603886203,0.5647332720777243,6368.392907643314,6137.616594267234,0.6221004846540071,trailing_stop,66,0.6221004846540071,114.43289775189349,116.34341562418652
WMT,2012-06-11,17.359321628559933,2012-08-20,18.3403095907853,44137,16.89669661703147,0.23131250576423076,0.4626250115284627,43297.86568874101,42825.16330180254,2.12048189738875,trailing_stop,70,2.12048189738875,229.8565136159249,242.84587332254722
DOC,2012-06-15,18.690831165263614,2012-08-20,19.79638024900502,20638,18.003358023367728,0.34373657094794313,0.6874731418958859,22816.321990255114,22578.032269504813,1.6081342184402518,trailing_stop,66,1.6081342184402518,115.72241207661313,122.56730867368968
PNW,2012-06-07,29.62140488660212,2012-08-21,30.654042751984836,25692,28.887275816492977,0.3670645350545718,0.7341290701091445,26530.532037412693,26065.95299719352,1.4066162306162182,trailing_stop,75,1.4066162306162182,228.3099403039745,236.26909991519832
VZ,2012-04-25,19.39422899733428,2012-08-22,21.231086194885226,20043,18.919983760274366,0.23712261852995797,0.4742452370599146,36816.12881051358,36571.85285279429,3.8732222361125834,trailing_stop,119,3.8732222361125834,116.6155595380713,127.66039818122536
MO,2012-06-08,13.83138185083481,2012-08-22,14.598542859017055,54915,13.505980012855852,0.16270091898947864,0.3254018379789567,42128.64676432803,41660.27796969558,2.3575804394560826,trailing_stop,75,2.3575804394560826,227.86510030157808,240.50369433087647
AAPL,2012-08-21,20.18766876780525,2012-08-22,19.6547730834897,38719,19.552043130390828,0.31781281870721056,0.6356256374144209,-20633.188001013707,-21095.985852825794,-0.8383797835519117,stop_loss,1,-0.8383797835519117,234.49390410619546,228.30394770589132
JCI,2012-08-17,20.090987265519384,2012-08-27,19.48505700262189,39110,19.343941057653044,0.3735231039331695,0.7470462078663402,-23697.93258192102,-24162.27830931912,-0.8111014506426708,stop_loss,10,-0.8111014506426708,235.72755358633893,228.61817381176263
CMCSA,2012-08-02,11.453394033646235,2012-08-31,11.539728983435486,33681,11.023863998669231,0.21476501748850194,0.42953003497700415,2907.8474438517533,2675.5180309502543,0.20099863282872138,trailing_stop,29,0.20099863282872138,115.72852933417167,116.60088356732719
PEP,2012-05-16,45.049058364113876,2012-09-13,46.91810081256653,17539,44.06620473005146,0.4914268170312076,0.9828536340624154,32781.13550341108,32297.231901971143,1.9016488149180113,trailing_stop,120,1.9016488149180113,237.034630394458,246.86897104548132
EQIX,2012-07-27,134.05582599974622,2012-09-13,154.30179794396318,2890,124.72472725815916,4.665549370793524,9.331098741587056,58510.85891878702,58260.85285882782,2.1697307578564407,trailing_stop,48,2.1697307578564407,116.22640114177996,133.77965881741608
AMGN,2012-07-30,57.06384499623363,2012-09-17,55.76286109785186,13754,54.84612216597716,1.1088614151282343,2.21772283025647,-17893.732538342807,-18359.278093028224,-0.586630520564787,trailing_stop,49,-0.586630520564787,235.45683722345916,230.08871746195635
STZ,2012-08-15,26.03216451209434,2012-09-17,27.153392700364197,30039,24.784430130187353,0.6238671909534945,1.2477343819069873,33680.57354743823,33201.28126150672,0.898611278592978,trailing_stop,33,0.898611278592978,234.59405693364056,244.69822899787204
VLO,2012-08-22,16.69894764699564,2012-09-19,17.823458993889275,46449,15.817187215811646,0.4408802155919977,0.881760431183995,52232.4275518624,51751.36817204366,1.2753025732666206,trailing_stop,28,1.2753025732666206,232.69482577659016,248.36455404214888
WY,2012-09-13,15.913913912136515,2012-09-19,15.930420939224724,50205,15.353868930468947,0.2800224908337844,0.5600449816675681,828.7352949635692,349.1118455997919,0.029474466567058676,trailing_stop,6,0.029474466567058676,239.68741438764414,239.9360349761332
SWKS,2012-07-20,22.551718687733192,2012-09-21,19.57305827746753,17296,20.61435216811959,0.9686832598068005,1.937366519613601,-51518.91045595487,-51737.4874986719,-1.5374790366769326,stop_loss,63,-1.5374790366769326,117.01635792690998,101.56068479012353
ASH,2012-07-30,27.956166719363356,2012-09-25,28.592087453875365,14037,26.510781810515002,0.7226924544241773,1.4453849088483537,8926.419350345072,8688.288997196147,0.4399663581783863,trailing_stop,57,0.4399663581783863,117.72621367191104,120.40413947701454
KIM,2012-08-02,10.410692527926193,2012-09-26,10.722834674004138,37054,10.023893438369281,0.19339954477845558,0.3867990895569111,11566.115080772206,11331.190565690109,0.806987799365074,trailing_stop,55,0.806987799365074,115.72734027893316,119.19717480316481
MDY,2012-09-10,154.15348537837338,2012-09-26,151.88882836214293,2584,150.503673241548,1.824906068412681,3.649812136825375,-5851.873729939468,-6089.117731551116,-0.6204859130640774,trailing_stop,16,-0.6204859130640774,119.49978186531504,117.7442197463332
AMG,2012-09-17,122.77561228535717,2012-09-26,117.67556805665618,3311,118.46180757522137,2.1569023550678996,4.313804710135798,-16886.246441228992,-17125.086598662714,-1.182261268508014,stop_loss,9,-1.182261268508014,121.95301568304528,116.88714175067658
PHM,2012-07-27,10.151531419452258,2012-09-27,13.117037278942501,76332,9.147425296998003,0.5020530612271271,1.004106122454255,226362.9932666092,225830.15235084345,2.953378923974588,trailing_stop,62,2.953378923974588,232.4660088928889,300.3749068728717
TOL,2012-08-23,29.669160075943072,2012-09-27,30.72893413255958,13108,27.76491674557221,0.9521216651854308,1.9042433303708606,13891.518334129185,13654.008868463668,0.5565328966703598,trailing_stop,35,0.5565328966703598,116.67100508263854,120.8384605828773
DHI,2012-09-17,19.029204247006156,2012-09-27,17.937558684717384,21363,17.928862668629563,0.5501707891882964,1.100341578376593,-23320.82414717503,-23557.740434128154,-0.9920969849193092,stop_loss,10,-0.9920969849193092,121.95626709863777,114.96001985448524
KBH,2012-09-24,13.061073729967331,2012-09-27,12.282458156339374,31126,12.028601526526124,0.5162361017206039,1.0324722034412073,-24235.188344743816,-24471.841176791768,-0.7541273954231883,stop_loss,3,-0.7541273954231883,121.96169427568894,114.6911377722658
HCA,2012-09-19,26.248666625831177,2012-10-05,26.043869405259404,30591,24.959448980184398,0.6446088228233893,1.2892176456467794,-6264.951774511121,-6744.856065429248,-0.1588538764290881,stop_loss,16,-0.1588538764290881,240.89188822524045,239.01240269288715
MDT,2012-08-21,29.485834099702448,2012-10-11,31.12278451472353,13254,28.59455863832982,0.44563773068631524,0.8912754613726293,21696.140800689434,21455.148811354753,1.836638038368138,trailing_stop,51,1.836638038368138,117.24157354723688,123.7504157874437
RGLD,2012-09-17,79.92916653743946,2012-10-12,77.03427286520295,10172,76.0770804070017,1.926043065218876,3.8520861304377547,-29446.858433989742,-29925.848065670845,-0.7515132253565493,trailing_stop,25,-0.7515132253565493,243.9118446056503,235.07778707545336
TJX,2012-01-06,13.688594793301295,2012-10-15,17.85252065455122,25512,13.168621672350936,0.2599865604751796,0.5199731209503593,106230.0765722081,105988.67349101642,8.007963668659416,trailing_stop,283,8.007963668659416,104.76702911001078,136.63605208167323
T,2012-04-25,9.045847252622067,2012-10-15,10.386858347227356,85947,8.831047260864432,0.10739999587881725,0.2147999917576353,115255.88054804076,114754.82572358368,6.243068650199895,trailing_stop,173,6.243068650199895,233.23903014633265,267.8157943107449
LHX,2012-09-13,36.78569029357844,2012-10-15,36.02689960430988,10859,35.5634515095547,0.6111193920118672,1.2222387840237374,-8239.708094767273,-8476.909668877624,-0.6208203332989811,trailing_stop,32,-0.6208203332989811,119.8367432693905,117.36483084096031
EXP,2012-10-05,46.82016752860792,2012-10-15,44.969322143326046,17387,43.90174889034261,1.4592093191326545,2.918418638265308,-32180.648713895906,-32659.43187097368,-0.6341946151981829,stop_loss,10,-0.6341946151981829,244.21867584597175,234.56448123180297
ABT,2012-10-16,26.72679867902039,2012-10-18,24.446301302987774,14993,26.019146321735985,0.35382617864220356,0.707652357284406,-34191.497158857026,-34421.6686452661,-3.2226238668715173,stop_loss,2,-3.2226238668715173,120.21446777836583,109.9570186307087
GE,2012-09-28,86.37885217284938,2012-10-22,82.76104354242642,9266,83.98758639295538,1.1956328899470026,2.391265779893999,-33522.614769499116,-33992.78985160844,-1.5129261919949895,stop_loss,24,-1.5129261919949895,240.11593327008669,230.05914883923697
RRC,2012-10-12,68.03301446295468,2012-10-22,63.92334022522688,11771,64.53494213906713,1.7490361619437802,3.4980723238875555,-48374.975452293955,-48840.95292760433,-1.1748396994721217,stop_loss,10,-1.1748396994721217,240.24498397303185,225.73249133734367
JAZZ,2012-09-19,57.297241680145255,2012-10-23,54.0359101524353,14014,53.70174321448976,1.7977492328277485,3.5954984656554956,-45704.30002932732,-46172.36686626186,-0.9070596355032465,trailing_stop,34,-0.9070596355032465,240.88906347166667,227.1777734628685
GAP,2012-08-20,23.321000077282616,2012-10-24,23.14514298229558,33677,22.24533600300164,0.5378320371404874,1.0756640742809758,-5922.339387878342,-6391.791477823566,-0.16348700230096005,trailing_stop,65,-0.16348700230096005,235.61439588079398,233.8376940644305
ACN,2012-10-01,54.635602924105925,2012-10-24,52.98587791635141,14668,52.71766477379722,0.9589690751543547,1.9179381503087072,-24198.16641374318,-24671.743978033526,-0.8601554786784837,stop_loss,23,-0.8601554786784837,240.4185071072357,233.15905718311276
WLK,2012-10-17,30.492559547852213,2012-10-24,29.773493669349804,26417,28.87325453624696,0.8096525058026263,1.6193050116052525,-18995.563312398142,-19473.177810749792,-0.4440583295605214,stop_loss,7,-0.4440583295605214,241.65658367268358,235.9579146789641
AEP,2012-08-10,26.36687318485302,2012-10-25,26.794181657014054,29683,25.665709010572964,0.35058208714002764,0.7011641742800556,12683.797379155967,12210.403501894625,0.6094271325253996,trailing_stop,76,0.6094271325253996,234.79436902379766,238.59950823754446
SHW,2012-01-04,26.28985068250959,2012-10-26,40.80234161784994,26561,25.259805964389525,0.5150223590600331,1.0300447181200667,385466.271733575,384931.661017668,14.089185333455307,trailing_stop,296,14.089185333455307,209.48541719344118,325.12529871351364
EMB,2012-10-01,64.14403419567469,2012-10-26,64.47517097311137,12493,63.77804471400192,0.1829947408363843,0.36598948167277,4136.89176051648,3654.8398414643866,0.9047712954022848,trailing_stop,25,0.9047712954022848,240.4054257619692,241.64649329012414
ALL,2012-08-02,27.038467081334314,2012-10-31,29.868528457338076,28534,25.952186237968665,0.5431404216828244,1.0862808433656497,80752.97130289135,80265.8360396812,2.6052759682618687,trailing_stop,90,2.6052759682618687,231.454685909638,255.68057730050538
LYB,2012-10-17,26.50988560742204,2012-10-31,25.983710743134278,30386,25.19172946941768,0.6590780690021782,1.3181561380043583,-15988.349426247894,-16466.870551860295,-0.39917491495686597,stop_loss,14,-0.39917491495686597,241.65881522013783,236.86231039226345
RMD,2012-10-25,34.56420265754449,2012-10-31,33.06025628281494,22847,33.370283951513436,0.5969593530155263,1.1939187060310559,-34360.66282344606,-34824.16762746918,-1.2596723437972763,stop_loss,6,-1.2596723437972763,236.9065014350757,226.59830258804186
RNR,2012-10-24,72.350487363696,2012-11-01,72.13517072118977,10897,70.64000106952149,0.8552431470872579,1.7104862941745154,-2346.305453390476,-2818.6435182357764,-0.1258803670275244,stop_loss,8,-0.1258803670275244,236.52097824065862,235.81708660464147
EG,2012-10-26,86.55799378603156,2012-11-01,84.2150080083211,9064,84.31860529501493,1.1196942455083128,2.2393884910166264,-21236.823089167545,-21701.18903564675,-1.046261417842152,stop_loss,6,-1.046261417842152,235.36849670297698,228.99744977622674
PPG,2012-07-20,43.25143060438699,2012-11-05,47.03696660743171,9018,41.24532216354715,1.0030542204199207,2.0061084408398386,34137.96367545727,33893.69744564041,1.8870046733166326,trailing_stop,108,1.8870046733166326,117.01242035710855,127.25380945974574
LQD,2012-09-26,75.39035242872971,2012-11-07,76.19354714731163,10600,74.74793500160486,0.32120871356242403,0.6424174271248546,8513.864016968359,8031.8272163165475,1.2502691936248154,trailing_stop,42,1.2502691936248154,239.7413207233605,242.295479928451
MRK,2012-06-25,24.671658730177906,2012-11-08,27.721793332620006,31185,24.08907643082861,0.2912911496746492,0.5825822993492977,95118.44757715688,94628.28063638338,5.235542868104437,trailing_stop,136,5.235542868104437,230.81570325017938,259.35123752332646
MAT,2012-10-17,29.442110607514866,2012-11-08,28.38067775265899,27359,28.508931818115258,0.46658939469980504,0.9331787893996086,-29039.74147600193,-29514.33357602573,-1.1374378274701085,trailing_stop,22,-1.1374378274701085,241.6520112332998,232.94008879049917
PG,2012-10-26,47.572301633588474,2012-11-08,46.27908133453132,16493,46.43444876522717,0.5689264341806537,1.137852868361307,-21329.08239234964,-21793.449650137598,-1.1365443942850022,stop_loss,13,-1.1365443942850022,235.3829912528324,228.9842665351275
COF,2012-10-22,48.20015409250205,2012-11-09,45.70224507303003,16600,46.29177228812868,0.954190902186685,1.90838180437337,-41465.289723235626,-41932.923671079974,-1.308914711798057,stop_loss,18,-1.308914711798057,240.03676738066022,227.59718046368957
MCO,2012-10-31,41.36139363300063,2012-11-09,39.60621636451339,18885,39.53239867139158,0.9144974808045248,1.8289949616090482,-33146.522715381616,-33605.24470982253,-0.9596402971734472,trailing_stop,9,-0.9596402971734472,234.33297562776505,224.3890188131506
EOG,2012-11-07,42.72389459228515,2012-11-12,40.89391463469141,18534,40.74275982759825,0.9905673823434485,1.9811347646868995,-33916.8485340423,-34381.78027690613,-0.9237029152244206,stop_loss,5,-0.9237029152244206,237.55339871202392,227.3783441518112
KBH,2012-10-18,14.300442441677653,2012-11-13,12.613381930914366,56660,13.12170926378731,0.5893665889451721,1.1787331778903436,-95588.84853984782,-96046.32972653313,-1.4312488546243602,stop_loss,26,-1.4312488546243602,243.07892062363675,214.40226606168244
VRSK,2012-11-01,48.66871627855803,2012-11-13,46.71434230628596,8025,46.67042008251817,0.999148098019929,1.9982961960398598,-15683.851127483385,-15913.485841026397,-0.9780201634498279,stop_loss,12,-0.9780201634498279,117.16993444062847,112.46477910238346
HCA,2012-11-08,29.565041844104872,2012-11-14,27.57257517899844,26404,27.49681185795124,1.0341149930768156,2.068229986153632,-52609.0898254702,-53061.6883174336,-0.963368038586414,stop_loss,6,-0.963368038586414,234.19060945552354,218.40788250788245
MTB,2012-08-28,61.445657933652306,2012-11-15,66.45117030404889,12677,59.527134231655886,0.9592618509982117,1.9185237019964205,63454.88031951745,62968.47589204665,2.60904380028656,trailing_stop,79,2.60904380028656,233.68398168747308,252.72044578332836
HON,2012-10-22,41.96418513852907,2012-11-15,40.37740640624863,19067,40.629905834310776,0.667139652109145,1.3342793042182919,-30255.110088391077,-30726.11222618636,-1.1892403091795498,stop_loss,24,-1.1892403091795498,240.03933541090012,230.96280238438283
THC,2012-11-08,27.35732992362976,2012-11-15,25.30466992378235,14267,25.34800211496112,1.00466390433432,2.0093278086686404,-29285.300217823005,-29510.698843369915,-1.0215655160854422,stop_loss,7,-1.0215655160854422,117.09210780612773,108.30651774078083
WSM,2012-08-23,15.589696750240046,2012-11-16,15.867208135744207,49894,14.811374713762328,0.38916101823885924,0.7783220364777179,13846.153068344593,13375.299824630203,0.35655085234388756,trailing_stop,85,0.35655085234388756,233.34969889694304,237.50354481744645
PWR,2012-11-07,25.57276824951121,2012-11-16,24.4929765022251,15482,24.432211975514743,0.5702781369982327,1.1405562739964665,-16717.335831483535,-16949.87118955745,-0.9467237802327445,stop_loss,9,-0.9467237802327445,118.77527941167976,113.7600786622347
EFX,2012-11-14,44.57150316320323,2012-11-16,43.23623870917958,17129,43.11257575004411,0.7294637065795622,1.4589274131591239,-22871.74483297112,-23322.96247613073,-0.9152370720982642,stop_loss,2,-0.9152370720982642,229.0395833047524,222.17805985486112
HD,2012-11-14,46.373819580552556,2012-11-19,45.73230615792717,16463,44.71534668310197,0.829236448725295,1.6584728974505865,-10561.235476681744,-11016.138421091522,-0.3868097112780829,stop_loss,5,-0.3868097112780829,229.035657526391,225.8672868833865
LAMR,2012-11-08,22.999085535297862,2012-12-04,21.65654214491295,33942,21.79232875230833,0.6033783914947675,1.2067567829895331,-45568.60775644465,-46023.31815086117,-1.1125219342533879,stop_loss,26,-1.1125219342533879,234.19048837172403,220.51990604479062
ROP,2012-11-21,104.156392758006,2012-12-05,100.6590140333511,7310,100.5475773547615,1.8044077016222555,3.608815403244506,-25565.83847722738,-26014.998664320825,-0.9691209812257476,stop_loss,14,-0.9691209812257476,228.4149693183072,220.74521777513894
CAG,2012-11-28,14.252368405086633,2012-12-24,14.343904544476386,53635,13.881452805774483,0.1854577996560749,0.37091559931215023,4909.540836169385,4449.4125062744415,0.2467842807353026,trailing_stop,26,0.2467842807353026,229.3277338220465,230.80059607289732
RCL,2012-10-26,28.062801310625883,2012-12-26,28.36381673158437,27959,26.584112123813195,0.739344593406343,1.4786891868126872,8416.090154578395,7942.800610425748,0.20356909595540315,trailing_stop,61,0.20356909595540315,235.3823585531367,237.90718559951023
PVH,2012-11-01,107.68269649237345,2012-12-27,105.99496691998444,7254,101.39947329568322,3.1416115983451176,6.28322319669023,-12242.79031810993,-12707.795649227903,-0.26860888425514645,trailing_stop,56,-0.26860888425514645,234.3390841067031,230.66624701127014
CPB,2012-11-14,23.701268411714175,2012-12-27,23.024669675189603,32212,23.068052569699468,0.31660792100735363,0.6332158420147067,-21794.598500929493,-22246.1392762261,-1.0685120169638098,stop_loss,43,-1.0685120169638098,229.03957742344107,222.50119787316225
REGN,2012-11-21,170.76162446035855,2012-12-27,167.76506156473354,4458,157.67533755707146,6.543143451643547,13.086286903287089,-13358.67738869627,-13811.422978586228,-0.2289849609572835,trailing_stop,36,-0.2289849609572835,228.37659655328352,224.36899333667466
VTRS,2012-10-26,20.295637379488767,2012-12-31,21.693835051926534,38659,19.638101796212165,0.3287677916383,0.6575355832766014,54052.92381877165,53565.94251435382,2.1264213040309277,trailing_stop,66,2.1264213040309277,235.38271363609684,251.59859078172838
GILD,2012-11-13,25.679558582792293,2012-12-31,24.931199441677872,29831,24.297219487618985,0.6911695475866544,1.3823390951733074,-22324.301538584274,-22777.232395372666,-0.5413716097066593,trailing_stop,48,-0.5413716097066593,229.81407362498305,223.11678316340777
AON,2012-11-21,50.01971574275286,2012-12-31,48.59454316424097,15222,48.5576291176886,0.7310433125321283,1.4620866250642592,-21693.976990108,-22144.308864832678,-0.9747524900922022,trailing_stop,40,-0.9747524900922022,228.42003391085518,221.91184081382278
KR,2012-11-30,10.09652128338854,2012-12-31,9.925315572259423,76666,9.772374306317097,0.16207348853572143,0.32414697707144313,-13125.657049424883,-13586.155292737414,-0.5281730919594003,trailing_stop,31,-0.5281730919594003,232.2179702136798,228.2802730988523
ADI,2013-01-03,32.79585742688047,2013-01-08,31.987135290908125,11930,31.64197583362827,0.5769407966260982,1.1538815932521977,-9648.055082150042,-9879.913413087008,-0.7008709911846077,stop_loss,5,-0.7008709911846077,117.37637373080518,114.48195720616017
CCI,2013-01-03,45.83788776164988,2013-01-09,44.5316767521899,8535,44.3232859708412,0.7573008954043432,1.5146017908086833,-11148.51096574092,-11379.902235678606,-0.8624121649576029,stop_loss,6,-0.8624121649576029,117.36791161370452,114.02335832398224
FXI,2013-01-03,30.163859949372938,2013-01-09,29.526742221961022,25942,29.306018602981126,0.428920673195905,0.8578413463918118,-16528.108084519914,-16992.656164978536,-0.7426987870096406,stop_loss,6,-0.7426987870096406,234.75325644198983,229.79482401663387
BAC,2013-01-03,9.389271673812742,2013-01-10,9.058420515001044,83341,8.928580416273594,0.23034562876957426,0.46069125753914797,-27573.46642652565,-28034.701160938028,-0.7181624426280382,stop_loss,7,-0.7181624426280382,234.75338717016828,226.48134724221063
V,2013-01-10,36.81757062709363,2013-01-22,35.98433452683349,10609,35.74232834845376,0.5376211393199332,1.0752422786398697,-8839.801787659797,-9071.508411193201,-0.7749286991524751,stop_loss,12,-0.7749286991524751,117.17928203485089,114.52734149855296
WY,2013-01-10,18.540068098380125,2013-01-29,18.284273713324122,42139,17.826456816060276,0.3568056411599243,0.7136112823198495,-10778.919591874908,-11244.44187375593,-0.35845058982875316,trailing_stop,19,-0.35845058982875316,234.37797887929202,231.14430300172953
F,2012-12-31,6.599559315155134,2013-01-30,6.701841379098694,115267,6.29422588040681,0.15266671737416213,0.30533343474832453,11789.746664582277,11329.782898434909,0.33498481431575616,trailing_stop,30,0.33498481431575616,228.2134210739961,231.75034507337074
ASH,2013-01-03,33.6724750489149,2013-01-30,31.91957563490703,23239,32.26474553516954,0.7038647568726791,1.407729513745359,-40735.629482128825,-41192.91758188123,-1.2451961807237817,stop_loss,27,-1.2451961807237817,234.75439429852,222.53370545388134
TROW,2013-01-22,44.492818806057855,2013-01-30,44.57264354112931,8915,43.1786824709665,0.6570681675456762,1.314136335091355,711.6375131620188,473.4319341144667,0.06074311541344416,stop_loss,8,0.06074311541344416,118.99604389680175,119.20953515075033
BALL,2012-11-20,19.460753673695645,2013-02-01,19.5177509609988,39047,18.838302046400354,0.3112258136476459,0.6224516272952911,2225.5730773262762,1768.974976185002,0.09156902288266497,trailing_stop,73,0.09156902288266497,227.96521460903818,228.63288653223603
RVTY,2012-10-31,29.479812505922066,2013-02-04,31.85578297970889,26496,28.17963455263619,0.6500889766429375,1.3001779532858748,62953.71367345573,62466.169292059545,1.8274194449937826,trailing_stop,96,1.8274194449937826,234.32913364707335,253.21524774911003
EFX,2012-12-04,46.533182987937884,2013-02-08,48.49863225861297,16574,44.905490253561275,0.8138463671883039,1.627692734376609,32575.356212168896,32102.839020399995,1.2075063242374402,trailing_stop,66,1.2075063242374402,231.37229245262472,241.1448993162754
WHR,2012-10-24,59.50242934067925,2013-02-12,66.75327300885054,13249,56.58225980465428,1.4600847680124855,2.9201695360249715,96066.42775960144,95564.59921947277,2.4830214748563444,trailing_stop,111,2.4830214748563444,236.5043059003978,265.3242342282782
SBAC,2012-06-27,52.48685715479496,2013-02-14,61.10928881955156,14685,50.46896683937333,1.0089451577108164,2.0178903154216314,126620.40899695063,126119.96117586065,4.272993234002894,trailing_stop,232,4.272993234002894,231.2308491954492,269.2169718945344
EXP,2012-11-01,49.73294712605992,2013-02-21,58.090563958078725,15708,46.26649404386775,1.733226541096083,3.4664530821921673,131281.4451973514,130773.3376837185,2.410999553103281,trailing_stop,112,2.410999553103281,234.3615400368448,273.7459735960502
TEX,2013-01-03,26.089875264744602,2013-02-21,28.315926730409082,29993,24.326851443284934,0.8815119107298337,1.7630238214596687,66765.96160967473,66276.42364390254,1.2626326647256836,trailing_stop,49,1.2626326647256836,234.75408864464546,254.78387712754784
DHI,2013-01-30,20.570012872513807,2013-02-21,19.185901632086473,39033,19.38320479743371,0.5934040375400488,1.1868080750800978,-54026.014047600125,-54491.55183085754,-1.1662469016600854,stop_loss,22,-1.1662469016600854,240.87279373584943,224.6649895215694
LOW,2012-11-20,26.705763788214323,2013-02-22,29.936829386905373,28454,25.438819809139407,0.6334719895374584,1.2669439790749166,91936.74054515513,91453.22804129367,2.550282926519193,trailing_stop,94,2.550282926519193,227.96574084895508,255.54676301250166
TMO,2013-02-04,70.8975395443194,2013-02-22,69.04807724349823,11416,68.65307649362008,1.122231525349662,2.2444630506993235,-21113.461626174514,-21592.74737454943,-0.8240110258197046,stop_loss,18,-0.8240110258197046,242.80989343138504,236.47585494353274
J,2013-02-20,38.36224241287762,2013-02-22,37.167603209902026,10704,37.20563536478606,0.578303524045779,1.1566070480915585,-12787.41802865076,-13029.95946891463,-1.0328825204262675,stop_loss,2,-1.0328825204262675,123.18883283623262,119.35260742763737
EBAY,2012-11-27,19.084286687767,2013-02-26,20.05309988328815,40251,18.173500061821354,0.4553933129728243,0.9107866259456472,38995.69993292182,38523.10424886036,1.06371038827591,trailing_stop,91,1.06371038827591,230.44848704079288,242.1471970206694
MA,2013-01-03,47.17389983562634,2013-02-26,47.39152907576734,16587,45.6078260333312,0.7830369011475666,1.5660738022951364,3609.8162062187826,3139.249175412797,0.1389648685917979,trailing_stop,54,0.1389648685917979,234.7420429720602,235.82498783392586
AMG,2013-01-10,134.69464408156935,2013-02-26,138.680759565909,2900,130.50041125122638,2.09711641517148,4.194232830342969,11559.734904584982,11321.898303411677,0.9503801161209494,trailing_stop,47,0.9503801161209494,117.18434035096534,120.65226082234082
RJF,2013-01-29,24.56651908612127,2013-02-26,24.30807137301229,16407,23.825931818720765,0.3702936337002528,0.7405872674005067,-4240.351628979067,-4480.917250677968,-0.3489767168373615,trailing_stop,28,-0.3489767168373615,120.9188635937975,119.64675810510379
VLO,2013-01-30,25.071133616800143,2013-02-26,25.090243194847563,32025,23.814731515257577,0.6282010507712835,1.256402101542566,611.9842369686246,130.05880925071932,0.015209762880814916,trailing_stop,27,0.015209762880814916,240.87091622340736,241.05451149449794
CBRE,2013-02-08,23.89387084007263,2013-02-26,23.406570304870606,33469,22.849132376888043,0.5223692315922929,1.0447384631845864,-16309.461612676552,-16784.391152080585,-0.4664330379075238,trailing_stop,18,-0.4664330379075238,239.91118894391727,235.01835046011428
ROP,2013-02-25,115.39682273277313,2013-02-26,112.50880926465908,3470,112.45976169477099,1.4685305190010738,2.937061038002142,-10021.406734355765,-10258.656497265092,-0.9833004594547167,stop_loss,1,-0.9833004594547167,120.12809246481683,117.12167044451009
CVLT,2012-11-01,62.53247122192382,2013-02-27,72.4275,12492,57.82940285413086,2.3515341838964794,4.703068367792959,123608.69949572756,123102.92350757628,2.1039517192304142,trailing_stop,118,2.1039517192304142,234.34668915128174,271.42929899999996
WELL,2013-02-21,38.16410243890206,2013-02-27,37.63044984752242,20907,37.40042240465674,0.38184001712266397,0.7636800342453256,-11157.074727974179,-11632.465739369864,-0.6987908121848461,stop_loss,6,-0.6987908121848461,239.36906690703765,236.02194448864535
SNPS,2013-02-22,35.745709083557124,2013-02-28,35.134828170776366,22188,34.74032929267,0.5026898954435638,1.005379790887126,-13554.225692779448,-14026.034900959194,-0.6076120868132122,stop_loss,6,-0.6076120868132122,237.93773794378964,233.8714702359558
AON,2013-02-21,51.859133015081845,2013-03-19,51.92275705154987,15386,50.498968560767814,0.6800822271570144,1.360164454314031,978.9194250970728,499.8829769275141,0.04677672340740223,trailing_stop,26,0.04677672340740223,239.3713861710148,239.66506199854388
ALK,2013-03-05,24.659901453984126,2013-04-03,26.712794198315592,16270,23.606866862357162,0.5265172958134822,1.0530345916269646,33400.56495027295,33149.81482279408,1.9495017168996278,trailing_stop,29,1.9495017168996278,120.36497899689651,130.3851484819784
MPC,2013-01-30,24.859570579419913,2013-04-04,27.661859354625168,16149,23.72874665364601,0.565411962886952,1.1308239257739032,45254.16143078967,44999.7108591882,2.478094698330202,trailing_stop,64,2.478094698330202,120.43716158611565,134.01341001535255
RRC,2013-03-01,71.08186185505916,2013-04-04,71.12435229602214,11178,67.73113714501801,1.6753623550205767,3.350724710041149,474.95814908417856,-1.916169450057481,0.01268097042876946,trailing_stop,34,0.01268097042876946,238.36591554475538,238.50840298948066
KEX,2013-02-01,71.25118030548094,2013-04-05,72.52739847564698,11279,68.40466373945206,1.4232582830144394,2.846516566028882,14394.46474130268,13907.961164280978,0.44834384081820355,trailing_stop,63,0.44834384081820355,241.0926187996559,245.41095822204667
EG,2013-02-22,94.96177984945867,2013-04-08,96.48972591664918,8352,92.552796655715,1.2044915968718313,2.4089831937436657,12761.405553175162,12281.704660327603,0.6342701232448275,trailing_stop,45,0.6342701232448275,237.93623559080362,241.76465725675615
VIG,2013-04-03,51.116427475171214,2013-04-08,50.6502810484465,8208,50.350422616117,0.38300242952710484,0.7660048590542132,-3826.1298705564413,-4076.7202136249975,-0.6085423887522906,stop_loss,5,-0.6085423887522906,125.8690910148616,124.72125205369466
APTV,2013-02-28,32.07423133193022,2013-04-09,32.720999795192505,24813,30.76963518276321,0.6522980745835054,1.3045961491670113,16048.265878927039,15565.93665793985,0.49576143826213737,trailing_stop,40,0.49576143826213737,238.75737061175536,243.5718503754335
IP,2013-02-28,23.996269438267323,2013-04-16,25.379783521698435,33166,22.971133171389006,0.5125681334391583,1.0251362668783166,45885.62809107628,45394.34623933521,1.3495904184953933,trailing_stop,47,1.3495904184953933,238.7580816568722,252.52377008419512
JBHT,2013-02-28,61.66867514354059,2013-04-16,62.77991280306477,12905,59.06873960038374,1.2999677715784235,2.599935543156846,14340.521996159523,13858.71928792424,0.42740969577073123,trailing_stop,47,0.42740969577073123,238.7502758182174,243.0524324170653
SYY,2013-03-20,24.072715353264744,2013-04-16,23.887624997228396,34420,23.493423607893707,0.28964587268551906,0.5792917453710373,-6370.810054771088,-6866.048529230281,-0.31951146812526565,trailing_stop,27,-0.31951146812526565,248.57485873781172,246.66361572138044
BBY,2013-04-05,15.77817099102134,2013-04-16,14.593372450762816,52658,14.56673609047749,0.6057174502719257,1.2114349005438516,-62389.1215329334,-62868.91295330064,-0.978012553317253,stop_loss,11,-0.978012553317253,249.25407841356053,230.53734195368054
TSCO,2013-04-09,9.088550187848154,2013-04-16,8.824295945345071,91967,8.760848795236367,0.16385069630589416,0.32770139261178777,-24302.66992028109,-24796.8871363805,-0.8063873039933431,stop_loss,7,-0.8063873039933431,250.75400853774934,243.46320756166503
PGR,2013-02-14,16.44317978324169,2013-04-18,16.63245225961071,49456,15.971658300717639,0.2357607412620248,0.47152148252405013,9360.659591306237,8869.923053812845,0.4014079599424524,trailing_stop,63,0.4014079599424524,243.9641698080003,246.77236768539217
T,2013-04-05,11.2587006082516,2013-04-25,11.293810244450256,73796,11.0025723324547,0.1280641378984502,0.25612827579690034,2590.95071291607,2091.6651856502745,0.13707832955740218,trailing_stop,20,0.13707832955740218,249.25412102596053,250.03140623983535
UNG,2013-04-19,381.1807877807617,2013-04-26,361.55809341430665,2169,361.4322697913038,9.874258994728962,19.748517989457923,-42561.62408084101,-43044.92427083464,-0.9936287055529919,stop_loss,7,-0.9936287055529919,248.03433860894162,235.26585138468937
HSY,2013-02-28,60.46355067006366,2013-04-29,64.019135122329,13162,58.994755055574245,0.7343978072447088,1.4687956144894159,46798.60256071645,46307.07022759661,2.4207482764723114,trailing_stop,60,2.4207482764723114,238.74637617581337,252.7859569440283
VRSK,2013-02-28,55.63503047595623,2013-05-02,56.98100962387223,14305,53.49568621684764,1.0696721295542964,2.13934425910859,19254.231710938446,18770.939974850033,0.6291550049438231,stop_loss,63,0.6291550049438231,238.75773328756617,244.53400280084767
EL,2013-04-22,59.12208339066357,2013-05-03,60.31158815402658,7063,56.92792763964542,1.0970778755090764,2.194155751018151,8401.47214363295,8148.404136996905,0.5421241235090294,stop_loss,11,0.5421241235090294,125.27378249647704,127.79422413956694
DTE,2013-04-17,38.97103444899813,2013-05-10,38.4279225145021,21490,38.14353493196178,0.41374975851817375,0.827499517036351,-11671.475472319733,-12170.46654786342,-0.6563290048085599,trailing_stop,23,-0.6563290048085599,251.246259092691,247.74481645099502
ADBE,2012-12-05,35.3352992362976,2013-05-23,42.6173398475647,21794,34.180045559497856,0.5776268383998722,1.1552536767997452,158704.79308195517,158195.12313709708,6.303412624870085,trailing_stop,169,6.303412624870085,231.02925346676096,278.64069139134756
SPG,2013-04-08,85.07544705970493,2013-05-24,88.76726119938246,9737,83.15687454493556,0.9592862573846798,1.918572514769366,35947.19427804014,35439.38234294452,1.9242505098230964,trailing_stop,46,1.9242505098230964,248.51388840610403,259.2980466895161
CPT,2013-04-08,43.45899521311045,2013-05-24,43.17351934022891,19061,42.25242527231276,0.6032849703988441,1.206569940797685,-5441.455612995057,-5936.846320965417,-0.23660118094174296,trailing_stop,46,-0.23660118094174296,248.51157232712944,246.879135643231
ICE,2013-05-02,28.470402835476975,2013-05-24,28.594247060583317,29582,27.306051021901656,0.5821759067876592,1.164351813575319,3663.5598670958243,3157.1339251282475,0.10636323460179962,trailing_stop,22,0.10636323460179962,252.663437003724,253.7625049638527
REGN,2013-04-17,213.7101499571613,2013-05-28,251.84573238589465,3918,201.91562918967128,5.897260383745002,11.794520767490013,149415.21195577728,148867.99757167124,3.23333038963727,trailing_stop,41,3.23333038963727,251.1949102596474,296.0194738463806
KO,2013-04-17,28.14730140319938,2013-05-30,27.657764546752134,29755,27.295300724278555,0.4260003394604128,0.8520006789208239,-14566.16916358777,-15064.313084790012,-0.5745733173209565,trailing_stop,43,-0.5745733173209565,251.25688597565926,246.88703522658292
XLP,2013-04-17,28.826543568254447,2013-05-30,29.037958233549954,14526,28.308909638483144,0.25881696488565215,0.5176339297713035,3071.0094280825365,2818.8475021306335,0.40842505318171957,trailing_stop,43,0.40842505318171957,125.62031156173921,126.54161439016399
GWW,2013-04-17,192.1822847414757,2013-05-31,205.38765106597015,4357,183.90616077094643,4.1380619852646445,8.276123970529284,57535.781075822255,57016.117412728345,1.595597935883736,trailing_stop,44,1.595597935883736,251.20146438558288,268.4621987083296
ECL,2013-02-28,66.94021162929883,2013-06-03,73.43984648407617,11889,64.77922009171223,1.0804957687933012,2.1609915375865967,77274.1587884478,76773.46523517484,3.0077095359828,trailing_stop,95,3.0077095359828,238.7556528182201,261.93790045475447
EQT,2013-04-26,36.704671735336184,2013-06-06,38.588230054168136,22842,34.88543997313188,0.9096158811021529,1.8192317622043035,43024.23911875944,42508.28697995668,1.0353591873031647,trailing_stop,41,1.0353591873031647,251.52243353356477,264.4297052691926
MGM,2013-05-10,14.323645062296327,2013-06-06,13.60622134141,60600,13.521365750100589,0.40113965609786906,0.8022793121957381,-43475.877485711404,-43983.642456930786,-0.8942318591299928,stop_loss,27,-0.8942318591299928,260.4038672325472,247.3611039868338
GT,2013-05-31,13.935204703400705,2013-06-06,12.98198387026496,63311,13.094812230213334,0.42019623659368577,0.8403924731873715,-60349.364166657164,-60860.610404393374,-1.13425674735097,stop_loss,6,-1.13425674735097,264.6755234931006,246.57071424310348
BX,2013-01-03,8.083281761439007,2013-06-13,10.802311859696257,96806,7.706124471174687,0.18857864513216022,0.37715729026432054,263218.4276918913,262669.956059065,7.209273606647482,trailing_stop,161,7.209273606647482,234.75305225935938,313.7185805669268
FSLR,2013-04-25,44.21416816711425,2013-06-13,45.38457030487061,18925,39.77734177719379,2.218413194960232,4.436826389920462,22149.860457039016,21641.16361936432,0.2637926380025288,trailing_stop,49,0.2637926380025288,251.02593976879115,257.67089790590285
BMY,2013-05-23,30.21779878101666,2013-06-20,29.915806732973255,29044,28.94767051469002,0.6350641331633194,1.2701282663266404,-8771.057043372683,-9295.01317493718,-0.2377650006300563,trailing_stop,28,-0.2377650006300563,263.2937243387544,260.6624072257426
ALV,2013-04-29,39.86596529567441,2013-06-21,40.015135755345234,20938,38.112605483501646,0.8766799060863807,1.7533598121727607,3123.3310845877845,2621.5659364459098,0.0850769241060542,trailing_stop,53,0.0850769241060542,250.41407440824918,251.35107373362555
DPZ,2013-05-24,50.63641270065307,2013-06-21,49.824038284764,17242,48.738856605556215,0.9487780475484253,1.8975560950968529,-14006.959678759298,-14526.601407526467,-0.4281161531868195,trailing_stop,28,-0.4281161531868195,261.92190833539803,257.7198204317703
JAZZ,2013-05-29,66.36630305480956,2013-06-21,65.84409365844726,13264,62.376281448295636,1.9950108032569644,3.9900216065139276,-6926.585433349542,-7452.677043950934,-0.1308788392297837,trailing_stop,23,-0.1308788392297837,264.08479311569823,262.0068174856934
MRK,2013-06-05,31.182991493162685,2013-06-21,30.02900676700768,27857,29.78522666794486,0.6988824126089136,1.397764825217827,-32146.552516499996,-32658.107307160066,-0.8255929075731101,stop_loss,16,-0.8255929075731101,260.59937820750986,250.95541245255987
APD,2013-06-17,65.10133620066088,2013-06-21,63.39134259831759,13317,63.491060411334864,0.8051378946630088,1.6102757893260176,-22771.98480240558,-23285.325903475376,-1.0619259220552575,stop_loss,4,-1.0619259220552575,260.0863482552603,253.25475281453865
ICE,2013-06-19,31.26363643756106,2013-06-21,29.676907068034243,28125,29.843223246693256,0.7102065954339032,1.420413190867805,-44626.763517941756,-45140.949353770215,-1.1170899986907343,stop_loss,2,-1.1170899986907343,263.78693244192146,250.39890338653893
DOV,2013-05-24,42.43265853796685,2013-06-24,40.98978591868029,20575,40.9112102141094,0.7607241619287254,1.5214483238574488,-29687.104141820993,-30202.02918022965,-0.9483546674975667,stop_loss,31,-0.9483546674975667,261.9155848256004,253.0094535830541
VFC,2013-06-20,31.98359886556442,2013-06-24,30.741260044794668,27228,30.86969831329171,0.5569502761363558,1.1139005522727103,-33826.40141191883,-34338.76314944221,-1.1153049688636814,stop_loss,4,-1.1153049688636814,261.2548289734764,251.10690854990074
HPQ,2013-05-24,7.423059908638717,2013-06-25,7.191058400456897,117617,7.0018153713287585,0.21062226865497916,0.42124453730995803,-27287.32138782108,-27802.982013769353,-0.5507525620708749,trailing_stop,32,-0.5507525620708749,261.92341118230803,253.73721476596165
COO,2013-06-10,29.999502587588346,2013-06-26,29.366773674535338,29149,28.77725393980953,0.6111243238894077,1.222248647778816,-18443.415086582118,-18962.55536261151,-0.5176760998695817,trailing_stop,16,-0.5176760998695817,262.3366502776838,256.8036257517092
LUV,2013-01-09,9.562058701548441,2013-06-27,11.295701805264919,81201,9.193128523554421,0.18446508899700984,0.36893017799402017,140773.55366488174,140265.4523616076,4.699108956450231,trailing_stop,169,4.699108956450231,232.93461858733045,275.16668468679495
TDG,2013-06-24,75.8148728317958,2013-07-03,71.25102640479835,11249,72.43047148275927,1.6922006745182638,3.384401349036523,-51338.70845729424,-51835.01174744798,-1.3484944474143667,stop_loss,9,-1.3484944474143667,255.85245134546128,240.450838808273
MU,2013-06-07,12.261854964243305,2013-07-10,12.597852622670935,70096,11.511532171463562,0.37516139638987145,0.7503227927797429,23552.091865143128,23029.322046239427,0.44780414730951895,trailing_stop,33,0.44780414730951895,257.85209567207966,264.9177232316225
UPS,2013-07-10,56.35494798434163,2013-07-15,53.73236492359646,7704,54.851586291405475,0.7516808464680762,1.5033616929361528,-20204.3798999808,-20458.813697573627,-1.744479105106845,stop_loss,5,-1.744479105106845,130.24755578141037,124.18624181141611
RGA,2013-07-02,54.3883164072149,2013-07-22,53.230712070349824,7867,52.65839320509349,0.8649616010607062,1.7299232021214124,-9106.873318117563,-9360.864987227464,-0.6691651603062506,stop_loss,20,-0.6691651603062506,128.36186555266787,125.62980355723263
CME,2013-05-30,39.2947998456233,2013-07-23,43.26377022317124,22209,37.80666873240759,0.7440655566078564,1.4881311132157151,88146.86311496221,87596.80013016486,2.6670837954401465,trailing_stop,54,2.6670837954401465,261.8094629314344,288.25352186592306
TT,2013-07-22,31.994171495858545,2013-07-24,30.967566126388466,13767,30.75267369865997,0.6207488985992877,1.2414977971985763,-14133.276121494584,-14393.314394048226,-0.8269087321673877,stop_loss,2,-0.8269087321673877,132.13912769504537,127.89914485859698
OMC,2013-02-12,36.64348412532843,2013-07-31,42.85274588628666,21952,35.69169840316908,0.4758928610796754,0.9517857221593502,136305.71417655516,135782.1838041907,6.523802171428945,trailing_stop,169,6.523802171428945,241.3193290557629,282.2110433087295
BX,2013-07-23,12.681854420625736,2013-07-31,11.901973179507875,34734,11.953569226537121,0.36414259704430774,0.728285194088615,-27088.395028987794,-27344.563429346705,-1.0708459370697687,stop_loss,8,-1.0708459370697687,132.1474594338043,124.02094092510794
BKNG,2013-07-09,35.04104534837046,2013-08-01,34.745087725916875,24794,33.75818990819384,0.6414277200883097,1.2828554401766183,-7337.97329111419,-7857.0565061473535,-0.23070223907133208,trailing_stop,23,-0.23070223907133208,260.6423035102491,258.4409115229149
UNM,2013-06-24,19.589567900721214,2013-08-07,20.96951932830817,21768,18.71017694974527,0.4396954754879706,0.8793909509759423,30038.782675712864,29773.91561247241,1.5692126761771827,trailing_stop,44,1.5692126761771827,127.92771421886982,136.93934902158367
AMAT,2013-07-11,13.893185953876674,2013-08-09,13.099336418199751,62283,13.216976398745564,0.3381047775655552,0.6762095551311109,-49443.3306305658,-49947.68321183581,-1.1739697105034295,stop_loss,29,-1.1739697105034295,259.59279022959026,244.75979104042054
LII,2013-07-23,63.02996768899478,2013-08-12,59.840788988361666,6988,60.30802057793541,1.3609735555296845,2.7219471110593716,-22285.980760024202,-22543.56701432261,-1.1716534416393924,stop_loss,20,-1.1716534416393924,132.13602426320867,125.45023003520139
TSLA,2013-08-09,10.170159847259521,2013-08-15,9.086237766265869,87265,9.209327140681335,0.48041635328909305,0.9608327065781861,-94588.46039791104,-95092.58325923432,-1.12810697801267,stop_loss,6,-1.12810697801267,266.2496997213306,237.8731616019573
CIEN,2013-06-07,19.13912084007263,2013-08-16,21.138839847564697,44908,17.84111247807496,0.6490041809988341,1.2980083619976668,89803.3811884538,89260.74039088566,1.5406056432598412,trailing_stop,70,1.5406056432598412,257.8498916057945,284.7909059623306
PRU,2013-06-10,42.47767830967468,2013-08-16,46.28748756969998,10293,40.5056311179879,0.986023595843389,1.9720471916867766,39214.36671344038,38940.26875772146,1.9319057252208065,trailing_stop,67,1.9319057252208065,131.16682285244443,142.93113286647656
F,2013-07-03,8.39724872432077,2013-08-16,8.586420442451615,50948,8.002736617386473,0.19725605346714864,0.3945121069342967,9637.920695330313,9378.335502317696,0.4795080171325406,trailing_stop,44,0.4795080171325406,128.34690840200838,131.23828461060748
XLY,2013-07-09,25.388840755645827,2013-08-16,25.11339080838843,17110,24.718176413623308,0.33533217101125923,0.6706643420225191,-4712.948597574048,-4972.176552192236,-0.41071208054199376,trailing_stop,38,-0.41071208054199376,130.32091959873006,128.9070350194578
KLAC,2013-07-10,36.16876152455366,2013-08-16,35.50163755526594,24007,34.527816782276204,0.820472371138728,1.6409447422774548,-16015.645130690347,-16531.822511903116,-0.4065487106907853,trailing_stop,37,-0.4065487106907853,260.4910373759879,255.68634383678082
HPQ,2013-07-11,7.967921428284665,2013-08-16,7.867114595699573,108600,7.553423708203772,0.20724886004044682,0.4144977200808935,-10947.622018740984,-11463.52749240239,-0.24320238134342076,trailing_stop,36,-0.24320238134342076,259.5948801335144,256.3105935278921
IBB,2013-07-15,63.07317328197266,2013-08-16,61.025244586081925,6966,60.53257234791872,1.2703004670269658,2.540600934053934,-14265.871295574841,-14525.212169235503,-0.8060804309880085,trailing_stop,32,-0.8060804309880085,131.8103175246665,127.530556135994
AYI,2013-07-03,78.2038198968941,2013-08-20,80.81959060250459,10941,74.44779888973638,1.8780105035788606,3.7560210071577274,28619.147290084336,28097.18474980216,0.6964206804556464,trailing_stop,48,0.6964206804556464,256.68839804757556,265.2741422346008
IJR,2013-07-09,39.23503259625247,2013-08-20,39.26051969346924,11071,38.12895843496125,0.5530370806456121,1.1060741612912253,282.1676532868386,21.46037546698585,0.02304284659087823,trailing_stop,42,0.02304284659087823,130.31131376193332,130.3959640579194
RTX,2013-07-24,49.20787585360006,2013-08-20,48.02777396426892,8929,47.776561999283594,0.7156569271582309,1.431313854316464,-10537.129769837757,-10797.594905004882,-0.8244885534868999,trailing_stop,27,-0.8244885534868999,131.8131370490385,128.65199811808716
DHR,2013-07-10,27.012794044109583,2013-08-21,26.813100763911667,16072,26.122721712743434,0.44503616568307436,0.8900723313661487,-3209.470399340911,-3468.997333747266,-0.22435623843223207,trailing_stop,42,-0.22435623843223207,130.24488776307876,129.2820466432765
KR,2013-02-22,11.226485039275143,2013-08-27,14.35807778890559,70648,10.891503792022291,0.16749062362642592,0.33498124725285194,221240.76457589175,220698.51511748615,9.348561375636184,trailing_stop,186,9.348561375636184,237.93861451641308,304.3108438891806
BRK-B,2013-01-03,93.2031106109619,2013-08-28,111.04884365844727,8395,90.95722575323882,1.1229424288615446,2.245884857723084,149814.92893363966,149300.52038681216,7.945969708161118,trailing_stop,237,7.945969708161118,234.73203407370755,279.67651275379944
CHTR,2013-02-27,87.48740152740477,2013-08-28,120.74913274383545,8994,82.99693047990233,2.2452355237512176,4.490471047502439,299156.0105605775,298594.14674380684,7.407180864673554,trailing_stop,182,7.407180864673554,236.05850680124354,325.80530996941684
GME,2013-06-21,7.381857491493091,2013-08-28,8.779682836049188,114999,6.787618361680707,0.29711956490619196,0.5942391298123839,160748.51679860667,160190.94850576855,2.352294344866562,trailing_stop,68,2.352294344866562,254.67186889926418,302.89642393884617
KRE,2013-06-27,25.05356555786943,2013-08-28,26.245120790428466,16941,24.29587040201525,0.37884757792708956,0.7576951558541793,20186.13719478263,19925.421881154678,1.5726050554140727,trailing_stop,62,1.5726050554140727,127.32973623475979,133.38557739319458
LHX,2013-07-31,44.022472675286956,2013-08-28,42.894136458334714,9930,42.50443792112134,0.7590173770828108,1.518034754165619,-11204.378634335762,-11463.303212944822,-0.7432874733967648,trailing_stop,28,-0.7432874733967648,131.14294609967985,127.78163250937911
FISV,2013-08-01,24.169145458221433,2013-08-28,24.17829689025879,18211,23.388641028005495,0.3902522151079684,0.7805044302159381,166.65672883229456,-97.47985295015744,0.011725022540646394,trailing_stop,27,0.011725022540646394,132.04329238190115,132.09328940055084
EZU,2013-08-15,26.24068890230816,2013-08-28,25.447489569587336,16790,25.65557197938319,0.2925584614624864,0.5851169229249713,-13317.816796382645,-13578.170151345585,-1.3556253487861185,trailing_stop,13,-1.3556253487861185,132.1743500009262,128.1790049620114
LMT,2013-08-26,88.60893347660513,2013-08-28,86.50886784355099,9876,86.33878637630369,1.135073550150722,2.2701471003014433,-20740.248192042716,-21259.087213794075,-0.9250790985197762,stop_loss,2,-0.9250790985197762,262.53054810448566,256.30847364687287
DD,2013-08-26,16.869751603558683,2013-08-29,16.252639197058066,51877,16.22400985473833,0.3228708744101757,0.6457417488203525,-32013.9403120325,-32529.42739230158,-0.9556644086091134,stop_loss,3,-0.9556644086091134,262.5456311813441,252.94144908773438
CI,2013-06-24,64.19325993495697,2013-09-20,70.60479350620166,13286,61.644146244966485,1.2745568449952414,2.5491136899904845,85183.63502755694,84646.35694615117,2.5152011055531314,trailing_stop,88,2.5152011055531314,255.86149544875147,281.4165859570186
BMRN,2013-09-09,72.57249999999999,2013-09-24,73.62629695129395,12068,69.07377592750171,1.7493620362491407,3.498724072498277,12717.221608215523,12187.923483733059,0.3011946439495852,trailing_stop,15,0.3011946439495852,262.741479,266.5566454824646
CPRI,2013-09-03,74.77469694519043,2013-09-26,73.84607817077637,11495,71.59599271290634,1.589352116142042,3.1787042322840904,-10674.472811889642,-11186.991554877053,-0.29213752100074863,trailing_stop,23,-0.29213752100074863,257.8605424154892,254.6582005719223
STZ,2013-09-05,47.36195798501104,2013-09-30,47.824424921395234,18396,45.810764730591444,0.7755966272097986,1.5511932544195943,8507.541761723669,7982.227151739794,0.29813624773480335,trailing_stop,25,0.29813624773480335,261.38117372767886,263.93343625619605
TSLA,2013-08-27,10.830819694519041,2013-10-04,11.748240228652953,81008,9.867418636238936,0.48170052914005235,0.9634010582801054,74318.40262911996,73769.67728324306,0.9522727074555231,trailing_stop,38,0.9522727074555231,263.21491254407954,285.5104333328155
BKNG,2013-08-12,37.981905875828794,2013-10-09,39.29897045588014,23247,36.39846045151554,0.7917227121566257,1.583445424313254,30617.800292453598,30078.835732828626,0.8317713764101214,trailing_stop,58,0.8317713764101214,264.8896097686176,274.07494985635367
TJX,2013-08-21,22.763854620277257,2013-10-09,23.0759706037656,38189,22.015124293972757,0.3743651631522508,0.7487303263045,11919.397293436352,11394.224167792061,0.41686034680717554,trailing_stop,49,0.41686034680717554,260.7986532281305,264.3744724161614
INCY,2013-08-22,35.29525831985473,2013-10-09,35.76419923782348,24483,32.545303274336014,1.3749775227593592,2.7499550455187176,11481.080494628945,10959.155884813554,0.17052675778570642,trailing_stop,48,0.17052675778570642,259.240142833501,262.6844669818897
CPAY,2013-08-23,104.14404091644286,2013-10-09,103.80609365844727,8400,99.07250643167649,2.5357672423831894,5.071534484766374,-2838.7569671629935,-3362.7913062917164,-0.06663609584253125,trailing_stop,47,-0.06663609584253125,262.442983109436,261.5913560192871
NXPI,2013-08-29,33.15015665475692,2013-10-09,31.865142381092472,25953,31.41548052728558,0.8673380637356697,1.7346761274713387,-33349.975444413416,-33856.17806117664,-0.7407805141917938,trailing_stop,41,-0.7407805141917938,258.1038046982719,248.09881206494788
CRM,2013-09-03,48.79309544425793,2013-10-09,49.48324866768392,17616,46.22803054837292,1.2825324479425049,2.5650648958850084,12157.739183872196,11638.368360509405,0.2690587768493351,trailing_stop,36,0.2690587768493351,257.8617508038143,261.50907255897596
GTLS,2013-07-31,110.86074999999998,2013-10-10,118.25163274383544,7886,104.16224546967871,3.349252265160638,6.698504530321273,58284.501317886454,57742.46724279109,1.1033631029702358,trailing_stop,71,1.1033631029702358,262.27436234999993,279.75971274536585
META,2013-08-26,40.62211730365226,2013-10-10,47.44977340422141,21543,38.43361524296833,1.0942510303419637,2.1885020606839305,147088.1953745612,146518.9955521053,3.119785091011262,trailing_stop,45,3.119785091011262,262.5366819217742,306.66314053414254
ULTA,2013-10-04,124.28416366577147,2013-10-10,120.14972664642335,7308,118.2909341170061,2.9966147743826834,5.99322954876537,-30214.46573739611,-30750.362598516564,-0.689851270622504,stop_loss,6,-0.689851270622504,272.4806004208374,263.41626069961853
CTSH,2013-10-14,38.700477476477204,2013-10-17,36.74187869629282,23154,37.23342797537737,0.7335247505499166,1.4670495010998366,-45349.396156389164,-45873.43385083646,-1.3350597772713422,stop_loss,3,-1.3350597772713422,268.821256647106,255.2164378001892
GT,2013-08-29,17.742198112743917,2013-10-22,18.845676307468647,48493,16.75439398765228,0.4939020625458187,0.987804125091639,53510.96809678632,52978.691358508506,1.117102233828351,trailing_stop,54,1.117102233828351,258.11172392438726,274.1650143534231
BSX,2013-09-06,11.551539961814878,2013-10-25,11.538450190544129,75899,10.936449748195876,0.30754510680950126,0.615090213619002,-993.5005496786083,-1519.2526984507772,-0.02128105923476363,trailing_stop,49,-0.02128105923476363,263.0250994685362,262.72704930363267
SYNA,2013-10-11,48.58854091644287,2013-10-28,44.905050762176515,18357,45.51826469326145,1.535138111590708,3.0702762231814162,-67617.82876186742,-68132.70732060075,-1.1997259811527718,stop_loss,17,-1.1997259811527718,267.5819536809425,247.29660505238232
OSK,2013-07-31,36.96973844945572,2013-11-01,39.783003685208975,11824,34.74082930778189,1.1144545708369151,2.2289091416738316,33264.048147546506,32991.79082064642,1.2621713389539935,trailing_stop,93,1.2621713389539935,131.13905622790932,141.11827067217328
GNRC,2013-10-25,47.67763106918334,2013-11-04,47.722230457305905,19279,45.17495398972315,1.2513385397300947,2.5026770794601916,859.831603614897,308.06742450414106,0.017820672306705667,trailing_stop,10,0.017820672306705667,275.75311481483567,276.01106429592016
FLS,2013-10-28,56.869381515176045,2013-11-04,55.705580872606525,16145,54.70101456078283,1.084183477196606,2.168366954393214,-18789.561374284895,-19334.81820461012,-0.5367175699720033,stop_loss,7,-0.5367175699720033,275.4468493687551,269.8099809564697
CNX,2013-10-11,29.991156025171414,2013-11-07,29.57929470891756,29740,28.366557384028734,0.8122993205713389,1.6245986411426792,-12248.755545389651,-12780.243106839192,-0.25351573356245577,trailing_stop,27,-0.25351573356245577,267.58109405657933,263.9064673929625
A,2013-09-20,32.83931682059058,2013-11-08,32.27646491232262,27636,31.64429848613092,0.5975091672298309,1.195018334459661,-15554.97533689331,-16094.837260084547,-0.47099855461419154,trailing_stop,49,-0.47099855461419154,272.2642078961524,267.59771529508436
VC,2013-09-24,43.20357554534981,2013-11-08,42.715786752304496,20761,41.51614567832456,0.8437149335126227,1.6874298670252443,-10126.983132413709,-10662.114696612189,-0.28907203942361764,trailing_stop,45,-0.28907203942361764,269.0848295691022,266.0467346293781
HIG,2013-10-11,25.24929593482341,2013-11-08,25.56136517173263,35326,24.179101444196125,0.5350972453136433,1.070194490627287,11024.157863054994,10485.676638779934,0.2916004891095072,trailing_stop,28,0.2916004891095072,267.5869884580716,270.89423581698804
HSIC,2013-10-16,42.713260036468505,2013-11-08,42.972670349121096,10534,41.506229485532245,0.6035152754681292,1.2070305509362598,2732.628233482392,2461.8435562778513,0.2149161116521645,trailing_stop,23,0.2149161116521645,134.98244436724778,135.80223283729248
FITB,2013-11-11,13.261437525419954,2013-11-13,12.891515861543882,34489,12.816375661440318,0.22253093198981738,0.4450618639796353,-12758.228265421849,-13028.825028230747,-0.8311690886483111,stop_loss,2,-0.8311690886483111,137.21211564426264,133.38464716463608
KRE,2013-11-11,29.014381922433177,2013-11-14,28.650267922020333,15763,28.206303863847594,0.4040390292927921,0.8080780585855827,-5739.528988507657,-6012.219351157093,-0.450592608652399,stop_loss,3,-0.450592608652399,137.20611067299427,135.48425197644195
AMAT,2013-09-26,15.163229149174615,2013-11-18,14.72622080672189,59523,14.516640546314894,0.3232943014298604,0.6465886028597208,-26012.04756781352,-26545.780486730968,-0.6758676854493438,stop_loss,53,-0.6758676854493438,270.7682665938962,262.9646523235521
BBY,2013-07-02,18.980539855785196,2013-11-20,24.985435405651096,45086,17.731332781121342,0.6246035373319263,1.249207074663854,270736.72076125396,270142.0457730628,4.806965691802332,trailing_stop,141,4.806965691802332,256.7269859813794,337.9480022097556
L,2013-10-11,45.31971300227329,2013-11-21,44.85319505692787,19681,44.15976583493921,0.5799735836670404,1.1599471673340815,-9181.539682343127,-9713.947583397068,-0.40218896039689356,trailing_stop,41,-0.40218896039689356,267.58118147932214,264.82671957461923
ADP,2013-11-20,53.212841861089146,2013-11-27,53.365715944068995,17109,51.8367651210684,0.6880383700103715,1.3760767400207428,2615.522685702243,2068.4869220557075,0.11109415524133123,trailing_stop,7,0.11109415524133123,273.12555342041225,273.91021022612296
DG,2013-09-05,48.81674451100169,2013-12-02,49.00335596870066,17848,46.87133724257031,0.9727036342156868,1.9454072684313743,3330.6412970112706,2806.8733510027523,0.09592410839990438,trailing_stop,88,0.09592410839990438,261.3843768097075,262.3835691988108
HAL,2013-08-21,37.44674720288857,2013-12-03,41.18986376411136,23215,36.083324361839985,0.6817114205242898,1.3634228410485818,86896.4509687871,86348.78629170744,2.7453820256847346,trailing_stop,104,2.7453820256847346,260.7978708945174,286.86680618515356
VFC,2013-10-22,35.61111542364052,2013-12-11,38.989054958022905,25817,34.36157563541281,0.6247698941138544,1.2495397882277075,87208.26495915004,86630.47917952701,2.7033469171666047,trailing_stop,50,2.7033469171666047,275.8116500676382,301.97412955538323
AES,2013-11-13,9.483522812135405,2013-12-11,9.266060626468912,96270,9.084163897557902,0.1996794572887519,0.39935891457750294,-20935.084614113293,-21476.591333403627,-0.5445281868730905,trailing_stop,28,-0.5445281868730905,273.89362233728264,267.6130969530486
XRT,2013-11-14,36.55747775258364,2013-12-11,36.00657506114434,12598,35.649953630045445,0.453762061269095,0.9075241225381916,-6940.272106752271,-7214.520687956475,-0.6070391714751514,trailing_stop,27,-0.6070391714751514,138.1653314181146,136.0832497860889
NKE,2013-09-30,30.83400404163096,2013-12-12,32.84135526834019,29392,29.682481214643424,0.5757614134937664,1.1515228269875344,59000.06725543766,58438.603407186056,1.743214445831354,trailing_stop,73,1.743214445831354,271.88191403748516,289.5819342141165
UTHR,2013-11-04,90.34024999999998,2013-12-16,88.2316796951294,10077,85.9741409515686,2.183054524215693,4.366109048431383,-21248.06296218086,-21787.903762842205,-0.4829403666928866,trailing_stop,42,-0.4829403666928866,273.10760977499996,266.7331908863457
MSFT,2013-11-07,31.150354159432993,2013-12-16,30.308910451186172,29313,30.012510943264633,0.5689216080841794,1.1378432161683598,-24665.23941983907,-25205.70604689839,-0.7395076020054399,trailing_stop,39,-0.7395076020054399,273.9330994426378,266.5335276166861
HRL,2013-12-03,16.908734129412178,2013-12-16,16.322393474742007,54684,16.35344453334679,0.2776447980326948,0.5552895960653892,-32063.452359983596,-32608.615654555266,-1.0559186752728655,stop_loss,13,-1.0559186752728655,277.39116513983265,267.7721294318376
ADBE,2013-12-16,60.69063106918334,2013-12-18,57.52242182922363,15055,58.20096120891867,1.2448349301323363,2.4896698602646694,-47697.390107593405,-48231.299361009056,-1.272541910284806,stop_loss,2,-1.272541910284806,274.10923522396655,259.8000181916885
FDS,2013-12-16,104.1520782357618,2013-12-18,96.2687107593205,8772,100.71088977668816,1.720594229536824,3.4411884590736435,-69152.89950334316,-69680.32685166263,-2.2908851317499432,stop_loss,2,-2.2908851317499432,274.08660908523075,253.34073923422784
KKR,2013-10-17,15.09971592138375,2013-12-31,16.96570987344352,60331,14.295037665676016,0.40233912785386644,0.8046782557077332,112577.28112171794,111996.91936062963,2.3189317454820304,trailing_stop,75,2.3189317454820304,273.29428837590086,307.0674727124163
FNF,2013-12-11,11.073461511771766,2014-01-07,11.771470832069545,83368,10.689402080584065,0.1920297155938508,0.38405943118770125,58191.64101458519,57620.28011869278,1.817451320331307,trailing_stop,27,1.817451320331307,276.95170179401657,294.4091940983921
OLN,2013-12-18,19.80431035505356,2014-01-08,19.179793247593576,45942,19.09918029502398,0.3525650300147896,0.7051300600295782,-28691.564950926546,-29228.867257240392,-0.885676477093866,trailing_stop,21,-0.885676477093866,272.9548878995612,264.3474184142832
MDT,2014-01-07,44.33158877442415,2014-01-10,44.1616075416003,21029,43.23463945887961,0.548474657772266,1.096949315544535,-3574.5353450527587,-4132.812372651662,-0.15495814657532347,stop_loss,3,-0.15495814657532347,279.67469410120964,278.6023334976938
SCHW,2013-10-16,20.0175059466436,2014-01-14,21.491719212214413,44957,18.95252549095213,0.532490227845734,1.0649804556914688,66276.20578026709,65716.36670962705,1.3842632113033841,trailing_stop,90,1.3842632113033841,269.97810445297694,289.860966187057
BNY,2013-11-04,24.02709676917855,2014-01-14,24.904223745970764,18945,23.286786773920852,0.37015499762884824,0.7403099952576966,16617.170575328524,16339.069415180673,1.1848103934985965,trailing_stop,71,1.1848103934985965,136.55800448762628,141.54315566022484
PRU,2013-11-08,49.936632666147965,2014-01-14,53.221759418983545,8995,48.06817264964772,0.9342300082501224,1.8684600165002436,29549.715141756045,29271.34222071432,1.7582001882966984,trailing_stop,67,1.7582001882966984,134.75400324960026,143.6189177921271
MA,2013-12-12,73.41183195090638,2014-01-14,75.33889772124326,12440,71.24209521168864,1.0848683696088672,2.16973673921774,23972.698182990804,23417.560459854343,0.8881564917556084,trailing_stop,33,0.8881564917556084,273.9729568407826,281.16476629567984
ICE,2013-11-21,36.764668612019456,2014-01-16,35.706233890166246,24754,35.455331337914025,0.6546686370527153,1.309337274105431,-26200.493104754365,-26738.6765209161,-0.8083743912173865,trailing_stop,56,-0.8083743912173865,273.0217820465789,265.1616341151526
UNM,2013-11-11,22.74253389918541,2014-01-24,22.66286119669928,20111,21.878440526404802,0.43204668639030447,0.8640933727806086,-1602.2977196985985,-1876.2420899305996,-0.09220381152762366,trailing_stop,74,-0.09220381152762366,137.21252977395534,136.73184045804575
AMP,2013-11-11,79.79214180686486,2014-01-24,84.92818802424297,5732,77.23555903223927,1.2782913873128003,2.5565827746255962,29439.81691801132,29156.563838833743,2.008949707536955,trailing_stop,74,2.008949707536955,137.2105670510848,146.04251212648822
MRK,2014-01-14,34.33525935135861,2014-01-24,33.444715522431885,27777,33.33090551440135,0.5021769184786278,1.0043538369572573,-24736.635936097606,-25301.453244718392,-0.8866833541699538,stop_loss,10,-0.8866833541699538,286.1191497008064,278.6981589199772
CAH,2013-11-04,43.54040652838883,2014-01-27,47.3397735766859,20909,41.948566453944366,0.7959200372222315,1.5918400744444625,79440.96561284347,78870.90150709837,2.3867768561003313,trailing_stop,84,2.3867768561003313,273.1159080306246,296.94819771447766
DHR,2013-11-11,30.268557000438417,2014-01-27,30.132847957668254,15110,29.439699848855202,0.4144285757916073,0.8288571515832146,-2050.5636362571604,-2324.3632049322578,-0.16373031530335788,trailing_stop,77,-0.16373031530335788,137.20736888298734,136.5921997921102
VLO,2013-12-03,29.4924783466143,2014-01-27,31.163457403408312,31351,28.08026033588974,0.7061090053622788,1.4122180107245583,52386.86440954913,51816.377137039446,1.1832302407308164,trailing_stop,55,1.1832302407308164,277.38560659341147,293.1016659162762
RVTY,2013-12-11,37.9343938229495,2014-01-27,39.748749866032085,24336,36.762045715618996,0.5861740536652518,1.1723481073305067,44154.168664457735,43587.01956901322,1.5476256853554866,trailing_stop,47,1.5476256853554866,276.95142242258976,290.1976730219271
ADSK,2013-12-16,47.757709083557124,2014-01-27,50.57937106704712,19132,45.68344760761229,1.0371307379724177,2.0742614759448372,53984.0370681306,53419.62156289819,1.3603212595001861,trailing_stop,42,1.3603212595001861,274.1101470559845,290.3053581764237
V,2013-12-18,48.8012605971178,2014-01-27,50.75383905798798,9322,47.24964475500674,0.7758079210555323,1.5516158421110617,18201.936412231804,17923.520620536336,1.2584161671187788,trailing_stop,40,1.2584161671187788,136.47760538589966,141.93818630956918
WYNN,2013-12-31,159.93664371577438,2014-01-27,161.07869528708468,5840,153.65161672800886,3.1425134938827632,6.285026987765519,6669.581176452177,6107.1623025191675,0.1817098913868517,trailing_stop,27,0.1817098913868517,280.2089997900367,282.20987414297235
FDX,2013-10-16,101.1495004813436,2014-01-28,111.27351822474137,8897,97.17304363305311,1.9882284241452381,3.976456848290482,90073.38586300997,89506.40758378156,2.5459895906452967,trailing_stop,104,2.5459895906452967,269.9781317347542,297.0001474936572
TDG,2013-11-27,85.06064453214425,2014-01-28,91.3470613318343,10861,81.81781444780532,1.6214150421694646,3.2428300843389337,68276.77286143358,67701.98363341698,1.938558800860379,trailing_stop,62,1.938558800860379,277.1530980790856,297.6361299375157
WDAY,2014-01-08,88.33824999999999,2014-01-28,87.02289060974121,10642,83.91302680115169,2.2126115994241475,4.4252231988483,-13998.054631133908,-14557.912608644567,-0.29724136640183707,trailing_stop,20,-0.29724136640183707,282.02869695,277.8292805606598
XBI,2014-01-10,47.968541322945235,2014-01-28,47.84694270160283,20075,46.00335272340242,0.982594299771408,1.965188599542813,-2441.0923234488287,-3018.141075986669,-0.061876311195117065,trailing_stop,18,-0.061876311195117065,288.8905401174377,288.158212420403
JAZZ,2014-01-14,147.147,2014-01-28,145.30454695129396,6481,138.61976957523464,4.263615212382669,8.52723042476535,-11940.938208663805,-12509.551751401206,-0.21606699443175115,stop_loss,14,-0.21606699443175115,286.0979121,282.5156306374008
TER,2014-01-16,18.183248204239117,2014-01-28,17.457797826119585,53259,17.467687960128195,0.3577801220554602,0.7155602441109217,-38636.76168826818,-39206.22362942745,-1.013821525287363,stop_loss,12,-1.013821525287363,290.52648483287135,278.9354563263909
VMC,2014-01-24,55.28368762019203,2014-01-28,53.70533928775277,17525,53.20181366964144,1.0409369752752957,2.0818739505505945,-27660.554525998064,-28233.564334966584,-0.75813827826696,stop_loss,4,-0.75813827826696,290.6539876631596,282.35582130536017
GNTX,2013-12-18,13.3211390625915,2014-01-30,13.27552148751612,68301,12.72336124227329,0.29888891015910496,0.5977778203182105,-3115.7259952236054,-3660.6995488934754,-0.07631192313407992,stop_loss,43,-0.07631192313407992,272.95413573421865,272.0194179356515
CRL,2014-01-14,57.96790984725951,2014-01-30,56.83310939025879,16453,55.825373257514094,1.0712682948727077,2.1425365897454185,-18670.871919032877,-19237.518269887343,-0.5296527781285462,trailing_stop,16,-0.5296527781285462,286.1238062150883,280.52254463937834
UNG,2014-01-27,386.7863938903808,2014-01-31,388.7308751220703,2438,364.7517202222478,11.017336834066507,22.034673668132996,4740.645242859021,4173.431912303315,0.08824642747043072,trailing_stop,4,0.08824642747043072,282.8955684914245,284.31776206428225
SYNA,2014-01-27,61.59152877807617,2014-02-03,58.43151167678833,15310,57.480691295572036,2.0554187412520664,4.110837482504131,-48379.86182071675,-48931.12764552594,-0.7687039720584866,stop_loss,7,-0.7687039720584866,282.8898916777039,268.3759331314888
WAT,2014-01-29,110.12001213836669,2014-02-04,105.36453121948242,8576,106.71036904540509,1.7048215464807979,3.409643092961602,-40783.00436035154,-41337.40299350261,-1.3947151620358256,stop_loss,6,-1.3947151620358256,283.3167672295898,271.08186592148434
OSK,2014-01-29,46.02342012443018,2014-02-04,42.16467828052568,20520,43.55587587625421,1.233772124087986,2.467544248175969,-79181.38263692042,-79724.26857070133,-1.5637984391797313,stop_loss,6,-1.5637984391797313,283.3201742859922,259.56575949491605
RCL,2014-01-31,42.83610243326856,2014-02-04,41.42472126304503,22119,41.02956833032803,0.9032670514702626,1.8065341029405246,-31218.340104174218,-31777.469651975847,-0.7812646148922405,stop_loss,4,-0.7812646148922405,284.24752491644017,274.8820228851879
GOOGL,2014-02-03,29.29688085776359,2014-02-04,28.21654297736804,32295,28.254653117990006,0.5211138698867923,1.0422277397735833,-34889.5118473743,-35446.73065420097,-1.0365660394245946,stop_loss,1,-1.0365660394245946,283.84283019044256,273.37597663623023
GOOG,2014-02-03,29.159881522675057,2014-02-04,28.084594578978663,16223,28.122526892887883,0.5186773148935869,1.037354629787174,-17444.3800875866,-17722.98322832574,-1.0365663899499848,stop_loss,1,-1.0365663899499848,141.91822738270722,136.68491335643125
TSN,2014-02-03,28.582632098436378,2014-02-05,27.06678138070567,33102,27.35370256678911,0.6144647658236336,1.2289295316472675,-50177.69045832187,-50730.32252381784,-1.233472447926976,stop_loss,2,-1.233472447926976,283.84268631673234,268.7893791792357
AEE,2014-02-03,25.86583625306088,2014-02-06,25.18671520373858,36579,25.17368197601767,0.3460771385216054,0.6921542770432119,-24841.568863160457,-25401.80424708194,-0.9811700539125658,stop_loss,3,-0.9811700539125658,283.8439272902142,276.39145663126607
NEE,2014-02-03,16.676363132783948,2014-02-06,16.151249159310183,28368,16.191576576809922,0.24239327798701288,0.48478655597402565,-14896.433199503761,-15175.809311154399,-1.083185923790139,stop_loss,3,-1.083185923790139,141.92252080524452,137.4535908453934
PANW,2014-02-07,11.199520890235899,2014-03-03,11.62003547000885,83363,10.383997944678807,0.40776147277854574,0.8155229455570918,35055.356913612464,34484.66491055474,0.5156379499361513,trailing_stop,24,0.5156379499361513,280.08769799182056,290.60430506590427
NFG,2014-01-31,50.56772901985397,2014-03-12,49.35396042472947,18737,48.88032944370609,0.8436997880739394,1.6873995761478824,-22742.382166847736,-23304.051975384682,-0.7193130852239382,trailing_stop,40,-0.7193130852239382,284.2462615935011,277.4235469434468
FFIV,2014-01-24,102.27216816711424,2014-03-14,107.42246878051758,9473,97.25144596427646,2.5103611014188965,5.0207222028377885,48788.79771076976,48192.866522028286,1.0258087194093917,trailing_stop,49,1.0258087194093917,290.647274714122,305.2839140273529
AAL,2014-01-29,30.424384803882806,2014-03-14,33.9047454636437,31042,28.52385151825501,0.9502666428138967,1.9005332856277946,108037.35560029767,107438.28414176831,1.83125477784581,trailing_stop,44,1.83125477784581,283.33012592463905,315.74133260472837
ORLY,2014-02-12,10.076733269691466,2014-03-14,9.721601446151734,47431,9.676839326255251,0.1999469717181071,0.399893943436215,-16844.25752231305,-17125.9739664852,-0.8880650216608688,trailing_stop,30,-0.8880650216608688,143.38486071442077,138.33158345772688
INCY,2013-11-18,47.997950763702384,2014-03-24,59.370570304870604,19392,43.7588762011616,2.1195372812703943,4.239074562540786,220537.8381423341,219913.21103416558,2.682807148915017,trailing_stop,126,2.682807148915017,279.232878362915,345.3942298056153
NOW,2014-01-31,12.810798336029052,2014-03-24,12.513474022865296,73961,11.803794056620982,0.5035021397040353,1.0070042794080702,-21990.403525904556,-22552.30607828541,-0.2952562558507963,trailing_stop,52,-0.2952562558507963,284.24983671931346,277.652715661542
IDXX,2014-02-05,57.307249999999996,2014-03-24,61.0988398475647,16221,54.8778426809177,1.2147036595411458,2.4294073190822942,61503.37891734702,60927.17936232182,1.560705698786225,trailing_stop,47,1.560705698786225,278.874270675,297.3252843502041
META,2014-01-31,60.05916140341387,2014-03-25,64.32036561584472,15776,55.64395723312065,2.207602085146609,4.415204170293215,67224.75765530916,66636.09422983242,0.9651205353314083,trailing_stop,53,0.9651205353314083,284.24799909007714,304.41542638666994
CPRI,2014-02-05,88.46837725067138,2014-03-25,94.73517182922363,10507,82.84057015963279,2.813903545519297,5.627807091038591,65845.2106368485,65267.73472979376,1.1135411141812497,trailing_stop,48,1.1135411141812497,278.8611719318413,298.6147351228958
CMG,2014-02-03,11.015204181671141,2014-03-26,11.457530862808227,85896,10.475875040469342,0.2696645706008997,0.5393291412017991,37994.092602951125,37414.99718813695,0.8201423719687008,trailing_stop,51,0.8201423719687008,283.8485935166473,295.2468212975326
AKAM,2014-02-07,57.046991680145254,2014-03-26,58.59135152435303,16365,53.735574627999476,1.6557085260728877,3.311417052145778,25273.44885046025,24705.722404497767,0.4663743104200783,trailing_stop,47,0.4663743104200783,280.0722056536731,287.6542403088112
NVR,2014-01-28,1051.1500755615234,2014-03-27,1130.8879995117188,886,1008.0390693337733,21.555503113875048,43.11100622775007,70647.80061987313,70067.81489951866,1.849595519272965,trailing_stop,58,1.849595519272965,279.3956900842529,300.59003027021487
JLL,2014-01-30,108.49996211110462,2014-03-27,113.31464918625208,8707,104.72019578039362,1.8898831653555022,3.7797663307109985,41921.48036330894,41342.07841713911,1.273805482637279,trailing_stop,56,1.273805482637279,283.41275103041636,295.9891951394091
EQT,2014-02-05,47.52775266536528,2014-03-27,47.269085983310156,19559,45.340644025036994,1.093554320164141,2.187108640328283,-5059.261634316123,-5615.501044454955,-0.11826878522883798,trailing_stop,50,-0.11826878522883798,278.8785943145638,277.36081582426897
VMC,2014-02-07,59.92317533858382,2014-03-27,58.54374993936094,15580,56.34531669364127,1.7889293224712712,3.5778586449425447,-21491.44771989239,-22045.1621286415,-0.38554496868476096,trailing_stop,48,-0.38554496868476096,280.08092153254074,273.63348721657303
ECL,2014-03-12,97.02545417215957,2014-03-27,93.73990451381111,10143,94.26020701543797,1.3826235783607999,2.7652471567215997,-33325.33018462841,-33905.81009457395,-1.1881576843365114,stop_loss,15,-1.1881576843365114,295.2387545004643,285.24115544507583
ALV,2014-03-24,54.01521891598375,2014-03-28,53.382079254400885,17942,52.52123535911663,0.7469917784335607,1.4939835568671214,-11359.791808119793,-11937.868505251705,-0.423792925077809,stop_loss,4,-0.423792925077809,290.74231733717414,287.3343797947382
FANG,2014-03-31,53.84314762047552,2014-04-02,50.772322969647085,17690,50.1166709902271,1.863238315124209,3.7264766302484205,-54322.88807315501,-54878.08237557679,-0.8240557919784197,stop_loss,2,-0.8240557919784197,285.7455844218636,269.4487179999171
MCK,2013-10-09,122.61643847190159,2014-04-07,157.13144511867225,7146,118.58348109263535,2.0164786896331175,4.032957379266236,246644.2374978231,246044.51398498166,8.558237392791487,trailing_stop,180,8.558237392791487,262.8651207960626,336.85839204540963
MTZ,2014-03-03,40.500459083557125,2014-04-08,41.22873045730591,24202,38.610897462180894,0.9447808106881155,1.889561621376231,17625.623787468034,17032.220833887644,0.3854181655205074,trailing_stop,36,0.3854181655205074,294.05763322207486,299.3453203583153
WSM,2014-03-14,24.372188574088646,2014-04-08,24.210414511652974,39837,23.368559015823504,0.5018147791325719,1.0036295582651427,-6444.593325249867,-7025.208872987874,-0.16118901750493678,trailing_stop,25,-0.16118901750493678,291.2744628677908,289.34108487021587
ORCL,2014-04-01,34.30662595695258,2014-04-08,33.00136190715566,27914,32.99438768378774,0.6561191365824188,1.3122382731648372,-36435.14068603117,-36998.791238002785,-0.9946852461854363,stop_loss,7,-0.9946852461854363,287.2905470887123,276.36000488290296
SCI,2014-04-01,16.31917478739539,2014-04-08,15.747226367729874,58682,15.787585507988922,0.26579463970323397,0.531589279406468,-33563.07716281179,-34127.5933285873,-1.0759216594888998,stop_loss,7,-1.0759216594888998,287.2925444621809,277.22362131333733
APTV,2014-04-02,54.42217210809751,2014-04-08,51.19779610161075,17629,52.501755207198144,0.9602084504496853,1.9204169008993688,-56842.52461835517,-57401.11694422586,-1.6789979326763507,stop_loss,6,-1.6789979326763507,287.82254162809534,270.76978424258874
STZ,2013-10-14,52.893171123336444,2014-04-14,66.59629439360084,16941,51.00159296991351,0.9457890767114678,1.891578153422934,232144.6113215492,231537.3300109525,7.244280785051204,trailing_stop,182,7.244280785051204,268.8189636001328,338.46234699659755
APH,2014-03-24,10.369362324986085,2014-04-14,10.21142442213197,93466,10.054642632644562,0.15735984617076132,0.31471969234152297,-14761.824028162757,-15338.905172394598,-0.5018367350293629,trailing_stop,21,-0.5018367350293629,290.75484572014483,286.326298511696
AVT,2014-03-26,35.91027514478642,2014-04-14,34.90392208495571,26589,34.42404626388594,0.7431144404502397,1.4862288809004767,-26757.921507838702,-27322.785114881186,-0.6771184928266087,trailing_stop,19,-0.6771184928266087,286.44549174741786,278.41811529506623
GLW,2014-03-26,14.984104737241724,2014-04-14,14.917402967034874,63723,14.441255324599407,0.2714247063211588,0.5428494126423171,-4250.436902891072,-4822.061035522958,-0.12287343166160751,trailing_stop,19,-0.12287343166160751,286.4496318513763,285.174500780509
ESS,2014-04-02,117.00028645427182,2014-04-14,112.62954065528288,8200,112.61730608900093,2.1914901826354414,4.382980365270882,-35840.11555170926,-36405.00492639877,-0.9972086194182185,stop_loss,12,-0.9972086194182185,287.8207046775087,277.0686700119959
MSM,2014-04-10,52.415876579978686,2014-04-15,50.40828948798142,18133,50.25741333307001,1.079231623454338,2.158463246908674,-36403.57673918642,-36962.929920179515,-0.9301001973846479,stop_loss,5,-0.9301001973846479,285.13712700742605,274.2160539856701
EMB,2014-04-11,63.356299380247414,2014-04-16,62.98780755038419,14844,62.80398007427037,0.27615965298852146,0.5523193059770435,-5469.892722489698,-6032.528299473187,-0.6671717353992692,stop_loss,5,-0.6671717353992692,282.1382724001178,280.49730458337086
EW,2014-04-15,13.566886615753173,2014-04-22,13.175144225120544,69282,12.86534344110085,0.3507715873261615,0.7015431746523237,-27140.696307809812,-27696.518722025037,-0.5584009720097012,stop_loss,7,-0.5584009720097012,281.9823115537834,273.8401026614404
INTC,2014-04-09,20.23774873847207,2014-04-29,19.769814035298626,46694,19.568327732800714,0.3347105028356791,0.6694210056713565,-21849.743029980815,-22410.17697082835,-0.6990140721744409,stop_loss,20,-0.6990140721744409,283.4944318782645,276.93950896927026
SO,2014-04-16,27.044735153656006,2014-05-05,26.581156507487297,34999,26.388106621496846,0.32831426607958075,0.6566285321591607,-16224.78903725867,-16787.844811933177,-0.7059983285288347,trailing_stop,19,-0.7059983285288347,283.96160569284194,279.0941689816643
ATO,2014-04-10,36.25605644929658,2014-05-09,37.54003664333521,26216,35.18635186282381,0.5348522932363832,1.069704586472767,33660.82476691682,33080.433253961884,1.2003128810285997,trailing_stop,29,1.2003128810285997,285.14663276242777,295.24488019250276
EIX,2014-03-24,33.32159137262886,2014-05-13,34.14836640395918,29085,32.251433539378404,0.5350789166252281,1.0701578332504553,24046.75178624239,23458.04266966277,0.7725729846961986,trailing_stop,50,0.7725729846961986,290.7475455218731,297.9615710577458
EXC,2014-03-24,15.176296760730365,2014-05-19,16.10949845692738,63861,14.637136494704528,0.2695801330129188,0.5391602660258368,59595.19352083758,58995.810870319125,1.7308428587953395,trailing_stop,56,1.7308428587953395,290.7520462311005,308.6306042873518
CAT,2014-01-31,67.95047968174518,2014-05-21,75.11241101742468,13944,65.48310397163452,1.2336878550553292,2.467375710110659,99865.97054471492,99267.50986034215,2.902651309377725,trailing_stop,110,2.902651309377725,284.2504466046764,314.21023776809096
ATI,2014-04-07,36.47389759813269,2014-06-04,37.50003193554784,26124,34.91374208766631,0.7800777552331903,1.5601555104663802,26806.7334306334,26226.98495009204,0.6577128565269795,trailing_stop,58,0.6577128565269795,285.8532302560855,293.8952502852755
PPL,2014-03-14,17.710181963491806,2014-06-13,18.601561984368775,54822,17.274326230070645,0.21792786671057982,0.43585573342116035,48867.235504517215,48270.03077650433,2.0451262941530315,trailing_stop,91,2.0451262941530315,291.2722786807643,305.93244933211946
HOG,2014-04-23,53.54424731556429,2014-06-13,52.10421759661363,17740,51.18271447615411,1.180766419705091,2.361532839410181,-25546.127214184737,-26108.388344447347,-0.6097860232637397,trailing_stop,51,-0.6097860232637397,284.96248421343313,277.29864604917776
CCK,2014-04-17,43.75137453776007,2014-06-17,46.09654472976977,21745,42.31543217498081,0.7179711813896306,1.435942362779258,50995.725825250855,50409.60292390912,1.6331924266588482,trailing_stop,61,1.6331924266588482,285.41209179707784,300.71080954465305
AAPL,2014-04-29,18.510693699278082,2014-06-23,20.00049378092668,51591,17.883429662866227,0.3136320182059281,0.6272640364118551,76860.27601233272,76264.22681034534,2.3750765150999484,trailing_stop,55,2.3750765150999484,286.4955595918367,309.5536423955365
BKR,2014-04-21,36.03192989618663,2014-06-25,37.631095387330895,26379,34.61506661077192,0.7084316427073565,1.4168632854147134,42184.386490894496,41601.43940770833,1.1286660524033476,trailing_stop,65,1.1286660524033476,285.14588361945215,297.80119956672047
XOP,2014-06-13,258.12805923980375,2014-06-25,257.6666236193599,1913,249.5571523623444,4.285453438729669,8.57090687745935,-882.7263419091137,-1178.7409104019875,-0.05383743249590025,trailing_stop,12,-0.05383743249590025,148.13969319772337,147.87487529515062
VMI,2014-05-15,138.38227657413015,2014-06-26,131.9001575937151,6933,132.9068288524821,2.737723860824019,5.475447721648038,-44940.53089121746,-45502.69132604316,-1.18385186197413,stop_loss,42,-1.18385186197413,287.82129704653335,274.339137779168
OVV,2014-04-17,89.3247481433726,2014-07-03,89.29654953477977,10651,85.48705371576519,1.9188472138037072,3.837694427607417,-300.3433801222426,-871.0920125932429,-0.00734779934274527,trailing_stop,77,-0.00734779934274527,285.4193677425185,285.3292647284818
CNP,2014-07-01,16.965574408654863,2014-07-03,16.494819780791307,30072,16.516164609538738,0.224704899558063,0.44940979911612544,-14156.533169112861,-14458.399461332368,-1.047495245518479,stop_loss,2,-1.047495245518479,153.0566260851207,148.80966613438684
ETR,2014-04-10,21.753683185583615,2014-07-07,24.065930264479135,43694,21.127689709667948,0.31299673795783406,0.6259934759156671,101031.32386526087,100430.71120823476,3.6937239250190252,trailing_stop,88,3.6937239250190252,285.15162993326715,315.4610270928454
XLU,2014-06-19,14.849043888540587,2014-07-07,14.508914393027036,33868,14.508202305415193,0.17042079156269757,0.34084158312539437,-11519.505754052952,-11817.79435337699,-0.9979107959618261,stop_loss,18,-0.9979107959618261,150.87222552512776,147.41637379891188
NI,2014-06-26,10.65315950838371,2014-07-07,10.337443487515252,94894,10.343810023171937,0.15467474260588723,0.30934948521177397,-29959.556084291555,-30557.120768499404,-1.020580398420016,stop_loss,11,-1.020580398420016,303.27627551656917,294.2884086912817
UHS,2014-06-04,88.22750084073918,2014-07-09,88.71755888204751,11027,84.68389233873907,1.7718042510000562,3.5436085020001116,5403.870021506959,4818.518069438009,0.1382935053439814,trailing_stop,35,0.1382935053439814,291.8653955312493,293.4865565377014
RH,2014-06-13,80.69061061096191,2014-07-11,85.11479695129394,12241,74.37259974598612,3.159005432487893,6.31801086497579,54156.46499200435,53547.577793813485,0.7002498784637625,trailing_stop,28,0.7002498784637625,296.32012934663544,312.56706884423676
XLE,2014-04-21,29.393612815863857,2014-07-14,31.37489986549904,16168,28.70269155631366,0.3454606297750987,0.6909212595501977,32033.44901850161,31738.69742459193,2.8676018030260573,trailing_stop,84,2.8676018030260573,142.57077960206607,152.18081430761657
JNJ,2014-03-26,70.05805925293629,2014-07-16,74.75198520120045,13629,68.2705835223259,0.8937378653052006,1.7874757306103959,63973.51674889232,63381.43192013269,2.626008212520604,trailing_stop,112,2.626008212520604,286.4463868674806,305.63844189214825
STZ,2014-07-03,77.04775399410649,2014-07-17,73.39098123595028,13166,74.44282290682979,1.3024655436383463,2.6049310872766966,-48145.070133884634,-48739.27305029631,-1.4037886744939385,stop_loss,14,-1.4037886744939385,304.3232187259218,289.87969768575647
AN,2014-06-23,59.32927045822143,2014-07-18,55.84410152435303,17175,57.41337754845676,0.9579464548823371,1.915892909764672,-59857.77643918979,-60451.20723833,-1.8190833715734573,stop_loss,25,-1.8190833715734573,305.6940660359859,287.73673310422896
TAP,2014-05-09,47.302216622436255,2014-07-29,53.006435110300025,20252,45.85679285089788,0.7227118857691857,1.4454237715383726,115521.83281621707,114912.39757174965,3.9463986964824427,trailing_stop,81,3.9463986964824427,287.3893473112737,322.04589715613884
ST,2014-07-08,45.56534604648509,2014-07-29,45.039501715303615,22137,44.36073313296591,0.6023064567595874,1.2046129135191777,-11640.6159593643,-12242.331813835115,-0.4365255637557989,stop_loss,21,-0.4365255637557989,302.6040196293121,299.11183484150285
UNP,2014-05-19,74.9500708465311,2014-07-30,77.07424842765103,12755,73.00720218419295,0.9714343311690756,1.9428686623381566,27093.88504718462,26512.16398948196,1.093320213710982,trailing_stop,72,1.093320213710982,286.7964460942513,294.9246116084066
SLB,2014-03-26,69.18214839573392,2014-07-31,79.24700556524868,13801,66.8357362132512,1.1732060912413593,2.346412182482723,138905.0937964733,138290.5525703286,4.289466805812953,trailing_stop,127,4.289466805812953,286.4348490028571,328.1063771417991
ADM,2014-07-08,32.944793469613,2014-07-31,32.836576909749425,30617,32.03877917205087,0.45300714878106685,0.9060142975621304,-3313.2664133431754,-3917.4748784146573,-0.1194424416422162,trailing_stop,23,-0.1194424416422162,302.6012224977424,301.6072425737394
HST,2014-04-17,12.992528957366941,2014-08-01,13.49088962028982,73227,12.541651800925438,0.22543857822075153,0.4508771564415035,36493.45626385367,35911.66587619785,1.105313622131877,trailing_stop,106,1.105313622131877,285.4211753883327,296.3692122674888
HAL,2014-04-22,50.22320042480651,2014-08-01,54.837926720134725,9450,48.12727176977215,1.0479643275171784,2.0959286550343563,43609.16349085166,43311.31519539575,2.2017573376096498,trailing_stop,101,2.2017573376096498,142.38277320432644,155.46552225158194
VRTX,2014-06-25,92.35226213836668,2014-08-01,89.51039847564697,10880,84.54368578255037,3.9042881779081595,7.808576355816314,-30919.476650390527,-31513.076374634667,-0.3639413297921996,trailing_stop,37,-0.3639413297921996,301.4377836196289,292.1619406245117
PPC,2014-07-07,18.39585065302722,2014-08-01,17.796167355984775,55216,17.31828575237209,0.5387824503275647,1.0775649006551298,-33112.11292949572,-33711.6264694114,-0.5565171032184284,trailing_stop,25,-0.5565171032184284,304.7235868972653,294.7899530184166
SNA,2014-07-18,94.50880721836215,2014-08-01,91.39955736778825,10584,91.84251027422896,1.3331484720665978,2.666296944133194,-32908.30041847419,-33498.596657708134,-1.1661303732186934,stop_loss,14,-1.1661303732186934,300.08436467974354,290.2118745542012
COP,2014-05-05,51.3663552896798,2014-08-04,55.13380715651808,18558,50.03616982773504,0.6650927309723839,1.3301854619447653,69916.37174478477,69323.44274038181,2.832275629693146,trailing_stop,91,2.832275629693146,285.97704643976334,306.9519579631988
WMB,2014-06-17,28.90440865708435,2014-08-04,28.80500716047237,34441,27.648861643899668,0.6277735065923414,1.2555470131846818,-3423.4869448131517,-4019.757941864893,-0.07916987222951345,trailing_stop,48,-0.07916987222951345,298.6490215675926,297.6219754841487
WM,2014-07-30,36.14931706814939,2014-08-04,35.058499358281026,27850,35.37321803847296,0.38804951483821226,0.7760990296764234,-30379.273219833853,-30974.214526076677,-1.4055135596847121,stop_loss,5,-1.4055135596847121,302.02754410438814,292.91376213843796
INTC,2014-07-17,25.921953245440832,2014-08-06,24.823896211952555,39310,25.083733090751547,0.41911007734464245,0.8382201546892851,-43164.6219864242,-43763.06778907524,-1.3099864365529483,stop_loss,20,-1.3099864365529483,305.6975946234837,292.7482080275565
DVN,2014-04-01,44.88098744800848,2014-08-07,50.079510954843464,21337,43.4888358900557,0.6960757789763921,1.3921515579527863,110920.89606533799,110313.0444190115,3.734164916986204,trailing_stop,128,3.734164916986204,287.28768875344707,320.56395757304847
ACM,2014-07-16,33.876745477069775,2014-08-07,33.11986565949181,29872,32.341578207284776,0.7675836348924985,1.5351672697849992,-22609.51391068905,-23209.91074105046,-0.49302758889848464,stop_loss,22,-0.49302758889848464,303.5898422673085,296.8069880941018
FXI,2014-07-29,31.1818032361683,2014-08-07,30.274154769017372,32428,30.47396416709335,0.3539195345374749,0.7078390690749501,-29433.224492770285,-30031.092634627934,-1.282280827387928,stop_loss,9,-1.282280827387928,303.34905460273967,294.5190872549086
CTAS,2014-08-12,14.11921453343918,2014-08-18,14.242753762678989,69393,13.734306850599276,0.1924538414199516,0.38490768283990384,8572.757734638033,7982.321114846275,0.32095807578668856,stop_loss,6,0.32095807578668856,293.93239623568354,296.5042235560749
MNST,2014-08-18,15.346998613357542,2014-08-25,14.445540038108826,64754,14.453523524844147,0.4467375442566972,0.8934750885133944,-58373.04858165536,-58951.804396006475,-1.0089353210156145,stop_loss,7,-1.0089353210156145,298.1338644628063,280.62194988830964
THC,2014-08-08,56.93688106918334,2014-09-05,56.75319137191772,8607,53.4720868952183,1.7323970869825227,3.4647941739650463,-1581.0172243651962,-1874.5763604153633,-0.0530160488740979,trailing_stop,28,-0.0530160488740979,147.0167206087383,146.54241544142874
KMI,2014-08-12,21.637186491675198,2014-09-05,21.68822884424159,45282,20.67207468436795,0.4825559036536237,0.9651118073072489,2311.2998089113175,1722.7413717390223,0.052887501924573775,trailing_stop,24,0.052887501924573775,293.93252361481086,294.6259135574843
GAP,2014-08-25,30.60529482371737,2014-09-08,29.51729930835742,32850,29.578078728106547,0.5136080478054105,1.0272160956108216,-35740.65267957435,-36333.16084474595,-1.0591690687177038,stop_loss,14,-1.0591690687177038,301.6151804877347,290.8929846838624
SCI,2014-08-04,17.353571328912803,2014-09-09,17.811146486074637,56493,16.82715839596483,0.26320646647398754,0.5264129329479736,25849.793353543493,25253.82523248687,0.8692323621294028,trailing_stop,36,0.8692323621294028,294.1065915252813,301.86152953134433
CAR,2014-08-12,59.897595197933015,2014-09-09,61.590806287324725,16357,57.05729340513294,1.4201508964000398,2.8403017928000764,27695.853789180197,27099.69805425189,0.5961377391951291,trailing_stop,28,0.5961377391951291,293.9234893957771,302.2322455325311
CPAY,2014-08-14,142.6124712219238,2014-09-09,141.17868731689452,6909,136.12756843584043,3.242451393041697,6.484902786083381,-9906.012999847344,-10494.226934150753,-0.2210956667085575,trailing_stop,26,-0.2210956667085575,295.5928691016815,292.6210652017273
WEX,2014-08-14,113.16305305480955,2014-09-10,111.3185703048706,8707,108.36140627427993,2.4008233902648133,4.801646780529623,-16059.911303718416,-16646.279752096238,-0.3841354506579304,trailing_stop,27,-0.3841354506579304,295.5932108844681,290.7752374933525
AMT,2014-07-31,72.36326448436571,2014-09-15,72.21864766247789,13846,70.54204360392278,0.9106104402214683,1.8212208804429366,-2002.364515858794,-2602.928862534353,-0.07940652528245268,trailing_stop,46,-0.07940652528245268,300.5825280151583,299.9818186604007
WDC,2014-07-14,61.82854097830452,2014-09-16,60.97803636987764,16367,59.25821771371065,1.2851616322969337,2.570323264593867,-13920.208926122648,-14523.201501559957,-0.3308940241651904,trailing_stop,64,-0.3308940241651904,303.584319057573,299.4082563797362
COO,2014-07-10,37.1536996695814,2014-09-18,39.3495646859403,27281,35.767599991754594,0.6930498389134019,1.386099677826806,59905.393511287184,59279.26784482229,1.5842042614147955,trailing_stop,70,1.5842042614147955,304.07702420575504,322.0486422591412
AA,2014-03-28,28.17446279297569,2014-09-23,34.846134968867474,33587,26.6723176639188,0.7510725645284445,1.5021451290568884,224081.4533716774,223446.4515265693,4.44142982381506,trailing_stop,179,4.44142982381506,283.8887045483023,351.1131405598056
EXPE,2014-08-04,79.50384447878388,2014-09-23,78.09309588546125,12331,75.95172135613413,1.7760615613248725,3.5521231226497463,-17395.940904261264,-17978.939265750716,-0.39715644548668094,trailing_stop,50,-0.39715644548668094,294.10857188036516,288.88978960908685
CDNS,2014-05-21,16.316299236297606,2014-09-24,17.142839847564698,58351,15.605025672086988,0.35563678210530913,0.711273564210618,48229.47120804607,47643.75894064133,1.1620572629947223,trailing_stop,126,1.1620572629947223,285.6217130211605,300.0905543835743
TDG,2014-08-06,108.856043206351,2014-09-24,115.22515629229191,9017,105.4844726019335,1.6857853022087532,3.3715706044174993,57430.29269592919,56824.13064316541,1.889064128627759,trailing_stop,49,1.889064128627759,294.4664824775001,311.69557028627884
APH,2014-08-13,11.201658232103833,2014-09-24,11.410139368585437,87472,10.929553254941274,0.1360524885812799,0.27210497716255944,18236.26197031884,17642.89222240059,0.7661790631527261,trailing_stop,42,0.7661790631527261,293.94943466357597,299.4203132546716
BRK-B,2014-08-15,135.92578327941894,2014-09-26,136.863,7283,132.70087919074172,1.6124520443386046,3.2249040886772207,6825.749375991879,6229.733163404676,0.29061847881667907,trailing_stop,42,0.29061847881667907,296.98424388720247,299.0319687
NUE,2014-09-05,42.130300662836326,2014-09-26,41.99517195815188,23810,40.927194970987486,0.6015528459244204,1.2031056918488403,-3217.414458536697,-3818.322709468416,-0.11231657002369609,trailing_stop,21,-0.11231657002369609,300.9367376346399,299.9715132970789
NKE,2014-09-08,35.37118088145388,2014-09-26,37.911851947061535,28448,34.383440506879154,0.4938701872873654,0.9877403745747273,72277.01047440655,71651.58375903487,2.572205339587888,stop_loss,18,2.572205339587888,301.87180611468,323.554909257002
HCA,2014-07-30,60.00146975603176,2014-10-02,63.74819125987837,16778,56.69978494101062,1.6508424075105694,3.30168481502114,62862.49339153839,62239.61184778091,1.1347907852381174,trailing_stop,64,1.1347907852381174,302.0113978700103,320.8701458874717
XPO,2014-09-09,11.493833654403685,2014-10-02,12.590313800811767,87248,10.875149550720675,0.3093420518415051,0.6186841036830106,95665.69981381232,95035.31170466052,1.7722778715030232,trailing_stop,23,1.7722778715030232,300.8441996038238,329.54390954796753
SPGI,2014-09-09,75.75619899063085,2014-10-02,73.61616450584913,13237,73.90613278152041,0.9250331045552214,1.8500662091104374,-28327.636475055657,-28920.80906773653,-1.156733999163581,stop_loss,23,-1.156733999163581,300.8354418116942,292.3371508691775
ELV,2014-09-10,102.75701252884457,2014-10-02,100.26449135210254,9713,99.36038778159707,1.6983123736237515,3.3966247472475004,-24209.858189695344,-24801.442549854037,-0.7338229454878341,trailing_stop,22,-0.7338229454878341,299.4236588078002,292.1607013508916
SCHW,2014-09-15,25.54925656010314,2014-10-02,24.952369674903213,39234,24.62979664908729,0.4597299555079247,0.9194599110158492,-23418.26005393387,-24012.674295045144,-0.6491711906617715,trailing_stop,17,-0.6491711906617715,300.71985956372595,293.69438154754585
PG,2014-09-25,61.219113433296876,2014-10-02,59.71705429715178,16378,60.17778272302591,0.5206653551354812,1.0413307102709624,-24600.724531784326,-25194.932298311112,-1.4424419844049785,stop_loss,7,-1.4424419844049785,300.7939919431609,293.4137745836256
PII,2014-09-29,110.2457569068483,2014-10-02,106.21360317921999,9075,106.5176414268291,1.8640577400096003,3.7281154800191985,-36591.79507822693,-37181.10568606126,-1.0815527977174002,stop_loss,3,-1.0815527977174002,300.1440731788945,289.1665346554264
LMT,2014-09-29,133.44302909491742,2014-10-02,130.143701976786,7498,130.2586295035528,1.5921997956822984,3.1843995913646097,-24738.35473174946,-25331.26672462215,-1.0360907993703046,stop_loss,3,-1.0360907993703046,300.16674964610723,292.74524322658243
MSFT,2014-09-09,39.227653501986474,2014-10-03,38.736471962457124,25564,38.23912650284048,0.4942634995729983,0.9885269991459964,-12556.564876528308,-13154.48734754022,-0.49688227024015474,trailing_stop,24,-0.49688227024015474,300.8447202374347,297.07775077447616
VRTX,2014-09-25,111.54143030548094,2014-10-03,105.26463274383545,8989,105.19113294246573,3.175148681507609,6.3502973630152155,-56422.13328163135,-57006.79419185645,-0.9884257701382945,stop_loss,8,-0.9884257701382945,300.7937751047905,283.86713512030104
INTU,2014-09-30,79.4269687464265,2014-10-03,76.91236207218408,12608,76.79530611981698,1.3158313133047526,2.6316626266095113,-31704.160948848374,-32295.498833736685,-0.9555201524756597,stop_loss,3,-0.9555201524756597,300.42456658648354,290.91331830182907
FDX,2014-09-18,135.506921124359,2014-10-08,132.17256762389138,7439,131.90306658856198,1.801927267898506,3.603854535797012,-24804.25568997858,-25401.636005018052,-0.92521866999557,trailing_stop,20,-0.92521866999557,302.41079587323196,294.9695191662384
ZTS,2014-10-06,34.37314493481843,2014-10-08,33.38811324743148,28606,33.44937227825803,0.4618863282801978,0.923772656560395,-28177.8164493911,-28759.330014859534,-1.0663139684764529,stop_loss,2,-1.0663139684764529,294.98345520162474,286.53011026680747
PPC,2014-10-06,21.196890106087203,2014-10-08,19.990303547337287,46388,20.086797143678695,0.5550464812042537,1.1100929624085083,-55971.13728729107,-56544.31474904958,-1.0869238880066856,stop_loss,2,-1.0869238880066856,294.984401472352,278.1930602861646
PANW,2014-10-06,17.462444694519043,2014-10-09,17.01130533027649,56308,16.272604080084903,0.5949203072170699,1.1898406144341394,-25402.755321769724,-25985.09969668858,-0.3791594931032887,stop_loss,3,-0.3791594931032887,294.98260075769343,287.3617741611626
CF,2014-09-24,38.89160194546229,2014-10-10,39.077615077768634,25529,37.58887160145773,0.6513651720022804,1.3027303440045586,4748.729254648624,4151.586412232806,0.1427871340852807,trailing_stop,16,0.1427871340852807,297.85911181971204,299.28373059610664
GPN,2014-10-06,36.368455709435715,2014-10-10,35.01909692867095,27036,35.01853496577967,0.6749603718280215,1.3499207436560425,-36481.26399675624,-37060.27415869339,-0.9995837067517361,stop_loss,4,-0.9995837067517361,294.97727056809117,284.0328913690643
SBAC,2014-08-11,100.79302359997433,2014-10-13,98.05909627974552,9721,96.98879432874881,1.9021146356127627,3.8042292712255232,-26576.507479944314,-27156.419917149542,-0.7186547196058158,trailing_stop,63,-0.7186547196058158,293.94269472460513,285.96974248062185
ADP,2014-10-06,58.243880179677795,2014-10-13,56.468030898003036,8441,56.75091251374081,0.7464838329684946,1.4929676659369875,-14989.94378661664,-15280.428759038652,-1.1894760497443426,stop_loss,7,-1.1894760497443426,147.49097777899806,142.99399464301308
MCO,2014-10-09,85.59874526310719,2014-10-13,81.61513322866772,5739,82.79075321764121,1.4039960227329897,2.80799204546598,-22861.949465648144,-23149.841600247433,-1.4186692732523047,stop_loss,4,-1.4186692732523047,147.37535971949166,140.5167748797972
UTHR,2014-09-23,132.93280305480957,2014-10-14,122.95692182922363,7533,124.64273441432412,4.145034320242724,8.290068640485444,-75148.31327233886,-75726.59846160428,-1.2033532722356055,stop_loss,21,-1.2033532722356055,300.41484162356414,277.8703476418625
NKE,2014-09-29,38.11295674016778,2014-10-14,36.963837710534094,26253,36.7479190760541,0.682518832056839,1.3650376641136788,-30167.821884973215,-30759.1192103875,-0.8418222147590434,trailing_stop,15,-0.8418222147590434,300.1738359898874,291.1234894243955
EW,2014-07-31,15.370354541778562,2014-10-15,16.883099618911743,65190,14.75345859178,0.3084479749992815,0.6168959499985629,98615.85157831204,97985.07077529142,2.452188374938601,trailing_stop,76,2.452188374938601,300.59802377356334,330.182779247057
COST,2014-09-05,100.33740996695211,2014-10-15,100.18496743930642,9997,98.39202854457785,0.9726907111871274,1.945381422374254,-1523.9679488739584,-2125.3546109530685,-0.07836125393838707,trailing_stop,40,-0.07836125393838707,300.92192623188606,300.4647358472239
MO,2014-09-16,21.136285580112187,2014-10-16,21.47218592860482,47195,20.678987866050587,0.2286488570307998,0.4572977140615997,15852.816947109797,15249.544903253627,0.7345331895697724,trailing_stop,30,0.7345331895697724,299.25809938601844,304.01394447015133
BDX,2014-10-07,80.1635141119709,2014-10-16,78.73385942840612,12203,78.05115662490648,1.0561787435322099,2.112357487064415,-17446.076103540978,-18027.783498334942,-0.6768052719862285,stop_loss,9,-0.6768052719862285,293.4706088125143,288.23678598145193
KO,2014-10-08,30.41120240783896,2014-10-16,29.702757399764614,32019,29.762508613916776,0.32434689696109237,0.6486937939221846,-22683.70071353248,-23261.13737725638,-1.0921100443876435,trailing_stop,8,-1.0921100443876435,292.12088696897865,285.31577675491894
DTE,2014-10-09,46.02665775009846,2014-10-16,44.78182760003458,10673,44.78320611732391,0.6217258163872771,1.2434516327745513,-13286.072191631753,-13576.831880874342,-1.0011086215603329,stop_loss,7,-1.0011086215603329,147.37275545004024,143.38693379255074
KR,2014-10-09,21.56425589987071,2014-10-16,20.445105451107334,45562,21.002456856803647,0.2808995215335302,0.5617990430670616,-50990.73274655686,-51564.94190311884,-1.9920832236622055,stop_loss,7,-1.9920832236622055,294.7531881929728,279.4559683690057
IEF,2014-10-13,81.76290453857214,2014-10-16,82.92960390051306,11869,81.13278442673638,0.3150600559178828,0.6301201118357653,13847.55472687671,13261.134112077658,1.8515507440984567,trailing_stop,3,1.8515507440984567,291.13317419049383,295.28744060855684
BALL,2014-10-22,30.354169765535723,2014-10-28,29.289217837543106,31667,29.374393383548586,0.4898881909935688,0.9797763819871363,-33723.83270374219,-34290.450850310204,-1.0869336591199834,stop_loss,6,-1.0869336591199834,288.3676481895659,278.25049837844324
CCI,2014-10-22,52.42052287433627,2014-11-03,48.71375783919865,18337,50.62118967230032,0.8996666010179764,1.7993332020359531,-67970.95044931857,-68527.3002409518,-2.0600770501780334,stop_loss,12,-2.0600770501780334,288.37053838401124,267.97925324921573
DUK,2014-10-02,46.542412942153206,2014-11-14,48.97679190225826,21018,45.42302472084599,0.5596941106536079,1.1193882213072186,51165.7769834881,50563.49018926215,2.1747405536054294,trailing_stop,43,2.1747405536054294,293.46853056545285,308.81826366049927
HAS,2014-10-21,39.14966631911801,2014-11-14,38.43718770520681,24532,37.74415418222352,0.7027560684472473,1.4055121368944938,-17478.525356469603,-18049.533567347025,-0.5069174397066659,stop_loss,24,-0.5069174397066659,288.1258842421809,282.88232663524
AEP,2014-10-23,37.05117233858932,2014-11-14,37.401332207131354,12934,35.8114963240316,0.6198380072788587,1.2396760145577161,4528.967739722696,4240.077131584391,0.282460791714974,trailing_stop,22,0.282460791714974,143.76595890819428,145.1246492301111
UNP,2014-10-24,87.40504998431618,2014-12-01,90.40388287585324,5498,83.3361834264142,2.0344332789509947,4.068866557901984,16487.583237670773,16194.30518381121,0.7370192285399846,trailing_stop,38,0.7370192285399846,144.16588944413112,149.11216441543235
CSX,2014-10-22,9.51288269496128,2014-12-02,9.687923946280533,101046,9.01657082671363,0.24815593412382492,0.49631186824765017,17687.218280805122,17105.168868443845,0.35268399270256745,trailing_stop,41,0.35268399270256745,288.3716234385173,293.6777889227588
ALK,2014-10-28,47.53955398827712,2014-12-02,50.39998066360773,20362,44.80477399026296,1.36738999900708,2.7347799980141616,58244.007963081836,57645.73452170733,1.0459439799207555,trailing_stop,35,1.0459439799207555,290.4001194927896,307.87332188171416
MCO,2014-10-27,85.82970980732767,2014-12-09,85.71069691600117,11260,82.52729796759945,1.6512059198641147,3.3024118397282223,-1340.085156336453,-1919.548650247858,-0.036038173644720214,trailing_stop,43,-0.036038173644720214,289.93275972915285,289.53073418225193
WMT,2014-11-14,22.132262811395425,2014-12-10,22.57454738000312,45096,21.491673771620572,0.3202945198874265,0.6405890397748522,19945.264905932698,19340.435412215305,0.690434180333692,trailing_stop,26,0.690434180333692,299.42295712280645,305.4065365945862
NVR,2014-12-02,1276.7755,2014-12-11,1242.5662485351563,798,1228.1174202381003,24.329039880949807,48.65807976189967,-27298.98266894523,-27902.113083544547,-0.7030538737295225,stop_loss,9,-0.7030538737295225,305.6600547,297.4703598993164
IBB,2014-10-24,92.17463320890344,2014-12-16,95.7112907697859,10428,87.82982751158455,2.1724028486594427,4.34480569731889,36880.2650448823,36292.482720307366,0.8139967140682207,trailing_stop,53,0.8139967140682207,288.3591225307335,299.4232020441982
MMM,2014-10-27,85.54798080009027,2014-12-16,91.15036480814797,5648,82.42158109398449,1.5631998530528928,3.1263997061057864,31642.264877509875,31342.867200711276,1.7919602529121184,trailing_stop,50,1.7919602529121184,144.95249866767296,154.4451781309259
XLY,2014-11-17,30.401611199630327,2014-12-16,30.472684645410528,16344,29.649169803877246,0.37622069787654,0.7524413957530811,1161.6243978315965,863.1455504441922,0.09445711809763815,trailing_stop,29,0.09445711809763815,149.06518003402743,149.4136673533769
UNH,2014-10-22,75.84981807668484,2014-12-17,80.2299540368773,12672,72.85584604530177,1.496986015691532,2.9939720313830662,55505.08288755888,54911.730025891964,1.46298492914413,trailing_stop,56,1.46298492914413,288.3506684003251,305.0021932665927
STE,2014-10-23,52.572842661264005,2014-12-17,56.46236226894586,18230,50.37460723765881,1.0991177118025999,2.1982354236051975,70905.94244804022,70309.62891227691,1.769382644786463,trailing_stop,55,1.769382644786463,287.5208765144528,308.79265924886494
KIM,2014-10-24,13.90108729449605,2014-12-17,14.49311512996398,69146,13.479864699820768,0.2106112973376409,0.42122259467528167,40936.356711265566,40347.35305501305,1.4054987622976929,trailing_stop,54,1.4054987622976929,288.3613746195672,300.6422816329468
EW,2014-10-27,19.44609292602539,2014-12-17,20.972340482711793,49701,18.544463657924684,0.4508146340503532,0.9016292681007059,75856.02981487093,75253.37884721663,1.692766207447396,trailing_stop,51,1.692766207447396,289.94707935491635,312.70388829937764
DG,2014-12-18,61.905286870380976,2014-12-22,59.026193792968364,16470,59.37314870630029,1.2660690820403435,2.532138164080685,-47418.66298498573,-48016.18543094333,-1.13702053002226,stop_loss,4,-1.13702053002226,305.8740224265524,291.64842353105666
PG,2014-10-27,61.645142786308625,2015-01-05,65.33811417027425,15678,60.01362104241948,0.8157608719445723,1.6315217438891452,57898.405357813106,57301.152307043514,2.263513433270276,trailing_stop,70,2.263513433270276,289.94176458112395,307.31128618846793
AON,2014-12-09,86.9341802610165,2015-01-05,84.19550851012293,11845,84.65614980892857,1.139015226043958,2.2780304520879184,-32439.566889334204,-33047.676238382446,-1.2022103340995471,stop_loss,27,-1.2022103340995471,308.9206095575221,299.18873949072184
XEL,2014-12-02,24.02108229387037,2015-01-06,25.144154078074024,21209,23.265130022464337,0.3779761357030174,0.7559522714060343,23819.22947117527,23506.405821711498,1.4856384810046195,trailing_stop,35,1.4856384810046195,152.83894031120903,159.98470915256158
CVS,2014-12-17,66.86108292632201,2015-01-06,68.02865729929339,15057,64.8037949175747,1.0286440043736542,2.0572880087473067,17580.167333829962,16970.856888256836,0.5675308308836715,trailing_stop,20,0.5675308308836715,302.01819768648915,307.29224788663817
ORCL,2014-12-19,38.040369701758955,2015-01-06,37.189594886538714,27095,36.554411552198395,0.7429790747802788,1.4859581495605596,-23051.74361839243,-23663.25038554841,-0.5725429181648484,trailing_stop,18,-0.5725429181648484,309.2111451207477,302.29562203522994
CTAS,2014-12-22,17.734459153168952,2015-01-06,17.208252979490887,58031,17.111444307164035,0.31150742300245937,0.6230148460049172,-30536.27046471184,-31144.598623042955,-0.8446125755306845,stop_loss,15,-0.8446125755306845,308.7445197352642,299.5836385958507
GPC,2014-10-22,66.80874657331746,2015-01-07,73.9803149673835,14387,64.51796455038318,1.145391011467138,2.2907820229342803,103177.35448542815,102569.69481691232,3.130620164759249,trailing_stop,77,3.130620164759249,288.3532310850955,319.3064374307239
TRV,2014-10-24,75.22944093986418,2015-01-07,81.56069466238,12776,73.28828995844557,0.9705754907092995,1.9411509814186019,80888.09755886218,80287.1523271259,3.261597775299743,trailing_stop,75,3.261597775299743,288.3394012343114,312.6058305019701
DGX,2015-01-05,54.487056669315386,2015-01-07,52.990580127596864,18915,52.5533803414676,0.9668381639238908,1.9336763278477846,-28305.853786605843,-28915.735636609923,-0.7739022917988174,stop_loss,2,-0.7739022917988174,309.1868030700302,300.69504693404843
ORLY,2014-10-24,11.193182160377502,2015-01-13,12.265055926322937,85874,10.77806132459107,0.20756041789321614,0.415120835786432,92046.0877767983,91441.7519555611,2.5820765269823367,trailing_stop,81,2.5820765269823367,288.36099745207724,315.9748237851168
AZO,2014-12-10,606.8562499999999,2015-01-13,598.7806248779297,850,587.5449586942725,9.655645652863702,19.311291305727423,-6864.281353759736,-7171.718756853607,-0.4181815184816344,trailing_stop,34,-0.4181815184816344,154.74834374999998,152.68905934387206
WTW,2014-12-18,99.77062898803698,2015-01-21,96.22357904154539,10219,96.61585909375448,1.57738494714125,3.154769894282495,-36247.30340319749,-36848.16284675378,-1.1243450601326048,stop_loss,34,-1.1243450601326048,305.866817288625,294.99262626766574
CBOE,2014-12-11,55.010238443057005,2015-01-22,55.47057622633348,18542,52.7762148154584,1.117011813799301,2.234023627598603,8535.583177512346,7921.022597832395,0.20605770574203752,trailing_stop,42,0.20605770574203752,305.9999523633489,308.5606273166026
RCL,2014-12-03,66.57440757436417,2015-01-30,66.48559120924808,7700,63.282324985546865,1.6460412944086542,3.2920825888173084,-683.8860113938779,-991.2546085840222,-0.026978777937644513,trailing_stop,58,-0.026978777937644513,153.78688149678123,153.5817156933631
ZBH,2015-01-06,103.82203780649333,2015-01-30,99.04230921993538,9833,100.10813383758583,1.8569519844537545,3.713903968907502,-46999.07119162433,-47597.5007289176,-1.2869822770253203,stop_loss,24,-1.2869822770253203,306.2646293253747,292.16490796788736
AAL,2014-12-01,46.474108774640065,2015-02-02,45.98368535226107,11102,43.3984113745577,1.5378487000411796,3.075697400082362,-5444.680835251609,-5752.620764370666,-0.15945112882881876,trailing_stop,63,-0.15945112882881876,154.7866666848162,153.1532624342407
BXP,2015-01-07,86.8034330206593,2015-02-02,89.19485695115351,11714,84.32476228002011,1.239335370319593,2.4786707406391884,28013.13992180921,27394.646731190263,0.9648009682308685,trailing_stop,26,0.9648009682308685,305.04462432120096,313.44856629774364
UNH,2015-01-22,91.38129150057291,2015-02-02,88.68919072847551,11381,87.92221780795477,1.7295368463090717,3.459073692618148,-30638.798887240562,-31253.613534715205,-0.7782721651297845,trailing_stop,11,-0.7782721651297845,312.0031435704061,302.811503904234
EVRG,2015-01-30,29.026711885343957,2015-02-03,27.996934884137723,18222,28.07049705924824,0.4781074130478579,0.9562148260957173,-18764.596515980003,-19076.321983410053,-1.0769305945724308,stop_loss,4,-1.0769305945724308,158.6774231924213,153.04804423762727
ED,2014-10-09,38.34699144816786,2015-02-09,43.95470070398452,12810,37.4200554924142,0.4634679778768316,0.9269359557536632,71834.7555670114,71518.47016407068,6.049726759447153,trailing_stop,123,6.049726759447153,147.3674881353091,168.91791480541252
OHI,2015-01-07,17.40396678144878,2015-02-09,17.084337393499,58428,16.771352428713765,0.316307176367508,0.6326143527350148,-18675.30587912984,-19279.830670029995,-0.5052515589757189,trailing_stop,33,-0.5052515589757189,305.0636913319468,299.4610995682078
SPG,2015-01-07,110.47412467986454,2015-02-09,112.3728559200319,4602,107.20435578531482,1.6348844472748645,3.2697688945497276,8737.961167250147,8430.29862583393,0.5806927955465857,trailing_stop,33,0.5806927955465857,152.520576533021,155.14196488319604
TLT,2015-01-07,95.94182230594048,2015-02-09,96.87593538552208,10599,93.89254653374569,1.024637886097392,2.0492757721947896,9900.664530485454,9287.56190635391,0.4558259519074707,trailing_stop,33,0.4558259519074707,305.06621238619897,308.0364117453446
VTR,2015-01-07,52.87696294749931,2015-02-09,53.42682405620389,9615,51.09735087274787,0.8898060373757188,1.7796120747514408,5286.914560194566,4980.2812865823835,0.3089780725281842,trailing_stop,33,0.3089780725281842,152.52359962206177,154.10967399012014
VNQ,2015-01-07,53.619663282148515,2015-02-09,54.34896899553076,9482,52.33539648479072,0.6421333986788983,1.2842667973577946,6915.276774290454,6608.149202913368,0.5678771069085441,trailing_stop,33,0.5678771069085441,152.52649417239968,154.60107720468682
AGG,2015-01-15,81.76555407181328,2015-02-09,81.59828728666292,6320,81.28476035662852,0.24039685759237978,0.48079371518475966,-1057.1260821502779,-1366.8639253659487,-0.34789719554899556,trailing_stop,25,-0.34789719554899556,155.02749052015798,154.7103526955129
DLR,2015-01-21,48.3674914969787,2015-02-09,46.1706860866602,21536,46.90747192955373,0.7300097837124875,1.4600195674249719,-47310.4013166193,-47921.19357435167,-1.504641074224092,stop_loss,19,-1.504641074224092,312.49268906367996,298.2995686686942
LQD,2015-02-02,83.31577265249058,2015-02-09,82.01578421784127,6234,82.45658469291324,0.4295939797886669,0.8591879595773406,-8104.127901603783,-8413.330979262677,-1.5130431242179063,stop_loss,7,-1.5130431242179063,155.8171580146879,153.38591964420675
FRT,2015-01-07,92.53203379706586,2015-02-10,93.80018851390913,5494,89.88857758185345,1.3217281076062022,2.64345621521241,6967.242014336925,6660.129245523976,0.47973358119017295,trailing_stop,34,0.47973358119017295,152.51129810432397,154.60147070862504
TTWO,2014-11-03,26.58655946540832,2015-02-11,27.652320304870607,37049,24.93144536962482,0.8275570478917492,1.6551140957834996,39485.37334123821,38882.5244642555,0.6439198615837868,trailing_stop,100,0.6439198615837868,295.50163249017385,307.34724449254537
EXR,2015-01-07,40.90407760190457,2015-02-12,42.892131062334414,12430,39.636401724542246,0.6338379386811603,1.267675877362322,24711.504513142987,24399.02845103404,1.5682663809667403,trailing_stop,36,1.5682663809667403,152.53130537750212,159.944756731445
WTW,2015-02-12,108.74464907418296,2015-02-17,106.67737112053393,9559,105.25368576563375,1.7454816542746028,3.4909633085492118,-19761.109958931032,-20378.875686243424,-0.5921797999384166,stop_loss,5,-0.5921797999384166,311.84703015003447,305.91869716235516
FNF,2015-02-17,17.4722890955075,2015-02-25,16.73879373886878,60176,16.80820481609436,0.3320421397065696,0.6640842794131387,-44138.81658109161,-44756.42241728404,-1.104521488276941,stop_loss,8,-1.104521488276941,315.4237405833778,302.1820956090503
NOW,2015-01-30,14.53652231311798,2015-03-05,14.705280266761779,72773,13.597117374830708,0.4697024691436355,0.9394049382872716,12281.02256052024,11642.618450776563,0.17964346020096533,trailing_stop,34,0.17964346020096533,317.35990148776045,321.0442082559165
LULU,2015-01-13,62.762700763702384,2015-03-09,62.237699237823485,16535,59.1314729250547,1.8156139193238396,3.631227838647682,-8680.900230407597,-9300.964714615166,-0.1445796158233951,trailing_stop,55,-0.1445796158233951,311.3343771383457,308.7301070692234
APTV,2015-02-09,60.26142120172422,2015-03-11,61.313876738894564,17194,57.81277220677338,1.224324497475417,2.4486489949508368,18095.920506106922,17468.810804269622,0.42981069942671657,trailing_stop,30,0.42981069942671657,310.84046284273387,316.2692389945659
BR,2015-02-09,41.90723451605858,2015-03-11,42.05868458380127,24725,40.5024247674551,0.7024048743017373,1.4048097486034763,3744.602924938103,3121.7857200148924,0.10780824086197474,trailing_stop,30,0.10780824086197474,310.84691202286456,311.97029290034595
BIIB,2015-02-02,389.41902877807615,2015-03-26,427.37218780517577,2667,364.2048980220447,12.60706537801572,25.214130756031466,101221.07512527467,100567.56047288641,1.505233687979541,trailing_stop,52,1.505233687979541,311.5741649253387,341.9404874629211
ON,2015-02-09,11.271260229110716,2015-03-26,11.698290038108826,91929,10.533732755262074,0.3687637369243208,0.7375274738486421,39256.42331138729,38622.95297543272,0.5790019004576729,trailing_stop,45,0.5790019004576729,310.8467044805757,322.62363147399185
CME,2015-02-09,60.042028335755624,2015-03-26,61.05664972788645,17257,57.589872608391154,1.2260778636822345,2.4521557273644703,17509.321364001687,16882.381397798406,0.4137671114474132,trailing_stop,45,0.4137671114474132,310.84358489704044,316.0963813062409
NBIX,2015-02-11,35.80577045822143,2015-03-26,35.57439060974121,29014,32.24182199118894,1.7819742335162438,3.563948467032489,-6713.254923805202,-7334.562121772963,-0.06492233280602992,trailing_stop,43,-0.06492233280602992,311.660587222451,309.6466107453094
BMY,2015-03-05,45.38145387822129,2015-03-26,44.309337160223926,23806,43.62333227271373,0.8790608027537814,1.7581216055075615,-25522.810588645334,-26163.3642800837,-0.6098080557333533,trailing_stop,21,-0.6098080557333533,324.1052673074809,316.4484241308872
PNC,2015-03-09,65.75196508537267,2015-03-26,64.80770177735535,8141,63.77740760779292,0.9872787387898774,1.9745574775797579,-7687.247590569056,-8006.113464947897,-0.4782151538960127,trailing_stop,17,-0.4782151538960127,160.5860243280057,158.27985005083494
KEY,2015-03-13,9.442710541935408,2015-03-26,9.042755153177623,57228,9.078449484096348,0.18213052891953035,0.3642610578390606,-22888.64698783054,-23206.012857070516,-1.0979910702793143,stop_loss,13,-1.0979910702793143,162.11623166816386,155.2496375718147
SPGI,2015-02-09,87.10606235326135,2015-04-01,92.59244108521703,11895,83.24984583072285,1.9281082612692537,3.856216522538503,65260.475016612836,64619.220907092626,1.4227361715529558,trailing_stop,51,1.4227361715529558,310.8379835076131,330.416126012597
AYI,2015-03-31,166.13019124984825,2015-04-02,162.625993211663,6515,159.57353809099945,3.2783265794244065,6.556653158848803,-22829.85021877691,-23472.404181306938,-0.5344492004211043,stop_loss,2,-0.5344492004211043,324.70145879782837,317.8525037321953
ADI,2015-03-31,51.4910639601855,2015-04-07,50.21115380879024,21022,49.19897457795107,1.1460446911172135,2.2920893822344297,-26906.27120263108,-27547.666409212903,-0.5584032461018356,stop_loss,7,-0.5584032461018356,324.7335439713059,316.6616626105166
LH,2015-01-05,92.10676967979569,2015-04-08,101.83469227248656,11189,88.60422127313339,1.751274203331149,3.5025484066622994,108845.72588961819,108194.72258428296,2.777384196657242,trailing_stop,93,2.777384196657242,309.1747937841702,341.8285115510556
SF,2015-02-25,21.56465342860267,2015-04-10,21.286777540165083,49553,20.57512481433828,0.4947643071321943,0.9895286142643904,-13769.583899747811,-14406.608987386417,-0.2808164255504218,trailing_stop,44,-0.2808164255504218,320.57798140426445,316.4471062343401
CCL,2015-04-08,41.678513485179465,2015-04-16,39.847965216761644,25710,40.02418546797331,0.8271640086030775,1.6543280172061543,-47063.39598102219,-47692.20971125027,-1.1065207439992886,stop_loss,8,-1.1065207439992886,321.46637451118926,307.34735571688253
BURL,2014-12-16,46.71666816711425,2015-04-17,55.144800762176516,21813,44.002684420393045,1.3569918733606037,2.7139837467212047,183842.8562960932,183176.28502956682,3.105446967117762,trailing_stop,122,3.105446967117762,305.70920481877897,360.8620617076069
ROST,2014-10-13,34.53656102022814,2015-04-20,45.36453173734025,28100,33.43402377090002,0.5512686246640615,1.1025372493281225,304265.9771508503,303592.410938904,9.820956819110274,trailing_stop,189,9.820956819110274,291.14320940052323,382.4230025457783
GS,2015-04-16,162.86020611832205,2015-04-20,159.62411463895702,3316,157.89986488755855,2.4801706153817578,4.960341230763504,-10730.879345574438,-11051.68674786378,-0.6523929158935957,stop_loss,4,-0.6523929158935957,162.0133330465068,158.79406924283447
JPM,2015-04-16,47.81488269167085,2015-04-23,46.758722079055,11295,46.29365411753203,0.7606142870694137,1.5212285741388243,-11929.334119496083,-12249.796779261687,-0.6942813398136131,stop_loss,7,-0.6942813398136131,162.02073000072667,158.44192976487787
RMD,2014-12-18,47.82007971837571,2015-04-27,56.80747572410539,21321,46.25834885596485,0.7808654312054316,1.5617308624108617,191620.27023816248,190951.04100528575,5.754766216155665,trailing_stop,130,5.754766216155665,305.87157590264655,363.3576569740953
RGA,2015-03-12,74.15785481890676,2015-04-27,73.79220590794944,7192,71.91124748486679,1.1233036670199854,2.2466073340399646,-2629.746967605036,-2948.964018629301,-0.16275603903588706,trailing_stop,46,-0.16275603903588706,160.00298755727323,159.2140634669917
EPAM,2015-04-07,66.39633183288574,2015-04-28,65.04489060974122,16278,62.45174156671691,1.9722951330844105,3.9445902661688237,-21998.760230346485,-22640.64029602281,-0.3426062358707547,trailing_stop,21,-0.3426062358707547,324.2398468727143,317.64021880361025
HAS,2015-04-21,51.88406768199936,2015-04-28,49.63073188018799,20679,49.77605861635996,1.0540045328197007,2.1080090656394006,-46596.73104565741,-47226.49840770135,-1.068940280447937,stop_loss,7,-1.068940280447937,321.87319067881947,307.8941713651222
HLT,2015-03-30,58.044438760884155,2015-04-29,58.95492837308652,18547,55.775411469123306,1.134513645880424,2.2690272917608496,16886.850837517206,16235.854658847082,0.401268691438166,trailing_stop,30,0.401268691438166,322.9650617094355,328.03111696069067
SBUX,2015-04-27,41.23821891023075,2015-04-29,40.05166647809546,13045,39.86540589078745,0.6864065097216493,1.3728130194432993,-15478.576477204811,-15796.704443672026,-0.8643219545051045,stop_loss,2,-0.8643219545051045,161.38576970518804,156.7421967620266
CAG,2015-04-06,19.356660862790545,2015-04-30,18.796792799975286,55474,18.596740416889652,0.3799602229504458,0.7599204459008924,-31058.120916613654,-31693.078323160138,-0.7367456236179171,trailing_stop,24,-0.7367456236179171,322.1374214107328,312.8199851357487
LOW,2014-10-24,44.58977574743064,2015-05-01,55.267950268094225,10778,42.99011865400363,0.799828546713505,1.5996570934270125,115089.36498371209,114766.4850124135,6.675289700861627,trailing_stop,189,6.675289700861627,144.17658090174226,178.70339039685587
TT,2015-02-02,43.012856855002134,2015-05-01,42.77856051583342,24153,41.31710829340219,0.8478742807999708,1.6957485615999417,-5658.959479941972,-6280.595511069309,-0.13816691016246888,trailing_stop,88,-0.13816691016246888,311.66685948566,309.9691716416774
COTY,2015-02-09,18.89183154256357,2015-05-01,20.66118471276045,54847,17.870877726324043,0.5104769081197627,1.0209538162395262,97043.71332578825,96392.90404102152,1.7330393814618654,trailing_stop,81,1.7330393814618654,310.8480853844952,339.96119938223165
EL,2015-02-09,68.85715389705682,2015-05-01,71.17092616581976,7524,66.04281795915499,1.4071679689509156,2.8143359379018307,17408.82255017241,17092.751167854483,0.8221379109730343,trailing_stop,81,0.8221379109730343,155.42436777643664,160.64701454148837
DVA,2015-03-12,79.77969694519042,2015-05-01,81.60831243896484,13370,77.32524280319942,1.2272270709955018,2.4544541419910075,24448.589151764016,23801.26184612417,0.7450192132296604,trailing_stop,50,0.7450192132296604,319.9963644471588,327.33094119268804
AMZN,2015-04-27,22.215193794250485,2015-05-01,21.169808984756468,48432,21.218717264647726,0.4982382648013791,0.9964765296027593,-50630.077093414235,-51260.44382979209,-1.049081216103258,stop_loss,4,-1.049081216103258,322.77787975294183,307.5888566249176
EHC,2015-04-29,32.23412303805083,2015-05-01,30.423540985284788,33036,30.89540456476728,0.669359236641777,1.3387184732835529,-59814.388695179034,-60435.37627178151,-1.352474092872659,stop_loss,2,-1.352474092872659,319.46594660551415,301.5216299969605
CBRE,2015-04-01,38.8488113746643,2015-05-06,37.25271091461182,27695,37.47522172586725,0.6867948243985257,1.3735896487970507,-44204.00224115352,-44836.29173909397,-1.1619922015649293,stop_loss,35,-1.1619922015649293,322.77534930639837,309.5141486340523
BKLN,2015-04-10,13.504373637017656,2015-05-06,13.451147230007603,80282,13.434268119140286,0.03505275893868428,0.0701055178773693,-4273.122407581056,-4922.335345455012,-0.7592327768430157,trailing_stop,26,-0.7592327768430157,325.2474372981154,323.96550057584113
VMC,2015-05-04,80.4919565702303,2015-05-06,78.72889831835245,13113,77.64979127016518,1.4210826500325606,2.842165300065119,-23118.98285687426,-23745.341777920454,-0.620322207099445,stop_loss,2,-0.620322207099445,316.647307951629,309.71161309456664
GIS,2015-03-31,37.51080282516147,2015-05-07,37.080877298701346,28858,36.37952860456347,0.5656371102989992,1.1312742205980015,-12406.790842586266,-13052.560854090596,-0.3800365275121905,trailing_stop,37,-0.3800365275121905,324.74602437855293,321.02398712577707
ASHR,2015-04-28,33.289797045162594,2015-05-07,30.65254795539965,32004,31.878605395180152,0.7055958249912206,1.4111916499824417,-84402.51986877322,-85016.44311159261,-1.8688100158442376,stop_loss,9,-1.8688100158442376,319.6219993900151,294.30124342938313
VRSK,2015-04-30,72.249209657274,2015-05-07,66.9715142928371,14608,70.00702108023654,1.1210942885187278,2.242188577037453,-77096.57388369416,-77706.69478433313,-2.3538142235164625,stop_loss,7,-2.3538142235164625,316.6249364020376,293.4959642369293
VTV,2015-05-05,65.03907840455956,2015-05-07,64.01719497729765,8134,63.86253874748589,0.5882698285368327,1.1765396570736684,-8311.999797348391,-8626.922915654799,-0.8685499218985759,stop_loss,2,-0.8685499218985759,158.70835912280626,156.2147591836017
KMI,2015-04-17,24.657653461719566,2015-05-14,24.23134015484675,43803,23.97470356558663,0.3414749480664677,0.6829498961329357,-18673.801780949863,-19316.2471571658,-0.6242234009943128,trailing_stop,27,-0.6242234009943128,324.0237583751107,318.42161784082566
TGT,2014-11-14,47.38311449553503,2015-05-15,55.32319024097836,21064,45.7474640634225,0.817825216056266,1.6356504321125342,167249.75550201832,166600.73382112733,4.854384280135137,trailing_stop,182,4.854384280135137,299.42337712018497,349.5983037707905
YUM,2015-05-04,54.04945502572926,2015-06-01,52.71537097622874,19528,52.09020731334142,0.9796238561939188,1.9592477123878353,-26051.99331864612,-26677.464375295993,-0.6809164768014974,trailing_stop,28,-0.6809164768014974,316.64332732273226,308.8277293271384
EXPE,2015-05-04,95.6138301651389,2015-06-01,101.29916808908338,11039,91.41419793080436,2.0998161171672733,4.199632234334544,62760.445342423045,62108.32856610454,1.3537704271967872,trailing_stop,28,1.3537704271967872,316.6443213578905,335.4724549606174
AXON,2015-04-21,29.989959083557125,2015-06-02,30.739230457305908,35776,27.829423724181467,1.0802676796878288,2.1605353593756575,26805.93266723647,26154.138421732296,0.34679894059466104,trailing_stop,42,0.34679894059466104,321.8762328520019,329.9180126521729
CRUS,2015-05-04,35.8357992362976,2015-06-09,34.93503121948242,29454,33.562346126253374,1.1367265550221162,2.2734531100442297,-26531.22116727446,-27156.566379347823,-0.3962113899932868,trailing_stop,36,-0.3962113899932868,316.6522892117728,308.69292286159055
MCK,2015-05-15,220.6395763589934,2015-06-09,215.46841747177643,4778,213.49200410289188,3.573786128050763,7.147572256101512,-24707.797163122643,-25332.91436147967,-0.7234846605156893,trailing_stop,25,-0.7234846605156893,316.2647687529812,308.85242960404435
IDCC,2015-06-02,49.23829086593488,2015-06-09,47.007314376340204,21512,47.02754663163779,1.1053721171485424,2.2107442342970884,-47992.76624416063,-48613.89688215217,-1.0091517847174296,stop_loss,7,-1.0091517847174296,317.7642339323973,303.36640405914915
EQIX,2015-05-01,199.53892482211538,2015-06-10,200.0392109189338,5246,191.55854312365304,3.990190849231174,7.980381698462338,2624.500863909473,1995.64479388021,0.06268949477878022,trailing_stop,40,0.06268949477878022,314.0343598850452,314.82171014421806
FXI,2015-03-31,33.78932488523739,2015-06-11,37.161256141646916,32036,32.79916548967487,0.4950796977812601,0.9901593955625216,108023.18973033554,107341.29788620236,3.4054428726537402,trailing_stop,72,3.4054428726537402,324.7424436070395,357.14940052614014
CI,2015-06-01,128.138775062157,2015-06-15,123.55257393724958,8248,123.31285492560154,2.4129600682777346,4.825920136555467,-37826.98687823651,-38449.771952200645,-0.9503267760624121,trailing_stop,14,-0.9503267760624121,317.06658501380133,305.71848895033037
EL,2015-05-06,75.66390969582972,2015-06-16,75.55269926078307,13796,73.12328851602027,1.2703105899047245,2.540621179809449,-1534.2591619034986,-2160.1144630531276,-0.04377293078182747,trailing_stop,41,-0.04377293078182747,313.1577894491,312.69751170052893
HUM,2015-06-01,194.95536159713694,2015-06-16,185.2460474066314,5421,185.46708950406884,4.744136046534057,9.488272093068105,-52634.19222673059,-53252.51377819342,-1.0232963489315337,stop_loss,15,-1.0232963489315337,317.0559045654238,301.2656468974046
LLY,2015-06-10,68.05025155725947,2015-06-22,68.99940127180994,15399,65.81372921661246,1.1182611703235037,2.2365223406470136,14615.956454362724,13982.82817318827,0.4243864223041423,trailing_stop,12,0.4243864223041423,314.3717471190716,318.7565340553804
XPO,2015-04-30,16.790690160751343,2015-06-25,16.114497957229613,62858,15.687499319659626,0.5515954205458581,1.1031908410917168,-42504.08952896888,-43124.595823384894,-0.6129421840128497,trailing_stop,56,-0.6129421840128497,316.62876063735234,303.8775337786617
TSN,2015-06-25,34.96244737451097,2015-06-29,33.4922448087342,30565,33.86679091987049,0.5478282273202414,1.0956564546404834,-44936.74142296708,-45564.43672294135,-1.3418463055184477,stop_loss,4,-1.3418463055184477,320.58816120057844,307.10713877368823
ZBRA,2015-05-14,106.75665152740477,2015-06-30,109.44045304870606,9812,101.71852768051558,2.519061923444597,5.038123846889192,26333.460527008265,25697.062729978024,0.5326986002851863,trailing_stop,47,0.5326986002851863,314.2488794360687,322.1489175941711
SEIC,2015-06-11,43.230847530289445,2015-06-30,43.17801497161325,24515,42.06397436432638,0.5834365829815351,1.166873165963068,-1295.1901759468897,-1930.6841552171331,-0.04527703628576365,trailing_stop,19,-0.04527703628576365,317.94126816151373,317.5527111087297
RGA,2015-06-17,78.56309211592065,2015-06-30,77.29049859810729,13425,76.5092138204185,1.0269391477510827,2.053878295502159,-17084.56797664439,-17712.268313245135,-0.6196051248996827,trailing_stop,13,-0.6196051248996827,316.4128534968704,311.2874831038771
AGCO,2015-07-01,45.30641584816265,2015-07-02,44.06405075017322,23300,43.632145332953165,0.8371352576047425,1.6742705152094857,-28947.106783153664,-29571.80634467603,-0.7420336718012276,stop_loss,1,-0.7420336718012276,316.6918467786569,308.00771474371084
PNR,2015-07-01,38.62760665579711,2015-07-07,36.891578617670845,27329,37.29187727535904,0.6678646902190353,1.3357293804380674,-47443.91025395267,-48063.06939825426,-1.299685447928767,stop_loss,6,-1.299685447928767,316.69615868888377,302.462985612698
AOS,2015-05-08,28.31195967429399,2015-07-08,28.93051968014683,36729,27.34829607339454,0.4818318004497256,0.9636636008994515,22719.09045496891,22088.352747706133,0.6418837499678263,trailing_stop,61,0.6418837499678263,311.9609900631432,318.7767171996339
KRE,2015-05-15,32.24362666925687,2015-07-08,32.94913287980665,16350,31.338231240272183,0.45269771449234397,0.9053954289846864,11535.026542488875,11215.256056900718,0.7792244007029452,trailing_stop,54,0.7792244007029452,158.15498881270494,161.61549677545162
CI,2015-06-16,141.46486011656643,2015-07-08,138.64033724281708,7436,134.37398037655618,3.5454398700051315,7.0908797400102515,-21003.152089200128,-21628.010763469443,-0.39833179764874443,trailing_stop,22,-0.39833179764874443,315.57980994803637,309.2788643212764
FLG,2015-05-01,30.105240116626458,2015-07-09,32.12963779277529,34776,29.264355266133638,0.4204424252464108,0.8408848504928201,70400.45358575183,69751.16955149863,2.407461229634935,trailing_stop,69,2.407461229634935,314.08194908874054,335.20208516446604
COF,2015-06-11,71.3797571794672,2015-07-09,71.42547605449514,14847,69.60410772798767,0.887824725739768,1.7756494514795378,678.7881375396773,42.71934819228568,0.02574769191623682,trailing_stop,28,0.02574769191623682,317.9325764530648,318.13621289432683
HALO,2015-07-01,23.033010229110715,2015-07-09,21.908070304870606,45833,21.287421070768925,0.8727945791708945,1.7455891583417902,-51559.371547696945,-52177.30691093113,-0.6444471305657846,stop_loss,8,-0.6444471305657846,316.70158734924945,301.2337758849403
COTY,2015-06-17,26.496847713207845,2015-07-10,25.53175403904418,39805,25.175332734668146,0.6607574892698503,1.3215149785396996,-38415.55370008468,-39036.853247909195,-0.7302934055504332,stop_loss,23,-0.7302934055504332,316.4121069672715,304.8874408572461
FAF,2015-07-13,28.004553517192775,2015-07-14,27.202366425877806,37369,27.09432409749352,0.4551147098496281,0.910229419699256,-29976.929415349106,-30595.83763275489,-0.8813020914881176,stop_loss,1,-0.8813020914881176,313.950648115193,304.9575692905883
VLO,2015-07-14,44.44776713504035,2015-07-16,42.940663153615695,11910,42.477531109419296,0.9851180128105268,1.9702360256210554,-17949.608418767653,-18261.84728018902,-0.7649357548162732,stop_loss,2,-0.7649357548162732,158.81187197349917,153.42698944786886
ILMN,2015-06-10,208.6130677490234,2015-07-23,213.26900042724608,5023,199.9923517107058,4.3103580191588,8.620716038317596,23386.74984271254,22751.01575417772,0.540086537768773,trailing_stop,43,0.540086537768773,314.35903179100336,321.37505674381714
AVY,2015-05-07,46.97072008152364,2015-07-24,49.96453007824253,22137,45.45830654390702,0.7562067688083097,1.5124135376166166,66273.97189736617,65630.21520753014,1.979491668288544,trailing_stop,78,1.979491668288544,311.9372491334066,331.8194407026165
DE,2015-06-29,79.50585053692221,2015-07-24,77.55364565095387,13475,77.34863384597871,1.0786083454717466,2.1572166909434998,-26305.960838423412,-26940.873851762903,-0.9049646677425384,stop_loss,25,-0.9049646677425384,321.402400795508,313.510612543981
GHC,2015-07-02,622.0646249219982,2015-07-27,595.6958916661359,1708,594.4061814568663,13.829221732565946,27.65844346513188,-45037.796401012725,-45661.776889712484,-0.9533701088097917,trailing_stop,25,-0.9533701088097917,318.7459138100319,305.23457488972804
SNA,2015-04-24,117.88811544771804,2015-07-28,121.20628478752316,4587,114.43297419638023,1.727570625668907,3.455141251337807,15220.442761686103,14891.424957522388,0.9603570732514486,trailing_stop,95,0.9603570732514486,162.2258356676048,166.79196849611063
SWK,2015-05-07,76.78917794894713,2015-07-28,79.25385762240148,13541,74.6984266333304,1.0453756578083673,2.0907513156167283,33374.227458245434,32740.333834843943,1.1788487971020725,trailing_stop,82,1.1788487971020725,311.94067758200794,321.95294581948156
CAG,2015-06-22,22.70386673876175,2015-07-28,22.61260892195403,46802,21.945428592240237,0.3792190732607569,0.7584381465215131,-4271.048342234862,-4907.318850396708,-0.12032334769323264,trailing_stop,36,-0.12032334769323264,318.77591133225826,317.4945968295878
MPC,2015-07-08,39.63839019119522,2015-07-28,38.916552006446146,26626,37.818381426451715,0.9100043823717512,1.8200087647435055,-19219.663507128862,-19847.144674415184,-0.3966124772211213,trailing_stop,20,-0.3966124772211213,316.62353316922923,310.8576341170905
GME,2015-07-10,8.961488931671614,2015-07-28,8.605055603289587,115851,8.561130043229213,0.20017944422120051,0.4003588884424012,-41293.157526386145,-41903.68805166208,-0.8902845388764381,stop_loss,18,-0.8902845388764381,311.45923626692644,299.0712890090106
MANH,2015-07-23,68.80873786163329,2015-07-28,65.19474213409424,15289,65.70075888577458,1.5539894879293557,3.107978975858714,-55254.38067834452,-55869.01444004092,-1.16281215401096,stop_loss,5,-1.16281215401096,315.60503794995344,299.02872374645005
TSCO,2015-07-24,16.35029973214545,2015-07-28,15.745921554740706,31880,15.763166850267776,0.29356644093883755,0.5871328818776753,-19267.57629566329,-19574.544556051067,-1.029372048575987,stop_loss,4,-1.029372048575987,156.3742666382391,150.59399374954012
WRB,2015-07-08,13.201995633655175,2015-07-29,12.847640375590975,79943,12.815655353311254,0.1931701401719608,0.3863402803439211,-28328.222395426284,-28952.968210872434,-0.9172102317385891,stop_loss,21,-0.9172102317385891,316.6221410823887,308.1236743637608
M,2015-07-16,45.23590794530505,2015-07-29,43.188676005785744,23362,43.39555475979567,0.9201765927546901,1.8403531855093789,-47827.43257105005,-48447.16511012966,-1.1124125280075885,stop_loss,13,-1.1124125280075885,317.040384425465,302.69215465414993
IQV,2015-07-30,79.1891106109619,2015-08-04,77.19272664642334,13085,76.4766384850922,1.3562360629348522,2.7124721258697093,-26122.68417598714,-26736.561078141003,-0.7360016515924412,stop_loss,5,-0.7360016515924412,310.8568537033309,303.0200484505348
AIG,2015-06-11,47.34705125399912,2015-08-05,48.079688729886136,22384,45.93925015159546,0.7039005512018288,1.4078011024036599,16399.357260254998,15758.547615915211,0.5204126311849894,trailing_stop,55,0.5204126311849894,317.9449185808549,322.8647257589314
BIO,2015-05-07,142.89274999999998,2015-08-07,146.01384365844726,7276,137.9121815209611,2.490284239519446,4.98056847903888,22709.0774588624,22078.452146224743,0.6266541001459274,trailing_stop,92,0.6266541001459274,311.9062947,318.71901793765863
GWRE,2015-07-24,60.009950763702385,2015-08-07,57.21273045730591,17372,57.38295279590459,1.313498983898895,2.6269979677977915,-48593.311162719576,-49204.22888817098,-1.0647972859839634,stop_loss,14,-1.0647972859839634,312.74785940011134,298.1698660512955
JAZZ,2015-07-29,192.19199999999998,2015-08-07,183.8559532928467,5356,183.4795596643936,4.356220167803193,8.712440335606374,-44647.866163513005,-45252.10001486395,-0.956798139906356,stop_loss,9,-0.956798139906356,308.81410559999995,295.4197457509461
VRSK,2015-07-30,75.10252293606649,2015-08-13,72.96197947108283,6898,72.57658591924366,1.2629685084114186,2.5259370168228372,-14765.468821457322,-15071.873502738676,-0.8474255101087492,stop_loss,14,-0.8474255101087492,155.41716096389598,150.9875203174588
CHD,2015-08-06,38.86981912177607,2015-08-13,38.59561547209071,13468,37.99841274180366,0.43570318998620294,0.8714063799724059,-3692.9747539624486,-4005.966095895508,-0.3146679390780275,stop_loss,7,-0.3146679390780275,157.04961717962405,155.9417247534353
MDLZ,2015-08-07,36.68478129149216,2015-08-13,36.47070166186394,28213,35.52861594113213,0.5780826751800133,1.1561653503600269,-6039.828590700862,-6659.0092828697725,-0.18516350586146896,stop_loss,6,-0.18516350586146896,310.4963203730605,308.6843717958502
DPZ,2014-10-24,76.76763762241102,2015-08-21,93.95396879134992,12520,74.38033369298493,1.1936519647130444,2.387303929426082,215172.8662351151,214531.63588142503,7.1990545305517815,trailing_stop,301,7.1990545305517815,288.3392469097758,352.8911067803103
ACN,2015-03-27,77.91620931859833,2015-08-21,83.15277127583076,13747,75.05814629341023,1.4290315125940476,2.858063025188102,71987.01722607414,71322.75264320466,1.8322066067412155,trailing_stop,147,1.8322066067412155,321.33423885083135,342.93034401865367
EA,2015-05-07,59.5173027637262,2015-08-21,63.32852640851677,17470,56.87038662328782,1.3234580702191896,2.6469161404383783,66582.0770744913,65938.24208379957,1.4398732119104325,trailing_stop,106,1.4398732119104325,311.930183784689,331.9048069070364
AYI,2015-07-13,186.22721136552855,2015-08-21,192.93219197795668,5619,179.6690938263111,3.2790587696087234,6.558117539217449,37675.286061233666,37036.13705501755,1.022394089818068,trailing_stop,39,1.022394089818068,313.92321019887146,325.2257960172416
CDNS,2015-07-29,20.820799236297606,2015-08-21,20.299679695129395,24721,19.973703460209865,0.42354788804387,0.8470957760877411,-12882.59617721935,-13187.557985118492,-0.6151837323224173,trailing_stop,23,-0.6151837323224173,154.41329337615394,150.54851452298814
PFE,2015-07-30,20.96769944680867,2015-08-21,20.238192576601982,49420,20.40331383211229,0.2821928073481894,0.5643856146963806,-36052.22952561451,-36663.14808075359,-1.2925681505882047,trailing_stop,22,-1.2925681505882047,310.8671119983853,300.051443140701
REGN,2015-08-05,580.0930112293714,2015-08-21,532.8115876720456,1788,550.4699537920748,14.811528718648322,29.623057437296666,-84539.18532049865,-85136.14734734938,-1.5961020788420233,stop_loss,16,-1.5961020788420233,311.16189122343485,285.8001356272852
DXCM,2015-08-07,23.145621965408324,2015-08-21,22.425052728652954,44717,21.912896513175305,0.6163627261165096,1.2327254522330193,-32221.69455998989,-32833.02971807819,-0.5845334299296698,trailing_stop,14,-0.5845334299296698,310.5008332281492,300.8343248601522
PGR,2015-07-08,21.229766014120234,2015-08-24,21.1358540422478,24857,20.663136542909854,0.28331473560519066,0.5666294712103799,-2334.3698848330796,-2650.294550155422,-0.1657378880625953,trailing_stop,47,-0.1657378880625953,158.31248814389602,157.61217717844607
GIS,2015-07-08,38.82206708452977,2015-08-24,36.472171021026554,27186,37.74562912506321,0.5382189797332811,1.0764379594665598,-63884.274382398435,-64498.359129539735,-2.183029725807637,trailing_stop,47,-2.183029725807637,316.62501472800795,297.4597324132884
HIG,2015-07-14,35.86290810895276,2015-08-24,34.43117909177768,14761,34.57251731703988,0.6451953959564375,1.290390791912877,-21133.752022521352,-21445.035328872345,-1.1095313343430504,trailing_stop,41,-1.1095313343430504,158.81171597887547,152.4715903721191
DINO,2015-07-14,31.532707679427066,2015-08-24,30.026769452998572,16788,30.10691384594082,0.712896916743123,1.4257938334862459,-25281.69094528156,-25591.72909591131,-1.0562103658046305,trailing_stop,41,-1.0562103658046305,158.81132895666647,151.22682167308201
AMZN,2015-07-27,26.41388826370239,2015-08-24,23.155821853637697,39144,25.063405750918765,0.675241256391812,1.3504825127836249,-127533.75155557234,-128115.85857542229,-2.412520250520787,stop_loss,28,-2.412520250520787,310.1835726583099,271.9234471916382
V,2015-07-27,68.80058294145378,2015-08-24,59.4055408826377,7514,66.50376496868427,1.148408986384755,2.2968179727695173,-70594.34602994403,-70883.3482742683,-4.090460006061116,stop_loss,28,-4.090460006061116,155.0902740666251,133.9119702576419
MAS,2015-07-29,21.93080950513134,2015-08-24,21.19081445132227,46940,20.90571186521421,0.512548819958564,1.0250976399171279,-34735.36782579764,-35342.60653435242,-0.7218776290118972,trailing_stop,26,-0.7218776290118972,308.82965945125954,298.40904910352026
GPN,2015-07-29,52.25114475285151,2015-08-24,50.3102461845049,9850,50.29167597650151,0.9797343881749988,1.9594687763500005,-19117.85089821412,-19420.91980843401,-0.9905228354605472,trailing_stop,26,-0.9905228354605472,154.4021327446762,148.66677747521194
RSG,2015-07-29,34.943366338209074,2015-08-24,32.78115208775119,29460,34.16315597221937,0.39010518299485186,0.7802103659897028,-63698.83181848932,-64297.38111233796,-2.7713221263281995,trailing_stop,26,-2.7713221263281995,308.8294716970918,289.71982215154503
NOC,2015-07-30,145.46788648047414,2015-08-24,127.91823392286913,7123,140.78128505645364,2.3433007120102416,4.686601424020495,-125006.17516782042,-125590.37396851032,-3.7446437129594177,stop_loss,25,-3.7446437129594177,310.85032662012514,273.34847406977906
LMT,2015-07-30,155.67170579029042,2015-08-24,142.4577036972677,3328,151.59258344847828,2.0395611709060706,4.079122341812138,-43976.19896557959,-44273.851368011965,-3.2394228428933154,trailing_stop,25,-3.2394228428933154,155.42263106102595,142.22977137135206
CLX,2015-08-04,84.08710308126685,2015-08-24,79.53305611493106,6172,82.05537119664658,1.0158659423101373,2.031731884620271,-28107.577876224495,-28410.536962992173,-2.241460598619752,trailing_stop,20,-2.241460598619752,155.6956800652737,147.26340670240634
NDAQ,2015-08-07,14.739952812741551,2015-08-24,13.744367467873804,70218,14.244430243036902,0.24776128485232465,0.49552256970464903,-69908.01174592346,-70508.04534636273,-2.0091624594640667,trailing_stop,17,-2.0091624594640667,310.50300198152587,289.53059845774885
FIS,2015-08-13,58.65586656691409,2015-08-25,56.07335867350932,17737,56.62703685008567,1.0144148584142094,2.028829716828419,-45805.942505320476,-46416.42818574729,-1.272905198491422,stop_loss,12,-1.272905198491422,312.11373158920657,298.37194883761043
DHI,2015-08-13,26.638621865401863,2015-08-25,26.984182395514402,39057,25.365522039614493,0.6365499128936845,1.2730998257873694,13496.557624605455,12868.253864799874,0.27143239132785363,stop_loss,12,0.27143239132785363,312.1273962591002,316.17636354648175
CCI,2015-10-23,56.37262841058169,2015-10-29,55.19608311416058,8577,54.64895058958027,0.86183891050071,1.7236778210014236,-10091.229007403866,-10378.306459028181,-0.6825784274102689,stop_loss,6,-0.6825784274102689,145.05241016326775,142.0250414610466
GT,2015-10-29,30.311656988373546,2015-10-30,28.86202026803702,16006,28.73027170194219,0.7906926432156777,1.581385286431356,-23202.88534570641,-23487.025509156243,-0.9166878766197815,stop_loss,1,-0.9166878766197815,145.55051452677208,138.58964892306017
KO,2015-10-23,31.20538187285919,2015-11-03,30.33047851237372,15495,30.321639814843792,0.4418710290076975,0.8837420580153967,-13556.62757072234,-13842.677017723094,-0.9899985550650641,stop_loss,11,-0.9899985550650641,145.05821763598593,140.99122936476925
KMB,2015-10-23,84.98240974665471,2015-11-09,82.23387509717399,5689,82.61399300343308,1.184208371610815,2.36841674322163,-15636.413620895803,-15921.801654238765,-1.1604945191115452,stop_loss,17,-1.1604945191115452,145.0394787146156,140.34855462834685
MSCI,2015-11-03,63.06879618773434,2015-11-09,60.168360356464646,7744,60.48469286811965,1.2920516598073442,2.584103319614691,-22460.97507735253,-22747.279639436016,-1.1224148079737668,stop_loss,6,-1.1224148079737668,146.52142730334444,139.78313478013865
CLX,2015-11-03,92.16560077032828,2015-11-09,89.55796366840221,5299,89.63557952371718,1.2650106233055511,2.530021246611099,-13817.869003106263,-14106.754953494512,-1.0306779460524051,stop_loss,6,-1.0306779460524051,146.51565554459086,142.370294843659
NOC,2015-10-29,159.54860075287294,2015-11-10,152.790401303594,3040,153.47626302122555,3.0361688658236994,6.072337731647394,-20544.926325808003,-20829.779495683502,-1.1129485460034652,stop_loss,12,-1.1129485460034652,145.5083238866201,139.34484598887772
BKNG,2015-11-02,57.466146790698204,2015-11-10,51.07615572176539,8422,55.05366195351762,1.2062424185902922,2.4124848371805854,-53816.50478255217,-54090.74776408016,-2.6487176086879156,stop_loss,8,-2.6487176086879156,145.19396648137806,129.04901504661242
DLR,2015-11-02,51.20772921281395,2015-11-10,49.721586974662564,18903,49.33166013684496,0.9380345379844947,1.8760690759689922,-28092.54672777568,-28664.90678694324,-0.7921575261741325,stop_loss,8,-0.7921575261741325,290.3939115929466,281.9661475746139
CB,2015-10-23,95.55718494250347,2015-11-13,92.25496389499051,5060,92.34266282533338,1.607261058585042,3.214522117170091,-16709.23850041557,-16994.337342350886,-1.0272821051298515,stop_loss,21,-1.0272821051298515,145.05580674272025,140.0430351925956
ORLY,2015-10-30,18.4183996181488,2015-11-13,17.704278121948242,26301,17.72097158030406,0.34871401892237064,0.6974280378447411,-18782.109471570886,-19067.128235743574,-1.0239357431161,stop_loss,14,-1.0239357431161,145.32669850707947,139.6920656656082
EXPE,2015-11-02,128.98212978374457,2015-11-13,120.73822762294569,7505,120.78369295143436,4.099218416155104,8.198436832310207,-61870.48571679561,-62432.73110149677,-1.005545609415382,trailing_stop,11,-1.005545609415382,290.4032652081009,271.8421194930622
KRE,2015-11-09,35.67355161449397,2015-11-13,34.09829073939659,13721,34.25250185544175,0.71052487952611,1.4210497590522166,-21614.15446721112,-21901.35630189244,-1.1085191528747127,stop_loss,4,-1.1085191528747127,146.84304051074153,140.35879417057816
EEFT,2015-10-23,81.35126663970946,2015-11-16,76.71321091461182,5943,77.18211137965366,2.084577630027902,4.169155260055803,-27563.965174255296,-27845.778331286896,-1.1124689381406163,stop_loss,24,-1.1124689381406163,145.041173291938,136.7719837396614
WAL,2015-11-09,33.51681923021548,2015-11-16,31.78596873878151,14604,31.909217683300536,0.803800773457473,1.607601546914946,-25277.34057690174,-25563.44515155151,-1.0766663510342762,stop_loss,7,-1.0766663510342762,146.84388841142007,139.26068623834956
ALGN,2015-10-26,67.067,2015-11-17,65.26467182922363,7190,63.11265943667735,1.977170281661324,3.9543405633226456,-12958.739547882049,-13244.178964017685,-0.4557847615588152,stop_loss,22,-0.4557847615588152,144.66351899999998,140.77589713563538
RCL,2015-10-26,86.51106759791708,2015-11-17,83.72137197868713,5574,81.88208911381824,2.314489242049418,4.6289784840988375,-15549.763381587716,-15834.426067047714,-0.6026590161982659,stop_loss,22,-0.6026590161982659,144.66380723723694,139.99887822276062
OZK,2015-11-11,39.58297809777489,2015-11-17,38.532612161821056,12225,37.59378973837505,0.9945941796999213,1.98918835939984,-12840.72356703563,-13127.212494312696,-0.5280374435082364,stop_loss,6,-0.5280374435082364,145.17057217358942,141.31835510347872
BYD,2015-10-26,18.06971962368069,2015-12-04,18.22049292125692,26688,16.987735079164665,0.5409922722580119,1.0819845445160254,4023.8377657144124,3733.2838079946237,0.13934884591505028,trailing_stop,39,0.13934884591505028,144.67340319503708,145.8805545247514
FISV,2015-10-29,48.098049236297605,2015-12-04,46.85310152435303,10087,46.53921014404999,0.77941954612381,1.5588390922476165,-12557.787570384939,-12845.119247701745,-0.7986377286378831,trailing_stop,36,-0.7986377286378831,145.54950679396018,141.7821705228447
AIZ,2015-11-23,69.99247901669484,2015-12-04,68.10295311950044,13883,67.6455690794606,1.1734549686171212,2.346909937234244,-26232.2880307499,-26807.44169605394,-0.8051122317122859,stop_loss,11,-0.8051122317122859,291.5116758566324,283.6419894474074
PSX,2015-11-02,59.43702424074055,2015-12-08,57.77743223327173,8143,56.48513498182024,1.4759446294601544,2.9518892589203105,-13514.057716818574,-13800.400912538938,-0.5622135052843522,trailing_stop,36,-0.5622135052843522,145.1987065177051,141.1444892026595
ROP,2015-10-27,170.93990446059357,2015-12-09,174.3197083741225,2828,164.71281010954817,3.1135471755226978,6.227094351045395,9558.085467459858,9265.167211930884,0.5427577812373358,trailing_stop,43,0.5427577812373358,145.02541494436758,147.89284058460552
ICE,2015-10-28,44.82810904152032,2015-12-10,44.095250417688035,21529,42.691403980369785,1.068352530575269,2.1367050611505363,-15777.713312485277,-16352.042614224467,-0.34298539239555526,trailing_stop,43,-0.34298539239555526,289.53130786646733,284.79799387272175
STE,2015-10-29,63.69299656779512,2015-12-10,65.00894874253447,15235,60.642743483355204,1.5251265422199576,3.050253084439916,20048.531382154015,19460.299141113155,0.4314239305100104,trailing_stop,42,0.4314239305100104,291.1088408131076,297.1234002277538
PBF,2015-11-19,28.44646366352748,2015-12-10,27.993992480536185,34008,26.265201577256068,1.090631043135706,2.1812620862714134,-15387.639991167993,-15963.468100932188,-0.20743549610067133,trailing_stop,21,-0.20743549610067133,290.22220088077273,285.6059088834224
DHR,2015-10-23,38.62732908505672,2015-12-14,38.19425804901123,12518,37.23937450648867,0.6939772892840246,1.3879545785680492,-5421.183229217446,-5709.679017540725,-0.3120210435793143,trailing_stop,52,-0.3120210435793143,145.06107164602201,143.43471667725677
XRAY,2015-10-23,50.93146844069873,2015-12-14,51.77835727120378,18987,48.8054118566103,1.0630282920442147,2.126056584088431,16079.878224799408,15494.83278656184,0.39833786026356566,trailing_stop,52,0.39833786026356566,290.11073738506406,294.93470085250385
MANH,2015-10-26,74.5644878616333,2015-12-14,70.29963274383545,12935,70.0704345317557,2.2470266649388027,4.494053329877602,-55165.90094871519,-55728.046168724715,-0.9489996679487571,stop_loss,49,-0.9489996679487571,289.347495147068,272.79772486245344
AMZN,2015-10-26,30.14511477088928,2015-12-14,32.05541402435303,15997,28.45392432732802,0.8455952217806283,1.6911904435612577,30559.057157659576,30260.55059991833,1.129558921490295,trailing_stop,49,1.129558921490295,144.66942029697475,153.83713744427263
GT,2015-11-03,30.52998891679243,2015-12-14,29.315964143648177,15998,28.696112957628095,0.9169379795821675,1.8338759591643345,-19421.968320761756,-19709.192987880033,-0.6619993937307859,trailing_stop,41,-0.6619993937307859,146.52562880725358,140.69903831102505
CRM,2015-11-20,79.80917340282132,2015-12-14,75.5736822897256,6060,75.80449741222382,2.0023379952987432,4.004675990597491,-25667.076145360057,-25949.562177009106,-1.0576364038039918,stop_loss,24,-1.0576364038039918,145.09307724632916,137.39295440272113
DD,2015-12-10,26.40500987606461,2015-12-14,24.554223367665383,36668,25.03936525450269,0.6828223107809601,1.3656446215619198,-67864.63968998288,-68425.21163935722,-1.3552475359822673,stop_loss,4,-1.3552475359822673,290.46567064066113,270.1062787336663
LEA,2015-10-26,98.92046867554568,2015-12-15,99.9799451486409,4875,94.16434302515725,2.3780628251942098,4.756125650388427,5164.94780633918,4874.055951121307,0.2227604043658288,trailing_stop,50,0.2227604043658288,144.67118543798554,146.22066977988732
GPN,2015-10-29,64.91638900884993,2015-12-17,62.476819365585776,7473,61.7302908713593,1.5930490687453163,3.1860981374906316,-18230.903944113048,-18516.506777967694,-0.7656919335151303,stop_loss,49,-0.7656919335151303,145.53605251894066,140.06678133570676
VRSN,2015-10-26,79.02136619131747,2015-12-18,85.9291090815278,6102,75.93305256703276,1.5441568121423572,3.0883136242847087,42151.047116063426,41849.088776028955,2.236736203179574,trailing_stop,53,2.236736203179574,144.65651294982578,157.3018270846448
VC,2015-11-10,67.1672541708126,2015-12-18,65.70247996805303,14370,64.76242935247511,1.2024124091687445,2.404824818337488,-21048.805293655038,-21621.606717527688,-0.6090980896364019,trailing_stop,38,-0.6090980896364019,289.5580327303731,283.2433911422766
CASY,2015-12-09,115.81006820230907,2015-12-21,110.03520991806123,8453,110.59385500444087,2.608106598934099,5.2162131978682,-48814.877076747005,-49387.59811753245,-1.1070978246456553,stop_loss,12,-1.1070978246456553,293.6827519542355,279.03828883121145
XLP,2015-12-17,38.78102768966935,2015-12-21,37.77927255434316,12385,37.841934425388054,0.46954663214064807,0.939093264281297,-12406.73735101489,-12691.197146571518,-1.0667259296049272,stop_loss,4,-1.0667259296049272,144.09090838096648,140.368887175662
EFX,2015-12-17,102.32403181266315,2016-01-05,99.51806396942837,9387,98.64995920188653,1.8370363053883119,3.6740726107766193,-26339.620144444903,-26908.02767037685,-0.7637213905366071,stop_loss,19,-0.7637213905366071,288.1547059876407,280.25281994430725
WTW,2015-12-30,112.70409290366534,2016-01-05,106.78350782593469,8533,108.18202688569015,2.2610330089875976,4.522066017975192,-50520.35246827563,-51082.218777383336,-1.3092655114269343,stop_loss,6,-1.3092655114269343,288.5112074240929,273.3551016836102
HD,2015-11-18,98.64400596171318,2016-01-07,99.26589005754742,4853,95.37094845102733,1.6365287553429226,3.2730575106858453,3018.0035170836,2729.8664994691585,0.19000096814795522,trailing_stop,50,0.19000096814795522,143.6158082796582,144.5212093347833
MCD,2015-10-23,86.08134635218309,2016-01-08,90.14191706332073,11234,82.95441956177592,1.563463395203582,3.1269267904071683,45616.45136892029,45022.54372655736,1.2985819570815413,trailing_stop,77,1.2985819570815413,290.1113534761275,303.79628888680355
GE,2015-10-23,124.78474029258442,2016-01-08,123.35470005608619,3874,119.55048469680261,2.617127797890898,5.2342555957818035,-5539.975876194139,-5828.363533767364,-0.2732079491209168,trailing_stop,77,-0.2732079491209168,145.02482516804162,143.36283240518338
MSFT,2015-10-26,45.53079733021404,2016-01-08,45.60677934448914,21183,43.40045918823614,1.065169070988952,2.1303381419779015,1609.5270083894054,1030.356822379334,0.035666645016529205,trailing_stop,74,0.035666645016529205,289.3436639537772,289.82652205629404
GOOG,2015-10-26,34.8266528627297,2016-01-08,36.238408942381575,13847,33.0285795423367,0.899036660196499,1.7980733203930015,19548.586434939487,19253.375061694875,0.785149339373607,trailing_stop,74,0.785149339373607,144.67339865706543,150.53797458754732
GOOGL,2015-10-26,35.74159510323852,2016-01-08,37.0464213496088,13492,33.904295024205695,0.9186500395164107,1.837300079032822,17604.715716027855,17310.09894063331,0.7101867905307878,trailing_stop,74,0.7101867905307878,144.66768033986824,149.94909505467658
TAP,2015-11-12,70.81264384031724,2016-01-08,69.9052530513831,13676,67.3972434008243,1.7077002197464712,3.4154004394929416,-12409.476429463259,-12986.813816830527,-0.26567625231928893,trailing_stop,57,-0.26567625231928893,290.53011514805354,286.8072722192146
HRL,2015-12-17,30.45462338031761,2016-01-12,30.02025090530561,31542,29.402179254964494,0.5262220626765572,1.0524441253531158,-13700.976606828537,-14273.226152243677,-0.412727350125367,stop_loss,26,-0.412727350125367,288.1799191985934,284.06962621654486
SJM,2015-11-20,88.50980848752174,2016-01-14,86.21411205004544,10929,84.80353838667021,1.8531350504257653,3.706270100851526,-25089.666365178426,-25662.533683444944,-0.6194088328718546,trailing_stop,55,-0.6194088328718546,290.1971090880375,282.670209178484
KR,2015-12-04,32.31640891836217,2016-01-14,31.993177608364427,29947,31.098651305730694,0.6088788063157382,1.2177576126314769,-9679.80804050246,-10257.571796817225,-0.26543156589205597,trailing_stop,41,-0.26543156589205597,290.3338493634576,287.42990695130686
FSLR,2015-12-17,66.56649999999999,2016-01-14,60.739199237823485,14430,61.45657028021461,2.5549648598926886,5.109929719785377,-84087.94999820698,-84639.05637020752,-1.1403876533983444,stop_loss,28,-1.1403876533983444,288.16637849999995,262.93999350053787
TSN,2015-11-24,37.446307907854404,2016-01-20,37.84209767628188,26050,35.50832239175976,0.9689927580473192,1.937985516094642,10310.323467535774,9721.94457789575,0.20422741302270314,trailing_stop,57,0.20422741302270314,292.6428962998821,295.7359933401429
DLR,2015-12-29,53.60924290838405,2016-01-20,52.03134738538379,17846,51.95442966457947,0.8274066219022866,1.6548132438045755,-28159.123503462604,-28724.70209577738,-0.9535187906597387,trailing_stop,22,-0.9535187906597387,287.0131646829065,278.56542763186775
KIM,2016-03-18,17.660223006195313,2016-03-22,16.956177625485324,52822,17.034558202663295,0.31283240176600907,0.6256648035320183,-37189.08509986302,-37737.637354113016,-1.1252756695526014,stop_loss,4,-1.1252756695526014,279.8544898899747,268.69776436001575
GGG,2016-03-21,24.628995498167345,2016-03-28,23.990799344229195,18910,23.57693471627678,0.5260303909452821,1.0520607818905638,-12068.289270970416,-12344.10936711133,-0.6066152877510604,stop_loss,7,-0.6066152877510604,139.72029146110336,136.09980467981222
RSG,2016-03-21,40.65728167582289,2016-04-05,38.96355745434037,11455,39.45235718184864,0.6024622469871235,1.2049244939742465,-19401.610957082255,-19675.22797075306,-1.4056683468156967,stop_loss,15,-1.4056683468156967,139.71874847896538,133.89826519184066
BWXT,2016-03-21,30.516032550581233,2016-04-06,29.112772939558692,30524,29.33661454732711,0.5897090016270627,1.1794180032541242,-42833.09636685205,-43379.12926448636,-1.1897898854781064,stop_loss,16,-1.1897898854781064,279.44141327218244,266.5914843621269
DG,2016-03-14,74.3505520295531,2016-04-11,72.05357705174076,12511,70.80738063022636,1.7715856996633654,3.543171399326738,-28737.453947410188,-29286.952565091007,-0.6482822079250256,trailing_stop,28,-0.6482822079250256,279.05992693252165,270.43869074829865
TJX,2016-03-21,33.706991082959426,2016-04-12,32.6874226027835,27634,32.4470091377887,0.6299909725853639,1.259981945170729,-28174.755381181567,-28725.178349519112,-0.8091929285842063,trailing_stop,22,-0.8091929285842063,279.43769747595024,270.9852708615958
FIVE,2016-03-24,41.50145908355712,2016-04-12,38.821140609741214,22391,38.762791089406065,1.3693339970755305,2.738667994151058,-60015.01094721202,-60554.56194613181,-0.9786941971572438,stop_loss,19,-0.9786941971572438,278.77775110197825,260.77324781781465
CPT,2016-03-21,55.21101759910654,2016-04-15,54.026767313376276,8435,53.18101764391192,1.0149999775973078,2.0299999551946186,-9989.151160134783,-10265.57737485582,-0.5833745378662972,trailing_stop,25,-0.5833745378662972,139.7114800345391,136.71473468649867
PGR,2016-03-21,26.175282143957038,2016-04-15,25.38093984945413,35586,25.364894467958965,0.40519383799903536,0.8103876759980722,-28267.464892180473,-28817.86880693773,-0.9802003633934796,stop_loss,25,-0.9802003633934796,279.4420771124565,270.9618376448024
GIS,2016-03-30,43.61550388814674,2016-04-15,43.06779489956516,10791,42.36835294871399,0.6235754697163766,1.2471509394327498,-5910.327695783861,-6190.94753894932,-0.43916816422453336,trailing_stop,16,-0.43916816422453336,141.19647073709746,139.42337242836228
XLU,2016-03-17,17.653107034150626,2016-04-21,17.350605623138478,26420,17.128967490342,0.26206977190431296,0.5241395438086265,-7992.087278940956,-8269.52670546263,-0.5771390740985521,trailing_stop,35,-0.5771390740985521,139.91852635267787,137.52090016899555
KO,2016-03-18,33.54112523480053,2016-04-21,32.32032817129808,27812,32.692334866375795,0.4243951842123702,0.8487903684247371,-33952.807930130206,-34502.329552769326,-1.4382786479635947,stop_loss,34,-1.4382786479635947,279.85373250908174,269.6678901300427
SO,2015-12-17,29.991486675981935,2016-04-22,32.12731690157253,32029,29.07882793957908,0.4563293682014272,0.9126587364028538,68408.50629544107,67811.62534750541,2.3402287628437515,trailing_stop,127,2.3402287628437515,288.17919802350764,308.70174991214
PM,2016-03-18,59.78815283911831,2016-04-22,58.81302113097752,15602,58.04283868469663,0.8726570772108403,1.7453141544216777,-15214.004910412657,-15769.12956529709,-0.5587141464878054,trailing_stop,35,-0.5587141464878054,279.84442817877715,275.28022670565343
FISV,2016-03-21,50.36531362533569,2016-04-22,48.951,9247,48.572493302620835,0.8964101613574252,1.792820322714853,-13078.1580934791,-13353.671479107143,-0.7888763906881665,trailing_stop,32,-0.7888763906881665,139.71841652804375,135.7949691
NVR,2016-03-21,1730.7289999999998,2016-04-22,1695.193124633789,538,1649.2352837194176,40.7468581402911,81.49371628058225,-19118.300947021413,-19671.244777937307,-0.4360566309660128,stop_loss,32,-0.4360566309660128,279.33966059999995,273.60417031589355
OC,2016-04-06,41.70150746483915,2016-04-28,40.971101889514664,22337,39.981160413344625,0.8601735257472628,1.720347051494528,-16315.069336023123,-16869.066758567584,-0.42456873727307504,trailing_stop,22,-0.42456873727307504,279.4459716726337,274.5514508718267
IEX,2016-03-21,71.58098904400983,2016-04-29,72.48555779184802,6506,69.10357853495759,1.2387052545261188,2.477410509052234,5885.124273435315,5603.935187321088,0.3651267097370361,trailing_stop,39,0.3651267097370361,139.71177441609836,141.47731169812897
OLED,2016-04-19,58.77635916489768,2016-05-02,54.95981217381086,15950,54.581891248506274,2.097233958195701,4.194467916391403,-60873.92450783473,-61418.15208769045,-0.909900151142479,stop_loss,13,-0.909900151142479,281.24487860403536,262.98270125168494
ARW,2016-03-21,63.16309847259521,2016-05-03,61.32860939025879,14747,60.19217984873813,1.4854593119285409,2.970918623857081,-27053.210497215157,-27603.97426197121,-0.617482103887026,stop_loss,43,-0.617482103887026,279.43986395260845,271.3239008034439
ISRG,2016-04-21,71.57817475891113,2016-05-04,68.33493223571777,12970,68.63284103112791,1.472666863891611,2.945333727783222,-42064.85552581787,-42609.25742513397,-1.1011460238274444,stop_loss,13,-1.1011460238274444,278.5106779869232,265.8912213291779
JCI,2016-04-22,28.984338118242672,2016-05-04,28.082461529282888,31836,27.877202850881424,0.5535676336806238,1.1071352673612473,-28712.143086123673,-29257.176676197258,-0.8146037937255144,trailing_stop,12,-0.8146037937255144,276.82361649971216,268.209973573875
COTY,2016-05-03,26.573469925543247,2016-05-04,24.330621612594708,35022,25.065382152954584,0.754043886294332,1.508087772588663,-78549.03361608372,-79083.86254423832,-1.4872133795625464,stop_loss,1,-1.4872133795625464,279.1968191197127,255.63210903488755
PH,2016-04-28,99.17133144592694,2016-05-05,95.4414522182259,4686,95.540991141082,1.8151701524224695,3.6303403048449354,-17478.214061007042,-17751.800712282107,-1.0274186204316043,stop_loss,7,-1.0274186204316043,139.41505774668408,134.171593528382
HAS,2016-04-19,62.85935201904178,2016-05-06,60.016585577747904,14914,60.44197228967837,1.2086898646817041,2.417379729363411,-42397.01870545686,-42946.790225452416,-1.1759701658632196,stop_loss,17,-1.1759701658632196,281.24531280359673,268.52620719195966
WSO,2016-04-22,100.40620830779964,2016-05-09,97.89805519223141,9190,96.8483683892711,1.7789199592642695,3.5578399185285434,-23049.927132072073,-23596.65198654166,-0.7049651398047048,stop_loss,17,-0.7049651398047048,276.8199163046036,269.904938164982
SLV,2016-04-20,16.25623977088928,2016-05-10,16.23375,28903,15.663075463643635,0.2965821536228229,0.5931643072456456,-650.0218480128519,-931.7393003172558,-0.03791490926638998,trailing_stop,20,-0.03791490926638998,140.95622942940386,140.76122287500002
EVRG,2016-04-11,35.26470967226804,2016-05-13,36.16455990395221,26400,33.67897990153428,0.7928648853668816,1.5857297707337636,23756.046116462072,23190.32630141841,0.5674675775733102,trailing_stop,32,0.5674675775733102,279.2965006043629,286.42331443930146
CHTR,2016-03-17,198.4182212219238,2016-05-17,203.3964060974121,4701,187.16337267596978,5.627424272977011,11.254848545954019,23402.447099670477,22835.767930762016,0.44231469265553935,trailing_stop,61,0.44231469265553935,279.82921738927917,286.84995151918025
GPC,2016-03-18,73.99802524380698,2016-05-18,70.25556784566581,12606,71.35067057740628,1.3236773332003509,2.6473546664007017,-47177.417960967585,-47722.95619931335,-1.4136592446940066,stop_loss,61,-1.4136592446940066,279.84573186702926,265.69250647873895
BAX,2016-04-26,37.582425916620444,2016-05-18,38.01028640346576,24613,36.43851594429767,0.571954986161386,1.1439099723227741,10530.930162723827,9972.761134223543,0.3740333568178653,trailing_stop,22,0.3740333568178653,277.5048747257337,280.6641537745508
SYY,2016-03-21,35.66805707895265,2016-05-19,37.542353704484555,26115,34.51913891128589,0.5744590838333778,1.148918167666757,48947.25637576569,48373.68941248285,1.631357809702199,trailing_stop,59,1.631357809702199,279.4413931850545,294.12557009778425
VCIT,2016-05-04,61.64122569401934,2016-05-19,60.99979993470268,14934,61.198856222062304,0.22118473597851862,0.44236947195703635,-9579.052289635016,-10128.508612656815,-1.4499774509280725,stop_loss,15,-1.4499774509280725,276.1650193543455,273.29130366745494
WELL,2016-05-05,50.95892521619222,2016-05-19,47.63588621233581,17976,48.970570771329015,0.9941772224316034,1.9883544448632051,-59734.94913332279,-60266.651232394564,-1.6712508237358188,stop_loss,14,-1.6712508237358188,274.8112919058814,256.89080716588455
KHC,2016-05-06,52.965706032510205,2016-05-19,51.59629447153404,17350,51.05823361219883,0.9537362101556848,1.9074724203113718,-23759.290582936515,-24303.535795560067,-0.7179194552928992,trailing_stop,13,-0.7179194552928992,275.6864998992156,268.55871272433467
IRM,2016-03-21,18.761971662949218,2016-05-20,21.006828609124536,24823,17.8477000205196,0.4571358212148091,0.9142716424296182,55724.08397490992,55427.92969616381,2.4553500753996427,trailing_stop,60,2.4553500753996427,139.71852677681653,156.4357519692895
DLR,2016-05-17,67.57062833736353,2016-05-20,66.07687666443006,13837,65.03068842857022,1.2699699543966585,2.5399399087933148,-20669.04189838043,-21223.826056393376,-0.5881051231810945,stop_loss,3,-0.5881051231810945,280.49243529122975,274.29172272171564
GDXJ,2016-04-12,27.889859648020533,2016-05-25,28.517601322812368,33267,25.75915734863675,1.0653511496918906,2.130702299383781,20883.08229529998,20320.130194064972,0.2946172606907046,trailing_stop,43,0.2946172606907046,278.3435882732097,284.60851296179976
NLY,2016-04-12,12.090464868968516,2016-05-26,12.378966168715825,76740,11.76747930766968,0.16149278064941822,0.32298556129883593,22139.58974260855,21576.254501258984,0.89323280764362,trailing_stop,44,0.89323280764362,278.34668221339314,284.98855913617575
CHTR,2016-05-23,232.4321969451904,2016-05-27,216.7929845123291,3951,219.60278973374312,6.414703605723643,12.82940721144729,-61790.52832223505,-62322.99492981665,-1.219012864359541,stop_loss,4,-1.219012864359541,275.50188303913416,256.96472454246367
VMC,2016-05-04,103.98464813297383,2016-06-14,104.51290302602828,8853,100.06309342729912,1.960777352837356,3.9215547056747084,4676.640568211065,4122.8919220878715,0.13470547594045745,trailing_stop,41,0.13470547594045745,276.1728269763652,277.57581914682856
BR,2016-05-19,53.00307053720679,2016-06-14,53.671351642920726,17268,51.22340596648799,0.8898322853593992,1.7796645707188006,11539.878133468274,10987.26195680634,0.3755095857440265,trailing_stop,26,0.3755095857440265,274.57710661094603,278.03907005098654
MLM,2016-05-10,169.49668557269047,2016-06-15,169.63249578523852,2730,161.1995464187227,4.148569576983888,8.297139153967777,370.76188025618023,93.01508072403641,0.01636831804648058,trailing_stop,36,0.01636831804648058,138.8177854840335,138.92901404811033
LOW,2016-05-19,65.3462603032945,2016-06-15,63.44861959277689,14006,63.01448691728771,1.1658866930033929,2.3317733860067875,-26578.355791509595,-27119.52611785691,-0.8138186677597163,stop_loss,27,-0.8138186677597163,274.57191654238284,266.59840980492993
EFX,2016-04-29,109.01195085266302,2016-06-16,109.86849893069916,4245,105.38826290104438,1.8118439758093179,3.623687951618635,3636.0465912634195,3357.302338464308,0.23637467946254503,trailing_stop,48,0.23637467946254503,138.82671941086636,139.91753338824537
CDNS,2016-05-23,24.64462084007263,2016-06-20,24.44552931404114,37271,23.74034264793346,0.45213909606958474,0.90427819213917,-7420.340266719715,-7969.231962637907,-0.22016623618946107,trailing_stop,28,-0.22016623618946107,275.5588989991041,273.33279691908814
MRK,2016-06-17,40.65384706036003,2016-06-20,39.802576817768895,22858,39.560808222105166,0.5465194191274318,1.0930388382548628,-19458.335205148145,-20010.057086250028,-0.7788106083680115,stop_loss,3,-0.7788106083680115,278.77969083171286,272.94219027016845
SWK,2016-04-22,86.62212377349027,2016-06-27,82.01905748008633,5326,83.84343919705609,1.3893422882170934,2.7786845764341876,-24515.93107866939,-24785.385958076353,-1.656563084720805,stop_loss,66,-1.656563084720805,138.40482936528275,131.05005004168194
J,2016-05-09,37.37919112084447,2016-06-27,37.41857573355945,24805,35.82808692470811,0.7755520980681794,1.5511041961363574,976.9353183951492,420.32773634810246,0.02539133915895908,trailing_stop,49,0.02539133915895908,278.15725072576413,278.45033132128265
MTD,2016-05-13,367.6773075561523,2016-06-27,358.43121853637695,2537,351.6143431731993,8.031482191476488,16.062964382952998,-23457.327843170075,-24009.9690423791,-0.5756153596149333,trailing_stop,45,-0.5756153596149333,279.8391987809875,272.80200042803654
A,2016-05-18,41.10698957695963,2016-06-27,40.26802947701513,22501,39.60690549351785,0.7500420417208871,1.5000840834417772,-18877.441208851054,-19426.7469999711,-0.5592753827636064,trailing_stop,40,-0.5592753827636064,277.48451174135056,271.82127937869524
AMAT,2016-05-23,20.44699062740358,2016-06-27,20.638962316917482,44923,19.497303822978193,0.4748434022126925,0.9496868044253866,8623.944208033043,8070.232928797722,0.2021421047647978,trailing_stop,35,0.2021421047647978,275.5620479864553,278.14923124886525
NDSN,2016-05-26,78.68597022197508,2016-06-27,71.85848503831005,11742,75.08376833366263,1.8011009441562282,3.6022018883124503,-80168.33102659481,-80698.6389246947,-1.8953643897131913,stop_loss,32,-1.8953643897131913,277.1791987039294,253.12869939595097
XRAY,2016-06-14,55.79852952135991,2016-06-27,52.54410951139946,16626,53.910632949087706,0.9439482861361018,1.8878965722722043,-54107.98708560241,-54648.37850057001,-1.7238338464927374,stop_loss,13,-1.7238338464927374,278.31190554663897,262.07950942095823
PTC,2016-06-17,38.97893862533569,2016-06-27,36.29367182922363,23840,37.32934800882561,0.824795308255036,1.6495906165100749,-64016.760419311344,-64555.11012928235,-1.6278383068115936,stop_loss,10,-1.6278383068115936,278.77736904840083,259.57234092260745
ALB,2016-06-20,73.32604874038768,2016-06-27,67.86043875073845,12594,70.14872959479719,1.5886595727952444,3.177319145590488,-68833.89220964232,-69367.3229966813,-1.720195466431015,stop_loss,7,-1.720195466431015,277.04047735093275,256.3903096880401
CL,2016-03-21,55.11731355163862,2016-06-28,55.544979422657754,8450,53.38641461145909,0.8654494700897661,1.7308989401795287,3613.7766101117077,3333.247697421866,0.24707731982017364,trailing_stop,99,0.24707731982017364,139.7223898534039,140.8065228364374
XYL,2016-03-21,34.61303777666017,2016-06-28,38.350675574332854,13455,33.372492897290286,0.6202724396849424,1.2405448793698852,50289.91656768595,49995.39853874466,3.0129001052917617,trailing_stop,99,3.0129001052917617,139.7155269854888,154.80250195579455
MMM,2016-03-21,99.09173770527012,2016-06-28,101.41597336942944,4700,96.3712247954845,1.3602564548928133,2.7205129097856258,10923.907621548793,10641.191748933466,0.8543373037485293,trailing_stop,99,0.8543373037485293,139.71935016443086,142.99652245089553
BSX,2016-04-28,22.09206969451904,2016-06-28,22.177800762176513,42079,21.232117423863855,0.42997613532759227,0.8599522706551852,3607.4775959588233,3048.6280322746356,0.09969282084941312,trailing_stop,61,0.09969282084941312,278.8836602027,279.96590348148766
IDXX,2016-05-02,85.085,2016-06-28,87.74217182922364,10892,81.73321187127131,1.6758940643643414,3.3517881287286855,28941.915563903916,28377.185497234746,0.792762468023745,trailing_stop,57,0.792762468023745,278.023746,286.70632066917113
OLED,2016-05-25,60.83240082351083,2016-06-28,60.37200106031775,15148,56.091762745794085,2.3703190388583737,4.740638077716746,-6974.1356128487905,-7524.936896769661,-0.09711767817863567,trailing_stop,34,-0.09711767817863567,276.44676230236263,274.354521618508
WM,2016-06-27,53.31114808037126,2016-07-06,56.26286346058054,17046,52.145661965590016,0.5827430573906225,1.1654861147812454,50314.94037104737,49754.60079082925,2.5326045010525915,trailing_stop,9,2.5326045010525915,272.62254905340257,287.71703116471673
XEL,2016-06-27,32.04749960166004,2016-07-13,32.3758495696529,14178,31.14170076296572,0.4528994193471618,0.9057988386943236,4655.345846202723,4381.32757283746,0.3624976694231154,trailing_stop,16,0.3624976694231154,136.31083480570084,137.70743855956164
REG,2016-06-29,56.07597951782243,2016-07-18,55.80010573643728,8111,54.3612217531514,0.8573788823355166,1.7147577646710346,-2237.6122408149604,-2509.84031906415,-0.16088207154908302,trailing_stop,19,-0.16088207154908302,136.44968096071733,135.77839728847283
NLY,2016-06-29,13.05139964202243,2016-07-18,12.721566312789918,69703,12.678521244607268,0.1864391987075807,0.37287839741516215,-22990.372547493796,-23529.30846127828,-0.884560037585863,stop_loss,19,-0.884560037585863,272.9165127743668,266.0194010101187
BND,2016-06-29,63.07253235206354,2016-07-18,62.97942208562058,14423,62.740993619402595,0.16576936633047362,0.33153873266094536,-1342.929372906856,-1888.3435745632714,-0.28084280136940776,trailing_stop,19,-0.28084280136940776,272.90854023414374,272.50566142227166
GLD,2016-06-27,126.56644244384765,2016-07-21,125.53434365844727,7180,123.13768584543082,1.7143782992084127,3.4287565984168253,-7410.46927917472,-7953.494372439064,-0.30101255536101174,trailing_stop,24,-0.30101255536101174,272.62411702404785,270.4009762402954
CCI,2016-06-27,64.04689457239728,2016-07-21,64.90260904639065,14189,62.46718274028188,0.7898559160576999,1.5797118321154002,12141.732671491975,11592.833319437881,0.5416902352674549,trailing_stop,24,0.5416902352674549,272.6284161263235,276.27093592777106
AWK,2016-06-27,65.95881631175264,2016-07-22,66.7873688829375,6889,63.96575410371445,0.9965311040190932,1.9930622080381895,5707.898662892486,5433.552121950619,0.4157183693731359,trailing_stop,25,0.4157183693731359,136.31708567149917,138.02945527036692
CLX,2016-06-27,100.25789352727541,2016-07-22,100.12449923612067,4532,97.65491769363116,1.3014879168221258,2.6029758336442512,-604.5429275132992,-876.9828287144126,-0.05124684195319152,trailing_stop,25,-0.05124684195319152,136.31063203968364,136.12926916142968
MO,2016-06-27,34.46874192180902,2016-07-28,34.266520487319475,26365,33.50837919932108,0.4801813612439709,0.9603627224879432,-5331.568120316842,-5875.229678341844,-0.21056776752606965,trailing_stop,31,-0.21056776752606965,272.63051423054844,271.03104379445335
PAYX,2016-07-06,44.86178696932202,2016-08-01,43.85905443093428,20913,43.432737081807744,0.7145249437571388,1.4290498875142745,-20970.1455753028,-21526.771262163868,-0.7016777700685579,stop_loss,26,-0.7016777700685579,281.4583652668294,275.16732159423856
FIVE,2016-07-19,50.05,2016-08-03,47.97198045730591,18658,47.53311765124863,1.2584411743756836,2.5168823487513663,-38771.68862758626,-39320.35686099799,-0.8256323716223759,trailing_stop,15,-0.8256323716223759,280.14986999999996,268.5183634117241
PHM,2016-07-22,19.461520789959383,2016-08-03,18.63824415496782,47683,18.631400299513572,0.4150602452229057,0.830120490445811,-39256.29978630279,-39801.313113863485,-0.9917555878537939,stop_loss,12,-0.9917555878537939,278.39510874829,266.61821881239916
EQIX,2016-05-25,294.3603621196544,2016-08-04,307.04692672046014,3130,283.24925396444775,5.555554077603324,11.111108155206637,39708.94720052201,39144.225756301144,1.1417911178248104,trailing_stop,71,1.1417911178248104,276.40438003035547,288.31706419051204
DTE,2016-06-27,58.840414127844504,2016-08-04,59.52954862421243,7722,57.22873761627764,0.8058382557834307,1.6116765115668628,5321.496580953135,5047.28072524172,0.42758859573994457,trailing_stop,38,0.42758859573994457,136.30970336856458,137.90615234285053
GIS,2016-06-30,47.147705811315824,2016-08-04,48.759982816814976,19461,45.93242132876412,0.6076422412758526,1.2152844825517022,31376.522804018998,30816.58494550138,1.3266663309268087,trailing_stop,35,1.3266663309268087,275.26245083820515,284.6754076794109
O,2016-06-27,39.86128624612589,2016-08-08,41.78360329352783,22798,38.52210444568355,0.669590900221169,1.33918180044234,43824.98404666942,43266.58198915191,1.4354414365301162,trailing_stop,42,1.4354414365301162,272.62728115175344,285.7747763657543
D,2016-06-29,50.269155041955784,2016-08-08,49.140995596896616,9048,48.87798303466939,0.6955860036431977,1.391172007286393,-10207.586658895354,-10477.425571789456,-0.8109417377220992,trailing_stop,40,-0.8109417377220992,136.45059444588478,133.38831844821618
NNN,2016-06-27,29.66226208372745,2016-08-09,31.47880493989976,15318,28.727422635403745,0.46741972416185396,0.9348394483237072,27825.80347084742,27544.835811447043,1.9431602500617766,trailing_stop,43,1.9431602500617766,136.30995917956113,144.65770022081537
ELS,2016-06-29,30.825945238933343,2016-08-12,31.375573971324442,14755,29.84523064534827,0.49035729679253687,0.9807145935850734,8109.771946430667,7834.436921646461,0.5604369874643054,trailing_stop,44,0.5604369874643054,136.45104660013845,138.88397818406764
DUK,2016-06-20,55.10960020966037,2016-08-16,54.74080338942127,16757,53.642149126940915,0.7337255413597292,1.4674510827194567,-6179.928316746559,-6732.157280679503,-0.25131796526780936,trailing_stop,57,-0.25131796526780936,277.04147121398364,275.1874927189597
GRMN,2016-07-28,40.31088925650454,2016-08-23,41.18195317030683,23109,38.73508776412954,0.7879007461875014,1.5758014923749997,20129.415984057083,19564.450555364725,0.55277515474963,trailing_stop,26,0.55277515474963,279.46330194856904,285.5021267437861
DLTR,2016-05-27,89.05897122192381,2016-08-24,95.7241796951294,10390,84.19047404649405,2.4342485877148823,4.868497175429766,69251.51603660599,68675.54695519754,1.3690484420620435,trailing_stop,89,1.3690484420620435,277.5968132987365,298.37226810971833
RMD,2016-08-01,61.734019889664005,2016-08-24,60.375369699030614,15208,59.72582651888828,1.004096685387862,2.0081933707757216,-20662.352099152606,-21219.463978212065,-0.6765534686077435,trailing_stop,23,-0.6765534686077435,281.6552923446031,275.4565867148573
UNH,2016-03-21,107.26817654707888,2016-08-26,117.27832727133347,4341,103.18288917753742,2.0426436847707317,4.0852873695414615,43454.06429398916,43161.637382066445,2.450292921591496,trailing_stop,158,2.450292921591496,139.69534631726083,152.73156560545758
ZTS,2016-08-04,47.58114630796221,2016-08-26,46.68436330718928,9779,46.08665225676241,0.7472470255998984,1.4944940511997942,-8769.640964558459,-9046.187690116429,-0.6000579259937379,trailing_stop,22,-0.6000579259937379,139.58880892366872,136.9579166343012
ULTA,2016-03-14,189.7095242767334,2016-08-29,254.3454060974121,4903,176.62778823930176,6.540868018715818,13.081736037431625,316909.7285667878,316256.56816970045,4.940925396731126,trailing_stop,168,4.940925396731126,279.0437392586472,374.11665782868346
ITW,2016-07-21,90.81634159236081,2016-09-09,93.75502151226071,5131,88.20765261435454,1.3043444890031322,2.6086889780062705,15078.366669006373,14794.25596977943,1.1264968513593472,trailing_stop,50,1.1264968513593472,139.793594613121,144.31710461382292
IJR,2016-07-13,52.763899426532056,2016-09-12,52.368926184655315,8825,51.11077616001755,0.8265616332572516,1.6531232665145055,-3485.63885956224,-3763.9780153678585,-0.23892546301735532,trailing_stop,61,-0.23892546301735532,139.69242373174362,138.64673207387497
LII,2016-07-19,133.73046651175517,2016-09-12,137.88834928747298,3491,129.2966368957734,2.216914807990894,4.433829615981779,14515.16877003087,14230.702384244338,0.9377633188092486,trailing_stop,55,0.9377633188092486,140.0559175777612,144.41046820877045
IEX,2016-07-20,77.15281682366792,2016-09-12,79.78207334467896,6058,74.61246431364117,1.270176255013374,2.54035251002675,15928.036004284904,15642.82253489295,1.0349967221609562,trailing_stop,54,1.0349967221609562,140.2175292953341,144.99594009661953
CTAS,2016-07-21,24.075828747530498,2016-09-12,25.624782494879685,38712,23.277426923309605,0.3992009121104468,0.7984018242208926,59963.09746738176,59385.89444865691,1.940067896088175,trailing_stop,53,1.940067896088175,279.6070447423202,297.59597398253476
IDXX,2016-08-03,105.10499999999999,2016-09-12,109.49039847564697,8858,100.89626865855728,2.10436567072136,4.208731341442714,38845.85969728095,38275.59388537176,1.0419763391558525,trailing_stop,40,1.0419763391558525,279.30602700000003,290.9597849091843
ECL,2016-08-03,110.5684742121791,2016-09-12,106.37415415797784,4210,107.74216070190833,1.413156755135385,2.826313510270765,-17658.08742818729,-17932.0859678188,-1.484025052054269,stop_loss,40,-1.484025052054269,139.6479829299822,134.35055670152602
ALGN,2016-08-04,92.07198336029052,2016-09-12,91.47842969512939,10108,88.84722685008477,1.612378255102875,3.2247565102057507,-5999.640447448645,-6556.2387199979,-0.1840615448895562,trailing_stop,39,-0.1840615448895562,279.199082341745,277.39919020751034
XPO,2016-08-08,12.73668961048126,2016-09-12,11.260109044075012,36808,11.5977137908485,0.5694879098163802,1.1389758196327602,-54349.97748828119,-54614.95973774426,-1.2964108113220016,stop_loss,35,-1.2964108113220016,140.64362135477828,124.33862810829392
XYL,2016-08-16,44.73272326632775,2016-09-12,42.990897091291046,10586,43.43817652930546,0.6472733685111484,1.2945467370222943,-18438.971888938577,-18717.564562470303,-1.3455104595475949,stop_loss,27,-1.3455104595475949,142.06218254920367,136.5304909825221
BBY,2016-08-24,27.731411785340928,2016-09-12,26.06102385202204,34247,26.163803790998003,0.7838039971714624,1.567607994342925,-57205.77555237198,-57758.44441535381,-1.0655648219113891,trailing_stop,19,-1.0655648219113891,284.91529782377125,267.75356515805964
AMAT,2016-08-24,26.97510036744865,2016-09-12,25.74368774066419,35207,25.96783370194924,0.5036333327497059,1.0072666654994116,-43354.34435120053,-43911.165463077225,-1.222528918073464,stop_loss,19,-1.222528918073464,284.9137075910294,271.90740428566926
IGV,2016-08-24,22.260229558375006,2016-09-12,21.79819315633436,21332,21.8274928723618,0.2163683430066045,0.43273668601320736,-9856.160528331051,-10138.116810336105,-1.0677079549168242,trailing_stop,19,-1.0677079549168242,142.4565650817767,139.4997169232774
BRK-B,2016-09-01,150.8506969451904,2016-09-12,146.2236251220703,3127,148.10089372751096,1.3749016088397155,2.7498032176794425,-14468.853590896566,-14747.539012427864,-1.6826919807828604,stop_loss,11,-1.6826919807828604,141.51303880428313,137.17238272701414
ADSK,2016-08-29,68.56849999999999,2016-09-13,66.24368756103516,6877,65.71420147847671,1.4271492607616367,2.854298521523276,-15987.735142761114,-16265.866166918286,-0.8144951978338011,stop_loss,15,-0.8144951978338011,141.46367235,136.66735180717166
TTWO,2016-08-30,44.29425,2016-09-13,43.486468780517576,10684,42.44536272873902,0.924443635630489,1.8488872712609776,-8630.334548950195,-8911.689308785511,-0.43690128221365226,stop_loss,14,-0.43690128221365226,141.9719301,139.38282973531494
FXI,2016-09-09,30.842112273682798,2016-09-13,29.649551193655867,15408,30.06739520120112,0.3873585362408384,0.7747170724816783,-18374.981121054945,-18654.59778626637,-1.5393504575893207,stop_loss,4,-1.5393504575893207,142.56457977387137,137.0520854375549
AMH,2016-06-27,16.037034998752656,2016-09-14,17.882119666445078,56668,15.470996167224355,0.28301941576415085,0.5660388315283011,104557.25794879418,103980.61875182396,3.2596432698984725,trailing_stop,79,3.2596432698984725,272.63600979279465,304.0031871774329
ISRG,2016-07-21,77.4106692123413,2016-09-14,74.67636277770995,6020,74.84988623291895,1.2803914897111757,2.560782979422356,-16460.524736480726,-16735.193916254757,-1.067761874631069,stop_loss,55,-1.067761874631069,139.80366859748838,134.86551117654417
ARMK,2016-08-12,24.110505046704265,2016-09-14,23.60651292259171,19604,23.437236393732015,0.3366343264861247,0.6732686529722507,-9880.261601102566,-10160.89492718359,-0.7485750626998661,trailing_stop,33,-0.7485750626998661,141.7987022806771,138.83462380034635
TFC,2016-09-13,25.736848606436606,2016-09-16,25.416742263793946,18083,25.061513893642037,0.3376673563972855,0.6753347127945695,-5788.482994007221,-6065.986109119135,-0.4739965776644942,stop_loss,3,-0.4739965776644942,139.61983000505793,137.88328510685577
ICE,2016-08-04,49.27300217618519,2016-09-26,48.8328629317053,18888,47.82343002621265,0.7247860749862687,1.4495721499725391,-8313.350049736111,-8869.257123783462,-0.3036338994842204,trailing_stop,53,-0.3036338994842204,279.20053953113575,276.70653451621496
WYNN,2016-09-15,95.31910126105682,2016-09-26,90.38467604238097,9652,89.38404723694337,2.967527012056718,5.935054024113441,-47627.072210659215,-48164.796068219046,-0.831403589357037,stop_loss,11,-0.831403589357037,276.0059896115161,261.71786794831837
CRUS,2016-09-16,55.555499999999995,2016-09-26,51.948,8346,52.341538273673336,1.6069808631633304,3.2139617263266587,-30108.194999999956,-30377.362263299958,-1.1224464717329175,trailing_stop,10,-1.1224464717329175,139.09986089999998,130.06740240000002
CME,2016-09-19,75.64711612601312,2016-09-26,72.90736307821263,12261,73.71550635527834,0.9658048853673915,1.9316097707347808,-33592.11211908182,-34138.54005993872,-1.418378126529301,stop_loss,7,-1.418378126529301,278.2527872463141,268.1751536105895
CBOE,2016-09-26,61.37746784753878,2016-09-27,59.45686507016041,15035,59.54118866018065,0.9181395936790644,1.8362791873581301,-28876.262757883796,-29421.28601650908,-1.0459208984128154,stop_loss,1,-1.0459208984128154,276.8430687263236,268.18018989895853
EXEL,2016-09-22,14.774760229110717,2016-09-29,12.967019542694091,62799,13.82446413140765,0.47514804885153356,0.9502960977030668,-113524.30736627767,-114046.95417464455,-1.9022920232820733,stop_loss,7,-1.9022920232820733,278.35205028837714,244.29475807849389
IP,2016-07-18,27.989242860445277,2016-09-30,29.457409402758035,16623,26.829472155269027,0.5798853525881252,1.1597707051762498,24405.332432864983,24118.851722693616,1.2659110423811246,trailing_stop,74,1.2659110423811246,139.57955522075457,146.90115495061403
VEEV,2016-09-01,41.40136061096191,2016-10-07,38.77119137191772,22792,39.497876365350876,0.951742122805516,1.9034842456110326,-59946.817296295085,-60495.00513773322,-1.381765698932739,stop_loss,36,-1.381765698932739,283.08594331351316,265.10189812462465
BURL,2016-05-27,60.45038938903808,2016-10-12,77.9919296951294,7653,56.4902268013196,1.9800812938592405,3.9601625877184787,134245.40796251688,133927.55824213155,4.429500031259403,trailing_stop,138,4.429500031259403,138.78804899829254,179.0616713870476
PAG,2016-09-14,38.61216135390766,2016-10-12,36.30669101347014,23848,36.75199198785897,0.9300846830243451,1.8601693660486873,-54980.85667875388,-55516.85611613105,-1.2393873281198706,stop_loss,28,-1.2393873281198706,276.246847190397,259.7525901867708
MRK,2016-08-08,44.35608645587922,2016-10-13,44.30031661042235,21139,42.91573542237055,0.7201755167543341,1.4403510335086693,-1178.9187631128225,-1741.151074438387,-0.038719620536542335,trailing_stop,66,-0.038719620536542335,281.2929934772493,280.9393178483154
ON,2016-09-20,11.75173977088928,2016-10-13,11.528459961891175,78406,11.130027639025473,0.3108560659319038,0.6217121318638075,-17506.47670430547,-18054.068906379987,-0.35913696637822307,trailing_stop,23,-0.35913696637822307,276.4220725429035,271.17012953161185
INTC,2016-09-19,30.56895913663321,2016-10-14,30.103149652714524,15171,29.625655857262657,0.47165163968527646,0.9433032793705536,-7066.795680530395,-7342.932649263354,-0.49380670470001065,stop_loss,25,-0.49380670470001065,139.12850371855873,137.0084650143996
APH,2016-09-21,14.714141023450896,2016-10-14,14.540819561837592,62484,14.362159914434304,0.17599055450829604,0.35198110901659163,-10829.818207445665,-11378.208294609014,-0.4924169427659075,stop_loss,23,-0.4924169427659075,275.81951631279173,272.570570850558
ADSK,2016-09-22,72.33226213836669,2016-10-14,71.15877335357666,12827,69.29281661542588,1.5197227614704072,3.0394455229408095,-15052.340642501636,-15604.508496178183,-0.386086467394427,stop_loss,22,-0.386086467394427,278.34177793464886,273.82607574189836
THO,2016-09-28,70.98002295220225,2016-10-14,69.04170206697644,13007,68.28691690413035,1.3465530240359493,2.693106048071897,-25211.739754132064,-25758.1185273294,-0.7197343330068745,stop_loss,16,-0.7197343330068745,276.97114756178837,269.40762563554875
SOXX,2016-09-30,34.02307223896503,2016-10-14,33.272303932163,13427,33.02329383594848,0.49988920150827454,0.9997784030165491,-10080.566055430856,-10351.638560185776,-0.7509347116689044,stop_loss,14,-0.7509347116689044,137.04833728577503,134.02416746914577
AMZN,2016-09-29,41.454411197662346,2016-10-18,41.064393768310545,22245,40.409473661837275,0.5224687679125365,1.0449375358250705,-8675.937715930804,-9226.626960871225,-0.3732447308860882,trailing_stop,19,-0.3732447308860882,276.64601312759964,274.0432318128204
FDX,2016-09-22,149.92063188815496,2016-10-21,144.30169454280633,3094,144.9592550219706,2.4806884330921846,4.9613768661843665,-17384.99214650865,-17658.08930990187,-1.1325358860855834,trailing_stop,29,-1.1325358860855834,139.15633051858543,133.94083287463283
LRCX,2016-10-07,8.764933780858115,2016-10-21,8.475872179699964,105653,8.444018186930533,0.16045779696379134,0.32091559392758207,-30540.225347162133,-31086.688208807387,-0.9007402775926832,stop_loss,14,-0.9007402775926832,277.8124646247007,268.6503970205521
PH,2016-08-05,102.93893965694498,2016-10-25,103.85577125401208,4523,99.0789399399782,1.9299998584833902,3.859999716966783,4146.829313534501,3866.2295702994234,0.2375211565527147,trailing_stop,81,0.2375211565527147,139.67784722050862,140.921896014569
UNG,2016-10-14,151.67152427673338,2016-10-25,137.4624060974121,5939,143.06426167806995,4.303631299331719,8.607262598663425,-84387.95286698909,-84903.1027907367,-1.6508289385207948,stop_loss,11,-1.6508289385207948,270.2331548038559,244.91676894375914
GLW,2016-08-09,17.757474911692018,2016-10-26,17.859337549452526,26404,17.146420255863543,0.30552732791423726,0.6110546558284753,2689.5810874284552,2407.4531925612373,0.16669971628381014,trailing_stop,78,0.16669971628381014,140.66051027049483,141.46738459672335
FLEX,2016-09-23,10.25892974948883,2016-10-26,10.200791347503662,90578,9.881869770678211,0.18852998940530924,0.37705997881061926,-5266.060175012573,-5822.020360269589,-0.15418873720981316,trailing_stop,33,-0.15418873720981316,278.77000165475977,277.190183602256
CAT,2016-09-29,69.48231682053884,2016-10-26,67.95291936516145,13272,67.19820703463107,1.142054892953889,2.2841097859077735,-20298.163027768747,-20845.375164165733,-0.6695814118976614,trailing_stop,27,-0.6695814118976614,276.65079265265746,270.56134374432685
TAP,2016-09-29,85.89602588014137,2016-10-27,83.45450993275176,10736,82.65766380710402,1.6191810365186776,3.238362073037351,-26212.115211174787,-26757.559416920954,-0.753935444006617,trailing_stop,28,-0.753935444006617,276.65392015475936,268.79028559140687
TRMB,2016-10-18,29.35932992362976,2016-10-28,27.772199237823486,30751,28.300559091062,0.52938541628388,1.0587708325677596,-48805.85571922868,-49332.91121520184,-1.49903136447112,stop_loss,10,-1.49903136447112,270.8486263444616,256.206869628693
TMUS,2016-10-25,49.24826749001983,2016-10-28,47.29606573509387,18439,47.18368090921872,1.0322932904005535,2.0645865808011052,-35996.648159079756,-36530.70244718112,-0.9455654575495988,stop_loss,3,-0.9455654575495988,272.4266412745427,261.62764682681876
HAL,2016-10-20,40.69405411013215,2016-10-31,38.56093833310479,22389,38.58689858801119,1.05357776106048,2.107155522120962,-47758.32913186564,-48290.66113960913,-1.012320046922911,stop_loss,11,-1.012320046922911,273.3297532415246,259.0022545019649
APA,2016-09-12,46.177055953439634,2016-11-01,47.24002210096419,20058,43.02952267135645,1.57376664104159,3.147533282083181,21320.974987047535,20758.847061562967,0.33771402945135376,trailing_stop,50,0.33771402945135376,277.86581649422766,284.2621089903419
GOOG,2016-10-19,39.626569572477564,2016-11-01,38.786918298236884,22869,38.65947715716614,0.4835462076557123,0.9670924153114271,-19201.984990610108,-19739.956406844718,-0.8682223755940552,trailing_stop,13,-0.8682223755940552,271.8660058658968,266.1054103687138
GOOGL,2016-10-19,40.847544502079806,2016-11-02,39.96733404629054,11092,39.82352354027896,0.5120104809004229,1.0240209618008436,-9763.294375614556,-10032.213965472112,-0.859562927541375,stop_loss,14,-0.859562927541375,135.9242890851208,132.9953007724364
MA,2016-10-31,101.72589518878283,2016-11-02,98.57338878056203,8852,99.20118702377074,1.262354082506043,2.524708165012086,-27905.98672557054,-28437.90150407953,-1.2486617074832134,stop_loss,2,-1.2486617074832134,270.14328726333173,261.77149124566057
PKG,2016-08-26,59.36437505846644,2016-11-03,60.25931427927483,7960,57.12597436098588,1.1192003487402815,2.2384006974805644,7123.716197634779,6838.054827496253,0.3998118932931399,trailing_stop,69,0.3998118932931399,141.76212763961786,143.8992424989083
ADBE,2016-09-22,107.56745908355711,2016-11-03,106.43346091461181,8625,104.24302681552702,1.6622161340150476,3.324432268030094,-9780.734207153186,-10334.461587648448,-0.3411103242651571,trailing_stop,42,-0.3411103242651571,278.330800378704,275.3965801165581
PFG,2016-09-29,35.99951703438168,2016-11-03,37.69314687595605,25616,34.82420465749479,0.5876561884434474,1.1753123768868932,43384.02202176908,42817.708638150914,1.441004004450604,trailing_stop,35,1.441004004450604,276.6490885058164,289.6642951123471
EXPE,2016-10-19,118.044489032959,2016-11-03,117.76097640735226,7677,113.82057009744034,2.1119594677593336,4.223918935518668,-2176.5264267829953,-2719.6099942385763,-0.0671207544308455,trailing_stop,15,-0.0671207544308455,271.8682626918079,271.21530476377296
L,2016-11-01,41.2706132969515,2016-11-03,39.96266454073779,21776,40.12275008431472,0.5739316063183917,1.1478632126367856,-28481.892115309787,-29012.572872767843,-1.139463955125097,stop_loss,2,-1.139463955125097,269.61266254632477,261.0680949117318
GEN,2016-06-17,9.55010581093507,2016-11-07,11.618260657389579,97305,9.167319013117108,0.1913933989089807,0.3827867978179622,201241.80733425592,200623.8709644958,5.40288969798284,trailing_stop,143,5.40288969798284,278.7819137799111,339.1544559801879
AKAM,2016-10-27,68.15808633422851,2016-11-07,67.25267969512939,13204,65.09831242640064,1.5298869539139346,3.059773907827875,-11954.989262664869,-12491.37838906036,-0.29590638601852526,trailing_stop,11,-0.29590638601852526,269.98781158714604,266.4013148083465
ODFL,2016-10-28,24.262817987987315,2016-11-07,23.769953790772426,37038,23.418568166568406,0.42212491070945396,0.8442498214189094,-18254.704136445052,-18788.415476787563,-0.5837895190626685,stop_loss,10,-0.5837895190626685,269.59387579172227,264.1174645507887
SMG,2016-10-13,61.93045864664082,2016-11-11,61.276402450598006,14657,60.26758136454008,0.8314386410503729,1.6628772821007445,-9586.50166539956,-10128.25455433023,-0.393328000257803,trailing_stop,29,-0.393328000257803,272.31441971514437,269.4384692155245
DPZ,2016-10-19,143.0328715244323,2016-11-11,144.7843050317604,6335,138.3092332225359,2.3618191509481976,4.723638301896386,11095.331268923524,10548.33472487848,0.3707806134574187,trailing_stop,23,0.3707806134574187,271.8339723321836,275.16257171286065
ADM,2016-11-02,35.0709901027127,2016-11-11,32.62010624144973,25486,33.74900259267615,0.6609937550182735,1.32198751003655,-62463.22608814795,-62980.77867257615,-1.853938741974351,trailing_stop,9,-1.853938741974351,268.14577612732074,249.40680830087635
BG,2016-11-03,51.27842075878578,2016-11-14,48.43239827203277,17254,49.079605808120874,1.0994074753324505,2.1988149506649037,-49105.27198643639,-49621.395127903714,-1.2943437945482377,stop_loss,11,-1.2943437945482377,265.42736153162696,250.695779935696
FTI,2016-10-21,22.491545805935548,2016-11-29,22.303590519710564,20162,21.43529785751167,0.5281239742119384,1.0562479484238771,-3789.5544808681234,-4060.502342447426,-0.17794617874093754,trailing_stop,39,-0.17794617874093754,136.04236396178175,134.90549761752132
NOW,2016-10-28,17.059041816711424,2016-12-02,14.555429695129394,52678,16.068722959629003,0.4951594285412103,0.9903188570824213,-131885.27934069818,-132384.89547978842,-2.528086892092434,stop_loss,35,-2.528086892092434,269.59086144621733,230.02527764400787
LVS,2016-09-15,45.66446969080373,2016-12-09,46.14495031334462,10074,43.75023242573432,0.9571186325347035,1.91423726506941,4840.361791476979,4562.895362340442,0.2510036928590841,stop_loss,85,0.2510036928590841,138.00716029954702,139.4592688369901
AMP,2016-11-11,90.85898800808832,2016-12-19,92.618570162494,5035,86.01902575967637,2.419981124205978,4.83996224841195,8859.496147432586,8582.353295815921,0.3635528675834233,trailing_stop,38,0.3635528675834233,137.2425013862174,139.90035023044717
DCI,2016-12-02,38.63940912769163,2016-12-19,37.004841641519945,24738,37.064976250962744,0.7872164383644426,1.5744328767288849,-40435.9304729151,-40997.316715573725,-1.0381944574021704,stop_loss,17,-1.0381944574021704,286.75851090025066,274.6277317583761
FDX,2016-11-08,154.12449599663998,2016-12-22,165.27222781886263,5804,149.77542935460033,2.1745333210198234,4.349066642039645,64701.435496180275,64145.301920672726,2.5632469538324982,trailing_stop,44,2.5632469538324982,268.3615724293495,287.7720030782036
LHX,2016-11-07,80.41539653363687,2016-12-28,86.96410395917897,10931,78.01121122519082,1.2020926542230237,2.4041853084460456,71583.92086860075,71035.03327263465,2.7238779816747516,trailing_stop,51,2.7238779816747516,263.70620985275536,285.1813861133356
GM,2016-11-14,28.263588587288307,2016-12-28,30.06071455494436,32484,26.94228269372349,0.6606529467824079,1.3213058935648156,58377.839933339266,57809.45793435758,1.3601134880337968,trailing_stop,44,1.3601134880337968,275.434323500842,292.9476754808438
ODFL,2016-11-11,25.720384808657993,2016-12-29,27.353827960234803,35577,24.673385980727247,0.5234994139653727,1.0469988279307465,58113.007003648156,57546.54062334449,1.5601193697657638,trailing_stop,48,1.5601193697657638,274.5162391012876,291.9501412023821
TT,2016-11-08,47.25017833782271,2016-12-30,50.95241313458421,18932,45.422745807826175,0.913716264998269,1.8274325299965355,70090.70917228876,69532.95773376207,2.025921469597852,trailing_stop,52,2.025921469597852,268.36211288749786,289.38932563918445
MGM,2016-11-08,25.792015960929557,2016-12-30,27.01429758731346,34683,24.601397358377625,0.5953093012759658,1.1906186025519325,42392.39364787293,41842.949236034816,1.0265937587100566,trailing_stop,52,1.0265937587100566,268.36334687187593,281.0810649662378
BLK,2016-12-09,311.9641287053187,2016-12-30,303.12638387467337,1564,301.7730865967488,5.095521054284963,10.191042108569945,-13822.232915129347,-14110.83338363188,-0.8672071743490731,stop_loss,21,-0.8672071743490731,146.37356918853553,142.22689931399674
MPC,2017-01-04,39.75336035618865,2017-01-06,38.29527484868784,24264,37.62175593506999,1.065802210559329,2.1316044211186593,-35378.98675399969,-35947.118379383035,-0.6840319400048969,stop_loss,2,-0.6840319400048969,289.37266070476846,278.75896467856853
JBL,2016-12-19,22.668293963412346,2017-01-13,22.041477497815812,42593,21.41511761483377,0.6265881742892893,1.2531763485785774,-26697.993719153154,-27269.29070790758,-0.5001821701371111,stop_loss,25,-0.5001821701371111,289.65319343508656,281.64379531934065
BNY,2016-10-25,33.705911105269145,2017-01-18,36.27564706831928,13471,32.53744650938985,0.5842322979396481,1.1684645958792927,34616.913158248375,34334.09668720145,2.1992416134066586,trailing_stop,85,2.1992416134066586,136.2156985497242,146.6007724971987
WAL,2016-11-11,36.55752149614139,2017-01-18,41.174352785701835,12515,34.80745306846848,0.8750342138364532,1.7500684276729075,57779.643588848965,57487.799266857786,2.63808615512224,trailing_stop,68,2.63808615512224,137.25521445726287,154.58910753391754
HII,2017-01-06,163.87514081012145,2017-01-18,158.332499858672,5860,157.2830625917143,3.29603910920358,6.592078218407153,-32479.87597549373,-33046.31700778947,-0.8408032744472976,stop_loss,12,-0.8408032744472976,288.0924975441935,278.3485347515454
GS,2016-12-01,182.0730829332161,2017-01-19,192.51669109212762,2604,175.38879715661827,3.3421428882989175,6.6842857765978465,27195.15564580555,26902.52611433695,1.5624119775781142,trailing_stop,49,1.5624119775781142,142.23549238742842,150.39403908117012
MU,2016-12-23,22.52237544939761,2017-01-19,20.947708589140042,43108,21.027541747599965,0.7474168508988224,1.4948337017976456,-67880.73901198329,-68442.91152680328,-1.0534060466819273,stop_loss,27,-1.0534060466819273,291.26836826178965,270.9041465581947
STT,2017-01-05,62.78790828824665,2017-01-19,61.14565570211739,7715,60.54784930342751,1.1200294924095684,2.240058984819136,-12669.97870198724,-12956.822935842938,-0.7331291708204088,stop_loss,14,-0.7331291708204088,145.32261373314685,141.52162012255067
CSX,2017-01-17,11.39738163492822,2017-01-19,12.689658524965827,84711,10.987068443870534,0.20515659552884294,0.4103131910576856,109470.06763197576,108857.93645428034,3.1494890200981307,stop_loss,2,3.1494890200981307,289.64507870292135,322.48609899251403
FFIV,2016-11-01,137.60747122192382,2017-01-24,141.39845329284668,3265,131.61505368310864,2.9962087694075885,5.992417538815175,12377.556461563156,12104.270158500938,0.6326298270050823,trailing_stop,84,0.6326298270050823,134.78651806187438,138.49978500034334
TXT,2017-01-05,49.45591660686857,2017-01-24,48.281545449582815,19590,47.79489032320452,0.830513141832024,1.6610262836640501,-23005.93097122794,-23580.334035733704,-0.7070153969479731,stop_loss,19,-0.7070153969479731,290.6524218985666,283.7506426071982
HIG,2017-01-19,40.54793740598887,2017-01-24,39.20642464828491,23504,39.29787627546443,0.6250305652622193,1.2500611305244362,-31530.915857073873,-32093.27981479097,-1.0731577240075907,stop_loss,5,-1.0731577240075907,285.9116162371087,276.45234147998656
CVX,2016-11-02,69.96903104634173,2017-01-30,75.53505786104915,12774,67.59654878820416,1.1862411290687864,2.372482258137566,71100.42653107268,70542.82576156178,2.3460773186463535,trailing_stop,89,2.3460773186463535,268.1353207757907,289.46544873511255
ROK,2017-01-26,129.24984537755938,2017-01-31,125.30662534386883,3794,124.62293976146556,2.313452808046914,4.626905616093822,-14960.57680782195,-15250.312982797079,-0.8522369723676232,stop_loss,5,-0.8522369723676232,147.1121740087381,142.6240009663915
GNTX,2017-01-05,17.514265734704264,2017-02-02,17.530111358609965,55319,16.901556305800334,0.30635471445196466,0.6127094289039299,876.5640688394731,294.9780999119582,0.02586156366819273,trailing_stop,28,0.02586156366819273,290.6614998534315,290.9244690740834
FLEX,2017-01-30,12.069329229354857,2017-02-02,11.653745584487915,81004,11.576056501331843,0.24663636401150707,0.4932727280230136,-33663.93756880176,-34240.43675446792,-0.8425027804244488,stop_loss,3,-0.8425027804244488,293.29918346839827,283.2000021977577
GL,2016-12-20,69.07913915013273,2017-02-03,68.91464116136649,7014,67.27539059176408,0.9018742791843272,1.8037485583686532,-1153.7888932064284,-1444.155405737885,-0.09119784905886123,stop_loss,45,-0.09119784905886123,145.35632459970932,145.01018793174737
LAD,2017-01-05,94.35695573371731,2017-02-07,89.71990925368748,10268,89.28578025840619,2.5355877376555602,5.071175475311122,-47613.193256946375,-48180.22363185358,-0.9143928271867481,stop_loss,33,-0.9143928271867481,290.6571664421428,276.3732084650589
CHTR,2017-01-18,306.4561438903808,2017-02-15,321.52815609741214,3090,293.6315637569329,6.412290066723957,12.82458013344791,46572.517719726784,45990.3762736381,1.1752441054753802,trailing_stop,28,1.1752441054753802,284.08484538638305,298.05660070230107
LAMR,2017-01-18,47.83073855259158,2017-02-24,47.56072354283318,19798,46.372291836183,0.7292233582042893,1.4584467164085808,-5345.75716319686,-5912.325213166427,-0.18513875530764246,trailing_stop,37,-0.18513875530764246,284.08588855926246,282.48216141030343
GWW,2017-01-19,212.41663795990166,2017-02-24,216.2245989290359,4486,205.00752172767514,3.7045581161132572,7.409116232226523,17082.512907536147,16505.647530931015,0.5139561655911413,trailing_stop,36,0.5139561655911413,285.87031136643566,290.9950652386965
SCI,2017-02-15,27.36684234482944,2017-02-27,26.694934801378917,36512,26.55285017767002,0.4069960835797099,0.8139921671594195,-24532.68822646549,-25124.859308614195,-0.8254471855610995,stop_loss,12,-0.8254471855610995,299.76544430832377,292.4056378403841
CSX,2017-01-24,13.497437356409195,2017-03-20,13.836544307236018,70735,12.754278876051444,0.371579240178876,0.7431584803577511,23986.730166735306,23406.68940884192,0.4563050275138879,trailing_stop,55,0.4563050275138879,286.4223694216813,293.6183884717019
AXP,2017-01-11,67.68960407110866,2017-03-21,69.5456695529699,7110,65.622893328508,1.0333553713003345,2.0667107426006623,13196.62557603339,12903.902737393231,0.8980770475531767,trailing_stop,69,0.8980770475531767,144.3819254836748,148.3409131564848
RF,2016-10-20,7.461140800660604,2017-03-22,9.98564625072335,122117,7.1247422341481705,0.16819928325621653,0.3363985665124334,308285.03204531246,307645.8672570063,7.504507157195155,trailing_stop,153,7.504507157195155,273.3396393462813,365.82514895987504
PNC,2016-10-21,67.90922861286438,2017-03-22,86.50593600380651,6677,65.71860073901411,1.0953139369251403,2.190627873850275,124170.2152493206,123860.90623307694,8.489213349712529,trailing_stop,152,8.489213349712529,136.02897583442865,173.28004040922482
FITB,2016-10-21,14.927417233388484,2017-03-22,17.835712930367524,30379,14.30221302896504,0.3126021022117215,0.6252042044234436,88351.11497852627,88052.52163915285,4.651753261418065,trailing_stop,152,4.651753261418065,136.04400243993263,162.5493369334905
KEY,2016-10-26,9.316638658637306,2017-03-22,11.374574704405607,48182,8.9288783115667,0.19388017353530235,0.38776034707060525,99155.47455720828,98856.39134453083,5.307236960445525,trailing_stop,147,5.307236960445525,134.6682851551388,164.41492752230124
PRU,2016-11-04,56.307862017247935,2017-03-22,69.20633607152394,15741,54.35675050286543,0.9755557571912504,1.9511115143825037,203034.88008835854,202442.16439072392,6.610833855059364,trailing_stop,138,6.610833855059364,265.9026168040499,326.81308083055745
MTB,2016-11-08,94.79443856123399,2017-03-22,118.51625095863884,4718,91.76762411904356,1.5134072210952119,3.026814442190428,111919.51089095607,111617.59094100964,7.837220566529997,trailing_stop,134,7.837220566529997,134.17204833957058,167.7479016068574
HBAN,2016-11-11,7.780376971735113,2017-03-22,8.54885226097987,58806,7.387097097118186,0.19663993730846355,0.39327987461692704,45190.95785932721,44902.880863049504,1.954016309614847,trailing_stop,131,1.954016309614847,137.25985445995653,150.8171418177547
EVR,2017-02-02,63.40620372415336,2017-03-22,63.17757224744951,7644,60.88088092376465,1.2626614001943546,2.5253228003887074,-1747.6590079242003,-2037.94092298228,-0.09053554526520505,trailing_stop,48,-0.09053554526520505,145.40310638022848,144.87880867785123
XYZ,2017-02-24,16.96695076370239,2017-03-22,16.443539085388185,59211,15.94448099322096,0.5112348852407146,1.022469770481429,-30991.728884662345,-31585.209438998696,-0.511909196168955,trailing_stop,26,-0.511909196168955,301.3890365008747,292.091517835476
PM,2017-03-22,72.39206598647863,2017-03-27,70.55382718246622,13544,70.80807289104762,0.7919965477155084,1.583993095431012,-24897.10636154402,-25477.924114668076,-1.1605093540589027,stop_loss,5,-1.1605093540589027,294.14344251625994,286.67431060779677
HCA,2017-03-28,83.60998413779012,2017-04-05,81.80169620059962,11771,80.28304301632261,1.6634705607337583,3.326941121467513,-21285.35730866937,-21869.475575448327,-0.5435286863125681,stop_loss,8,-0.5435286863125681,295.25193698577823,288.86632979317744
RNR,2016-11-08,115.0649782813552,2017-04-06,132.82539032190954,3887,111.81883710502906,1.623070588163067,3.246141176326134,69034.72160163472,68745.65664280645,5.471238333711333,trailing_stop,149,5.471238333711333,134.1772711738883,154.88768765437874
HAS,2017-02-07,69.24789694378038,2017-04-06,70.7295405069392,14060,65.8448303635695,1.7015332901054385,3.4030665802108757,20831.908498013097,20241.48366684596,0.43538482960477787,trailing_stop,58,0.43538482960477787,292.08762930886564,298.33720185826957
CTAS,2017-03-24,28.818482028542643,2017-04-07,28.000986014055833,34182,27.981209406789198,0.4186363108767236,0.8372726217534456,-27943.648767188148,-28526.309684177777,-0.9763797277579451,stop_loss,14,-0.9763797277579451,295.52200580989336,287.1389111797369
MAR,2017-03-23,85.17698904914238,2017-04-10,83.99193938040924,11543,82.75999341403323,1.2084978175545757,2.4169956351091457,-13679.028326186668,-14264.843408445362,-0.4902986383256869,trailing_stop,18,-0.4902986383256869,294.95939537827513,290.8556868804191
OLN,2017-02-02,22.50176506178669,2017-04-12,23.782641619551324,43083,21.185001157589102,0.6583819520987937,1.316763904197586,55184.00473817379,54585.78341025816,0.9727458002770666,trailing_stop,69,0.9727458002770666,290.8330632470868,307.3882646685389
FAST,2017-01-19,9.941074541326385,2017-04-13,9.128935870869233,95869,9.541540837905456,0.19976685171046454,0.39953370342092853,-77858.92219805671,-78407.38904651874,-2.032716297782577,stop_loss,84,-2.032716297782577,285.91226256072576,262.55458590130877
OLED,2017-02-27,77.2901668437288,2017-04-13,76.50451966921489,12980,71.43585827169467,2.927154286017061,5.854308572034128,-10197.700325190575,-10796.576834471978,-0.13419982306141615,trailing_stop,45,-0.13419982306141615,300.96790968947994,297.9085995919228
MU,2017-03-27,27.43297350784034,2017-04-13,25.867977014616418,35889,25.790258675271843,0.8213574162842493,1.6427148325684975,-56166.159145313366,-56740.0344893035,-0.9526890865025814,trailing_stop,17,-0.9526890865025814,295.3625958668646,278.5127481232706
CMS,2017-04-13,34.63390245165683,2017-04-21,34.033172813485784,13999,33.84720672931623,0.3933478611703021,0.7866957223406033,-8409.614204756474,-8697.995320747492,-0.7636111664414995,stop_loss,8,-0.7636111664414995,145.45200012622317,142.92911586479624
PEP,2017-04-13,86.15378511061843,2017-04-27,85.86779289156962,11255,84.77455877482201,0.6896131678982085,1.3792263357964174,-3218.8424253943317,-3799.67328351872,-0.2073569882086576,stop_loss,14,-0.2073569882086576,290.8982554260031,289.9326026983848
UGI,2017-03-22,35.312817633168464,2017-05-03,34.7725434083884,27765,34.30380440677177,0.5045066131983466,1.0090132263966964,-15000.713851018454,-15584.489865814101,-0.535448109743264,stop_loss,42,-0.535448109743264,294.13811447547675,289.6379003201712
TSLA,2017-04-05,20.156135679244993,2017-05-05,19.846800127029418,48993,19.119247201391726,0.5184442389266338,1.0368884778532674,-15155.276709697686,-15743.235859884726,-0.29833059082304725,trailing_stop,30,-0.29833059082304725,296.252866599975,291.7062835870657
WYNN,2017-04-27,112.91091865712181,2017-05-09,108.83653330630837,8920,107.87809639792758,2.516411129597115,5.0328222591942335,-36343.51732925592,-36936.91351071006,-0.8095627345810067,stop_loss,12,-0.8095627345810067,302.149618326458,291.2465631276812
TNL,2017-04-13,27.98092131766846,2017-05-18,30.211738480188707,34657,27.211173063983356,0.38487412684255246,0.7697482536851048,77313.43040146417,76708.39549827986,2.898112664550257,trailing_stop,35,2.898112664550257,290.92043703193076,314.11446615236997
SOXX,2017-05-11,42.94665436646669,2017-05-18,42.56808614950402,11891,41.832260679513844,0.5571968434764235,1.1143936869528446,-4501.554667903105,-4806.611401745728,-0.33970779033916826,trailing_stop,7,-0.33970779033916826,153.2036001214966,151.8531337211257
WTW,2017-05-05,125.88105598198837,2017-05-19,123.77618359399342,7983,122.26595353121888,1.80755122538474,3.615102450769484,-16803.196273363646,-17401.100396424165,-0.5822441871728745,trailing_stop,14,-0.5822441871728745,301.4725409712639,296.43158208925485
BF-B,2017-05-18,35.27787795205,2017-05-24,35.7743738332006,28690,34.418989084238596,0.42944443390570053,0.8588888678114017,14244.466830210738,13632.920099095087,0.5780676636498489,trailing_stop,6,0.5780676636498489,303.6366955332943,307.9100355823576
DY,2017-04-19,104.7246227493286,2017-05-25,89.22068756103516,9307,99.42217076024784,2.651225994540382,5.302451989080765,-144295.12479744703,-144836.6394983646,-2.923918070398447,stop_loss,36,-2.923918070398447,292.4016191784004,249.1130817391663
HPQ,2017-02-24,12.740333961188009,2017-05-26,13.50031180199515,78855,12.194626146302765,0.2728539074426223,0.5457078148852439,59928.05263684706,59307.29080035032,1.3926460645738694,trailing_stop,91,1.3926460645738694,301.39171035284414,319.37012614389823
SWKS,2017-01-24,73.72105015164229,2017-06-13,85.76413399397104,12950,69.72277509905494,1.9991375262936724,3.9982750525873456,155957.93575815737,155338.33581775165,3.0120698761170743,trailing_stop,140,3.0120698761170743,286.4062798391303,333.1936605665775
AAPL,2017-02-02,29.47227268916685,2017-06-13,34.108316367471126,32894,28.68702686969035,0.39262290973824954,0.7852458194765006,152498.02075414086,151870.59478521216,5.903939331246595,trailing_stop,131,5.903939331246595,290.8382813512363,336.58768757747856
ADBE,2017-03-20,127.11698786163329,2017-06-13,138.65120329284667,7961,123.59423753726091,1.761375162186193,3.5227503243723817,91823.88904788974,91189.1548769555,3.274207471194637,trailing_stop,85,3.274207471194637,303.59350210993875,331.14066882430575
SBAC,2017-04-12,112.61398044345509,2017-06-13,121.58088551431699,8697,109.1773732381532,1.7183036026509506,3.436607205301897,77985.17340128592,77374.1355765155,2.6092318775995174,trailing_stop,62,2.6092318775995174,293.8211363750187,317.21668839540445
BBY,2017-05-26,43.63737682398626,2017-06-13,41.163900838559805,23994,41.535396963146276,1.050989930419991,2.1019798608399825,-59348.582794322334,-59958.99935119288,-1.1767362911070023,stop_loss,18,-1.1767362911070023,314.1105658544179,296.30599101612114
VEEV,2017-03-28,51.06100831985473,2017-06-14,59.69025,19274,48.555414412086066,1.2527969538843327,2.505593907768663,166320.00414311994,165679.61821726288,3.4439905259148613,trailing_stop,78,3.4439905259148613,295.24496230706404,345.14096355
LRCX,2017-04-20,12.122993009397112,2017-06-16,13.18087043965098,80689,11.70960794986196,0.20669252976757574,0.4133850595351518,85359.07196975432,84746.54893840225,2.559060628469356,trailing_stop,57,2.559060628469356,293.4576548805731,319.06537647149935
VIG,2017-06-14,79.85426335031701,2017-06-19,79.40784322582813,13041,78.98203186560626,0.4361157423553742,0.8722314847107526,-5821.7648434595,-6444.845983017353,-0.5118138158437632,stop_loss,5,-0.5118138158437632,312.4138345054452,310.6673050524074
AON,2017-06-14,124.15357108277956,2017-06-26,122.51846369668745,8388,121.87588167446506,1.1388447041572476,2.277689408314501,-13715.28075454067,-14336.00626285972,-0.7178798742810601,trailing_stop,12,-0.7178798742810601,312.42004627270654,308.3054620463443
INTU,2017-05-25,128.89937698732288,2017-06-28,126.69623706610672,8075,124.9928137267354,1.9532816302937384,3.9065632605874754,-17790.354863820517,-18409.53523886495,-0.5639585933352712,trailing_stop,34,-0.5639585933352712,312.2587407517897,306.9216342926435
TT,2017-06-19,62.953919307544076,2017-06-28,61.729458016086795,16602,61.2507550857722,0.8515821108859394,1.7031642217718783,-20328.506360773783,-20949.504389871858,-0.7189331925863374,stop_loss,9,-0.7189331925863374,313.548290503154,307.4497385949219
CDW,2017-06-26,58.9848246111229,2017-06-28,56.39294888778169,17918,57.02889814202089,0.9779632345510036,1.9559264691020104,-46441.22921082782,-47061.43089449383,-1.3251396533997377,stop_loss,2,-1.3251396533997377,317.06702621463006,303.1346574513817
XLU,2017-03-23,19.527936715425604,2017-06-29,19.760712264047147,25175,19.080115911073186,0.22391040217620964,0.44782080435241767,5860.124436547346,5563.396915129878,0.5197961915997937,trailing_stop,98,0.5197961915997937,147.48474204325186,149.24277937421607
XEL,2017-03-23,33.85175854554022,2017-06-29,35.32885479742202,14523,33.011109928512035,0.4203243085140945,0.8406486170281866,21451.868866079334,21150.455851805382,1.7570911579008406,trailing_stop,98,1.7570911579008406,147.48872680706418,153.924287466888
LNT,2017-05-24,30.942398494446934,2017-06-29,30.579303442683493,16809,30.1874586013485,0.37746994654921673,0.7549398930984346,-6103.264725091681,-6413.5002114500485,-0.48095888836026585,trailing_stop,36,-0.48095888836026585,156.03323288794755,154.20225347042003
CL,2017-05-18,59.796149392491536,2017-06-30,59.95096499354708,16926,58.20433232864134,0.7959085319250959,1.5918170638501934,2620.4088634661703,2012.3569660367434,0.09725715634753096,trailing_stop,43,0.09725715634753096,303.63288738519356,304.41901004423335
EA,2017-02-13,83.92321412574087,2017-07-05,102.81425123921109,5888,80.75111609556897,1.5860490150859485,3.1720980301718953,111230.42652411264,110900.573465292,5.955376200163183,trailing_stop,142,5.955376200163183,148.24196543170868,181.61109338894246
XYZ,2017-05-24,21.661639389038083,2017-07-05,23.276699237823486,48023,20.507384873161975,0.5771272579380541,1.154254515876108,77560.01911822142,76912.59696745808,1.3992233312247713,trailing_stop,42,1.3992233312247713,312.07707251393276,335.3450782493992
RH,2017-06-28,65.00494244384765,2017-07-11,61.18875,16031,59.3032880685165,2.850827187665577,5.701654375331152,-61177.38106732175,-61784.28439239195,-0.6693131839696983,stop_loss,13,-0.6693131839696983,312.6282696951965,294.275055375
PLD,2017-06-16,45.97041664455445,2017-07-12,45.0170653265621,22698,44.79711748105786,0.5866495817482925,1.173299163496587,-21639.168215790367,-22258.73837552449,-0.8125389906110876,stop_loss,26,-0.8125389906110876,313.03095509942904,306.53920463469194
AGCO,2017-07-11,57.23553682157901,2017-07-14,56.60270477684242,18356,55.392818361927844,0.9213592298255827,1.8427184596511665,-11616.265013184815,-12243.149442019003,-0.34342307769380337,stop_loss,3,-0.34342307769380337,315.18465416907134,311.69977466511585
MDT,2017-06-13,69.24687657459074,2017-07-18,68.21505469498373,14984,67.60634026553171,0.8202681545295152,1.64053630905903,-15460.819044031414,-16078.737917474406,-0.6289540035836423,trailing_stop,35,-0.6289540035836423,311.2785595781003,306.64031386489086
XPO,2017-06-14,21.291287641525265,2017-07-18,20.868688287734987,48914,20.186821207436832,0.5522332170442168,1.1044664340884331,-20671.024791297696,-21289.688710078848,-0.3826276116205102,trailing_stop,34,-0.3826276116205102,312.43261310927005,306.2313056718807
KBH,2017-06-29,21.476687385673316,2017-07-19,20.943394444868105,49020,20.566000172097326,0.45534360678799535,0.91068721357599,-26142.01995827144,-26765.849681671385,-0.5855939699769505,stop_loss,20,-0.5855939699769505,315.83616469371174,307.9935587062303
HRB,2017-06-15,20.498716689689434,2017-07-24,21.126323399631737,50830,19.626496147217257,0.43611027123608814,0.8722205424721778,31901.24906636723,31266.50883004517,0.7195504799318824,trailing_stop,39,0.7195504799318824,312.5849308010742,322.15530552098437
RH,2017-07-19,75.47540152740477,2017-08-01,65.06486725616455,13968,68.11031609432254,3.682542716541112,7.365085433082228,-145414.34270068345,-146003.26264299414,-1.4134981007115757,stop_loss,13,-1.4134981007115757,316.27212256043697,272.6478197502319
CTAS,2017-07-24,31.549643286494057,2017-08-03,30.72212931764855,34050,30.524422682153155,0.5126103021704502,1.0252206043409018,-28176.85063918944,-28812.956796340757,-0.8071569819624339,stop_loss,10,-0.8071569819624339,322.27960617153684,313.82655097977994
ICE,2017-06-28,58.94186356880021,2017-08-04,58.58280459204418,17680,57.63253264777876,0.6546654605107259,1.3093309210214485,-6348.162709046641,-6971.5135489717595,-0.2742308846383304,stop_loss,37,-0.2742308846383304,312.6276443689163,310.7231955562023
XYZ,2017-07-12,25.635610610961912,2017-08-04,25.24473045730591,40994,23.9678974068855,0.8338566020382071,1.6677132040764135,-16023.741018974175,-16649.477629499946,-0.23438091915358658,trailing_stop,23,-0.23438091915358658,315.2718664157318,310.46474411003953
EXPD,2017-07-19,53.17615928583477,2017-08-09,49.70569107536114,19825,51.72812441281073,0.7240174365120196,1.4480348730240422,-68802.03227263979,-69413.922077663,-2.39667446905197,stop_loss,21,-2.39667446905197,316.2652073525023,295.6245976707104
NFLX,2017-07-19,18.315297885894772,2017-08-10,17.385596878051757,57562,17.370507640612285,0.4723951226412435,0.944790245282487,-53515.44941345962,-54131.9538847803,-0.9840290080101741,stop_loss,22,-0.9840290080101741,316.2795530723625,300.22491824832457
STT,2017-06-14,67.49525273699194,2017-08-14,71.60055608755788,15429,65.37863595936247,1.0583083888147375,2.116616777629474,63340.72539588178,62696.89262557559,1.9395591086468227,trailing_stop,61,1.9395591086468227,312.4152763437146,331.41749396247917
EL,2017-08-10,92.47449371823754,2017-08-14,89.6649064743226,11671,90.14677472638925,1.1638594959241408,2.327718991848286,-32790.69272373118,-33428.41740562539,-1.2070130689117364,stop_loss,4,-1.2070130689117364,323.7809448556651,313.94373703854575
DIA,2017-06-15,179.63435226130653,2017-08-18,183.7117664875611,2900,177.71538083086728,0.9594857152196233,1.9189714304392567,11824.501256138268,11508.390132826753,2.124791521946341,trailing_stop,64,2.124791521946341,156.28188646733668,159.82923684417818
C,2017-06-30,50.760346659692836,2017-08-18,50.012154158606286,20530,49.086196751553295,0.8370749540697713,1.6741499081395403,-15360.392047306863,-15981.049879846767,-0.44690890430356117,trailing_stop,49,-0.44690890430356117,312.6329750770482,308.0248574628561
CINF,2017-08-04,63.93237928450457,2017-08-18,61.30374931441954,16840,62.20672695588959,0.862826164307488,1.7256523286149772,-44266.12869623189,-44898.82161791366,-1.5232674198022202,stop_loss,14,-1.5232674198022202,322.9863801453171,309.7065415364475
TDY,2017-08-04,148.76861511230467,2017-08-21,143.7461093902588,7237,143.5496562381666,2.609479437069043,5.218958874138082,-36347.87391044602,-36982.95262881354,-0.9623577888176694,stop_loss,17,-0.9623577888176694,322.99154027032466,312.0871780971909
DHI,2017-07-10,32.53268765922467,2017-08-24,32.266381912906475,32312,31.301677903963785,0.6155048776304428,1.2310097552608852,-8604.87127503354,-9233.00753583795,-0.21633114212141893,trailing_stop,45,-0.21633114212141893,315.35886109346023,312.7773997109502
EG,2016-10-26,165.22187531069338,2017-08-25,214.5418680552982,5433,160.57185917215463,2.3250080692693667,4.650016138538746,267955.52058143803,267336.54365612584,10.606413241418018,trailing_stop,303,10.606413241418018,269.29513456889913,349.68179074333057
NRG,2017-07-14,18.276873296066633,2017-09-07,19.789979586280232,57677,17.00687813046741,0.6349975827996113,1.269995165599223,87271.43150064978,86612.75693854125,1.191426811061654,trailing_stop,55,1.191426811061654,316.24656632917055,342.42799577936546
CHTR,2017-08-01,393.23283633422847,2017-09-12,380.53909341430665,2718,376.19456046104443,8.519137936592013,17.038275873184034,-34501.5932563475,-35132.52688786446,-0.7450133460921401,trailing_stop,42,-0.7450133460921401,320.64205474692994,310.29157677002564
CMS,2017-08-21,37.23326229403926,2017-09-14,36.52710672737946,28741,36.515840668597875,0.35871081272069055,0.7174216254413821,-20295.61714136918,-20931.60117118256,-0.9842964605720445,trailing_stop,24,-0.9842964605720445,321.0363574778947,314.9476723354839
DLR,2017-09-12,93.30465805616039,2017-09-14,90.07233380622422,11907,90.3510276507501,1.4768152027051435,2.953630405410294,-38487.284843989975,-39142.325796621604,-1.0943563703892605,stop_loss,2,-1.0943563703892605,333.2935690424105,321.74738358921354
IQV,2017-08-28,97.55745908355712,2017-09-18,94.42547664642333,11000,94.11881408518828,1.7193224991844218,3.4386449983688436,-34451.80680847164,-35085.350496380575,-0.9108187785070787,stop_loss,21,-0.9108187785070787,321.93961497573855,311.60407293319696
CNC,2017-09-14,48.97893030548095,2017-09-19,47.32262893295288,22592,47.07607576013893,0.9514272726710115,1.9028545453420236,-37419.160608154154,-38071.85405604856,-0.8704298374158506,stop_loss,5,-0.8704298374158506,331.9595980384277,320.7338498559814
ILMN,2017-08-03,191.82588107299802,2017-09-22,194.0567255859375,5611,182.63378547790956,4.596047797544232,9.19209559508846,12517.268562103445,11867.712370314459,0.2426916136654925,trailing_stop,50,0.2426916136654925,322.9005056101775,326.6556861788086
V,2017-08-17,97.2797345387897,2017-09-26,96.87865888482585,11150,95.09839259903059,1.0906709698795525,2.1813419397591076,-4471.9935416968565,-5121.45336769885,-0.18386647533496542,trailing_stop,40,-0.18386647533496542,325.40071203225153,324.0591139697425
SRE,2017-08-22,44.907746278034196,2017-09-28,43.46733805341299,23874,43.939204874316246,0.48427070185897636,0.9685414037179498,-34388.30595460673,-35021.26598360542,-1.4871932362332665,stop_loss,37,-1.4871932362332665,321.6382603925365,311.32176860615454
A,2017-08-17,58.07032263789008,2017-09-29,59.82378730863232,18679,56.30278643860221,0.8837680996439354,1.7675361992878678,32752.966584794296,32092.323360886967,0.9920389022010992,trailing_stop,43,0.9920389022010992,325.4086669659447,335.23455694138295
EL,2017-08-21,94.60189045434336,2017-09-29,95.94803577045309,11312,91.17328381420026,1.7143033200715485,3.4286066401431015,15227.595815833229,14580.94558619676,0.3926216849575786,trailing_stop,39,0.3926216849575786,321.0409754458596,325.6092541906096
PODD,2017-08-23,57.077020458221426,2017-09-29,55.58435939025879,18955,53.86679547080426,1.605112493708583,3.2102249874171633,-28293.390543231773,-28934.039479740157,-0.4649708583707649,trailing_stop,37,-0.4649708583707649,324.56847683567617,316.08045967270664
PVH,2017-08-25,126.07995470212919,2017-10-18,123.0654228572731,8552,121.09796232331959,2.4909961894047936,4.9819923788095934,-25780.276337209198,-26419.4837178756,-0.6050855994236543,trailing_stop,54,-0.6050855994236543,323.4707317837826,315.7366488826199
VRTX,2017-04-06,114.2241106109619,2017-10-26,144.73512487792968,8590,107.62947437134801,3.297318119806944,6.594636239613891,262089.61255325322,261422.27460339834,4.626640978874396,trailing_stop,203,4.626640978874396,294.3555330444488,372.98241681042475
GM,2017-09-26,35.074030840042816,2017-10-31,37.52097090644252,31215,34.11993570552943,0.47704756725669517,0.9540951345133877,76381.2341726668,75701.41827881183,2.5646709409619883,trailing_stop,35,2.5646709409619883,328.4507618015809,351.36513205338105
TEX,2017-09-14,38.760059542569955,2017-11-02,40.74664910012697,28549,36.83618021774359,0.9619396624131837,1.9238793248263661,56715.1452786953,56034.1941711832,1.0325957204911027,trailing_stop,49,1.0325957204911027,331.9682819642489,348.9828255478575
CTAS,2017-09-28,32.75334841285827,2017-11-02,33.45921449957562,33551,31.8007608066994,0.4762938030794356,0.9525876061588718,23682.51307545381,23016.06376597129,0.7409986043841371,trailing_stop,35,0.7409986043841371,329.67227777994236,336.77703170257854
THO,2017-09-29,103.29790739025421,2017-11-08,107.20967557540989,10640,99.30698633224672,1.9954605290037428,3.990921058007487,41621.213490056434,40949.27328523003,0.980166765590867,trailing_stop,40,0.980166765590867,329.7269203896915,342.21328443670836
PH,2017-09-19,153.18938417367937,2017-11-14,159.4480715359481,7244,148.61645704291357,2.2864635653829093,4.572927130765805,45337.93125227458,44658.50753352642,1.3686392070762354,trailing_stop,56,1.3686392070762354,332.91116968623993,346.51254906192236
JNJ,2017-10-18,111.43483578904319,2017-11-16,110.13001708333326,10273,108.83481530862119,1.3000102402110003,2.6000204804220033,-13404.402563758153,-14087.24328382553,-0.5018493952394375,trailing_stop,29,-0.5018493952394375,343.4310204182522,339.4096996491248
WLK,2017-11-08,80.6571840218083,2017-11-16,79.90870013189601,14613,77.72491850261389,1.4661327595972096,2.9322655191944165,-10937.595083288345,-11641.499862829769,-0.2552578833713275,trailing_stop,8,-0.2552578833713275,353.5930290332055,350.3117505082189
XYZ,2017-11-16,40.990950763702386,2017-11-28,39.85010939025879,29100,38.498610206405736,1.2461702786483249,2.49234055729665,-33198.48396720875,-33904.22642235283,-0.4577389595108255,trailing_stop,12,-0.4577389595108255,357.8510001671218,347.8914549769592
MU,2017-09-29,37.078448936384405,2017-11-30,43.02560856915077,29643,35.01868167888556,1.0298836287494229,2.059767257498848,176291.65299409334,175579.29562110236,2.8872969075097994,trailing_stop,62,2.8872969075097994,329.73493854637286,382.62243444460086
CFG,2017-11-30,29.08285297390867,2017-12-04,29.314426018399573,41624,27.931596113052972,0.575628430427848,1.1512568608556961,9638.996403889401,8909.77790165665,0.20114802557509429,stop_loss,4,0.20114802557509429,363.16340165579237,366.0551005769592
TTWO,2016-11-04,48.338290916442865,2017-12-05,101.32857030487061,18336,45.725133161364774,1.3065788775390454,2.613157755078092,971629.7628662111,970806.475396005,20.278255028978982,trailing_stop,396,20.278255028978982,265.8992706731689,557.3881995330322
ISRG,2017-04-20,89.70072561645507,2017-12-05,123.10677335357666,10905,87.13559452840552,1.282565544024777,2.5651310880495544,364292.95057331084,363596.7508404304,13.023134721166434,trailing_stop,229,13.023134721166434,293.45592385423276,402.743809026226
IPGP,2017-05-03,136.136,2017-12-05,201.00879670715332,7434,130.24240347050187,2.9467982647490585,5.893596529498126,482264.37072097784,481512.47039536154,11.007335908126311,trailing_stop,216,11.007335908126311,303.6105072,448.2898184162933
ILMN,2017-11-28,218.78860787963865,2017-12-05,206.98153198242187,5588,210.66155757652987,4.0635251515543835,8.127050303108774,-65977.94011364735,-66691.7011761121,-1.4528119621334585,stop_loss,7,-1.4528119621334585,366.77722224942625,346.983840215332
NTNX,2017-12-04,36.05602045822143,2017-12-06,33.966,33577,33.142761263279986,1.4566295974707226,2.913259194941446,-70176.616925701,-70881.95573997872,-0.7174165834095785,stop_loss,2,-0.7174165834095785,363.1958996777103,342.1429146
LOW,2017-12-05,75.32879053489447,2017-12-07,70.37875832580062,15761,72.49548077945774,1.4166548777183627,2.83330975543673,-78017.45764752814,-78706.40665080617,-1.7470847300036363,stop_loss,2,-1.7470847300036363,356.1771202861415,332.77188299188305
APTV,2017-12-06,86.9677717346999,2017-12-08,83.88911212620512,13607,83.4880890298352,1.7398413524323495,3.4796827048647003,-41891.3212927884,-42588.776178397005,-0.8847529702034949,stop_loss,2,-0.8847529702034949,355.0111409982184,342.44374461038194
GMED,2017-11-14,37.25722122192382,2017-12-12,38.651308628082276,32159,35.477009439185856,0.890105891368982,1.7802117827379647,44832.45689464976,44100.11417121586,0.7831019992544649,trailing_stop,28,0.7831019992544649,359.4464931827544,372.89623025114935
FAST,2017-12-05,11.068713139450887,2017-12-15,10.68566532304149,107269,10.594005358219377,0.23735389061575524,0.47470778123151014,-41089.15621841955,-41789.227345407475,-0.8069128663020334,stop_loss,10,-0.8069128663020334,356.1989369267272,343.8721900612013
GAP,2017-12-05,25.338319577931394,2018-01-09,24.174228974928866,46859,23.783170765992068,0.7775744059696635,1.5551488119393255,-54548.12156609545,-55244.154119886996,-0.7485396857622041,trailing_stop,35,-0.7485396857622041,356.1984951306862,339.8340586608576
WYNN,2017-12-12,148.13310535158183,2018-01-11,147.43670357271634,8001,141.95317610362721,3.08996462397731,6.179929247954618,-5571.910632702808,-6281.366845063801,-0.11268766209515782,trailing_stop,30,-0.11268766209515782,355.5638927754018,353.892319585591
PODD,2018-01-09,78.5885121383667,2018-01-11,75.80411725616455,15605,74.6982920504892,1.9451100439387443,3.890220087877495,-43450.482136764556,-44173.27123127505,-0.7157422509021377,stop_loss,2,-0.7157422509021377,367.91211957576365,354.87697493473433
INGR,2017-11-16,105.53429889241818,2018-01-16,108.39394037584972,11302,102.66327611460812,1.4355113889050248,2.8710227778100545,32319.668045743325,31594.322957680335,0.9960358049171625,trailing_stop,61,0.9960358049171625,357.8245938246331,367.5204942383561
BF-B,2017-12-07,44.95713643146827,2018-01-16,45.08552399267863,26112,43.321531234257584,0.817802598605342,1.6356051972106869,3352.45599832492,2647.097813626323,0.07849544708546315,trailing_stop,40,0.07849544708546315,352.17622394954986,353.1819607490473
LULU,2017-12-08,72.55248336029052,2018-01-17,77.00292182922364,16225,68.89554787146079,1.828467744414865,3.656935488829731,72208.36415843978,71480.40322367982,1.2169857747086796,trailing_stop,40,1.2169857747086796,353.1492127562141,374.811722003746
DHI,2017-09-29,35.7122387692715,2018-01-30,43.45867543386349,15388,34.49976017688186,0.6062392961948231,1.212478592389644,119202.16739474154,118836.6827864142,6.388926545354281,trailing_stop,123,6.388926545354281,164.86197905446497,200.62262927288742
DINO,2017-11-02,30.23307825542207,2018-01-30,35.01730324128731,38531,28.788121130613234,0.7224785624044168,1.444957124808834,184340.97293037357,183586.72419553864,3.310980584630279,trailing_stop,89,3.310980584630279,349.4732214779003,404.7755133570124
SCHW,2017-12-05,45.20386485364157,2018-01-31,47.57041687604725,26266,43.465965274723935,0.8689497894588186,1.7378995789176344,62159.855420507534,61428.81263533393,1.3617311673897572,trailing_stop,57,1.3617311673897572,356.1974142737248,374.845370899877
PHM,2017-07-10,22.405587717600675,2018-02-01,28.727931874164852,23458,21.596055282020274,0.40476621779020067,0.809532435580401,148309.54922468247,147949.7021939074,7.809871326565588,trailing_stop,206,7.809871326565588,157.67708300384297,202.16994777124773
ABBV,2017-09-07,53.69300316722844,2018-02-01,78.92181705218341,20288,52.273148488259515,0.7099273394844625,1.4198546789689246,511842.1760979665,511035.0292561831,17.76858875675624,trailing_stop,147,17.76858875675624,326.7970944770192,480.3497473064091
GILD,2018-01-30,64.85513645077195,2018-02-01,61.18116717584117,19592,62.21932821626248,1.3179041172547357,2.6358082345094687,-71980.4060344439,-72721.19701263969,-1.3938681983116725,stop_loss,2,-1.3938681983116725,381.1925500030572,359.5984281927241
TTWO,2018-02-01,126.97684847259521,2018-02-02,123.00686725616455,9861,120.2020552273841,3.3873966226055545,6.774793245211114,-39147.98477522268,-39887.51160146307,-0.585992970226347,stop_loss,1,-0.585992970226347,375.63561083647835,363.8912154039116
ELV,2017-10-26,184.0342443525667,2018-02-05,212.93690620438986,6279,176.2927162636618,3.8707640444524514,7.741528088904914,181479.81376759757,180732.03921129342,3.733456950604646,trailing_stop,102,3.733456950604646,346.6653060869299,401.1092502172092
LYB,2017-10-31,63.22754335868264,2018-02-05,67.88606172735261,18347,60.908616893250354,1.159463232716142,2.318926465432284,85469.836509988,84748.17411623396,2.0089116399823195,trailing_stop,97,2.0089116399823195,348.0107214005251,373.65167235352146
OLLI,2017-12-05,50.45040152740478,2018-02-05,53.19675,23534,47.74737874089669,1.3515113932540441,2.703022786508086,64632.564954055975,63900.79533484219,1.0160286055683265,trailing_stop,62,1.0160286055683265,356.1899248637833,375.57969435
NDSN,2017-12-15,131.41221467074243,2018-02-05,128.4953997508095,9036,125.5204874088604,2.945863630941015,5.891727261882025,-26356.339616513975,-27060.897177687915,-0.49506957642183846,trailing_stop,52,-0.49506957642183846,356.23223152944854,348.3253296444944
ISRG,2018-01-11,140.8073384246826,2018-02-05,138.41811447143556,8708,134.44520274058425,3.181067842049168,6.362135684098348,-20805.362184875223,-21534.81075802104,-0.37553803814947156,trailing_stop,25,-0.37553803814947156,367.84509090064086,361.6034822451782
LOW,2018-01-16,86.85531246072716,2018-02-05,86.91196310990185,14332,83.92838536817739,1.4634635462748875,2.926927092549775,811.9171039715852,64.78732592810871,0.019354991560563306,trailing_stop,20,0.019354991560563306,373.44310145614253,373.686676587334
TGT,2018-01-16,60.38054461439575,2018-02-05,56.787605616796576,20616,57.441293105010864,1.4696257546924447,2.9392515093848885,-74072.03037450463,-74796.6919500545,-1.222399303403297,stop_loss,20,-1.222399303403297,373.44159233111486,351.2199832187635
MGM,2018-01-17,34.76360324012276,2018-02-05,33.59349354887743,35570,33.461382312716964,0.6511104637028975,1.3022209274057985,-41620.80171759637,-42350.24029743179,-0.8985492911531896,trailing_stop,19,-0.8985492911531896,370.96241017535,358.4761696600711
ALV,2018-01-31,88.5515992956365,2018-02-05,84.47319933550632,14105,85.81213652365739,1.3697313859895632,2.7394627719791202,-57525.83143763625,-58257.98587304393,-1.4887590376648014,stop_loss,5,-1.4887590376648014,374.7060924194859,357.44834298819507
AVY,2017-04-21,70.0381121414356,2018-02-06,96.32737263097476,7043,68.44880208672333,0.7946550273561324,1.5893100547122714,185155.2616278243,184803.7479950487,16.541303826520224,trailing_stop,291,16.541303826520224,147.9835271436393,203.53010563198657
STZ,2017-06-30,168.38443710087677,2018-02-06,181.00456171616386,6188,163.08581261999268,2.649312240442046,5.2986244808840866,78093.33111939655,77444.7253819926,2.3817737340732252,trailing_stop,221,2.3817737340732252,312.5888690340676,336.01686836988654
HON,2017-09-22,106.08654369322083,2018-02-06,111.76693069889592,10408,103.95225377487648,1.0671449591721776,2.1342899183443507,59121.467955066306,58441.24226662436,2.6614879997566487,trailing_stop,137,2.6614879997566487,331.24462402771275,348.9810644142326
RJF,2018-01-11,55.68805966779113,2018-02-06,51.54616186857952,11010,53.87599738519901,0.9060311412960612,1.812062282592123,-45602.29476931985,-45956.48940305449,-2.285736996460575,stop_loss,26,-2.285736996460575,183.9376610827141,170.25697265191818
KNX,2018-02-01,45.96035746352131,2018-02-06,43.137273347556565,27243,43.84616586326742,1.0570958001269433,2.114191600253889,-76909.2805712276,-77637.46659808345,-1.335301926100609,stop_loss,5,-1.335301926100609,375.6294055136133,352.556621342245
EBAY,2018-02-02,40.09687412389433,2018-02-06,36.968539007302994,31047,38.19199050995264,0.952441806970846,1.904883613941692,-97125.42036481125,-97843.21532925653,-1.642270999495875,stop_loss,4,-1.642270999495875,373.46629527736417,344.3286691679208
ROP,2018-02-05,271.8644633763292,2018-02-06,248.7088488240083,4474,264.2069108561952,3.8287762600669937,7.657552520134004,-103598.21950708363,-104296.93300671893,-3.023892358744889,stop_loss,1,-3.023892358744889,364.89648274370904,333.817016891584
CME,2018-02-05,118.0972240719498,2018-02-06,113.56906319767897,10299,114.36311847191068,1.8670528000195603,3.734105600039115,-46635.52884411522,-47351.3081718922,-1.2126493889790884,stop_loss,1,-1.2126493889790884,364.88499321510324,350.89433456186873
EA,2018-02-01,123.24489645361103,2018-02-07,119.2237575126656,10159,117.03533102404225,3.1047827147843927,6.209565429568784,-40850.750501064664,-41589.722217757684,-0.6475717160169576,stop_loss,6,-0.6475717160169576,375.61347092167034,363.358245771351
MSI,2018-02-05,92.53785264063119,2018-02-07,91.6662420221417,13144,89.16605940657104,1.6858966170300775,3.3717932340601493,-11456.44996942578,-12182.803555500026,-0.25850061317073497,stop_loss,2,-0.25850061317073497,364.8952605325369,361.4583255417092
EW,2018-02-05,43.65694799041748,2018-02-07,42.20775,27861,41.91485243402271,0.8710477781973843,1.7420955563947658,-40376.105211021444,-41093.78811623475,-0.8318705510141874,stop_loss,2,-0.8318705510141874,364.89786838830645,352.78503682499996
ANET,2018-02-15,19.144125,2018-02-20,15.4845,62101,17.777386694736165,0.6833691526319167,1.3667383052638336,-227266.3721249999,-227911.5137973374,-2.677634032722562,stop_loss,5,-2.677634032722562,356.6607919875,288.48088035000006
SAM,2018-02-16,200.4001969451904,2018-02-23,166.833,5954,190.04030103447494,5.179947955357732,10.359895910715466,-199859.09061166365,-200515.04254804715,-3.2401094793308802,stop_loss,7,-3.2401094793308802,357.9548317834991,297.9971046
VRSN,2018-02-20,118.02916483117055,2018-02-23,113.65039737701474,10033,112.88452352252686,2.5723206543218438,5.144641308643685,-43932.1738675452,-44629.50618183562,-0.8511317293975174,stop_loss,3,-0.8511317293975174,355.25598322534023,342.07633106507666
CPRT,2018-02-20,11.594082958221435,2018-02-27,11.823165038108826,102147,11.05701500306835,0.2685339775765425,0.5370679551530841,23400.04721425732,22682.446724932975,0.42654207477728606,trailing_stop,7,0.42654207477728606,355.2902375800334,362.3102517443107
POOL,2018-02-16,132.47106695611043,2018-03-01,124.0082341017474,9007,125.9364561005003,3.26730542780507,6.53461085561014,-76224.7355192478,-76917.76823863624,-1.295078320860906,stop_loss,13,-1.295078320860906,357.950070022106,335.0826493663317
BMY,2018-02-16,51.021590686898286,2018-03-02,48.39806181658387,23387,48.4766022812048,1.2724942028467443,2.5449884056934877,-61356.469690043254,-62054.007913972935,-1.0308608339610597,stop_loss,14,-1.0308608339610597,357.97258241834703,339.5656415113341
NOC,2018-02-15,309.14149242481824,2018-03-05,298.9691568844788,3845,294.9921587312724,7.074666846772902,14.149333693545827,-39112.63015260506,-39814.08578658333,-0.7189268244468286,stop_loss,18,-0.7189268244468286,356.5947115120278,344.86092246624634
STLD,2018-02-20,41.24166070274172,2018-03-09,39.48926779074173,28716,38.56211086073204,1.3397749210048395,2.6795498420096777,-50321.71486099173,-51017.19566377739,-0.653987802177132,stop_loss,17,-0.653987802177132,355.28865862197944,340.19214416368186
DECK,2018-02-05,15.600585038185118,2018-03-13,15.053264339447022,77969,14.761322300773038,0.4196313687060396,0.8392627374120796,-42674.0475599106,-43391.06255454798,-0.6521446435544063,stop_loss,36,-0.6521446435544063,364.9086044526766,352.10639018470346
AKAM,2018-03-09,76.79672122192382,2018-03-14,73.04688274383545,15542,73.23978023942237,1.7784704912507252,3.5569409825014446,-58279.98962644935,-58978.6504143001,-1.0542312893398817,stop_loss,5,-1.0542312893398817,358.07239236934197,340.5883954814072
HII,2018-02-16,218.71219794112235,2018-03-15,216.90142239316643,2727,207.0613216545897,5.825438143266331,11.65087628653265,-4937.984919275814,-5294.360422071295,-0.15541968719117022,trailing_stop,27,-0.15541968719117022,178.92844913563218,177.44705365984947
OKTA,2018-02-15,34.544508319854735,2018-03-20,37.51244923782349,34415,32.241729307781675,1.15138950603653,2.30277901207306,102141.68669189466,101397.73463359041,1.2888518187843334,trailing_stop,33,1.2888518187843334,356.6547761483402,387.29728215590865
LITE,2018-03-13,72.62255305480956,2018-03-20,69.38054695129395,16496,67.42010536444774,2.601223845180912,5.202447690361822,-53480.132683593445,-54182.87762490365,-0.623169380351834,stop_loss,7,-0.623169380351834,359.3944905576415,343.3504507525635
CBRE,2018-02-28,47.27722954177856,2018-03-21,47.981968780517576,12458,45.12234970526276,1.077439918257903,2.1548798365158035,8779.641436210663,8423.619708400913,0.3270434048324939,stop_loss,21,0.3270434048324939,176.6939176894432,179.32781012030637
BA,2016-10-26,127.49372446788881,2018-03-23,306.3001212396572,7041,123.80672610116285,1.8434991833629808,3.686998366725959,1258975.8396700213,1258059.5369297331,48.49646758334418,trailing_stop,513,48.49646758334418,269.3049941935215,646.9977460945279
NYT,2018-02-09,23.012472899210714,2018-03-23,21.525272165289312,50950,21.422828653475655,0.7948221228675287,1.5896442457350588,-75772.8773932954,-76453.6368266063,-0.935555699277679,trailing_stop,42,-0.935555699277679,351.7456482644357,329.01378504644714
CSCO,2018-02-16,34.47703528078705,2018-03-23,34.26703733601174,34610,32.703281290991164,0.8868769948979427,1.7737539897958854,-7268.028868673478,-7981.798574653701,-0.11839180967788858,trailing_stop,35,-0.11839180967788858,357.9750573204119,355.7946486598099
TKO,2018-02-27,34.60266775713902,2018-03-23,32.60261800863319,34333,32.79342822996253,0.9046197635882451,1.8092395271764872,-68667.70801545044,-69359.91573830931,-1.1054643226964624,stop_loss,24,-1.1054643226964624,356.4040176317561,335.803705227121
CRM,2018-03-02,117.0501651047192,2018-03-23,116.18617591649715,9886,111.92459807760649,2.5627835135563544,5.125567027112709,-8541.397114763182,-9233.129454963906,-0.16856460634536755,trailing_stop,21,-0.16856460634536755,347.14737966757616,344.58496053314724
JLL,2018-02-15,158.8604818442949,2018-03-26,167.99758765853664,7483,150.5302789666285,4.165101438833205,8.330202877666409,68372.96280797101,67639.19912774411,1.0968647400819826,trailing_stop,39,1.0968647400819826,356.62589569225764,377.137784534649
GPN,2018-02-20,108.2462684039936,2018-03-26,106.77869476651077,10940,102.94604620265413,2.6501111006697355,5.300222201339466,-16055.25559406215,-16760.967523187745,-0.27688907780355804,trailing_stop,34,-0.27688907780355804,355.264252901907,350.4476762236883
ZBRA,2018-02-23,137.13699999999997,2018-03-26,140.0797812194824,8480,130.42649307207574,3.355253463962113,6.710506927924229,24954.7847412111,24249.545249788738,0.43853337029379036,trailing_stop,31,0.43853337029379036,348.87652799999995,356.36296342236324
NTNX,2018-03-14,53.30324999999999,2018-03-26,50.93901167678833,22367,49.39194248188607,1.9556537590569598,3.9113075181139223,-52880.918575275165,-53580.394575352584,-0.6044623983827592,stop_loss,12,-0.6044623983827592,357.6701378249999,341.8058622524174
ADBE,2018-03-19,224.70447572326657,2018-03-26,218.61117182922362,2629,214.51243748634943,5.096019118458575,10.192038236917142,-16019.295937438907,-16368.938988663554,-0.5978493950279794,trailing_stop,7,-0.5978493950279794,177.22442000294035,172.41863122170867
CAR,2018-03-21,47.71454905846368,2018-03-26,44.32564021153369,24809,44.394552976096,1.6599980411838402,3.3199960823676804,-84075.43958348621,-84760.46710016602,-1.0207568812891994,stop_loss,5,-1.0207568812891994,355.1250742774276,329.9024424023818
ENTG,2018-03-22,35.828104580053285,2018-03-27,36.236465852657716,16463,33.818256347052376,1.0049241165004552,2.009848233000909,6722.851630886744,6366.931923976627,0.20318015355552774,stop_loss,5,0.20318015355552774,176.95142571042516,178.96828119969118
HQY,2018-03-21,64.9248606109619,2018-03-28,61.388550762176514,18233,60.54259796902441,2.1911313209687444,4.382262641937487,-64477.53747290395,-65168.459201773876,-0.8069598145358791,trailing_stop,7,-0.8069598145358791,355.13249505590045,335.78923381402933
VEEV,2018-03-01,69.59952877807616,2018-03-29,71.56835939025879,16809,65.75148693767325,1.9240209202014575,3.8480418404029137,33094.0737601778,32382.206450511338,0.5116448037312609,trailing_stop,28,0.5116448037312609,350.9695437692046,360.897765897258
TWLO,2018-03-05,37.18715152740478,2018-03-29,37.60235939025879,31406,34.49009823649294,1.3485266454559208,2.697053290911839,13040.01814079307,12335.366326829027,0.1539487055198804,trailing_stop,24,0.1539487055198804,350.3699042609024,354.2819097031403
BWXT,2018-03-27,61.36773914073435,2018-03-29,58.15076019704853,18847,58.8048040506397,1.2814675450473247,2.5629350900946477,-60630.40215164672,-61306.17169875248,-1.2551932962012793,stop_loss,2,-1.2551932962012793,346.97933387562614,328.79021323013205
PANW,2018-04-06,32.328961856842035,2018-04-11,30.950684898376466,35642,30.64782846490513,0.840566695968454,1.681133391936907,-49124.54735362983,-49801.17130452468,-0.8198498495575041,stop_loss,5,-0.8198498495575041,345.6806575504691,330.94329334438027
NOV,2018-04-13,36.883242584468654,2018-04-17,34.04252190828168,31281,34.73384594336372,1.074698320552467,2.1493966411049357,-88860.5834718048,-89526.17212353411,-1.321636324288035,stop_loss,4,-1.321636324288035,346.12341338542916,319.4652383438878
WSO,2018-04-04,141.54530164375166,2018-04-25,134.62236507890648,8048,135.21592634237922,3.164687650686224,6.329375301372437,-55715.79347387396,-56382.57268840914,-1.0937788067874614,stop_loss,21,-1.0937788067874614,341.74697628867403,325.0322382465118
FIVE,2018-04-12,76.97690152740478,2018-04-25,72.70721878051758,14946,72.31134557693042,2.3327779752371818,4.6655559504743565,-63814.67833497607,-64485.83199361274,-0.9151498325624177,stop_loss,13,-0.9151498325624177,345.14903106857753,326.0046275680847
FND,2018-04-05,56.57652045822143,2018-04-26,53.426519542694095,20244,52.44076399312449,2.0678782325484706,4.135756465096939,-63768.61853393539,-64436.688996468954,-0.7616504845271401,stop_loss,21,-0.7616504845271401,343.60052404687036,324.4699384866897
ANF,2018-04-09,25.06999208688799,2018-04-26,24.15966749035572,45463,23.155596461595128,0.9571978126464314,1.9143956252928618,-41386.08713214659,-42057.52553615466,-0.4755153973949401,trailing_stop,17,-0.4755153973949401,341.9271150738566,329.51128893421264
SAM,2018-04-05,205.85564389038083,2018-04-27,217.58220304870605,5563,194.78481537095817,5.535414259711334,11.070828519422662,65234.84859776318,64528.17317500654,1.0592304937026293,trailing_stop,22,1.0592304937026293,343.5524840886565,363.1229386679855
WING,2018-04-17,44.227713000302394,2018-04-30,42.377176648316336,26209,41.81097379055272,1.2083696048748376,2.4167392097496716,-48500.7072492026,-49181.65551504279,-0.7657161949955447,stop_loss,13,-0.7657161949955447,347.7492390074776,333.1990268327168
LHX,2017-09-18,108.7442264282762,2018-05-02,131.68533470488686,10189,106.41421973566464,1.16500334630578,2.330006692611562,233746.9522303859,233012.03119087016,9.845940936288628,trailing_stop,226,9.845940936288628,332.3984769233119,402.5225625924277
TPR,2018-02-07,39.27638811826568,2018-05-02,37.90453267851397,30120,37.503149250748464,0.886619433758607,1.7732388675172146,-41320.28584532158,-42017.692645641284,-0.7736439037525182,stop_loss,84,-0.7736439037525182,354.90144303664874,342.50535728305226
EL,2017-11-02,109.56697419345218,2018-05-03,121.73150618104678,10632,105.95758691912165,1.8046936371652635,3.6093872743305297,129333.30409210578,128595.55445910328,3.3702484834772632,trailing_stop,182,3.3702484834772632,349.47482088743516,388.2748121150668
ATR,2018-04-11,82.8446974796257,2018-05-04,81.66333898431559,13883,79.5955693093408,1.6245640851424477,3.249128170284891,-16400.799990390216,-17085.959511458885,-0.36359245723646627,trailing_stop,23,-0.36359245723646627,345.03988053289305,340.119640535776
COP,2018-04-11,47.64961294930861,2018-05-29,49.666836605225456,24137,45.139320449645155,1.2551462498317294,2.510292499663457,48689.72738286486,47985.049239995526,0.8035811190079577,trailing_stop,48,0.8035811190079577,345.03561232723865,359.6425305420981
CFR,2018-04-27,90.55551165455333,2018-05-30,90.90915179216265,6377,86.17736286334156,2.189074395605887,4.378148791211771,2255.163157534622,1908.0031098947097,0.08077389656541084,trailing_stop,33,0.08077389656541084,173.24174934632597,173.91829829358636
FCFS,2018-05-01,77.56621833920798,2018-05-30,80.47459649832024,14778,74.09054334276546,1.7378374982212619,3.475674996442521,42980.01243536098,42279.35428686028,0.8367808158383883,trailing_stop,29,0.8367808158383883,343.88207238504464,356.7760761156529
KEX,2018-04-06,83.48340152740478,2018-06-13,86.11379695129395,13802,79.4471600236611,2.018120751871841,4.036241503743682,36304.71764051831,35602.483480497416,0.6516942609725986,trailing_stop,68,0.6516942609725986,345.67137236437225,356.5627876565277
DINO,2018-04-25,45.69975385648741,2018-06-25,54.532723169385584,25140,43.421348857415325,1.1392024995360424,2.2784049990720874,222060.84852626003,221304.8951845309,3.8768214239766516,trailing_stop,61,3.8768214239766516,344.6675435856281,411.28579814350604
CVLT,2018-04-04,64.46440152740477,2018-06-26,67.932,17671,60.708095456060256,1.878153035672258,3.756306071344518,61275.932609230265,60574.05956581303,0.9231405553046556,trailing_stop,83,0.9231405553046556,341.7451318172309,360.1279116
NDAQ,2018-04-04,25.236696251348338,2018-06-26,27.169490819813152,45140,24.14325073061356,0.5467227603673901,1.0934455207347789,87246.34682050171,86536.66223518403,1.7676185340866415,trailing_stop,83,1.7676185340866415,341.7553406357592,367.92924468190967
V,2018-04-27,119.45511513598576,2018-06-26,124.7626850363907,9669,114.43806024757897,2.5085274442033976,5.01705488840679,51318.89336701539,50610.490794055375,1.057905488072188,trailing_stop,60,1.057905488072188,346.50345247495386,361.8991204850585
BAH,2018-05-30,38.86491941113941,2018-06-27,38.549736841959756,32008,37.67312109930439,0.5958991559175126,1.1917983118350222,-10088.363674302384,-10831.730169507144,-0.26445965399494925,trailing_stop,28,-0.26445965399494925,373.19650215352505,370.16999305123437
ADP,2018-06-13,118.09561438511184,2018-06-27,114.71426690187891,5526,114.26504521056033,1.9152845872757567,3.8305691745515134,-18685.326192345165,-19071.27841354274,-0.8827271690319547,stop_loss,14,-0.8827271690319547,195.7789095276384,190.17331166993486
THC,2018-05-02,28.88886061096191,2018-06-28,33.886078170776365,39317,26.44730286707822,1.2207788719418449,2.4415577438836884,196475.60279922493,195735.16611880047,2.0467333088201225,trailing_stop,57,2.0467333088201225,340.74699979235686,399.6896806321243
MA,2018-05-03,176.67579179941794,2018-06-28,184.78556726043942,3221,168.37968248825948,4.148054655579231,8.29610931115846,26121.5867599502,25772.30664869066,0.9775396100571684,trailing_stop,56,0.9775396100571684,170.72181761577752,178.55829364376262
DXCM,2018-05-04,20.770749999999996,2018-06-28,23.051925762176513,55000,19.565902113967926,0.6024239430160356,1.20484788603207,125464.66691970843,124741.59276963252,1.8933309246938395,trailing_stop,55,1.8933309246938395,342.7173749999999,380.3567750759125
DGX,2018-06-26,96.42261579933009,2018-06-28,93.39765338792385,13315,93.3244514831872,1.54908215807144,3.098164316142885,-40277.374507874025,-41035.61157314251,-0.976372491169938,stop_loss,2,-0.976372491169938,385.16013881042403,373.0769264580618
DECK,2018-05-29,17.776091539382932,2018-07-02,18.792854822158812,69972,16.913075300048337,0.4315081196672974,0.8630162393345948,71144.96042239388,70377.31972795093,1.1781508115766486,trailing_stop,34,1.1781508115766486,373.14860315811075,394.492091284829
VST,2018-04-12,18.43530161609297,2018-07-05,19.53343922423694,62409,17.392700622398376,0.521300496847298,1.0426009936945952,68533.66998665693,67822.79264252569,1.053267371492302,trailing_stop,84,1.053267371492302,345.15862156762387,365.718722563621
MPWR,2018-05-31,125.32789285104121,2018-07-05,125.2468434408695,5033,119.50371478016243,2.912089035439396,5.824178070878787,-407.92168139424365,-786.2644757213997,-0.013916025434896461,trailing_stop,35,-0.013916025434896461,189.23258541578713,189.11020891136886
DPZ,2018-04-27,229.89964024696076,2018-07-11,247.62093246089398,5024,219.01046489217333,5.444587677393708,10.889175354787426,89031.77208280053,88312.05307561524,1.6274227970938184,trailing_stop,75,1.6274227970938184,346.5047377802193,373.21426940505944
EXR,2018-06-26,74.89393271185304,2018-07-16,72.21047372372104,8571,72.60046221719425,1.1467352473293955,2.2934704946587914,-22999.926987279396,-23378.176547547188,-1.1700429521031321,stop_loss,20,-1.1700429521031321,192.57476918198773,185.6747910858039
CUBE,2018-06-27,23.21329315166783,2018-07-17,22.102262696085198,27918,22.544922287651623,0.3341854320081042,0.6683708640162074,-31017.748258955933,-31397.2841654032,-1.6622963617930704,stop_loss,20,-1.6622963617930704,194.42061546247874,185.11529098479198
PSA,2018-06-27,166.9149315318117,2018-07-18,159.72154914586065,3882,162.05271304072357,2.4311092455440573,4.862218491088129,-27924.710422261993,-28305.11126765921,-1.4794444961977073,stop_loss,21,-1.4794444961977073,194.38912926194791,186.01171613526932
NKE,2018-07-02,70.93814660196523,2018-07-25,67.7872595532411,18102,68.0630888657418,1.4375288681117095,2.8750577362234253,-57037.35735600419,-57790.719546670654,-1.09593870377818,stop_loss,23,-1.09593870377818,385.23669893663237,368.1254917298311
TWLO,2018-07-18,65.065,2018-07-30,60.349589847564694,20464,60.357247264400165,2.3538763677999155,4.707752735599833,-96496.15335943605,-97266.09860942823,-1.0016265545931429,stop_loss,12,-1.0016265545931429,399.44704799999994,370.4982019921692
PFGC,2018-06-27,37.787749999999996,2018-07-31,35.964,34300,36.19415975939352,0.7967951203032386,1.5935902406064741,-62554.62499999989,-63313.5305074999,-1.1444284443571457,stop_loss,34,-1.1444284443571457,388.8359475,370.06955999999997
IDXX,2018-07-11,233.1829469451904,2018-07-31,237.93182817077636,5610,223.33528530311045,4.923830821039976,9.847661642079942,26641.223675537243,25848.33750901707,0.4822344022558174,trailing_stop,20,0.4822344022558174,392.44689970875544,400.4392668114166
VUG,2018-07-16,24.55359848797928,2018-07-31,24.146779739244202,53665,24.061334258075494,0.24613211495189186,0.4922642299037854,-21831.928150867905,-22615.97989013709,-0.8264235425242882,stop_loss,15,-0.8264235425242882,395.30065885722246,388.75108041196205
ATR,2018-07-30,93.5713441304214,2018-07-31,92.753878082019,14201,90.59970116806743,1.485821481176983,2.971642962353968,-11608.835353362405,-12402.636697554064,-0.27508891840587874,stop_loss,1,-0.27508891840587874,398.64199739883423,395.1593467928255
NOV,2018-07-31,43.99761197451718,2018-08-07,42.36663188742629,29700,42.01436823554918,0.9916218694839991,1.9832437389679995,-48440.10858659944,-49209.613999409354,-0.8223800509460258,stop_loss,7,-0.8223800509460258,392.018722692948,377.48669011696825
AXON,2018-04-04,41.951909847259515,2018-08-09,60.4395,27154,39.24720271604278,1.3523535656083676,2.704707131216736,502012.0230075152,501177.92210461746,6.8353390056037915,trailing_stop,127,6.8353390056037915,341.7486479977455,492.3522549
KKR,2018-07-05,24.273923349748472,2018-08-09,23.802534676506536,53013,23.22825452062,0.5228344145642366,1.0456688291284735,-24989.72773457476,-25754.33091537852,-0.4508011141871956,trailing_stop,35,-0.4508011141871956,386.0500495620647,378.5531312416923
DIS,2018-08-07,111.75859391563952,2018-08-10,108.67444305163018,11921,108.15170919443489,1.8034423606023218,3.6068847212046364,-36766.1624498554,-37554.497119961445,-0.855073311846599,stop_loss,3,-0.855073311846599,399.6822594205016,388.652410685545
PSX,2018-07-31,89.67481395436863,2018-08-16,84.5098909105122,14572,86.44773918626255,1.6135373840530363,3.2270747681060783,-75263.25859507594,-76024.72445086324,-1.6004968632591208,stop_loss,16,-1.6004968632591208,392.0224166829179,369.44343910439505
GOOG,2018-07-25,61.51343799739016,2018-08-17,59.552482000098294,10802,59.23586903344735,1.1387844819714075,2.2775689639428123,-21182.24668274677,-21574.57290309063,-0.8609864413928265,trailing_stop,23,-0.8609864413928265,199.34044717434256,192.98577316951852
CMG,2018-08-16,10.540730204582212,2018-08-17,10.090698760986328,126234,10.011452851503826,0.2646386765391933,0.5292773530783865,-56809.26925088289,-57590.585592094765,-0.8502752686817386,stop_loss,1,-0.8502752686817386,399.17956099356934,382.1367802183044
AIZ,2018-06-29,90.94794648822626,2018-08-20,90.93045843504784,14174,86.80574600503462,2.071100241595821,4.142200483191644,-247.87566575100146,-1021.2590191657476,-0.004221923407471217,trailing_stop,52,-0.004221923407471217,386.7288580572357,386.6544953575104
CVNA,2018-08-10,10.172161702156066,2018-09-07,11.640348426818848,130374,9.087333518826972,0.5424140916645468,1.084828183329094,191413.3760411856,190560.2407825191,1.3533818048100918,trailing_stop,28,1.3533818048100918,397.85562292706845,455.2796357394242
CBSH,2018-04-13,41.76911190139698,2018-09-14,45.00062053566675,27622,39.94896201801313,0.9100749416919289,1.8201498833838556,89260.73149579947,88541.70543098649,1.7754079835788255,trailing_stop,154,1.7754079835788255,346.12392268211624,372.9021421308561
NNN,2018-06-25,29.22336416184958,2018-09-20,29.58411424211536,44957,28.399400077112617,0.4119820423684823,0.8239640847369643,16218.241358508558,15425.099016526443,0.437822578615111,trailing_stop,87,0.437822578615111,394.1384347872815,399.003907194834
TREX,2018-08-01,38.908868930816645,2018-09-20,40.334625,33871,36.30936570464626,1.2997516130851934,2.599503226170384,48291.7838193095,47486.56690443029,0.5484725138363442,trailing_stop,50,0.5484725138363442,395.3646898667071,409.8522250125
CACI,2018-08-17,187.78760610961913,2018-09-20,189.01079695129394,7133,180.4957539204858,3.6459260945666556,7.291852189133323,8725.020273666398,7918.7093709563505,0.16774761884198178,trailing_stop,34,0.16774761884198178,401.84669831397395,404.4642043960739
LYV,2018-09-14,54.88483183288574,2018-09-20,51.82812106704712,26017,52.78067803896671,1.0520768969595125,2.104153793919025,-79526.44399482328,-80359.34926350253,-1.452703112611097,stop_loss,6,-1.452703112611097,428.3816009388564,404.5236677404095
AVT,2018-08-10,38.96390926860378,2018-09-21,38.857839335104885,34036,37.4402577637743,0.7618257524147407,1.5236515048294805,-3610.196256568354,-4404.818567211102,-0.06961561299462947,trailing_stop,42,-0.06961561299462947,397.85268475985947,396.76962588288893
CPRI,2018-08-09,70.5705,2018-09-25,67.25267969512939,18780,66.77473569304668,1.8978821534766606,3.7957643069533162,-62308.66532547002,-63085.16111987238,-0.8740849105917402,stop_loss,47,-0.8740849105917402,397.59419699999995,378.90159740235896
SPG,2018-09-04,121.84185466160909,2018-09-25,117.99034396440427,5790,118.47959872730273,1.6811279671531802,3.3622559343063614,-22300.246936815885,-22716.835465829274,-1.1455138372740767,stop_loss,21,-1.1455138372740767,211.63930154721498,204.9492274661702
HAS,2018-09-20,82.98965950407089,2018-09-25,80.86958024411598,17013,80.33758966397697,1.3260349200469543,2.6520698400939153,-36068.90844961282,-36905.229623363586,-0.7994055163644671,stop_loss,5,-0.7994055163644671,423.5709231428274,412.7502506079436
AJG,2018-09-20,69.09287052592255,2018-09-26,67.56030259018715,10217,67.70043414959525,0.6962181881636518,1.3924363763272964,-15658.246599408587,-16077.102240326776,-1.1006376749347186,stop_loss,6,-1.1006376749347186,211.77655744900522,207.07908346918262
BX,2018-09-24,29.74020472225999,2018-09-28,28.359819029387992,47363,28.64124980004669,0.5494774611066491,1.0989549222132986,-65379.20757149638,-66204.74499898117,-1.256089458239011,stop_loss,4,-1.256089458239011,422.57559487812,402.96183260667107
RPM,2018-06-29,50.12157384225809,2018-10-01,56.14027280457261,25720,48.16656370855236,0.977505066852865,1.955010133705727,154800.93731072955,153981.0209020026,3.0786024371679668,trailing_stop,94,3.0786024371679668,386.7380637668634,433.1783449600823
EW,2018-09-25,54.10071185684203,2018-10-03,54.12582030487061,25987,52.024947243892996,1.0378823064745182,2.075764612949037,652.493238918591,-191.25162846733696,0.01209599964848805,trailing_stop,8,0.01209599964848805,421.77455970712623,421.97030767880176
EHC,2018-04-30,44.542942066694515,2018-10-05,54.963555196882,25852,42.531452963799325,1.0057445514475942,2.0114891028951902,269393.6906416068,268621.9580514294,5.180546648345653,trailing_stop,158,5.180546648345653,345.457241492456,426.2753486849381
ARWR,2018-09-07,19.42940984725952,2018-10-05,15.674309580802918,72868,16.96019289579288,1.2346084757333218,2.4692169514666418,-273626.64621615974,-274394.0275643449,-1.5207656274294508,stop_loss,28,-1.5207656274294508,424.734671025032,342.64667716018414
WST,2018-09-25,120.29464591091586,2018-10-05,116.45384649206775,5843,116.56890372262461,1.8628710941456226,3.7257421882912496,-22441.79100432949,-22856.787436662682,-1.030881694100693,stop_loss,10,-1.030881694100693,210.8644848172444,204.13194751594557
AVAV,2018-06-29,68.81875,2018-10-08,101.26863274383545,18732,63.38747560800789,2.7156371959960506,5.431274391992105,607851.2035575259,606895.3805014585,5.974635122777025,trailing_stop,101,5.974635122777025,386.73384749999997,569.0892085672577
KKR,2018-09-21,25.763700485563575,2018-10-08,24.478693555137127,54739,24.736598302152675,0.5135510917054492,1.0271021834109,-70339.99436461333,-71165.0598868315,-1.2510994048898554,stop_loss,17,-1.2510994048898554,423.08376026377937,401.9817619543954
CRL,2018-09-28,133.65352427673338,2018-10-08,128.95092182922363,10601,129.33111110769687,2.161206584518258,4.322413169036508,-49852.28854605083,-50687.44946600161,-1.0879576439375844,stop_loss,10,-1.0879576439375844,425.0583032572951,410.1026166934799
VRTX,2018-10-01,193.43324549865721,2018-10-08,186.76304695129394,7371,186.31265561147646,3.5602949435903746,7.120589887180756,-49166.03349261467,-50006.761554109245,-0.9367480297344005,stop_loss,7,-0.9367480297344005,427.7389357711807,412.9891257233962
HPQ,2018-10-05,20.209361820204485,2018-10-08,19.33980663357399,68088,19.532928988914325,0.338216415645081,0.6764328312901604,-59206.27354729721,-60014.12068180147,-1.2855011560748661,stop_loss,3,-1.2855011560748661,412.8045082842248,395.04262622003574
ABT,2018-09-25,62.56635597338932,2018-10-09,62.00614082339396,22471,61.04283426222678,0.7617608555812693,1.5235217111625374,-12588.594635545685,-13428.37520820184,-0.3677106442860473,trailing_stop,14,-0.3677106442860473,421.7785755234094,418.00199713274577
KBR,2018-10-03,19.994217447785932,2018-10-09,19.490211433378985,70635,19.140798926935748,0.42670926042509266,0.8534185208501839,-35600.464827634714,-36437.15961784104,-0.5905730917403239,stop_loss,6,-0.5905730917403239,423.6874648273078,413.00732537901735
LULU,2018-03-29,86.87679091644286,2018-10-11,139.15070329284669,13098,81.92093563403049,2.477927641206188,4.955855282412372,684683.7043061374,683795.5518703915,10.547909371348378,trailing_stop,196,10.547909371348378,341.3736622270705,546.7787735189117
TKO,2018-05-04,37.07877549105511,2018-10-11,74.97656620702855,30810,35.16789834129246,0.955438574881328,1.9108771497626549,1167630.9319591417,1166595.2044358263,19.832667275696206,trailing_stop,160,19.832667275696206,342.7191218638224,693.0084014515649
CHD,2018-06-29,48.27129894256591,2018-10-11,50.72890490824728,26706,46.66778353310356,0.8017577047311762,1.6035154094623536,65632.82491948658,64839.65508627464,1.5326363258993458,trailing_stop,104,1.5326363258993458,386.73999286804957,406.42984034389553
PGR,2018-08-20,52.511389236659,2018-10-11,53.635131541111406,25703,50.89620917032621,0.8075900331663954,1.6151800663327904,28883.5484513402,28065.063244274894,0.69573809625067,trailing_stop,52,0.69573809625067,404.9100712649539,413.5751358003559
AON,2018-09-20,146.4080144915222,2018-10-11,141.64279830502628,9643,143.32655846204034,1.5407280147409306,3.0814560294818705,-45950.97968638029,-46784.28188271943,-1.5464170641750739,stop_loss,21,-1.5464170641750739,423.5437451225245,409.7584512166105
BALL,2018-10-08,42.35765081404078,2018-10-11,40.343163920344956,32308,41.13225223835157,0.6126992878446068,1.225398575689212,-65084.0425615247,-65885.61193825626,-1.643944210203442,stop_loss,3,-1.643944210203442,410.5472947500088,391.0220819815515
PFE,2018-08-01,26.0090773398563,2018-10-12,28.252302819443926,50671,25.396961233144182,0.30605805335605984,0.6121161067121186,113666.47827618457,112841.634757969,3.6647058539869892,trailing_stop,72,3.6647058539869892,395.3717873663576,429.471730849213
LLY,2018-10-05,103.03098844043987,2018-10-12,98.2376978343445,13355,100.01376459196794,1.5086119242359655,3.0172238484719287,-64014.39604440364,-64820.77903596357,-1.5886426883848634,stop_loss,7,-1.5886426883848634,412.7936551866223,393.58933637330125
CME,2018-10-05,136.0650853855163,2018-10-12,132.39366511721997,10113,132.36050433802623,1.8522905237450444,3.7045810474900804,-37129.073173280936,-37943.55017643119,-0.9910487100245241,stop_loss,7,-0.9910487100245241,412.8078625511179,401.6691405991337
HSIC,2018-10-08,69.51258126068115,2018-10-12,65.98101104736328,19687,66.75508980721568,1.3787457267327343,2.7574914534654624,-69526.02278958878,-70326.26149511932,-1.2807184620208274,stop_loss,4,-1.2807184620208274,410.54825618370893,389.6904493468323
ATO,2018-10-09,81.36060413553437,2018-10-12,77.92708997551452,16777,79.0395931442172,1.1605054956585856,2.3210109913171664,-57604.06706265309,-58405.77795588341,-1.47931835431393,stop_loss,3,-1.47931835431393,409.49605667455813,392.21483655576213
WING,2018-10-16,62.74710277462541,2018-10-23,59.18163740662011,20883,58.77825452766807,1.9844241234786704,3.968848246957343,-74457.61328005465,-75221.48464441612,-0.8983627355212456,stop_loss,7,-0.8983627355212456,393.1043241727507,370.7670401887343
UNH,2018-10-17,238.55557158912717,2018-10-23,228.8532050015892,2764,231.13778722879948,3.708892180163845,7.417784360327687,-26817.34124795494,-27204.916605503964,-1.307987144979415,stop_loss,6,-1.307987144979415,197.81027996170428,189.76507758731776
CNC,2018-05-03,57.24718862533569,2018-10-24,67.13279695129394,19881,54.408369481650524,1.4194095718425803,2.838819143685164,196535.77912837602,195793.93958040132,3.4822959215096105,trailing_stop,174,3.4822959215096105,341.43940711808966,400.40014085660243
HAE,2018-02-08,70.10002877807617,2018-10-25,103.54635152435303,16929,66.58286991644152,1.7585794308173206,3.517158861634641,566212.797771721,565330.8999000791,9.509471724780804,trailing_stop,259,9.509471724780804,356.0170161552154,525.8808554867318
LHX,2018-10-16,151.19685296775936,2018-10-25,140.94591894106563,8666,144.67531365688825,3.2607696554355465,6.5215393108711055,-88834.59427532784,-89594.1070537364,-1.5718580442512848,stop_loss,9,-1.5718580442512848,393.0815783455808,366.43120006298244
DIS,2018-10-22,114.13622571360293,2018-10-25,107.75590341879607,11473,110.30533880090837,1.9154434563472749,3.8308869126945524,-73201.4376883191,-73965.1682075799,-1.665494816269347,stop_loss,3,-1.665494816269347,392.84547528364993,370.8850439771542
NYT,2018-10-23,24.869089973506213,2018-10-25,23.595250894384346,52640,23.63809138460633,0.6154992944499421,1.2309985888998831,-67054.88912497507,-67820.23799596081,-1.0348014129409113,stop_loss,2,-1.0348014129409113,392.73266886161014,372.6162021241176
PEG,2018-10-11,42.520538411041734,2018-11-01,41.43335697072063,31163,41.1678407563045,0.6763488273686178,1.3526976547372342,-33879.83522472654,-34664.7117972611,-0.8037135545505856,stop_loss,21,-0.8037135545505856,397.5202615509881,387.3563109835701
CHD,2018-11-07,61.88810233799482,2018-11-09,58.66211171603171,20879,59.09328694558867,1.3974076962030741,2.79481539240615,-67355.45819596785,-68110.54857173805,-1.1542768194022826,stop_loss,2,-1.1542768194022826,387.64850661449816,367.4418691557078
HUM,2018-11-08,330.3619862196854,2018-11-09,316.21500937103605,3917,316.16266488474247,7.099660667471445,14.199321334942908,-55413.70831615943,-56173.50094367808,-0.9963135923852386,stop_loss,1,-0.9963135923852386,388.2083700067523,371.58425751190447
CROX,2018-11-09,27.39737084007263,2018-11-12,26.543429695129394,47061,25.251359246492292,1.0730057967901685,2.1460115935803366,-40187.324222173585,-40948.876626369725,-0.39792009861351546,stop_loss,3,-0.39792009861351546,386.8043007313974,374.74810346474527
J,2018-11-07,62.18364210228648,2018-11-13,58.52201343764231,20780,59.01558968911956,1.584026206583458,3.1680524131669188,-76088.64365130584,-76841.12270794176,-1.1557980068214373,stop_loss,6,-1.1557980068214373,387.65282486565394,364.8262317702621
TWLO,2018-11-08,94.74465152740477,2018-11-13,84.04586725616456,13659,83.3746735027376,5.68498901233359,11.369978024667176,-146134.69436087008,-146867.32426968953,-0.9409678935200396,stop_loss,5,-0.9409678935200396,388.23515856384654,344.39475025558556
PLNT,2018-11-08,55.62556969451904,2018-11-13,51.12882030487061,11632,51.30970073418116,2.1579344801689353,4.315868960337873,-52306.18890039052,-52678.719019732394,-1.0419105470932544,stop_loss,5,-1.0419105470932544,194.11098800599362,178.41913133587647
AES,2018-11-07,12.240833945757013,2018-11-14,11.715269746773409,105565,11.702504287018401,0.26916482936930564,0.5383296587386113,-55481.18466570415,-56239.862491594744,-0.9762869097999937,stop_loss,7,-0.9762869097999937,387.6610906451517,371.0167352454405
CIEN,2018-11-08,34.64461061096191,2018-11-15,33.126839847564696,37355,32.83216990638805,0.9062203522869305,1.8124407045738593,-56696.32686670301,-57455.80762626649,-0.8374181619111639,stop_loss,7,-0.8374181619111639,388.2448288117447,371.23593075173375
UNH,2018-11-08,243.68526079684136,2018-11-15,232.62458075777678,2655,233.70968898998058,4.987785903430385,9.975571806860785,-29366.105503716455,-29745.48629251471,-1.1087765446645876,stop_loss,7,-1.1087765446645876,194.09531022468414,185.28547857356918
PGR,2018-11-08,57.40423891115225,2018-11-15,50.80766286295867,22545,54.985819073523835,1.2092099188142051,2.418419837628413,-148719.80700652418,-149451.6982041734,-2.727638909322878,stop_loss,7,-2.727638909322878,388.25356987557825,343.63762777362103
DAR,2018-11-08,21.661639389038083,2018-11-15,20.379599618911744,59745,20.477581281102026,0.5920290539680286,1.1840581079360568,-76595.46606619812,-77348.99221355711,-1.0827507210444889,stop_loss,7,-1.0827507210444889,388.25239358942406,365.2737537695646
CRL,2018-11-08,136.4963606109619,2018-11-15,127.72214847564697,4740,128.58638826328436,3.954986173838761,7.909972347677524,-41589.765521392685,-41965.48424131385,-1.1092595207227418,stop_loss,7,-1.1092595207227418,194.09782478878782,181.62089513237
UNG,2018-11-12,123.2431227493286,2018-11-16,133.42643756103516,10375,116.80438001801161,3.219371365658496,6.438742731316992,105651.89117145547,104853.00716498947,1.5815688305383866,trailing_stop,4,1.5815688305383866,383.5942195572853,415.2897869087219
STE,2018-11-07,110.27643310461058,2018-11-21,105.33675337468647,11717,105.90518649813981,2.185623303235385,4.371246606470763,-57878.22739552078,-58636.12930731416,-1.1300391340566083,stop_loss,14,-1.1300391340566083,387.6326900060167,370.2692217873604
KDP,2018-11-09,23.624540685428368,2018-11-21,21.862930320081833,54576,22.60477219648003,0.5098842444741685,1.019768488948337,-96141.64729915246,-96886.40456443148,-1.7274610702702153,stop_loss,12,-1.7274610702702153,386.7998797343816,357.9573855446358
ORLY,2018-11-09,23.653629159927366,2018-11-21,22.486823324203492,54509,22.454206548361306,0.5997113057830307,1.1994226115660602,-63601.41929947266,-64355.94027680991,-0.972806269010054,stop_loss,12,-0.972806269010054,386.80070156354424,367.7202757737025
ULTA,2018-11-09,304.00371221923825,2018-12-06,284.715,4241,285.0678669172518,9.467922650993227,18.935845301986433,-81803.42852178954,-82552.45533934607,-1.018634864809274,trailing_stop,27,-1.018634864809274,386.7839230565368,362.2428945
ALK,2018-11-29,72.56231131626191,2018-12-06,67.54738594438341,17192,68.57347072417426,1.994420296043831,3.988840592087655,-86216.59699333525,-86939.22676792675,-1.257238853271352,stop_loss,7,-1.257238853271352,374.24737684475247,348.38239774675185
DAL,2018-12-03,57.127781443032994,2018-12-06,52.92923172350441,10966,54.400876619097936,1.3634524119675306,2.726904823935058,-46041.29622435047,-46403.36178626575,-1.539675929528729,stop_loss,3,-1.539675929528729,187.93897539128994,174.1265865239848
RSG,2018-12-03,69.77663689570116,2018-12-06,67.41970736510387,17956,68.03203846079973,0.8722992174507194,1.7445984349014338,-42321.02665140484,-43060.07591866895,-1.3509868422703508,stop_loss,3,-1.3509868422703508,375.87278762976297,363.17647963434155
MOS,2018-11-07,30.981427364292255,2018-12-07,30.00698522676603,41709,29.129554938122396,0.9259362130849285,1.8518724261698587,-40643.007114081316,-41406.136824309455,-0.5261929081916393,stop_loss,30,-0.5261929081916393,387.6613061811797,375.4684040469553
UNH,2018-11-29,247.5967212435494,2018-12-07,241.99546844160807,2519,237.03772090002659,5.279500171761415,10.559000343522825,-14109.555808090241,-14479.540625835314,-0.5304718836738462,stop_loss,8,-0.5304718836738462,187.1088422437503,182.8759755013232
UDR,2018-12-03,32.247698720001154,2018-12-07,32.22845666169398,38854,31.21839632094014,0.5146511995305069,1.029302399061013,-747.6309334668163,-1499.177895826931,-0.01869427130911628,stop_loss,4,-0.01869427130911628,375.8856258200774,375.6613365400374
PEP,2018-12-03,95.91936169557641,2018-12-07,93.19628344869058,6531,92.6557671909685,1.6317972523039548,3.2635945046079087,-17784.42403041138,-18154.958313942545,-0.8343800809325688,stop_loss,4,-0.8343800809325688,187.93480537014287,182.59947816101945
AVB,2018-12-03,147.86363954899826,2018-12-07,147.29820242248522,4236,143.18954882520754,2.337045361895357,4.6740907237907265,-2395.1916679092647,-2770.2833366866257,-0.12097264685835457,stop_loss,4,-0.12097264685835457,187.905113138867,187.1865556384942
PFE,2018-12-03,30.92849750029009,2018-12-07,29.83492612593426,40511,29.686116990259357,0.6211902550153647,1.2423805100307312,-44301.669946528986,-45040.14606288558,-0.8802225771625946,stop_loss,4,-0.8802225771625946,375.88330867027554,362.59280768631686
LLY,2018-12-03,107.6793537253806,2018-12-07,104.64716590709408,5818,102.89247681037891,2.393438457500843,4.7868769150016846,-17641.268726790953,-18011.863434157473,-0.6334375986948578,stop_loss,4,-0.6334375986948578,187.94354399227927,182.651163374242
CPT,2018-12-03,74.13233684541987,2018-12-07,72.79092699498808,8450,71.57514252280171,1.2785971613090774,2.557194322618159,-11334.913236148606,-11707.36370998404,-0.5245631270831221,stop_loss,4,-0.5245631270831221,187.92547390313936,184.5249999322948
MDLZ,2018-12-03,37.33783610146707,2018-12-07,36.664749033391544,33557,36.00609126758754,0.6658724169397623,1.331744833879526,-22586.78274341038,-23331.774168221513,-0.5054174425552262,stop_loss,4,-0.5054174425552262,375.8837298170791,369.107694994056
FN,2018-11-07,50.670618930816644,2018-12-10,47.92203121948242,25502,46.81393448298643,1.9283422239151058,3.8566844478302116,-70094.48381444538,-70848.77674368526,-0.7126815140089027,trailing_stop,33,-0.7126815140089027,387.66063719210575,366.6322920477722
ELV,2018-11-08,261.39518561707797,2018-12-11,253.15543935512173,2475,248.5455877811897,6.424798917944128,12.849597835888261,-20393.3719983417,-20775.42583738356,-0.64124545897795,stop_loss,33,-0.64124545897795,194.0859253206804,187.9679137211779
CME,2018-11-08,141.83247836636482,2018-12-18,140.41059902791696,9124,136.8949494069486,2.4687644797081187,4.937528959416227,-12973.227083998328,-13745.782835441956,-0.2879738731934399,trailing_stop,40,-0.2879738731934399,388.2238597844138,384.3318916592143
NNN,2018-12-03,34.23212173394598,2018-12-18,33.427847334810195,18301,33.10522476904529,0.5634484824503436,1.1268969649006877,-14719.025778584006,-15090.499306762198,-0.7137071304532843,trailing_stop,15,-0.7137071304532843,187.94461795588361,183.52891022230844
MRK,2018-11-08,56.76365221887059,2018-12-19,56.887405492904335,22799,54.321427055829716,1.2211125815204356,2.442225163040874,2821.4508946953683,2044.1117552641415,0.05067234418289979,trailing_stop,41,0.05067234418289979,388.24635208140916,389.0927873498178
AWK,2018-12-03,82.0893183886515,2018-12-19,80.22359809651252,7631,79.31886015928495,1.3852291146832738,2.770458229366554,-14237.311549312619,-14608.894509022106,-0.6734338285134774,trailing_stop,16,-0.6734338285134774,187.92707658713988,183.65588312234613
MKC,2018-06-29,49.41523293529706,2018-12-20,61.088132050789156,13043,47.411963545702655,1.0016346947972052,2.003269389594408,152249.62316336337,151817.23454650934,5.826924314884804,trailing_stop,174,5.826924314884804,193.35686495252386,239.03175190153289
WDAY,2018-12-03,164.6544954986572,2018-12-21,153.39645304870606,7609,150.69085591677973,6.981819790938744,13.963639581877487,-85662.44500167828,-86388.45990192734,-0.8062398333857198,stop_loss,18,-0.8062398333857198,375.85681687478484,350.1580833742813
CCI,2018-12-03,83.42963438997435,2018-12-21,79.44097210921923,7509,80.50492187622629,1.4623562568740305,2.9247125137480623,-29950.86506619021,-30317.763681450946,-1.3637792644596005,stop_loss,18,-1.3637792644596005,187.94193739029524,178.95667787043814
WELL,2018-12-03,57.4908804956397,2018-12-24,55.68637539965911,10897,55.32214356557959,1.0843684650300562,2.1687369300601134,-19663.692030900464,-20033.679798147787,-0.8320534735997557,trailing_stop,21,-0.8320534735997557,187.94343742829574,182.04432981902562
ES,2018-12-03,51.861090727643806,2018-12-24,50.90498101725316,12080,50.19503872791936,0.8330259998622219,1.666051999724445,-11549.805301519042,-11922.229545522549,-0.5738774723410698,trailing_stop,21,-0.5738774723410698,187.94459279698114,184.4796512065254
PNW,2018-11-09,64.45266072184332,2018-12-26,62.23004137223059,20004,62.183642533346536,1.1345090942483897,2.26901818849678,-44461.27746965301,-45221.52570145997,-0.9795511384089913,stop_loss,47,-0.9795511384089913,386.7933075239261,373.45492428303027
OGE,2018-11-12,27.56078885316492,2018-12-26,27.65744377541526,23198,26.55422973920569,0.5032795569796138,1.0065591139592271,2242.2008863634105,1857.9151182080693,0.09602508278938122,trailing_stop,44,0.09602508278938122,191.80655394471594,192.47921421062497
GLD,2019-02-20,127.12699999999998,2019-02-22,125.40446878051758,9647,125.3663655467966,0.8803172266016869,1.7606344532033802,-16617.258674346765,-17348.10999814446,-0.9783582369118997,stop_loss,2,-0.9783582369118997,367.91825069999993,362.93307309769597
GDX,2019-02-20,21.505211888500803,2019-02-27,20.808527590055142,28515,20.659273107872156,0.4229693903143234,0.8459387806286465,-19865.95277017801,-20227.925654547318,-0.8235634946632074,stop_loss,7,-0.8235634946632074,183.96633510018015,178.0065492691267
GDXJ,2019-02-20,31.34724216224266,2019-02-27,30.072655751002657,19562,29.994167531201448,0.6765373155206059,1.3530746310412134,-24933.459376676976,-25293.908189570648,-0.941992689833516,stop_loss,7,-0.941992689833516,183.96442535333728,176.48438754033418
GPC,2019-02-20,88.8177193766697,2019-03-11,86.30562653111193,6904,86.17838167533404,1.3196688506678336,2.6393377013356627,-17343.489005730873,-17706.20447977507,-0.9517890962897643,stop_loss,19,-0.9517890962897643,183.95926037295828,178.756213671239
BA,2019-02-06,400.2628085390511,2019-03-12,375.3237462691276,1515,379.6267314334394,10.318038552805856,20.63607710561172,-37782.67933893412,-38135.18342809444,-1.2085175948068954,stop_loss,34,-1.2085175948068954,181.91944648099872,170.58464267931848
ECL,2019-02-20,153.60593793507226,2019-03-21,161.96195791666725,3992,148.639160539545,2.4833886977636315,4.966777395527259,33357.23176652717,32979.30765445513,1.6823826228088747,trailing_stop,29,1.6823826228088747,183.95847127104253,193.9656408010007
NYT,2019-02-07,27.782887532394295,2019-03-25,30.49824739265442,43687,26.194222346235364,0.7943325930794661,1.5886651861589307,118625.92621518411,117862.08783274292,1.7092083869637211,trailing_stop,46,1.7092083869637211,364.1253022883128,399.7130801528681
ZBRA,2019-02-15,198.84864389038083,2019-03-26,206.793,6137,187.85596806128552,5.49633791454765,10.992675829095305,48754.5134447329,48007.68661416631,0.7226953867403363,trailing_stop,39,0.7226953867403363,366.10023826658016,380.72659230000005
TTD,2019-03-12,20.558538106918334,2019-03-27,18.752228908538818,30482,18.72371561826917,0.9174112443245817,1.8348224886491629,-55059.91698500441,-55419.39822505396,-0.9844599189043955,stop_loss,15,-0.9844599189043955,187.9996075725254,171.48163247702408
TLT,2019-03-25,101.782546293359,2019-04-04,100.81609614039208,12419,100.29862030077616,0.7419629962914207,1.48392599258284,-12002.34444969628,-12757.166211811706,-0.6512792132475407,trailing_stop,10,-0.6512792132475407,379.21123272516763,375.61052939025876
GTLS,2019-02-15,86.22613938903808,2019-04-09,87.28263274383545,14154,80.42146300926268,2.9023381898876996,5.804676379775401,14953.606943801948,14216.85399557134,0.18200727924788232,trailing_stop,53,0.18200727924788232,366.13343307373344,370.61951515687406
INCY,2019-02-15,82.13205305480956,2019-04-10,82.66725,14860,77.15075515304615,2.4906489508817033,4.981297901763412,7953.026605529868,7218.351312511527,0.10744126445458563,trailing_stop,54,0.10744126445458563,366.144692518341,368.5306005
LLY,2019-02-19,110.69943917634214,2019-04-12,114.05733782550986,11102,105.96799163710895,2.3657237696165945,4.731447539233187,37279.39080306006,36530.815881577684,0.7096979563493011,trailing_stop,52,0.7096979563493011,368.6955521207251,379.8793693616431
DOC,2019-03-22,21.793329367186065,2019-04-15,21.153618683180422,29589,20.990563806232533,0.4013827804767656,0.8027655609535316,-18928.39942904295,-19309.62660280164,-0.7968835674088818,stop_loss,24,-0.7968835674088818,193.45284679370056,187.77432696498764
IQV,2019-02-15,142.95280755615232,2019-04-17,137.2226406097412,4268,136.05457142367493,3.449118066238693,6.898236132477393,-24456.35252728265,-24815.089171114258,-0.8306713247221384,stop_loss,61,-0.8306713247221384,183.03677479489744,175.69986903671264
INTU,2019-02-25,235.4155242005416,2019-04-17,247.3902694745493,2635,225.35605368598027,5.029735257280667,10.059470514561326,31553.453797010334,31171.795817110175,1.190395185976636,trailing_stop,51,1.190395185976636,186.09597188052814,195.5620080196312
AWK,2019-03-12,90.59499043931112,2019-04-17,88.84297112734842,6917,88.14965298808086,1.2226687256151316,2.445337451230259,-12118.717580845983,-12491.069294892959,-0.7164734303158242,trailing_stop,36,-0.7164734303158242,187.99366466061448,184.3580493863607
SCHH,2019-04-03,18.37402922148601,2019-04-17,17.89954230051694,34971,17.92849474557032,0.22276723795784523,0.4455344759156894,-16593.28211320924,-16973.839034118027,-1.0649836244296758,stop_loss,14,-1.0649836244296758,192.76745277137616,187.7894681374134
RVTY,2019-04-10,99.4058327102661,2019-04-17,95.59641594784583,6439,95.74904155961123,1.8283955753274328,3.6567911506548683,-24528.834533224115,-24905.52037695699,-1.0417375796093984,stop_loss,7,-1.0417375796093984,192.02224704642103,184.6635966864538
EXC,2019-02-22,27.119323513449434,2019-04-18,27.28788510568222,22671,26.278620909734485,0.42035130185747394,0.8407026037149485,3821.4598575095292,3451.420109528229,0.20050085665006542,trailing_stop,55,0.20050085665006542,184.44665501202363,185.59309296927648
PGR,2019-04-17,63.416284362852416,2019-04-22,61.14306089162759,20352,61.50748586204752,0.9543992504024477,1.9087985008048989,-46264.644086367625,-47025.15362475338,-1.1909185124916304,stop_loss,5,-1.1909185124916304,387.1944658058317,373.31507257992143
BRKR,2019-02-13,37.01497225746035,2019-04-25,36.530256888461444,16504,35.12696027322366,0.9440059921183437,1.888011984236691,-7999.742449957939,-8363.879588505228,-0.25673320563951424,trailing_stop,71,-0.25673320563951424,183.26853064113766,180.86860790615032
GRMN,2019-02-21,69.91663707420585,2019-04-26,72.86563925389589,17557,67.10735890332695,1.404639085439452,2.8092781708788976,51775.63126881805,51023.58274117031,1.049736622830565,trailing_stop,64,1.049736622830565,368.25791913354965,383.790608514195
OMC,2019-04-17,63.77155081303072,2019-04-26,62.40319678253747,20239,61.57475792668145,1.0983964431746371,2.1967928863492716,-27694.1172231529,-28460.212438128914,-0.6228871365143769,stop_loss,9,-0.6228871365143769,387.2017250714786,378.89348990453277
OLED,2019-04-04,156.54946530618756,2019-04-30,149.14056830689424,4113,147.24649089899947,4.651487203594043,9.302974407188088,-30472.79335809342,-30849.9842905686,-0.7964008794400981,trailing_stop,26,-0.7964008794400981,193.1663852413048,184.02454723387683
GEN,2019-04-09,11.968444283844468,2019-05-03,11.681523295436303,107581,11.42719256077159,0.27062586153643864,0.5412517230728771,-30867.246853938745,-31630.533002582724,-0.5301063741270194,trailing_stop,24,-0.5301063741270194,386.27316135008147,377.0129872938999
FAST,2019-04-12,14.32187614131343,2019-05-07,13.948593123896886,90167,13.83076286129563,0.2455566400088999,0.4911132800177995,-33657.809831397484,-34422.528852068346,-0.7600751855112013,trailing_stop,25,-0.7600751855112013,387.4081818101424,377.31083886072315
AGCO,2019-05-03,62.223565862233706,2019-05-07,60.45268535541746,21103,59.952709759465,1.1354280513843515,2.270856102768704,-37370.89133534327,-38147.5424141771,-0.7798294681275184,stop_loss,4,-0.7798294681275184,393.9311731172154,382.7199057166124
NXST,2019-02-27,76.71419445591228,2019-05-09,87.06874509791896,16119,73.06764388130081,1.823275287305736,3.6465505746114673,166905.00179850578,166112.9966377053,2.8395466976650785,trailing_stop,71,2.8395466976650785,370.966830130455,421.03833067000676
EPAM,2019-02-15,154.23408183288572,2019-05-10,169.1806560974121,3956,146.51693701120647,3.8585724108396326,7.7171448216792555,59128.6477904664,58744.81917949072,1.9368010591868103,trailing_stop,84,1.9368010591868103,183.04500831926876,200.7836026564087
TDG,2019-02-06,311.58044756252076,2019-05-14,345.73290975113287,3894,295.01345244761563,8.28349755745257,16.566995114905126,132989.68776245555,132221.81429844175,2.0614759617986214,trailing_stop,97,2.0614759617986214,363.9882788425367,403.88518517127346
HON,2019-04-22,136.58332731260623,2019-05-14,135.24103591563616,9420,133.27071987704213,1.6563037177820554,3.3126074355641038,-12644.384959458048,-13412.56060994106,-0.40520690213976107,trailing_stop,22,-0.40520690213976107,385.9844829854252,382.19116749758774
QCOM,2019-04-18,66.872193209911,2019-05-20,66.08578111972997,19182,63.024685407699195,1.9237539011059037,3.8475078022118083,-15084.956713852536,-15850.076672929888,-0.20439519049940535,trailing_stop,32,-0.20439519049940535,384.8227230457539,380.2972360315981
SBAC,2019-02-19,168.3777898706644,2019-05-21,186.15193843092084,7299,162.52129688432564,2.928246493169376,5.856492986338765,129733.51034131172,128957.19659524973,3.0349474680013393,trailing_stop,91,3.0349474680013393,368.69684647979386,407.6168995821874
SNPS,2019-05-17,123.62349999999999,2019-05-21,116.27360939025878,5370,118.87603262424376,2.3737336878781132,4.74746737575623,-39468.91257431029,-39855.386817538,-1.54817085153122,stop_loss,4,-1.54817085153122,199.1574585,187.3167847277069
BALL,2019-05-07,56.8657289308483,2019-05-23,56.438447873901524,23250,54.85497952621277,1.0053747023177633,2.0107494046355257,-9934.284574012521,-10724.58120722565,-0.2124984127617958,trailing_stop,16,-0.2124984127617958,396.6384592926669,393.6581739204631
TTC,2019-02-19,57.57094459458542,2019-05-24,60.12084804361691,10673,55.63284646132638,0.9690490666295185,1.9380981332590395,27215.11951151309,26838.282160664832,1.3156730328941908,trailing_stop,94,1.3156730328941908,184.33640749740306,192.50094335085697
DRI,2019-05-21,101.12998522733274,2019-05-29,96.16862165028371,12962,97.5352703016011,1.7973574628658167,3.594714925731637,-64309.194685709495,-65076.410048413796,-1.3801827626259502,stop_loss,8,-1.3801827626259502,393.2540605550061,373.9613021492932
TSN,2019-05-07,63.263645518541715,2019-05-30,62.57730268917165,20899,61.16383233267249,1.0499065929346114,2.0998131858692233,-14343.87879100493,-15132.863783982832,-0.3268589958329787,trailing_stop,23,-0.3268589958329787,396.644078307601,392.3409146702995
MAA,2019-05-20,90.38554108828437,2019-05-30,87.98595113834931,7320,87.73466509899849,1.3254379946429402,2.650875989285879,-17564.99843352466,-17956.702230454346,-0.9052064146469144,stop_loss,10,-0.9052064146469144,198.4866482298725,193.2171486998151
HXL,2019-05-23,71.72847292209778,2019-05-30,69.98166060334755,18433,68.92836364188406,1.400054640106856,2.800109280213718,-32198.99147152299,-32982.63433890535,-0.6238371948886597,stop_loss,7,-0.6238371948886597,396.6512824119085,386.99158497045164
LII,2019-02-06,215.65593515258593,2019-06-03,242.49122738606724,5626,206.11790985942383,4.769012646581053,9.538025293162093,150975.35410556587,150202.0933246331,2.8135060883849623,trailing_stop,117,2.8135060883849623,363.98408735053454,409.27669358220425
CDNS,2019-02-21,55.05499999999999,2019-06-03,63.24669137191773,11148,52.64303961432006,1.2059801928399647,2.411960385679933,91320.9754141389,90925.32723751466,3.3962794001728565,trailing_stop,102,3.3962794001728565,184.12594199999998,211.5222346242416
TMUS,2019-05-21,75.22463955733028,2019-06-03,70.71356421146069,17426,72.07844694400663,1.5730963066618275,3.146192613323649,-78609.9989771234,-79372.93471878588,-1.433820461838816,stop_loss,13,-1.433820461838816,393.25937067781126,369.6763709846742
ECL,2019-06-05,176.88228744882318,2019-06-18,176.8172995451318,7444,171.85724642602713,2.512520511398019,5.025041022796046,-483.76995507869776,-1273.651872753598,-0.01293281057738072,trailing_stop,13,-0.01293281057738072,395.0135243307119,394.8683933441883
ARE,2019-05-16,111.41698058324751,2019-06-24,111.49223135401385,5921,107.96091266881376,1.7280339572168752,3.4560679144337456,445.5598137075314,49.60618054337408,0.021773521999400525,trailing_stop,39,0.021773521999400525,197.90998261002252,198.0436505541348
VEEV,2019-05-31,152.55239389038084,2019-06-26,159.16068731689452,8522,142.1203469924942,5.216023448943323,10.432046897886636,56315.8765807496,55518.95091733508,0.6334608625899119,trailing_stop,26,0.6334608625899119,390.0154502201477,406.9102131943726
ELS,2019-02-06,45.08667144282692,2019-06-27,50.1772515638011,26914,43.478055073961954,0.8043081844324824,1.6086163688649648,137007.8733758991,136238.693408759,3.1645706331871284,trailing_stop,141,3.1645706331871284,364.0388025636732,405.1411645764428
ACGL,2019-02-14,30.392552299729697,2019-06-27,33.9321313229488,40175,29.29074567501323,0.5509033123582331,1.1018066247164668,142202.5872578274,141427.31400846507,3.2125229090267613,trailing_stop,133,3.2125229090267613,366.30623659249216,408.96701276984044
RNR,2019-05-09,153.3905306333898,2019-06-27,167.58550966612282,8492,148.694496296256,2.348017168566893,4.696034337133796,120543.76194596877,119726.04338570173,3.0227587819123274,trailing_stop,49,3.0227587819123274,390.7777158416239,426.9408444254145
ATO,2019-06-24,91.14095989816651,2019-06-27,88.43270879180453,7539,88.62679653488078,1.2570816816428634,2.514163363285732,-20417.505090863004,-20823.64685733911,-1.0771977453456332,stop_loss,3,-1.0771977453456332,206.1335090016832,200.00825747442428
IR,2019-04-30,30.67709438863144,2019-07-10,31.662287551589735,42808,29.063772183279575,0.8066611026759318,1.6133222053518637,42174.14891991875,41373.56164128965,0.6106611312297824,trailing_stop,71,0.6106611312297824,393.96751697656043,406.619761652536
SPTL,2019-05-30,30.522950819121032,2019-07-12,30.73265423521571,42451,30.13443730124493,0.19425675893805053,0.38851351787610255,8902.119716635101,8122.011209586606,0.5397583518871303,trailing_stop,43,0.5397583518871303,388.718935566752,391.3895714817426
TLT,2019-05-30,105.92286938569937,2019-07-12,106.62013857753676,6116,104.52296959461046,0.6999498955444536,1.399899791088913,4264.498377277493,3874.5244662665477,0.49808507457167434,trailing_stop,43,0.49808507457167434,194.3472807488812,195.62663026206445
MCK,2019-07-12,137.57600015395576,2019-07-19,133.39267038575625,9981,131.29088519652822,3.1425574787137727,6.285114957427538,-41753.81441639934,-42565.1759065964,-0.6655931986185543,stop_loss,7,-0.6655931986185543,411.94381726098976,399.4176729360699
CUBE,2019-05-14,24.42612516645921,2019-07-22,24.835965477468104,53319,23.634172952676202,0.395976106891504,0.7919522137830093,21852.275542683135,21064.29391937007,0.5175063644953538,trailing_stop,69,0.5175063644953538,390.7129703251316,397.2686529879365
ACM,2019-06-18,33.95348441766741,2019-07-23,34.69928217659055,39974,32.584893427598544,0.6842954950344319,1.368590990068867,29812.51961519356,28989.2219076419,0.5449383813973602,trailing_stop,35,0.5449383813973602,407.1769758335511,416.1207317181092
AWK,2019-05-14,96.84269556349179,2019-07-25,99.59670167025254,6724,94.20642857149888,1.3181334959964537,2.636266991992912,18517.93706185932,18121.67950975941,1.0446613014256334,trailing_stop,72,1.0446613014256334,195.35108549067564,200.90646660923343
FDS,2019-03-27,226.34708148083035,2019-07-26,260.40591930274786,5632,218.0052501828979,4.170915648966229,8.341831297932458,191819.3746130394,190996.95674291547,4.082896980949383,trailing_stop,121,4.082896980949383,382.43602887001094,439.98184125392277
RGLD,2019-07-10,99.33726883016529,2019-08-01,104.28550212239749,13821,95.37830730785493,1.9794807611551826,3.9589615223103607,68389.53233194127,67545.25123674066,1.2498816329350242,trailing_stop,22,1.2498816329350242,411.8821177505143,432.3989774500967
GDX,2019-07-19,25.749055429788037,2019-08-01,24.03108409916903,27161,24.601697261630736,0.5736790840786508,1.1473581681573002,-46661.819310942876,-47067.44282186667,-1.4973278426022223,stop_loss,13,-1.4973278426022223,209.81102835854185,195.812482565259
J,2019-06-28,65.78805443906344,2019-08-02,62.67121532924125,20581,63.64580639543419,1.0711240218146272,2.1422480436292517,-64147.66571925059,-64940.81178858103,-1.45493847880559,stop_loss,35,-1.45493847880559,406.19518452310945,386.95088480733426
RSP,2019-07-02,96.54936645263288,2019-08-02,95.05085913497769,7026,94.72501542495436,0.9121755138392589,1.8243510276785173,-10528.51241384541,-10932.367369338976,-0.8213919881208628,trailing_stop,31,-0.8213919881208628,203.50675460885958,200.34820088470596
GDXJ,2019-07-19,35.733492945642595,2019-08-02,35.54451981172446,19571,33.90237020963817,0.9155613680022118,1.8311227360044242,-3698.3932039117694,-4116.887800214099,-0.10320069223239432,stop_loss,14,-0.10320069223239432,209.80205713175138,208.69253917057785
AMAT,2019-07-23,47.3998233276496,2019-08-02,44.83898447061187,29392,44.89639698352891,1.251713172060346,2.5034263441206903,-75268.17568605296,-76081.5005976949,-1.0229335738404581,stop_loss,10,-1.0229335738404581,417.9526821738831,395.37222946806725
MU,2019-07-23,45.66954945510726,2019-08-02,41.54465573802561,15252,42.71382929121306,1.4778600819471013,2.955720163894199,-62912.87897292929,-63311.93629021099,-1.3955630060888604,stop_loss,10,-1.3955630060888604,208.96559048678878,190.09172679490996
BCO,2019-07-25,86.19543131822553,2019-08-02,82.598332398325,8105,83.1149511721896,1.5402400730179626,3.0804801460359243,-29154.48674579381,-29564.908782270602,-1.167707223995393,stop_loss,8,-1.167707223995393,209.58419125026538,200.83784522652724
SMG,2019-08-01,87.983850780076,2019-08-02,84.4588983009176,15664,84.76858245559025,1.6076341622428736,3.2152683244857485,-55214.85563353719,-56025.19860001859,-1.0963167373355016,stop_loss,1,-1.0963167373355016,413.4537115857331,396.889254895672
ALLY,2019-06-28,24.59910803712052,2019-08-05,25.409863735397877,55044,23.873207199090825,0.3629504190148475,0.7259008380296947,44627.23665597889,43801.428503304945,1.1168959392277105,trailing_stop,38,1.1168959392277105,406.2099908385785,419.59816183537225
RGEN,2019-07-01,87.22713938903807,2019-08-05,88.72118756103515,15553,82.20857102613435,2.509284181451861,5.018568362903721,23236.93121907057,22415.973920354223,0.2977040589983374,trailing_stop,35,0.2977040589983374,406.99310967531267,413.96418904103393
CHDN,2019-08-02,61.57636972088787,2019-08-05,57.143904772524465,22294,58.6047007464097,1.4858344872390865,2.9716689744781704,-98817.37355881372,-99611.39849868056,-1.491574258920192,stop_loss,3,-1.491574258920192,411.8350759672423,382.18986389959815
WWD,2019-02-13,90.1682639391007,2019-08-06,100.58585737378613,6775,85.11855690798589,2.524853515557405,5.0497070311148065,70579.19551999378,70191.48776842534,2.063009471736734,trailing_stop,174,2.063009471736734,183.2669964562222,204.4407551122203
ARWR,2019-05-29,24.71469053459167,2019-08-06,28.251720685958862,52839,22.41495181968177,1.1498693574549501,2.2997387149099,186893.13616809098,186053.52850734617,1.5380139180314516,trailing_stop,69,1.5380139180314516,391.7698599471868,447.8378007976141
DAL,2019-07-15,58.4153417108877,2019-08-06,55.738318171231285,11830,56.18235752065614,1.116492095115781,2.232984190231562,-31669.18847413542,-32074.31981305706,-1.198854676789632,stop_loss,22,-1.198854676789632,207.31604773194047,197.81529118969982
CRUS,2019-08-02,56.18613106918335,2019-08-06,52.68726167678833,24433,52.87399704721255,1.6560670109853994,3.312134021970799,-85487.8758643874,-86285.90694587611,-1.0563791710074293,stop_loss,4,-1.0563791710074293,411.83872212400706,386.19235936469084
SPGI,2019-08-02,243.06266078468508,2019-08-06,231.61644781002516,5648,235.2621951749198,3.9002328048826307,7.8004656097652685,-64648.210880879196,-65452.50716248207,-1.4673756090060313,stop_loss,4,-1.4673756090060313,411.8453724335704,392.45090916930667
NI,2019-08-02,24.002606979905444,2019-08-06,22.523444028751214,28597,23.303187611164926,0.34970968437025907,0.6994193687405179,-42299.62291415751,-42698.774558365876,-2.114844136812851,stop_loss,4,-2.114844136812851,205.9207655413068,193.23087866705953
LSCC,2019-08-01,19.619600381851193,2019-08-08,18.56141992378235,70249,18.144624126122824,0.7374881278641838,1.474976255728368,-74336.11899887818,-75140.77254751332,-0.7174220289711011,trailing_stop,7,-0.7174220289711011,413.4771921673993,391.17635646773584
GDXJ,2019-08-06,37.15631155124681,2019-08-19,34.73052943930562,35559,34.98584749209913,1.0852320295738387,2.170464059147676,-86258.38611851673,-87025.25337215165,-1.117632932790315,trailing_stop,13,-1.117632932790315,396.3723847352356,370.49486889968057
HAE,2019-08-07,130.15002427673338,2019-08-26,131.57829670715333,5180,123.77071982729893,3.1896522247172223,6.379304449434443,7398.451189575351,6991.725378766391,0.22389156086547576,trailing_stop,19,0.22389156086547576,202.25313772604366,204.47267308291626
EGP,2019-08-19,103.69243342565143,2019-08-29,102.02364199151641,13255,100.315222251803,1.688605586924215,3.377211173848437,-22119.830459459645,-22937.86043335601,-0.49413298376404957,stop_loss,10,-0.49413298376404957,412.3329615171029,405.697012379265
SAM,2019-06-26,362.36199999999997,2019-09-05,405.2943121948242,3735,342.09689662855334,10.132551685723318,20.265103371446628,160352.18604766857,159492.02714985426,2.118534083340307,trailing_stop,71,2.118534083340307,406.026621,454.13227681430055
GDX,2019-08-06,26.37640787062768,2019-09-09,26.360536372998947,25046,25.05766696537094,0.6593704526283692,1.318740905256739,-397.5175296092598,-793.7723812670215,-0.012035341866978473,trailing_stop,34,-0.012035341866978473,198.18705345832225,198.06779819943947
SLV,2019-08-08,15.79577973270416,2019-09-09,16.913070304870605,42977,15.30837375998709,0.2437029863585352,0.4874059727170703,48017.79691999729,47596.078445577834,2.2923202314039144,trailing_stop,32,2.2923202314039144,203.656567671728,218.0619067477272
OKTA,2019-04-10,91.89180305480956,2019-09-10,106.79310152435303,13931,84.11796818133932,3.886917436735118,7.773834873470236,207589.98897921017,206759.62515750248,1.9168529705200112,trailing_stop,153,1.9168529705200112,384.0434125069655,446.3204092007287
TLT,2019-08-05,113.81908502405977,2019-09-10,117.66415344147951,11949,112.02465663992687,0.8972141920664465,1.7944283841328996,45944.722519748466,45114.924554821046,2.142781763496093,trailing_stop,36,2.142781763496093,408.0072740857471,421.7906908416716
IEF,2019-08-05,95.32135191648385,2019-09-10,95.89473220179018,7134,94.61805956333659,0.3516461765736321,0.7032923531472619,4090.494955375345,3681.254292145415,0.8152801359782003,trailing_stop,36,0.8152801359782003,204.00675737165875,205.23390585827133
GLD,2019-08-06,138.46833183288572,2019-09-10,141.08876573181152,4771,135.24093151804732,1.6137001574192085,3.2274003148384054,12502.090131774974,12101.960058030623,0.8119333343552085,trailing_stop,35,0.8119333343552085,198.18972335240935,201.94035039194185
VCLT,2019-08-06,73.90587875508328,2019-09-10,75.37913487056628,8938,72.95013359455635,0.4778725802634681,0.9557451605269307,13167.963160187024,12767.670324651208,1.5414737906397002,trailing_stop,35,1.5414737906397002,198.1712232938803,202.12161224193642
PODD,2019-08-07,141.24110610961912,2019-09-10,145.9638906097412,4773,131.7998713478443,4.720617380887419,9.441234761774837,22541.85041908273,22130.601584280277,0.5002295376917694,trailing_stop,34,0.5002295376917694,202.24313983836365,209.00569496408846
RGLD,2019-08-08,113.13875531620936,2019-09-10,114.30120260192786,6000,107.7949918502205,2.6718817329944256,5.343763465988857,6974.683714310999,6565.291790058352,0.2175334468146019,trailing_stop,33,0.2175334468146019,203.64975956917684,205.74216468347012
WTRG,2019-09-04,37.5614426494687,2019-09-10,35.77457009403059,18619,36.43530632493362,0.56306816226754,1.1261363245350822,-33269.780109702275,-33679.41307608364,-1.5867284595191564,stop_loss,6,-1.5867284595191564,209.8069502071373,199.82601617422665
MSI,2019-02-13,125.04877151538584,2019-09-11,150.42409492544041,9770,119.02931565076607,3.009727932309885,6.019455864619772,247916.9097162332,247109.49874469516,4.215551036631356,trailing_stop,210,4.215551036631356,366.5179493115959,440.89302222646586
BND,2019-08-05,68.62811291480953,2019-09-11,68.77374834499459,9909,68.27630504956595,0.17590393262179432,0.3518078652435861,1443.1014777036844,1034.6469647366646,0.41396297403475274,trailing_stop,37,0.41396297403475274,204.0107912618543,204.44372170516542
AGG,2019-08-06,92.74423179201175,2019-09-11,92.8634862790904,7123,92.23971666807465,0.25225756196855,0.5045151239370966,849.4497114612179,452.82457871507984,0.23637445424434475,trailing_stop,36,0.23637445424434475,198.18514891634987,198.43998382978825
VCIT,2019-08-06,70.99612590474064,2019-09-11,71.03261789703369,9305,70.51295432008588,0.2415857923273764,0.4831715846547553,339.5579882868406,-56.91525003581242,0.07552594865264282,trailing_stop,36,0.07552594865264282,198.1856854630835,198.28755285956953
LULU,2019-09-09,203.71350450134275,2019-09-11,192.82698426818848,6821,193.0854756370111,5.3140144321658305,10.628028864331668,-74256.95451034528,-75068.39531251437,-1.0243216660513708,stop_loss,2,-1.0243216660513708,416.85894426109763,394.5818579079941
YUM,2019-06-05,94.73991688759695,2019-09-12,101.72548343781406,13899,92.1677069362027,1.2861049756971248,2.5722099513942425,97092.38948146768,96273.1877017308,2.715783968734999,trailing_stop,99,2.715783968734999,395.037031446213,424.1647482906532
COST,2019-08-29,270.8920120056937,2019-09-12,263.8619639749465,5153,261.291012028004,4.800499988844841,9.600999977689696,-36225.8375024403,-37052.513673908776,-0.7322203986129836,trailing_stop,14,-0.7322203986129836,418.77196135960185,407.9042101088698
HSY,2019-04-26,103.419919352843,2019-09-16,125.6176248619253,12589,100.7331205998903,1.3433993764763468,2.686798752952697,279446.91465383704,278581.9085606011,8.261767087947247,trailing_stop,143,8.261767087947247,390.5860094198821,474.42008381603324
ZTS,2019-06-05,101.91186041427059,2019-09-17,112.90392347731587,12921,98.3215141532821,1.795173130494247,3.590346260988497,142028.44683760806,141195.7564145091,3.061560714207809,trailing_stop,104,3.061560714207809,395.04094452383714,437.6494785751196
NVR,2019-09-10,3756.7529999999997,2019-09-18,3621.4749975585937,362,3569.9772589170616,93.38787054146896,186.7757410829381,-48970.63688378897,-49771.91244432383,-0.7242803677664732,stop_loss,8,-0.7242803677664732,407.9833757999999,393.29218473486327
T,2019-09-10,17.683028024826474,2019-09-19,17.562326187627704,77104,17.15044303722777,0.26629249379935244,0.5325849875987032,-9306.594455373914,-10121.861792733034,-0.22663394577264512,trailing_stop,9,-0.22663394577264512,409.0296578478661,406.237679511254
STX,2019-09-05,41.69994124150859,2019-09-20,41.41238344846046,33658,39.622607591255004,1.038666825126792,2.0773336502535855,-9678.620198413955,-10517.83858573845,-0.13842638760173503,trailing_stop,15,-0.13842638760173503,421.06098669200884,418.1574006324846
FLG,2019-09-10,28.179283222051474,2019-09-20,28.056088377788566,48384,27.055434281916906,0.5619244700672844,1.1238489401345682,-5960.659344816554,-6776.927010662552,-0.10961868616271249,trailing_stop,10,-0.10961868616271249,409.0279318247215,407.23973402127655
ALLY,2019-09-11,28.433721789545086,2019-09-24,27.495688795822655,47488,27.248158701468892,0.5927815440380969,1.1855630880761936,-44545.31080589077,-45342.10356085416,-0.7912130557679314,stop_loss,13,-0.7912130557679314,405.0781741025751,391.71458086080787
GNRC,2019-09-12,82.99291366577148,2019-09-24,79.97993756103516,16399,78.93989081930323,2.0265114232341226,4.053022846468252,-49409.79514157099,-50211.57267775151,-0.7433898645209439,stop_loss,12,-0.7433898645209439,408.300237361496,393.47729881902467
ESNT,2019-09-23,45.87304275690457,2019-09-24,43.84747045086571,29250,43.57229321245795,1.1503747722233075,2.3007495444466173,-59247.989951636664,-60035.28745503485,-0.8803966998181267,stop_loss,1,-0.8803966998181267,402.53595019183757,384.7615532063466
ST,2019-09-16,49.126457901465145,2019-09-25,46.76924546452673,27669,47.084324273218556,1.0210668141232953,2.0421336282465887,-65221.7109176489,-66017.71238257899,-1.154289026111555,stop_loss,9,-1.154289026111555,407.78398910269175,388.2174758273971
FCN,2019-07-26,103.50340152740478,2019-09-30,104.98490634155273,13432,99.473542478311,2.014929524546889,4.029859049093773,19899.572663635314,19059.44817824656,0.3676319186600613,trailing_stop,66,0.3676319186600613,417.0773067948303,423.0471785939208
BF-B,2019-09-10,56.285603033162204,2019-10-03,54.92190707671199,24223,54.31807659690959,0.9837632181263049,1.9675264362526121,-33032.807153093556,-33840.941008311005,-0.6931017196635669,trailing_stop,23,-0.6931017196635669,409.0218486816864,399.1120065357584
EWJ,2019-09-13,49.13081887713579,2019-10-03,48.2026181363173,13898,48.310938096250844,0.4099403904424735,0.8198807808849438,-12900.133895895367,-13305.955928179259,-1.1321167204537104,stop_loss,20,-1.1321167204537104,204.84603622632994,200.97599605756133
EQIX,2019-09-24,513.6951564740838,2019-10-03,495.89407737316407,2607,491.4955082304692,11.09982412180727,22.199648243614547,-46407.41321609768,-47197.012955889615,-0.8018631153779641,stop_loss,9,-0.8018631153779641,401.76098187838096,387.83875791355155
FND,2019-09-25,50.88083183288574,2019-10-03,46.98296878051758,26267,47.47357368715595,1.7036290728648964,3.4072581457297915,-102385.16879655443,-103156.34533176811,-1.1439881821849123,stop_loss,8,-1.1439881821849123,400.94604292632295,370.2304922873566
AAPL,2019-09-12,54.03094807394731,2019-10-04,54.12448068246707,25189,51.730587656343424,1.1501802088019426,2.3003604176038834,2355.992876004382,1538.6947475207855,0.04065997997704721,stop_loss,22,0.04065997997704721,408.2956653103976,409.0024631731989
EG,2019-09-18,227.16695998849914,2019-10-08,221.14224154106873,5985,218.28269494117288,4.442132523663128,8.884265047326267,-36057.93990787104,-36862.87907921738,-0.6781335783361804,trailing_stop,20,-0.6781335783361804,407.8782766593502,397.06089468698895
ATO,2019-09-23,96.35251138973898,2019-10-11,94.59282664455782,6962,93.68555781243867,1.3334767886501513,2.666953577300305,-12250.925195951244,-12649.733628969676,-0.659810789418558,trailing_stop,18,-0.659810789418558,201.24185528860883,197.56657772982345
GNRC,2019-10-11,87.37729091644286,2019-10-14,82.08782817077636,15370,82.65409115514296,2.361599880649948,4.723199761299895,-81299.04240089408,-82080.44606500524,-1.1198896961772284,stop_loss,3,-1.1198896961772284,402.89668841571796,378.5069756954498
TOL,2019-09-17,37.61366467634188,2019-10-15,36.567160478331516,35969,35.760068232889815,0.9267982217260325,1.8535964434520622,-37641.70949823466,-38442.172528231196,-0.5645803873368435,stop_loss,28,-0.5645803873368435,405.87777142300234,394.58525857353186
ED,2019-09-23,73.27210532109804,2019-10-15,71.49494843222357,18312,71.37955621660663,0.9462745522457029,1.8925491044914082,-32543.29694906934,-33338.58923556859,-0.9390281523776126,trailing_stop,22,-0.9390281523776126,402.52763779198415,392.7646487072634
MTZ,2019-08-05,57.056999999999995,2019-10-29,63.936,23837,53.57270600526889,1.7421469973655508,3.484293994731104,163974.72300000011,163109.4899577001,1.9742880510089917,trailing_stop,85,1.9742880510089917,408.0203126999999,457.2127296
DHI,2019-09-24,48.67114330497765,2019-10-31,48.64835827546845,27524,46.76384285082028,0.9536502270786809,1.9073004541573653,-627.1351522110565,-1430.721740661116,-0.011946219306732316,stop_loss,37,-0.011946219306732316,401.8873644978614,401.6992239521981
XPO,2019-10-29,28.02141115760803,2019-11-01,26.731959772109985,24387,26.522645080065264,0.7493830387713827,1.498766077542765,-31445.850938140797,-31846.432075199707,-0.8603419871979664,stop_loss,3,-0.8603419871979664,205.0074461701761,195.5736908887339
RH,2019-09-11,155.50535610961913,2019-11-04,177.822,8683,145.30109472384555,5.102130692886794,10.204261385773577,193775.41890017712,192907.13447024717,2.1869925756208044,trailing_stop,54,2.1869925756208044,405.0759021299468,463.2085278
KBH,2019-10-01,30.713389263384798,2019-11-05,31.075877625163415,44085,29.22047674971174,0.7464562568365285,1.4929125136730583,15980.29942901032,15163.105479775824,0.24280616476766984,trailing_stop,35,0.24280616476766984,406.1999297028957,410.99401953159867
CRUS,2019-11-04,72.31223786163329,2019-11-05,67.70222664642334,19061,68.17551141933883,2.0683632211472274,4.13672644229446,-87871.42377311688,-88672.0684855133,-1.1144104594581268,stop_loss,1,-1.1144104594581268,413.50306976417767,387.14164263224257
LEN,2019-10-03,51.22509097718283,2019-11-06,51.57096273372142,25767,49.037313330181675,1.0938888235005788,2.1877776470011554,8912.077550729913,8117.453775939252,0.15809273717221128,trailing_stop,34,0.15809273717221128,395.975075762721,398.64869902794
CINF,2019-04-26,78.51820665353434,2019-11-11,91.67593596600341,16582,76.30570460315401,1.1062510251901612,2.2125020503803228,218181.46745936217,217334.81967748704,5.9469907881926245,trailing_stop,199,5.9469907881926245,390.5966708186719,456.0511110564806
KIM,2019-09-10,14.59799189965119,2019-11-11,15.613882626872535,93398,14.04177283619606,0.27810953172756503,0.5562190634551296,94882.16214101919,94035.64354391072,1.8264219872487297,trailing_stop,62,1.8264219872487297,409.0269742330865,437.49162287539224
ARMK,2019-10-08,29.091143977250947,2019-11-12,28.448102017109555,46209,27.96485992299615,0.5631420271273981,1.1262840542547963,-29714.325936173598,-30511.97524161962,-0.5709411917110554,trailing_stop,35,-0.5709411917110554,403.2818016134367,394.36750383258465
APTV,2019-10-31,91.84625355439712,2019-11-20,90.36947283371367,7508,87.36550266927014,2.24037544256349,4.48075088512698,-11087.669650891346,-11498.092353007927,-0.3295833128294076,trailing_stop,20,-0.3295833128294076,206.87450150592406,203.54820061065666
SWKS,2019-11-04,84.5262350471765,2019-11-21,82.02592697484172,16306,80.65516234636493,1.9355363504057812,3.871072700811567,-40770.02342749084,-41584.76329367015,-0.6458954056353908,trailing_stop,17,-0.6458954056353908,413.48543660377806,401.25442957553076
MTZ,2019-11-05,72.29222122192382,2019-11-21,66.94299213409424,9499,68.00333021321691,2.144445504353453,4.288891008706912,-50812.327105293225,-51209.10569279387,-1.2472289636108895,stop_loss,16,-1.2472289636108895,206.01114281611635,190.76744468452833
BWA,2019-11-05,36.177061978840044,2019-11-21,33.77904572296143,18982,34.1554115775373,1.0108252006513718,2.021650401302743,-45519.14456908789,-45917.516620006565,-1.1861676253883187,stop_loss,16,-1.1861676253883187,206.01389714470253,192.35815377397617
SWK,2019-11-06,131.30479619446348,2019-11-21,125.98094281399368,5206,125.25147768859183,3.026659252935821,6.053318505871644,-27715.980698725776,-28117.809565909185,-0.8794933515072315,stop_loss,15,-0.8794933515072315,205.07183069651305,196.75703648689532
KLAC,2019-09-19,146.68022777681142,2019-11-22,148.82008580817683,9257,139.5771972162214,3.5515152802950105,7.103030560590014,19808.665796349567,18988.0318754927,0.30125986550558487,trailing_stop,64,0.30125986550558487,407.345660558983,413.28826029788786
BRX,2019-10-09,15.272842422575149,2019-11-22,16.007038558298213,43640,14.80819341863554,0.23232450196980445,0.4646490039396092,32040.319362954502,31630.803161152908,1.5801091350633516,trailing_stop,44,1.5801091350633516,199.95205299635384,209.5641488052402
DE,2019-10-14,156.32554471355618,2019-11-29,153.7296546331793,8594,149.69334964289013,3.3160975353330335,6.632195070666057,-22309.079350758868,-23108.463665714622,-0.39140737760540206,trailing_stop,46,-0.39140737760540206,403.0385193804906,396.3457955752629
ARWR,2019-11-29,69.31925,2019-12-03,61.938,20018,62.98399523949813,3.167627380250935,6.3352547605018685,-147757.86249999987,-148546.11478914987,-1.1651070523666303,stop_loss,4,-1.1651070523666303,416.28982394999997,371.9624652
PSX,2019-10-11,81.71079511046973,2019-12-04,87.18884072558042,16436,78.35370973211346,1.678542689178137,3.357085378356274,90037.15772995926,89204.34740557885,1.631786206698412,trailing_stop,54,1.631786206698412,402.8995885307041,429.91073584969195
LOW,2019-11-21,105.7617070781361,2019-12-04,102.01104907644745,12970,101.56576401433624,2.097971531899927,4.195943063799859,-48646.034281901775,-49454.47807609926,-0.8938772391949573,stop_loss,13,-0.8938772391949573,411.5188022410276,396.924991956457
GWRE,2019-11-11,117.39727877807616,2019-12-09,110.889,5843,112.15194797759352,2.6226654002413152,5.245330800482634,-38027.87290029901,-38428.0359183691,-1.2407756585108645,stop_loss,28,-1.2407756585108645,205.7856899700897,194.3773281
FR,2019-10-29,35.008445379990576,2019-12-12,34.77881099561082,39040,34.069572197274475,0.4694365913580496,0.938873182716101,-8964.926366185722,-9782.274712856766,-0.24458509264844422,trailing_stop,44,-0.24458509264844422,410.01891229044963,407.32943438059397
DXCM,2019-11-12,51.06100831985473,2019-12-13,50.4495,26932,47.068903445800196,1.9960524370272659,3.992104874054533,-16469.14207032754,-17289.306373348638,-0.15317942267224488,trailing_stop,31,-0.15317942267224488,412.5525228210983,407.6117802
VCIT,2019-12-04,72.4244122804221,2019-12-13,72.2006185408044,18781,71.99411482740193,0.21514872651008804,0.43029745302017375,-4203.070223760109,-5017.931034916145,-0.5200907838216099,stop_loss,9,-0.5200907838216099,408.0608661115823,406.79994504445426
NBIX,2019-11-11,109.9698606109619,2019-12-17,109.42046878051758,12476,103.16219186421914,3.4038343733713843,6.807668746742763,-6854.212476623352,-7675.3466014697815,-0.08070190411470689,trailing_stop,36,-0.08070190411470689,411.5951942947082,409.53893055172125
SCHW,2019-11-22,43.60345898552956,2019-12-20,44.073082051924445,31378,41.34055064775766,1.1314541688859472,2.262908337771897,14735.8325773388,13910.498225936832,0.20753075082894787,trailing_stop,28,0.20753075082894787,410.45680081438394,414.8775505875856
TGT,2019-11-21,106.00756641782026,2020-01-07,102.80357852483257,12940,101.58755447708539,2.210005970367434,4.420011940734867,-41459.603335260625,-42270.208199928005,-0.7248821803985878,trailing_stop,47,-0.7248821803985878,411.5213728339782,399.08349183340005
CAG,2019-12-20,25.07448003197101,2020-01-08,24.18453946321919,55666,23.782410362595616,0.6460348346876972,1.292069669375394,-49539.43170013891,-50362.04747390469,-0.6887713486704108,trailing_stop,19,-0.6887713486704108,418.7388016379095,403.87697212786776
ITT,2019-11-05,64.87255749789732,2020-01-13,67.31359182322707,10585,61.405316461362474,1.7336205182674207,3.467241036534844,25838.34833361543,25418.5912164462,0.704027871038732,trailing_stop,69,0.704027871038732,206.00280633457294,213.7543108346576
URI,2019-11-05,142.5940256201342,2020-01-14,150.54591122347705,4815,133.477614116992,4.558205751571103,9.116411503142217,38288.329180095796,37864.8885413252,0.8722604942308728,trailing_stop,70,0.8722604942308728,205.97707000828385,217.4635687623126
TKR,2019-12-13,50.86903400607431,2020-01-27,48.546547280398485,13387,48.73525383610472,1.0668900849847944,2.13378016996959,-31091.129796622245,-31490.39271262685,-1.088437674303123,trailing_stop,45,-1.088437674303123,204.295127471795,194.96778853280838
IJR,2019-12-09,74.64415771741591,2020-01-28,75.31154626936163,9171,72.88655436165548,0.8788016778802108,1.7576033557604234,6120.620409894199,5708.047281515378,0.3797151102143725,trailing_stop,50,0.3797151102143725,205.36847112792637,207.20465725089466
SWKS,2019-12-12,92.49421998044646,2020-01-28,100.95061522549852,14671,88.271002035042,2.1116089727022316,4.223217945404457,124063.77464015884,123212.36588696692,2.002358238284621,trailing_stop,47,2.002358238284621,407.09481039993904,444.3139427919867
SWK,2019-12-13,137.23518287205957,2020-01-28,134.63310552874034,4962,131.70343727145564,2.765872800301962,5.5317456006039265,-12911.507777549985,-13316.210911663416,-0.47038991508126154,trailing_stop,46,-0.47038991508126154,204.28829322334786,200.4148408900829
SMH,2019-12-13,66.7031966746919,2020-01-28,68.94559529980448,10209,64.66523297224357,1.0189818512241637,2.037963702448323,22892.647563774382,22477.196008594095,1.1003133286518612,trailing_stop,46,1.1003133286518612,204.29188045557888,211.1596747247112
SOXX,2019-12-13,77.43392527926117,2020-01-28,80.09645766072327,8794,74.95730118532725,1.2383120469669584,2.4766240939339212,23414.309762577705,22998.713106305437,1.0750652018542217,trailing_stop,46,1.0750652018542217,204.28618167174685,211.31047460052014
SYNA,2019-11-11,57.88783183288574,2020-01-30,67.97196091461181,23701,53.79823874524842,2.044796543818659,4.0895930876373185,239003.94336598972,238109.0424816172,2.4658025543445894,trailing_stop,80,2.4658025543445894,411.5998506813675,483.3010336911644
JBL,2019-09-25,32.21881075055336,2020-01-31,38.48926063749491,41483,30.477771494998738,0.8705196277773115,1.7410392555546217,260117.07265999628,259237.11778237915,3.601555718480367,trailing_stop,128,3.601555718480367,400.9598779095615,478.99499970756034
NXST,2020-01-08,101.16975609855307,2020-01-31,100.04165043923919,13921,95.56540097059029,2.802177563981388,5.604355127962776,-15704.358883308445,-16544.678080432226,-0.20129089494797037,trailing_stop,23,-0.20129089494797037,422.51525239438723,417.80394472939463
TSLA,2019-12-17,25.29126674842834,2020-02-06,46.614669845581055,54527,23.897468198650373,0.6968992748889844,1.3937985497779692,1162701.200678446,1161524.9561770477,15.298769754459503,trailing_stop,51,15.298769754459503,413.71707059746564,762.5274308009995
CPRT,2019-11-22,21.94442311096191,2020-02-21,24.238238262176512,62348,21.0341081728699,0.45515746904600585,0.9103149380920108,143014.78704792802,142150.9680765403,2.519803921950749,trailing_stop,91,2.519803921950749,410.45726763667597,453.3617037510544
HRL,2019-12-03,37.245548816556465,2020-02-21,37.35855219233305,36549,36.11587708593498,0.5648358653107399,1.1296717306214816,4130.160381258434,3312.1487949262637,0.10003204711019699,trailing_stop,80,0.10003204711019699,408.3862691088967,409.62531722327424
GE,2020-01-30,62.45678694223592,2020-02-24,56.5291755038761,23596,59.208969365736465,1.62390878824973,3.2478175764994575,-139867.91949953843,-140710.19733050198,-1.8251060285068987,stop_loss,25,-1.8251060285068987,442.11910340669965,400.1587275568381
NOW,2020-01-31,67.96790152740478,2020-02-25,67.644285987854,21913,64.90200903120513,1.5329462480998284,3.065892496199652,-7091.387318176073,-7982.888277682632,-0.10555345301634422,stop_loss,25,-0.10555345301634422,446.81418785100624,444.6867716555534
ALL,2020-02-06,107.54750684629249,2020-02-25,103.8744526600807,7015,104.68459920924805,1.4314538185222199,2.8629076370444437,-25766.47511627568,-26211.412630056846,-1.282980330446045,stop_loss,19,-1.282980330446045,226.33372815802255,218.60378562313983
CAR,2020-02-21,47.143914170625564,2020-02-25,42.13308421731121,32575,43.68800154173931,1.7279563144431251,3.455912628886253,-163227.78572921516,-164100.24519596127,-1.449929581966663,stop_loss,4,-1.449929581966663,460.71390123243833,411.7455655136738
VICI,2019-10-08,16.23349025469307,2020-02-26,19.033523289958147,82808,15.771448411217685,0.23102092173769231,0.4620418434753848,231865.1355842305,230989.01832694886,6.060128697876794,trailing_stop,141,6.060128697876794,403.27885830318706,472.83839897845627
PPL,2019-10-15,24.54381909590962,2020-02-26,26.718266162515928,54773,23.72446071623684,0.4096791898363891,0.8193583796727779,119100.98917922734,118258.65572046943,2.653841250119031,trailing_stop,134,2.653841250119031,403.3015810020773,439.0318777558455
ZBH,2019-12-05,135.88214271031822,2020-02-26,139.00483397261033,10027,130.8971195351658,2.4925115875762063,4.985023175152406,31311.225287002962,30484.337772443043,0.6264145927860482,trailing_stop,83,0.6264145927860482,408.7470734869082,418.1404410730092
CRM,2020-01-07,170.89421397342392,2020-02-26,173.81163172391524,8237,165.05242446811542,2.9208947526542515,5.841789505308498,24030.77001079704,23178.967395494346,0.49940480529814285,trailing_stop,50,0.49940480529814285,422.2966921497279,429.505923152967
EHC,2020-01-14,56.6591140203936,2020-02-26,57.29245324316888,25493,54.52685989462331,1.0661270628851467,2.132254125770295,16145.71680621013,15274.226614935129,0.2970280207789386,trailing_stop,43,0.2970280207789386,433.32323811656823,438.1669531584312
TXNM,2020-01-28,44.07774933498877,2020-02-26,43.80935183322392,32956,42.90745045847582,0.5851494382564765,1.1702988765129518,-8845.308068162467,-9714.230259992351,-0.22934098899981445,trailing_stop,29,-0.22934098899981445,435.78789212516705,433.1342997047182
TXRH,2020-01-28,57.134408228871166,2020-02-26,60.17445385865446,25424,54.86177469877546,1.1363167650478498,2.2726335300957032,77290.12009161044,76395.38193869648,1.3376752518718993,trailing_stop,29,1.3376752518718993,435.77555844324615,458.9625944707293
POR,2020-01-29,47.14226051325624,2020-02-26,47.08671492929617,15574,46.15910197504636,0.49157926910494043,0.983158538209878,-865.066924594103,-1305.3235436567963,-0.056497077329160886,trailing_stop,28,-0.056497077329160886,220.25806957003581,219.99854949265756
MDLZ,2020-01-31,50.022093233225476,2020-02-26,48.94026601816716,29775,48.64343579151606,0.6893287208547081,1.3786574417094144,-32211.40532836143,-33095.3866023745,-0.7846961705853105,stop_loss,26,-0.7846961705853105,446.8223478057865,437.1589262072781
JKHY,2020-02-06,153.3238737673238,2020-02-26,152.30457358911622,9842,148.08008110856343,2.6218963293801734,5.243792658760356,-10031.952353918929,-10934.350907583554,-0.1943822428800107,trailing_stop,20,-0.1943822428800107,452.70406968540016,449.6944839792245
PNW,2020-02-24,78.9332482814732,2020-02-26,75.30609613626716,19361,76.98215456267499,0.9755468593991043,1.9510937187982051,-70225.29268333413,-71121.1610675157,-1.8590353247819478,stop_loss,2,-1.8590353247819478,458.4679859932807,437.4003981882805
UTHR,2020-02-25,116.53641816711425,2020-02-26,104.33556243896484,12776,110.2443181491894,3.146050008962429,6.292100017924852,-155878.13278283682,-156724.6909101038,-1.9390752997237437,stop_loss,1,-1.9390752997237437,446.6607835509155,399.8973437160645
GILD,2020-02-25,58.204381488643456,2020-02-26,56.189364069209574,25581,55.463448897871665,1.3704662953858944,2.7409325907717914,-51546.16060653813,-52424.05252807276,-0.7351575978986383,stop_loss,1,-0.7351575978986383,446.67788485829647,431.21403667633507
SO,2019-02-21,37.31668583947365,2020-02-27,51.754875522683456,32895,36.21517761574901,0.5507541118623172,1.101508223724636,474944.2496291866,474065.2469258841,13.107654915538046,trailing_stop,371,13.107654915538046,368.2597142068457,510.7429890956016
ACM,2019-10-15,37.885949656981644,2020-02-28,42.8835178365534,35483,36.21818481333124,0.8338824218252011,1.667764843650403,177328.7117157447,176468.92881122278,2.996566451558652,trailing_stop,136,2.996566451558652,403.29214550360393,456.4907590183273
HPQ,2020-02-26,18.829907229531905,2020-02-28,16.777115645422988,77318,18.092756740618224,0.3685752444568405,0.7371504889136808,-158717.73970013324,-159543.658838527,-2.7847659534677396,stop_loss,2,-2.7847659534677396,436.76723015188435,389.15190824184435
DGX,2020-01-28,96.90055687841767,2020-03-02,94.36934795901458,14991,94.43881025765397,1.2308733103818539,2.461746620763705,-37945.35291077186,-38805.551053797244,-1.028216672688209,stop_loss,34,-1.028216672688209,435.79087444930775,424.40726857607626
DPZ,2020-02-21,339.30208393472765,2020-03-02,314.76385437346937,4526,321.0087028394558,9.146690547635936,18.293381095271855,-111060.02699425496,-111948.11772528983,-1.341372020484528,stop_loss,10,-1.341372020484528,460.7043695665732,427.3863614682967
REGN,2020-02-26,440.82310698578215,2020-03-02,440.9132748624854,3302,415.55167815456355,12.635714415609286,25.2714288312186,297.73432887421836,-575.7137309846755,0.0035679769951071803,stop_loss,5,0.0035679769951071803,436.6793697801158,436.7686900787781
DGX,2020-03-05,104.56389152882905,2020-03-09,96.18650695976564,13861,99.9167633679034,2.3235640804628246,4.6471281609256465,-116118.92751178792,-116953.70789382304,-1.8027014274111917,stop_loss,4,-1.8027014274111917,434.80803014432985,399.97235189079345
SMG,2020-03-05,96.88100396951214,2020-03-09,84.50873349627655,14960,91.30765655306007,2.7866737082260324,5.573347416452066,-185089.1662796044,-185903.24342135087,-2.2198993798078437,stop_loss,4,-2.2198993798078437,434.8019458151705,379.27519593128915
NEE,2020-03-05,59.6828101755932,2020-03-09,54.7068887744373,12142,56.935626967535626,1.373591604028787,2.747183208057571,-60417.63765283486,-60834.313570230246,-1.811281237655125,stop_loss,4,-1.811281237655125,217.40060434561576,199.27531304976532
EMB,2020-03-05,86.5880501352901,2020-03-09,81.98769441077724,16738,85.65638526856293,0.4658324333635867,0.931664866727175,-77000.75411689635,-77847.24036055998,-4.937779547997076,stop_loss,4,-4.937779547997076,434.7932349493457,411.6930087142768
TYL,2019-08-02,248.24799999999996,2020-03-10,309.54015609741214,5530,237.6669412198513,5.290529390074319,10.581058780148652,338945.62321868935,338020.2526677237,5.792629770888683,trailing_stop,221,5.792629770888683,411.84343199999995,513.5271189656067
DOCU,2019-09-11,59.55949999999999,2020-03-10,79.92,22671,54.760825393304266,2.399337303347864,4.798674606695727,461592.8955000002,460644.25357665017,4.242942409887602,trailing_stop,181,4.242942409887602,405.0820273499999,543.559896
CPB,2020-03-05,42.097117149329634,2020-03-10,40.58601243122725,34429,40.25526685585436,0.9209251467376394,1.8418502934752752,-52025.82433954687,-52879.83358004556,-0.8204275469376879,stop_loss,5,-0.8204275469376879,434.808493900281,419.2007465984169
TLT,2020-02-26,124.82089680893529,2020-03-11,137.63447239870544,5831,122.36955283209842,1.225671988418434,2.451343976836867,74715.95926394976,74256.84608659484,5.227163429876686,trailing_stop,14,5.227163429876686,218.3491947878705,240.76398256705542
IEF,2020-02-26,99.08678549775327,2020-03-12,103.25222936307253,14693,98.26027670773213,0.4132543950105694,0.826508790021137,61202.86671313591,60310.976569530874,5.0398058866533475,trailing_stop,15,5.0398058866533475,436.76464179554665,455.1255018094874
GEN,2020-06-01,19.677586921148045,2020-06-03,18.317389645297094,72579,18.071347053206676,0.8031199339706845,1.606239867941369,-98721.75808398613,-99549.04930525094,-0.8468207663119718,stop_loss,2,-0.8468207663119718,428.4538743450012,398.8373469198054
ECL,2020-05-29,198.44902397923747,2020-06-12,195.42905481312013,3583,185.99406962828778,6.227477175474841,12.454954350949691,-10820.54952219841,-11243.929069092315,-0.2424713155120526,trailing_stop,14,-0.2424713155120526,213.31285587528237,210.06669101862283
CRL,2020-06-04,188.44825450134275,2020-06-12,178.91090634155273,3792,175.8420937954236,6.303080352959566,12.606160705919137,-36165.62422192373,-36583.53200329861,-0.7565624762590736,stop_loss,8,-0.7565624762590736,214.37873432072752,203.5290470541504
KHC,2020-06-08,24.808085261950975,2020-06-12,24.18786898541818,56938,23.442782234774807,0.6826515135880841,1.365303027176168,-35313.87435322423,-36150.79384610524,-0.45427005154714734,trailing_stop,4,-0.45427005154714734,423.7568275934894,413.16266528752215
TYL,2020-05-29,372.7223561096191,2020-06-15,336.70296853637694,3815,347.6039418922336,12.559207108692764,25.11841421738552,-137413.96359191887,-138225.90087597622,-1.4339833423206956,stop_loss,17,-1.4339833423206956,426.58073656745904,385.3565474898834
VRSK,2020-06-01,165.06139377508143,2020-06-15,153.46683734985248,4326,155.02640252058882,5.017495627246307,10.03499125449261,-50158.05109554041,-50571.43703389435,-1.155412708510147,stop_loss,14,-1.155412708510147,214.21667684130068,199.16926151263854
VRT,2020-06-09,14.629941054459975,2020-06-23,13.686302902729677,97564,13.297355141619187,0.6662929564203937,1.3325859128407878,-92065.11263541476,-92893.90644304652,-0.7081255644663564,stop_loss,14,-0.7081255644663564,428.2066707111998,400.5871369205755
NDSN,2020-05-29,171.0136851783411,2020-06-29,170.70011161109505,4157,158.3832030676968,6.31524105532215,12.630482110644294,-1303.5253190417818,-1729.6765950178876,-0.02482672985077707,trailing_stop,31,-0.02482672985077707,213.2711667859092,212.88010919019663
LULU,2020-06-01,300.0697590026855,2020-06-29,289.81987536621097,2379,278.55070063911035,10.759529181787576,21.51905836357514,-24384.473171172885,-24805.477403221965,-0.47631654988325534,trailing_stop,28,-0.47631654988325534,214.15978700021662,206.84444504886477
THO,2020-06-09,96.92192405537855,2020-07-07,90.95760878378974,7363,86.98759291495759,4.967165570210481,9.934331140420966,-43915.25334470846,-44330.26044479689,-0.6003741155074965,trailing_stop,28,-0.6003741155074965,214.0908380459257,200.91626204251315
WING,2020-06-22,119.78346616966542,2020-07-14,117.17676993655233,11960,109.38440072492442,5.199532722370501,10.399065444740998,-31176.086948032484,-32026.300275181595,-0.25066639372207616,trailing_stop,22,-0.25066639372207616,429.7830766167595,420.43025053234976
AXON,2020-06-03,97.57748336029051,2020-07-20,90.909,14685,86.5697966339272,5.503843363181658,11.007686726363318,-97926.67814586611,-98757.05534830988,-0.6058024293441734,trailing_stop,47,-0.6058024293441734,429.8776029437599,400.4995995
EBAY,2020-06-05,44.745218868705855,2020-07-24,49.89770209906814,31607,42.279667127396934,1.2327758706544611,2.4655517413089214,162854.53746206078,161957.12382115226,2.089789130779675,trailing_stop,49,2.089789130779675,424.2786398349558,473.135001073574
INCY,2020-06-22,104.9448363342285,2020-07-27,100.04985152435303,13652,97.78086542754235,3.581985453343072,7.163970906686146,-66826.33262441988,-67665.90886801349,-0.6832781530850397,trailing_stop,35,-0.6832781530850397,429.81207169046627,409.76417190314027
KNX,2020-06-19,40.29270086879018,2020-07-29,41.00141131210327,35411,37.55489460109072,1.3689031338497282,2.7378062676994546,25096.145508159992,24232.533766228706,0.2588606986821662,trailing_stop,40,0.2588606986821662,428.04144913941866,435.5702927918667
NBIX,2020-06-22,127.12699999999998,2020-07-29,121.70817182922363,11270,117.39414579774436,4.8664271011278135,9.732854202255623,-61070.19348464948,-61911.50520060408,-0.5567563284283574,trailing_stop,37,-0.5567563284283574,429.8163869999999,411.4953289546051
XBI,2020-06-23,112.40710519078735,2020-07-30,108.48442593185497,12866,105.49396081490062,3.4565721879433675,6.913144375886731,-50469.191345423955,-51321.78847725113,-0.5674233092273911,trailing_stop,37,-0.5674233092273911,433.86894461540095,418.72818721177384
BMRN,2020-05-27,103.25315152740477,2020-08-03,120.22964847564697,13765,94.10252244020906,4.575314543597857,9.15062908719571,233681.48049255388,232758.6082699413,1.855227305846881,trailing_stop,68,1.855227305846881,426.3838892324179,496.48833338018414
TSCO,2020-05-28,22.035760589511533,2020-08-03,26.202335030899967,64594,20.5992445188013,0.7182580353551158,1.4365160707102334,269135.7094670445,268200.942002493,2.9004718612917584,trailing_stop,67,2.9004718612917584,427.01337585567234,507.7540886957857
DT,2020-06-17,40.53049168014526,2020-08-10,37.4625,35053,35.88704858883471,2.3217215456552758,4.6434430913105516,-107542.31236413187,-108362.47886534111,-0.6607148229912647,trailing_stop,54,-0.6607148229912647,426.2145974592395,393.95190375
YETI,2020-06-24,42.36231969451904,2020-08-11,48.021929695129394,17093,38.19894477558918,2.0816874594649257,4.163374918929854,96739.71374043282,96276.23234798764,1.3593803370620037,trailing_stop,48,1.3593803370620037,217.22973916152418,246.251653283654
REGN,2020-06-01,600.6439761738172,2020-08-12,594.3907905282686,1188,551.5152632010779,24.564356486369643,49.12871297273932,-7428.784546911836,-7854.694937764459,-0.12728169062801356,trailing_stop,72,-0.12728169062801356,214.06951310834847,211.8408777442749
SAM,2020-07-27,831.6808255615233,2020-08-12,803.2159995117188,1784,773.3637437005553,29.158540930484,58.31708186096796,-50781.249672851256,-51656.24645363046,-0.4881044308366915,stop_loss,16,-0.4881044308366915,445.11557784052735,429.8812029386719
VCIT,2020-06-16,76.93447833527063,2020-08-14,77.44913445717125,18409,75.95473517833908,0.48987157846577184,0.9797431569315478,9474.304548068674,8621.690169699854,0.5252969803968597,trailing_stop,59,0.5252969803968597,424.8860435021991,427.72833486661966
BLDR,2020-08-14,31.121090152740475,2020-08-21,28.071900381088255,49049,28.219271414404442,1.450909369168016,2.9018187383360328,-149559.70910976973,-150430.71620757785,-1.0507857473553612,stop_loss,7,-1.0507857473553612,457.93750527053027,413.06959253759936
PINS,2020-08-03,34.63459847259521,2020-08-25,33.126839847564696,43627,31.399125678823076,1.617736396886066,3.235472793772132,-65778.98553420613,-66665.85401508422,-0.4660087477579019,trailing_stop,22,-0.4660087477579019,453.30108826917336,433.5673926089115
WSM,2020-06-01,37.08828677490234,2020-08-28,41.35461560322007,19253,33.562455664396374,1.7629155552529838,3.525831110505969,82139.62893160117,81686.55057175538,1.2100207566962822,trailing_stop,88,1.2100207566962822,214.21823558315845,238.8601242626388
TER,2020-06-22,81.12746472363017,2020-08-28,83.40583583674274,17660,74.65635002489938,3.235557349365391,6.471114698730787,40236.033857567985,39364.33643119913,0.3520832529145927,trailing_stop,67,0.3520832529145927,429.81330810579266,441.88411826306304
ABT,2020-08-28,102.32993149778417,2020-09-02,95.74825415219776,15061,97.85937131985135,2.235280088966412,4.470560177932825,-99126.64250187698,-100021.61916809929,-1.4722265406635828,stop_loss,5,-1.4722265406635828,462.35732948643823,432.61933673587515
POOL,2020-05-29,237.59095640130172,2020-09-04,286.12239397310805,2992,219.9717033017369,8.809626549782404,17.619253099564816,145206.06121484452,144735.97611154846,2.754454873742918,trailing_stop,98,2.754454873742918,213.26164246580842,256.8234608302618
AAPL,2020-08-03,104.86702480388041,2020-09-04,116.34826231155728,7204,99.48019374791194,2.6934155279842384,5.386831055968472,82710.83500530414,82232.74452679025,2.1313528099152,trailing_stop,32,2.1313528099152,226.63861400614633,251.45186450773758
FSLR,2020-08-10,73.00293030548094,2020-09-04,72.4275,20882,66.92299469911597,3.0399678031824857,6.07993560636497,-12016.135639053193,-12927.199112744907,-0.09464414473050384,trailing_stop,25,-0.09464414473050384,457.334157191716,453.7293165
MGK,2020-08-25,36.63756246298278,2020-09-04,36.9056601879056,20874,35.51176334790773,0.5628995575375243,1.125799115075047,5596.271910039047,5135.729541154654,0.2381399321893704,trailing_stop,10,0.2381399321893704,229.43174365569072,231.11062522870247
MSFT,2020-08-28,217.6253448474966,2020-09-04,204.74044624426904,3541,207.81482246913814,4.905261189179223,9.810522378358456,-45625.425954028775,-46074.10513390556,-1.3133753847451615,stop_loss,7,-1.3133753847451615,231.1834038314956,217.495776045287
WMT,2020-09-02,46.79433927064282,2020-09-04,44.46847443309554,34160,44.7718940217909,1.011222624425961,2.0224452488519233,-79451.54285061528,-80386.80416545119,-1.150026107687021,stop_loss,2,-1.150026107687021,479.54838884554766,455.71292599036303
DOCU,2020-06-01,142.49235610961912,2020-09-08,205.84395304870606,10022,129.10025980871032,6.696048150454399,13.392096300908804,634909.7045235293,633862.3965764139,4.730521310154245,trailing_stop,99,4.730521310154245,428.4175178791809,618.8904292362396
TTD,2020-06-04,35.13610274124145,2020-09-08,41.658300762176516,20341,31.377253638457486,1.8794245513919836,3.758849102783966,132668.02994384014,132199.40745534122,1.7351582472689429,trailing_stop,96,1.7351582472689429,214.4110397578777,254.21144874102976
KNSL,2020-08-03,195.15724463958784,2020-09-08,185.48609059857495,3871,182.53687965561292,6.310182491987456,12.620364983974923,-37437.03729276093,-37879.07839797301,-0.7663133398513535,trailing_stop,36,-0.7663133398513535,226.63610819995338,215.40499701212505
BR,2020-08-12,128.72962486626005,2020-09-08,121.19201848922873,11583,123.62624321080841,2.5516908277258215,5.103381655451642,-87308.09466515383,-88176.54738364981,-1.4769826922466875,stop_loss,27,-1.4769826922466875,447.32257344776707,421.1301450482209
SNPS,2020-08-21,213.82361061096188,2020-09-08,202.74704695129395,7119,202.84622528479605,5.488692663082909,10.97738532616583,-78854.05669317597,-79743.72664653168,-1.0090347865685003,trailing_stop,18,-1.0090347865685003,456.66308518183126,433.00686817387844
VEEV,2020-06-01,216.896672668457,2020-09-09,269.2305,3292,198.98424704676793,8.95621281084453,17.912425621689067,172282.95957543957,171802.86037971222,2.9216493866791082,trailing_stop,100,2.9216493866791082,214.20715392736813,265.8920418
DG,2020-06-01,175.3307165630865,2020-09-09,177.20145141420304,8145,165.43603591939345,4.947340321846523,9.89468064369305,15237.135362344201,14375.723009891695,0.1890647023872326,trailing_stop,100,0.1890647023872326,428.4206059219019,432.9917465306051
ISRG,2020-07-20,215.3618141479492,2020-09-09,234.21888528442383,6969,203.1981653247486,6.0818244116002935,12.163648823200589,131414.92875009179,130474.99038178852,1.5502807924302464,trailing_stop,51,1.5502807924302464,450.2569448391173,489.6814234641449
WSO,2020-07-24,194.32995017463367,2020-09-09,198.16963766752815,7743,184.65787393939823,4.836038117617714,9.672076235235437,29730.70025748199,28818.96296488343,0.3969868929389201,trailing_stop,47,0.3969868929389201,451.4090412606565,460.3282513379011
MEDP,2020-07-29,123.12299999999999,2020-09-09,117.74214060974121,12029,112.38946278769903,5.366768606150479,10.73353721230096,-64726.35760542283,-65595.5676383412,-0.5013127810366325,trailing_stop,42,-0.5013127810366325,444.31397009999995,424.8960628183731
CSGP,2020-07-30,82.28219694519042,2020-09-09,79.67624070739745,18280,76.0568197280937,3.1126886085483636,6.225377217096721,-47636.880026855426,-48525.06009894222,-0.4186021419932984,trailing_stop,41,-0.4186021419932984,451.23556804742424,436.94450403936764
HALO,2020-07-01,27.39737084007263,2020-09-11,27.072900381088257,52739,25.12905315697906,1.1341588415467831,2.268317683093567,-17112.2475363768,-17974.05982655664,-0.14304453974976478,trailing_stop,72,-0.14304453974976478,433.4729822203771,428.3393079594641
PWR,2020-08-12,50.003321353284676,2020-09-22,48.58913435043919,14910,47.05907880201897,1.4721212756328514,2.9442425512657024,-21085.52821242622,-21526.532266788974,-0.48032286002983743,trailing_stop,41,-0.48032286002983743,223.66485641324235,217.3391979495145
CAT,2020-09-10,136.9400328417436,2020-09-22,130.37296102690223,5421,130.20582085239693,3.367105994673345,6.734211989346676,-35600.096308255066,-36034.82743018364,-0.9751804405965068,stop_loss,12,-0.9751804405965068,222.70557541052764,212.02554651805107
SHW,2020-09-11,223.6042262537593,2020-09-22,216.50360737447969,6610,214.3051172289354,4.649554512411948,9.299109024823906,-46935.09079203821,-47807.82462612301,-0.7635805602799748,stop_loss,11,-0.7635805602799748,443.4071806612046,429.3266534235932
DAR,2020-09-15,35.89586061096191,2020-09-22,33.40655862808227,41372,33.735425943705756,1.080217333628077,2.1604346672561547,-102987.4016356964,-103847.55554232372,-1.152222754340986,stop_loss,7,-1.152222754340986,445.5250635590149,414.62884306830597
CHRW,2020-09-16,92.46285050748482,2020-09-22,90.22924505641497,16030,88.64289053480887,1.909979986337974,3.819959972675946,-35804.695380649675,-36683.261668216466,-0.58471959576717,stop_loss,6,-0.58471959576717,444.6538480904944,433.91243947629965
TTC,2020-09-17,78.03104876625632,2020-09-22,75.05296718389879,19049,75.05554730788826,1.4877507291840257,2.9755014583680577,-56729.476062328635,-57604.305288278985,-1.0008671224079622,stop_loss,5,-1.0008671224079622,445.924034384525,428.9051915658263
KTOS,2020-09-17,21.35132992362976,2020-09-22,19.15083007621765,69619,19.879603056482303,0.7358634335737287,1.4717268671474564,-153196.5988769835,-154042.51484009234,-1.4951822220091557,stop_loss,5,-1.4951822220091557,445.93747138595404,399.97849172285896
NWSA,2020-09-21,14.69831881330761,2020-09-22,13.955482574265663,100521,13.924672675630925,0.3868230688383424,0.7736461376766854,-74670.64158473561,-75534.73421551968,-0.9601757222917675,stop_loss,1,-0.9601757222917675,443.24691162974824,420.8457191543275
STE,2020-09-21,165.87273005867053,2020-09-23,161.56340666597677,8907,158.91179665859121,3.4804667000396576,6.960933400079313,-38383.14345872328,-39258.08555966521,-0.6190726365295574,stop_loss,2,-0.6190726365295574,443.2285219897736,431.7135789521566
PGR,2020-07-15,72.38448240922227,2020-09-24,77.95956302525535,20489,68.32889649397961,2.0277929576213287,4.055585915242659,114227.8267419017,113303.70699782959,1.374667121482865,trailing_stop,71,1.374667121482865,444.9256980247665,479.19404604733705
RH,2020-09-11,388.63824999999997,2020-09-24,352.6370002441406,3803,354.935172345479,16.851538827260487,33.703077654520996,-136912.75282153315,-137758.4737545367,-1.0681887904984868,stop_loss,13,-1.0681887904984868,443.39737942499994,402.32355357854004
KBH,2020-09-23,36.552003005309096,2020-09-25,33.74304181201466,39681,33.629364085897144,1.4613194597059755,2.922638919411952,-111462.38911111653,-112299.20241313538,-0.9611044233475178,stop_loss,2,-0.9611044233475178,435.1260093761011,401.6872926427661
VMC,2020-10-09,146.30648855345643,2020-10-16,140.34069040135392,10206,137.5439499868799,4.381269283288262,8.762538566576524,-60886.9359403582,-61764.59227288204,-0.6808298881397463,stop_loss,7,-0.6808298881397463,447.96120665297286,429.69512587086547
LAD,2020-10-06,273.7098460437918,2020-10-21,254.23316424408023,5377,250.8149932411796,11.447426401306096,22.894852802612206,-104726.11803704912,-105577.74290694449,-0.8507013330738411,stop_loss,15,-0.8507013330738411,441.5213526532406,410.1035172421258
TWLO,2020-10-05,290.28999999999996,2020-10-22,300.699,5034,264.54934017536226,12.870329912318862,25.740659824637703,52398.90600000024,51506.39441220024,0.40437968843506733,trailing_stop,17,0.40437968843506733,438.395958,454.1156298
DDOG,2020-10-01,101.53143030548095,2020-10-23,99.51039060974121,14249,90.67581133818818,5.427809483646386,10.85561896729277,-28797.794624595626,-29657.188096461927,-0.18617452416384528,trailing_stop,22,-0.18617452416384528,434.0164051268395,425.37706673946076
LEN,2020-10-01,73.40547195490792,2020-10-23,68.48025437538273,19709,68.28438390703641,2.560544023935752,5.12108804787151,-97071.11327486209,-97910.04100893521,-0.9617521771710752,stop_loss,22,-0.9617521771710752,434.0245340277841,404.9032000453255
DG,2020-09-21,190.0177481699421,2020-10-27,195.08408245368548,7775,182.32503457863066,3.8463567956557214,7.6927135913114455,39390.74905610472,38492.49903617511,0.6585887052217253,trailing_stop,36,0.6585887052217253,443.21639760639,455.03362232322144
BLD,2020-10-02,173.17299999999997,2020-10-27,171.27854695129395,4203,160.20857532321392,6.482212338393031,12.964424676786052,-7962.386163711429,-8396.705119262315,-0.14612704350068167,trailing_stop,25,-0.14612704350068167,218.35383569999993,215.96511985088657
URI,2020-10-06,191.10028516060052,2020-10-27,175.76700116294305,3851,177.20158538089822,6.949349889851142,13.898699779702298,-59048.476674978934,-59472.31845086852,-1.1032171527332542,stop_loss,21,-1.1032171527332542,220.7781594460418,203.06361644354809
SWK,2020-10-12,147.6623665986957,2020-10-28,136.2663612281721,5110,139.98553813930587,3.838414229694925,7.676828459389839,-58233.58744337572,-58668.85018313431,-1.484467893324451,stop_loss,16,-1.484467893324451,226.36640799580053,208.8963317627878
CMI,2020-07-29,172.3118704308797,2020-10-29,187.05125893867952,8595,163.19371803915226,4.559076195863727,9.118152391727449,126685.04422453942,125758.42639546,1.6164885027774158,trailing_stop,92,1.6164885027774158,444.3061579060233,482.31167117338515
FDX,2020-09-15,212.33174050434837,2020-10-29,234.6502172034676,6994,200.6322666927893,5.849736905779531,11.699473811559074,156095.4260336399,155157.56848997736,1.9076479043928103,trailing_stop,44,1.9076479043928103,445.5144579262238,492.3430857363157
NKE,2020-09-24,116.85022367951768,2020-10-29,112.77994497846235,12256,110.95031007270498,2.949956803406354,5.899913606812703,-49885.33576013412,-50729.63996425578,-0.6898878479093877,trailing_stop,35,-0.6898878479093877,429.6349024248506,414.6693016968104
WHR,2020-10-06,148.18999730684902,2020-10-29,143.62628369737143,9932,140.1806598280324,4.004668739408319,8.009337478816633,-45326.80356933141,-46196.29936021158,-0.56979914025946,trailing_stop,23,-0.56979914025946,441.5469159754874,427.9488749046879
STE,2020-10-07,174.19733148816255,2020-10-29,169.45261516172698,8383,165.95748034257488,4.119925572793826,8.239851145587664,-39774.95696450934,-40639.20221533915,-0.5758254903641433,trailing_stop,22,-0.5758254903641433,438.08886895958,426.1563818702272
ROL,2020-10-16,37.065468083299606,2020-10-29,38.230242087006786,41161,35.5913758389681,0.7370461221657533,1.4740922443315085,47943.26276659123,47013.488748695236,0.7901635791017932,stop_loss,13,0.7901635791017932,457.6955195330085,472.0784983629859
CCK,2020-10-21,83.09076625584505,2020-10-29,80.69017638921596,18147,78.83201653042808,2.1293748627084854,4.258749725416976,-43563.504309718104,-44455.144139572076,-0.563684184656812,trailing_stop,8,-0.563684184656812,452.3544405734461,439.28538928053064
FSLR,2020-10-29,91.24115152740478,2020-11-02,88.911,15893,82.35468335255007,4.443234087427358,8.886468174854713,-37033.098225044174,-37892.045668311686,-0.26221345550960423,stop_loss,4,-0.26221345550960423,435.0286863675132,423.9187569
GNRC,2020-10-29,219.11889389038083,2020-11-02,212.1576251220703,6617,204.7062234758726,7.206335207254108,14.412670414508227,-46062.71543991079,-46918.842457802406,-0.48299645853991846,stop_loss,4,-0.48299645853991846,434.972916261795,421.15410162982175
BG,2020-10-29,49.98345028736142,2020-11-05,47.94162273766347,29011,47.10801158763716,1.4377193498621326,2.8754386997242634,-59235.4590442872,-60087.7303323459,-0.7100925329737502,stop_loss,7,-0.7100925329737502,435.0209628859926,417.2503251727065
PEN,2020-10-30,260.7905287780761,2020-11-09,255.7340154876709,5656,241.39034842879767,9.700090174639229,19.400180349278457,-28599.63917053201,-29476.07801724213,-0.26064259194339395,stop_loss,10,-0.26064259194339395,442.50936923063955,433.92947747947994
CUBE,2020-10-02,25.784122440626337,2020-11-10,24.591212150705033,56468,24.651798839067517,0.5661618007794091,1.13232360155882,-67361.2582512762,-68214.63656938719,-1.0535065137555,stop_loss,39,-1.0535065137555,436.79334779318634,416.58497031780354
AGCO,2020-11-04,72.19268016379809,2020-11-10,75.39855917572564,10312,67.9551679237585,2.1187561200197935,4.237512240039592,33059.02437099689,32602.436112976146,0.7565474340429508,trailing_stop,6,0.7565474340429508,223.33527535472578,233.25298266602485
DHR,2020-10-01,187.8419379470693,2020-11-11,196.93447365824886,7702,180.36514261061498,3.7383976682271673,7.47679533645433,70030.7100475049,69141.64567084964,1.2161006556976912,trailing_stop,41,1.2161006556976912,434.0275818204983,455.0367948347498
DECK,2020-10-02,38.33162447738647,2020-11-11,42.14947398376465,37983,35.8243530999583,1.2536356887140838,2.507271377428168,145013.37780076245,144096.30373190748,1.522710920225292,trailing_stop,40,1.522710920225292,436.78502775737104,480.2890410975998
TTD,2020-11-09,80.07999999999998,2020-11-11,72.57735152435303,19115,72.54097336444087,3.7695133177795555,7.539026635559111,-143413.12561199145,-144288.53919430784,-0.9951746874403419,stop_loss,2,-0.9951746874403419,459.21876,416.19482231640245
WLK,2020-11-04,67.50337009463959,2020-11-13,66.61802810150296,11028,62.77521828086704,2.3640759068862773,4.728151813772556,-9763.551500310807,-10207.278734102925,-0.18724906221448653,trailing_stop,9,-0.18724906221448653,223.3281496211056,220.39908417101242
SF,2020-11-11,28.27357352577717,2020-11-13,27.105059716103494,26357,26.510972827261874,0.8813003492576483,1.7626006985152962,-30798.51848156909,-31236.402872475966,-0.6629486818301836,stop_loss,2,-0.6629486818301836,223.56197322567263,214.32241768120193
ALGN,2020-10-23,451.79133633422845,2020-11-18,448.61093756103514,3316,417.3171479941033,17.237094170062566,34.474188340125124,-10546.202331908995,-11441.922513980002,-0.09225449318241324,trailing_stop,26,-0.09225449318241324,449.44202138529045,446.2781606857178
MCK,2020-11-11,178.21735156916407,2020-11-18,170.80480983394546,8363,168.14413899505286,5.036606287055598,10.07321257411121,-61991.08653163324,-62866.7482323775,-0.7358667039618829,stop_loss,7,-0.7358667039618829,447.12951335187574,428.53218739238565
UNH,2020-11-05,326.65279828198345,2020-11-20,304.9962899361292,4595,309.004288433955,8.82425492401421,17.648509848028425,-99511.65584920034,-100382.384117309,-1.2271012415404343,stop_loss,15,-1.2271012415404343,450.29088243171424,420.437385676954
UTHR,2020-10-29,133.48335610961914,2020-12-01,132.81704695129395,10863,126.4827625112285,3.5002967991953193,7.000593598390637,-7238.116386886552,-8105.962770421762,-0.09517895146468275,trailing_stop,33,-0.09517895146468275,435.00890922563786,432.83747430957186
GM,2020-11-11,39.78356005485476,2020-12-14,40.8579835374659,37464,37.091253873888974,1.3461530904828929,2.6923061809657867,40252.20135254368,39345.85491580087,0.39907180327674313,trailing_stop,33,0.39907180327674313,447.13538816852366,459.2110485742867
KNSL,2020-11-18,232.30199172020605,2020-12-23,219.93488998535727,6573,215.20957410654776,8.546208806829146,17.092417613658284,-81288.95970316099,-82180.72561019618,-0.7235431531327912,stop_loss,35,-0.7235431531327912,458.0762974730743,433.689609562126
NUE,2020-11-17,49.00638250248423,2020-12-24,48.378422809799446,15710,45.78996531141536,1.6082085955344354,3.216417191068871,-9865.24677207794,-10324.221359514733,-0.1952357717862157,trailing_stop,37,-0.1952357717862157,230.96708073420817,228.00750670258478
BBWI,2020-11-20,28.813274818863295,2020-12-30,27.308881098537135,53254,26.296713261154704,1.2582807788542962,2.5165615577085916,-80114.98318224931,-81011.6019696169,-0.5977973062959595,trailing_stop,40,-0.5977973062959595,460.32664116112386,436.292146206449
FSLR,2020-12-23,107.4773727493286,2020-12-30,98.14175786590576,15138,98.66930314471274,4.404034802307926,8.808069604615852,-141322.53810525488,-142256.3368250309,-1.0598934048534907,stop_loss,7,-1.0598934048534907,488.09774060380084,445.7009791722244
MSM,2020-11-04,58.521917247113805,2021-01-05,66.30005180026572,12721,55.435992658205734,1.542962294454037,3.085924588908071,98945.64965064552,98469.29157017,2.520519970290053,trailing_stop,62,2.520519970290053,223.33719279016043,253.02088768535404
CL,2020-11-04,73.25997672203165,2021-01-07,71.8504481761093,20324,70.54220464427151,1.3588860388800712,2.717772077760145,-28647.258167325966,-29532.025450014913,-0.5186338315330772,trailing_stop,64,-0.5186338315330772,446.6807300695714,438.0865526193736
AA,2020-12-02,20.56669603406351,2021-01-21,19.90736249444502,38104,18.894542948330574,0.8360765428664678,1.672153085732937,-25123.245193622963,-25585.91225147405,-0.3943021397048057,trailing_stop,50,-0.3943021397048057,235.10201570458682,227.56504214649993
HON,2020-11-10,167.34441468931078,2021-01-22,171.87415274927778,4494,157.38192842260503,4.981243133352879,9.962486266705753,20356.642841491706,19899.308368871003,0.454679478465653,trailing_stop,73,0.454679478465653,225.6137398841288,231.7207327365763
DIS,2020-12-14,169.97108273860053,2021-01-27,161.0522952405593,9371,160.60747337362955,4.6818046824854935,9.363609364970984,-83577.95764414447,-84508.56366665728,-0.9524946151006887,trailing_stop,44,-0.9524946151006887,477.8397049030276,452.7663176097844
ZION,2021-01-07,40.94636425090935,2021-01-27,37.071887282159146,20502,38.372712372485445,1.2868259392119503,2.5736518784239024,-79434.52681331662,-79914.38587119592,-1.5054394113017806,stop_loss,20,-1.5054394113017806,251.84470796164302,228.01434991764808
CROX,2020-10-28,54.17411893081665,2021-01-28,67.16277335357665,27505,49.89226192993159,2.140928500442528,4.281857000885054,357252.939898014,356251.72853132937,3.0334162070511157,trailing_stop,92,3.0334162070511157,447.01774235763355,554.1936243270378
DLB,2020-10-30,67.5792201053848,2021-01-28,80.71322380632704,21827,64.60404933261381,1.4875853863855006,2.975170772770994,286675.89878046606,285704.86502848775,4.414537753982294,trailing_stop,90,4.414537753982294,442.51549117207026,528.51826080621
GRMN,2020-11-03,99.07929186356213,2021-01-28,104.56153908297729,14925,94.66249369299072,2.208399085285703,4.416798170571411,81822.53974977123,80910.7379292081,1.2412265645151512,trailing_stop,86,1.2412265645151512,443.62752931909944,468.17429124403077
TKR,2020-11-04,57.4678182158625,2021-01-28,70.1590969476189,12954,54.19972731002462,1.6340454529189412,3.26809090583788,164402.8246911725,163906.84097346416,3.883392199735211,trailing_stop,85,3.883392199735211,223.33143515048482,272.6522825578366
MTN,2020-11-10,220.98119008750245,2021-01-28,218.8997035804228,6807,205.1619228490745,7.90963361921398,15.819267238427955,-14168.678653691246,-15066.959426650516,-0.1315791986890101,trailing_stop,79,-0.1315791986890101,451.2656882776887,447.01508468158136
PANW,2020-11-18,48.38166539382934,2021-01-28,56.61000127029419,31562,45.52024187411643,1.430711759856455,2.8614235197129076,259702.7369329837,258708.6128380078,2.875609227287829,trailing_stop,71,2.875609227287829,458.10663694801246,536.0174580279075
FIVE,2020-12-30,170.7706061096191,2021-01-28,178.00181268310547,9428,160.36632018073422,5.202142964442447,10.404285928884889,68175.81557482941,67189.34766551606,0.6950218999086454,trailing_stop,29,0.6950218999086454,483.0075823204467,503.46032699289555
INDA,2020-12-30,37.366164111231186,2021-01-28,37.31939922052994,43089,36.496475685096854,0.4348442130671664,0.8696884261343314,-2015.0523754260514,-2980.490246946728,-0.053772005348067246,trailing_stop,29,-0.053772005348067246,483.0211936166521,482.41667790402437
TPR,2021-01-05,28.561777828301057,2021-01-28,27.15823858220145,56777,26.61327311775218,0.9742523552744394,1.9485047105488782,-79688.74777579747,-80637.83238731921,-0.7203160651863361,trailing_stop,23,-0.7203160651863361,486.49561792723483,462.5889935944955
FOXA,2021-01-27,32.98684720254885,2021-01-28,32.026655288026745,51360,30.78729475227969,1.099776225134581,2.199552450269163,-49315.45672985537,-50317.184776230155,-0.4365396762439585,trailing_stop,1,-0.4365396762439585,508.26134169687265,493.466704677916
FOX,2021-01-27,30.995448189758847,2021-01-28,29.836027948192505,27330,29.051581767097247,0.9719332113308001,1.9438664226615998,-31686.9552020081,-32185.71247486316,-0.5964505729662373,trailing_stop,1,-0.5964505729662373,254.13167970783283,244.62559314723035
M,2021-01-28,14.762145611306048,2021-01-29,13.985224619717526,108976,12.834561554414142,0.9637920284459531,1.9275840568919058,-84665.74197935077,-85605.57400483958,-0.40305427346252937,trailing_stop,1,-0.40305427346252937,482.6158740413064,457.21615144750115
PSKY,2021-01-28,48.75992731449029,2021-01-29,45.05721914880426,16496,44.85246409583142,1.9537316093294357,3.9074632186588687,-61079.8739011568,-61544.15619557435,-0.9475989813557062,stop_loss,1,-0.9475989813557062,241.30312829394956,222.97916612360254
SJM,2021-01-28,105.24697653170679,2021-01-29,98.0630167501619,15285,100.27645770489151,2.485259413407638,4.97051882681528,-109806.82526091357,-110739.10323510757,-1.4453138659868645,stop_loss,1,-1.4453138659868645,482.6100108861415,449.6679633078674
PNFP,2021-01-21,68.65685515010497,2021-02-01,64.42726545726997,12758,64.69606976327593,1.9803926934145224,3.960785386829045,-53961.10530118901,-54470.47146440168,-1.067866415307385,stop_loss,11,-1.067866415307385,262.7772474015118,246.5889158111551
STX,2021-01-28,59.42766360014235,2021-02-01,55.58940749165706,27070,55.52349133541826,1.9520861323620484,3.904172264724096,-103901.59285669679,-104835.64649103329,-0.9831164836566286,stop_loss,4,-0.9831164836566286,482.6120560967561,451.44157823974706
WBD,2021-01-28,43.62358183288574,2021-02-01,41.00894923782349,18438,40.284088829514815,1.669746501685463,3.339493003370926,-48208.59578775784,-48676.73217012236,-0.7829429773989678,stop_loss,4,-0.7829429773989678,241.2994805504242,226.83690181409685
MMM,2021-01-28,127.54701592462914,2021-02-01,121.0789358898593,12612,122.44748323877778,2.5497663429256763,5.099532685851358,-81575.42539851723,-82516.12654980253,-1.2683672079827069,stop_loss,4,-1.2683672079827069,482.58688945242676,458.11426183287165
SNA,2021-01-28,164.17028852108334,2021-02-01,157.69601955098133,9799,155.98906459586442,4.090611962609459,8.181223925218916,-63441.36163802952,-64387.552023868964,-0.7913570181284045,stop_loss,4,-0.7913570181284045,482.6113971654287,463.57898867401985
AYI,2021-01-28,128.06293324030858,2021-02-01,119.92683554268137,6281,119.19894398869701,4.431994625805786,8.86398925161157,-51102.82963879649,-51570.11676011427,-0.9178821709590831,stop_loss,4,-0.9178821709590831,241.30898510471349,225.97813621307452
HPE,2021-01-28,11.239331366302592,2021-02-01,10.643189345294156,71566,10.582879503407925,0.32822593144733314,0.6564518628946665,-42663.49987548975,-43133.31321866359,-0.9081275485756257,stop_loss,4,-0.9081275485756257,241.3061965682434,228.50714660559646
NTAP,2021-01-28,60.849397070983336,2021-02-03,57.707759961370755,26437,57.82541514250851,1.5119909642374123,3.023981928474825,-83055.46026682781,-83995.74893496711,-1.0389073691313682,stop_loss,6,-1.0389073691313682,482.60265310967594,457.68601502962764
QLYS,2021-01-28,144.7746348876953,2021-02-04,126.09378121948242,11111,133.14451109211797,5.8150618977886674,11.630123795577333,-207562.96510751327,-208465.85079892332,-1.6062471901904236,stop_loss,7,-1.6062471901904236,482.57729047115475,420.3084009389008
ILMN,2021-01-28,422.11428903198237,2021-02-17,477.0225,3811,397.30713321428635,12.40357790884801,24.807155817696014,209255.19199911514,208227.20890821487,2.21340210750195,trailing_stop,20,2.21340210750195,482.6032666502655,545.37982425
XBI,2021-02-03,161.9189533675254,2021-02-17,158.3470701362237,10019,152.4927972606037,4.713078053460854,9.426156106921695,-35786.69809441185,-36749.32168125707,-0.3789331717813215,trailing_stop,14,-0.3789331717813215,486.6797981367711,475.9437887084476
MOS,2021-02-17,26.723538676192547,2021-02-19,25.292483399277153,64881,24.623739018950527,1.0498998286210095,2.09979965724202,-92848.2974215477,-93860.75288003126,-0.6815199116638645,stop_loss,2,-0.6815199116638645,520.1549738550146,492.30048462855035
TECH,2021-02-03,92.60132824252618,2021-02-23,92.70196879966164,17520,86.28996410974318,3.155682066391498,6.311364132782998,1763.2225610133185,789.2684317595792,0.015945927856183748,trailing_stop,20,0.015945927856183748,486.7125812427176,487.2415480110216
ABT,2021-01-29,109.1767045919678,2021-02-24,109.45696978393386,14582,104.26986235648005,2.4534211177438774,4.906842235487758,4086.827029248969,3130.3921573241496,0.05711722091635427,trailing_stop,26,0.05711722091635427,477.6044119080223,478.83046001679713
WAT,2021-02-03,289.9496636657714,2021-02-24,279.61012463378904,5595,276.009050976147,6.970306344812201,13.940612689624402,-57849.72088394143,-58805.72698860224,-0.7416846922142672,stop_loss,21,-0.7416846922142672,486.6805104629973,469.3255941978149
PANW,2021-02-03,64.64791921234131,2021-02-24,62.4375,25096,60.825618743923876,1.9111502342087163,3.8223004684174313,-55472.680552917445,-56429.48125708332,-0.5782955135540403,stop_loss,21,-0.5782955135540403,486.7212541658753,470.07945
NOW,2021-02-03,116.71659847259521,2021-02-24,108.99089847564697,6950,109.15379085735724,3.7814038076189886,7.562807615237972,-53693.61497879025,-54164.215109927325,-1.0215386123775065,stop_loss,21,-1.0215386123775065,243.35410781536103,227.24602332172392
GNRC,2021-02-17,350.34999999999997,2021-02-24,337.96168780517576,4948,325.25146811799266,12.54926594100364,25.098531882007308,-61297.36873999019,-62319.09860936819,-0.49358712505830554,stop_loss,7,-0.49358712505830554,520.05954,501.67032937800286
KHC,2021-02-19,30.03564197538569,2021-02-24,28.823024719950496,56207,28.526066314770954,0.7547878303073688,1.5095756606147361,-68157.57807624598,-69150.05879992941,-0.8032835233587347,stop_loss,5,-0.8032835233587347,506.4639985531511,486.01672513027734
PTC,2021-01-29,137.80766816711423,2021-02-26,135.05481243896483,11552,129.0098511882492,4.39890848943252,8.79781697886503,-31800.989371581854,-32746.62158437028,-0.31290213637798747,trailing_stop,28,-0.31290213637798747,477.58625479995106,468.04595798847646
NXST,2021-02-24,121.58020330370269,2021-02-26,111.12927974743099,13829,113.7505490704653,3.914827116618698,7.829654233237392,-144525.8218596814,-145491.26369201564,-1.334787366714976,stop_loss,2,-1.334787366714976,504.39978944607134,461.0420428881669
PFG,2021-02-23,49.121714685135785,2021-03-01,48.1965199056621,34312,46.5661367420327,1.2777889715515456,2.5555779431030885,-31745.28327330108,-32747.03825288492,-0.36202956829024563,stop_loss,6,-0.36202956829024563,505.63928228291365,496.11569730092344
BCO,2021-02-24,76.79282916505387,2021-03-01,74.28534729428185,21894,71.78219898156176,2.5053150917460534,5.010630183492111,-54898.80807868273,-55891.119757302935,-0.5004324364294752,stop_loss,5,-0.5004324364294752,504.3906605219069,487.921018098302
FLG,2021-02-24,31.1453420234327,2021-03-01,30.787070443233382,53983,29.694817037806047,0.7252624928133274,1.4505249856266538,-19340.57471389979,-20343.5639405562,-0.2469944218468861,trailing_stop,5,-0.2469944218468861,504.39569953529025,498.5935271211203
MTB,2021-02-24,136.25315029717996,2021-03-01,131.44374840366672,6169,128.8876536555051,3.6827483208374354,7.365496641674866,-29669.200281083176,-30164.626931508836,-0.6529636937584175,stop_loss,5,-0.6529636937584175,252.16370525499093,243.262945170666
CUBE,2021-02-26,30.245605842617802,2021-03-02,28.89698489952292,27528,28.96622042029903,0.6396927111593865,1.2793854223187715,-37124.83732151593,-37613.26049290083,-1.0541162339106755,trailing_stop,4,-1.0541162339106755,249.78031129067483,238.6428600942201
PINS,2020-09-23,40.580540916442864,2021-03-05,69.93,35742,36.58288835770971,1.9988262793665743,3.997652558733151,1049008.3665644994,1047823.4062384687,7.341673307611789,trailing_stop,163,7.341673307611789,435.1289080306502,749.831418
WDC,2021-02-01,42.93409589743081,2021-03-05,50.84054695229448,36606,39.34273419217113,1.795680852629841,3.591361705259679,289423.5473143396,288393.73294149246,2.2015190069227475,trailing_stop,32,2.2015190069227475,471.49365432640565,558.3207185207075
EXR,2021-02-24,103.32732021449313,2021-03-05,100.1521919893273,16272,98.44525519221622,2.4410325111384523,4.882065022276905,-51665.68647989824,-52658.992066672414,-0.6503658207495565,trailing_stop,9,-0.6503658207495565,504.40264635906965,488.9029404151002
IVZ,2021-03-02,19.799677999424045,2021-03-05,19.012475000754097,86852,18.485724109010373,0.6569769452068356,1.3139538904136714,-68370.15484048227,-69381.42877419372,-0.5991100634605319,stop_loss,3,-0.5991100634605319,515.8924900817931,495.38144362964846
LSCC,2021-03-02,51.251200763702386,2021-03-05,43.226730457305905,33553,46.98166027021968,2.134770246741354,4.269540493482708,-269245.0521905211,-270196.05759839865,-1.879469305571766,stop_loss,3,-1.879469305571766,515.8894617673518,435.11594611019547
SBUX,2021-03-01,96.35580740646122,2021-03-08,92.79846266979618,17327,91.92957198371104,2.2131177113750913,4.426235422750182,-61638.11225219522,-62621.355063478615,-0.803695329530108,stop_loss,7,-0.803695329530108,500.8671224795261,482.37568880386755
EPAM,2020-06-22,252.55230305480956,2021-03-09,349.9297187805176,5672,234.84922585456516,8.8515386001222,17.703077200244394,552324.701996216,551299.518587861,5.500592615862496,trailing_stop,260,5.500592615862496,429.74299887806393,595.4404094769288
DVN,2021-03-08,19.78824921037551,2021-03-11,18.559957487672218,41215,17.914562722302897,0.936843244036307,1.8736864880726145,-50624.04335121623,-51098.19975293423,-0.6555481562802896,stop_loss,3,-0.6555481562802896,244.671807361688,229.48459435632313
CELH,2020-11-13,10.707363384246825,2021-03-12,15.171480774879456,139193,9.307206011683817,0.7000786862815042,1.400157372563008,621373.8919543277,620293.2457678154,3.1882968858429104,trailing_stop,119,3.1882968858429104,447.1170094630405,633.5291770493388
ORCL,2021-03-08,65.64470913846829,2021-03-12,62.250407926308704,24848,62.655547872953306,1.4945806327574909,2.98916126551498,-84341.59651974132,-85294.977880389,-1.1355363296448993,stop_loss,4,-1.1355363296448993,489.341919801798,464.0394408458756
NOV,2021-03-08,15.87702983320252,2021-03-17,13.754609405787525,51368,14.444999523036572,0.7160151550829741,1.432030310165949,-109024.4925154535,-109481.12792878202,-1.482105799261359,stop_loss,9,-1.482105799261359,244.67138054158414,211.96403278694805
EEFT,2021-03-08,164.69452877807615,2021-03-17,154.7151251220703,9904,153.6540382333733,5.520245272351422,11.040490544702834,-98836.01380908187,-99785.04377274998,-0.9038913276180383,stop_loss,9,-0.9038913276180383,489.3403839054199,459.68957976269525
XOM,2021-03-05,49.1168317394315,2021-03-19,46.462490387866765,32679,46.19450388107973,1.4611639291758833,2.922327858351764,-86741.22102778386,-87678.25202812326,-0.9082969058310313,trailing_stop,14,-0.9082969058310313,481.52668332386463,455.5043170155294
FANG,2021-03-08,70.0161716419665,2021-03-19,60.71760166732486,11648,62.86377411148948,3.57619876523851,7.1523975304770175,-108309.74306462579,-108766.57916207777,-1.3000633612742558,stop_loss,11,-1.3000633612742558,244.6645101856877,212.17158726629998
WTFC,2021-02-26,70.11404781532073,2021-03-23,71.43803338929145,11875,65.76871921756448,2.172664298878122,4.34532859775625,15722.32869090226,15218.04940161083,0.30469170378837834,trailing_stop,25,0.30469170378837834,249.7812953420801,254.4979939493508
SSB,2021-03-09,75.35544171768697,2021-03-23,71.48846462205279,10936,69.75873524626468,2.798353235711149,5.596706471422294,-42289.26151785543,-42771.02700577485,-0.6909379856491681,trailing_stop,14,-0.6909379856491681,247.2261331873874,234.53935473203083
OZK,2021-01-26,31.066334984351908,2021-03-24,34.26524678556981,27637,28.925900038900064,1.0702174727259213,2.140434945451844,88408.3254502591,87866.6547726465,1.4945148452258203,trailing_stop,57,1.4945148452258203,257.5740899887601,284.0965876238378
ANF,2021-03-09,32.49245908355712,2021-03-24,32.19776954269409,50727,29.56826983611534,1.4620946237208905,2.924189247441781,-14948.716339359053,-15933.178707616205,-0.10077649424394844,trailing_stop,15,-0.10077649424394844,494.47349157948065,489.9888766776729
DY,2021-03-12,96.85676213836669,2021-03-24,87.62228908538819,17131,86.77594715589929,5.040407491233703,10.080814982467402,-158195.75787057471,-159143.85105852893,-0.9160442949344014,stop_loss,12,-0.9160442949344014,497.7759576577079,450.3172302965355
EXP,2021-03-12,129.27499294549955,2021-03-24,121.64096795927193,6417,121.26325831503466,4.005867315232445,8.011734630464886,-48987.53833662261,-49470.576652960386,-0.952855447458155,stop_loss,12,-0.952855447458155,248.8672889193812,234.17102741839437
OLN,2021-03-17,32.31399749299196,2021-03-24,32.13292255663847,51290,29.825801164697108,1.2440981641474262,2.488196328294851,-9287.333485570482,-10278.978244374144,-0.07277357268571301,trailing_stop,7,-0.07277357268571301,497.21547942466725,494.4292793789961
AGCO,2021-03-19,122.95182025429878,2021-03-24,115.14700720055573,6696,115.97087392528421,3.490473164507288,6.9809463290145715,-52261.02820786344,-52739.32113245475,-1.1180164817059655,stop_loss,5,-1.1180164817059655,246.9856165268354,231.30730806447636
BURL,2021-03-05,287.07679855346674,2021-03-25,287.04265658569335,5591,267.9215471705128,9.577625691476978,19.155251382953963,-190.88774182104498,-1153.8583039259581,-0.001782381608616026,trailing_stop,20,-0.001782381608616026,481.5139142137297,481.45664789118337
ELV,2021-03-25,337.15016591105405,2021-04-07,327.4658482393874,4660,320.46241619619076,8.343874857431633,16.687749714863287,-45128.92034996651,-46058.05353774883,-0.580324959154984,trailing_stop,13,-0.580324959154984,471.3359319436535,457.7972558386636
FCN,2021-03-24,138.3782454986572,2021-04-30,139.38048426818847,11328,132.68041941949073,2.8489130395832385,5.697826079166475,11353.360781250116,10409.425514010467,0.17589844891823653,trailing_stop,37,0.17589844891823653,470.26462950263664,473.6706377370117
HIG,2021-03-19,61.43663121608967,2021-05-12,58.3881526558505,26804,57.887749049444174,1.774441083322749,3.548882166645498,-81711.41932865085,-82674.95438072189,-0.858996838184876,stop_loss,54,-0.858996838184876,494.02423893482035,469.510813136225
RH,2021-03-29,578.758172668457,2021-05-12,644.7945624389648,2799,522.1285257716063,28.314823448425322,56.62964689685066,184835.8549676515,183808.4377359818,1.1661098627507132,trailing_stop,44,1.1661098627507132,485.9832375897033,541.4339940799988
MIDD,2021-03-02,160.2901348876953,2021-05-13,168.63120304870606,10728,149.80372587684565,5.2432045054248295,10.486409010849655,89482.97923132336,88424.37879730885,0.7954170157182265,trailing_stop,72,0.7954170157182265,515.8777701225587,542.7226638919556
ITT,2021-03-02,81.08116243100028,2021-05-13,88.47690618958052,10604,76.91802076615309,2.0815708324235906,4.163141664847188,78424.46681598485,77885.06868808906,1.7764814061045662,trailing_stop,72,1.7764814061045662,257.9353939254981,281.4627339702935
BX,2021-03-12,61.88354415109627,2021-05-13,71.39423137496365,26813,58.67719450170448,1.603174824695896,3.2063496493917896,255010.05653355623,253937.98343500216,2.966204021346038,trailing_stop,62,2.966204021346038,497.78504079700326,574.2880577570701
SNX,2021-03-23,103.41302036549807,2021-05-13,108.606400861566,15665,96.92663933733917,3.243190514079454,6.4863810281589025,81354.30547090415,80357.92020084755,0.8006591770545467,trailing_stop,51,0.8006591770545467,485.98948920765815,510.3957808489294
RSP,2021-04-05,132.93203433923117,2021-05-13,134.5895668430143,6176,129.35083801153039,1.790598163850395,3.5811963277007806,10236.920743364615,9741.256720694151,0.4628432378761286,trailing_stop,38,0.4628432378761286,246.29647322372753,249.3675494467369
ALLE,2021-04-07,122.53465560652756,2021-05-13,127.01308621509042,13551,116.97639224111981,2.779131682703878,5.558263365407754,60687.21317663532,59672.7267418079,0.8057247946246466,trailing_stop,36,0.8057247946246466,498.14013543721654,516.346299390207
WDC,2021-05-18,58.174606142680375,2021-05-20,54.9532077907703,15232,53.54120868293501,2.3166987298726847,4.6333974597453675,-49068.339696294264,-49585.28855484456,-0.6952562088397031,stop_loss,2,-0.6952562088397031,265.8346802295922,251.11417832070393
DE,2020-08-11,178.67874017541638,2021-05-21,334.70686696312407,4234,170.27354673659488,4.202596719410746,8.405193438821499,660623.0888191544,659970.986420967,18.563299931569993,trailing_stop,283,18.563299931569993,226.95773577081388,425.1446624165602
HOG,2021-05-18,46.54332329082677,2021-05-21,43.83026204289197,38079,43.33650502558093,1.6034091326229203,3.2068182652458432,-103310.65926010937,-104343.05998688618,-0.8460289993161844,stop_loss,3,-0.8460289993161844,531.6969622774178,500.703764499385
STX,2021-05-17,83.93037351731583,2021-05-24,82.0057760104887,20988,78.45392906543412,2.7382222259408526,5.476444451881704,-40393.452473287725,-41438.25284517459,-0.35143194160690067,trailing_stop,7,-0.35143194160690067,528.4592038144274,516.3411680724411
HRB,2021-05-24,21.73888951589029,2021-05-25,20.841841312364636,79806,20.819980109102627,0.459454703393832,0.9189094067876624,-71589.82893056827,-72609.28827191218,-0.9762096207737909,stop_loss,1,-0.9762096207737909,520.4681450115422,498.9911963323716
NEM,2021-05-18,63.64312453194833,2021-06-09,60.64852043249412,27848,60.572591260066226,1.535266635941054,3.0705332718821055,-83393.73496160096,-84432.1170802919,-0.9752716659600469,trailing_stop,22,-0.9752716659600469,531.7001195897092,506.6819991012288
KBR,2021-03-26,33.86085541604639,2021-06-10,37.62646356019717,46947,31.77083624949775,1.0450095832743205,2.0900191665486396,176784.00554344678,175777.17099425345,1.8017098620053003,trailing_stop,76,1.8017098620053003,476.8996737651389,529.9348754281731
TSN,2021-03-05,62.07726068691797,2021-06-11,66.50942425238804,25856,59.042745822636164,1.517257432140902,3.034514864281803,114598.02114879432,113600.5999510571,1.4605839034237402,trailing_stop,98,1.4605839034237402,481.52089569628527,515.9003020409235
MTZ,2021-05-12,118.36824999999999,2021-06-17,108.61128121948242,14830,110.49851688792745,3.9348665560362712,7.869733112072538,-144695.84701507553,-145705.678949471,-1.2398093609489655,stop_loss,36,-1.2398093609489655,526.6203442499999,483.21159014547726
TKO,2021-06-10,60.13158181362338,2021-06-17,55.47367257126603,29315,56.259412956988385,1.9360844283174956,3.8721688566349926,-136546.60943970567,-137563.2998493936,-1.2029199693541215,stop_loss,7,-1.2029199693541215,528.8271962599108,487.8632134279991
PWR,2020-10-06,56.57223950111012,2021-06-18,84.80744647637266,26018,53.32220766599038,1.6250159175598669,3.250031835119735,734623.6150823808,733520.0900814523,8.6876708929906,trailing_stop,255,8.6876708929906,441.56895820196496,661.9560427266791
EVR,2020-10-22,74.01167108289339,2021-06-18,117.29350586593932,20282,69.63155751446902,2.1900567842121794,4.380113568424363,877842.1730697377,876678.1575900748,9.881441224505853,trailing_stop,239,9.881441224505853,450.33141387097317,713.6840657918945
IP,2021-05-18,48.17168773873527,2021-06-18,44.928849924721185,18396,46.16180791401562,1.0049399123598277,2.009879824719654,-59655.24442660316,-60169.047673860245,-1.6134486122653684,stop_loss,31,-1.6134486122653684,265.84991029253223,247.95333696455126
NUE,2021-03-29,73.82726448567708,2021-06-21,87.47489266484645,21943,69.18293411206824,2.3221651868044164,4.644330373608838,299469.9051355136,298408.0691652074,2.9385567092128717,trailing_stop,84,2.9385567092128717,485.99749938276364,575.8384709234177
VVV,2021-04-30,30.450789507118618,2021-06-21,31.93171253990965,57697,29.228048389917642,0.6113705586004882,1.2227411172009752,85444.81622294422,84365.03125676201,1.2111501052496476,trailing_stop,52,1.2111501052496476,527.0757606576669,552.70920552455
GEN,2021-05-13,22.69573622597389,2021-06-21,24.343301802673448,74742,21.544775394239462,0.5754804158672132,1.1509608317344266,123142.34633367846,122087.60879957731,1.4314697175374598,trailing_stop,39,1.4314697175374598,508.89741510052215,545.8401190006257
RTX,2021-05-28,79.26662978158565,2021-06-21,77.63165312270685,11019,76.2879258307126,1.4893519754365303,2.9787039508730544,-18015.807804185482,-18534.466457982206,-0.548888605864839,trailing_stop,24,-0.548888605864839,262.0316980689877,256.626955727732
CAR,2021-02-24,52.241584205654405,2021-07-08,69.25050691413861,32184,46.37758948852792,2.931997358563245,5.863994717126488,547415.1684498558,546242.1380116759,2.9005692414434896,trailing_stop,134,2.9005692414434896,504.40294382243445,668.6274943573911
FHI,2021-06-17,28.101423470894566,2021-07-09,27.50753427074126,61662,26.64095615084764,0.7302336600234636,1.4604673200469271,-36620.39585985317,-37649.08372553259,-0.4066432654817799,stop_loss,22,-0.4066432654817799,519.8369922186902,508.85087346073425
CHH,2021-05-17,113.33585244288967,2021-07-16,113.13492853898283,15543,107.8135561771592,2.761148132865237,5.522296265730475,-3122.960238424021,-4178.970843064395,-0.036384122516878906,trailing_stop,60,-0.036384122516878906,528.4737463559503,527.536858284423
NVDA,2021-06-18,18.7598088494078,2021-07-16,18.96802239792625,90231,17.73409152111337,0.5128586641472153,1.02571732829443,18787.31669636834,17766.05071398488,0.20299310811553686,trailing_stop,28,0.20299310811553686,507.8148936872746,513.4510886961851
AM,2021-06-09,7.345971058304993,2021-07-19,6.747882920425685,242266,6.906447557686134,0.21976175030942957,0.4395235006188596,-144896.42081146856,-145920.75929987192,-1.3607648670371122,stop_loss,40,-1.3607648670371122,533.9037073233952,490.43478107995463
MGK,2021-07-08,45.71224125474463,2021-07-20,45.55456927361605,18979,44.79791593776805,0.45716265848828896,0.9143253169765799,-2992.4565298393168,-3512.102368944644,-0.17244625977322525,trailing_stop,12,-0.17244625977322525,260.2717880321395,259.37405107318773
V,2021-07-16,241.0563425773374,2021-07-20,231.57680934805305,7139,234.36870892272097,3.343816827308217,6.687633654616434,-67674.38772386103,-68686.62614533963,-1.4174719667457698,stop_loss,4,-1.4174719667457698,516.2703688978836,495.9680525807252
GNRC,2021-06-17,369.3790197753906,2021-08-03,402.7168751220703,4691,347.85384997340134,10.762584900994625,21.52516980198925,156387.8794312745,155301.3088783853,1.5487847786268698,trailing_stop,47,1.5487847786268698,519.8270945299072,566.7434583592895
HLI,2021-06-11,72.51993271837753,2021-08-04,76.41927369413342,24235,69.66137770796247,1.4292775052075304,2.85855501041506,94500.52854744402,93417.66604722186,1.364095132522816,trailing_stop,54,1.364095132522816,527.2561708289638,555.606329393197
HCA,2021-07-21,241.40525350164262,2021-08-11,231.15121617018767,7153,230.4393901856302,5.48293165800621,10.965863316012417,-73347.12903189728,-74361.18796016606,-0.9350871003910789,stop_loss,21,-0.9350871003910789,518.031533489175,496.0273947796057
ZTS,2021-07-08,186.34253254496008,2021-08-12,187.82217675765844,9311,180.6814338792864,2.8305493328368367,5.661098665673677,13776.967264434435,12731.81298193943,0.26137050422213076,trailing_stop,35,0.26137050422213076,520.510596157837,524.6436863371674
SLM,2021-02-03,13.325697743013567,2021-08-16,16.67372860600127,121750,12.383314109950712,0.47119181653142783,0.942383633062855,407622.75756875274,406527.028521355,3.5527260295323866,trailing_stop,194,3.5527260295323866,486.72111006357056,609.0079373341964
TGT,2021-05-21,191.153597087073,2021-08-19,210.6542898484554,9026,183.41177413819617,3.8709114744384117,7.74182294887683,176013.2528642375,174925.23746799346,2.5188760954823337,trailing_stop,90,2.5188760954823337,517.6057101923763,570.4096860516476
AN,2021-07-21,116.2060863342285,2021-08-19,111.8180703048706,14860,108.85005988856933,3.678013222829585,7.356026445659168,-65205.91819625839,-66222.44988655549,-0.5965198822724859,trailing_stop,29,-0.5965198822724859,518.0467328779906,498.4849574191132
ADP,2021-08-11,194.14582259167074,2021-08-19,187.39008773547798,4656,189.2428178468201,2.451502372425319,4.903004744850648,-31454.70149043349,-31987.630849978454,-1.377876467137408,stop_loss,8,-1.377876467137408,271.1828849960457,261.7464745489156
STLD,2021-08-12,66.11303436734939,2021-08-20,62.693510454051555,27049,61.48962465261692,2.3117048573662333,4.6234097147324675,-92494.702330793,-93539.92880005523,-0.7396108336238377,stop_loss,8,-0.7396108336238377,536.4874399807301,508.73902928149215
TSN,2021-08-16,70.7288851278608,2021-08-25,68.08722501669757,25511,68.15652357214245,1.2861807778591774,2.5723615557183592,-67391.39109588524,-68453.79243165458,-1.0269396637851407,stop_loss,9,-1.0269396637851407,541.3093765490571,521.0919592202915
PAYX,2021-07-09,94.36804958012212,2021-08-27,98.11786917432894,18145,91.51997037404598,1.4240396030380655,2.848079206076136,68040.47653688287,66992.67943814302,1.3166135219157191,trailing_stop,49,1.3166135219157191,513.6924778893948,534.1046208504597
FR,2021-05-25,44.94128839623928,2021-09-13,47.486369963698365,38791,43.36661198595883,0.7873382051402225,1.5746764102804462,98726.2590833054,97650.6506946733,1.616256870835966,trailing_stop,111,1.616256870835966,522.9952554535554,552.613133178547
KR,2021-08-19,41.677280291075924,2021-09-13,38.624940497660724,42659,40.06300149436371,0.8071393983561069,1.6142787967122132,-130209.76324729902,-131237.44697828704,-1.8908380631845456,stop_loss,25,-1.8908380631845456,533.3733299811023,494.3104010069126
CSCO,2021-08-20,50.016962198460696,2021-09-13,50.71046561473776,35464,48.57637619837559,0.7202930000425511,1.440586000085105,24594.405154849675,23522.745904859494,0.48140369005119493,trailing_stop,24,0.48140369005119493,532.1404642218631,539.5187857683179
FTNT,2021-08-03,57.15109577178954,2021-09-14,59.540398475646974,30894,54.24323698100326,1.4539293953931443,2.9078587907862854,73815.1177329715,72733.59762598742,0.8216708154564012,trailing_stop,42,0.8216708154564012,529.6877858320998,551.8323211519913
CDW,2021-08-05,178.07748088999978,2021-09-15,180.61403348642415,5031,171.82636647671325,3.1255572066432586,6.25111441328653,12761.396112611013,12220.023009962677,0.40577606307013286,trailing_stop,41,0.40577606307013286,268.77234190727665,272.60076074105996
BRO,2021-08-19,54.69148094748249,2021-09-15,54.22469949188899,32508,53.18573572824927,0.7528726096166094,1.5057452192332192,-15174.131558433437,-16236.325716550362,-0.3100002906409362,trailing_stop,27,-0.3100002906409362,533.3731987922282,528.8209593246982
POOL,2021-06-22,427.7894623353957,2021-09-17,438.46508928435463,3963,409.00592519371185,9.391768570841908,18.783537141683837,42307.50959872432,41277.6195623036,0.5683501924282373,trailing_stop,87,0.5683501924282373,508.5988917705519,521.2911446501693
CUBE,2021-08-27,42.46485101165572,2021-09-17,42.56588073180155,21293,41.253173098983574,0.6058389563360704,1.211677912672144,2151.225831065189,1608.0580197611584,0.08338001302922825,trailing_stop,21,0.08338001302922825,271.26122177735556,271.90658952667513
PSA,2021-06-21,242.9809852101655,2021-09-20,253.00484513082404,6845,236.7646091920507,3.108188009057397,6.216376018114801,68613.3211569077,67594.81425430247,1.6124925344684036,trailing_stop,91,1.6124925344684036,498.9614531290749,519.5454494761472
UNG,2021-09-14,73.75368030548096,2021-09-20,70.76915634155273,24576,69.35664193084925,2.1985191873158554,4.397038374631705,-73347.66093750007,-74413.19890753132,-0.6787577704909633,trailing_stop,6,-0.6787577704909633,543.77113415625,521.766835875
BSY,2021-09-16,69.81288516564753,2021-09-20,64.48777074157209,26241,65.6625000910026,2.075192537322465,4.15038507464493,-139736.32760216354,-140793.58265566194,-1.2830410499996814,stop_loss,4,-1.2830410499996814,549.587975889527,507.667077608878
NDAQ,2021-06-18,55.75634899250847,2021-09-21,60.2448811295064,30359,54.05017853032295,0.8530852310927592,1.7061704621855185,136267.34714712022,135210.84274353794,2.63076418006226,trailing_stop,95,2.63076418006226,507.8120997190694,548.6923038632054
SNPS,2021-08-20,315.6553363342285,2021-09-21,323.03662536621096,5619,303.985519817516,5.834908258356256,11.669816516712501,41475.463070709535,40398.8200308711,0.6325111471471409,trailing_stop,32,0.6325111471471409,532.1002004586089,544.5428393798218
CELH,2021-09-17,32.43240152740478,2021-09-21,30.033270177841185,56594,29.275848879669642,1.5782763238675674,3.156552647735136,-135776.43959720197,-136836.99426454798,-0.760047943849439,stop_loss,4,-0.760047943849439,550.6437996125837,509.91086773342323
MUSA,2021-09-20,161.89493787081412,2021-09-22,157.425946864633,11144,154.48624633703466,3.7043457668897295,7.408691533779461,-49802.43577288232,-50869.98935472987,-0.6032092152581912,stop_loss,2,-0.6032092152581912,541.2471562897058,526.3064255578411
ADBE,2021-06-21,566.5559802246094,2021-09-23,631.6576880493164,2936,541.661471248293,12.4472544881582,24.894508976316388,191138.61417334003,190083.22757432435,2.615103109149177,trailing_stop,94,2.615103109149177,499.02250738183596,556.3640916338378
A,2021-06-18,141.43550323516644,2021-09-28,158.61090698866664,11968,136.96219481516073,2.236654210002856,4.473308420005708,205555.23212189047,204477.9454906228,3.8395304192949635,trailing_stop,102,3.8395304192949635,507.81003081554155,569.4766004521086
ZBRA,2020-11-04,320.74043344116205,2021-09-29,532.9665,4642,302.3330656458684,9.203683897646838,18.40736779529368,985153.4009661258,983964.5286906157,11.529408708457437,trailing_stop,329,11.529408708457437,446.6631276101623,742.2091479
EPAM,2021-05-21,476.5560665588378,2021-09-29,574.3350631713868,1810,453.99846015366734,11.278803202585232,22.557606405170475,176979.9838687136,176409.3499852701,4.33463528249774,trailing_stop,131,4.33463528249774,258.76994414144895,311.86393930206305
IT,2021-08-04,295.57527877807615,2021-09-29,306.07362487792966,6031,284.7037442117346,5.435767283170782,10.871534566341552,63315.5253282165,62226.96196683169,0.9656728804741658,trailing_stop,56,0.9656728804741658,534.7843518931732,553.7790094916381
ENTG,2021-09-15,126.11448807876953,2021-09-29,121.9982546501377,14386,120.01445376149609,3.0500171586367197,6.10003431727344,-59216.134104297504,-60286.93907936692,-0.6747885691357358,trailing_stop,14,-0.6747885691357358,544.2849076503535,526.5200674190643
KLAC,2021-09-16,348.41839660318226,2021-09-29,332.17472871786117,5257,330.783934295192,8.817231153995122,17.634462307990248,-85392.96207313296,-86466.32549107677,-0.9211320198836466,stop_loss,13,-0.9211320198836466,549.4906532828787,523.8727646609389
TMO,2021-09-20,585.9023031322744,2021-09-29,573.1987285272814,3079,563.0987580915587,11.401772520357852,22.803545040715676,-39114.30620877321,-40184.96783171714,-0.5570877064206781,stop_loss,9,-0.5570877064206781,541.1979574032819,529.4636655406498
RGEN,2021-09-20,301.63131655883785,2021-09-29,287.8218753662109,5981,287.88026148340316,6.875527537717341,13.751055075434692,-82594.26777310169,-83651.9236353728,-1.0042459372660462,stop_loss,9,-1.0042459372660462,541.2170713015228,516.4387909695922
CROX,2021-09-15,150.6505,2021-10-01,144.10575,12043,138.86272896703804,5.89388551648098,11.787771032961956,-78818.42424999992,-79883.34910562493,-0.5552152295543418,trailing_stop,16,-0.5552152295543418,544.28519145,520.639664175
PAG,2021-09-17,85.51670066855894,2021-10-01,90.54145204623492,21463,81.14756127439894,2.1845696970799997,4.369139394160001,107846.23881905962,106712.61797954435,1.150055176630964,trailing_stop,14,1.150055176630964,550.6334839347841,582.987355580502
DRI,2021-09-24,137.00558719862372,2021-10-01,130.383963075286,13374,130.09141262164968,3.457087288487011,6.914174576974034,-88557.60102551854,-89630.42137912751,-0.957688303877864,stop_loss,7,-0.957688303877864,549.693816958318,523.1265366506625
MRNA,2021-07-19,284.82454855346674,2021-10-04,308.57112487792966,6017,259.5303609371398,12.647093808163481,25.29418761632695,142883.1497442934,141812.01121418236,0.9388155367810638,trailing_stop,77,0.9388155367810638,514.1367925938628,557.0017375171509
PCTY,2021-09-22,284.5142409973144,2021-10-05,275.0746560974121,6256,269.9174822566692,7.298379370322612,14.596758740645214,-59054.0431337887,-60104.27957585608,-0.646690478867573,trailing_stop,13,-0.646690478867573,533.9763275037596,516.2601145636231
LAMR,2021-09-23,93.72541105077497,2021-10-28,88.96096374322785,19220,89.64595038906359,2.0397303308556927,4.07946066171138,-91572.67725105556,-92626.04688811778,-1.1679110800760548,stop_loss,35,-1.1679110800760548,540.4207201187685,512.9489169434518
CF,2021-10-04,55.61130132282483,2021-10-28,51.756768122252396,15681,52.247945052362205,1.6816781352313128,3.3633562704626243,-60442.93511817633,-60948.026727266806,-1.146037734516376,stop_loss,24,-1.146037734516376,261.61224481296483,243.47936427751196
JHG,2021-10-08,36.827110959334945,2021-10-29,36.02492597284625,47557,34.97543307797709,0.9258389406789309,1.8516778813578583,-38149.511402442986,-39188.89869855811,-0.43322059120803735,stop_loss,21,-0.43322059120803735,525.4160747679276,513.9712213471947
SLAB,2021-10-28,188.6384469451904,2021-10-29,185.77404670715333,9596,178.8241263653875,4.907160289901445,9.814320579802882,-27486.784684203663,-28564.64337093003,-0.29185924942494534,stop_loss,1,-0.29185924942494534,543.0523610658141,534.8063256605531
CAR,2021-09-24,102.71419713655378,2021-11-03,295.197373891603,17839,92.7886221279606,4.962787504296594,9.925575008593185,3433707.390133323,3431577.8867786517,19.39264743739326,trailing_stop,40,19.39264743739326,549.6955688156949,1579.807785855692
MOS,2021-10-05,34.092859996854855,2021-11-03,33.491703266523146,25307,31.880779354822238,1.1060403210163097,2.2120806420326176,-15213.473374504569,-15726.58213725646,-0.27176076627085516,trailing_stop,29,-0.27176076627085516,258.8364023821218,254.27236036977038
HLT,2021-10-28,146.52225218196094,2021-11-03,138.48185500750967,6177,139.81676624853085,3.3527429667150415,6.705485933430083,-49665.53334658551,-50193.67445761832,-1.1990774798834507,stop_loss,6,-1.1990774798834507,271.5203855183918,256.62072551441616
OVV,2021-10-05,31.830307551494048,2021-11-05,32.58719498372801,27106,29.43956783768303,1.1953698569055091,2.390739713811019,20516.190738133806,19992.360491017887,0.31659131601048596,trailing_stop,31,0.31659131601048596,258.8376949472393,264.9925521686795
SCI,2021-10-29,63.71819938478444,2021-11-09,61.175790310576815,28780,61.468058199408446,1.1250705926879963,2.2501411853759947,-73170.53315569548,-74248.86786272522,-1.1298886890881,stop_loss,11,-1.1298886890881,550.1429334882289,528.1917735415202
BEN,2021-11-03,29.968084532554954,2021-11-10,28.255020713124406,66855,28.239243546139207,0.8644204932078745,1.7288409864157472,-114526.8816480293,-115694.63335838927,-0.9908741364248262,stop_loss,7,-0.9908741364248262,601.0548874271884,566.6968229327796
RRC,2021-09-28,21.583501309511494,2021-11-11,22.11709763166691,83398,19.67936497944813,0.9520681650316807,1.9041363300633627,44500.86607511726,43407.503309968335,0.28023010418464017,trailing_stop,44,0.28023010418464017,540.0062526631918,553.3565124857271
LYV,2021-10-04,98.43833633422851,2021-11-11,115.14474213409424,8859,92.51421730331559,2.962059515456463,5.9241190309129195,148002.04898101054,147434.40923336527,2.8200658549717295,trailing_stop,38,2.8200658549717295,261.61956647547913,306.02018116978223
ON,2021-11-05,60.059999999999995,2021-11-11,57.862078170776364,16433,56.507879167379244,1.7760604163103775,3.5521208326207514,-36118.44941963193,-36699.793472806035,-0.618763249560406,stop_loss,6,-0.618763249560406,296.0897939999999,285.2542591741104
COP,2021-09-29,57.07506875321576,2021-11-12,60.65857073622342,30471,54.026829552575265,1.5241196003202473,3.048239200640495,109192.88892422634,108116.65040556152,1.1755973685577867,trailing_stop,44,1.1755973685577867,521.7403259937713,554.4981926710392
ROK,2021-11-03,316.77502364343377,2021-11-12,305.63160777653695,3162,304.7986977135555,5.9881629649391455,11.976325929878271,-35235.480971127734,-35825.89590169272,-0.9304536242702339,stop_loss,9,-0.9304536242702339,300.49278742816125,289.92214313682297
DT,2021-06-21,57.26720908355712,2021-11-18,67.57235939025878,29046,53.347892194276675,1.959658444640222,3.919316889280445,299323.39580845647,298235.56877668935,2.6293230677230603,trailing_stop,150,2.6293230677230603,499.01500651230003,588.812025254837
DASH,2021-11-15,247.76752427673338,2021-11-18,226.21356243896486,7986,226.9306316315398,10.418446322596791,20.836892645193586,-172129.93923641945,-173265.50312397294,-1.0344134418113606,stop_loss,3,-1.0344134418113606,593.6014346621978,541.9624528912719
MTDR,2021-09-30,35.32228869257511,2021-11-22,37.81968865353952,24735,32.21232648092956,1.5549811058227725,3.109962211645545,61773.18803445481,61230.43799155797,0.8030322528076602,trailing_stop,53,0.8030322528076602,262.10904324325355,280.64099965359003
MUR,2021-10-05,24.078549738758653,2021-11-22,22.617893504907045,35832,22.09000261317675,0.9942735627909505,1.9885471255819027,-52338.23417137084,-52840.202257662946,-0.7345343819418818,trailing_stop,48,-0.7345343819418818,258.83477827176006,243.13330802034875
FANG,2021-10-05,85.51832850563194,2021-11-22,83.51369470158357,10089,79.03836361151015,3.2399824470608936,6.479964894121792,-20224.75044904398,-20736.359673685256,-0.3093587444998109,trailing_stop,48,-0.3093587444998109,258.83832488799624,252.770899753283
ICE,2021-10-07,116.7518339971929,2021-11-22,125.90034523699669,14833,112.89287882425215,1.929477586470376,3.858955172940753,135699.8672200095,134620.0892876353,2.3707223405842446,trailing_stop,46,2.3707223405842446,519.5339861041086,560.2439462701116
ASB,2021-11-11,19.946978762630515,2021-11-22,19.731549392731537,98045,18.90855439351594,0.5192121845572873,1.0384243691145763,-21121.772571745252,-22288.856959642995,-0.20745792982753836,stop_loss,11,-0.20745792982753836,586.7104598346326,580.3739280631091
CNXC,2021-09-30,164.5085219201324,2021-11-24,160.05964540764975,10622,155.17499382414758,4.6667640479924115,9.333528095984832,-47255.96631559077,-48290.23523759748,-0.47665539405152774,trailing_stop,55,-0.47665539405152774,524.222855950694,510.04606605601674
CNH,2021-11-18,14.538067172662402,2021-11-24,13.45607098715818,135896,13.910332096018168,0.31386753832211656,0.6277350766442336,-147038.95362528175,-148180.24104509185,-1.7236509887075167,stop_loss,6,-1.7236509887075167,592.6995529488389,548.5878668612544
ARES,2021-11-18,77.87390868577734,2021-11-24,73.61095097087231,25370,74.57806592161103,1.6479213820831518,3.2958427641663093,-108151.23722714055,-109304.18849398731,-1.2934347964816677,stop_loss,6,-1.2934347964816677,592.6983190074513,560.2529478393091
INTU,2021-11-22,671.6311081347587,2021-11-24,640.7831724905717,2915,638.8981272051201,16.36649046481933,32.73298092963864,-89921.7324028052,-91069.43869121204,-0.9424114384967376,stop_loss,2,-0.9424114384967376,587.3414040638465,560.364884343005
AZO,2021-09-23,1694.0824046630858,2021-11-29,1826.2718756103516,1063,1631.346552518721,31.367926072182392,62.7358521443648,140517.40761694356,139394.76663696437,2.107080185076272,trailing_stop,67,2.107080185076272,540.2428788470581,582.3981011321412
WH,2021-10-04,74.22510225399809,2021-11-29,76.42728558837001,11749,70.7835232784378,1.7207894877801444,3.44157897556029,25873.451995535732,25342.447524107738,0.6398758680275258,trailing_stop,56,0.6398758680275258,261.62121791466706,269.3832535133278
SPG,2021-11-03,124.63490028265721,2021-11-29,128.2440352874136,16075,119.47113656724369,2.5818818577067595,5.163763715413523,58016.84520145884,56797.33653467218,0.6989349636551595,trailing_stop,26,0.6989349636551595,601.0518066131144,618.4568601735521
BMRN,2021-11-22,91.89180305480956,2021-11-29,88.07184365844726,21307,87.28384887149977,2.303977091654892,4.607954183309786,-81391.87485829138,-82542.22048444719,-0.8289924865569095,stop_loss,7,-0.8289924865569095,587.3815943066481,562.9640318491608
WRB,2021-11-24,33.68289376037828,2021-11-29,32.40067932747271,57543,32.453414212821514,0.6147397737783808,1.229479547556764,-73782.46511268515,-74923.25922654342,-1.0428920395248544,stop_loss,5,-1.0428920395248544,581.4644266960341,559.3296871622285
PFG,2021-11-24,62.38408324638334,2021-11-29,61.273070741262494,31069,59.8750385528612,1.2545223467610727,2.509044693522142,-34518.0475215996,-35670.61875677225,-0.4428029950958075,stop_loss,5,-0.4428029950958075,581.4633247145653,571.1079104580853
WCC,2021-10-06,116.8428969740318,2021-11-30,124.80989874791773,7438,110.11524581297094,3.363825580530434,6.727651161060862,59258.559194163514,58719.335145789555,1.1842174308915319,trailing_stop,55,1.1842174308915319,260.7232403078546,278.5008080661036
PFE,2021-11-29,43.490773588453564,2021-11-30,41.16875901775235,43437,41.34748999786369,1.0716417952949382,2.143283590589874,-100861.34690754862,-101964.55374289335,-1.083391195125116,stop_loss,1,-1.083391195125116,566.7326197084973,536.4742156362327
NFLX,2021-10-06,62.88081879425048,2021-12-01,64.88305004882812,27642,59.59985139989952,1.6404836971754797,3.2809673943509594,55345.67633903525,54286.18168026714,0.6102563707353531,trailing_stop,56,0.6102563707353531,521.4454779332016,538.0491808349121
SAIA,2021-10-29,314.6343273315429,2021-12-01,340.1095621948242,5828,297.0541629366216,8.79008219746066,17.580164394921326,148469.66878320335,147324.91456675544,1.4490896837483922,trailing_stop,33,1.4490896837483922,550.1066579064696,594.6475585414306
DLTR,2021-11-24,146.4162742767334,2021-12-01,135.7640939025879,13237,137.74497252847632,4.335650874128529,8.671301748257065,-141002.911612564,-142123.4780726409,-1.2284407443538214,stop_loss,7,-1.2284407443538214,581.433666780336,539.1327932965668
CHH,2021-09-30,125.05418093036451,2021-12-02,133.3834283073859,13973,120.60910415624502,2.2225383870597435,4.445076774119485,116384.57359912006,115301.22898495634,1.8738140644761583,trailing_stop,63,1.8738140644761583,524.2146210419949,559.129993121731
ANET,2021-11-03,30.720064298629758,2021-12-02,30.32464454269409,65218,28.97756264586015,0.8712508263848047,1.742501652769608,-25788.485642612297,-26982.84978897633,-0.22692647396182902,trailing_stop,29,-0.22692647396182902,601.0503460284107,593.3138003356271
VRSK,2021-11-22,223.09121862488652,2021-12-02,213.7431652310025,8776,215.84743024369325,3.6218941905966284,7.243788381193269,-82038.51658472612,-83188.61415054191,-1.2904923366002736,stop_loss,10,-1.2904923366002736,587.3545603956012,562.7430054201834
COST,2021-11-30,524.367652969571,2021-12-02,492.4622695264133,3644,507.08153697045043,8.643057999560314,17.286115999120625,-116263.21726686682,-117374.81573813943,-1.8457230904143433,stop_loss,2,-1.8457230904143433,573.2387182263351,538.359753046275
POOL,2021-11-12,520.7533385250119,2021-12-06,513.9556697880896,3778,497.58387747451104,11.584730525250453,23.1694610505009,-25681.592488092574,-26854.331678114646,-0.2933891609349875,trailing_stop,24,-0.2933891609349875,590.2218338842486,582.5173561378208
PANW,2021-08-25,73.4066692123413,2021-12-07,86.13378121948242,24508,69.48407319156686,1.9612980103872197,3.922596020774435,311916.0610710145,310743.05586325953,3.244563533878366,trailing_stop,104,3.244563533878366,539.7151947168181,633.2900130381225
LRCX,2021-12-02,65.09258098209658,2021-12-07,64.54869312407989,28749,61.517818531573774,1.7873812252614023,3.5747624505228046,-15636.23203012178,-16754.349126905323,-0.15214657352606623,stop_loss,5,-0.15214657352606623,561.4039831962883,556.7131135872518
TLT,2021-12-02,130.8199696797048,2021-12-09,127.49374448549467,14305,127.4575663256187,1.6812016770430496,3.362403354086098,-47581.65140317583,-48690.20470751578,-0.9892403866918559,stop_loss,7,-0.9892403866918559,561.4138998804531,547.1394044595003
DVN,2021-10-05,31.48925538438479,2021-12-20,29.630782047864443,27399,29.171933349437435,1.1586610174736782,2.317322034947356,-50920.310947321006,-51422.699319002866,-0.8019918287112683,trailing_stop,76,-0.8019918287112683,258.83223248302767,243.55613919883137
TREX,2021-11-10,131.13099999999997,2021-12-20,127.5523203048706,15243,123.23374168149049,3.9486291592547453,7.897258318509486,-54549.814592856936,-55732.74754827908,-0.45315469632564837,trailing_stop,40,-0.45315469632564837,599.6489498999999,583.2840055221428
TOL,2021-12-03,65.82131976327193,2021-12-20,64.35696620796247,28559,62.423487150721364,1.6989163062752843,3.397832612550566,-41820.47318608281,-42935.80168679856,-0.43096694931368273,trailing_stop,17,-0.43096694931368273,563.9373213357849,551.39117937996
FAST,2021-12-07,28.095662911599508,2021-12-21,27.596514276850474,66797,27.119569596972976,0.4880466573132664,0.9760933146265316,-33341.63135533121,-34457.652463228274,-0.5113738894318887,stop_loss,14,-0.5113738894318887,563.0117986518336,553.0093092452344
RMBS,2021-12-08,28.68865984725952,2021-12-21,27.572400381088258,66041,27.00704725414883,0.8408062965553441,1.681612593110689,-73718.89140541625,-74833.55240897834,-0.6638029893118108,stop_loss,13,-0.6638029893118108,568.3883354918597,546.2726680702349
KEYS,2021-12-08,202.64244244384764,2021-12-21,195.4044060974121,9349,192.96560143863084,4.838420502608405,9.6768410052168,-67668.40180282581,-68784.80379892948,-0.7479751235484285,stop_loss,13,-0.7479751235484285,568.3512583222594,548.0507377814117
EIX,2021-11-11,52.753517834255305,2022-01-06,53.126894453164155,37072,51.03363462765685,0.8599416032992261,1.7198832065984533,13841.818016188883,12664.25842289312,0.21709417097414763,trailing_stop,56,0.21709417097414763,586.7035239454538,590.8560693503105
P,2021-11-26,30.520489770889277,2022-01-06,30.519449237823487,63517,28.609125941623184,0.9556819146330471,1.9113638292660937,-66.09153873980425,-1229.2136805447267,-0.0005443929878017317,trailing_stop,41,-0.0005443929878017317,581.5709846332722,581.5511571716503
IRM,2021-12-20,42.94434894529736,2022-01-06,41.27874411720842,44113,40.84440155504846,1.0499736951244512,2.0999473902489,-73474.82578148732,-74589.42577276721,-0.7931650268112284,trailing_stop,17,-0.7931650268112284,568.3212195071707,546.2787717727244
SBAC,2021-12-20,347.0296189437548,2022-01-06,322.77394546742534,5458,330.2884928427907,8.370563050482087,16.741126100964152,-132387.46583380637,-133484.20219017324,-1.4488674973263933,stop_loss,17,-1.4488674973263933,568.2262980585042,528.5100583083622
VNQ,2021-12-28,96.42142347232837,2022-01-06,94.43814273158446,10087,93.56459933217728,1.4284120700755472,2.8568241401510903,-20005.352831883796,-20582.912965173455,-0.6942257007948053,trailing_stop,9,-0.6942257007948053,291.7808695696129,285.77926372004777
PAYX,2021-12-23,116.67527862759108,2022-01-07,113.62669618157223,16419,112.188283979363,2.2434973241140375,4.486994648228077,-50054.675181183586,-51189.07361850108,-0.6794263610772852,trailing_stop,15,-0.6794263610772852,574.7074199359254,559.6910173815703
CNH,2021-12-28,15.174206178301912,2022-01-07,14.206707808744138,128194,14.396227904358522,0.388989136971695,0.7779782739433898,-124027.48598708924,-125157.42305338585,-1.2436058974420339,stop_loss,10,-1.2436058974420339,583.5726560463706,546.3644102502438
FDS,2021-09-30,381.49912375167395,2022-01-10,418.08994881592594,4580,367.7779072951841,6.860608228244921,13.721216456489856,167585.9787942741,166487.34340856623,2.6667333162684184,trailing_stop,102,2.6667333162684184,524.1797960348001,574.4555896730822
NVR,2021-12-02,5434.909460449218,2022-01-10,5413.33125,344,5207.66680625882,113.62132709519929,227.24265419039875,-7422.904394531062,-8542.442835849422,-0.09495669079423165,trailing_stop,39,-0.09495669079423165,560.8826563183594,558.6557849999999
AVGO,2021-12-08,54.332486067749926,2022-01-10,56.22562472713919,34871,52.06899879116866,1.131743638290633,2.263487276581266,66015.63819156308,64859.0566271045,0.836381400936625,trailing_stop,33,0.836381400936625,568.3884365005523,588.1931279580213
MAA,2021-12-08,181.8378047894397,2022-01-10,180.91881467047986,10419,174.1571149653665,3.840344912036598,7.680689824073198,-9574.958049442575,-10708.826414888446,-0.11964942472738527,trailing_stop,33,-0.11964942472738527,568.3704264303517,565.4979390155189
PG,2021-12-06,134.03012501846766,2022-01-12,140.9496135795523,13972,130.33907634004086,1.8455243392133958,3.691048678426796,96679.0941754747,95526.48910316725,1.8746673815295989,trailing_stop,37,1.8746673815295989,561.8006720274091,590.8044002800515
CIEN,2021-12-08,62.902840152740474,2022-01-18,70.4295,30119,59.84514145741099,1.5288493476647427,3.057698695329485,226695.4679396098,225490.7169136917,2.461543990176733,trailing_stop,41,2.461543990176733,568.371192768117,636.37983315
AZO,2021-12-08,2015.7737697753903,2022-01-19,1979.1088758544922,939,1932.0430552115408,41.865357281924695,83.73071456384946,-34428.33539172328,-35553.69383299722,-0.4378906129236361,trailing_stop,42,-0.4378906129236361,567.8434709457274,557.5149703282104
SCHW,2022-01-12,88.79164586971582,2022-01-19,87.3462897169754,10566,84.60537500581222,2.093135431951804,4.1862708639036015,-15271.633109855238,-15829.955138077932,-0.34526102102066436,stop_loss,7,-0.34526102102066436,281.4517590778252,276.87026914486864
HPQ,2021-12-02,30.883108364478662,2022-01-20,31.24432453113413,60595,29.09054816835162,0.8962800980635208,1.7925601961270416,21887.893618488022,20758.510079595126,0.20150852810181835,trailing_stop,49,0.20150852810181835,561.4085854036754,567.9749534892218
RF,2022-01-10,21.270420304161092,2022-01-20,18.640169204975756,44162,20.166258987471124,0.5520806583449847,1.104161316689968,-116157.14904222284,-116685.90847839358,-2.3821257450589277,stop_loss,10,-2.3821257450589277,281.8032904417086,246.9561457290418
NTRS,2022-01-10,113.93321235169755,2022-01-20,109.79586127521507,8244,108.861113413032,2.53604946933277,5.0720989386655475,-34108.32227452152,-34661.6490194156,-0.8157078808030898,trailing_stop,10,-0.8157078808030898,281.7796207882184,271.54712410586194
STT,2022-01-10,88.891960032983,2022-01-20,81.45818175901077,10567,84.54040078068047,2.1757796261512636,4.351559252302522,-78552.73502106448,-79092.76200555929,-1.7083022068558114,stop_loss,10,-1.7083022068558114,281.7964025005594,258.23058199424
UDR,2021-12-08,48.96866952032681,2022-01-21,47.60651598751987,19345,46.67522694075514,1.1467212897858374,2.293442579571675,-26350.860092150306,-26911.334181245096,-0.5939340033799057,trailing_stop,44,-0.5939340033799057,284.18967356121664,276.2844155335716
JBL,2021-12-22,66.1678057583235,2022-01-21,64.00524775957403,28716,62.08947528653961,2.039165235891941,4.078330471783886,-62100.01549208959,-63221.43031353557,-0.5302557048064689,trailing_stop,30,-0.5302557048064689,570.0224130468052,551.3924083991784
OZK,2022-01-06,42.4528833534987,2022-01-21,42.2209604341021,44630,40.5237617510659,0.9645608012164019,1.9291216024328008,-10350.719892670046,-11484.417987142233,-0.12022203219544014,stop_loss,15,-0.12022203219544014,568.4016552199942,565.2964392521931
CFG,2022-01-07,44.616454500046,2022-01-21,42.77693595076265,21182,42.307180823539795,1.1546368382531011,2.3092736765062014,-38964.68191091987,-39520.03194987858,-0.7965788412166174,trailing_stop,14,-0.7965788412166174,283.5197217659923,271.83031719271634
MTB,2022-01-07,150.61864928652182,2022-01-21,144.18750377765895,6274,142.90889052750416,3.8548793795088327,7.70975875901766,-40349.006922605644,-40903.891063903044,-0.8341565164202743,trailing_stop,14,-0.8341565164202743,283.49442168709135,271.38971961030967
KRE,2022-01-07,68.05613406449996,2022-01-21,64.50865298028727,13886,64.99542962945863,1.5303522175206679,3.0607044350413304,-49260.32233537743,-49812.5607252486,-1.1590407239583027,stop_loss,14,-1.1590407239583027,283.5082432858939,268.73014658528075
KEY,2022-01-10,21.503164377482978,2022-01-21,20.139577261092892,43684,20.48893401668613,0.5071151803984234,1.014230360796848,-59566.939592384515,-60112.67605010638,-1.3444550361505248,stop_loss,11,-1.3444550361505248,281.8032697997899,263.9331879220746
TFC,2022-01-10,52.655494149969066,2022-01-21,50.33706024373104,17839,50.20496546353161,1.225264343218729,2.4505286864374582,-41358.54245338017,-41909.72770672894,-0.9460953952791844,trailing_stop,11,-0.9460953952791844,281.79640804238943,269.3888453063754
AFG,2021-02-05,56.93286475503951,2022-01-24,91.87906108771816,14305,53.038582134017965,1.9471413105107718,3.8942826210215458,499905.338538968,499266.7121592138,8.973718585301746,trailing_stop,353,8.973718585301746,244.32738909625206,394.29899065794245
BRK-B,2022-01-06,313.2929909973144,2022-01-24,299.4003121948242,6047,304.8353372156438,4.228826890835293,8.457653781670615,-84009.02871865821,-85120.51563997907,-1.6426161629597962,stop_loss,18,-1.6426161629597962,568.3448149682281,543.1421063526307
AFL,2022-01-11,56.892274001009575,2022-01-24,54.253518029367775,16432,54.79471028055283,1.0487818602283747,2.0975637204567477,-43360.03812601805,-43907.942422411004,-1.2580099216567335,trailing_stop,13,-1.2580099216567335,280.4561539153768,267.4481424775714
KDP,2022-01-18,34.89839483571843,2022-01-24,33.90109539678034,54284,33.77691945088294,0.5607376924177414,1.1214753848354846,-54137.40274331505,-55257.81620164933,-0.88927447933633,stop_loss,6,-0.88927447933633,568.3273395786417,552.0861187556472
OXY,2022-01-19,34.47398941962812,2022-01-24,30.586482158526785,27100,31.732638305116826,1.3706755572556468,2.7413511145112928,-105351.44677584614,-105880.38840977653,-1.4180989952446748,stop_loss,5,-1.4180989952446748,280.27353398157663,248.6680999488228
ABBV,2022-01-19,117.05186757520963,2022-01-24,113.74362064221502,15963,113.29611147466328,1.8778780502731744,3.75575610054635,-52809.545791392906,-53914.80230491733,-0.8808471169129848,stop_loss,5,-0.8808471169129848,560.5496886309214,544.7068248935035
XLP,2021-12-16,67.46650279367822,2022-01-25,67.02520342971994,14301,65.93657329874928,0.7649647474644697,1.5299294949289362,-6311.022203967354,-6888.031971177599,-0.2884442488500278,trailing_stop,40,-0.2884442488500278,289.4515369357177,287.55823027452743
WBS,2022-01-07,53.5146911089807,2022-01-25,51.70308181701954,17660,50.54251909413982,1.48608600742044,2.9721720148408792,-31993.020096034117,-32550.463856996066,-0.609523702839302,stop_loss,18,-0.609523702839302,283.52083349537975,273.9229274665695
WTFC,2022-01-12,94.12788146338393,2022-01-25,90.42181203722117,9967,89.15870903894563,2.4845862122191518,4.969172424438298,-36938.39397056419,-37490.216009100346,-0.7458122016326854,stop_loss,13,-0.7458122016326854,281.4517783636643,270.370260172495
CHD,2021-12-09,90.35524445129658,2022-01-27,94.10317785051006,21028,87.1699171291587,1.5926636610689378,3.18532732213788,78811.54351866106,77647.90600741234,1.176624258727043,trailing_stop,49,1.176624258727043,569.9970240965594,593.6404871521577
PGR,2022-01-10,99.92437782063408,2022-01-27,98.3427177651486,18801,96.29439249770434,1.8149926614648713,3.629985322929741,-29736.790703182352,-30855.07660241484,-0.4357207852865153,stop_loss,17,-0.4357207852865153,563.6034682217223,554.6824310107677
MDLZ,2022-01-06,60.397814390776006,2022-01-31,59.126022828066546,15685,58.63530932731129,0.8812525317323578,1.7625050634647152,-19948.050661097877,-20510.47007713114,-0.7215817923435547,stop_loss,25,-0.7215817923435547,284.2019156157965,278.21750041746714
VRTX,2022-01-31,241.11086511230465,2022-02-11,236.31345304870607,7477,230.21243548655002,5.4492148128773135,10.89842962575463,-35870.249999526626,-36941.16048759359,-0.44019296617391357,trailing_stop,11,-0.44019296617391357,540.8357815334106,530.0747065335526
SO,2022-02-01,58.81692515305192,2022-02-11,56.15574475990789,15333,56.773724793826766,1.0216001796125764,2.0432003592251533,-40803.8789680774,-41332.741752410024,-1.302456893729812,stop_loss,10,-1.302456893729812,270.5519740115235,258.3108103211003
CHRD,2022-02-03,93.7821741068038,2022-02-11,87.67641319298443,9739,84.64673673190005,4.567718687451871,9.135437374903745,-59464.00553968681,-59994.1730942006,-0.6683599988975569,stop_loss,8,-0.6683599988975569,274.00337808784866,256.16417642594257
CVS,2022-01-31,93.37364317335796,2022-02-14,89.61359042173449,19307,89.66441542433344,1.8546138745122598,3.709227749024521,-72595.33847559446,-73655.21883130059,-1.013702313807051,trailing_stop,14,-1.013702313807051,540.8294786244066,519.0508770817283
UPS,2022-02-02,186.08442345408648,2022-02-14,172.05689221554286,9743,175.7898623538987,5.147280550093884,10.294561100187764,-136670.23685713045,-137717.04810870122,-1.3626157639967542,stop_loss,12,-1.3626157639967542,543.9061613139494,502.9050902568102
OGE,2021-12-07,29.525920908801545,2022-02-15,30.432029238932774,63561,28.50913599173521,0.508392458533167,1.0167849170663352,57593.151571471026,56449.855390668985,0.8911504438377836,trailing_stop,70,0.8911504438377836,563.0091176653006,580.2870631367418
ED,2022-02-01,74.40282452003545,2022-02-15,71.38204550961694,12121,71.66381513578327,1.369504692126089,2.739009384252185,-36614.86238528274,-37144.97990817156,-1.1028728224833202,stop_loss,14,-1.1028728224833202,270.55099080220486,259.5665320866201
CME,2022-02-03,199.43705138849688,2022-02-15,200.74575301049939,9159,191.12699082233178,4.155030283082558,8.310060566165106,11986.398155920917,10886.815864273794,0.15748400527078668,trailing_stop,12,0.15748400527078668,547.9931861001729,551.5891055469491
NI,2022-01-31,25.079769228370335,2022-02-16,24.579596140856758,35941,24.17456400307205,0.45260261264914303,0.9052052252982854,-17976.72093832547,-18512.163113546085,-0.552552143464217,trailing_stop,16,-0.552552143464217,270.4175957510575,265.0245794695598
MKC,2022-02-01,91.3354642730427,2022-02-22,88.64011291460912,19748,87.48964765059384,1.9229083112244325,3.845816622448865,-53227.79862634641,-54294.04593583693,-0.7008528026792109,trailing_stop,21,-0.7008528026792109,541.1078245392142,525.1394849513102
PRU,2022-02-07,96.61465734054465,2022-02-23,93.34706608673739,9434,91.47923113930831,2.5677131006181733,5.135426201236342,-30826.455888417768,-31364.08555806166,-0.6362843366380385,stop_loss,16,-0.6362843366380385,273.4388032052095,264.19086643868417
EXC,2022-02-03,36.2775211293413,2022-02-24,35.338088240433876,50353,34.744379178332295,0.7665709755045054,1.5331419510090072,-47303.26425515562,-48385.08248873451,-0.6127501033346303,trailing_stop,21,-0.6127501033346303,548.0046064277168,533.8136271511701
H,2022-02-16,103.34617338277239,2022-02-24,89.69140857877183,17439,95.88543172765934,3.7303708275565284,7.460741655113054,-238125.44341696583,-239135.35813451404,-1.8302154712249785,stop_loss,8,-1.8302154712249785,540.6761752866504,469.2385422615606
MAR,2022-02-16,171.4638786346687,2022-02-24,156.48608168446273,5255,160.58928831793236,5.437295158368173,10.874590316736345,-78708.32297333237,-79225.33608577547,-1.3773205715303738,trailing_stop,8,-1.3773205715303738,270.3128046675552,246.7003077755555
CNXC,2022-02-01,184.40031109777507,2022-02-25,176.39554355391763,9781,170.65727134325252,6.871519877261273,13.743039754522556,-78294.63134646963,-79353.31462277408,-0.5824597532160404,stop_loss,24,-0.5824597532160404,541.0858328542015,517.5974434502606
MPC,2022-02-03,71.18453626411385,2022-02-25,68.50656654929794,12830,67.02722419327476,2.07865603541954,4.157312070839083,-34358.351441088016,-34896.02249581684,-0.6441589347117256,stop_loss,22,-0.6441589347117256,273.9892800805742,263.68177464824777
CB,2022-02-03,195.585119622765,2022-02-25,189.13792428900322,9339,186.34006396243467,4.622527830165173,9.245055660330337,-60210.357222001294,-61288.235774128894,-0.6973668489013096,stop_loss,22,-0.6973668489013096,547.9708296471007,529.9077224805003
WRB,2022-02-03,35.893095695514965,2022-02-25,35.663741419951705,25446,34.200122646549374,0.8464865244827955,1.692973048965591,-5836.148895982715,-6382.399479154765,-0.13547426269035756,trailing_stop,22,-0.13547426269035756,274.0007139204222,272.24986925162733
THC,2022-02-11,85.14505755615234,2022-02-25,81.27864060974122,21259,77.14149904744417,4.001779254354087,8.003558508708167,-82196.15786375402,-83257.55828354665,-0.483087234535028,stop_loss,14,-0.483087234535028,543.0296335758728,518.3707862167465
EXPE,2022-02-16,206.09368888471457,2022-02-25,193.05423271139693,4372,189.4383395625742,8.327674661070176,16.655349322140353,-57008.50238974469,-57532.02480371015,-0.782898990655451,stop_loss,9,-0.782898990655451,270.31248234119164,253.2099316242682
NVST,2022-02-17,49.42938106918334,2022-02-25,47.5424101524353,36774,46.349792622218814,1.5397942234822637,3.0795884469645287,-69391.46849249245,-70461.28068760759,-0.6127347693513981,stop_loss,8,-0.6127347693513981,545.3148178314444,524.4973772836968
SLB,2022-02-17,37.489234883444276,2022-02-25,35.001386527803206,24243,34.702134117237144,1.3935503831035658,2.787100766207132,-60312.90768580646,-60840.12472626832,-0.8926294972200434,stop_loss,8,-0.8926294972200434,272.65545638380183,254.56158407805995
HST,2022-02-17,15.964053495399334,2022-02-25,15.188656810997577,56931,14.95020651400453,0.5069234906974024,1.0138469813948046,-44144.108639676444,-44676.175124812486,-0.7648064240769369,stop_loss,8,-0.7648064240769369,272.65485886397386,259.41162627207086
MAT,2022-02-11,24.674649618148802,2022-03-08,22.827150381088256,73359,22.97416698886609,0.8502413146413556,1.7004826292827104,-135530.69653152462,-136576.10189536784,-1.0864558127476138,stop_loss,25,-1.0864558127476138,543.0322864013334,502.37307744187603
CBT,2022-02-16,66.41782915445401,2022-03-08,63.23652583045385,27136,62.49062748895606,1.9636008327489762,3.927201665497954,-86327.84700006839,-87383.33717312952,-0.8100687448646172,stop_loss,20,-0.8100687448646172,540.6942635805792,514.7959094805587
ADM,2022-01-31,66.24654180896806,2022-03-10,72.07690038717486,27213,63.4122640064032,1.4171389012824307,2.8342778025648627,158661.5479887416,157532.2892389965,2.0570879018742096,trailing_stop,38,2.0570879018742096,540.8301426742344,588.4286070708569
TRGP,2022-02-01,53.59968138393815,2022-03-15,58.19913209556854,16826,50.22922585915341,1.685227762392369,3.370455524784738,77390.35767389293,76826.01962321108,1.3646377107806944,trailing_stop,42,1.3646377107806944,270.560471689843,293.77757899201083
XOM,2022-01-06,58.267088346758655,2022-03-16,67.27740206384416,32517,55.69542353773631,1.2858324045111729,2.5716648090223444,292988.3711384695,291763.672080065,3.5036890054543735,trailing_stop,69,3.5036890054543735,568.4012735314654,656.2977848730061
BG,2022-02-02,88.60838831056833,2022-03-30,96.73074417970228,10231,84.2330561392534,2.1876660856574643,4.375332171314923,83099.8228971095,82530.9614977571,1.8563975376280824,trailing_stop,56,1.8563975376280824,271.9657262416274,296.89567311076024
MOS,2022-03-22,59.72292977238011,2022-03-30,59.02362215772407,29847,53.87516775174813,2.92388101031599,5.847762020631983,-20872.234374638905,-21935.502875276252,-0.11958551189134517,stop_loss,8,-0.11958551189134517,534.7650854748688,528.503415162477
HRB,2022-03-21,23.66074182432504,2022-04-05,22.56299657690904,75156,22.326889863119973,0.6669259806025337,1.3338519612050668,-82502.14181479692,-83544.33919978187,-0.8229888168580896,stop_loss,15,-0.8229888168580896,533.4740137646918,508.7233712202528
RMBS,2022-03-21,31.26122954177856,2022-04-06,28.05191992378235,56884,28.775506350135732,1.2428615958214149,2.4857231916428297,-182558.3683100965,-183570.5590683562,-1.2910969446582503,stop_loss,16,-1.2910969446582503,533.4791343763595,478.71162388333056
CXT,2022-03-21,36.263565269442964,2022-04-06,34.24818754224395,49037,34.21766055832147,1.0229523555607458,2.0459047111214943,-98828.07760865818,-99865.38305544619,-0.985078980581777,trailing_stop,16,-0.985078980581777,533.4769350353024,503.8285117527049
WLK,2022-03-21,117.09356576290853,2022-04-07,111.3565906328304,15186,109.4317845195159,3.830890621696315,7.661781243392625,-87121.70432536636,-88162.47754787406,-0.7487782472288126,stop_loss,17,-0.7487782472288126,533.4548669026588,507.3183556050487
NVST,2022-03-21,50.05,2022-04-07,46.003949237823484,35529,46.51230614312108,1.7688469284394575,3.537693856878917,-143752.13752936933,-144775.9477581105,-1.1436972575535655,stop_loss,17,-1.1436972575535655,533.467935,490.3422937411891
KRC,2022-03-21,58.45496067715863,2022-04-08,57.17097325398165,30421,55.48572293759626,1.4846188697811862,2.9692377395623737,-39060.18140046694,-40115.41836130271,-0.43242998230455737,trailing_stop,18,-0.43242998230455737,533.4775076279528,521.7594532078127
AVB,2022-03-30,221.72434285275273,2022-04-12,212.93061095114237,8149,212.3707353950848,4.676803728833957,9.35360745766792,-71660.1212662228,-72722.72223178718,-0.9401433555351324,stop_loss,13,-0.9401433555351324,542.0495009721245,520.5514645922577
COST,2022-04-08,577.9455427811486,2022-04-13,554.047755819551,3110,552.5792601729609,12.683141304093875,25.366282608187703,-74322.11745056855,-75378.267198163,-0.9421083621406906,stop_loss,5,-0.9421083621406906,539.2231914148116,516.926556179641
PGR,2022-04-08,109.05751382960385,2022-04-14,102.17822637317848,16485,104.40140366069474,2.3280550844545576,4.656110168909109,-113405.05371917228,-114449.72007234514,-1.4774752329447434,stop_loss,6,-1.4774752329447434,539.3439346443059,505.32241852855424
ABBV,2022-02-03,119.703368748686,2022-04-20,135.04070960083357,15260,115.05167595548609,2.325846396599956,4.6516927931999135,234047.8214037718,232881.6030130877,3.297152570902465,trailing_stop,76,3.297152570902465,548.0020221314845,618.216368552616
LLY,2022-03-21,277.7101074784863,2022-04-21,282.1251062466177,6403,265.1816424729215,6.264232502782379,12.528465005564783,28269.237112345338,27193.849650300785,0.35239742188451517,trailing_stop,31,0.35239742188451517,533.4533454554243,541.9341165891278
STLD,2022-03-21,80.27624804093679,2022-04-25,81.8042401450311,22151,73.83029459520218,3.2229767228673083,6.445953445734617,33846.55309779305,32769.479629650836,0.23704671728670404,trailing_stop,35,0.23704671728670404,533.4597511064374,543.6137170357752
EOG,2022-01-10,80.51671956328764,2022-04-26,94.54214313253127,11666,75.47677312054644,2.5199732213706003,5.039946442741197,163620.59135879617,163007.92035113333,2.7828517085620623,trailing_stop,106,2.7828517085620623,281.7924151275941,330.8785925352329
OXY,2022-03-22,56.53204968697017,2022-04-26,52.57254653791746,15766,50.30370544111412,3.114172122928026,6.22834424585605,-62425.52664796499,-62941.569567189465,-0.6357232344193423,stop_loss,35,-0.6357232344193423,267.3852886094315,248.65763061504202
TDY,2022-04-05,484.5841061096191,2022-04-26,466.36315658569333,3704,463.50136830157277,10.541368904023164,21.082737808046318,-67490.397036621,-68547.08963492802,-0.8642591721162348,stop_loss,21,-0.8642591721162348,538.4698587090088,518.2227395980224
CMS,2022-04-07,63.950782450728425,2022-04-26,61.434897674169804,27970,61.69139105102154,1.1296956998534424,2.2593913997068853,-70369.29720034465,-71421.40844227267,-1.1135232155371626,stop_loss,19,-1.1135232155371626,536.6110155440622,515.5002263839589
CNX,2022-03-21,19.159139389038085,2022-04-27,20.569410152435303,92815,17.65659413027672,0.7512726293806835,1.5025452587613657,130894.2809047128,129788.05930700523,0.9385878762545796,trailing_stop,37,0.9385878762545796,533.476656718071,572.7449409894848
EXLS,2022-04-06,29.40337454986572,2022-04-27,28.145825786590578,60458,27.82893889238494,0.7872178287403896,1.5744356574807803,-76028.88313008856,-77072.675996271,-0.7987298542814499,trailing_stop,21,-0.7987298542814499,533.3007655607346,510.49210062170795
FCN,2022-04-07,162.36219694519042,2022-04-27,158.41143731689453,11016,155.265275338484,3.548460803353211,7.096921606706417,-43521.56806530746,-44581.660771816794,-0.5566863842151664,trailing_stop,20,-0.5566863842151664,536.5745884644653,523.5181180448731
COR,2022-02-02,128.65481840126802,2022-05-02,146.0200600867736,14093,123.03788239066279,2.8084680053026156,5.6169360106052295,244728.35107383036,243567.05315507075,3.091586169527054,trailing_stop,89,3.091586169527054,543.939706718721,617.3582120408701
AIZ,2022-03-21,165.84229234972685,2022-05-02,170.20145266273235,10722,158.59664757361108,3.6228223880578865,7.245644776115768,46738.916876045005,45657.99856583793,0.6016248998812158,trailing_stop,42,0.6016248998812158,533.4483175721314,547.4699926349449
LOPE,2022-03-21,97.25716366577147,2022-05-04,95.55435152435302,18284,91.22610659480324,3.0155285354841177,6.031057070968231,-31134.21719369491,-32191.826916815782,-0.28234057833995546,trailing_stop,44,-0.28234057833995546,533.4749941394897,524.1347289813813
EQT,2022-03-22,26.90541057352743,2022-05-10,34.3083747437678,33127,24.71790409715007,1.093753238188681,2.1875064763773615,245237.99406755273,244629.6453476909,3.384202172740586,trailing_stop,49,3.384202172740586,267.38866082077294,340.9600590410388
PKG,2022-03-21,139.1992280652003,2022-05-13,139.4969936639891,12774,132.47902754733605,3.360100258932126,6.720200517864242,3803.6577589281305,2735.638098017531,0.04430903482675146,trailing_stop,53,0.04430903482675146,533.4392817914605,534.580379119139
BMY,2022-03-21,59.96081835158804,2022-06-14,62.0198833237378,29657,57.90682114424149,1.0269986036732726,2.053997207346548,61065.68987904551,59980.415378169964,1.0024672695683758,trailing_stop,85,1.0024672695683758,533.4773969559138,551.7971039196276
CVX,2022-01-06,103.33119672041146,2022-06-17,131.63259293026294,9168,99.58607295840845,1.872561881001499,3.7451237620030042,259467.20045191847,258820.95604486327,7.556865409092664,trailing_stop,162,7.556865409092664,284.20212345981963,362.0422835953952
MCK,2022-02-04,258.05396379803125,2022-06-21,299.3383372919334,3530,245.7380501974411,6.157956800295064,12.315913600590136,145733.83843347454,145143.55998662027,3.3521161996397844,trailing_stop,137,3.3521161996397844,273.2791476621151,316.9992991921575
APO,2022-12-01,64.56383389893217,2022-12-06,60.48235315857998,26632,60.411919820988395,2.0759570389718887,4.151914077943779,-108697.99507705956,-109697.06409317425,-0.983035935650559,stop_loss,5,-0.983035935650559,515.8392073189084,483.22980879579063
UTHR,2022-12-01,280.1699046630859,2022-12-06,274.725,6137,266.00187991315204,7.084012374966926,14.168024749933863,-33415.37991735804,-34436.996926333246,-0.38430936980903396,stop_loss,5,-0.38430936980903396,515.8208114752075,505.79619750000006
NBIX,2022-12-01,127.4673363342285,2022-12-07,119.89997664642334,13489,119.56678454196083,3.9502758961338365,7.900551792267677,-102076.11482880388,-103077.13613424268,-0.9578267299268123,stop_loss,6,-0.9578267299268123,515.8220699437226,485.1992354950814
EXPD,2022-12-01,112.4654003034404,2022-12-07,105.78397335928129,7644,106.33315582311785,3.066122240161278,6.132244480322555,-51072.82756115226,-51573.31702483561,-1.089556518106674,stop_loss,6,-1.089556518106674,257.9056559758495,242.58380770750387
ORLY,2022-12-01,57.99526948547363,2022-12-07,55.19275309753418,29648,55.780907657236575,1.1071809141185267,2.2143618282370525,-83089.00586962876,-84095.74541769107,-1.2656090581956294,stop_loss,6,-1.2656090581956294,515.8331249115967,490.90642315070806
NDAQ,2022-12-01,65.56102347763816,2022-12-08,62.02350660758551,13113,62.71208398265373,1.4244697474922134,2.8489394949844282,-46387.45871700038,-46889.36349990265,-1.2416960333065916,stop_loss,7,-1.2416960333065916,257.91051025868074,243.99427264358067
CPRT,2022-12-01,33.49846515274047,2022-12-08,31.598369161605834,25664,31.75521003240497,0.8716275601677509,1.7432551203355011,-48764.06351647934,-49265.257063232355,-1.0899701191004971,stop_loss,7,-1.0899701191004971,257.9113829039794,243.28216384903564
GL,2022-12-01,117.18538368288085,2022-12-13,115.12827232709617,14673,112.459803966629,2.3627898581259266,4.725579716251858,-30183.994923428672,-31206.616405818993,-0.4353140734691284,stop_loss,12,-0.4353140734691284,515.8383404336732,506.78314195664467
WRB,2022-12-01,47.16774066796831,2022-12-13,46.030145217660106,18227,45.03462183552067,1.0665594162238232,2.133118832447643,-20734.952272767638,-21244.56763257884,-0.5333014893515673,stop_loss,12,-0.5333014893515673,257.9179227465175,251.69743706468725
FN,2022-12-01,134.06392266845702,2022-12-16,124.08578908538819,12825,126.72749679195842,3.668212938249307,7.336425876498609,-127969.56320285785,-128962.79421883078,-1.3600810191557493,stop_loss,15,-1.3600810191557493,515.8109424668884,477.420073506031
MSI,2022-12-01,263.0863058606373,2022-12-16,244.50534006151392,6535,251.77762826183633,5.654338799400491,11.308677598800983,-121426.61149727135,-122421.74491910174,-1.6430714941500728,stop_loss,15,-1.6430714941500728,515.7807026397794,479.35271919059807
CB,2022-12-01,212.7704414745223,2022-12-16,202.92574251813792,8081,204.77899347390155,3.995724000310374,7.99144800062075,-79555.01226654215,-80562.78452539556,-1.231904275122565,stop_loss,15,-1.231904275122565,515.8193812666843,491.9528775867218
FDS,2022-12-01,448.1336107279959,2022-12-16,412.4561745159757,3836,427.30208509843436,10.415762814780779,20.831525629561554,-136858.64530930953,-137849.0120341683,-1.7126655457913824,stop_loss,15,-1.7126655457913824,515.7121592257777,474.65456563298477
CTAS,2022-12-01,112.33644294944892,2022-12-16,106.37391660420957,7653,107.64042912287849,2.3480069132852175,4.696013826570436,-45631.214120116776,-46133.35123461602,-1.269699486722736,stop_loss,15,-1.269699486722736,257.9132393676398,244.22387513160479
TRV,2022-12-01,179.0469231897786,2022-12-16,170.66285863690217,4801,172.56150657235307,3.2427083087127615,6.485416617425528,-40251.89391835971,-40755.58091712468,-1.292756510098281,stop_loss,15,-1.292756510098281,257.88128347023815,245.8057152947302
APH,2022-12-14,39.75502891178287,2022-12-16,37.51525481514476,21214,38.03887970822887,0.8580746017770011,1.7161492035540036,-47514.56768608097,-48006.33122577588,-1.3051161822059105,stop_loss,2,-1.3051161822059105,253.00895500036856,238.75458469454423
IBM,2022-12-14,133.25336716891456,2022-12-16,124.83839108492536,12658,128.87794671872408,2.187710225095245,4.375420450190489,-106516.76727113532,-107496.84491392846,-1.923238276134776,stop_loss,2,-1.923238276134776,506.0163364872362,474.0613063058956
IT,2022-12-01,352.34198022460936,2022-12-19,338.3613121948242,2440,335.10281070074564,8.619584761931861,17.239169523863723,-34112.82999267573,-34618.42480272676,-0.8109826874451272,stop_loss,18,-0.8109826874451272,257.91432952441403,247.6804805266113
ULTA,2022-12-01,470.94047122192376,2022-12-19,453.21634341430666,3651,447.492118913049,11.724176154437384,23.448352308874746,-64710.79062561001,-65723.01958468107,-0.7558794568652424,stop_loss,18,-0.7558794568652424,515.8210981293731,496.40786094169005
LLY,2022-12-01,365.11988170873974,2022-12-19,347.88161880742047,4709,347.13505796320214,8.992411872768807,17.984823745537597,-81174.98000231246,-82182.23722209164,-0.9584893989075896,stop_loss,18,-0.9584893989075896,515.8048568899366,491.4523628892429
SBUX,2022-12-01,94.08651914461828,2022-12-20,90.09966699584668,18275,89.542291141006,2.272114001806135,4.544228003612275,-72859.72301880106,-73869.52378431616,-0.8773442145953934,trailing_stop,19,-0.8773442145953934,515.8293412103698,493.9714243047294
GIS,2022-12-01,74.11511524728057,2022-12-21,72.79557766346008,23199,71.30993585402032,1.4025896966301221,2.8051793932602465,-30611.952407051573,-31634.406756502456,-0.47039329712417893,trailing_stop,20,-0.47039329712417893,515.8189675864986,506.6353818643831
MRNA,2022-12-14,195.27508183288572,2022-12-28,179.82,8637,174.59552219159232,10.339779820646696,20.679559641293395,-133485.54179063402,-134457.4506571712,-0.7473602968810168,trailing_stop,14,-0.7473602968810168,505.9772645371902,465.93160199999994
BMRN,2022-12-01,100.81070908355711,2022-12-29,101.76813274383545,17056,95.11511357827949,2.847797752638811,5.695595505277623,16329.81794970732,15293.262531844917,0.1680989563586765,trailing_stop,28,0.1680989563586765,515.828236238745,520.7271816236572
COR,2022-12-01,165.8214093169954,2023-01-04,159.421789417247,10369,158.2389602574025,3.7912245297964473,7.5824490595929035,-66357.65874049133,-67369.39275879394,-0.8440043381039222,stop_loss,34,-0.8440043381039222,515.8206579623776,495.91336034023016
MRK,2022-12-01,98.86857350174468,2023-01-19,98.13921619876422,17391,95.2415215458158,1.813525977964439,3.627051955928877,-12684.25285613319,-13712.101597337654,-0.20108818727788924,trailing_stop,49,-0.20108818727788924,515.8270085306525,512.0217326738126
CMC,2023-01-12,54.02762035591507,2023-01-19,49.95093032426157,30391,50.799071468621804,1.6142744436466334,3.2285488872932646,-123894.68675198148,-124842.69039209785,-1.262700418661244,stop_loss,7,-1.262700418661244,492.5860230709844,455.41761704539005
PPL,2023-01-12,27.631702635679876,2023-01-20,26.07427531608075,59424,26.51412070535277,0.5587909651635531,1.1175819303271055,-92548.56103985838,-93505.98825000001,-1.3935688089939684,stop_loss,8,-1.3935688089939684,492.5958892267923,464.83132091483475
TKR,2023-01-17,73.91282832401808,2023-01-20,70.31450358737648,11154,70.52486661403438,1.693980854991846,3.387961709983699,-40135.71411250042,-40618.32761054233,-1.062091323534738,stop_loss,3,-1.062091323534738,247.32710613782928,235.28639190407918
JPM,2023-01-17,130.94782940475062,2023-01-20,125.1225319796712,6295,125.79104311412544,2.5783931453125915,5.156786290625178,-36670.24729087499,-37153.83616834947,-1.1296371609716647,stop_loss,3,-1.1296371609716647,247.29497583087158,236.29390164360908
INGR,2023-01-18,96.02777862459025,2023-01-20,94.32560836342365,17094,92.76568135329747,1.6310486356463962,3.262097271292788,-29096.898444381863,-30073.0686835338,-0.521802423289487,stop_loss,2,-0.521802423289487,492.4496543426238,483.7205848093092
CDW,2023-01-18,189.60479931553056,2023-01-26,184.1007029811215,4328,181.8252016756842,3.8897988199231732,7.779597639846344,-23821.728935322455,-24306.948159504427,-0.7075039853240768,stop_loss,8,-0.7075039853240768,246.18287143128487,239.03635275068814
SNX,2023-01-12,105.27970587518597,2023-01-27,97.85055063719382,15596,99.68740158816391,2.79615214351103,5.59230428702206,-115865.10509172555,-116815.51093589567,-1.3284604800981286,stop_loss,15,-1.3284604800981286,492.58268784882017,457.8231563213024
RL,2023-01-24,119.04905927559118,2023-01-30,114.74063915710379,13723,112.5035866337046,3.2727363209432854,6.545472641886576,-59124.44928600246,-60086.93809548002,-0.6582290316082646,stop_loss,6,-0.6582290316082646,490.11307213168124,472.37573734588057
NOV,2023-01-26,22.927028644400004,2023-02-03,21.365103521392403,35634,21.311010008319307,0.8080093180403474,1.616018636080696,-55657.639833252855,-56131.13158453161,-0.9665266774371568,stop_loss,8,-0.9665266774371568,245.0945216143649,228.3972296643891
BMRN,2023-01-26,116.11599999999999,2023-02-07,111.91796878051758,14072,110.79831102130706,2.6588444893464613,5.317688978692928,-59074.69532055636,-60037.363523160195,-0.7894465502407525,stop_loss,12,-0.7894465502407525,490.19530559999987,472.472897003833
BEN,2023-02-03,27.95137783069533,2023-02-10,25.746494243470366,29902,26.33709486032675,0.8071414851842885,1.6142829703685777,-65930.42902520084,-66412.13115642934,-1.365859411080535,stop_loss,7,-1.365859411080535,250.7406299680355,230.96150126047525
VAL,2023-01-13,70.34026663970947,2023-02-22,65.98395304870606,23341,64.7870066982387,2.7766299707353834,5.55325994147077,-101680.71552761068,-102635.29861113487,-0.7844605937624545,trailing_stop,40,-0.7844605937624545,492.54364909123757,462.03943443295435
LVS,2023-01-27,55.59425764885,2023-02-22,53.01138387011026,29462,52.62434884901782,1.484954399916088,2.969908799832176,-76096.62726923019,-77056.54909235967,-0.8696811763666589,stop_loss,26,-0.8696811763666589,491.3754056551255,468.5464174743565
AXTA,2023-01-27,28.868840152740475,2023-02-22,28.58139060974121,28369,27.3423182729445,0.7632609398979884,1.5265218797959754,-8154.656085346166,-8643.597764296419,-0.18830358529658558,trailing_stop,26,-0.18830358529658558,245.69403788792835,243.2476410623245
KNX,2023-01-30,56.652148651621154,2023-02-22,56.23209333232145,14440,53.429572742718946,1.6112879544511025,3.2225759089022077,-6065.598810687759,-6554.613346962199,-0.13034768805269228,trailing_stop,23,-0.13034768805269228,245.41710795882284,243.5974283156165
STT,2023-01-24,77.53822120412808,2023-02-23,79.82452981460398,21071,73.58970834622885,1.974256428949617,3.9485128578992317,48174.808731337675,47180.071573322966,0.5790303065373092,trailing_stop,30,0.5790303065373092,490.1423576976548,504.5948003170561
STLD,2023-01-27,114.70038278930953,2023-02-24,111.45104709811241,7140,106.8346845214512,3.9328491339291687,7.865698267858335,-23200.25683514742,-23684.673197966276,-0.41310200067995284,trailing_stop,28,-0.41310200067995284,245.68821993470098,238.7281428841568
EZU,2023-01-17,40.40079452977586,2023-02-27,40.21906518756334,20406,39.16331785099031,0.618738339392773,1.2374766787855478,-3708.3689571886903,-4201.907614406297,-0.14685476124759655,trailing_stop,41,-0.14685476124759655,247.32558395238183,246.21307326522526
SAIA,2023-01-30,267.9376834411621,2023-02-27,273.5162185363769,3053,245.94276910517448,10.99745716799382,21.99491433598763,17031.267645690838,16535.35001686961,0.25362840745814286,trailing_stop,28,0.25362840745814286,245.40412426376037,250.51350455746763
AME,2023-02-07,142.87464022814729,2023-02-27,139.09778411952433,5816,137.29804700478473,2.788296611681274,5.576593223362551,-21966.19512775108,-22458.1806137529,-0.6772694290844471,stop_loss,20,-0.6772694290844471,249.28767227007137,242.6978137317461
CHE,2023-02-27,527.4557352454776,2023-03-08,505.6357719448857,3127,506.05779880282705,10.698968221325275,21.397936442650575,-68231.02524095103,-69200.1683838463,-1.0197227830390312,stop_loss,9,-1.0197227830390312,494.8062252337825,474.3369176614973
ORI,2023-01-27,21.303527509740732,2023-03-09,20.44143281378416,76887,20.495302624753123,0.40411244249380396,0.8082248849876095,-66283.8748880129,-67246.76831733136,-1.066652007342966,stop_loss,41,-1.066652007342966,491.38929589243077,471.50413342602684
SGI,2023-01-12,37.81118061569827,2023-03-10,38.89251760426676,43426,35.69267970545013,1.0592504551240705,2.1185009102481374,46958.14006557515,45958.85962590509,0.5104255482438439,trailing_stop,57,0.5104255482438439,492.5964988251939,506.68394084486647
FLR,2023-01-17,36.31627877807617,2023-03-10,34.415550762176515,45403,34.01775093376936,1.1492639221534011,2.298527844306804,-86298.75410589192,-87262.18528287674,-0.8269327781290718,trailing_stop,52,-0.8269327781290718,494.6604016082976,468.7707753765301
MS,2023-01-18,86.60739431584233,2023-03-10,82.60391814448586,18954,82.42798774712519,2.0897032843585723,4.179406568717141,-75881.88735189049,-76844.05671680241,-0.9579054120559812,trailing_stop,51,-0.9579054120559812,492.46696555874263,469.70239935317545
TDG,2023-01-12,577.5225032107826,2023-03-13,600.6116376060027,2843,553.2148979375318,12.153802636625391,24.30760527325083,65642.40908561066,64637.57847690803,0.9498728540169435,trailing_stop,60,0.9498728540169435,492.56894298847646,512.2616657141596
TEX,2023-01-12,45.611240888042225,2023-03-13,49.96049528412518,35999,42.75539501434523,1.4279229368484974,2.8558458736969925,156568.8090045903,155536.66292545173,1.5229303640440137,trailing_stop,60,1.5229303640440137,492.58771821858966,539.5583609199667
CXT,2023-01-25,38.664303130151744,2023-03-13,36.59139721790172,42301,36.81752575864793,0.9233886857519058,1.846777371503812,-87685.99299408817,-88641.01040821508,-1.122444937996005,trailing_stop,47,-1.122444937996005,490.6616060125646,464.3558081143383
URI,2023-01-27,417.0092600826151,2023-03-13,404.9725924278123,1963,394.1724152636777,11.418422409468716,22.836844818937436,-23627.978606377976,-24112.043719321366,-0.5270722707202286,trailing_stop,45,-0.5270722707202286,245.5767532626521,238.48835968073868
HXL,2023-01-27,65.47959378536237,2023-03-13,65.2917643507094,12507,61.95434831131546,1.7626227370234553,3.525245474046912,-2349.1827392046775,-2839.8499520670325,-0.05328123560069253,trailing_stop,45,-0.05328123560069253,245.6859838420581,244.98122902029672
AIT,2023-01-27,134.14235685616737,2023-03-13,132.78873434043874,12210,126.72484234460607,3.708757255780644,7.4175145115612935,-16527.730917046585,-17505.499504099753,-0.18249003943555622,trailing_stop,45,-0.18249003943555622,491.36345316414105,486.4051338890271
NVT,2023-02-08,42.56865220758936,2023-03-13,41.34684954871423,19737,40.758416987405504,0.9051176100919275,1.8102352201838556,-24114.719078218386,-24611.591155667636,-0.6749413806847905,trailing_stop,33,-0.6749413806847905,252.05324658635737,244.81883086289187
MGM,2023-02-10,43.883840152740476,2023-03-13,41.7981601524353,18912,41.270403565053016,1.3067182938437303,2.6134365876874597,-39444.38016577146,-39930.50556270291,-0.7980603050142193,trailing_stop,31,-0.7980603050142193,248.97935549058835,237.14604144085692
EME,2023-02-24,164.6543651003127,2023-03-13,154.24442292338026,10063,156.75303489409575,3.950665103108476,7.901330206216954,-104755.24812647121,-105717.97167763594,-1.3174923595449355,stop_loss,17,-1.3174923595449355,497.07506280133407,465.64848836339263
FIX,2023-02-27,146.0581996333901,2023-03-13,136.60704333114268,5647,137.98935762601096,4.034421003689575,8.068842007379146,-53370.67963879122,-53849.542826897436,-1.1713150776287504,stop_loss,14,-1.1713150776287504,247.43719599892617,231.4259921072888
AXTA,2023-03-07,30.970940534591673,2023-03-13,29.08089060974121,27231,29.472137272340504,0.7494016311255848,1.4988032622511689,-51467.94950360294,-51958.53092777034,-1.2610393721799416,stop_loss,6,-1.2610393721799416,253.01090450923974,237.57051965815887
PCAR,2023-01-25,65.75624033080976,2023-03-14,64.07044807705772,24872,62.76565673835655,1.4952917962266057,2.9905835924532127,-41929.02493532076,-42897.739753544905,-0.5637000945254182,trailing_stop,48,-0.5637000945254182,490.6467628523701,478.0680553717739
WYNN,2023-01-27,98.97957983586367,2023-03-14,104.14514668885275,8274,93.21657316123094,2.8815033373163645,5.763006674632734,42739.900141631595,42235.70394545194,0.8963319226622734,trailing_stop,46,0.8963319226622734,245.6871130685808,258.5090831110703
ALV,2023-01-30,83.68581709029588,2023-03-14,84.42708988022393,19551,79.42707595825232,2.129370566021783,4.258741132043568,14492.624315883246,13506.591682629056,0.17405913319092614,trailing_stop,43,0.17405913319092614,490.84242297971247,495.1902102744774
LIN,2023-02-27,332.1449459497457,2023-03-14,327.6208698052737,4966,317.29917061748387,7.422887666130913,14.845775332261837,-22466.562133448046,-23449.48124575987,-0.3047382870358143,trailing_stop,15,-0.3047382870358143,494.8295404759312,488.0895718358967
BWXT,2023-03-10,61.32976323472959,2023-03-14,59.93632283189702,26712,58.9088034291881,1.2104799027707451,2.420959805541493,-37221.58004046354,-38193.35794776706,-0.5755735389092502,stop_loss,4,-0.5755735389092502,491.4721906578291,480.30571664569
JBL,2023-01-12,74.43863148437342,2023-03-16,79.36900695506996,11029,70.50665424865227,1.965988617860578,3.931977235721149,54377.11106631221,53868.20773300762,1.2539176030586263,trailing_stop,63,1.2539176030586263,246.29509999234634,262.60823331224
GE,2023-03-10,72.2663937750959,2023-03-16,70.16004329486056,22669,68.84155705803909,1.7124183585284094,3.42483671705682,-47748.859036455135,-48717.45850703679,-0.6150221614201421,stop_loss,6,-0.6150221614201421,491.4620641462947,477.13740643535823
GLD,2023-03-20,184.37419244384765,2023-03-22,180.2195939025879,8709,179.92392981964298,2.22513131210233,4.450262624204669,-36182.39869583124,-37134.97288141857,-0.9335625539632619,stop_loss,2,-0.9335625539632619,481.71445259804074,470.8597329892914
DKS,2023-03-08,137.16056281820354,2023-03-24,128.08069760975397,12175,129.79866914848952,3.6809468348570107,7.361893669714021,-110547.35891287358,-111516.15261658668,-1.2333600043427808,stop_loss,16,-1.2333600043427808,500.9789556934885,467.81474801962634
CHDN,2023-03-22,126.20681253205007,2023-03-24,119.79834169074336,12761,120.92570109625377,2.6405557178981427,5.281111435796291,-81778.49640591492,-82720.27793782605,-1.2134701036355682,stop_loss,2,-1.2134701036355682,483.15754041644726,458.62399149467274
GLD,2023-03-24,185.7956106109619,2023-03-28,182.12768756103515,8684,181.03323156259304,2.3811895241844208,4.762379048368842,-31852.243765563828,-32810.75754196152,-0.7701871297252239,stop_loss,4,-0.7701871297252239,484.03472476367784,474.4790516340088
SMCI,2023-03-23,11.411399618148803,2023-03-29,10.444544923782349,140857,10.312242313371717,0.549578652388543,1.0991573047770853,-136188.25168437557,-137111.82051847843,-0.8796326878458374,stop_loss,6,-0.8796326878458374,482.2126548040758,441.35617929876315
CLH,2023-04-03,141.94180305480955,2023-04-06,134.82504670715332,11453,134.77059396848438,3.585604543162593,7.171209086325177,-81508.21044970686,-82459.15366880399,-0.9924067562368557,stop_loss,3,-0.9924067562368557,487.6978411160201,463.24537798110805
AAON,2023-04-04,63.93182108011633,2023-04-06,61.049992753019694,25413,60.39258415916918,1.7696184604735727,3.539236920947147,-73235.90327650678,-74188.75212698923,-0.814251317859054,stop_loss,2,-0.814251317859054,487.40981073269893,465.4390397497469
WDAY,2023-03-30,200.2,2023-04-10,194.98481268310547,7984,189.2550429025102,5.47247854874489,10.944957097489777,-41638.055538085806,-42584.60220142438,-0.4764922576161232,stop_loss,11,-0.4764922576161232,479.51903999999996,467.0276233385742
OLED,2023-03-31,147.36816839261976,2023-04-18,137.5791693122792,10898,139.06331342715396,4.152427482732905,8.304854965465807,-106680.51197755158,-107612.11880344398,-1.178708011283316,stop_loss,18,-1.178708011283316,481.80548974283107,449.8013361495656
DUOL,2023-04-03,142.19205305480955,2023-04-18,137.38248426818848,11433,131.02578999872932,5.583131528040108,11.166263056080226,-54987.79993743871,-55946.71264300286,-0.4307232206930838,stop_loss,15,-0.4307232206930838,487.70452277269123,471.20818279145965
SLV,2023-04-14,23.863840152740476,2023-04-18,22.907070304870604,33953,23.005842302607086,0.4289989250666961,0.8579978501333905,-32485.206644725753,-32961.61046155593,-1.115119166931625,stop_loss,4,-1.115119166931625,243.07468941179923,233.3291274183815
ANET,2023-03-09,37.234695819854736,2023-04-20,38.731230457305905,45041,35.127847116021925,1.0534243519164048,2.10684870383281,67405.41660543813,66378.94221980326,0.7103189871814962,trailing_stop,42,0.7103189871814962,503.1263803266231,523.3480053082546
ALGM,2023-01-27,35.46543030548095,2023-04-21,41.46848832321167,23092,33.04046442435813,1.2124829405614115,2.424965881122823,138622.61574543786,138089.64833074572,2.475522672076173,trailing_stop,84,2.475522672076173,245.69031498424982,287.2770997078812
RGLD,2023-04-06,131.34319006361463,2023-04-21,124.92206678249974,12153,124.62648047328324,3.358354795165699,6.716709590331391,-78035.91123538923,-78970.22873532448,-0.955992394007626,trailing_stop,15,-0.955992394007626,478.8641366529326,455.4533632823158
LMT,2023-04-19,463.5770094332942,2023-04-24,444.57785642226133,3508,448.3692418318289,7.603883800732651,15.20776760146532,-66649.02876270337,-67604.77094352976,-1.249305848756017,stop_loss,5,-1.249305848756017,487.8684447275988,467.87373609878784
CDNS,2023-03-17,206.98677877807614,2023-04-26,203.6960939025879,3874,197.14843304628872,4.919172865893714,9.838345731787427,-12748.113207641438,-13225.408842270906,-0.33447542556429233,stop_loss,40,-0.33447542556429233,240.5600342958801,236.73560033358763
REGN,2023-03-24,799.2536854662667,2023-04-26,774.5906016216903,2018,762.0369143115755,18.60838557734561,37.21677115469117,-49770.1031983551,-50722.90852975815,-0.6626873605467943,trailing_stop,33,-0.6626873605467943,483.8681811812778,468.9371502217713
RMBS,2023-03-30,47.83779091644286,2023-04-26,45.00494923782349,33414,44.538739725177955,1.6495255956324535,3.2990511912649083,-94656.57184938776,-95587.24604524217,-0.8586837591729573,stop_loss,27,-0.8586837591729573,479.53558370460655,451.1386121497902
BRKR,2023-03-30,77.27332671556694,2023-04-26,75.71678470627268,20685,73.1015429679849,2.085891873791019,4.17178374758204,-32197.071462251803,-33146.451598680025,-0.3731118637672509,trailing_stop,27,-0.3731118637672509,479.5196289334507,469.860507494775
FHI,2023-04-19,38.57570514804219,2023-04-27,36.67869108812337,42166,36.778217321722735,0.8987439131597256,1.797487826319454,-79989.49485053684,-80941.44791204509,-1.0553696287352072,stop_loss,8,-1.0553696287352072,487.97495498170406,463.978106526543
ENSG,2023-04-26,100.55604236976701,2023-04-28,95.15954429421993,15621,96.72995520153896,1.9130435841140288,3.8260871682280566,-84298.69643812103,-85215.87839190447,-1.4104482826109581,stop_loss,2,-1.4104482826109581,471.2357813574391,445.9461724260028
RLI,2023-04-21,66.75212750206217,2023-05-01,63.61875301911182,24111,63.302818517469824,1.7246544922961697,3.449308984592342,-75548.79215841576,-76491.80384848957,-0.908406436462132,stop_loss,10,-0.908406436462132,482.83816386066627,460.17352621314154
PPG,2023-04-04,130.24195986093358,2023-05-05,126.8800730266805,12474,123.69734760293886,3.2723061289973545,6.544612257994714,-41936.1763704728,-42898.37844194483,-0.5136877024526982,trailing_stop,31,-0.5136877024526982,487.3914621915856,474.8106092804438
TKO,2023-04-06,93.69308496759595,2023-05-18,95.73671798615214,17037,88.29162391335146,2.700730527122249,5.401461054244493,34817.375737141854,33849.18107126495,0.37834819098626965,trailing_stop,42,0.37834819098626965,478.8747265778797,489.3199392990222
HSY,2023-03-27,227.46517923962227,2023-05-23,240.4222421468999,7072,220.74495854158766,3.360110349017307,6.720220698034609,91632.34888026731,90639.67892705367,1.9280710395518752,trailing_stop,57,1.9280710395518752,482.59012427478257,510.0798289388629
PG,2023-04-24,143.74283185185598,2023-05-23,137.5129543678393,11173,139.80767713430976,1.9675773587731071,3.935154717546226,-69606.42112891824,-70549.16239874804,-1.5831340649043966,stop_loss,29,-1.5831340649043966,481.8115980842361,460.9296717455606
KMB,2023-04-26,127.79480350022017,2023-05-23,124.7643650405839,6145,124.30428455642608,1.745259471897046,3.4905189437940862,-18622.044334464892,-19087.637161669867,-0.8681913802600021,trailing_stop,27,-0.8681913802600021,235.58972025265587,230.00310695231641
NVR,2023-03-20,5502.577158203125,2023-05-24,5603.391,291,5247.9312919655085,127.32293311880828,254.64586623761625,29336.82796289058,28367.276942679448,0.39589820673862025,trailing_stop,65,0.39589820673862025,480.37498591113274,489.1760343
ISRG,2023-04-20,299.25895144653316,2023-05-24,299.70999975585937,5416,285.1338050382047,7.062573204164245,14.125146408328476,2442.8776433107587,1469.6728913971112,0.031932292684786874,trailing_stop,34,0.031932292684786874,486.23594431032706,486.9688076033203
DHI,2023-04-21,104.34152948727173,2023-05-24,103.33669471531016,7712,99.19661594748459,2.5724567698935674,5.14491353978714,-7749.285761367621,-8229.770100882713,-0.1953064447421486,trailing_stop,33,-0.1953064447421486,241.40456262175184,239.07977689334157
PHM,2023-04-26,63.2981131321171,2023-05-24,64.42121526378173,12408,60.539334585917224,1.3793892730999404,2.7587785461998777,13935.451249694735,13460.02882167384,0.4071012271759417,trailing_stop,28,0.4071012271759417,235.62089632299273,239.8015316979011
CHDN,2023-04-28,142.42365350029772,2023-05-24,136.46736700947574,11178,135.8220997524552,3.3007768739212637,6.60155374784253,-66579.3703944081,-67514.60354258558,-0.9022552444973381,trailing_stop,26,-0.9022552444973381,477.6034796478983,457.62966852957595
FISV,2023-04-26,119.53941816711425,2023-05-26,112.5673203048706,13140,115.17810489032688,2.180656638393688,4.361313276787371,-91613.36590988147,-92528.33067293803,-1.598623492458544,stop_loss,30,-1.598623492458544,471.22438641476435,443.74037664179997
BSX,2023-04-03,50.02997954177856,2023-05-30,51.16878121948242,32496,48.4403521019059,0.7948137199363303,1.5896274398726575,37006.49931866464,36019.93283975525,0.7163953321006384,trailing_stop,57,0.7163953321006384,487.7322645568908,498.8342143524902
LNTH,2023-05-05,96.28619244384764,2023-05-30,90.95895304870605,16459,90.05087773680197,3.117657353522838,6.235314707045674,-87681.03320463542,-88605.593559534,-0.8543657610612672,stop_loss,25,-0.8543657610612672,475.43233242998656,449.1280224685959
MU,2023-05-30,73.51441399993787,2023-06-01,67.99243916957408,23198,68.90267729422352,2.305868352857174,4.61173670571435,-128098.77211477916,-129083.57490872707,-1.1973742610937812,stop_loss,2,-1.1973742610937812,511.6162127911676,473.1865811567339
KLAC,2023-05-30,456.53206550245767,2023-06-01,433.79383805519615,1867,432.009757786396,12.261153858030852,24.522307716061675,-42452.270644037264,-42950.9421826199,-0.9272466405096282,stop_loss,2,-0.9272466405096282,255.70360988792652,242.96792869471534
AVGO,2023-05-24,65.55039498634846,2023-06-02,75.90281794587456,24500,62.98077339708853,1.2848107946299674,2.5696215892599383,253634.3625083893,252594.6813933375,4.028773342656899,trailing_stop,9,4.028773342656899,481.79540314966124,557.8857119021781
CMG,2023-04-27,40.55851955795288,2023-06-08,40.24491301345825,38486,38.8285118629682,0.8650038474923398,1.7300076949846783,-12069.461471420154,-13002.401743203154,-0.18127465294158873,trailing_stop,42,-0.18127465294158873,468.2805551122123,464.65971667078634
MLI,2023-06-08,41.41158789981328,2023-06-15,38.97974185701992,41239,39.21283655063954,1.0993756745868717,2.1987513491737403,-100286.89895875538,-101281.47637310799,-1.10601230271318,stop_loss,7,-1.10601230271318,512.3317420201199,482.2456723324933
RMBS,2023-05-26,64.064,2023-06-16,61.2786601524353,26027,59.508820392652176,2.2775898036739095,4.555179607347817,-72494.04021256625,-73472.72823730248,-0.6114665255068644,stop_loss,21,-0.6114665255068644,500.2181183999999,478.46990633623005
SNPS,2023-05-26,434.7342877807617,2023-06-21,434.49506268310546,1917,413.78856298483703,10.472862397962333,20.94572479592466,-458.59451220699464,-958.4883116587646,-0.011421189764833353,trailing_stop,26,-0.011421189764833353,250.01568890271605,249.87811054905393
AMD,2023-05-26,122.58245908355711,2023-06-22,112.12775786590576,13602,113.5901059839641,4.496176549796507,8.992353099593018,-142204.84596249362,-143162.60447377758,-1.1626212963239304,stop_loss,27,-1.1626212963239304,500.20998253636316,457.548528747615
INTC,2023-06-15,34.60983054784638,2023-06-22,32.00495311100146,51427,32.353048995949244,1.1283907759485667,2.2567815518971344,-133961.03194462348,-134988.77148839054,-1.1542443860617166,stop_loss,7,-1.1542443860617166,533.9639266752287,493.77561709184164
EWJ,2023-06-05,56.982111962584554,2023-06-26,56.09962951162776,30008,55.81344520067154,0.5843333809565083,1.1686667619130162,-26481.53338831145,-27499.5404577589,-0.7551189780671425,trailing_stop,21,-0.7551189780671425,512.9757647319711,505.03130471547775
CDNS,2023-05-26,226.48625450134276,2023-06-27,223.2864845123291,3681,215.59062698354685,5.447813758897949,10.895627517795901,-11778.353329559231,-12275.037365252028,-0.29367468590381235,trailing_stop,32,-0.29367468590381235,250.10877084583282,246.575264846965
JBL,2023-06-16,105.39188319800755,2023-06-27,100.98199085738158,16920,100.72483803607327,2.3335225809671423,4.667045161934283,-74615.37840339146,-75662.9321880966,-0.9449002929292993,stop_loss,11,-0.9449002929292993,534.9691991130863,512.584585592069
BRBR,2023-03-28,33.283249999999995,2023-07-07,35.184781219482424,48146,31.425473068326223,0.9288884658368867,1.8577769316737722,91551.12209320103,90562.18354387308,1.0235519599057763,trailing_stop,101,1.0235519599057763,480.73660634999993,508.20194297796024
KBH,2023-06-22,49.327671345641534,2023-07-07,46.140390103026085,17738,47.10059325406861,1.1135390457864602,2.2270780915729205,-56535.99468151282,-57044.01842370576,-1.4311492958759988,stop_loss,15,-1.4311492958759988,262.4922702986969,245.531471894243
DHI,2023-06-26,117.07161271721954,2023-07-07,111.06124675709044,7405,112.3687986183794,2.3514070494200716,4.702814098840136,-44506.75993475593,-45013.55708207811,-1.2780360511404099,stop_loss,11,-1.2780360511404099,260.0745876513032,246.72255967087642
PANW,2023-05-25,103.23813713836668,2023-07-13,118.02685164642334,15594,97.82789700868942,2.7051200648386304,5.410240129677263,230615.21403863552,229580.0921681025,2.7334673052559775,trailing_stop,49,2.7334673052559775,482.968653160707,552.1532173722977
PNR,2023-07-12,64.41455380248401,2023-07-17,63.3974117313498,13985,61.80350305417333,1.3055253741553388,2.6110507483106744,-14224.731864811918,-14760.966966209118,-0.38955277747561623,stop_loss,5,-0.38955277747561623,270.2512604783216,265.9838409188781
ELF,2023-05-26,103.43333183288573,2023-07-25,109.56032817077637,8060,96.4015379834662,3.5158969247097653,7.031793849419529,49383.5904833986,48868.57181350974,0.8713276397311371,trailing_stop,60,0.8713276397311371,250.10179637191771,264.91687351693724
MANH,2023-04-27,165.845672668457,2023-07-27,189.67014060974122,9412,157.4634873489206,4.1910926597682,8.382185319536404,224235.89226336702,223232.0578129947,2.8422740649453786,trailing_stop,91,2.8422740649453786,468.28184134665526,535.5526090256653
TMHC,2023-05-01,43.04299999999999,2023-07-27,48.37157817077637,18593,40.8763856200836,1.0833071899581936,2.166614379916389,99074.25392924514,98564.35255366637,2.4594031222953516,trailing_stop,87,2.4594031222953516,240.08954969999996,269.8118258787735
CSGP,2023-06-22,87.4373484725952,2023-07-27,84.44546878051757,20014,83.99699204043567,1.720178216079764,3.4403564321595326,-59879.48015724172,-60911.49896859286,-0.8696423615036918,stop_loss,35,-0.8696423615036918,524.9913276991562,507.0274836519836
KBR,2023-06-05,59.32836675796545,2023-07-28,59.96194857808128,28821,57.19872489040293,1.0648209337812593,2.129641867562519,18260.461637558306,17229.041784068246,0.29750627547578923,trailing_stop,53,0.29750627547578923,512.9708574993966,518.4489959906641
BWA,2023-07-07,43.38095618855585,2023-08-03,40.73340245260076,40505,41.17238581528129,1.104285186637282,2.2085703732745614,-107239.16407486102,-108261.27970388904,-1.1987635838968842,trailing_stop,27,-1.1987635838968842,527.1436891252364,494.97193990277805
GRMN,2023-07-07,102.28496670487787,2023-08-03,101.67190301442783,17179,98.96014047761902,1.6624131136294267,3.3248262272588534,-10531.82113824137,-11582.953657713755,-0.18438969394063248,stop_loss,27,-0.18438969394063248,527.1460329069291,523.9864865654567
RCL,2023-07-28,108.61361002508205,2023-08-03,102.14670987702195,16833,102.72276407972134,2.945422972680351,5.890845945360709,-108857.33019229575,-109921.64873176938,-1.097788027057992,stop_loss,6,-1.097788027057992,548.4878692656619,515.8306702079731
TOL,2023-06-05,69.12936097970065,2023-08-04,76.2104072278552,12367,65.89055963658899,1.6194006715558338,3.2388013431116605,87571.29895092732,87032.07387690047,2.1863169419806012,trailing_stop,60,2.1863169419806012,256.4768421707874,282.74823185606556
PHM,2023-07-26,82.64926983478414,2023-08-04,80.39047824831323,11150,78.86378200758313,1.8927439136005013,3.7854878272010097,-25185.5261891506,-25730.89414648856,-0.5966976224940226,stop_loss,9,-0.5966976224940226,276.46180759735296,268.90614974060776
FND,2023-07-13,113.51340152740477,2023-08-07,102.85703908538818,16016,106.91440277627868,3.299499375563046,6.598998751126089,-170672.30087133765,-171711.91756439398,-1.6148453491066546,stop_loss,25,-1.6148453491066546,545.4091916588744,494.20750139747315
IWF,2023-07-17,69.48593686570022,2023-08-07,68.30755173435699,13238,67.91077025551469,0.7875833050927692,1.5751666101855335,-15599.462368721726,-16146.695429347994,-0.7481018983791408,trailing_stop,21,-0.7481018983791408,275.9564496684419,271.27661095782537
UNP,2023-07-27,221.49071472195885,2023-08-09,213.34974743514235,8234,213.09519950648107,4.197757607738899,8.395515215477786,-67032.7246396471,-68106.86754926757,-0.9696804874831264,stop_loss,13,-0.9696804874831264,547.1263635061828,527.0165461142886
BSY,2023-04-03,41.997417624961535,2023-08-10,47.46793759245119,38711,39.78662696863002,1.1053953281657587,2.2107906563315183,211769.29846149214,210730.31045174575,2.4744631301125457,trailing_stop,129,2.4744631301125457,487.7286101039658,551.2593996424134
SMCI,2023-05-18,15.560545076370238,2023-08-10,26.515457817077635,104283,14.149116234260443,0.7057144210548976,1.4114288421097942,1142411.1653391896,1141094.8217962685,7.761576364226813,trailing_stop,84,7.761576364226813,486.8100966597352,829.5334462614921
SMH,2023-05-26,140.023165687892,2023-08-10,148.95843464834246,5954,133.88358587030876,3.0697899087916247,6.13957981758324,53200.59139052202,52684.41245600144,1.455355126235284,trailing_stop,76,1.455355126235284,250.10937855171272,266.0695559688693
SOXX,2023-05-26,152.4932474278322,2023-08-10,164.85659753112563,5467,145.78281749724007,3.3552149652960566,6.710429930592113,67590.43501470525,67069.94953398805,1.8424080470507986,trailing_stop,76,1.8424080470507986,250.10417510638757,270.38130561079913
NVR,2023-06-26,6190.183999999999,2023-08-11,6072.381500976562,280,5973.686739512768,108.2486302436154,216.49726048723096,-32984.699726562394,-34014.755228644426,-0.5441292825522156,trailing_stop,46,-0.5441292825522156,519.975456,510.0800460820312
NVDA,2023-02-24,23.223719529614687,2023-08-14,40.4139252211539,71352,21.107974745442267,1.0578723920862099,2.1157447841724206,1226555.5565027061,1225193.354534229,8.124895696369736,trailing_stop,171,8.124895696369736,497.11765076312014,865.0843177139319
LRCX,2023-07-28,69.26309376730502,2023-08-14,63.354671888020285,13198,65.34692033628691,1.9580867155090562,3.916173431018109,-77979.35196279998,-78504.43874413567,-1.5087232430737096,stop_loss,17,-1.5087232430737096,274.2402934622675,250.84648787342752
ESNT,2023-08-07,50.884183779833634,2023-08-17,48.370207455030446,18164,49.07985609845229,0.9021638406906722,1.804327681381345,-45663.86596372511,-46204.722992442126,-1.393303639214001,stop_loss,10,-1.393303639214001,277.27809425306947,263.5789344639519
NVT,2023-06-27,48.02655422084488,2023-08-18,49.685978973929394,35853,45.6666534355566,1.1799503926441397,2.359900785288282,59495.35567233912,58444.36943654945,0.7031756434123998,trailing_stop,52,0.7031756434123998,516.5688145439854,534.4174212456871
BA,2023-07-27,235.48524999999998,2023-08-18,222.00776573181153,7745,224.9127474890761,5.286251255461933,10.572502510923869,-104383.11565711953,-105446.1006791724,-1.2747676582968936,stop_loss,22,-1.2747676582968936,547.1499783749999,515.8350436778641
ELF,2023-08-03,133.33319694519042,2023-08-18,116.01386725616454,13893,124.14841902474342,4.592388960223503,9.184777920447004,-240617.44736963653,-241656.70099852135,-1.8856557925554047,stop_loss,15,-1.8856557925554047,555.7194315478592,483.53419733696825
MTG,2023-08-04,16.453691027484886,2023-08-18,16.06574163501836,112228,15.89616410121144,0.2787634631367237,0.5575269262734466,-43538.78441773346,-44633.66168438769,-0.6958397418750903,trailing_stop,14,-0.6958397418750903,553.9694509897721,540.9078156644521
BWXT,2023-08-07,72.20293024534367,2023-08-18,68.98447296223254,25603,69.50412731364857,1.349401465847551,2.6988029316950986,-82402.16181949404,-83486.60814479111,-1.1925499432778635,stop_loss,11,-1.1925499432778635,554.5834869214602,529.862838375612
AKAM,2023-08-10,103.80369694519042,2023-08-18,99.43046878051757,17316,99.75019017381987,2.026753385685273,4.05350677137055,-75726.81889947511,-76782.57974358702,-1.0788752582234369,stop_loss,8,-1.0788752582234369,539.2394448908752,516.5213992210327
OLLI,2023-08-15,76.076,2023-08-21,73.2466796951294,23629,72.23381880418603,1.921090597906979,3.8421811958139642,-66854.00948378722,-67912.51316334208,-0.7363838821430705,stop_loss,6,-0.7363838821430705,539.2799411999999,519.2237383548638
AFL,2023-08-03,71.86968822668923,2023-08-22,69.74020422857178,25775,69.55860932767662,1.1555394495063065,2.311078899012614,-54887.45005147729,-55982.44854488759,-0.921424188082567,stop_loss,19,-0.921424188082567,555.7323642128745,539.2661291974313
REGN,2023-08-22,836.2653516271461,2023-09-07,813.6584220777532,2083,802.8164699377892,16.724440844678462,33.44888168935688,-47090.234251385235,-48121.271617573424,-0.6758650336757336,stop_loss,16,-0.6758650336757336,522.5822182318035,508.455147956388
CHRD,2023-09-05,142.54870671492196,2023-09-12,136.73251012422105,6415,136.37287028683775,3.087918214042107,6.17583642808421,-37310.90112934635,-37848.37783115328,-0.9417666187291069,stop_loss,7,-0.9417666187291069,274.3349860728673,263.14171573406344
FN,2023-08-23,153.81366366577146,2023-09-13,148.53131268310545,11334,143.55233579691372,5.130663934428864,10.261327868857734,-59870.16603753647,-60898.19942611792,-0.5147823995272087,trailing_stop,21,-0.5147823995272087,522.9972191963561,505.03616938509515
ROST,2023-08-24,118.24702484187999,2023-09-14,113.92491737866017,14941,113.74837790961928,2.249323466130355,4.498646932260712,-64576.607607967366,-65617.27190458249,-0.9607572072893987,stop_loss,21,-0.9607572072893987,530.0186394487587,510.6456571663685
PR,2023-08-22,12.035539531225544,2023-09-15,12.316717910851303,144796,11.218107854958575,0.40871583813348406,0.8174316762669687,40713.5046562914,39655.671815716516,0.3439778366674497,trailing_stop,24,0.3439778366674497,522.8093945890002,535.0234459858875
CSCO,2023-08-18,50.711488264056484,2023-09-18,51.888628969674826,34052,49.06515343414802,0.8231674149542296,1.6463348299084615,40083.995307715784,39035.87355010288,0.7150068650881867,trailing_stop,31,0.7150068650881867,518.0482795102954,530.0734781026101
MTSI,2023-08-23,77.58751213836669,2023-09-18,77.32260152435303,22470,72.92628782422561,2.3306121570705414,4.66122431414108,-5952.541496886898,-6996.790573087293,-0.056832839649012465,trailing_stop,26,-0.056832839649012465,523.0174193247299,521.2316568756638
APP,2023-08-11,37.23720076370239,2023-09-20,39.630328170776366,48021,34.149596219856846,1.5438022719227718,3.0876045438455435,114920.37121509941,113812.99453301063,0.7750757498540887,trailing_stop,40,0.7750757498540887,536.4502853621258,570.9263967266556
CELH,2023-08-10,58.455064147949216,2023-09-21,59.353920558929445,30749,53.68474709137474,2.3851585282872385,4.770317056574477,27638.935781231085,26552.18324000554,0.18842697462664895,trailing_stop,42,0.18842697462664895,539.2304302455872,547.5221109799564
ANF,2023-08-24,51.251200763702386,2023-09-21,49.999949237823486,34473,47.8083241166555,1.7214383235234423,3.4428766470468872,-43134.3938516233,-44181.52311982409,-0.3634319942749489,trailing_stop,28,-0.3634319942749489,530.0347931781338,517.0944750226467
PWR,2023-02-24,157.671981637346,2023-09-22,185.60375473061072,5254,148.6557643655813,4.508108635882355,9.016217271764702,146753.53583201286,146212.4646163497,3.0979480919050397,trailing_stop,210,3.0979480919050397,248.52257745678477,292.5486382063886
CXT,2023-04-10,42.31976423500245,2023-09-22,54.878168290369345,37682,39.68737872000135,1.3161927575005523,2.632385515001104,473225.78161433525,472126.99786630896,4.770731332398182,trailing_stop,165,4.770731332398182,478.4080067710087,620.3757412553092
LLY,2023-08-09,509.90688674309536,2023-09-22,537.8510261358906,3671,486.2040372412648,11.851424750915283,23.702849501830542,102582.93571095137,101429.03992149774,1.1789358655227153,trailing_stop,44,1.1789358655227153,561.5604543701709,592.3353350834564
EVR,2023-09-18,140.09612000977094,2023-09-22,133.74316028384837,12781,134.08513407236464,3.005492968703149,6.0109859374063035,-81197.17825701642,-82247.16020944624,-1.0568914637427733,stop_loss,4,-1.0568914637427733,537.1705529534647,512.8113994763598
KKR,2023-09-18,63.26370200861386,2023-09-22,60.93986092771225,28304,60.73715059780167,1.2632757054060952,2.526551410812189,-65773.99795383913,-66828.63524744406,-0.9197679773927827,stop_loss,4,-0.9197679773927827,537.1847464955421,517.4525471093904
CPAY,2023-08-11,267.72745144653317,2023-09-27,262.39734365844726,6679,256.355542108576,5.685954668978583,11.371909337957163,-35599.7899166258,-36662.00096857765,-0.4687082555516931,trailing_stop,47,-0.4687082555516931,536.4454944634184,525.7655574884308
ACI,2023-09-07,21.38995816033686,2023-09-27,21.264051307314165,84811,20.862876894331787,0.2635406330025371,0.527081266005073,-10678.286111707766,-11763.544870796051,-0.23887559878002373,trailing_stop,20,-0.23887559878002373,544.2311224608989,541.0276366273865
CHTR,2023-09-19,450.46001977539055,2023-09-27,428.3012809753418,3985,429.8728083361104,10.293605719640079,20.587211439280168,-88302.57411819427,-89353.13325324177,-1.0763351251044193,stop_loss,8,-1.0763351251044193,538.5249536414793,512.0341814060212
IBM,2023-09-21,136.95178253669025,2023-09-27,131.78892072745617,12880,133.56800924485324,1.6918866459184976,3.3837732918370023,-66497.66010293487,-67536.07418034752,-1.5257706010296066,stop_loss,6,-1.5257706010296066,529.1816877217711,509.2323896908906
AJG,2023-09-20,230.671402388705,2023-09-28,225.58226490708074,7743,224.30057171924906,3.1854153347279652,6.370830669455927,-39405.19152021656,-40465.02316397794,-0.7988185129489346,stop_loss,8,-0.7988185129489346,535.8266006087229,524.0050431526578
ROIV,2023-09-28,13.2131998090744,2023-10-02,11.548440419197082,130822,11.978950831047552,0.6171244890134242,1.234248978026848,-217787.1529025305,-218758.9630919134,-1.348803539249198,stop_loss,4,-1.348803539249198,518.5731676268194,453.23702175606024
XOM,2023-09-28,109.53320297913498,2023-10-03,105.17792397368747,15781,105.46626025558365,2.0334713617756663,4.066942723551335,-68730.65798496721,-69747.16487329996,-1.0708975516735082,stop_loss,5,-1.0708975516735082,518.5630428641188,497.9438454686286
VST,2023-08-10,29.60862566380506,2023-10-04,31.441668490248624,60707,28.390984870454716,0.6088203966751728,1.2176407933503448,111278.5308649094,110166.67680274635,1.5054052364654575,trailing_stop,55,1.5054052364654575,539.2352514517842,572.618810711257
CASY,2023-09-13,264.92423184254756,2023-10-04,266.04141509787127,6812,254.64807035505754,5.138080743745014,10.276161487490015,7610.25233526511,6525.170939177669,0.10871600808178669,trailing_stop,21,0.10871600808178669,541.3991601934301,543.6822358940098
CRS,2023-09-14,68.18070131496181,2023-10-04,63.37716654541032,26320,64.25337072989822,1.9636652925317932,3.9273305850635865,-126429.03513459522,-127467.81605922071,-1.2231042601354418,stop_loss,20,-1.2231042601354418,538.3548175829385,500.4261070425598
HQY,2023-09-28,75.66558633422851,2023-10-05,72.26765634155274,22845,71.09876758702289,2.2834093736028076,4.566818747205616,-77625.71068267798,-78639.57116135643,-0.7440474826715916,stop_loss,7,-0.7440474826715916,518.574095941635,495.28638273683174
AKAM,2023-09-21,107.76766366577148,2023-10-09,105.09479695129394,8184,104.44732927639592,1.6601671946877836,3.32033438937556,-21874.741191284153,-22397.36110459117,-0.8049992564092948,stop_loss,18,-0.8049992564092948,264.59116783220213,258.0287454748169
FN,2023-09-29,168.81864389038083,2023-10-19,167.75207817077637,10258,159.39520973160634,4.711717079387244,9.423434158774484,-10940.831151702498,-11976.593891773504,-0.11318227533975381,trailing_stop,20,-0.11318227533975381,519.522494708258,516.2402453627471
JBL,2023-09-29,126.38675433658005,2023-10-20,128.90608420149584,13702,119.74079710860177,3.322978613989144,6.645957227978286,34519.85780907615,33470.451066981535,0.37907705067824743,trailing_stop,21,0.37907705067824743,519.5253923759459,529.8813497186688
LLY,2023-10-12,594.5577638245494,2023-10-20,578.2184769398737,2996,567.6457878010864,13.455988011731506,26.911976023463012,-48952.50350648853,-50006.59479168759,-0.6071381332396572,stop_loss,8,-0.6071381332396572,534.388518125505,519.7027670735584
ARES,2023-10-09,99.83156274898104,2023-10-23,94.04074651245479,17405,95.48166905592221,2.174946846529415,4.3498936930588314,-100789.15659673946,-101801.46085954805,-1.3312546570429336,stop_loss,14,-1.3312546570429336,521.2705048938045,491.0337579147827
SNPS,2023-10-11,490.7702787780761,2023-10-23,465.534,3588,466.7039737626605,12.0331525077078,24.066305015415594,-90547.76825573704,-91577.13418141376,-1.0486145987890987,stop_loss,12,-1.0486145987890987,528.2651280767211,501.10079759999996
CME,2023-10-11,192.7913339043049,2023-10-23,189.1210532740202,9134,187.51727942390247,2.6370272402012196,5.274054480402441,-33524.343277020525,-34570.859600366566,-0.6959125363461631,trailing_stop,12,-0.6959125363461631,528.2868131645763,518.2295101814701
NTNX,2023-10-12,38.96893030548095,2023-10-23,35.734230457305905,45720,36.51142906020726,1.2287506226368443,2.45750124527369,-147890.47705856318,-148915.10561158555,-1.3162556293292138,stop_loss,11,-1.3162556293292138,534.4978480699767,490.1307049524078
QLYS,2023-10-09,159.93977877807615,2023-10-24,155.3445,10864,152.984062511684,3.477858133196078,6.955716266392159,-49923.108645019136,-50950.68316641264,-0.6606478185832684,trailing_stop,15,-0.6606478185832684,521.2757269935057,506.2987944
AMGN,2023-10-12,261.345416702146,2023-10-24,249.90279605982596,6817,251.7892067459686,4.7781049780886855,9.556209956177383,-78004.34491869569,-79049.8986386152,-1.1974015529999138,stop_loss,12,-1.1974015529999138,534.4775116975587,511.0762082219501
RRC,2023-10-18,34.845507243801386,2023-10-24,34.08368285863199,25510,32.83375567724956,1.005875783275911,2.0117515665518226,-19434.14006567133,-19961.655157525252,-0.3786871092016485,stop_loss,6,-0.3786871092016485,266.672666936812,260.84242491711063
PSN,2023-10-12,58.05799999999999,2023-10-26,56.253691371917725,15343,56.27426875872865,0.8918656206356689,1.7837312412713402,-27683.507280666236,-28209.672564882036,-1.0115361475623768,stop_loss,14,-1.0115361475623768,267.2351682,258.9301160158001
WSM,2023-09-26,74.64067254349088,2023-10-27,69.67792297073942,23450,70.48170035511384,2.079486094188519,4.158972188377035,-116376.47748102181,-117391.75880046442,-1.193263467022146,stop_loss,31,-1.193263467022146,525.0971313434583,490.18418809915187
CRWD,2023-10-09,176.67649999999998,2023-10-27,174.04578121948242,9835,165.1289750046348,5.773762497682576,11.547524995365166,-25873.119206390147,-26907.92529712823,-0.22781667773600378,trailing_stop,18,-0.22781667773600378,521.2840132499999,513.5220774880828
SBRA,2023-09-21,11.395907435746635,2023-10-30,11.118577287976098,154798,10.907886245923873,0.24401059491138105,0.48802118982276177,-42930.15221458348,-43975.71137646233,-0.5682748076395132,stop_loss,39,-0.5682748076395132,529.2191037716123,516.3400581072373
FANG,2023-10-13,149.46630253527465,2023-10-30,144.22691537323234,11867,142.77814558689678,3.3440784741889273,6.688156948377866,-62175.80745195604,-63221.38467703212,-0.783382806725709,stop_loss,17,-0.783382806725709,532.1149836558313,513.4622414202445
ACGL,2023-11-02,85.36185754600875,2023-11-03,82.11347631059861,19967,81.62302788193925,1.8694148320347506,3.738829664069499,-64860.428127434185,-65863.62212476865,-0.8688230080731899,stop_loss,1,-0.8688230080731899,511.3260628863471,491.8679344481167
CI,2023-11-03,303.47792127255985,2023-11-07,293.33859822261473,5591,292.3486463338821,5.564637469338897,11.129274938677781,-56688.955172243164,-57689.99552039242,-0.9110497409591111,stop_loss,4,-0.9110497409591111,509.0235173504646,492.0168307987917
TRGP,2023-11-03,85.43750128746592,2023-11-08,80.21380593927,19860,81.45927055324665,1.9891153671096302,3.9782307342192667,-103742.58961517093,-104729.54010362782,-1.3130699793914984,stop_loss,5,-1.3130699793914984,509.036632670722,477.9138557861707
CHRD,2023-11-03,149.66371147744024,2023-11-08,139.28809323164893,5668,142.61209611932503,3.5258076790576083,7.051615358115214,-58809.00421714518,-59300.33786587251,-1.4713817641585822,stop_loss,5,-1.4713817641585822,254.48817499623937,236.8454737310958
NRG,2023-11-03,43.542262076284736,2023-11-22,43.42654602142103,38970,41.409535912936036,1.0663630816743515,2.1327261633487,-4509.454658038534,-5526.206993508812,-0.05425734295021362,trailing_stop,19,-0.05425734295021362,509.05258593384485,507.6997495364333
AM,2023-11-02,11.003429162182584,2023-12-08,11.068253512252172,154899,10.585020094204726,0.20920453398892924,0.4184090679778585,10041.227001429004,9015.562529052824,0.15493055727228577,trailing_stop,36,0.15493055727228577,511.32605213787605,514.3384202383047
AIZ,2023-11-02,158.7592820388409,2023-12-15,157.21169114769665,10735,152.16032500908605,3.299478514877422,6.5989570297548426,-16613.388216433403,-17630.972735580646,-0.23452052864810566,trailing_stop,43,-0.23452052864810566,511.2842678060871,506.30025134115715
MSI,2023-11-07,298.3283323848141,2023-12-15,303.3697378410218,5699,287.81117848573587,5.258576949539106,10.51715389907821,28730.969694927753,27702.24650426264,0.4793507354351422,trailing_stop,38,0.4793507354351422,510.05194987831663,518.6712407867949
LDOS,2023-11-03,101.02236588044966,2023-12-21,103.79479869195096,16796,96.93340702395962,2.04447942824502,4.088958856490038,46565.7815019759,45533.748773128485,0.6780290310578375,trailing_stop,48,0.6780290310578375,509.0314971984098,523.0012316490024
IT,2023-11-06,388.1978075561523,2023-12-21,445.4041560974121,2195,369.7554376548602,9.221184950646048,18.442369901292125,125567.93504806524,125019.00815499936,3.1018979039809706,trailing_stop,45,3.1018979039809706,255.6282562757263,293.2986367901459
LOPE,2023-11-06,137.23710610961913,2023-12-29,132.38748426818847,12419,130.6080312558866,3.3145374268662615,6.629074853732533,-60227.45364872738,-61231.99398509798,-0.7315684237145185,stop_loss,53,-0.7315684237145185,511.304286232608,493.23605013798976
UBER,2023-11-08,50.09004091644287,2024-01-03,57.42251954269409,33903,46.84018849073354,1.6249262128546653,3.249852425709328,248593.02286579524,247499.5233646214,2.2562497202163887,trailing_stop,56,2.2562497202163887,509.4607971570487,584.0387040167874
PSN,2023-11-02,61.30124168014526,2024-01-04,61.82810939025879,27804,59.0080562235513,1.1465927282969814,2.2931854565939602,14649.029811996537,13621.983268848084,0.22975364186029604,trailing_stop,63,0.22975364186029604,511.3259171024276,515.7206260460266
GRMN,2023-11-02,109.76121654635698,2024-01-04,119.30092580778484,7764,105.58818370273319,2.086516421811895,4.173032843623787,74066.3027057259,73532.77116375463,2.286037426234045,trailing_stop,63,2.286037426234045,255.65582557977467,277.87571639149246
CHE,2023-11-03,575.9747738239255,2024-01-04,568.2804516383973,2946,553.3693368894455,11.302718467239965,22.60543693447994,-22667.473158566143,-23678.765926829747,-0.3403748491050893,trailing_stop,62,-0.3403748491050893,509.0465051055854,502.24626315801555
BLD,2023-12-15,375.02464389038084,2024-01-04,352.0575936584473,4867,355.41072698254163,9.8069584539196,19.61391690783921,-111780.63347882069,-112842.24625386574,-1.1709568435437896,stop_loss,20,-1.1709568435437896,547.573482544345,514.0392925006988
TOL,2023-12-15,102.03771823139125,2024-01-04,96.89691892906824,8944,97.20656759360861,2.4155753188913223,4.831150637782642,-45979.30895997707,-46513.090378406014,-1.0640941853724717,stop_loss,20,-1.0640941853724717,273.787605558469,259.9938128704759
HYG,2023-11-15,64.4470167120351,2024-01-05,66.66267287328795,13595,63.62749337769255,0.40976166717127116,0.8195233343425414,30121.845512232525,29587.114643258785,2.703591305341356,trailing_stop,51,2.703591305341356,262.8471576600351,271.8837113137049
SPHY,2023-11-29,19.009242664483008,2024-01-05,19.394727303948113,46373,18.81616343410082,0.09653961519109502,0.19307923038218888,17876.079185915307,17341.80699611149,1.9965101305928183,trailing_stop,37,1.9965101305928183,264.45468302402116,269.81750677979574
C,2024-01-04,50.13221733464236,2024-01-12,48.52886758241209,18769,48.185249766459265,0.9734837840915487,1.9469675681830978,-30093.271499609982,-30648.80247045244,-0.823511278991931,stop_loss,8,-0.823511278991931,282.2794761461708,273.2514946962877
CYTK,2023-12-22,45.044999999999995,2024-01-17,80.84907030487061,41008,40.21676519581467,2.4141174020926592,4.828234804185321,1468253.315062134,1466704.5158516155,7.415561122635152,trailing_stop,26,7.415561122635152,554.161608,994.63760251864
FLEX,2024-01-04,23.853829923629757,2024-01-17,22.37759961891174,78893,22.729065319141753,0.5623823022440018,1.1247646044880035,-116464.23743011839,-117558.43828138831,-1.3124793390791314,stop_loss,13,-1.3124793390791314,564.5700612494768,529.6307900204412
AIG,2023-11-03,60.72060638627226,2024-01-18,63.20214192099446,27945,58.32122359857166,1.1996913938502989,2.3993827877005955,69346.51051781182,68307.60415737785,1.0342391165939522,trailing_stop,76,1.0342391165939522,509.0512036393135,529.855156794657
COKE,2023-12-08,78.44310702964354,2024-01-18,86.41564199216202,22895,75.38308232918793,1.5300123502278045,3.060024700455614,182531.1879668606,181398.8556492043,2.6053825517589555,trailing_stop,41,2.6053825517589555,538.7864806331066,593.5458370231648
SCHD,2024-01-03,23.49565374904427,2024-01-18,23.12396853202619,80915,23.059600935032062,0.21802640700610426,0.4360528140122071,-30074.90933501789,-31206.57735607973,-0.8523857777642371,stop_loss,15,-0.8523857777642371,570.3452469311751,561.3227741306698
VTRS,2024-01-08,10.699435566184832,2024-01-18,10.282573340352862,177544,10.238749346530735,0.23034310982704848,0.4606862196540966,-74011.3870231113,-75128.95595990198,-0.9048723579033219,trailing_stop,10,-0.9048723579033219,569.8861764488158,547.6827603418825
KBH,2023-12-15,59.84510405005069,2024-01-24,57.583562371278425,15251,56.84163388957568,1.501735080237507,3.003470160475011,-34490.77214295586,-35028.04352043337,-0.7529762434578661,stop_loss,40,-0.7529762434578661,273.80930456019695,263.4620729173102
AMAT,2024-01-25,173.79592338078407,2024-01-29,162.8167676188663,5651,165.14259996270954,4.326661709037275,8.653323418074535,-62043.20921059738,-62613.86870564909,-1.268779084228516,stop_loss,4,-1.268779084228516,294.63622890744324,276.023266144264
QCOM,2024-01-22,145.72715583476767,2024-01-31,138.3807756125933,6696,139.57663757662928,3.075259129069191,6.150518258138391,-49191.36196767952,-49762.077980370974,-1.1944327150730105,stop_loss,9,-1.1944327150730105,292.7367106408813,277.9793020505775
AVGO,2024-01-22,118.80355746670945,2024-02-01,115.74887605065442,8213,113.22531660184707,2.7891204324311887,5.57824086486238,-25088.098470059984,-25666.012211003417,-0.547606582443692,trailing_stop,10,-0.547606582443692,292.7200852422254,285.19365570120743
ALL,2024-01-05,142.88476288720514,2024-02-13,153.57064459033154,13168,138.0529795985202,2.4158916443424627,4.831783288684932,140711.69026676842,139540.57282506916,2.211581328192138,trailing_stop,39,2.211581328192138,564.4519673096152,606.6654743896457
BNY,2024-01-17,51.752266464255854,2024-02-14,51.621850714007756,37005,50.176298010925485,0.7879842266651849,1.5759684533303684,-4826.034837930852,-5973.642599785346,-0.08275276701922579,trailing_stop,28,-0.08275276701922579,574.5277861529363,573.0799757015571
CDNS,2024-01-22,296.2559514465332,2024-02-14,300.3493439025879,3293,283.1491799068852,6.553385769823999,13.10677153964798,13479.541357788272,12890.154986512876,0.3123112693062691,trailing_stop,23,0.3123112693062691,292.6712544340301,296.7151168413666
NUE,2024-01-31,182.7302535687072,2024-02-14,173.9950840644975,10854,174.6317998856879,4.049226841509657,8.0984536830193,-94811.52979869233,-95973.09884309357,-1.0786219006877171,stop_loss,14,-1.0786219006877171,595.0062516704245,566.5627927308167
AMD,2024-01-17,158.60844694519042,2024-02-21,162.5772654876709,12074,148.2757599501164,5.166343497537019,10.332686995074027,47919.51508190928,46756.116194334965,0.3841032390096167,trailing_stop,35,0.3841032390096167,574.5115165248687,588.8873710494416
ANET,2023-11-02,53.11806362533569,2024-02-22,65.27465634155273,32087,49.28090257438599,1.918580525474847,3.837161050949696,390068.5904852562,388928.93032358296,3.1681215760303543,trailing_stop,112,3.1681215760303543,511.31979226384385,628.3403694094208
NTNX,2024-01-18,53.22316816711425,2024-02-22,57.152789085388186,35772,50.69504700713192,1.2640605799911653,2.5281211599823337,140570.39948849514,139385.8888656442,1.5543641580458878,trailing_stop,35,1.5543641580458878,571.1697515022033,613.3408713487519
CB,2024-02-01,239.4746893253808,2024-03-05,242.43374922260398,4089,232.9008340375922,3.286927643894302,6.573855287788604,12099.595919745543,11508.43883817873,0.45012549982957967,trailing_stop,33,0.45012549982957967,293.7636013954446,297.3934801713683
RL,2024-02-13,168.1515664192733,2024-03-11,169.63485541291823,12210,159.81930043462876,4.166132992322275,8.33226598464455,18110.95861240446,16873.64694923314,0.178017480044259,trailing_stop,27,0.178017480044259,615.9391877937982,621.3724753775195
CBOE,2023-08-14,147.0012794125674,2024-03-25,178.17623152587967,12112,141.6943350455748,2.653472183496304,5.30694436699261,377591.01999643806,376409.4549926921,5.874369497296761,trailing_stop,224,5.874369497296761,534.143848873505,647.4211548724363
DY,2024-03-11,141.821672668457,2024-04-02,139.14071878051757,15143,134.40852751897674,3.706572574740131,7.413145149480272,-40597.68472506691,-41874.06877318045,-0.3616486435757159,stop_loss,22,-0.3616486435757159,644.2816767655333,632.1023713480132
WMT,2024-02-21,56.92730129997027,2024-04-03,58.02992537459715,35922,55.36088105891526,0.7832101205275032,1.566420241055006,39608.46200874683,38369.61395976569,0.7039133214240441,trailing_stop,42,0.7039133214240441,613.4827551892596,625.3652937918836
REGN,2024-01-03,900.2710843157005,2024-04-04,953.3635835858911,2111,866.0503486428589,17.11036783642079,34.220735672841556,112078.2659593724,110904.35912419032,1.5514715924802918,trailing_stop,92,1.5514715924802918,570.1416776971331,603.7651574849448
MEDP,2024-02-14,370.77039389038083,2024-04-05,385.67393756103513,5491,351.0630477114434,9.853673089468717,19.707346178937428,81835.35829556276,80589.26754836284,0.7562430545104406,trailing_stop,51,0.7562430545104406,610.7700698556243,635.3206773442931
DECK,2024-03-05,153.48834172058105,2024-04-05,147.6172343902588,7011,146.26977004247925,3.609285839050905,7.218571678101796,-41162.333492889265,-41795.648851123195,-0.8133336610250463,stop_loss,31,-0.8133336610250463,322.8320291408981,310.48332909303133
TRV,2024-01-22,205.0454847804267,2024-04-10,215.616934099319,9517,198.55975882043617,3.2428629799952633,6.485725959990532,100608.48316789794,99407.44989575437,1.6299562121659121,trailing_stop,79,1.6299562121659121,585.4253635965963,615.6079085469656
ECL,2024-02-14,215.484185094021,2024-04-11,217.69098571487746,9448,208.55049935242315,3.4668428707989265,6.933685741597856,20849.85226585179,19622.06056171105,0.3182723739002198,trailing_stop,57,0.3182723739002198,610.7683742304931,617.0233299102487
TOL,2024-02-22,106.80944102169808,2024-04-11,117.68634790100451,18917,100.83351713994205,2.987961940878017,5.975923881756032,205758.44743583977,204484.41138412454,1.8201213895164678,trailing_stop,49,1.8201213895164678,606.1542587422388,667.8817929729906
FAST,2024-01-19,32.27830760396597,2024-04-12,33.09138978044676,59602,31.296369582893362,0.4909690105363039,0.9819380210726081,48461.32388260808,47292.47447155634,0.8280381847243578,trailing_stop,84,0.8280381847243578,577.1555069434739,591.6939041082563
GRMN,2024-02-22,129.98526930433133,2024-04-15,139.57604927396568,15544,125.2755916663553,2.3548388189880165,4.709677637976029,149079.0838479964,147822.0655072021,2.0363983921744517,trailing_stop,53,2.0363983921744517,606.1473078199579,650.8710329743568
CBT,2024-04-10,92.62132138263149,2024-04-15,90.05088661335955,23986,89.0765586650729,1.7723813587792994,3.544762717558598,-61654.44837575677,-62968.92105005433,-0.7251359185593921,stop_loss,5,-0.7251359185593921,666.4845044051397,647.9881698924127
SLGN,2024-04-11,47.84586106510645,2024-04-15,46.27135705205381,46326,46.209079526874085,0.8183907691161825,1.6367815382323627,-72940.47290867656,-74248.49518262524,-0.9619512294554715,stop_loss,4,-0.9619512294554715,664.9522079106364,643.0700660380335
GLD,2024-04-12,222.09186511230467,2024-04-15,217.72206243896485,5001,217.41316832686636,2.339348392719155,4.678696785438319,-21853.38316937244,-22513.23600487761,-0.9339785999682898,stop_loss,3,-0.9339785999682898,333.2044252279907,326.648410277179
BRBR,2023-08-23,40.460418167114256,2024-04-16,54.30564060974121,43088,38.488120163723025,0.986149001695616,1.9722980033912307,596562.9446079102,595337.9606257371,7.019843055573269,trailing_stop,237,7.019843055573269,523.0075493953858,701.9764327777586
DTM,2024-04-03,59.23301647249859,2024-04-17,57.87902027669408,37114,57.537098169276526,0.8479591516110313,1.695918303222065,-50252.21481108868,-51556.16365066153,-0.7983852719981047,stop_loss,14,-0.7983852719981047,659.5122520080939,644.4365875647671
KEX,2024-03-25,92.81272122192382,2024-04-18,95.31459365844727,24065,89.70456690790354,1.5540771570101408,3.1081543140202825,60207.56018493663,58849.375035157784,0.8049382957718604,trailing_stop,24,0.8049382957718604,670.0614408616791,688.12370891716
SMH,2024-01-19,181.20292843751477,2024-04-19,204.96423708609166,5308,174.33007717584437,3.4364256308352035,6.872851261670405,126125.0263066461,125510.09371226632,3.457270897319236,trailing_stop,91,3.457270897319236,288.54754324389853,326.38505113589235
SLV,2024-04-04,24.59456969451904,2024-04-23,24.635339847564698,90708,23.668958479596693,0.4628056074611743,0.9256112149223483,3698.1790424653955,2358.5150520423963,0.044046736241281005,trailing_stop,19,0.044046736241281005,669.2772683551299,670.3867220678695
ETR,2024-04-23,50.163731362516856,2024-04-25,49.72289479935272,42454,48.477497763114194,0.8431167997013302,1.6862335994026623,-18715.275452570106,-19987.451500692907,-0.2614326765403659,stop_loss,2,-0.2614326765403659,638.8953153792872,633.2807327435162
META,2023-03-17,199.1973670055728,2024-04-26,438.0489326584186,8052,185.471950257375,6.862708374098908,13.725416748197802,1923232.8066367144,1921693.474475246,17.40213576277805,trailing_stop,406,17.40213576277805,481.18115973866173,1058.151001729676
FCFS,2024-04-11,126.33400571478677,2024-04-26,111.45806812905381,17544,121.13903118915842,2.5974872628141767,5.1949745256283535,-260983.44900409898,-262234.9962471539,-2.86352464527892,stop_loss,15,-2.86352464527892,664.9211388780657,586.626104176836
PGR,2024-04-22,198.0932334442195,2024-04-29,191.20745431965048,10734,191.49575033277063,3.2987415557244355,6.597483111448867,-73911.95312312378,-75165.57919786099,-1.043697878152936,stop_loss,7,-1.043697878152936,637.8998303370755,615.7262444001385
KMB,2024-04-24,125.54448254515738,2024-05-21,123.76048803376239,17181,121.48643541222397,2.029023566466705,4.05804713293341,-30650.809700277387,-31935.802310132312,-0.4396189726129206,trailing_stop,27,-0.4396189726129206,647.0939263825047,637.8986834724216
HIMS,2024-05-21,18.198180305480957,2024-05-23,16.713269542694093,126708,16.191028377250937,1.0035759641150095,2.0071519282300194,-188150.07293119797,-189477.14092740673,-0.7398098479253203,stop_loss,2,-0.7398098479253203,691.7565090440643,635.3114871647049
KMI,2024-04-22,16.975803511614842,2024-05-24,17.564324833509012,125262,16.41208070475419,0.28186140343032606,0.5637228068606532,73719.35782310752,72421.38815607745,1.0439906186723553,trailing_stop,32,1.0439906186723553,637.9269298415694,660.0427371885016
ELV,2024-04-19,514.6636103476487,2024-05-28,501.3992888420954,4195,496.69317230304443,8.98521902230215,17.970438044604293,-55643.828715796146,-56922.54387442644,-0.7381189858939463,trailing_stop,39,-0.7381189858939463,647.704153622516,631.0110050077772
MMM,2024-04-02,89.00856528521003,2024-05-29,93.96327868599829,24848,85.13366720029461,1.9374490424577047,3.874898084915415,123114.71858278681,121750.77326908783,1.2786693461891194,trailing_stop,57,1.2786693461891194,663.5054490620695,700.4398646369057
WFC,2024-04-22,57.4433376525381,2024-05-30,56.14987263623395,37017,55.176791314001655,1.1332731692682207,2.2665463385364433,-47880.1945085306,-49141.65846810844,-0.5706766256274135,trailing_stop,38,-0.5706766256274135,637.9140089652008,623.5499506126417
CMG,2024-04-26,62.47181034088134,2024-05-30,61.55298653411865,34724,60.038700562149124,1.216554889366107,2.4331097787322165,-31905.23786602759,-33197.22898003384,-0.37763351855066973,trailing_stop,34,-0.37763351855066973,650.781342683029,641.2097713232208
MRNA,2024-05-23,160.15999999999997,2024-05-30,150.19965609741212,14272,147.30224315865016,6.428878420674906,12.857756841349811,-142154.02817773382,-143482.8640812805,-0.7746564214494984,stop_loss,7,-0.7746564214494984,685.7410559999998,643.0948475466797
ANF,2024-05-30,188.2680818328857,2024-06-03,174.73509365844725,12154,174.40063272604553,6.933724553420086,13.867449106840184,-164479.93827212503,-165803.52045060153,-0.9758815821262505,stop_loss,4,-0.9758815821262505,686.4630799790679,637.1190984974303
DELL,2024-05-30,173.257123751859,2024-06-03,135.92076396221694,13207,159.52692117375457,6.865101289052217,13.73020257810444,-493101.30374180287,-494326.2974507148,-2.7192868843160687,stop_loss,4,-2.7192868843160687,686.4620500172407,538.5316588946998
MLI,2024-04-24,56.318502789099384,2024-06-05,54.97647259419808,38300,53.6148336646219,1.3518345622387413,2.7036691244774858,-51399.75646471999,-52678.53573187407,-0.4963736807700785,trailing_stop,42,-0.4963736807700785,647.0995970467519,631.6796701073359
BBWI,2024-06-03,49.24698443451077,2024-06-05,42.751442083067154,45567,46.665264249378716,1.2908600925660274,2.581720185132056,-295982.37832823134,-297240.0060185693,-2.51597457728029,stop_loss,2,-2.51597457728029,673.2112019182057,584.4164884197363
AXP,2024-04-22,227.28215442026263,2024-06-10,226.74983786513226,9355,218.9203395531117,4.180907433575472,8.36181486715094,-4979.82137324456,-6254.062159593521,-0.06366040908434234,trailing_stop,49,-0.06366040908434234,637.867366380467,636.3734199684936
DUK,2024-06-05,97.30461848227044,2024-06-12,95.80796861752616,22399,94.66854218453015,1.3180381488701411,2.6360762977402885,-33523.460320407234,-34821.11897194174,-0.567756656371157,stop_loss,7,-0.567756656371157,653.8578448153127,643.8008067191906
TMUS,2024-06-03,169.99900775092345,2024-06-13,169.3482041426825,13200,165.8192195833286,2.0898940837974367,4.1797881675948645,-8590.607628780526,-9934.422587879206,-0.155702533751952,trailing_stop,10,-0.155702533751952,673.196070693657,670.6188884050226
GE,2024-04-24,160.10921260418044,2024-06-14,152.23763836720627,13472,150.19022012724065,4.959496238469898,9.918992476939792,-106045.848120516,-107308.22915340196,-0.7935860678667142,trailing_stop,51,-0.7935860678667142,647.0973936610557,615.2836392249009
CRS,2024-04-05,75.9244841722395,2024-06-17,95.7277392044809,28922,71.50783147036408,2.2083263509377096,4.416652701875421,572749.7420424856,571260.3843611352,4.483770033317866,trailing_stop,73,4.483770033317866,658.7663793688532,830.5913019815989
KEX,2024-04-26,111.7115984725952,2024-06-17,117.65222664642334,19418,106.71018752434313,2.500705474126036,5.001410948252072,115355.11787939492,114018.9818525466,1.187790452593046,trailing_stop,52,1.187790452593046,650.764745742256,685.3712811060745
AR,2024-04-26,33.043008319854735,2024-06-17,33.126839847564696,65650,31.053812472726484,0.9945979235641247,1.9891958471282507,5503.539794158943,4200.324634501617,0.04214342586276078,trailing_stop,52,0.04214342586276078,650.782048859539,652.4331107977868
FSLR,2024-05-28,277.0367697753906,2024-06-18,255.03470329284667,8376,256.2786416098629,10.379064082763835,20.758128165527694,-184289.30885778804,-185626.2980553139,-1.0599253606633958,stop_loss,21,-1.0599253606633958,696.1379950916015,640.8512024342651
CMG,2024-06-18,68.76869694519043,2024-06-21,64.43949380493164,31869,66.24576591030124,1.261465517444591,2.522931034889183,-137967.37487690718,-139240.93842621188,-1.7159419264303986,stop_loss,3,-1.7159419264303986,657.476880883882,616.0866684208099
AVGO,2024-06-14,165.474569825548,2024-06-24,161.26750985828681,6771,155.41857435729597,5.027997734126022,10.055995468252036,-28486.003038325503,-29149.714224787276,-0.4183633515491701,trailing_stop,10,-0.4183633515491701,336.1284936866357,327.582692775138
NVDA,2024-05-24,104.49446845577883,2024-06-25,121.02045125996756,21897,97.13562576280013,3.6794213464893515,7.358842692978698,361869.4454633206,360388.0154042159,2.2457312234648916,trailing_stop,32,2.2457312234648916,686.4346127328567,794.9954463718528
SMH,2024-05-24,239.9580259191946,2024-06-25,256.32428497789607,4767,229.51718553348397,5.220420192855319,10.44084038571063,78017.95693282993,77308.22360001599,1.5675231546591204,trailing_stop,32,1.5675231546591204,343.16397286704023,366.5693599468892
BBY,2024-06-18,82.83311804616275,2024-06-27,76.83465049504547,26457,78.62455971356037,2.10427916630119,4.208558332602379,-158701.45599991005,-159968.7550455985,-1.4253022239585091,stop_loss,9,-1.4253022239585091,657.4547412441984,609.8443044442254
ESS,2024-06-18,263.2061004581285,2024-06-27,253.67883156516456,8326,254.09717876973923,4.554460844194633,9.108921688389273,-79324.0408028178,-80615.11598602559,-1.0459271930186775,stop_loss,9,-1.0459271930186775,657.4361977243135,633.6389854834681
RYAN,2024-06-25,59.915412809298246,2024-06-27,56.61758889724359,36134,57.4334228885965,1.24099496035087,2.481989920701743,-119163.56923818284,-120426.8102832821,-1.328701573099961,stop_loss,2,-1.328701573099961,649.4950579353549,613.7459871639
CASY,2024-06-13,380.47791307756006,2024-07-10,357.7111657553239,5850,361.81290494609203,9.332504065734025,18.665008131468028,-133185.47183508144,-134480.99366843313,-1.2197555533797406,stop_loss,27,-1.2197555533797406,667.7387374511179,627.7830959005934
BROS,2024-06-27,41.841799236297604,2024-07-11,39.41055076217651,51099,38.6576344181709,1.592082409063351,3.1841648181267033,-124234.36577911362,-125479.93992888523,-0.7635435390406187,stop_loss,14,-0.7635435390406187,641.4222297526715,604.1519200189373
VRT,2023-05-26,18.674870265898484,2024-07-18,83.35871168318292,89287,17.16067750609086,0.7570963799038118,1.5141927598076244,5775426.148625076,5772693.066895629,42.71836660049967,trailing_stop,419,42.71836660049967,500.22694242938337,2232.854787016906
NTAP,2024-05-29,112.2157722917187,2024-07-18,123.86982367807767,20615,108.40536561515265,1.9052033382830225,3.8104066765660463,240248.2693297902,238788.19796151502,3.058479678306057,trailing_stop,50,3.058479678306057,693.9984437381343,766.0729245370713
IWF,2024-06-06,87.38666097067635,2024-07-18,91.65486605124231,12746,85.34399694410776,1.0213320132842967,2.0426640265685876,54402.541956893765,53717.92296586735,2.0895286865828826,trailing_stop,42,2.0895286865828826,334.1491142196722,350.4698768067404
AMZN,2024-06-27,195.20500450134276,2024-07-18,189.40040634155272,10953,187.3660892154464,3.9194576429481787,7.8389152858963485,-63577.763644180224,-64841.538563668895,-0.7404848691544827,stop_loss,21,-0.7404848691544827,641.4241242909621,622.3507951977082
ISRG,2024-06-26,441.69124999999997,2024-07-19,448.98056268310546,2458,424.05711371890357,8.8170681405482,17.634136281096403,17917.1305750733,17260.34918040078,0.4133637489758744,stop_loss,23,0.4133637489758744,325.70312774999996,331.07826692252195
IWB,2024-06-12,290.42573114746676,2024-07-22,296.52605680491746,3802,285.2487157818422,2.5885076828122946,5.177015365624584,23193.43814962755,22523.96094028906,1.1783479913845532,trailing_stop,40,1.1783479913845532,331.2595889468006,338.21762039168885
SITM,2024-07-11,156.7866348876953,2024-07-22,147.26259365844726,14025,144.56022800424293,6.113203441726186,12.22640688345237,-133574.6782402038,-134853.96536931169,-0.7789730310822716,stop_loss,11,-0.7789730310822716,659.6797662899779,619.6073628179169
CRUS,2024-07-10,136.48635610961912,2024-07-25,129.14073426818848,15973,130.28526310938693,3.1005465001160966,6.201093000232191,-117331.61767317164,-118604.47612755306,-1.184568888283984,stop_loss,15,-1.184568888283984,654.028969841684,618.8294845397323
VMI,2024-07-18,282.4143849492524,2024-07-25,276.5686182213624,7611,271.2573505642745,5.578517192488972,11.15703438497792,-44492.13056597086,-45768.456457110326,-0.5239534562841252,stop_loss,7,-0.5239534562841252,644.8367651546279,631.4891259848367
WMB,2024-07-22,41.56605730080722,2024-07-25,39.95948235987541,25691,40.24646369996981,0.6597968004187079,1.3195936008374147,-41274.516807479245,-41902.858599306026,-1.2174770625685674,stop_loss,3,-1.2174770625685674,320.3620734345115,307.9797183922677
OLLI,2024-06-18,96.03594244384765,2024-07-26,97.4025,22820,90.0331296569593,3.001406393444169,6.002812786888342,31184.843431396814,29860.563854426233,0.22765286952431113,trailing_stop,38,0.22765286952431113,657.462061970581,666.8175150000001
GLW,2024-06-18,37.75775255374112,2024-07-26,41.78872290260637,58043,36.38587018485623,0.6859411844424441,1.37188236888489,233969.61195918548,232584.47713671162,2.938276954562619,trailing_stop,38,2.938276954562619,657.4719694430388,727.6628530307944
HON,2024-06-21,195.1356005399132,2024-07-26,183.23010560186268,11238,189.43105234604982,2.852274096931697,5.704548193863388,-133793.95211381195,-135069.57425549833,-2.08701803078073,stop_loss,35,-2.08701803078073,657.8801636602634,617.7419780261198
KEY,2024-07-18,14.648165765064181,2024-08-02,13.641230237799153,73373,13.912394124096322,0.3678858204839296,0.7357716409678599,-73881.88044201693,-74504.58379789235,-1.368543541499466,trailing_stop,15,-1.368543541499466,322.4339600040163,300.2693958714112
EWBC,2024-07-25,80.42036966686614,2024-08-02,76.7016874405432,13228,76.61026774580846,1.905050960528841,3.8101019210576794,-49190.728489799854,-49814.2516612249,-0.9760059713286197,trailing_stop,8,-0.9760059713286197,319.14019498599157,304.3829764390516
SRLN,2023-11-03,33.98091235960727,2024-08-05,35.58269140753661,49935,33.80216479523756,0.08937378218485323,0.17874756436970785,79984.83675835164,78942.73919211794,8.961123770147397,trailing_stop,276,8.961123770147397,509.0510576030967,533.0465086306021
BKLN,2023-12-22,17.70503758660516,2024-08-05,18.065079391353777,52166,17.61051289969272,0.047262343456221656,0.0945246869124432,18781.940786516258,18222.145609834595,3.808971142978939,trailing_stop,227,3.808971142978939,277.08029722285346,282.71487945880835
TPL,2024-06-11,233.06968300502615,2024-08-05,248.3583205402285,9460,219.42625134396633,6.8217158305299135,13.643431661059822,144630.51108301428,143264.21840895285,1.1205859284536288,trailing_stop,55,1.1205859284536288,661.4517603682643,704.8409136931684
FDX,2024-06-27,282.68518897106003,2024-08-05,273.9297123641819,7563,270.0198936250753,6.332647672992346,12.665295345984703,-66217.66957781921,-67480.57312745875,-0.6912966786561263,trailing_stop,39,-0.6912966786561263,641.3844252564381,621.5191243830924
CFG,2024-07-18,37.9456191982474,2024-08-05,35.4523617915233,56648,36.213499553576156,0.8660598223356206,1.7321196446712435,-141238.0455761067,-142485.40022423925,-1.4394256276663373,trailing_stop,18,-1.4394256276663373,644.8630309026955,602.4916172298637
PNFP,2024-07-18,91.10087469075857,2024-08-05,82.43793300744152,11797,86.0133682815959,2.5437532045813382,5.087506409162671,-102196.72303809134,-102810.89423241605,-1.7027873749141578,stop_loss,18,-1.7027873749141578,322.41510561806365,291.75608870663626
USB,2024-07-18,41.59831226046741,2024-08-05,38.12279738986334,25837,39.828266705307115,0.8850227775801475,1.7700455551602943,-89796.87771179742,-90414.8040048081,-1.9635171877196869,stop_loss,18,-1.9635171877196869,322.4326781621089,295.4936148485697
KRE,2024-07-18,53.812568426225724,2024-08-05,49.27419304591561,19972,51.559249262284915,1.1266595819704037,2.253319163940809,-90640.4330955536,-91258.08773559007,-2.0140845792892437,stop_loss,18,-2.0140845792892437,322.423384982574,295.23125505390794
PNC,2024-07-18,168.23581538506414,2024-08-05,156.30871116503212,6388,161.8307777770056,3.202518804029272,6.405037608058535,-76190.34175756454,-76812.29888824515,-1.8621442917096795,stop_loss,18,-1.8621442917096795,322.40711660393697,299.55001407666754
CBSH,2024-07-19,56.13604623020098,2024-08-05,52.389622719702835,19091,54.0676272275316,1.0342095013346913,2.06841900266938,-71522.97123892012,-72144.5303026969,-1.8112498027059476,stop_loss,17,-1.8112498027059476,321.5079775742301,300.051086202554
WAL,2024-07-22,74.8544737366826,2024-08-05,66.32850926516143,14266,70.13600204403684,2.3592358463228784,4.718471692645764,-121631.40915072113,-122235.64408137242,-1.8069334790775142,stop_loss,14,-1.8069334790775142,320.36217669825425,283.8727539530379
HBAN,2024-07-22,13.905781643179266,2024-08-05,12.534062373557681,76794,13.275073571854106,0.3153540356625793,0.6307080713251594,-105339.80959131995,-105948.93600574633,-2.1748877681864944,stop_loss,14,-2.1748877681864944,320.3641786518926,288.76223577449656
THC,2024-07-25,146.35621672058105,2024-08-05,135.79406268310547,14537,137.8172321530554,4.269492283762824,8.53898456752566,-153542.0332427825,-154772.5188262899,-1.2369332622574551,trailing_stop,11,-1.2369332622574551,638.2740967401261,592.2114867672913
DTM,2024-06-05,63.59459606668484,2024-08-06,67.5577076350199,34273,61.670724426215415,0.9619358202347155,1.9238716404694287,135827.72278154723,134479.22791011666,2.0599667280131246,trailing_stop,62,2.0599667280131246,653.8732772980468,694.6215941325112
AVB,2024-06-24,191.0125757193489,2024-08-06,191.38846034067504,5709,185.27256908594828,2.8700033167002994,5.740006633400611,2145.925303150994,1490.9870486909908,0.06548504998912544,trailing_stop,43,0.06548504998912544,327.14723843452884,327.7910160254741
CBRE,2024-07-26,110.10999999999999,2024-08-06,105.87402335357666,19422,105.20706449907988,2.451467750460054,4.902935500920108,-82271.13842683382,-83529.59093730577,-0.8639674426939495,trailing_stop,11,-0.8639674426939495,641.566926,616.8855844719498
CRS,2024-07-26,135.83694956947298,2024-08-06,133.86019993044738,15744,125.51251885931394,5.162215355079516,10.324430710159035,-31121.946316819023,-32395.779893337047,-0.19146330626060729,stop_loss,11,-0.19146330626060729,641.5850802065348,632.248496311489
WEC,2024-08-05,85.38875141049431,2024-08-06,82.4938483351518,12275,82.54371145974301,1.4225199753756521,2.8450399507513,-35534.93524982934,-36153.16292339268,-1.0175263354660606,stop_loss,1,-1.0175263354660606,314.4440770691453,303.7835964941965
IEF,2024-08-05,92.19555349205174,2024-08-06,91.21645390633455,22738,91.22743478318897,0.48405935443138626,0.9681187088627752,-22262.76638003755,-23513.8930473049,-1.0113424900829748,stop_loss,1,-1.0113424900829748,628.9027485906817,622.2239186766706
JNJ,2024-08-05,155.80071422891768,2024-08-08,150.53398129601052,13455,150.78607595350496,2.507319137706359,5.014638275412722,-70863.89161226584,-72100.41161075221,-1.0502717531452836,stop_loss,3,-1.0502717531452836,628.8895829850262,607.6304155013464
TLT,2024-08-06,91.09950235957629,2024-08-08,88.11076314075953,22261,88.97222657125242,1.0636378941619387,2.127275788323871,-66532.32375007992,-67729.1436661708,-1.4049608589639693,stop_loss,2,-1.4049608589639693,608.3898066079583,588.4301094829343
SPTL,2024-08-06,27.072283141089258,2024-08-08,26.226815527758355,37455,26.492443687362453,0.2899197268634035,0.5798394537268052,-31666.989457308995,-32265.884779501503,-1.45810639116884,stop_loss,2,-1.45810639116884,304.19770951484946,294.69761267765676
GOVT,2024-08-06,21.965241350659724,2024-08-08,21.667442720304617,46164,21.76538217993903,0.09992958536034596,0.1998591707206927,-13747.57597171316,-14351.853739948761,-1.4900423597338284,stop_loss,2,-1.4900423597338284,304.20102051355667,300.07674772204274
MCK,2024-01-04,472.2465512445907,2024-08-09,543.8782353189112,3985,456.13693130248765,8.054809971051522,16.109619942103052,285452.261036167,284237.4838538303,4.446516077459317,trailing_stop,218,4.446516077459317,564.5707520129082,650.2064303237582
AMT,2024-08-05,218.4791290608069,2024-08-09,211.42269451243297,9595,209.29679138901363,4.591168835896638,9.182337671793277,-67706.48949164798,-68943.96189080355,-0.768479095475896,stop_loss,4,-0.768479095475896,628.8921730015327,608.5802261540383
ED,2024-08-05,96.29180748350208,2024-08-12,94.12790357620707,21771,92.99631281505032,1.647747334225884,3.2954946684517665,-47110.35196571963,-48354.04022456391,-0.6566249152245229,stop_loss,7,-0.6566249152245229,628.9106822169972,614.7775766272812
PB,2024-07-18,65.0705388535943,2024-08-13,65.78906391797385,16517,62.39470492488851,1.3379169643528976,2.675833928705792,11867.878488357002,11219.456070663604,0.2685237886669125,trailing_stop,26,0.2685237886669125,322.43102707344514,325.99139061995226
TSN,2024-08-06,59.07950850371028,2024-08-13,57.15219806406959,34327,56.942633670987945,1.0684374163611667,2.1368748327223344,-66158.78546154604,-67355.75119895168,-0.9019294954142627,stop_loss,7,-0.9019294954142627,608.4066865220589,588.559050883595
BR,2024-08-07,212.8455778191121,2024-08-14,203.34749144018875,9544,204.10934032309387,4.368118748009111,8.73623749601822,-90649.73640044442,-91841.38039634765,-1.0872056057601869,stop_loss,7,-1.0872056057601869,609.4194584116817,582.2245374915484
EXEL,2024-08-08,26.59656969451904,2024-08-27,25.72425,76142,25.29435575954935,0.6511069674848453,1.3022139349696893,-66420.16618006866,-67615.30973602267,-0.6698743356170146,trailing_stop,19,-0.6698743356170146,607.5348029040206,587.60875305
CW,2024-08-13,298.3255754273677,2024-09-09,294.60380453924085,6769,283.79403070493044,7.265772361218649,14.531544722437275,-25192.667141730682,-26396.728833628877,-0.2561166730182714,trailing_stop,27,-0.2561166730182714,605.8097460203556,598.2519458778364
HALO,2024-08-15,58.14809015274047,2024-09-09,59.890050762176514,34905,54.58002247267262,1.7840338400339273,3.5680676800678555,60803.13507236504,59567.098679774484,0.4882083989513658,trailing_stop,25,0.4882083989513658,608.8977260344218,627.1386665561314
FOX,2024-08-07,35.90320707299738,2024-09-11,36.254898047479536,56584,34.55336947517752,0.6749187989099331,1.3498375978198638,19900.08210009816,18675.18383405704,0.26054317574956637,trailing_stop,35,0.26054317574956637,609.4641207055452,615.4341453355746
O,2024-08-07,54.97443631672028,2024-09-20,55.198165854984865,18477,53.03017184645849,0.9721322351308975,1.9442644702617926,4133.850678514745,3523.152927416766,0.11507155620369924,trailing_stop,44,0.11507155620369924,304.7287979472122,305.9689531507666
REG,2024-08-05,64.74604391574832,2024-09-23,68.09341264600869,16189,62.420945413985386,1.1625492508814665,2.3250985017629304,54190.55237418514,53545.39098550165,1.4396674926771218,trailing_stop,49,1.4396674926771218,314.45211148561486,330.7092771978704
UNH,2024-07-18,543.2118976648867,2024-09-24,550.1400330115956,3957,519.4264581230622,11.892719770912283,23.78543954182453,27414.631566927226,26116.713490021175,0.2912763219921344,trailing_stop,68,0.2912763219921344,644.8468437179869,653.0712331880651
CBOE,2024-08-09,201.48872283148717,2024-09-26,199.33868719236105,10070,192.7399585658995,4.374382132793829,8.748764265587653,-21650.85888599999,-22861.758491682034,-0.24575306567386393,trailing_stop,48,-0.24575306567386393,608.6974316739228,602.2021740081227
MAA,2024-08-05,138.47940936053573,2024-09-27,148.47053805146595,7569,132.76518631493852,2.8571115227986064,5.714223045597208,75622.85306165087,74971.27581606242,1.748466696382872,trailing_stop,53,1.748466696382872,314.44519483496845,337.1320507534637
POST,2024-08-05,112.61249999999998,2024-10-04,113.92596091461182,18616,108.8959513348856,1.858274332557191,3.716548665114388,24451.388386413975,23186.21638989805,0.3534087759809845,trailing_stop,60,0.3534087759809845,628.9182899999998,636.253706515924
KO,2024-08-05,65.67011607375949,2024-10-07,67.0021019654718,31923,63.823668869783496,0.9232236019879949,1.8464472039759912,42520.98562113198,41250.397056192065,0.721377729536006,trailing_stop,63,0.721377729536006,628.9161346267872,641.6724303131268
VCLT,2024-08-15,72.45720435419281,2024-10-07,72.93916876396098,28012,71.20092778673501,0.6281382837289051,1.2562765674578031,13500.787046425907,12278.93408529019,0.38364514809304207,trailing_stop,53,0.38364514809304207,608.9013625108947,612.9515986248225
CPT,2024-08-05,109.29464215429137,2024-10-08,113.51980174578937,9590,104.7034401106213,2.295601021835034,4.591202043670066,40519.28048246581,39878.24332736528,0.9202730682095045,trailing_stop,64,0.9202730682095045,314.4406854778963,326.59646962263605
FR,2024-08-27,53.045512465387894,2024-10-09,51.3053034855656,38956,51.04434098193694,1.000585741725475,2.0011714834509533,-67791.5810179572,-69011.1081338128,-0.8695951317582037,stop_loss,43,-0.8695951317582037,619.9322950804952,599.594820775108
VST,2024-09-24,111.0600011367263,2024-10-10,122.83426665271642,19156,101.64130354395608,4.709348796385109,9.418697592770215,225547.8302243068,224203.68664617444,1.2500948671531869,trailing_stop,16,1.2500948671531869,638.2396145325387,705.9039635998307
NRG,2024-09-27,88.39304379117104,2024-10-10,85.63244326244615,12007,83.02603540199537,2.6835041945878344,5.367008389175666,-33146.530548399794,-33773.387755315634,-0.514364861864675,trailing_stop,13,-0.514364861864675,318.4005830401772,308.4566238756573
DUOL,2024-09-26,292.292,2024-10-23,281.5881251220703,7293,273.15322657526025,9.569386712369859,19.138773424739725,-78063.35948474094,-79318.95181049552,-0.5592769526229561,stop_loss,27,-0.5592769526229561,639.5056668,616.0866589545777
LMT,2024-07-25,492.2789764326345,2024-10-24,547.495893711902,4322,478.60817920489563,6.8353986138694385,13.670797227738888,238647.51648099403,237299.34438436464,4.039041495490033,trailing_stop,91,4.039041495490033,638.2889208425539,709.8831757868521
DOCS,2024-08-12,36.046008319854735,2024-10-24,41.67828121948242,56138,33.20965217607744,1.4181780718886479,2.8363561437772944,316184.53603929904,314875.55018945126,1.9857424858244186,trailing_stop,73,1.9857424858244186,607.0652445180016,701.9206053297912
CHRW,2024-08-02,97.95282647529173,2024-10-25,103.96165854605029,21888,92.76811450544355,2.59235598492409,5.1847119698481805,131521.3163647633,130195.46509031917,1.1589519544582356,trailing_stop,84,1.1589519544582356,643.1974397673556,682.6538346767845
TKO,2024-08-09,116.68138292228801,2024-10-25,112.89121864345417,17389,110.86713407915275,2.907124421567631,5.81424884313526,-65907.16664464168,-67104.77803522968,-0.6518751400378735,trailing_stop,77,-0.6518751400378735,608.6917702906998,588.9196202973073
STRL,2024-09-20,148.9187742767334,2024-10-25,155.25459365844728,7098,137.19704241163956,5.860865932546919,11.72173186509383,44971.64597140519,44323.93920172401,0.5405190508222885,trailing_stop,35,0.5405190508222885,317.10763794487605,330.59913173629764
CPAY,2024-10-07,329.90956655883787,2024-10-30,332.3972809753418,6593,316.76037247616773,6.574597041335073,13.149194082670135,16401.501148010437,15091.524434272584,0.18919139841297158,trailing_stop,23,0.18919139841297158,652.5281316967255,657.4485820411286
APD,2024-10-08,297.822601274439,2024-10-30,303.2920307749339,7246,286.35505335749514,5.733773958471947,11.467547916943886,39631.48616058582,38324.78317343689,0.47694847583008637,trailing_stop,22,0.47694847583008637,647.4067706503755,659.2962164985512
TT,2023-11-02,210.79257455226215,2024-11-01,369.15965335927115,4042,199.19481197462378,5.798881288819187,11.597762577638377,640119.7325379304,639416.4824663649,13.654968167080455,trailing_stop,365,13.654968167080455,255.6070759020731,447.64299566345227
ORCL,2024-09-11,154.09561609440985,2024-11-01,167.2778608279624,13487,146.51191210905634,3.7918519926767607,7.583703985353509,177788.93472142325,176488.62549644767,1.7382330268970896,trailing_stop,51,1.7382330268970896,623.4862722795916,676.8229526960187
LDOS,2024-10-30,185.4602864984676,2024-11-01,181.2033604409318,5904,179.20062752365914,3.129829487404243,6.259658974808474,-25132.89144369149,-25782.326095150554,-0.6800571843717844,stop_loss,2,-0.6800571843717844,328.48725944608583,320.94739201297836
AAON,2024-09-23,104.02639282803048,2024-11-04,111.98785157138187,10165,98.04158608999359,2.992403369018445,5.984806738036895,80928.22812616684,80269.49268787084,1.3302783350967258,trailing_stop,42,1.3302783350967258,317.2284849290789,341.506953366929
NTRS,2024-10-24,99.85419209112705,2024-11-04,95.8232921655705,21928,95.96945808101476,1.9423670050561401,3.8847340101122825,-88389.5735676038,-89676.81833003806,-1.0376257203360064,stop_loss,11,-1.0376257203360064,656.8808172522703,630.3639451819889
CVNA,2024-11-01,49.511463802337644,2024-11-04,45.25270233535767,43593,45.89119929648154,1.810132252928052,3.620264505856106,-185652.1886300581,-186891.50491839027,-1.1763674891961744,stop_loss,3,-1.1763674891961744,647.5059724605915,591.8103158715741
ETR,2024-11-01,73.64547828348724,2024-11-04,68.6463886656121,29307,70.92104125486449,1.3622185143113752,2.724437028622745,-146508.3194310668,-147759.36375446996,-1.8349073828299411,stop_loss,3,-1.8349073828299411,647.4984096162481,603.545913786928
BWXT,2024-10-04,116.45962184815765,2024-11-05,119.26605393775172,18552,111.46764665766803,2.49598759524481,4.991975190489626,52064.928126149156,50752.9733049951,0.5621887093791438,trailing_stop,32,0.5621887093791438,648.1676713581062,663.787149795951
FFIV,2024-10-30,240.25000450134274,2024-11-05,230.37939060974122,4557,230.68488587558866,4.782559312877046,9.565118625754081,-44980.387504028135,-45623.7849500845,-1.0319384712098494,stop_loss,6,-1.0319384712098494,328.4457811537856,314.9516649025772
CBRE,2024-10-25,134.79466366577148,2024-11-07,129.71015634155273,16171,129.23824381977767,2.7782099229969015,5.556419845993815,-82221.56793994138,-83504.7601732429,-0.9150689589960851,stop_loss,13,-0.9150689589960851,653.9293518417571,629.2628814597747
CACI,2024-04-26,402.2718651123046,2024-11-15,487.052468536377,2696,388.5553971126616,6.8582339998215165,13.716467999643044,228568.50683129908,227849.22131024403,6.18093545847799,trailing_stop,203,6.18093545847799,325.35748450283205,393.9280365522217
TYL,2024-07-26,571.4808831176757,2024-11-18,596.5028756103516,3742,548.4502145555697,11.515334281053024,23.03066856210603,93632.29590759303,92321.11734004495,1.0864640088584439,trailing_stop,115,1.0864640088584439,641.5444393879028,669.6341281601806
MLI,2024-10-23,80.62528831362506,2024-11-18,87.575540871813,27281,76.151263454399,2.237012429613031,4.474024859226063,189609.8400399252,188233.23399362282,1.5534675771538353,trailing_stop,26,1.5534675771538353,659.8615471452016,716.7444991571791
ESAB,2024-10-30,124.49861221076544,2024-11-18,122.14241944750036,17591,118.19307988270583,3.152766164029804,6.305532328059613,-41447.78689859611,-42749.385614966275,-0.37367071337974583,trailing_stop,19,-0.37367071337974583,657.0165262198725,644.5821901502936
WAT,2024-11-04,387.38699999999994,2024-11-18,357.2723748779297,5531,365.0345860332246,11.176206983387658,22.352413966775316,-166563.99155017064,-167799.6048509056,-1.3472650053293,stop_loss,14,-1.3472650053293,642.7912490999998,592.8220516349487
PLTR,2024-11-18,64.98491816711424,2024-11-19,59.45048832321167,35074,60.06725600463044,2.458831081241904,4.917662162483808,-194114.5923450388,-195423.92657921131,-1.1254188801589509,stop_loss,1,-1.1254188801589509,683.7843059380095,625.5499282344979
SYF,2024-11-07,64.40679492291078,2024-11-20,62.11668695642658,35070,60.76345604204662,1.8216694404320777,3.6433388808641567,-80314.0863846009,-81645.23993745341,-0.6285739650825491,stop_loss,13,-0.6285739650825491,677.6238893839443,653.529663468564
VRT,2024-11-20,140.46483398311383,2024-11-29,129.555732376286,16235,129.58000465155823,5.442414665777801,10.884829331555608,-177109.2645868501,-178424.39975530354,-1.0022299178547405,stop_loss,9,-1.0022299178547405,684.1339739147559,631.0011945387009
AJG,2024-11-29,309.87422068774214,2024-12-04,303.8651694302086,7550,299.55014653575313,5.162037075994497,10.32407415198901,-45368.336994378245,-46758.45671299541,-0.5820426286240742,stop_loss,5,-0.5820426286240742,701.865109857736,688.2546087594225
MP,2024-12-04,23.233209083557128,2024-12-05,20.859119161605836,101472,21.268441899866126,0.9823835918455002,1.9647671836910021,-240903.6525602415,-242245.89357974945,-1.2083314204644533,stop_loss,1,-1.2083314204644533,707.2560576380127,634.9849618699402
VTR,2024-08-05,52.82853222688533,2024-12-09,58.95886580739225,19841,51.120589849830175,0.8539711885275769,1.7079423770551543,121631.94857083782,120966.55644151839,3.5893093718283886,trailing_stop,126,3.5893093718283886,314.4512723740895,350.9408569453409
GWRE,2024-09-09,163.37321672058104,2024-12-09,178.3314845123291,12587,154.31390982126422,4.529653449658412,9.059306899316823,188279.71669473278,186989.40557240718,1.6511492499361164,trailing_stop,91,1.6511492499361164,616.9136036585861,673.3975186670059
NI,2024-11-18,35.069662771861935,2024-12-10,35.028359605023766,64994,33.9858021696187,0.5419303011216188,1.0838606022432344,-2684.4580254799657,-4051.2432853889586,-0.038107452888946416,trailing_stop,22,-0.038107452888946416,683.7952986583183,682.9899612506745
VMI,2024-10-24,316.78889676311206,2024-12-11,330.51272100159395,3456,302.5083710780601,7.140262842525959,14.280525685051941,47429.53656819338,46758.41425089494,0.9610167399402681,trailing_stop,48,0.9610167399402681,328.44672816399463,342.6755891344526
LAD,2024-10-24,332.5706207341419,2024-12-11,375.22295322191974,6584,311.83637159813605,10.367124568002941,20.73424913600587,280822.9570995291,279424.9232322511,2.057095591357118,trailing_stop,48,2.057095591357118,656.893490074077,741.1403772039359
MO,2024-11-01,49.07590939110665,2024-12-11,50.08403869840051,21990,47.53705069508974,0.7694293480084535,1.5388586960169093,22168.76346739206,21514.60528984558,0.6551149302422931,trailing_stop,40,0.6551149302422931,323.7537742531306,330.4044032933482
HPE,2024-12-09,22.9545404391214,2024-12-11,20.968404025083693,104550,21.5210424107959,0.7167490141627486,1.4334980283254986,-207650.56208764212,-209028.2052407619,-1.3855173671621692,stop_loss,2,-1.3855173671621692,719.9691608730426,657.67399224675
G,2024-08-12,36.517006628739594,2024-12-17,42.85571197128698,27706,34.65817738898646,0.929414619876568,1.8588292397531347,175620.17022061785,174960.44005815816,3.4100525249910576,trailing_stop,127,3.4100525249910576,303.5220556967577,356.2081067629431
T,2024-09-09,19.39408330658352,2024-12-19,21.053559684241367,106038,18.763945284254806,0.3150690111643569,0.6301380223287154,175967.55613408267,174680.85998384436,2.6335125303582614,trailing_stop,101,2.6335125303582614,616.952941699051,669.7432085392758
NCLH,2024-10-10,22.962940534591674,2024-12-19,25.53443946647644,95076,21.257440704750053,0.8527499149208098,1.7054998298416209,244487.8324478759,243104.55137758143,1.5077685068567634,trailing_stop,70,1.5077685068567634,654.9673602800514,728.3137100144143
WH,2024-10-25,87.51837329047532,2024-12-19,96.71363692493517,24906,83.86673550340909,1.8258188935331177,3.6516377870662353,229017.236079857,227640.69134592946,2.5181204080614528,trailing_stop,55,2.5181204080614528,653.9197815517734,722.6249523757307
EXEL,2024-11-04,34.154118930816644,2024-12-19,33.35660939025879,62745,32.30238294102737,0.9258679948946369,1.851735989789276,-50039.736122302565,-51310.52431685433,-0.4306820977479675,trailing_stop,45,-0.4306820977479675,642.900057694227,627.8881368575363
TXNM,2024-11-18,44.42159979081605,2024-12-19,45.62241856375413,51311,42.87532373387497,0.7731380284705422,1.5462760569410818,61615.21205822572,60229.13747048831,0.7765875747397886,trailing_stop,31,0.7765875747397886,683.7950120599687,702.2795756774364
HOOD,2024-11-19,34.5945613746643,2024-12-19,38.44151954269409,65717,31.34831324227454,1.6231240661948807,3.2462481323897627,252810.54992841347,251370.63628951964,1.185047479780236,trailing_stop,30,1.185047479780236,682.0352369576441,757.8784019361682
CRM,2024-12-05,357.49539691329977,2024-12-19,338.2982099654749,6641,338.5518997215349,9.471748595882456,18.94349719176489,-127488.5185205051,-128874.74812348967,-1.0133919177378865,stop_loss,14,-1.0133919177378865,712.2380792703672,673.9915237142155
SITM,2024-12-10,251.63138488769528,2024-12-19,229.77,9274,231.51017475753625,10.060605065079516,20.121210130159028,-202742.4834484859,-204081.83838152044,-1.0864845974113628,stop_loss,9,-1.0864845974113628,700.0888390345458,639.266094
IDCC,2024-11-04,163.53897937114613,2024-12-20,183.7663261203644,6551,154.33282960383832,4.603074883653896,9.206149767307807,132509.3485541289,131826.78943724645,2.1971559512368697,trailing_stop,46,2.1971559512368697,321.40315615811346,361.1559607243522
AZO,2024-12-11,3343.2899011230465,2024-12-24,3265.731,689,3204.994071243568,69.14791493973917,138.29582987947833,-53438.08287377892,-54804.16749404105,-0.5608187983009838,stop_loss,13,-0.5608187983009838,691.0580225621337,675.0265977
AXON,2024-08-08,351.25089389038084,2025-01-02,603.4659373168945,5765,327.436882061926,11.907005914227422,23.814011828454852,1454019.7253538512,1452368.5425942782,10.591035447674857,trailing_stop,147,10.591035447674857,607.4884209834137,1043.694338589569
DOCU,2024-10-09,66.94687725067138,2025-01-02,90.42947664642334,32485,63.21704037987301,1.8649184353991841,3.7298368707983656,762832.2413710025,761298.5301140985,6.295878401439457,trailing_stop,85,6.295878401439457,652.4307922464179,881.2804646577187
OLLI,2024-12-11,113.02291366577147,2025-01-03,108.41147664642334,20398,105.31495212676388,3.8539807695037895,7.707961539007584,-94064.09232066317,-95419.13792873963,-0.5982693343773304,trailing_stop,23,-0.5982693343773304,691.632417886322,663.413190190123
AAPL,2024-12-23,253.40575616178077,2025-01-03,241.57320268249512,9069,245.12024556384358,4.142755298968591,8.28551059793719,-107309.42750364156,-108656.11675696919,-1.4281019062641176,stop_loss,11,-1.4281019062641176,689.441040789357,657.2482125382645
CCL,2024-10-10,19.667924324242456,2025-01-07,23.79946190971278,55502,18.230854176021662,0.7185350741103974,1.4370701482207942,229308.59906877385,228584.84100754675,2.874972798360255,trailing_stop,89,2.874972798360255,327.4827407532314,396.27532047386353
KTOS,2025-01-07,29.909879159927364,2025-01-10,28.20176954269409,75876,27.765962363257973,1.0719583983346959,2.143916796669391,-129604.5253171918,-130927.30915427984,-0.7967238373647935,stop_loss,3,-0.7967238373647935,680.8325973415947,641.9512397464371
KD,2025-01-07,39.038999999999994,2025-01-13,36.19376954269409,58133,36.91556408630855,1.0617179568457211,2.123435913691445,-165401.78217456402,-166713.83415211167,-1.3399182141361017,stop_loss,6,-1.3399182141361017,680.8362560999999,631.2157214476306
AEIS,2025-01-08,123.24107077489768,2025-01-13,115.37859881914119,18292,115.36380534238242,3.938632716257632,7.877265432515259,-143820.33701469772,-145129.78631356198,-0.9981220035194314,stop_loss,5,-0.9981220035194314,676.2976999843285,633.1515988799192
EBAY,2025-01-10,67.51747007146749,2025-01-14,64.38169891680684,33478,63.86564235437926,1.8259138585441121,3.6518277170882243,-104979.34671572909,-106304.06282954592,-0.8586854029250166,stop_loss,4,-0.8586854029250166,678.1049589157766,646.6111549010577
UAL,2025-01-13,104.58448336029052,2025-01-24,102.70718756103516,21368,97.27085643855949,3.6568134608655143,7.313626921731029,-40114.056638488626,-41442.879165762686,-0.2566846544602026,trailing_stop,11,-0.2566846544602026,670.4283721328063,658.3941551412597
CF,2025-01-14,92.1818476183781,2025-01-27,86.7116715155802,24215,87.8721241692001,2.1548617245889976,4.309723449177994,-132460.31432925098,-133759.8862989996,-1.269263832657577,stop_loss,13,-1.269263832657577,669.6550320237078,629.9169377249325
AR,2025-01-10,38.658618930816644,2025-01-28,36.49346878051758,58470,36.32249191578846,1.1680635075140917,2.3361270150281825,-126596.3292879862,-127914.57205853071,-0.9268118284540032,stop_loss,18,-0.9268118284540032,678.1108346654547,640.1319358790589
ISRG,2025-01-16,583.1825755615233,2025-01-28,566.0333756103515,3890,556.5011339838507,13.34072078883636,26.681441577672672,-66710.38781005828,-68051.52282507585,-0.6427388828016862,trailing_stop,12,-0.6427388828016862,680.5740656802976,660.5609493372802
EXE,2025-01-16,101.07584185612701,2025-01-28,96.2399824742001,11222,96.63344706428543,2.2211973959207887,4.442394791841579,-54268.01398398377,-54932.29743817425,-1.0885703789334358,stop_loss,12,-1.0885703789334358,340.28192919283725,324.0015249976421
GE,2025-01-24,201.2607793239414,2025-01-28,193.71704598172786,11511,191.88080477563005,4.689987274155664,9.379974548311338,-86835.91450221992,-88199.89142634798,-0.8042381462081487,stop_loss,4,-0.8042381462081487,695.0138492393668,668.9630748887008
GTLS,2025-01-07,205.1549469451904,2025-02-10,198.0917032928467,11062,190.4424777308725,7.356234607158955,14.712469214317906,-78133.60128222617,-79471.81561570612,-0.4800855348923956,trailing_stop,34,-0.4800855348923956,680.8272069323089,657.387126547641
MIDD,2025-01-27,169.16899999999998,2025-02-10,165.7041251220703,13784,160.87165103709015,4.148674481454924,8.297348962909837,-47759.835317382625,-49144.60266438741,-0.4175881830953583,trailing_stop,14,-0.4175881830953583,699.5476487999999,685.2196982047852
PEGA,2025-01-16,49.999132063435304,2025-02-12,50.840723058505674,45375,47.20112233845466,1.399004862490321,2.798009724980645,38187.19140131801,36814.508873470586,0.3007820121412162,trailing_stop,27,0.3007820121412162,680.6131852135131,692.0693426339085
DOCS,2025-02-10,80.72063938903808,2025-02-12,74.28564060974121,29280,74.57259603898589,3.0740216750260987,6.148043350052191,-188416.76425781252,-189778.33942132178,-1.0466742690163773,stop_loss,2,-1.0466742690163773,709.0500963933106,652.5250671159667
KTOS,2025-01-14,31.631600381851193,2025-02-13,31.21875,70571,29.233774710563736,1.1989128356437282,2.397825671287457,-29135.264297620546,-30465.887920659832,-0.1721769796673845,trailing_stop,30,-0.1721769796673845,669.6821011642861,660.941521875
PLNT,2025-01-15,106.93683183288573,2025-02-13,102.85703908538818,21053,101.69783213454942,2.6194998491681547,5.238999698336315,-85891.87671306591,-87216.91382239864,-0.7787350605866841,stop_loss,29,-0.7787350605866841,675.402336173323,649.6347731594032
TWLO,2024-11-04,85.085,2025-02-18,126.64322664642334,25186,80.73075032399115,2.1771248380044206,4.354249676008848,1046685.4963168185,1045085.7201819235,9.544291149724804,trailing_stop,106,9.544291149724804,642.885243,956.8908918950453
DASH,2025-02-18,213.30308633422848,2025-02-21,202.2975,10998,202.83288231809996,5.235102008064261,10.47020401612852,-121039.43850384469,-122410.67107839584,-1.051133895507216,stop_loss,3,-1.051133895507216,703.7722030511535,667.4603715000001
ALK,2024-12-11,62.06199999999999,2025-02-24,71.15877335357666,37148,58.35697819797448,1.8525109010127565,3.705021802025513,337926.93653866625,336442.27095210465,2.4552550132373097,trailing_stop,75,2.4552550132373097,691.6437527999999,793.0218337615999
C,2025-01-16,75.05663190377695,2025-02-24,77.74152641572711,30226,71.77296453334601,1.6418336852154674,3.2836673704309334,81153.6215182056,79768.078378196,0.8176511835904405,trailing_stop,39,0.8176511835904405,680.5985267770685,704.9446132325303
HWM,2025-01-16,122.67219719595872,2025-02-24,130.8695101781712,18494,116.82461766182676,2.923789767065977,5.8475795341319525,151601.10629303762,150194.40619218448,1.4018300964296906,trailing_stop,39,1.4018300964296906,680.6098844826181,726.0902163705294
META,2025-01-28,664.0019241662663,2025-02-24,682.853977695464,3477,628.1202405291826,17.940841818541863,35.88168363708371,65548.59012102017,64143.6847297882,0.5253948984075553,trailing_stop,27,0.5253948984075553,692.6204070978325,712.2849841341384
MCO,2025-02-12,503.43071786507437,2025-02-24,497.5888862240033,2334,486.3314835769945,8.549617144039933,17.099234288079856,-13634.835050259839,-14335.748977043011,-0.34164287959628026,trailing_stop,12,-0.34164287959628026,352.50218864912506,348.41173813404714
G,2025-02-10,54.100389624781556,2025-02-25,51.652928879547126,43687,51.68787942044134,1.206255102170109,2.412510204340215,-106922.21757705655,-108308.23114470614,-1.0144872095592954,stop_loss,15,-1.0144872095592954,709.0451164613495,676.9684511882325
LOPE,2025-02-21,188.28810610961912,2025-02-25,178.2116093902588,12497,181.20987994834468,3.5391130806372146,7.0782261612744435,-125925.97950184612,-127300.0235852267,-1.4235906694377296,stop_loss,4,-1.4235906694377296,705.9109386155731,668.1331447650192
TXNM,2025-02-24,51.69061507457805,2025-02-26,49.96890992886671,44824,49.600599154229464,1.0450079601742919,2.090015920348584,-77173.7114513651,-78540.74741599143,-0.8237760913439284,stop_loss,2,-0.8237760913439284,695.0940390308659,671.9419255954564
SOLV,2025-02-26,83.58349999999999,2025-03-03,79.68024213409424,27799,79.4865011868429,2.0484994065785465,4.096998813157086,-108506.66541431377,-109868.23604458947,-0.9527114953928805,stop_loss,5,-0.9527114953928805,697.0613149499999,664.5093153257058
SNX,2025-01-13,130.6418300921615,2025-03-04,130.74335749059722,17106,124.46028498015902,3.090772556001248,6.181545112002496,1736.7276776411966,395.35117200399554,0.01642427525742298,trailing_stop,50,0.01642427525742298,670.4277436669544,670.9487619702468
T,2025-01-28,22.834524783611833,2025-03-05,24.692712972393398,101115,21.974011481985055,0.43025665081338926,0.8605133016267779,187890.69870864792,186448.98371493837,2.1593950788078566,trailing_stop,36,2.1593950788078566,692.6738920484731,749.0411016610675
SPGI,2025-02-12,531.2339655993795,2025-03-05,512.4353027034093,4425,513.4026098476986,8.915677875840485,17.831355751680917,-83184.08331466818,-84569.55426834014,-1.0542475377509144,stop_loss,21,-1.0542475377509144,705.2130893331764,680.2578643387759
WTS,2025-02-12,218.20212109308773,2025-03-05,202.8683176090122,5386,207.59888329356528,5.3016188997612215,10.603237799522446,-82587.86556523081,-83268.23118008566,-1.4461435057851992,stop_loss,21,-1.4461435057851992,352.57098726221113,327.79462759264186
AIG,2025-03-03,80.80726372339433,2025-03-05,78.5941636866502,29015,77.41405857026832,1.6966025765629993,3.3932051531260043,-64213.09756613073,-65600.60729102146,-0.6522152174339637,stop_loss,2,-0.6522152174339637,703.3868270802859,684.1228978104466
EVRG,2025-02-25,64.916942397201,2025-03-06,63.09573289581746,17900,63.042809956865796,0.9370662201676014,1.8741324403352024,-32599.65007476528,-33287.07814108879,-0.9717613665861301,stop_loss,9,-0.9717613665861301,348.6039806729694,338.82408565053976
LNT,2025-02-25,61.60484139859068,2025-03-07,59.71415449581584,18863,59.58045208400198,1.012194657294349,2.0243893145886958,-35664.02704704178,-36350.55911290864,-0.9339541999899252,trailing_stop,10,-0.9339541999899252,348.6156369904848,337.91642887637227
BSX,2024-11-19,90.12002877807616,2025-03-10,97.67222664642334,25227,86.66073175205888,1.729648513008641,3.459297026017282,190519.29562479426,189098.06505651612,2.1831597031267616,trailing_stop,111,2.1831597031267616,682.0373897953583,739.1931784827964
OGE,2025-02-24,43.29235304660025,2025-03-10,41.93846253369031,53519,41.6973677095799,0.7974926685101742,1.594985337020347,-72458.8663604268,-73827.30676613926,-0.8488419808543126,stop_loss,14,-0.8488419808543126,695.0890328102996,673.3513729021716
PM,2025-02-25,150.5850815057158,2025-03-10,144.7563694439168,15433,145.1533066441102,2.7158874308028023,5.431774861605618,-89954.5132497439,-91321.9146334956,-1.0730768874459653,stop_loss,13,-1.0730768874459653,697.1938688633136,670.2075148883904
FOX,2024-11-05,39.1757265827452,2025-03-12,48.71115891132977,54798,37.88480337167255,0.645461605536325,1.290923211072652,522522.62074177724,521077.81307638594,7.38652171314001,trailing_stop,127,7.38652171314001,644.0254395843814,800.7822258069145
DRI,2024-12-20,175.48529615815426,2025-03-12,182.34059142611298,12980,165.6502679563538,4.9175141009002274,9.835028201800469,88981.73257810423,87588.3585718511,0.6970285318250278,trailing_stop,82,0.6970285318250278,683.3397432398527,710.034263013284
ABT,2025-01-28,126.69279503626102,2025-03-12,128.91484357584915,18224,121.88826468966988,2.402265173295567,4.804530346591136,40494.61258545407,39097.154503633945,0.4624902704932848,trailing_stop,43,0.4624902704932848,692.6548490222463,704.8032327978825
VZ,2025-03-10,42.51245138809598,2025-03-12,38.77981067999979,54072,40.89397387930752,0.8092387543942341,1.618477508788466,-201831.34836817725,-203150.03892654108,-2.3062666535850176,stop_loss,2,-2.3062666535850176,689.6199814371378,629.0705769266846
MCD,2025-03-10,313.165355420561,2025-03-12,296.52652553446046,7340,301.2696088751444,5.9478732727083,11.895746545416614,-122129.01136397806,-123471.55288584101,-1.3987209480779859,stop_loss,2,-1.3987209480779859,689.5901126360753,652.9514092268819
JKHY,2025-03-10,188.05815155773226,2025-03-12,173.91685866896898,12223,180.33990807618997,3.8591217407711467,7.718243481542288,-172849.0229793535,-174176.3491443538,-1.8321905654546038,stop_loss,2,-1.8321905654546038,689.5904359470485,637.7357290532423
JAZZ,2025-02-13,137.78764389038085,2025-03-13,135.66420304870604,17037,131.09290192759454,3.347370981393155,6.69474196278631,-36177.06161961368,-37574.70135450405,-0.31718038626107764,trailing_stop,28,-0.31718038626107764,704.2464266881256,693.3933082022413
BRK-B,2025-02-25,503.6531438903808,2025-03-13,495.96353146362304,4614,488.80292136207026,7.425111264155274,14.850222528310553,-35479.87173706038,-36863.541139085384,-0.5178112591981873,stop_loss,16,-0.5178112591981873,697.156681773065,686.512720251947
WPC,2025-02-26,59.872971475242,2025-03-13,57.872073540447154,38808,57.53906066873592,1.1669554032530374,2.3339108065060756,-77650.84705351826,-79021.68196560892,-0.8573155106086672,stop_loss,15,-0.8573155106086672,697.0650831033574,673.7698289873019
EPR,2025-03-04,49.50249994880852,2025-03-13,47.86924440294946,23692,47.67637642547471,0.9130617616669074,1.8261235233338127,-38695.09039249279,-39387.169802647346,-0.8943839367872274,stop_loss,9,-0.8943839367872274,351.84396863615143,340.2354415184036
FOXA,2024-11-05,42.579693844184945,2025-03-14,50.86853535747215,25208,41.1239260481811,0.7278838980019243,1.4557677960038475,208945.1168669438,208238.4239784292,5.693793705315141,trailing_stop,129,5.693793705315141,322.00467672726427,384.68821178734737
YUM,2025-03-05,155.56510943903143,2025-03-14,150.37319809459507,7389,149.69250125655623,2.9363040912376013,5.872608182475204,-38363.032924040286,-39041.206370350075,-0.8840895191901021,trailing_stop,9,-0.8840895191901021,344.84117809350096,333.33226821628887
FR,2025-03-06,55.14807802102946,2025-03-14,52.43390394100544,41951,53.15806798876378,0.9950050161328395,1.9900100322656797,-113862.31683108778,-115216.26834867458,-1.3638996969949257,stop_loss,8,-1.3638996969949257,694.055106318062,659.8964112687357
GILD,2025-02-13,101.51422315730827,2025-03-17,107.55954678369247,23125,97.24841826469678,2.132902446305745,4.265804892611484,139798.1088601347,138347.65958116902,1.4171589602831822,trailing_stop,32,1.4171589602831822,704.2549231538261,746.1943558118666
PGR,2025-02-25,260.88453291551383,2025-03-20,255.8994663341466,8908,250.7346182303674,5.074957342573221,10.149914685146427,-44406.973106819205,-45788.02666641399,-0.49114369292802623,trailing_stop,23,-0.49114369292802623,697.1878257634193,683.8657338313734
EZU,2025-03-06,53.523686568722574,2025-03-31,51.29442132536571,43224,51.94044247236322,0.7916220481796756,1.5832440963593513,-96357.76087885707,-97716.95824754129,-1.4080363530064814,trailing_stop,25,-1.4080363530064814,694.0523484739393,665.1450202102823
OKTA,2025-03-05,108.74863938903808,2025-04-02,102.897,21141,100.68070142889121,4.03396898007343,8.067937960146864,-123709.50832365383,-125051.82846235092,-0.7252955362254112,trailing_stop,28,-0.7252955362254112,689.7164955970961,652.6036431
NFG,2025-01-16,64.27903034383473,2025-04-07,68.78450755614455,35295,62.106835526132286,1.0860974088512227,2.1721948177024473,159020.81820847487,157611.87493742094,2.0741588993731708,trailing_stop,81,2.0741588993731708,680.6185127956942,728.3247582582366
DRI,2025-03-25,200.27606856914343,2025-04-07,179.49180447885595,11140,189.5863085156222,5.344880026760617,10.68976005352124,-231536.70196580252,-232805.88619752895,-1.9443153060709792,stop_loss,13,-1.9443153060709792,669.3226211580774,599.8616105683366
VRSN,2025-01-02,207.06871230480317,2025-04-08,235.54731228677778,10921,199.17916833198476,3.944771986409208,7.889543972818416,311014.7904031447,309564.64752177533,3.609663635831296,trailing_stop,96,3.609663635831296,678.4192221242266,771.72365924517
BJ,2025-03-07,109.9598484725952,2025-05-14,107.69220304870605,20774,103.15846794193537,3.400690265329911,6.801380530659827,-47108.06603587319,-48464.51715136425,-0.3334095796679614,trailing_stop,68,-0.3334095796679614,685.2917676509078,671.1593478401458
EXEL,2025-05-15,44.5945492362976,2025-05-22,43.75619923782349,49192,41.29245367726329,1.651047779517156,3.3020955590343135,-41240.11312493866,-42543.95813062035,-0.25388423305329405,trailing_stop,7,-0.25388423305329405,658.1085198095855,645.7364858721038
NXT,2025-05-16,60.23016816711425,2025-05-23,55.89405076217651,36545,54.32288015547077,2.9536440058217415,5.90728801164348,-158463.41056344964,-159736.53843768092,-0.7340284401896594,stop_loss,7,-0.7340284401896594,660.3334487001571,612.7944255311222
GME,2025-05-28,35.815778778076165,2025-05-29,31.13883007621765,60997,33.080515730969665,1.3676315235532517,2.7352630471065,-285279.83996726375,-286505.04905014933,-1.7098716362238096,stop_loss,1,-1.7098716362238096,655.3965174378935,569.8125654477144
UBER,2025-05-13,87.49741366577148,2025-05-30,84.44546878051757,12537,80.67040323720697,3.4135052142822504,6.827010428564506,-38262.23302642818,-38908.92740159691,-0.447039728031531,trailing_stop,17,-0.447039728031531,329.0865225383331,317.60785263040464
NTNX,2025-05-14,82.34226213836669,2025-05-30,76.07385152435303,13336,76.39609932929773,2.9730814045344798,5.946162809068966,-83595.52394848618,-84229.31513602799,-1.0541942451446518,stop_loss,16,-1.0541942451446518,329.4349223631775,304.35626517863165
CHTR,2025-05-19,426.38595144653317,2025-05-30,395.11449975585936,5175,399.5330315643253,13.426459941103923,26.852919882207857,-161829.762499237,-163105.1419497287,-1.1645456742822808,stop_loss,11,-1.1645456742822808,661.9641896207428,613.4152608709717
GAP,2025-05-23,27.866270257962373,2025-06-02,21.654196149318015,77808,25.63185183986277,1.1172092090498027,2.2344184180996045,-483349.0622454003,-484504.98878046556,-2.780174947684056,stop_loss,10,-2.780174947684056,650.4656268694608,505.4609081958408
CME,2025-06-02,277.7560560577584,2025-06-04,271.5146280437247,7696,267.96416447018504,4.895945793786707,9.791891587573389,-48034.029996003475,-49302.186151456975,-0.6374077938071265,stop_loss,2,-0.6374077938071265,641.2831822261526,626.8729732273516
RSG,2025-06-02,253.60238530578107,2025-06-10,246.63317836777762,8429,245.0330354437324,4.284674931024348,8.569349862048682,-58743.4452804311,-60008.39095029243,-0.8132713741643544,stop_loss,8,-0.8132713741643544,641.2843517227286,623.6613181385992
PODD,2025-05-13,316.9866834411621,2025-06-11,299.62009341430667,6921,292.32263049723673,12.332026471962683,24.664052943925356,-120194.16957586636,-121474.43022665137,-0.7041255573988189,trailing_stop,29,-0.7041255573988189,658.1594508288847,622.1011999561249
GE,2025-05-29,243.4857554947665,2025-06-13,233.5289188487186,4442,231.92426252785455,5.7807464834559665,11.561492966911942,-44228.268381744725,-44863.93813677486,-0.8612068246327313,trailing_stop,15,-0.8612068246327313,324.46911777232583,311.2006372578024
STE,2025-05-19,248.7594152604007,2025-06-18,235.4394526689569,8870,236.6654065726841,6.047004343858285,12.094008687716581,-118148.06818610635,-119436.52137366637,-1.101368697127889,stop_loss,30,-1.101368697127889,661.9488040079262,626.5043835520944
CNM,2025-06-04,58.808749999999996,2025-06-18,55.654289085388186,18314,55.24422227503121,1.7822638624843932,3.5645277249687837,-57770.7971902007,-58399.68001954364,-0.8849590066351457,stop_loss,14,-0.8849590066351457,323.10703425,305.77579509293975
EBAY,2025-06-02,72.18811880818491,2025-06-25,73.40881618926932,29614,68.66945840744724,1.7593302003688354,3.518660400737673,36149.7322434336,34856.21995352922,0.3469210557598829,trailing_stop,23,0.3469210557598829,641.3336851156764,652.1786047887065
SLV,2025-06-10,33.3433113746643,2025-06-25,32.49746878051758,64628,32.080836167401515,0.6312376036313955,1.2624752072627885,-54665.11517451448,-55941.66255647521,-0.6699874890855255,stop_loss,15,-0.6699874890855255,646.4734582565413,630.073923704187
GDXJ,2025-06-03,66.877579634118,2025-06-30,64.40035452381385,32108,62.77939722815549,2.0490912029812605,4.098182405962518,-79538.743841646,-80803.26541462886,-0.6044692170607151,trailing_stop,27,-0.6044692170607151,644.1915980676783,620.3299749151845
HWM,2025-06-30,182.80988001558237,2025-07-03,176.11527064624485,5938,174.42237858893202,4.193750713325168,8.387501426650346,-39752.590435126156,-40391.97969851513,-0.798164915724025,stop_loss,3,-0.798164915724025,325.6575202597585,313.7317431292206
NRG,2025-05-13,148.08582209659048,2025-07-09,151.00983808826655,14815,135.95526300682963,6.0652795448804255,12.130559089760851,43319.296916681,41989.966254989406,0.2410454431687466,trailing_stop,57,0.2410454431687466,658.1674363082964,671.1632253833008
MTG,2025-06-25,27.331632173141195,2025-07-10,25.92880479204942,39422,26.272620096618738,0.5295060382612291,1.0590120765224569,-55302.261017399964,-55932.15090121248,-1.3246566419698687,stop_loss,15,-1.3246566419698687,323.24028105887163,306.64960275365166
DRI,2025-05-19,203.45291171144746,2025-07-11,207.21031856292714,10846,193.54197626614925,4.955467722649104,9.910935445298207,40752.83471114868,39416.61869248192,0.3791172762871962,trailing_stop,53,0.3791172762871962,661.9950841267078,674.2209345400523
INTU,2025-05-27,719.3810714390884,2025-07-11,739.7927359069123,1507,683.6511457483,17.864962845394167,35.72992569078838,30760.378353010656,30100.68587470953,0.5712764320997821,trailing_stop,45,0.5712764320997821,325.2321823976119,334.4602959035151
CTVA,2025-06-02,70.24252454869247,2025-07-14,73.1664829213757,15217,67.46504475272016,1.388739897986154,2.7774797959723116,44493.874557120726,43839.198097119115,1.052737944997235,trailing_stop,42,1.052737944997235,320.66414881723597,334.0123111843722
AN,2025-07-03,212.2019954986572,2025-07-17,202.42737487792968,5179,202.5630581593019,4.8194686696776525,9.638937339355294,-50622.76019474782,-51266.969847501925,-1.014076580912943,trailing_stop,14,-1.014076580912943,329.6982404062637,314.5114123478393
DE,2025-05-16,509.6365303009874,2025-07-18,496.9435125466943,4319,480.76180122714453,14.437364536921427,28.874729073842843,-54821.143680791756,-56125.36944230949,-0.4395891549954479,trailing_stop,63,-0.4395891549954479,660.3360523109892,643.889709206752
APH,2025-06-02,89.00943976471635,2025-07-24,102.14588195898546,12009,84.63983968593466,2.184800039390842,4.369600078781687,157755.53431097773,157066.85903340377,3.0063259697513907,trailing_stop,52,3.0063259697513907,320.67430864034355,368.00096893363695
FLEX,2025-06-18,45.375331832885735,2025-07-25,49.62032817077637,23716,42.80096236440515,1.287184734240292,2.574369468480583,100674.33314941426,99998.4580276202,1.6489460389677748,trailing_stop,37,1.6489460389677748,322.83641092461545,353.0387108694397
VLO,2025-07-09,145.25240317168422,2025-07-25,138.20210055133748,15085,137.4431558054149,3.9046236831346546,7.809247366269318,-106353.8150279306,-107636.58838452912,-0.902814610637037,stop_loss,16,-0.902814610637037,657.3397505534568,625.4336060450778
EFA,2025-06-03,85.87848962792472,2025-07-31,86.44546539922376,12502,83.8627763913427,1.0078566182910076,2.015713236582016,7088.33109278062,6442.012867055797,0.2812779918340197,trailing_stop,58,0.2812779918340197,322.09586319849444,324.22236252632865
CAR,2025-06-25,168.82866366577147,2025-07-31,168.8210154876709,12764,154.89551741830573,6.966573123732866,13.933146247465743,-97.62134527563512,-1390.5494966899969,-0.0005489196743311255,trailing_stop,36,-0.0005489196743311255,646.4787189089722,646.4494325053895
RCL,2025-06-30,305.68623746551486,2025-07-31,329.67899762824476,3551,288.61088603381245,8.537675715851211,17.075351431702416,85198.29133785385,84521.43675290847,1.4051107679215602,trailing_stop,31,1.4051107679215602,325.64754877201295,351.2070361733692
HGV,2025-07-11,47.577528778076164,2025-08-01,44.01594137191773,23226,45.16524266691363,1.2061430555812702,2.412286111162537,-82721.42909543587,-83359.63407674701,-1.4764365593607078,stop_loss,21,-1.4764365593607078,331.5107050198791,306.6942762912483
TNL,2025-07-24,60.74616911335101,2025-08-01,56.611711380549316,18880,58.0129714819858,1.366598815682602,2.7331976313652078,-78058.56199529595,-78723.2770304134,-1.5126815878062092,stop_loss,8,-1.5126815878062092,344.0663018580201,320.6487332594313
AEIS,2025-07-10,141.02150126911914,2025-08-04,137.8976095353251,7801,133.37677169382744,3.8223647876458484,7.644729575291706,-24369.4794153273,-25022.23381034294,-0.4086333863124045,stop_loss,25,-0.4086333863124045,330.03261942011954,322.72177559552136
C,2025-07-16,89.54146828519698,2025-08-04,90.21576020539212,12459,86.1352319546953,1.7031181652508391,3.4062363305016845,8401.003033711137,7729.124440781861,0.19795805539300865,stop_loss,19,0.19795805539300865,334.6791460095808,337.19944691969414
CFG,2025-07-18,48.17165399610993,2025-08-04,45.88746583777919,23392,46.11318554766687,1.029234224221529,2.058468448443058,-53431.72939967273,-54091.79867901903,-1.1096541994891442,stop_loss,17,-1.1096541994891442,338.0493990831011,322.0198802631993
CVNA,2025-08-01,76.27419604492187,2025-08-06,70.16276870727539,29477,69.5698825512379,3.3521567468419824,6.704313493683969,-180146.54363180514,-181441.5003548053,-0.9115664629054051,stop_loss,5,-0.9115664629054051,674.5003430448486,620.456379955307
TEL,2025-07-25,204.94017120263504,2025-08-07,199.53827780874857,5554,196.8471383188245,4.046516441905274,8.093032883810537,-30002.115909645443,-30676.05790138821,-0.6674745390807101,trailing_stop,13,-0.6674745390807101,341.4713132578305,332.4706784849369
APPF,2025-08-04,322.1217877807617,2025-08-07,312.5271563415527,6904,303.95868687132196,9.081550454719864,18.16310090943972,-66241.33545629871,-67555.82034936485,-0.5282485346003033,stop_loss,3,-0.5282485346003033,667.1786468515136,647.3062462146239
CW,2025-05-29,449.0273281908316,2025-08-08,476.22528779131824,2409,426.14253556422653,11.442396313302542,22.884792626605076,65519.884677572285,64851.20461200199,1.1884730634992606,trailing_stop,71,1.1884730634992606,324.512050083514,344.1680154867857
NYT,2025-08-07,61.53073545123005,2025-08-08,57.76294363881036,36541,58.86072420527495,1.335005622977552,2.670011245955102,-137678.88061762782,-138986.61371591658,-1.4111520384521428,stop_loss,1,-1.4111520384521428,674.5183812370192,633.2147170517309
WWD,2025-06-04,231.1212854336482,2025-08-11,248.46148574212268,4660,218.81318868715329,6.154048373247464,12.308096746494925,80805.333437491,80134.87672338728,1.408844979497953,trailing_stop,68,1.408844979497953,323.1075570362402,347.34915706748745
VEEV,2025-05-30,277.1468651123047,2025-08-13,276.49321902465823,7771,259.84496102716435,8.650952042570182,17.301904085140336,-5079.483747100565,-6370.184875249067,-0.037778852803133464,trailing_stop,75,-0.037778852803133464,646.1124866363159,644.5886415121857
ICE,2025-06-02,176.85130571907547,2025-08-14,179.80385544207624,6044,170.34438920034765,3.2534582593639123,6.50691651872782,17845.210525816663,17198.523387599264,0.4537555867672374,trailing_stop,73,0.4537555867672374,320.6667875298277,326.02035068757266
TTMI,2025-06-10,35.745709083557124,2025-08-15,42.31764060974121,30142,33.3931693704417,1.1762698565577132,2.3525397131154264,198091.16006224076,197385.26441630416,2.7935475390895723,trailing_stop,66,2.7935475390895723,323.23414895897366,382.66149697764587
JBL,2025-06-18,199.6990670292206,2025-08-20,204.72307132445255,5388,188.98115023634173,5.358958396439432,10.717916792878867,27069.33514270973,26415.62719827485,0.46874820847368076,trailing_stop,63,0.46874820847368076,322.79357194603216,330.9143724888451
RMBS,2025-07-31,74.074,2025-08-20,69.57035939025879,30600,69.0438767088383,2.515061645580853,5.030123291161701,-137811.40265808106,-139130.05787728363,-0.8953340403513451,trailing_stop,20,-0.8953340403513451,679.9993199999999,638.6558992025756
BWXT,2025-08-06,179.61517604736764,2025-08-20,164.26355666153532,12538,168.8191724370908,5.398001805138416,10.796003610276841,-192478.60385956566,-193772.0693247769,-1.4219724205370714,stop_loss,14,-1.4219724205370714,675.6045231845686,617.8609420266989
AEIS,2025-08-13,159.16753878720425,2025-08-20,148.22896909517382,14463,149.25321554644424,4.9571616203800035,9.914323240760012,-158204.53345583606,-159538.2961638869,-1.1033097697540772,stop_loss,7,-1.1033097697540772,690.6120340438005,643.1506740070498
DY,2025-05-22,226.30608183288572,2025-08-21,258.741,9615,210.5151692816103,7.895456275637711,15.790912551275426,311861.7381768036,310462.6198692567,2.054024304282181,trailing_stop,91,2.054024304282181,652.7798930469589,746.3384145
ORCL,2025-06-13,199.77725058705798,2025-08-22,231.99520915889045,5381,188.96679159225584,5.405229497401067,10.810458994802133,173364.8350750305,172667.8247932626,2.9802581543784084,trailing_stop,70,2.9802581543784084,322.5004156226877,374.50986614519684
CASY,2025-06-11,489.6057762650055,2025-08-26,497.06414752505196,4356,461.6766612135151,13.964557525745182,27.929115051490385,32488.66520876245,31199.284952353602,0.2670464583749307,trailing_stop,76,0.2670464583749307,639.8168284231092,649.5634279857379
ULTA,2025-06-02,465.7352590026855,2025-09-02,490.76874975585935,4590,436.08668456020746,14.82428722123901,29.648574442478036,114903.72255706797,113586.61653700746,0.8443404522447435,trailing_stop,92,0.8443404522447435,641.317451646698,675.7885684138183
AEP,2025-07-31,109.21395998676213,2025-09-03,107.63909685224547,20754,105.72252170175142,1.7457191425053586,3.491438285010716,-32684.709493758794,-34034.87999624982,-0.45106429097652745,trailing_stop,34,-0.45106429097652745,679.9879576695785,670.1825448214506
ORA,2025-08-20,92.65356152034425,2025-09-03,90.6758498406832,24048,89.13893394315865,1.7573137885928016,3.514627577185607,-47560.01047248907,-48882.62217781207,-0.5627087468666422,stop_loss,14,-0.5627087468666422,668.4398542323715,654.171851090625
ELAN,2025-08-08,16.54653068733215,2025-09-04,17.332650381088257,135614,15.480929820642405,0.5328004333448727,1.0656008666897456,106608.83614904058,105230.48877061675,0.7377243378171804,trailing_stop,27,0.7377243378171804,673.1823637895586,705.1650146342707
ASHR,2025-08-21,29.544968216994185,2025-09-05,30.881665596498323,75300,28.995610042016803,0.27467908748869135,0.5493581749773817,100653.31267666155,99288.27501881475,2.433198303746317,trailing_stop,15,2.433198303746317,667.4208320218986,697.6168258248972
MP,2025-07-11,45.57552877807617,2025-09-08,62.587351524353025,48493,39.60441842348746,2.985555177294354,5.97111035458871,824954.3204352036,823380.7776688519,2.8490216619767414,trailing_stop,59,2.8490216619767414,663.0282351105744,910.5145312411355
HAS,2025-06-25,70.72902170851715,2025-09-11,76.39095251621245,15233,67.33715876748893,1.6959314705141133,3.391862941028222,86248.19199362249,85575.8684234129,1.6692687488070848,trailing_stop,78,1.6692687488070848,323.2245563057525,349.0990139038393
SATS,2025-09-02,61.000938625335685,2025-09-16,71.81810939025878,37183,54.8348032725499,3.0830676763928944,6.166135352785787,402214.86055213556,400733.2773534264,1.754286947339881,trailing_stop,14,1.754286947339881,680.459370271757,801.1238284373976
AVGO,2025-09-08,341.13623305740225,2025-09-26,335.7445158135552,6608,318.889842200969,11.123195428216635,22.246390856433266,-35628.46754734124,-36970.31594390303,-0.24236368400799946,trailing_stop,18,-0.24236368400799946,676.2684684129943,665.5799281487919
VCLT,2025-09-11,75.39289300108535,2025-09-26,74.51903707893192,15344,74.3050995632445,0.5438967189204275,1.0877934378408582,-13408.445269522364,-14098.5198660667,-0.8033289149895404,stop_loss,15,-0.8033289149895404,347.04856506259614,343.02603148173944
FCFS,2025-08-25,143.56541327940073,2025-10-03,148.0115375615338,15693,136.810755407474,3.377328935963361,6.7546578719267245,69773.02835951427,68400.31323265024,0.6582308632701838,trailing_stop,39,0.6582308632701838,675.8916091780907,696.8235176859449
AHR,2025-05-19,34.66940754850761,2025-10-06,40.487923386182906,63649,32.605413118519564,1.0319972149940195,2.0639944299880426,370342.71455219516,368907.60786519654,2.819055978609888,trailing_stop,140,2.819055978609888,662.0019363164884,773.1047506821467
WYNN,2025-08-26,117.21925737821144,2025-10-06,123.62256882330539,19247,111.58432805295529,2.817464662628073,5.634929325256152,123244.53538372321,121853.89059505303,1.1363605602636138,trailing_stop,41,1.1363605602636138,676.8357140275307,713.8090746426476
STX,2025-09-16,209.92876877330227,2025-10-08,223.66714050274302,11142,198.27574514277282,5.8265118152647295,11.653023630529447,153072.93780942893,151623.60012308284,1.17895339141405,trailing_stop,22,1.17895339141405,701.7079025016401,747.6297838444689
WDC,2025-09-30,117.77669303672859,2025-10-08,120.4946257173387,10239,110.87764663008639,3.449523203321103,6.899046406642199,27828.912716767005,27097.014706950136,0.393957732766281,trailing_stop,8,0.393957732766281,361.77466800091923,370.1233418159493
F,2025-10-06,12.210268771901978,2025-10-08,11.5587284837731,200905,11.685765765726355,0.2622515030878115,0.5245030061756228,-130897.7015865322,-132330.29470462762,-1.2422050597565466,stop_loss,2,-1.2422050597565466,735.9312142856902,696.6619038097303
BIIB,2025-10-06,159.7596061096191,2025-10-09,151.2186251220703,15354,150.71308360001228,4.523261254803412,9.046522509606831,-131138.2220828244,-132570.65001152377,-0.9441175853460629,stop_loss,3,-0.9441175853460629,735.8846976621276,696.5432310372802
SPHY,2025-08-13,22.496600688124495,2025-10-10,22.716158772686864,51165,22.37727378153784,0.059663453293327715,0.11932690658665379,11233.6893966336,10539.696145289876,1.8399713094290961,trailing_stop,58,1.8399713094290961,345.31157226236695,348.681679081357
TJX,2025-08-21,135.37582457071565,2025-10-10,137.33300401266644,16433,130.92759596433393,2.224114303190856,4.4482286063817185,32162.329769577256,30817.902515544043,0.4399907502826829,trailing_stop,50,0.4399907502826829,667.389277551171,677.0379764820442
NEU,2025-08-22,791.5117710433469,2025-10-10,772.1306049478314,2818,764.489975156936,13.510897943205446,27.021795886410928,-54616.126057162626,-55938.02932182557,-0.7172419692971678,trailing_stop,49,-0.7172419692971678,669.1440512400455,652.7592134228967
SNX,2025-09-26,161.57194724028784,2025-10-10,155.23583418851013,14677,154.80424019632022,3.3838535219838164,6.767707043967619,-92995.13126094153,-94390.06760335068,-0.9362274416747097,stop_loss,14,-0.9362274416747097,711.4174408937114,683.518901515429
USHY,2025-05-13,34.51505714903139,2025-10-13,35.78579789078695,31782,34.011314062171174,0.2518715434301109,0.5037430868602186,40386.68225447521,39716.39172201256,2.522596885003351,trailing_stop,153,2.522596885003351,329.08726389315467,341.2032685694973
SRLN,2025-05-15,38.333475491331825,2025-10-13,39.39296947575523,28613,38.013256497883376,0.16010949672422295,0.3202189934484494,30315.30137630688,29648.105345353903,3.3086544087022367,trailing_stop,151,3.3086544087022367,329.05072027004326,338.14531068293525
CTRE,2025-08-15,32.79775154171714,2025-10-13,32.829613296328,69866,31.4623081232214,0.6677217092478694,1.335443418495739,2226.053347642232,850.5169061097735,0.023858558265798996,trailing_stop,59,0.023858558265798996,687.434312764083,688.1021287683756
GOOGL,2025-09-04,229.3626265305818,2025-10-13,239.64424517662317,9790,218.82057428228916,5.271026124146322,10.542052248292634,100657.04654474511,99279.57336254105,0.9752957397556596,trailing_stop,39,0.9752957397556596,673.6380341203187,703.8351480837423
GOOG,2025-09-04,229.8673932808208,2025-10-13,240.46255472460084,4884,219.43622439235642,5.215584444232186,10.431168888464384,51746.76849142166,51057.641051604114,1.0157213977713466,trailing_stop,39,1.0157213977713466,336.8017046350587,352.3257351824852
DELL,2025-10-09,162.68305837481574,2025-10-13,153.69274128654283,15105,151.10597920914915,5.788539582833302,11.57707916566659,-135798.73961836242,-137232.39655452786,-0.7765617699959184,stop_loss,4,-0.7765617699959184,737.1982790254775,696.4586571399688
AMD,2025-10-09,236.53630305480954,2025-10-13,219.97979695129393,10389,216.92138971458,9.80745667011478,19.61491334022955,-172005.5419094236,-173428.36563831262,-0.8440774535342324,stop_loss,4,-0.8440774535342324,737.2126957309248,685.6110331580978
PATH,2025-10-10,18.59857992362976,2025-10-13,17.302679695129395,129453,17.015188943512403,0.7916954900586786,1.5833909801173576,-167758.17228005774,-169152.43000848588,-0.8184335042784666,stop_loss,3,-0.8184335042784666,722.292590056093,671.9651383720757
KTOS,2025-07-18,58.808749999999996,2025-10-17,84.83507817077637,38323,53.61406021225595,2.5973448938720245,5.194689787744046,997406.974488663,995755.5157605665,5.010179478316665,trailing_stop,91,5.010179478316665,676.1183178749999,975.3404102215989
GDX,2025-06-03,52.53134060703951,2025-10-22,69.90184765226684,20438,49.51237035680002,1.5094851251197443,3.018970250239491,355018.4229903561,354267.736139863,5.753785431919824,trailing_stop,141,5.753785431919824,322.0906617980021,428.5961886951089
GDXJ,2025-08-08,71.32956946777301,2025-10-22,89.88707794203532,15729,67.66031945776659,1.8346250050032116,3.6692500100064223,291891.0507916718,291130.3177975391,5.0575753692591325,trailing_stop,75,5.0575753692591325,336.58283944758045,424.1501546850821
CLF,2025-10-09,14.104090152740477,2025-10-22,13.086900381088256,174232,12.931519437557691,0.5862853575913933,1.1725707151827862,-177227.00829450984,-178648.27049331684,-0.8674869314757334,trailing_stop,13,-0.8674869314757334,737.2151506476836,684.0470481593308
BLK,2025-10-15,1188.7635851048615,2025-10-22,1116.6881353582357,2019,1138.5435916969036,25.109996703978975,50.21999340795787,-145520.33303843735,-146916.74514552185,-1.4351943291016969,stop_loss,7,-1.4351943291016969,720.0341034980146,676.3780035864834
FSLR,2025-10-16,242.34210610961912,2025-10-23,222.57720304870605,9930,223.60958451951927,9.366260795049927,18.73252159009985,-196265.4873948668,-197650.48201684945,-1.0551117192550754,stop_loss,7,-1.0551117192550754,721.9371341005552,663.0574878820954
ALLE,2025-07-25,163.58481782822616,2025-10-24,172.90178341354206,13918,157.14729419766044,3.218761815282856,6.437523630565721,129673.52701642667,128268.56086160179,1.447290312237213,trailing_stop,91,1.447290312237213,683.0320483599756,721.9341064649035
TNL,2025-10-23,68.45802669905676,2025-10-24,64.58677284878773,33739,64.86343849960099,1.7972940997278883,3.594588199455771,-130612.23365422673,-131958.87320181014,-1.0769672728729107,stop_loss,1,-1.0769672728729107,692.9116088398428,653.7279387435748
SLV,2025-09-03,37.36733183288574,2025-10-28,42.31764060974121,60512,36.24189022570257,0.5627208035915854,1.1254416071831699,299553.08470507833,298106.51558934385,4.398547863576356,trailing_stop,55,4.398547863576356,678.3515951614746,768.217520572998
GLD,2025-09-03,328.0877697753906,2025-10-28,361.4481875610352,3446,321.61836858853616,3.234700593427219,6.469401186854441,114959.99968933125,114247.15741663685,5.15664693255252,trailing_stop,55,5.15664693255252,339.1771363937988,373.6651363005982
WMT,2025-10-15,106.78541447618701,2025-10-29,102.19279892876676,22483,102.98924098067106,1.8980867477579821,3.7961734955159585,-103255.77535264952,-104665.31250424459,-1.2098012782727268,stop_loss,14,-1.2098012782727268,720.2569421004338,689.2802094946389
NEE,2025-10-08,82.65656787531682,2025-10-30,80.63856176330538,29441,79.25463874328518,1.70096456601582,3.40192913203164,-59412.11794372906,-60854.38951723626,-0.5931946356584715,trailing_stop,22,-0.5931946356584715,730.0476044451607,712.2239690620421
IEF,2025-10-17,95.4242731883828,2025-10-31,94.65708430853329,12616,94.73385524651461,0.3452089709340963,0.6904179418681906,-9678.854908181458,-10398.274830035785,-1.111194876792439,stop_loss,14,-1.111194876792439,361.1617891633912,358.2581326909368
TEX,2025-10-28,57.952299379211134,2025-10-31,46.966105311443116,20304,54.11544767778618,1.918425850712476,3.836851701424955,-223063.68435196183,-223702.76333861353,-2.863335599780386,stop_loss,3,-2.863335599780386,352.9990459786508,286.0799406730623
PII,2025-10-15,68.72318734627575,2025-11-04,63.17840758865685,34935,62.949846972497035,2.886670186889357,5.773340373778716,-193706.88083241618,-195089.27549813173,-0.9604110270030342,stop_loss,20,-0.9604110270030342,720.253364982643,662.1413007329181
CACI,2025-10-24,588.1675971069335,2025-11-04,558.301125366211,3959,553.6183942722054,17.274601417364085,34.549202834728135,-118241.36162152055,-119603.02252320191,-0.8644619641035941,stop_loss,11,-0.8644619641035941,698.566655083905,663.0942465974488
CAT,2025-10-15,530.9468954176095,2025-11-05,549.055723777043,4521,505.9898009963894,12.478547210610062,24.95709442122012,81870.01301299866,80405.20546058496,0.7255984231896873,trailing_stop,21,0.7255984231896873,720.1232742549038,744.6842781588035
MMM,2025-10-22,165.01357955231344,2025-11-05,158.3097220598448,14213,157.25576624590985,3.8789066532017955,7.757813306403591,-95281.92654045683,-96660.54476620091,-0.8641426685191079,stop_loss,14,-0.8641426685191079,703.6014018531093,675.0168238909723
CMC,2025-10-22,61.0855981385797,2025-11-05,56.22654572066426,19197,56.75936355076053,2.163117293909583,4.326234587819165,-93279.22926672261,-93954.84163442238,-1.1231597175974828,stop_loss,14,-1.1231597175974828,351.79806823989435,323.8142994598776
QCOM,2025-10-28,182.00936574071048,2025-11-05,172.58960708311378,12929,170.50268853532606,5.753338602692207,11.50667720538442,-121788.05968406776,-123163.44271995952,-0.8186341277731187,stop_loss,8,-0.8186341277731187,705.9597268984937,669.4233089932734
GOVT,2025-10-15,22.799887633290663,2025-11-06,22.689699169710117,105302,22.66897114924562,0.06545824202251994,0.13091648404504141,-11603.065591958599,-13040.108932817477,-0.8416698965321697,stop_loss,22,-0.8416698965321697,720.2621302682321,716.7812105906444
ENS,2025-10-15,121.7886326927036,2025-11-07,127.60861912760357,19713,115.74441302545199,3.0221098336258034,6.04421966725161,114729.39259118319,113254.48218364308,0.9629012106283029,trailing_stop,23,0.9629012106283029,720.2457948813798,754.6646126587348
NXT,2025-11-06,111.54143030548094,2025-11-10,108.83106243896485,21201,101.54629157336146,4.997569366059743,9.995138732119486,-57462.509138007714,-58864.144303610214,-0.2711686089765115,stop_loss,4,-0.2711686089765115,709.4369591719504,692.1982064305481
AEIS,2025-10-17,189.46695485875455,2025-11-14,192.16187450355713,12708,176.33362909041526,6.56666288416965,13.13332576833929,34247.038846151205,32792.117097090326,0.20519704546576206,trailing_stop,28,0.20519704546576206,722.3238187035158,732.5979303573612
TER,2025-10-30,172.654758707745,2025-11-14,163.50228107509565,13650,159.26555970012384,6.694599503810586,13.389199007621158,-124931.31968566364,-126307.88276357437,-0.683571707869884,trailing_stop,15,-0.683571707869884,707.0212369082158,669.5418410025167
FN,2025-11-05,461.31085610961907,2025-11-14,385.9736253662109,4964,423.1765149611993,19.067170574209875,38.134341148419765,-373974.0134102781,-375235.78946009185,-1.9755744684349956,stop_loss,9,-1.9755744684349956,686.9841269184448,574.7919228953613
FLS,2025-11-04,69.88159170145883,2025-11-17,66.66349717986935,16702,65.43814648754187,2.221722606958476,4.443445213916959,-53748.614699587466,-54432.78752193625,-0.724234094641325,stop_loss,13,-0.724234094641325,350.1487033793297,334.0241189694534
NVT,2025-08-04,90.16711920091971,2025-11-18,102.5024612157427,12333,85.08219291402455,2.5424631434475837,5.084926286895168,152131.77306881186,151418.91488822826,2.4258644705653905,trailing_stop,106,2.4258644705653905,333.60932433148287,379.2488562521264
GM,2025-10-22,66.82511428957477,2025-11-18,67.46742302108218,35097,63.19925995816931,1.8129271657027317,3.6258543314054634,22543.109549715664,21129.129995118026,0.17714686603486338,trailing_stop,27,0.17714686603486338,703.6083108663616,710.3712437312764
MTSI,2025-11-07,164.06389389038085,2025-11-18,158.09175,14305,152.23105593340398,5.91641897848843,11.832837956976874,-85431.51835189825,-86814.04929765382,-0.5047093446301755,trailing_stop,11,-0.5047093446301755,704.0802006305695,678.4507451249999
EXPE,2025-11-10,261.55722447734246,2025-11-18,240.8524924838489,8994,242.83364328679716,9.361790595272657,18.723581190545303,-186218.35954948113,-187573.9614477858,-1.105810463435738,stop_loss,8,-1.105810463435738,705.7337030847654,649.8681952199212
JCI,2025-11-06,120.39950353268026,2025-11-19,113.93438338243294,9820,114.48750795482093,2.9559977889296625,5.911995577859329,-63487.47987542864,-64177.82750628056,-1.0935597067189058,stop_loss,13,-1.0935597067189058,354.69693740727604,335.65069344464746
DD,2025-11-05,37.62390792220909,2025-11-20,37.8741283196366,60867,35.65342285808436,0.9852425320623663,1.9704850641247305,15230.164930219935,13851.563238640209,0.12698416343422028,trailing_stop,15,0.12698416343422028,687.0163210503302,691.5853705293962
CAH,2025-10-31,191.3202128246337,2025-12-04,198.46333337156807,12216,182.1796194542504,4.57029668519165,9.1405933703833,87260.36060135026,85831.88186125041,0.7814723024523769,trailing_stop,34,0.7814723024523769,701.1503159597177,727.3284241401227
MEDP,2025-10-24,603.6530377807617,2025-12-05,546.9824992675781,3857,566.0052356537093,18.823901063526176,37.64780212705239,-218578.26704534914,-219909.66742526778,-1.5052814589795707,stop_loss,42,-1.5052814589795707,698.4869300161195,632.9134499025146
ORI,2025-11-17,41.43517361198478,2025-12-05,40.56052856305774,55628,39.8139684868712,0.8106025625567923,1.6212051251135833,-48654.75478171355,-50023.13185789153,-0.5395030125295,trailing_stop,18,-0.5395030125295,691.4867513062468,676.8903248717328
XLV,2025-11-13,150.9262355992618,2025-12-08,151.92250210784968,7927,147.39905810761437,1.763588745823705,3.5271774916474214,7897.404613576235,7177.200030434953,0.2824543167864718,trailing_stop,25,0.2824543167864718,358.9176808786045,361.28690226267736
INCY,2025-11-04,101.9518484725952,2025-12-09,96.42347664642334,22896,95.3448660519002,3.303491210347503,6.6069824206950045,-126577.60133203099,-127940.2017652085,-0.8367468647798098,stop_loss,35,-0.8367468647798098,700.2868567885619,662.3135763889527
BG,2025-10-16,92.31922505024771,2025-12-10,90.50104162650432,26067,87.00824223838067,2.655491405933516,5.310982811867035,-47394.587306719,-48824.260074157864,-0.3423440610052028,trailing_stop,55,-0.3423440610052028,721.9455718154421,707.7271956234263
JAZZ,2025-11-18,170.2600863342285,2025-12-10,165.1846560974121,13398,159.24838359602245,5.505851369103021,11.011702738206054,-68000.61431286615,-69348.9009105959,-0.46091239088817376,trailing_stop,22,-0.46091239088817376,684.3433910117981,663.9432067179382
WELL,2025-11-18,196.81538038414703,2025-12-10,195.0828259832693,11590,189.65088036569853,3.5822500092242513,7.164500018448507,-20080.30550617307,-21442.93556971258,-0.24182488609343814,trailing_stop,22,-0.24182488609343814,684.3270775956793,678.3029859438274
OHI,2025-11-19,43.64837092590473,2025-12-12,42.58127358890366,52342,42.04555847603993,0.801406224932401,1.6028124498647998,-55854.00881330978,-57208.03842926801,-0.6657655654540725,trailing_stop,23,-0.6657655654540725,685.3929093011116,668.6367066571187
CSCO,2025-11-14,75.83763624837323,2025-12-18,75.439028383519,30716,72.59750145419075,1.6200673970912434,3.240134794182481,-12243.639176862453,-13637.623386112413,-0.1230220006803144,trailing_stop,34,-0.1230220006803144,698.8286505015095,695.1555587484509
FLEX,2025-12-09,67.41734847259521,2025-12-18,64.17575786590577,17127,61.992762159456106,2.712293156569551,5.424586313139102,-55518.72232077007,-56194.86086044793,-0.5975737908046295,trailing_stop,9,-0.5975737908046295,346.3970781870415,329.74146149081037
GEV,2025-12-11,710.9074903295282,2025-12-18,647.7817685671404,3303,646.1788628322096,32.364313748659285,64.7286274973186,-208504.2589811669,-209850.58416780762,-0.9752365252144857,stop_loss,7,-0.9752365252144857,704.4382321675295,641.8869544731793
COKE,2025-11-14,160.5537149698841,2025-12-30,153.19093979107583,14509,152.7047450207237,3.9244849745802086,7.84896994916042,-106826.5050693293,-108192.14142810732,-0.938056232409942,stop_loss,46,-0.938056232409942,698.8421551494146,666.7942036286157
ST,2025-12-10,34.23798445109699,2025-12-30,32.9382394874799,67229,32.0966913078998,1.0706465715985956,2.1412931431971884,-87380.55415901363,-88735.4112667636,-0.6069906718500161,trailing_stop,20,-0.6069906718500161,690.5356369988399,664.3214707511358
DCI,2025-12-05,93.329576634971,2026-01-02,88.42069667281876,24666,89.66771492630309,1.8309308543339597,3.6618617086679137,-121082.43314644718,-122427.34881887016,-1.3405421484193512,stop_loss,28,-1.3405421484193512,690.6202011834584,654.2954712395243
CVNA,2025-12-09,88.38830305480955,2026-01-02,84.2516625366211,26127,79.84097708183927,4.273662986485145,8.547325972970285,-108078.00681870982,-109431.17613301202,-0.48396896658323324,trailing_stop,24,-0.48396896658323324,692.7963581739027,660.37295612829
JNJ,2025-11-18,196.90539201330074,2026-01-06,203.31456115983056,11585,191.05833486333935,2.9235285749806965,5.847057149961387,74250.22456254796,72859.26011529473,1.096135882060285,trailing_stop,49,1.096135882060285,684.3446899422268,706.6197573109911
WFRD,2026-01-06,89.6171188475841,2026-01-16,84.33016254896057,26299,84.019531448206,2.7987936996890506,5.597587399378099,-139041.66369750001,-140414.05556353435,-0.9445062526778789,stop_loss,10,-0.9445062526778789,707.0521825717842,665.3396834625343
ARWR,2025-12-04,64.46440152740477,2026-01-20,61.938,35802,57.552728433513586,3.455836546945593,6.911673093891189,-90450.22748414565,-91807.8651179909,-0.3655267679887387,trailing_stop,47,-0.3655267679887387,692.3863510452437,665.2512828
HLT,2025-12-18,292.87830136674415,2026-01-21,291.5146332902924,7848,281.32301325672904,5.777644055007565,11.555288110015113,-10702.067063993294,-12077.96178934982,-0.11801246870424952,trailing_stop,34,-0.11801246870424952,689.5526727378624,686.3420526186645
KTOS,2026-01-20,128.2381106109619,2026-01-22,120.88899213409424,19021,116.39529778605774,5.9214064124520895,11.842812824904172,-139787.5825485,-141209.17653489413,-0.6205551489772143,stop_loss,2,-0.6205551489772143,731.7651305793319,689.828855814782
LUV,2025-12-12,41.084100134106556,2026-01-28,41.66811632882431,58175,38.67356564752174,1.2052672432924072,2.4105344865848153,33975.14212770539,32530.90906988609,0.24227663946230216,trailing_stop,47,0.24227663946230216,717.0202575904947,727.2128002288064
DG,2025-12-05,124.1940728950791,2026-01-30,139.3092801999539,18536,117.4228384464368,3.385617224321149,6.7712344486423035,280175.48260315903,278710.1931572682,2.2322676048981775,trailing_stop,56,2.2322676048981775,690.6184005549559,774.6710453359036
GLW,2026-01-28,107.79669591280603,2026-01-30,103.31356066520985,23077,100.07006528117535,3.8633153158153406,7.726630631630684,-103457.31210877707,-104918.84952609234,-0.5802186569192874,stop_loss,2,-0.5802186569192874,746.2873054739475,715.2501118413143
SLV,2025-12-10,55.18513106918334,2026-02-02,73.72620304870605,41710,52.259172811568014,1.462979128807664,2.925958257615328,773348.1122658923,771735.0447420751,6.3367520473903785,trailing_stop,54,6.3367520473903785,690.5315450686911,922.5359787484588
NLY,2026-01-05,22.06166429915916,2026-02-02,22.17216327285897,107313,21.3963762224297,0.3326440383647292,0.6652880767294569,11857.976364647935,10433.91694317714,0.1660919195230777,trailing_stop,28,0.1660919195230777,710.2510142806999,713.8084071900944
GDXJ,2026-01-21,139.20907733154294,2026-02-02,124.12575,17354,130.01514168359958,4.596967823971686,9.193935647943363,-261756.0625115963,-263127.0362896498,-1.6405735159694108,stop_loss,12,-1.6405735159694108,724.7502984034788,646.22347965
NYT,2025-12-18,69.11066512398827,2026-02-05,67.30703871362114,33262,66.69904066423207,1.205812229878102,2.4116244597561973,-59992.221661631476,-61353.479361145444,-0.7478885873256848,stop_loss,49,-0.7478885873256848,689.6276830062293,671.6300165077398
MU,2026-01-22,396.869921162604,2026-02-05,369.0953354875461,3048,363.55213540376076,16.658892879421618,33.31778575884323,-84656.93713757646,-85357.33576825736,-0.8336263963065416,trailing_stop,14,-0.8336263963065416,362.89785591108506,337.50077476981215
SNDK,2026-02-02,589.3988075561523,2026-02-05,563.18625,4058,514.6835967385077,37.35760540882231,74.71521081764456,-106370.5585628661,-107773.71561193497,-0.35083294645488744,trailing_stop,3,-0.35083294645488744,717.5341083188599,685.6229407499999
IEMG,2026-01-05,69.45938938903808,2026-02-06,72.63728908538819,34084,68.10304902045736,0.6781701842903605,1.3563403685807174,108315.53325039714,106862.56629366043,2.3429957331989484,trailing_stop,32,2.3429957331989484,710.2361483807922,742.7308083559113
EZU,2026-01-05,65.13506969451903,2026-02-06,66.77315634155273,36347,64.03491508610495,0.5500773042070418,1.100154608414087,59539.535359733985,58101.19487221406,1.4889604011158615,trailing_stop,32,1.4889604011158615,710.239313456005,728.1011740639252
ENTG,2026-01-16,115.75949605435613,2026-02-06,112.47955206172779,21175,107.27102166226014,4.244237196047998,8.488474392095995,-69452.81404390525,-70902.70259706267,-0.3863997040130618,trailing_stop,21,-0.3863997040130618,735.3621986852972,714.5263544721257
FTV,2026-02-05,60.724280299043755,2026-02-12,58.87657070139476,19981,57.81328494412628,1.455497677458738,2.9109953549174747,-36919.08547062454,-37636.00885177647,-0.6347346430930237,stop_loss,7,-0.6347346430930237,363.99955339655804,352.9238277553706
EXPD,2025-11-05,133.600190241088,2026-02-13,140.37948426818846,17141,127.51432013014255,3.0429350554727272,6.08587011094545,116203.87891852902,114794.99323829997,1.1139399795779223,trailing_stop,100,1.1139399795779223,687.0122582767468,721.8734219523055
CHRW,2026-01-30,191.4570268683238,2026-02-13,171.13273403127988,13039,182.8026808532444,4.327173007539703,8.654346015079398,-265008.4543022156,-266426.7966699266,-2.3484492995346744,stop_loss,14,-2.3484492995346744,748.9224520008221,669.4199157101575
MCK,2026-02-06,955.1611165927959,2026-02-13,915.7314197476186,2517,906.1810017004534,24.490057446171253,48.9801148923425,-99244.54695931131,-100657.25791350195,-0.8050143804652797,stop_loss,7,-0.8050143804652797,721.2421591392201,691.4687950514268
EWJ,2026-02-12,94.094,2026-02-18,91.45845304870605,13283,91.71223696854067,1.1908815157296675,2.3817630314593288,-35007.97015403749,-35747.37812419128,-1.1065529678992128,stop_loss,6,-1.1065529678992128,374.9551806,364.45278955378876
IPGP,2026-02-13,147.71757733154294,2026-02-18,134.5153439025879,16478,135.52387945332714,6.0968489391079,12.1936978782158,-217546.40244232139,-218941.59266515018,-1.0827095734872205,stop_loss,5,-1.0827095734872205,730.2270717807493,664.963151048053
USFD,2026-02-13,100.78068030548094,2026-02-25,96.49340634155273,12076,95.60049061428214,2.590094845599406,5.180189691198805,-51773.12038839712,-52487.804949501995,-0.8276287586943653,stop_loss,12,-0.8276287586943653,365.10824861069636,349.5763124941772
LUV,2026-01-30,48.37955736597908,2026-02-26,50.30214042582007,51600,45.378398052160016,1.5005796569095318,3.001159313819066,99205.285887795,97677.69320597795,0.640613462600372,trailing_stop,27,0.640613462600372,748.9155480253561,778.6771337916946
CGNX,2026-02-13,58.54311323514308,2026-03-02,53.644178474095966,20789,54.01426608416273,2.2644235754901763,4.528847150980354,-101843.95474740848,-102543.6332296115,-1.0817178407062489,stop_loss,17,-1.0817178407062489,365.1158343136169,334.5626478893943
SPHY,2025-12-19,23.074811865972883,2026-03-04,23.201809807059053,50374,22.945368245286954,0.0647218103429652,0.12944362068592952,6397.394284274734,5698.0527222275405,0.9811062176196896,trailing_stop,75,0.9811062176196896,348.7111718809554,350.6303901662379
EFA,2026-01-05,97.35726213836669,2026-03-04,100.68921091461182,12158,95.86451983702686,0.7463711506699122,1.492742301339831,40509.83322158826,39787.478515774834,2.232099119355358,trailing_stop,58,2.232099119355358,355.10087792347866,367.2538278899551
JAZZ,2026-02-26,195.26507733154295,2026-03-05,186.8229845123291,12871,184.84955617435938,5.207760578591793,10.415521157183576,-108658.17667610152,-110133.53330929925,-0.8105300437502688,stop_loss,7,-0.8105300437502688,753.9770431002868,721.3795900974565
MOG-A,2026-02-02,301.57326297937567,2026-03-06,311.359279813423,3965,286.5489319341125,7.512165522631602,15.024331045263182,38801.55674699755,38072.473487345516,0.6513445959467595,trailing_stop,32,0.6513445959467595,358.7213963139674,370.36186333806666
RRX,2026-02-06,201.98465545958828,2026-03-06,192.8370675677546,11904,187.88105537254515,7.051800043521569,14.103600087043134,-108892.8862643883,-110302.87360166355,-0.6485994948366064,trailing_stop,28,-0.6485994948366064,721.3276015772817,688.6597356979652
SON,2026-02-18,55.770081031901505,2026-03-06,52.947681155024405,43882,53.17812707886671,1.2959769765173978,2.591953953034796,-123852.55139712089,-125283.77724920689,-1.0889081858774865,stop_loss,16,-1.0889081858774865,734.1908087525705,697.0350433334343
EMB,2025-09-08,91.44374982293363,2026-03-09,94.13016409069718,12327,90.68898995149875,0.37737993571743506,0.7547598714348709,33115.42867872131,32429.157787677315,3.559296631200625,trailing_stop,182,3.559296631200625,338.16813122019084,348.1027598238072
BEN,2026-02-02,26.164139559793657,2026-03-10,25.44232812718624,91423,24.95186928013212,0.6061351398307694,1.2122702796615386,-65990.1666032679,-67405.57203187194,-0.5954212065719736,stop_loss,36,-0.5954212065719736,717.6012392925046,697.8041893115243
HSY,2026-02-06,222.64078127111952,2026-03-10,217.88513784371787,10799,212.01091825687013,5.314931507124703,10.629863014249395,-51356.19337251043,-52783.36519266677,-0.4473852034618586,trailing_stop,32,-0.4473852034618586,721.289339084046,705.8824810722929
PBF,2026-03-05,45.15994375951247,2026-03-10,38.77861471426571,27705,40.75042775936639,2.204758000073041,4.409516000146084,-176794.72119856163,-177492.37652731643,-1.4471722168681,stop_loss,5,-1.4471722168681,375.3468725571879,322.3084561976194
TXNM,2025-05-20,54.99463790512872,2026-03-12,58.072240042155094,40060,51.89423437775071,1.5502017636890026,3.100403527378006,123288.74160927658,121929.90387010612,0.9926456701038157,trailing_stop,296,0.9926456701038157,660.925558343837,697.9121808266199
STLD,2025-10-22,152.12466613200027,2026-03-13,175.37115944485117,15417,143.29202070525187,4.416322713374204,8.8326454267484,358391.1874042224,356876.48646134685,2.631883449374321,trailing_stop,142,2.631883449374321,703.5917933271146,811.1091495483812
ATI,2025-10-29,100.1,2026-03-16,144.7550939025879,23338,93.10231160211757,3.4988441989412173,6.997688397882428,1042160.5814985966,1040446.253044147,6.381406453608451,trailing_stop,138,6.381406453608451,700.8401399999999,1013.4883144495789
KRG,2026-02-18,25.557571460160577,2026-03-16,25.07201887502729,95757,24.577051204733348,0.49026012771361555,0.9805202554272299,-46495.05889460824,-47949.50019912622,-0.4951989338779381,stop_loss,26,-0.4951989338779381,734.1949110931788,720.2463934247965
IBB,2025-10-06,151.28715982692867,2026-03-19,162.7370939025879,8107,146.74769885130345,2.2697304878126086,4.539460975625218,92824.61555136937,92060.87716387381,2.5223113795095977,trailing_stop,164,2.5223113795095977,367.94550141507324,395.79288608048404
PNW,2026-03-04,101.164948878096,2026-03-23,97.35842348686319,24504,97.35172263892517,1.9066131195854141,3.813226239170831,-93275.09818676878,-94734.48320169807,-0.9982427352803809,stop_loss,19,-0.9982427352803809,743.6837721926594,715.7012427366286
ADM,2026-03-12,71.1027128208555,2026-03-23,65.74032629939622,34457,67.09812579041119,2.002293515222153,4.004587030444313,-184771.7523699226,-186186.31254961254,-1.339061051911843,stop_loss,11,-1.339061051911843,734.9958527004654,679.5643269894887
NSA,2026-03-17,40.870831832885735,2026-03-23,37.56239847564697,60128,38.03691730750987,1.4169572626879339,2.8339145253758673,-198929.4809040523,-200344.29088564974,-1.1674428877843301,stop_loss,6,-1.1674428877843301,737.244412934326,677.5655686631103
VRT,2026-03-11,272.31727155488176,2026-03-31,232.767,8906,244.7814095023642,13.767931026258784,27.535862052517558,-352234.71846777695,-353584.2026245173,-1.4363186262136922,stop_loss,20,-1.4363186262136922,727.5772861403332,621.9068706
OVV,2026-03-10,52.66369888687133,2026-04-02,59.360578170776364,22912,49.25973004755856,1.7019844196563831,3.4039688393127676,153438.89815283215,152668.8880820487,1.9673738509477885,trailing_stop,23,1.9673738509477885,361.9892006687988,408.02087011464846
CVX,2026-02-02,170.3710693862745,2026-04-09,192.3538784862591,14040,164.18545427041727,3.092807557928629,6.185615115857246,308638.63976378366,307110.84228334454,3.5538598325702746,trailing_stop,66,3.5538598325702746,717.6029442549883,810.1945361841233
PSX,2026-02-05,150.11931701620966,2026-04-09,166.63222419764242,8082,141.8326333662699,4.1433418249698795,8.28668364993976,133457.3158403395,132689.3200535124,1.9927039427350157,trailing_stop,63,1.9927039427350157,363.97929603750197,404.0164907896038
LYB,2026-03-06,67.29723336029052,2026-04-09,74.98493756103515,36070,62.06595791414935,2.6156377230705856,5.231275446141169,277295.4905208589,275755.8551493192,1.469565936623628,trailing_stop,34,1.469565936623628,728.2233621917037,811.4120093479613
MTDR,2026-03-09,56.67196547410333,2026-04-09,59.902645360071574,21078,52.787263793450514,1.9423508403264098,3.8847016806528174,68096.27063643862,67359.12274228981,0.831641693893296,trailing_stop,31,0.831641693893296,358.359506478945,378.7883876698766
OXY,2026-03-13,57.75770076370239,2026-04-09,60.03989847564697,21118,54.01722307362241,1.870238845039988,3.7404776900799774,48195.45128084571,47449.15637062473,0.6101353626562565,trailing_stop,27,0.6101353626562565,365.9181374183601,380.37677280261374
DVN,2026-03-19,48.428381069183345,2026-04-09,48.10185152435303,25966,45.73966847383672,1.3443562976733126,2.6887125953466224,-8478.666161063957,-9230.617366921088,-0.12144456993858041,stop_loss,21,-0.12144456993858041,377.2474028527244,374.7038030044052
CHRD,2026-03-06,119.12251007165283,2026-04-10,131.19782019206372,20377,111.3767201393432,3.872894966154809,7.74578993230962,246058.59432361272,244528.3611126776,1.5589514079179663,trailing_stop,35,1.5589514079179663,728.2078163190208,802.0253946161047
DOW,2026-03-13,37.737700763702385,2026-04-10,38.4615,32321,34.648915482304815,1.5443926406987833,3.08878528139757,23393.91511637524,22655.064806010152,0.23433135370617972,trailing_stop,28,0.23433135370617972,365.91606791508747,372.93424245000006
MUR,2026-03-16,35.78519370133164,2026-04-10,37.159672822132165,33805,32.58510664323601,1.6000435290478165,3.200087058095633,46464.26667866166,45724.49631481395,0.4295130400666265,trailing_stop,25,0.4295130400666265,362.9155419220549,376.8548219256533
DOCN,2026-03-17,71.64156969451903,2026-04-13,76.41850774383545,34302,62.467812896535996,4.586878398991519,9.173756797983039,163858.52896765163,162334.9019347645,0.520717755496492,trailing_stop,27,0.520717755496492,737.2347370984177,786.392295788713
DAR,2026-03-12,55.125069694519034,2026-04-16,58.41153121948242,44444,51.8919475530205,1.6165610707492672,3.2331221414985336,146063.49601547272,144549.68980816615,1.016497794122968,trailing_stop,35,1.016497794122968,734.9935792509611,778.8126280556031
AVT,2026-04-14,73.6735984725952,2026-04-16,70.10982030487061,36829,69.66929978086189,2.002149345866657,4.004298691733311,-131250.38613912903,-132839.00599817562,-0.8899880958135934,stop_loss,2,-0.8899880958135934,813.9974874441625,774.622371602424
VLO,2026-03-06,226.12263813344794,2026-04-20,223.2348610922522,5367,212.14367783750302,6.989480147972455,13.978960295944916,-15498.699380097498,-16222.209889600797,-0.20658024488655521,trailing_stop,45,-0.20658024488655521,364.08005965866454,359.4304498446353
CAR,2026-04-09,261.1608938903808,2026-04-23,401.6079997558594,10198,231.9643162206182,14.598288834881302,29.196577669762604,1432279.5856161506,1430251.9104629294,4.810396185952042,trailing_stop,14,4.810396185952042,798.9956387682312,1228.6795144530763
BKH,2026-04-15,76.00215460651937,2026-04-23,72.41650262642841,35687,72.30515433689692,1.8485001348112255,3.6970002696224498,-127961.16221350602,-129550.14719970769,-0.9698814494425604,stop_loss,8,-0.9698814494425604,813.686667432857,775.2983187688052
TXN,2026-04-24,286.6612887617457,2026-04-27,274.4990933045353,9964,270.6864652044954,7.987411778625168,15.974823557250318,-121184.11553564473,-122861.53614971726,-0.7613351980773839,stop_loss,3,-0.7613351980773839,856.8879243666102,820.5326897059168
RMBS,2026-04-27,156.6464954986572,2026-04-28,116.3835,18672,142.30481100214146,7.170842248257875,14.34168449651574,-751790.6519509273,-753320.0567737126,-2.8074104899211076,stop_loss,1,-2.8074104899211076,877.4710091852783,651.9338136
DLR,2026-04-09,185.9057212219238,2026-04-29,193.76604670715332,14326,177.82351921295597,4.041101004483924,8.08220200896784,112607.02290139796,110975.26957719236,0.9725475157027575,trailing_stop,20,0.9725475157027575,798.9856086675842,832.7677155380035
GEV,2026-04-23,1149.0379046630858,2026-04-29,1090.6982490234375,2462,1065.987769610022,41.525067526531856,83.05013505306374,-143632.23218481411,-145286.50130792698,-0.7024631037911375,stop_loss,6,-0.7024631037911375,848.6793963841552,805.589726728711
MCHP,2026-04-24,90.745652743173,2026-04-29,88.46697769436426,15738,84.74922751065088,2.9982126162610583,5.996425232522114,-35861.787918151895,-36707.92243149968,-0.3800055800662954,stop_loss,5,-0.3800055800662954,428.44652486161704,417.68798848617143
BWXT,2026-04-09,231.32169327862363,2026-04-30,209.30997274316667,5757,210.15241646596593,10.584638406328853,21.1692768126577,-126721.4751226257,-127482.49007301194,-1.0397955834889712,stop_loss,21,-1.0397955834889712,399.51569646151086,361.4992539247232
TER,2026-04-09,360.22394140718706,2026-04-30,326.5496721315525,3696,322.76659655533007,18.72867242592849,37.45734485185699,-124460.09924274537,-125221.59382543713,-0.8990031036320273,stop_loss,21,-0.8990031036320273,399.41630623228906,362.0782764594654
CLH,2026-04-09,301.8215090026855,2026-05-07,290.64906243896485,8824,285.15327653749705,8.334116232594216,16.668232465188453,-98585.66847827107,-100154.05657499141,-0.6702838220581739,stop_loss,28,-0.6702838220581739,798.9818986319091,769.4061980884277
EQIX,2026-02-13,947.8570833986181,2026-05-18,1054.0165762765853,1284,899.4529578901179,24.202062754250086,48.404125508500215,136308.78885530986,135537.66712160295,2.193191009293714,trailing_stop,94,2.193191009293714,365.1145485251477,406.0071851817407
CRS,2026-04-09,430.30909934677965,2026-05-18,414.04553146362304,6189,390.147547667054,20.080775839862817,40.16155167972562,-100655.22162885626,-102222.93487188194,-0.4049536734250932,trailing_stop,39,-0.4049536734250932,798.9549047571658,768.7583382685089
MPWR,2026-04-09,1314.252881347656,2026-05-19,1433.4751241455078,2026,1202.980895790595,55.63599277853048,111.27198555706104,241544.2639084477,239874.19482670896,1.0714488664958153,trailing_stop,40,1.0714488664958153,798.8029012831055,871.2661804556398
VICR,2026-04-20,218.218,2026-05-20,249.7899532928467,12942,189.66493858280828,14.27653070859586,28.553061417191714,408604.219516022,406787.13183656725,1.1057291836957743,trailing_stop,30,1.1057291836957743,847.2532068,969.8344726548064
FLEX,2026-05-07,132.44230755615234,2026-05-20,127.63224213409424,11680,122.10709436137297,5.167606597389688,10.33521319477937,-56181.56412963863,-57092.86535175326,-0.4654055345938884,stop_loss,13,-0.4654055345938884,464.0778456767579,447.22337643786625
CASY,2026-04-09,753.820616835515,2026-05-22,824.175,3533,716.1263274486066,18.847144693454204,37.694289386908395,248562.0357201253,246889.51816584135,1.8664467299632852,trailing_stop,43,1.8664467299632852,798.9744717839624,873.5430825
COST,2026-05-20,1090.4593651123046,2026-05-22,1038.9500002441407,2709,1050.2643004299712,20.097532341166648,40.195064682333395,-139538.86942785588,-141269.44041908107,-1.281484811014705,stop_loss,2,-1.281484811014705,886.2163260267699,844.354665198413
CIEN,2025-09-05,115.9758606109619,2026-05-22,583.739990234375,19409,107.47733543901836,4.249262585971773,8.498525171943541,9078833.991860826,9074759.75637611,55.04062412707303,end_of_backtest,259,55.04062412707303,675.2926435794479,3398.9428411376953
ROST,2025-11-24,172.7817337709719,2026-05-22,234.80999755859375,13201,165.94723651850484,3.417248626233527,6.8344972524670595,818835.110260396,817220.9247268116,9.075761024738346,end_of_backtest,179,9.075761024738346,684.26750025318,929.9180333312988
SLAB,2026-02-05,204.20399999999998,2026-05-22,217.5,11883,186.22735508949157,8.988322455254202,17.976644910508412,157996.36800000025,156493.03541040025,0.7396263355142384,end_of_backtest,106,0.7396263355142384,727.9668396,775.36575
MTZ,2026-03-02,298.2579514465332,2026-05-22,382.1099853515625,8434,274.0528047961121,12.10257332521052,24.205146650421057,707208.0539550172,705486.5870013307,3.464223337129448,end_of_backtest,81,3.464223337129448,754.6522687500183,966.8146849365235
INTC,2026-04-09,58.45840152740478,2026-05-22,119.83999633789062,45561,52.55964787075624,2.949376828324273,5.898753656648545,2796606.8411605456,2794169.805169003,10.405858319121707,end_of_backtest,43,10.405858319121707,799.0269695970267,1638.0090219451904
ARW,2026-04-14,177.35717266845703,2026-05-22,217.3300018310547,7649,166.5688506917505,5.394160988353258,10.788321976706527,305752.1702647095,304846.4816053855,3.7051943062975417,end_of_backtest,38,3.7051943062975417,406.98150412230837,498.7071552017212
ON,2026-04-17,80.42033633422851,2026-05-22,116.19999694824219,17146,74.59886054690341,2.910737893662552,5.821475787325099,613478.0608878785,612466.6852175402,6.146149519665704,end_of_backtest,35,6.146149519665704,413.66612603600464,597.7095443023682
AMD,2026-04-17,281.28099999999995,2026-05-22,467.510009765625,9804,260.510079524191,10.385460237904486,20.770920475808964,1825789.211742188,1823586.8676242654,8.965852523604735,end_of_backtest,35,8.965852523604735,827.3036771999999,1375.0404407226563
BEN,2026-04-29,29.88986061096191,2026-05-22,31.020000457763672,92600,28.18669174836377,0.8515844312990698,1.7031688625981403,104650.94981384306,102958.87387335388,0.6635512611930691,end_of_backtest,23,0.6635512611930691,830.3403277725217,861.7356127166748
CNC,2026-04-29,50.63058183288574,2026-05-22,59.13999938964844,54666,47.093232049055665,1.7686748919150355,3.5373497838300736,465175.8201579897,463375.60458005633,2.405591212851195,end_of_backtest,23,2.405591212851195,830.3314159429594,969.8841619903565
NUE,2026-04-29,226.22599999999997,2026-05-22,232.0,12234,215.2198821436635,5.503058928168233,11.00611785633646,70639.11600000036,68957.33493480037,0.5246173151485756,end_of_backtest,23,0.5246173151485756,830.2946651999999,851.4864
NXPI,2026-04-30,289.72944244384763,2026-05-22,316.4700012207031,9652,268.71307637123493,10.508183036306354,21.016366072612698,258099.87331420922,256344.56220513416,1.2723683382971822,end_of_backtest,22,1.2723683382971822,838.9405735404052,916.370535534668
JBHT,2026-05-18,261.13086511230466,2026-05-22,258.7699890136719,11604,244.61178823536758,8.259538438468534,16.519076876937078,-27395.606248534856,-29205.485101918206,-0.14291816160314,end_of_backtest,4,-0.14291816160314,909.0487676289549,900.8300857543945
KNX,2026-05-18,69.53947122192382,2026-05-22,70.12000274658203,21789,64.08954452252837,2.7249633496977204,5.449926699395448,12649.201390777793,11736.28930728786,0.1065209784789601,end_of_backtest,4,0.1065209784789601,454.55866153634946,458.35342195358277
D,2026-05-19,67.26719694519042,2026-05-22,67.66999816894531,43955,64.26028624266543,1.5034553512624953,3.0069107025249906,17705.127790146285,15925.778466773734,0.13395849215497094,end_of_backtest,3,0.13395849215497094,887.0188925177533,892.3304308547973
