ticker,first_eligible,last_eligible,eligible_days,data_start,data_end,is_active
A,2004-03-30,2026-06-12,5587,2004-01-02,2026-06-12,True
AA,2017-01-13,2026-06-12,2306,2016-10-18,2026-06-12,True
AAAP,2017-10-31,2018-02-20,76,2015-11-11,2018-02-20,False
AABA,2004-03-30,2019-11-06,3906,2004-01-02,2019-11-06,False
AAI,2004-03-31,2007-09-19,422,2004-01-02,2011-11-30,False
AAIC,2004-03-30,2005-07-25,333,2004-01-02,2023-12-14,False
AAL,2005-12-21,2026-06-12,4153,2005-09-27,2026-06-12,True
AAMI,2021-11-12,2026-06-12,108,2018-03-26,2026-06-12,True
AAMRQ,2004-03-30,2013-12-17,929,2004-01-02,2013-12-17,False
AAOI,2017-02-27,2026-06-12,1089,2013-09-26,2026-06-12,True
AAON,2023-03-15,2026-06-12,815,2004-01-02,2026-06-12,True
AAP,2004-03-30,2026-06-12,5580,2004-01-02,2026-06-12,True
AAPL,2004-03-30,2026-06-12,5587,2004-01-02,2026-06-12,True
AAT,2019-06-27,2019-09-24,62,2011-01-13,2026-06-12,True
AAUC,2026-01-29,2026-06-12,94,2025-06-09,2026-06-12,True
AAWW,2010-05-07,2023-04-03,935,2005-11-09,2023-04-03,False
AB,2006-11-08,2025-06-11,614,2004-01-02,2026-06-12,True
ABAT,2025-10-14,2025-10-14,1,2023-09-21,2026-06-12,True
ABAX,2018-05-25,2018-08-01,47,2004-01-02,2018-08-01,False
ABBV,2013-04-01,2026-06-12,3322,2013-01-02,2026-06-12,True
ABCB,2018-08-06,2026-06-12,706,2004-01-02,2026-06-12,True
ABCL,2021-03-11,2023-02-08,341,2020-12-11,2026-06-12,True
ABCM,2023-06-22,2026-04-21,167,2010-12-03,2026-06-12,True
ABCO,2015-01-30,2017-11-17,285,2004-01-02,2017-11-17,False
ABEO,2017-11-07,2017-11-27,14,2004-01-02,2026-06-12,True
ABFS,2006-07-17,2009-08-11,492,2004-01-02,2014-05-13,False
ABG,2014-10-14,2026-06-12,2015,2004-01-02,2026-06-12,True
ABLX,2018-03-16,2018-03-27,7,2017-10-20,2018-06-22,False
ABM,2017-02-01,2026-06-12,1112,2004-01-02,2026-06-12,True
ABMD,2015-02-19,2023-01-03,1978,2004-01-02,2023-01-03,False
ABNB,2021-03-10,2026-06-12,1322,2020-12-10,2026-06-12,True
ABR,2019-07-01,2025-10-31,1233,2004-04-07,2026-06-12,True
ABT,2004-03-30,2026-06-12,5587,2004-01-02,2026-06-12,True
ABTS,2021-06-02,2021-08-03,40,2014-04-10,2026-06-12,True
ABVT,2011-07-26,2012-07-23,102,2010-12-02,2013-07-10,False
ABVX,2025-07-24,2026-06-12,224,2023-10-20,2026-06-12,True
ABY,2014-09-09,2016-03-02,228,2014-06-13,2017-11-13,False
ACA,2019-01-29,2026-06-12,484,2018-10-30,2026-06-12,True
ACAD,2007-06-07,2026-06-12,3282,2004-05-27,2026-06-12,True
ACAS,2004-04-06,2017-01-11,2258,2004-01-02,2017-01-11,False
ACB,2018-01-08,2021-06-09,140,2014-07-11,2026-06-12,True
ACC,2009-03-26,2022-08-09,2994,2004-08-12,2022-08-09,False
ACCD,2021-01-11,2022-03-23,298,2020-07-02,2025-04-08,False
ACGL,2007-05-22,2026-06-12,4634,2004-01-02,2026-06-12,True
ACH,2008-03-28,2022-11-18,1400,2004-01-02,2026-06-12,True
ACHC,2014-06-13,2026-06-12,2828,2004-01-02,2026-06-12,True
ACHN,2014-08-25,2016-01-05,176,2006-11-09,2020-01-28,False
ACHR,2021-03-18,2025-11-03,104,2020-12-18,2026-06-12,True
ACI,2020-09-22,2026-06-12,1438,2020-06-26,2026-06-12,True
ACIA,2016-08-09,2021-03-01,1074,2016-05-13,2021-03-01,False
ACIW,2007-05-15,2026-06-12,1415,2004-01-02,2026-06-12,True
ACLI,2007-05-22,2007-09-19,84,2006-12-28,2010-12-31,False
ACLS,2017-11-28,2026-06-12,1164,2004-01-02,2026-06-12,True
ACLX,2023-06-06,2026-04-28,666,2022-02-04,2026-04-28,True
ACM,2007-08-06,2026-06-12,3960,2007-05-10,2026-06-12,True
ACMP,2013-02-04,2015-02-02,372,2010-07-29,2015-02-02,False
ACMR,2020-02-21,2026-06-12,1172,2017-11-03,2026-06-12,True
ACN,2004-03-30,2026-06-12,5587,2004-01-02,2026-06-12,True
ACO,2014-04-08,2014-05-12,24,2004-01-02,2014-05-12,False
ACOM,2011-04-29,2013-01-14,361,2009-11-05,2013-01-14,False
ACON,2025-03-28,2025-04-04,6,2022-04-22,2026-06-12,True
ACRS,2021-01-20,2021-04-16,61,2015-10-07,2026-06-12,True
ACT,2025-06-23,2025-07-14,15,2021-09-16,2026-06-12,True
ACTC,2021-02-24,2021-05-17,58,2020-11-25,2021-06-14,False
ACTG,2011-09-15,2013-05-20,113,2004-01-02,2026-06-12,True
ACVA,2021-06-18,2025-10-03,539,2021-03-24,2026-06-12,True
ACXM,2005-03-29,2018-10-01,318,2004-01-02,2018-10-01,False
AD,2023-10-13,2025-10-20,61,2004-01-02,2026-06-12,True
ADBE,2004-03-30,2026-06-12,5587,2004-01-02,2026-06-12,True
ADC,2018-12-21,2026-06-12,1797,2004-01-02,2026-06-12,True
ADEA,2004-11-17,2026-06-12,994,2004-01-02,2026-06-12,True
ADI,2004-03-30,2026-06-12,5587,2004-01-02,2026-06-12,True
ADM,2004-03-30,2026-06-12,5587,2004-01-02,2026-06-12,True
ADMA,2024-06-04,2026-05-06,470,2013-10-17,2026-06-12,True
ADMS,2017-10-24,2018-06-07,156,2014-04-10,2021-11-24,False
ADNT,2017-01-27,2026-06-12,2245,2016-10-31,2026-06-12,True
ADP,2004-03-30,2026-06-12,5587,2004-01-02,2026-06-12,True
ADPT,2019-09-23,2026-06-12,753,2019-06-27,2026-06-12,True
ADPTQ,2015-07-24,2016-11-25,318,2014-06-25,2017-11-01,False
ADSK,2004-03-30,2026-06-12,5587,2004-01-02,2026-06-12,True
ADSW,2019-04-17,2021-11-05,392,2016-10-06,2021-11-05,False
ADT,2020-08-04,2021-08-04,85,2018-01-19,2026-06-12,True
ADTN,2004-03-30,2026-06-12,2030,2004-01-02,2026-06-12,True
ADTX,2025-03-19,2025-03-20,2,2020-06-30,2026-06-12,True
ADUS,2024-09-23,2026-06-12,203,2009-10-28,2026-06-12,True
ADVM,2020-05-06,2020-09-23,98,2016-01-04,2026-06-12,True
ADVS,2015-01-29,2015-07-16,117,2004-01-02,2015-07-16,False
AEA,2012-04-12,2012-05-14,23,2005-08-26,2013-05-01,False
AEC,2015-04-24,2015-07-20,60,2004-01-02,2026-06-12,True
AEE,2004-03-30,2026-06-12,5587,2004-01-02,2026-06-12,True
AEG,2008-01-29,2008-04-23,60,2004-01-02,2026-06-12,True
AEGR,2013-05-06,2015-01-29,438,2010-10-21,2016-12-07,False
AEHR,2021-09-09,2026-06-12,775,2004-01-02,2026-06-12,True
AEIS,2017-02-07,2026-06-12,1410,2004-01-02,2026-06-12,True
AEL,2013-09-09,2024-05-02,824,2004-01-02,2024-05-02,False
AEM,2006-01-06,2026-06-12,5140,2004-01-02,2026-06-12,True
AEO,2004-03-30,2026-06-12,5429,2004-01-02,2026-06-12,True
AEP,2004-03-30,2026-06-12,5587,2004-01-02,2026-06-12,True
AEPPL,2019-06-11,2019-06-11,1,2019-03-15,2022-03-14,False
AER,2013-12-20,2026-06-12,3137,2006-11-21,2026-06-12,True
AERI,2015-06-17,2022-11-16,834,2013-10-25,2023-01-03,False
AES,2004-06-25,2026-06-12,5144,2004-01-02,2026-06-12,True
AES-P-C,2004-06-25,2017-05-24,2959,2004-01-02,2017-05-24,False
AES-P-C-CL,2004-06-25,2017-06-22,2891,2004-01-02,2017-06-22,False
AESI,2024-06-24,2026-06-12,384,2023-03-09,2026-06-12,True
AET,2004-03-30,2018-11-28,3694,2004-01-02,2018-11-28,False
AEVA,2021-01-08,2026-06-12,319,2020-02-27,2026-06-12,True
AF,2004-03-30,2017-06-12,499,2004-01-02,2017-10-02,False
AF-P-C,2004-03-30,2017-06-09,743,2004-01-02,2017-09-29,False
AFFX,2016-03-31,2016-04-01,2,2016-01-04,2016-04-01,False
AFG,2007-08-13,2026-06-12,3135,2004-01-02,2026-06-12,True
AFL,2004-03-30,2026-06-12,5587,2004-01-02,2026-06-12,True
AFOP,2013-11-04,2013-11-18,11,2004-01-02,2016-06-07,False
AFRM,2021-04-12,2026-06-12,1272,2021-01-13,2026-06-12,True
AFSI,2013-12-13,2018-08-14,906,2006-11-13,2018-11-29,False
AG,2011-04-11,2026-06-12,1018,2006-11-28,2026-06-12,True
AGAM,2010-10-21,2010-11-29,27,2009-10-21,2010-11-29,False
AGCO,2004-03-30,2026-06-12,5376,2004-01-02,2026-06-12,True
AGG,2005-12-29,2026-06-12,5135,2004-01-02,2026-06-12,True
AGI,2020-07-07,2026-06-12,912,2004-01-02,2026-06-12,True
AGIG,2025-06-24,2025-08-12,28,2004-01-02,2026-06-12,True
AGIO,2014-09-29,2026-06-12,2421,2013-07-24,2026-06-12,True
AGIXQ,2004-09-29,2007-03-07,164,2004-01-02,2009-07-06,False
AGL,2021-07-12,2024-01-04,616,2021-04-15,2026-06-12,True
AGM,2025-07-08,2026-06-12,55,2004-01-02,2026-06-12,True
AGN,2004-03-30,2020-05-08,4015,2004-01-02,2020-05-08,False
AGN-P-A,2015-05-21,2018-02-28,674,2015-02-25,2018-02-28,False
AGNC,2010-05-17,2026-06-12,3492,2008-05-15,2026-06-12,True
AGNT,2020-08-25,2023-10-10,549,2014-02-19,2026-06-12,True
AGO,2007-08-20,2026-06-12,4047,2004-04-23,2026-06-12,True
AGP,2011-07-05,2012-10-19,191,2006-12-28,2012-12-21,False
AGR,2016-03-16,2026-02-26,1870,2015-12-17,2026-06-12,True
AGRO,2022-05-18,2026-06-12,31,2011-01-28,2026-06-12,True
AGU,2006-11-28,2017-12-29,2792,2004-01-02,2017-12-29,False
AGX,2024-10-16,2026-06-12,415,2004-01-02,2026-06-12,True
AGYS,2024-07-01,2026-06-12,490,2004-01-02,2026-06-12,True
AHCO,2021-01-07,2023-05-23,388,2018-05-24,2026-06-12,True
AHL-P-B,2007-07-19,2014-10-09,764,2004-01-02,2017-06-30,False
AHL-P-B-CL,2007-07-19,2014-12-23,800,2004-01-02,2017-06-30,False
AHMA,2026-01-16,2026-02-03,12,2025-10-21,2026-06-12,True
AHR,2024-08-14,2026-06-12,459,2024-02-07,2026-06-12,True
AHS,2015-08-20,2016-10-26,299,2004-01-02,2016-10-26,False
AHT,2007-06-12,2022-01-18,161,2004-01-02,2026-06-12,True
AI,2021-03-09,2026-06-12,1248,2020-12-09,2026-06-12,True
AIFF,2025-02-12,2025-02-13,2,2011-02-23,2026-06-12,True
AIG,2004-03-30,2026-06-12,5386,2004-01-02,2026-06-12,True
AIG-WS,2004-04-23,2017-07-31,2806,2004-01-02,2021-01-13,False
AIMC,2018-09-14,2023-03-27,317,2006-12-15,2023-03-27,False
AIMCV,2018-09-14,2018-10-01,12,2006-12-15,2018-10-01,False
AIMT,2018-02-23,2020-10-13,298,2015-08-06,2020-10-13,False
AIN,2020-03-31,2026-02-03,76,2004-01-02,2026-06-12,True
AIP,2026-05-28,2026-06-12,12,2021-10-27,2026-06-12,True
AIQ,2024-03-11,2026-06-12,433,2018-05-16,2026-06-12,True
AIR,2008-03-07,2026-06-12,394,2004-01-02,2026-06-12,True
AIRC,2021-03-15,2024-06-28,829,2020-12-15,2024-06-28,False
AIRM,2013-04-23,2017-04-24,305,2004-01-02,2017-04-24,False
AIRO,2025-09-10,2025-10-20,23,2025-06-13,2026-06-12,True
AIRT,2004-09-24,2005-01-24,84,2004-01-02,2026-06-12,True
AISP,2024-03-13,2024-04-03,6,2021-05-10,2026-06-12,True
AIT,2022-06-01,2026-06-12,934,2004-01-02,2026-06-12,True
AIV,2004-03-30,2020-12-14,3982,2004-01-02,2026-06-12,True
AIXG,2010-05-07,2010-07-08,43,2005-03-11,2017-07-18,False
AIXI,2026-05-11,2026-06-03,17,2023-03-09,2026-06-12,True
AIZ,2004-05-03,2026-06-12,5391,2004-02-05,2026-06-12,True
AJG,2004-12-15,2026-06-12,3895,2004-01-02,2026-06-12,True
AJRD,2017-09-26,2023-07-27,1413,2004-01-02,2023-07-27,False
AKAM,2004-03-30,2026-06-12,5571,2004-01-02,2026-06-12,True
AKAN,2026-05-01,2026-06-12,30,2022-03-15,2026-06-12,True
AKBA,2020-07-02,2020-07-30,20,2014-03-20,2026-06-12,True
AKR,2016-09-07,2026-06-12,476,2004-01-02,2026-06-12,True
AKRO,2022-09-14,2025-12-09,660,2019-06-20,2025-12-09,False
AKS,2004-12-10,2017-01-18,1425,2004-01-02,2020-03-13,False
AL,2011-07-15,2026-06-12,3012,2011-04-19,2026-06-12,True
ALAB,2024-06-14,2026-06-12,500,2024-03-20,2026-06-12,True
ALB,2006-10-25,2026-06-12,4822,2004-01-02,2026-06-12,True
ALB-P-A,2024-05-31,2026-04-08,136,2024-03-06,2026-06-12,True
ALBO,2023-03-02,2023-03-02,1,2007-05-11,2023-03-02,False
ALC,2019-07-05,2026-06-12,1745,2019-04-09,2026-06-12,True
ALDR,2015-06-23,2019-10-22,291,2014-05-08,2019-10-22,False
ALDX,2021-04-28,2021-07-13,53,2014-05-02,2026-06-12,True
ALE,2018-02-20,2026-04-17,948,2004-01-02,2026-06-12,True
ALEC,2021-07-06,2021-10-14,72,2019-02-07,2026-06-12,True
ALEX,2026-02-19,2026-03-09,13,2012-06-14,2026-03-12,True
ALG,2025-03-10,2026-06-12,239,2004-01-02,2026-06-12,True
ALGM,2021-01-27,2026-06-12,1046,2020-10-29,2026-06-12,True
ALGN,2007-06-14,2026-06-12,3773,2004-01-02,2026-06-12,True
ALGT,2009-01-29,2026-06-12,2500,2006-12-08,2026-06-12,True
ALH,2026-01-06,2026-06-12,90,2025-10-09,2026-06-12,True
ALHC,2024-11-21,2026-06-12,389,2021-03-26,2026-06-12,True
ALIT,2021-02-01,2024-03-21,180,2020-07-17,2026-06-12,True
ALJ,2006-09-18,2015-11-17,129,2005-07-28,2017-07-10,False
ALK,2006-01-27,2026-06-12,4555,2004-01-02,2026-06-12,True
ALKS,2005-10-25,2026-06-12,3744,2004-01-02,2026-06-12,True
ALKT,2024-11-08,2026-06-12,398,2021-04-14,2026-06-12,True
ALL,2004-03-30,2026-06-12,5587,2004-01-02,2026-06-12,True
ALLE,2014-02-14,2026-06-12,3100,2013-11-18,2026-06-12,True
ALLK,2019-08-06,2021-12-30,516,2018-07-19,2025-05-15,False
ALLO,2019-01-09,2022-11-02,512,2018-10-11,2026-06-12,True
ALLY,2014-07-08,2026-06-12,3002,2014-04-10,2026-06-12,True
ALM,2026-01-22,2026-06-12,99,2025-07-14,2026-06-12,True
ALMS,2026-01-07,2026-06-12,109,2024-06-28,2026-06-12,True
ALMU,2026-05-06,2026-06-12,27,2022-11-16,2026-06-12,True
ALNY,2013-07-17,2026-06-12,3247,2004-06-01,2026-06-12,True
ALOG,2018-04-27,2018-06-22,33,2004-01-02,2018-06-22,False
ALOY,2026-05-26,2026-06-12,7,2016-01-21,2026-06-12,True
ALPN,2024-02-16,2026-04-13,114,2015-06-17,2026-06-12,True
ALR,2007-06-20,2017-10-19,1899,2004-01-02,2017-10-19,False
ALR-P-B,2007-06-20,2017-08-08,1877,2004-01-02,2017-11-03,False
ALRM,2017-10-09,2026-06-12,1164,2015-06-26,2026-06-12,True
ALSN,2014-01-16,2026-06-12,3120,2012-03-15,2026-06-12,True
ALT,2020-07-02,2024-04-01,327,2005-10-06,2026-06-12,True
ALTO,2006-04-10,2020-10-21,395,2005-03-24,2026-06-12,True
ALTR,2019-08-12,2025-03-26,457,2017-11-01,2025-03-26,False
ALU,2007-03-01,2007-10-09,141,2006-11-30,2016-03-03,False
ALUS,2021-03-11,2021-04-16,24,2010-01-04,2021-07-07,False
ALV,2004-10-28,2026-06-12,5384,2004-01-02,2026-06-12,True
ALX,2026-02-27,2026-04-15,33,2004-01-02,2026-06-12,True
ALXN,2005-11-30,2021-07-28,3790,2004-01-02,2021-07-28,False
ALXO,2021-09-21,2021-09-21,1,2020-07-17,2026-06-12,True
AM,2015-02-03,2026-06-12,1265,2014-11-05,2026-06-12,True
AMAG,2006-12-19,2020-11-16,1186,2004-01-02,2020-11-16,False
AMAM,2023-03-06,2024-03-07,74,2021-06-18,2024-03-07,False
AMAT,2004-03-30,2026-06-12,5533,2004-01-02,2026-06-12,True
AMBA,2013-08-02,2026-06-12,3193,2012-10-10,2026-06-12,True
AMBQ,2026-05-19,2026-06-12,18,2025-07-30,2026-06-12,True
AMC,2017-02-09,2023-11-08,1000,2013-12-18,2026-06-12,True
AMCI,2025-12-17,2025-12-18,2,2023-01-25,2026-06-12,True
AMCR,2019-09-10,2026-06-12,1087,2019-06-11,2026-06-12,True
AMCX,2011-09-12,2022-03-31,2249,2011-06-16,2026-06-12,True
AMD,2004-03-30,2026-06-12,3295,2004-01-02,2026-06-12,True
AME,2007-08-14,2026-06-12,4596,2004-01-02,2026-06-12,True
AMED,2004-12-03,2025-08-14,2625,2004-01-02,2025-08-14,False
AMG,2004-03-30,2026-06-12,5587,2004-01-02,2026-06-12,True
AMGN,2004-03-30,2026-06-12,5587,2004-01-02,2026-06-12,True
AMH,2013-12-03,2026-06-12,2956,2013-08-01,2026-06-12,True
AMK,2024-07-23,2024-07-23,1,2019-07-18,2024-09-05,False
AMKR,2004-03-30,2026-06-12,1576,2004-01-02,2026-06-12,True
AMLX,2022-09-09,2026-03-09,439,2022-01-07,2026-06-12,True
AMN,2015-08-18,2026-06-12,2364,2004-01-02,2026-06-12,True
AMP,2005-12-09,2026-06-12,5158,2005-09-15,2026-06-12,True
AMPH,2022-06-10,2025-03-20,285,2014-06-25,2026-06-12,True
AMPL,2021-12-22,2022-05-24,106,2021-09-28,2026-06-12,True
AMPX,2025-09-17,2026-06-12,165,2022-09-15,2026-06-12,True
AMR,2022-02-23,2026-06-12,1080,2016-08-18,2026-06-12,True
AMR1,2007-03-28,2008-12-08,290,2006-12-28,2012-01-04,False
AMRC,2021-01-19,2025-12-30,443,2010-07-22,2026-06-12,True
AMRI,2017-06-07,2017-08-31,61,2004-01-02,2017-09-01,False
AMRN,2011-04-19,2020-03-30,663,2004-01-02,2026-06-12,True
AMRX,2010-07-14,2026-06-12,1091,2009-01-15,2026-06-12,True
AMRZ,2025-09-17,2026-06-12,186,2025-06-23,2026-06-12,True
AMSC,2008-05-19,2026-06-12,1003,2004-01-02,2026-06-12,True
AMSG,2016-04-07,2016-12-09,142,2016-01-04,2016-12-09,False
AMT,2004-03-30,2026-06-12,5587,2004-01-02,2026-06-12,True
AMT-P-A,2004-03-30,2017-01-24,3227,2004-01-02,2017-05-12,False
AMT-P-B,2015-05-22,2018-02-15,2,2015-02-26,2018-02-15,False
AMTM,2024-12-18,2026-06-12,371,2024-09-24,2026-06-12,True
AMTX,2021-03-01,2021-07-09,90,2014-05-15,2026-06-12,True
AMWD,2018-03-28,2018-08-03,90,2004-01-02,2026-05-28,True
AMWL,2020-12-11,2021-09-23,193,2020-09-17,2026-06-12,True
AMX,2004-03-30,2026-06-12,5587,2004-01-02,2026-06-12,True
AMZN,2004-03-30,2026-06-12,5587,2004-01-02,2026-06-12,True
AN,2004-08-02,2026-06-12,5182,2004-01-02,2026-06-12,True
ANAB,2017-10-18,2026-06-12,456,2017-01-26,2026-06-12,True
ANAT,2021-09-09,2022-05-25,40,2004-01-02,2022-09-08,False
ANDE,2006-05-05,2026-06-12,269,2004-01-02,2026-06-12,True
ANDV,2004-06-14,2018-09-28,3562,2004-01-02,2018-09-28,False
ANDX,2013-05-10,2019-08-07,920,2011-04-20,2019-08-07,False
ANET,2014-09-02,2026-06-12,2963,2014-06-06,2026-06-12,True
ANF,2004-03-30,2026-06-12,5518,2004-01-02,2026-06-12,True
ANGI,2013-05-02,2025-07-07,482,2011-11-17,2026-06-12,True
ANIK,2014-05-07,2014-05-22,12,2004-01-02,2026-06-12,True
ANIP,2015-03-17,2026-06-12,381,2004-01-02,2026-06-12,True
ANN,2004-03-30,2015-08-31,2698,2004-01-02,2015-08-31,False
ANNA,2026-03-30,2026-03-30,1,2022-02-22,2026-06-12,True
ANR,2005-05-12,2013-01-08,1426,2005-02-15,2015-07-16,False
ANRZQ,2005-05-12,2013-01-08,1402,2005-02-15,2016-07-27,False
ANSS,2007-08-10,2026-05-06,4306,2004-01-02,2026-06-12,True
ANV,2010-10-13,2013-04-30,581,2007-05-10,2026-06-12,True
ANVS,2021-05-24,2024-07-29,120,2020-01-29,2026-06-12,True
AOL,2010-02-23,2015-06-22,1297,2009-11-24,2015-06-22,False
AON,2004-03-30,2026-06-12,5587,2004-01-02,2026-06-12,True
AOS,2006-03-07,2026-06-12,3940,2004-01-02,2026-06-12,True
AOSL,2021-12-28,2026-06-12,267,2010-04-29,2026-06-12,True
APA,2004-03-30,2026-06-12,5523,2004-01-02,2026-06-12,True
APAM,2014-04-02,2026-06-12,950,2013-03-07,2026-06-12,True
APD,2004-03-30,2026-06-12,5587,2004-01-02,2026-06-12,True
APFH,2017-04-26,2017-06-08,31,2016-07-15,2017-06-08,False
APG,2020-07-24,2026-06-12,926,2020-04-29,2026-06-12,True
APGE,2024-03-11,2026-06-12,539,2023-07-14,2026-06-12,True
APH,2004-03-30,2026-06-12,5587,2004-01-02,2026-06-12,True
APHA,2018-09-20,2021-05-07,137,2015-03-18,2021-05-07,False
API,2020-09-22,2022-01-18,334,2020-06-26,2026-06-12,True
APL,2013-01-31,2015-02-27,203,2004-01-02,2015-02-27,False
APLD,2023-07-25,2026-06-12,258,2008-10-22,2026-06-12,True
APLE,2015-09-21,2026-06-12,2073,2015-05-18,2026-06-12,True
APLS,2019-12-06,2026-05-14,1566,2017-11-09,2026-05-14,True
APLT,2024-11-08,2024-11-26,3,2019-05-14,2026-06-12,True
APM,2024-04-02,2024-04-04,3,2018-12-18,2026-06-12,True
APO,2011-06-24,2026-06-12,2954,2011-03-30,2026-06-12,True
APO-P-A,2023-11-09,2026-03-03,65,2023-08-16,2026-06-12,True
APP,2021-07-12,2026-06-12,1227,2021-04-15,2026-06-12,True
APPF,2020-05-27,2026-06-12,901,2015-06-26,2026-06-12,True
APPN,2018-08-14,2026-06-12,1076,2017-05-25,2026-06-12,True
APPS,2020-07-02,2026-06-11,750,2006-06-30,2026-06-12,True
APR,2022-01-27,2022-03-29,43,2021-02-11,2022-03-29,False
APRN,2020-03-20,2020-06-17,39,2017-06-29,2023-11-13,False
APT,2020-02-28,2020-10-27,164,2004-01-02,2026-06-12,True
APTI,2018-11-13,2019-01-10,39,2016-09-23,2019-01-10,False
APTV,2012-02-15,2026-06-12,3602,2011-11-17,2026-06-12,True
APTV-P-A,2020-09-03,2023-06-14,5,2020-06-10,2023-06-14,False
APU,2014-04-02,2019-08-21,138,2004-01-02,2019-08-21,False
APVO,2020-11-06,2021-11-29,63,2016-07-20,2026-06-12,True
AQB,2021-01-07,2021-02-03,15,2017-01-11,2026-06-12,True
AQMS,2025-10-15,2025-10-23,6,2015-07-31,2026-06-12,True
AQN,2021-06-18,2022-11-10,354,2009-11-10,2026-06-12,True
AQUA,2020-03-30,2023-05-24,632,2017-11-02,2023-05-24,False
AR,2014-01-07,2026-06-12,2566,2013-10-10,2026-06-12,True
ARAY,2007-05-07,2007-05-07,1,2007-02-08,2026-06-12,True
ARCB,2006-07-17,2026-06-12,1605,2004-01-02,2026-06-12,True
ARCC,2010-01-28,2026-06-12,4037,2004-10-05,2026-06-12,True
ARCO,2011-07-12,2013-01-29,328,2011-04-14,2026-06-12,True
ARCP,2013-03-15,2015-04-08,418,2011-09-09,2015-07-30,False
ARCT,2020-05-29,2022-02-24,403,2013-05-22,2026-06-12,True
ARE,2007-01-22,2026-06-12,4862,2004-01-02,2026-06-12,True
ARES,2019-06-24,2026-06-12,1640,2014-05-02,2026-06-12,True
ARES-P-B,2025-01-06,2026-04-27,11,2024-10-09,2026-06-12,True
ARGO,2023-04-04,2023-05-16,30,2007-08-07,2023-11-16,False
ARGX,2018-03-05,2026-06-12,1869,2017-05-18,2026-06-12,True
ARHS,2024-05-21,2025-10-31,117,2021-11-04,2026-06-12,True
ARI,2017-03-01,2020-06-17,491,2009-09-24,2026-06-12,True
ARI-P-A,2015-05-12,2017-07-11,218,2009-09-24,2017-08-01,False
ARIA,2011-06-21,2017-02-17,659,2004-01-02,2017-02-17,False
ARII,2014-04-14,2014-05-29,31,2006-01-23,2018-12-04,False
ARIS,2026-01-06,2026-06-12,79,2007-08-10,2026-06-12,True
ARLO,2025-08-12,2026-05-26,95,2018-08-03,2026-06-12,True
ARM,2023-12-08,2026-06-12,629,2023-09-14,2026-06-12,True
ARMK,2014-12-17,2026-06-12,2888,2013-12-12,2026-06-12,True
ARNA,2006-11-16,2022-03-15,1060,2004-01-02,2022-03-15,False
ARNC,2020-06-26,2023-08-17,644,2020-04-01,2023-08-17,False
ARO,2004-03-30,2013-11-29,2372,2004-01-02,2016-04-21,False
AROC,2018-05-08,2026-06-12,658,2015-11-04,2026-06-12,True
ARQL,2019-06-21,2020-01-16,55,2004-01-02,2020-01-16,False
ARQQ,2021-12-01,2026-01-08,201,2021-09-07,2026-06-12,True
ARQT,2024-02-27,2026-06-12,443,2020-01-31,2026-06-12,True
ARR,2017-09-18,2026-06-12,776,2007-12-03,2026-06-12,True
ARRS,2005-10-05,2019-04-04,2118,2004-01-02,2019-04-04,False
ARRY,2021-01-12,2026-02-25,864,2020-10-15,2026-06-12,True
ARTC,2007-08-09,2014-05-29,371,2004-01-02,2026-06-12,True
ARUN,2010-05-06,2015-05-18,1264,2007-03-27,2015-05-18,False
ARVN,2020-05-15,2026-01-15,742,2018-09-27,2026-06-12,True
ARW,2004-03-30,2026-06-12,5251,2004-01-02,2026-06-12,True
ARWR,2014-03-06,2026-06-12,2141,2004-01-02,2026-06-12,True
ARX,2025-10-17,2025-11-21,26,2025-07-24,2026-06-12,True
AS,2024-04-29,2026-06-12,484,2024-02-01,2026-06-12,True
ASAN,2020-12-24,2026-01-30,1280,2020-09-30,2026-06-12,True
ASB,2007-08-08,2026-06-12,3154,2004-01-02,2026-06-12,True
ASBC,2007-08-08,2014-12-22,890,2004-01-02,2014-12-22,False
ASEI,2006-04-11,2006-11-02,73,2004-01-02,2016-09-12,False
ASH,2004-03-30,2026-06-12,5514,2004-01-02,2026-06-12,True
ASH-W,2004-03-30,2017-05-12,3231,2004-01-02,2017-05-12,False
ASHR,2014-12-05,2026-06-12,2783,2013-11-06,2026-06-12,True
ASM,2026-01-27,2026-02-11,9,2005-11-21,2026-06-12,True
ASML,2004-03-30,2026-06-12,5587,2004-01-02,2026-06-12,True
ASND,2019-03-05,2026-06-12,1827,2015-01-28,2026-06-12,True
ASO,2021-01-27,2026-06-12,1351,2020-10-02,2026-06-12,True
ASPI,2025-07-18,2025-10-31,28,2022-11-10,2026-06-12,True
ASPN,2024-05-03,2025-02-12,195,2014-06-13,2026-06-12,True
ASPS,2012-10-31,2017-06-01,454,2009-08-06,2026-06-12,True
ASPX,2015-02-27,2015-05-04,39,2014-02-05,2015-05-04,False
ASR,2023-05-01,2026-06-12,203,2004-01-02,2026-06-12,True
ASRT,2015-03-02,2017-06-27,577,2004-01-02,2026-06-12,True
ASST,2025-05-22,2026-06-12,61,2023-02-03,2026-06-12,True
ASTC,2026-05-28,2026-06-12,12,2004-01-02,2026-06-12,True
ASTH,2021-07-12,2022-03-29,182,2011-02-23,2026-06-12,True
ASTS,2021-02-09,2026-06-12,597,2019-11-01,2026-06-12,True
ASX,2024-03-04,2026-06-12,413,2004-01-02,2026-06-12,True
ATAT,2024-09-27,2026-06-12,428,2022-11-11,2026-06-12,True
ATB,2004-11-24,2007-08-22,383,2004-01-02,2009-12-24,False
ATCO,2022-10-10,2023-03-28,117,2020-02-28,2023-03-28,False
ATEC,2023-07-12,2026-05-05,464,2006-06-02,2026-06-12,True
ATEN,2025-03-27,2026-06-12,94,2014-03-21,2026-06-12,True
ATER,2021-02-24,2021-10-01,94,2019-06-12,2026-06-12,True
ATEST,2020-07-14,2025-08-25,132,2016-09-26,2026-06-12,True
ATHE,2014-03-24,2014-03-26,3,2004-01-02,2026-06-12,True
ATHL,2014-02-28,2014-11-13,181,2013-08-02,2014-11-13,False
ATHM,2014-08-21,2023-04-12,1941,2013-12-11,2026-06-12,True
ATHN,2009-03-02,2019-02-11,2201,2007-09-20,2019-02-11,False
ATI,2004-09-01,2026-06-12,5238,2004-01-02,2026-06-12,True
ATK,2004-06-23,2015-02-09,1843,2004-01-02,2015-02-09,False
ATKR,2021-02-05,2026-06-12,1344,2016-06-10,2026-06-12,True
ATLC,2005-12-14,2007-10-18,387,2004-01-02,2026-06-12,True
ATMU,2024-03-04,2026-06-12,572,2023-05-26,2026-06-12,True
ATO,2008-11-26,2026-06-12,3210,2004-01-02,2026-06-12,True
ATOM,2021-02-11,2021-04-21,48,2016-08-05,2026-06-12,True
ATR,2008-02-13,2026-06-12,2795,2004-01-02,2026-06-12,True
ATRA,2018-02-12,2021-02-19,294,2014-10-16,2026-06-12,True
ATRC,2020-05-13,2026-06-12,464,2005-08-05,2026-06-12,True
ATRO,2025-08-14,2026-06-12,209,2004-01-02,2026-06-12,True
ATSG,2024-12-09,2025-04-11,81,2004-01-02,2025-04-11,False
ATVI,2004-03-30,2023-10-13,4855,2004-01-02,2023-10-13,False
ATW,2005-08-12,2017-06-02,2593,2004-01-02,2017-10-19,False
ATXS,2025-11-17,2026-01-12,38,2015-06-25,2026-01-23,True
ATYR,2021-09-16,2021-09-24,7,2015-05-07,2026-06-12,True
AU,2004-03-30,2026-06-12,5021,2004-01-02,2026-06-12,True
AUB,2018-04-04,2026-06-12,479,2004-01-02,2026-06-12,True
AUDC,2020-06-12,2020-10-14,87,2004-01-02,2026-06-12,True
AUGO,2025-12-19,2026-06-12,120,2025-07-16,2026-06-12,True
AUPH,2017-03-13,2026-02-05,755,2014-09-03,2026-06-12,True
AUQ,2011-05-24,2012-03-02,51,2004-01-02,2015-07-02,False
AUR,2021-11-22,2025-02-14,31,2021-05-10,2026-06-12,True
AUXL,2008-03-14,2015-01-29,579,2004-07-26,2015-01-29,False
AUY,2006-07-03,2014-03-17,1487,2004-01-12,2023-03-31,False
AVA,2017-07-24,2026-06-12,1222,2004-01-02,2026-06-12,True
AVAV,2009-03-11,2026-06-12,1356,2007-01-23,2026-06-12,True
AVB,2004-06-29,2026-06-12,5431,2004-01-02,2026-06-12,True
AVDL,2024-05-10,2026-02-12,116,2004-01-02,2026-02-12,True
AVDX,2022-01-07,2024-07-30,173,2021-10-13,2025-10-15,False
AVEO,2021-03-15,2021-03-22,6,2010-03-12,2023-01-19,False
AVGO,2009-10-30,2026-06-12,3956,2009-08-06,2026-06-12,True
AVID,2004-03-30,2007-05-04,778,2004-01-02,2023-11-07,False
AVIR,2021-03-30,2021-11-16,162,2020-10-30,2026-06-12,True
AVL,2025-10-23,2026-06-12,150,2024-10-10,2026-06-12,True
AVLR,2018-09-11,2022-10-28,938,2018-06-15,2022-10-28,False
AVNR,2014-09-16,2015-01-12,82,2004-01-02,2015-01-12,False
AVNS,2015-01-16,2026-06-12,431,2014-10-21,2026-06-12,True
AVNT,2014-02-21,2026-06-12,1477,2004-01-02,2026-06-12,True
AVP,2004-03-30,2014-12-10,2680,2004-01-02,2020-01-03,False
AVPT,2020-12-01,2026-04-21,377,2019-11-05,2026-06-12,True
AVT,2004-03-30,2026-06-12,5210,2004-01-02,2026-06-12,True
AVTA,2004-03-30,2006-01-23,420,2004-01-02,2023-11-27,False
AVTR,2019-08-13,2026-02-10,1632,2019-05-17,2026-06-12,True
AVTX,2026-05-08,2026-06-12,25,2015-11-13,2026-06-12,True
AVXL,2021-02-05,2023-02-22,180,2006-08-02,2026-06-12,True
AVXS,2016-11-03,2018-05-15,384,2016-02-11,2018-05-15,False
AVY,2004-03-30,2026-06-12,5550,2004-01-02,2026-06-12,True
AWH,2009-06-12,2017-08-28,666,2006-07-12,2017-08-28,False
AWI,2012-05-18,2026-06-12,3204,2006-10-18,2026-06-12,True
AWK,2008-07-18,2026-06-12,4255,2008-04-23,2026-06-12,True
AWR,2018-03-29,2026-06-12,327,2004-01-02,2026-06-12,True
AX,2023-03-29,2026-06-12,737,2018-10-01,2026-06-12,True
AXE,2006-09-19,2020-06-19,1214,2004-01-02,2020-06-19,False
AXGN,2018-07-12,2026-06-12,224,2004-01-02,2026-06-12,True
AXIA,2022-11-04,2026-06-12,103,2008-11-19,2026-06-12,True
AXL,2005-03-08,2021-03-22,2445,2004-01-02,2026-06-12,True
AXLL,2013-04-23,2016-09-08,844,2013-01-25,2016-09-08,False
AXNX,2020-01-24,2024-11-15,1178,2018-10-31,2024-11-15,False
AXON,2004-03-30,2026-06-12,3435,2004-01-02,2026-06-12,True
AXP,2004-03-30,2026-06-12,5587,2004-01-02,2026-06-12,True
AXR,2006-12-27,2007-04-13,73,2004-01-02,2026-06-12,True
AXS,2005-09-21,2026-06-12,4845,2004-01-02,2026-06-12,True
AXSM,2019-03-26,2026-06-12,1710,2015-11-19,2026-06-12,True
AXTA,2015-02-10,2026-06-12,2852,2014-11-12,2026-06-12,True
AXTI,2025-12-03,2026-06-12,132,2004-01-02,2026-06-12,True
AY,2014-09-09,2024-12-12,581,2014-06-13,2024-12-12,False
AYE,2007-03-28,2011-04-21,1027,2006-12-28,2011-11-30,False
AYI,2007-01-24,2026-06-12,4383,2004-01-02,2026-06-12,True
AYR,2007-10-05,2020-03-27,106,2006-08-08,2020-03-27,False
AYX,2018-03-06,2024-03-18,1487,2017-03-24,2024-03-18,False
AZEK,2020-09-08,2025-07-01,1209,2020-06-12,2025-07-01,False
AZN,2004-03-30,2026-06-12,5586,2004-01-02,2026-06-12,True
AZO,2004-03-30,2026-06-12,5587,2004-01-02,2026-06-12,True
AZPN,2014-02-24,2025-03-12,2778,2004-01-02,2025-03-12,False
AZTA,2004-03-30,2026-06-12,1871,2004-01-02,2026-06-12,True
AZZ,2024-05-03,2026-06-12,388,2004-01-02,2026-06-12,True
B,2004-03-30,2026-06-12,5439,2004-01-02,2026-06-12,True
BA,2004-03-30,2026-06-12,5587,2004-01-02,2026-06-12,True
BA-P-A,2025-02-05,2026-06-12,340,2024-11-06,2026-06-12,True
BABA,2014-12-15,2026-06-12,2890,2014-09-19,2026-06-12,True
BAC,2004-03-30,2026-06-12,5171,2004-01-02,2026-06-12,True
BAC-P-E,2009-06-19,2009-07-22,23,2006-12-28,2026-06-12,True
BAC-P-L,2020-05-08,2021-07-27,30,2014-09-22,2026-06-12,True
BAC-P-M,2019-09-12,2019-09-13,2,2019-06-18,2026-06-12,True
BAH,2015-02-04,2026-06-12,2823,2010-11-18,2026-06-12,True
BALL,2004-03-30,2026-06-12,5493,2004-01-02,2026-06-12,True
BALT,2026-01-06,2026-02-17,29,2021-07-01,2026-06-12,True
BALY,2021-03-15,2022-04-05,243,2019-03-29,2026-06-12,True
BAM,2023-03-01,2026-06-12,825,2022-12-01,2026-06-12,True
BANC,2016-10-21,2026-06-12,846,2004-01-02,2026-06-12,True
BAND,2019-07-01,2026-06-12,620,2017-11-10,2026-06-12,True
BANR,2026-04-01,2026-05-14,23,2004-01-02,2026-06-12,True
BAP,2007-07-27,2026-06-12,4529,2004-01-02,2026-06-12,True
BATL,2026-03-02,2026-03-23,16,2019-12-24,2026-06-12,True
BAX,2004-03-30,2026-06-12,5587,2004-01-02,2026-06-12,True
BB,2004-03-30,2026-06-04,2827,2004-01-02,2026-06-12,True
BBBY,2004-03-30,2025-10-09,2038,2004-01-02,2026-06-12,True
BBD,2005-10-21,2019-07-24,2642,2004-01-02,2026-06-12,True
BBG,2007-07-25,2015-05-08,1663,2004-12-10,2018-03-19,False
BBIO,2020-03-06,2026-06-12,1346,2019-06-27,2026-06-12,True
BBL,2007-11-09,2022-01-28,3580,2004-01-02,2022-01-28,False
BBLGW,2024-12-30,2025-03-27,60,2021-10-13,2026-06-12,True
BBNX,2025-12-23,2026-03-24,62,2025-01-30,2026-06-12,True
BBT,2025-10-23,2026-06-12,160,2004-01-02,2026-06-12,True
BBVA,2007-03-20,2026-06-12,1225,2004-01-02,2026-06-12,True
BBW,2025-09-30,2026-04-06,125,2004-10-28,2026-06-12,True
BBWI,2004-03-30,2026-06-12,5487,2004-01-02,2026-06-12,True
BBY,2004-03-30,2026-06-12,5587,2004-01-02,2026-06-12,True
BC,2004-03-30,2026-06-12,5110,2004-01-02,2026-06-12,True
BCC,2018-01-23,2026-06-12,1143,2013-02-06,2026-06-12,True
BCE,2007-04-18,2026-06-12,4595,2004-01-02,2026-06-12,True
BCO,2005-06-24,2026-06-12,2494,2004-01-02,2026-06-12,True
BCPC,2022-02-03,2026-06-12,431,2004-01-02,2026-06-12,True
BCR,2004-03-30,2017-12-29,3464,2004-01-02,2017-12-29,False
BCRX,2005-10-18,2025-06-20,642,2004-01-02,2026-06-12,True
BCS,2006-11-15,2026-06-12,3323,2004-01-02,2026-06-12,True
BDBD,2015-12-09,2016-01-19,27,2007-05-01,2016-01-19,False
BDC,2007-03-06,2026-06-12,2280,2004-01-02,2026-06-12,True
BDN,2006-07-03,2022-05-25,2288,2004-01-02,2026-06-12,True
BDX,2004-03-30,2026-06-12,5587,2004-01-02,2026-06-12,True
BDXA,2017-08-07,2020-04-30,118,2017-05-11,2020-04-30,False
BDXB,2020-08-17,2020-09-08,16,2020-05-21,2023-05-31,False
BE,2018-10-18,2026-06-12,1470,2018-07-25,2026-06-12,True
BEAM,2020-11-23,2026-06-12,1390,2020-02-06,2026-06-12,True
BEAV,2006-05-23,2017-04-21,2496,2004-01-02,2017-04-21,False
BECN,2013-10-25,2025-04-29,1699,2004-09-23,2025-04-29,False
BEEM,2020-12-29,2021-05-06,89,2010-04-30,2026-06-12,True
BEKE,2020-11-06,2026-06-12,1402,2020-08-13,2026-06-12,True
BEL,2007-03-23,2019-04-17,475,2004-01-02,2019-04-17,False
BELFA,2026-06-11,2026-06-12,2,2004-01-02,2026-06-12,True
BELFB,2025-11-07,2026-06-12,149,2004-01-02,2026-06-12,True
BEN,2004-03-30,2026-06-12,5587,2004-01-02,2026-06-12,True
BENE,2021-10-26,2022-01-20,60,2021-01-28,2022-10-31,False
BEP,2020-03-18,2026-06-12,337,2005-11-15,2026-06-12,True
BEPC,2025-03-25,2026-06-12,307,2024-12-24,2026-06-12,True
BERY,2013-09-20,2025-04-29,2752,2012-10-04,2025-04-29,False
BETA,2026-02-02,2026-06-12,92,2025-11-04,2026-06-12,True
BETR,2025-09-26,2026-02-06,92,2023-08-24,2026-06-12,True
BF-B,2005-04-18,2026-06-12,4462,2004-01-02,2026-06-12,True
BFAM,2017-01-06,2026-06-12,2231,2013-01-25,2026-06-12,True
BFH,2004-07-01,2026-06-12,5447,2004-01-02,2026-06-12,True
BFLY,2020-12-01,2021-11-08,232,2020-07-13,2026-06-12,True
BFYT,2017-09-13,2020-08-21,318,2013-02-08,2020-08-21,False
BG,2004-04-15,2026-06-12,5576,2004-01-02,2026-06-12,True
BGC,2017-07-18,2026-06-12,425,2004-01-02,2026-06-12,True
BGCP,2017-07-18,2018-11-30,330,2004-01-02,2023-06-30,False
BGFV,2021-05-07,2022-02-22,201,2004-01-02,2026-06-12,True
BGG,2004-06-28,2007-10-31,268,2004-01-02,2020-07-20,False
BGMS,2025-07-21,2025-07-31,9,2004-05-05,2026-06-12,True
BGS,2016-03-11,2022-12-12,1609,2007-05-23,2026-06-12,True
BH,2010-01-06,2026-06-12,159,2004-01-02,2026-06-12,True
BH-A,2025-10-16,2026-06-12,134,2018-05-01,2026-06-12,True
BHC,2004-03-30,2024-04-05,3350,2004-01-02,2026-06-12,True
BHE,2007-08-13,2026-06-12,85,2004-01-02,2026-06-12,True
BHF,2017-10-10,2026-06-12,1942,2017-07-17,2026-06-12,True
BHI,2004-03-30,2017-07-05,3340,2004-01-02,2017-07-05,False
BHP,2004-11-05,2026-06-12,5434,2004-01-02,2026-06-12,True
BHVN,2022-12-19,2026-06-12,671,2022-09-23,2026-06-12,True
BID,2006-05-03,2019-10-14,2829,2004-01-02,2019-10-14,False
BIDU,2005-10-31,2026-06-12,5186,2005-08-05,2026-06-12,True
BIIB,2004-03-30,2026-06-12,5587,2004-01-02,2026-06-12,True
BIL,2009-01-15,2026-06-12,4038,2007-05-30,2026-06-12,True
BILI,2018-06-22,2026-06-12,1978,2018-03-28,2026-06-12,True
BILL,2020-03-11,2026-06-12,1573,2019-12-12,2026-06-12,True
BIO,2015-03-25,2026-06-12,2531,2004-01-02,2026-06-12,True
BIP,2017-09-18,2026-06-12,293,2008-01-10,2026-06-12,True
BIPC,2025-03-27,2026-06-12,305,2024-12-27,2026-06-12,True
BIRD,2022-01-31,2026-04-20,16,2021-11-03,2026-06-12,True
BIRK,2024-01-08,2026-06-12,610,2023-10-11,2026-06-12,True
BITA,2013-11-18,2019-02-28,913,2010-11-18,2020-11-06,False
BITI,2022-09-15,2026-06-12,709,2022-06-21,2026-06-12,True
BITW,2021-03-05,2021-03-11,5,2020-10-15,2026-06-12,True
BIVV,2017-04-10,2018-03-19,237,2017-01-12,2018-03-19,False
BJ,2018-09-24,2026-06-12,1940,2018-06-28,2026-06-12,True
BJRI,2012-06-14,2025-09-26,474,2004-01-02,2026-06-12,True
BJS,2007-03-28,2010-07-15,807,2006-12-28,2011-05-09,False
BKD,2007-06-25,2026-06-12,1940,2005-11-22,2026-06-12,True
BKE,2008-04-17,2026-06-12,1330,2004-01-02,2026-06-12,True
BKH,2015-11-25,2026-06-12,2518,2004-01-02,2026-06-12,True
BKKT,2021-03-25,2026-02-19,188,2020-11-19,2026-06-12,True
BKLN,2012-11-06,2026-06-12,3420,2011-03-03,2026-06-12,True
BKNG,2004-03-30,2026-06-12,5114,2004-01-02,2026-06-12,True
BKR,2017-09-28,2026-06-12,2184,2017-07-05,2026-06-12,True
BKSY,2021-03-05,2026-06-12,271,2019-12-20,2026-06-12,True
BKU,2011-04-26,2026-06-12,2803,2011-01-28,2026-06-12,True
BKV,2025-12-17,2026-06-12,122,2024-09-26,2026-06-12,True
BKW,2014-02-04,2014-12-12,120,2012-06-20,2014-12-12,False
BL,2018-03-19,2026-06-12,1929,2016-10-28,2026-06-12,True
BLBD,2024-05-16,2026-06-12,453,2014-03-20,2026-06-12,True
BLCO,2022-08-03,2022-08-05,3,2022-05-06,2026-06-12,True
BLD,2015-09-25,2026-06-12,1991,2015-07-01,2026-06-12,True
BLDE,2021-02-12,2021-04-27,47,2019-11-05,2025-08-28,False
BLDP,2020-01-28,2022-04-19,494,2004-01-02,2026-06-12,True
BLDR,2015-09-29,2026-06-12,1989,2005-06-28,2026-06-12,True
BLFS,2021-08-30,2021-11-22,60,2004-01-02,2026-06-12,True
BLIN,2021-07-06,2021-07-06,1,2007-06-29,2026-06-12,True
BLK,2006-02-16,2026-06-12,5112,2004-01-02,2026-06-12,True
BLKB,2016-11-23,2026-06-12,1510,2004-07-26,2026-06-12,True
BLLN,2026-02-04,2026-06-12,90,2025-11-06,2026-06-12,True
BLMN,2013-07-01,2025-07-25,2687,2012-08-08,2026-06-12,True
BLNK,2020-07-30,2022-11-01,465,2018-02-13,2026-06-12,True
BLSH,2025-11-06,2026-06-12,150,2025-08-13,2026-06-12,True
BLTE,2025-12-18,2026-06-12,121,2022-04-29,2026-06-12,True
BLUD,2005-06-13,2011-08-18,623,2004-01-02,2011-08-18,False
BLUE,2014-09-09,2022-01-04,1769,2013-06-19,2025-06-02,False
BMA,2017-07-19,2026-06-12,889,2006-03-27,2026-06-12,True
BMBL,2021-05-10,2024-07-16,790,2021-02-11,2026-06-12,True
BMCH,2020-09-03,2021-01-04,84,2016-01-04,2021-01-04,False
BMEA,2023-04-12,2024-03-01,121,2021-04-16,2026-06-12,True
BMI,2021-03-03,2026-06-12,798,2004-01-02,2026-06-12,True
BMNR,2025-09-02,2026-06-12,197,2025-06-05,2026-06-12,True
BMNZ,2026-02-11,2026-06-12,85,2025-11-13,2026-06-12,True
BMO,2008-03-10,2026-06-12,4486,2004-01-02,2026-06-12,True
BMR,2024-02-13,2024-02-22,6,2023-02-28,2026-06-12,True
BMRN,2007-02-21,2026-06-12,4690,2004-01-02,2026-06-12,True
BMS,2007-03-12,2019-06-28,3009,2004-01-02,2019-06-28,False
BMY,2004-03-30,2026-06-12,5587,2004-01-02,2026-06-12,True
BN,2006-04-04,2026-06-12,4979,2004-01-02,2026-06-12,True
BNAI,2026-01-23,2026-06-12,95,2024-03-14,2026-06-12,True
BNBX,2020-05-21,2020-07-23,6,2004-01-02,2026-06-12,True
BNC,2025-10-07,2025-10-09,3,2013-11-08,2026-06-12,True
BND,2008-10-13,2026-06-12,4444,2007-04-10,2026-06-12,True
BNFT,2019-03-04,2019-06-17,74,2013-09-18,2023-01-24,False
BNGO,2021-01-25,2021-02-25,23,2018-09-21,2026-06-12,True
BNL,2021-06-16,2026-06-12,481,2021-03-22,2026-06-12,True
BNNY,2014-09-12,2014-10-20,27,2012-03-28,2014-10-20,False
BNS,2008-03-26,2026-06-12,4272,2004-01-02,2026-06-12,True
BNTX,2020-03-26,2026-06-12,1562,2019-10-10,2026-06-12,True
BNY,2004-03-30,2026-06-12,5587,2004-01-02,2026-06-12,True
BOBE,2014-06-09,2018-01-16,315,2004-01-02,2018-01-16,False
BOFI,2014-04-04,2018-09-28,685,2005-03-15,2018-09-28,False
BOH,2007-12-20,2026-06-12,1861,2004-01-02,2026-06-12,True
BOKF,2016-01-15,2026-06-12,686,2004-01-02,2026-06-12,True
BOOM,2005-03-10,2019-08-30,580,2004-01-02,2026-06-12,True
BOOT,2018-08-02,2026-06-12,1911,2014-10-30,2026-06-12,True
BOX,2015-04-21,2026-06-12,2305,2015-01-23,2026-06-12,True
BP,2004-03-30,2026-06-12,5587,2004-01-02,2026-06-12,True
BPFH,2008-02-22,2008-04-18,40,2004-01-02,2021-06-30,False
BPL,2011-03-28,2019-11-27,1912,2004-01-02,2019-11-27,False
BPMC,2017-06-05,2025-07-18,2031,2015-04-30,2025-07-18,False
BPOP,2007-03-30,2026-06-12,3406,2004-01-02,2026-06-12,True
BPRE,2026-03-16,2026-03-17,2,2025-12-16,2026-06-12,True
BPY,2014-06-10,2021-11-22,593,2013-03-22,2021-11-22,False
BPYU,2018-11-21,2020-04-29,230,2018-08-28,2021-07-26,False
BPZ,2008-05-14,2008-10-14,105,2004-01-02,2015-03-02,False
BR,2007-06-27,2026-06-12,3681,2007-04-02,2026-06-12,True
BRBR,2022-02-01,2026-05-08,1045,2019-10-17,2026-06-12,True
BRC,2019-02-01,2026-06-12,257,2004-01-02,2026-06-12,True
BRCC,2021-11-04,2022-06-03,95,2021-05-03,2026-06-12,True
BRCD,2007-03-21,2017-11-20,635,2004-01-02,2017-11-20,False
BRFS,2009-12-04,2018-02-06,1729,2004-01-02,2025-09-22,False
BRK-A,2004-03-30,2026-06-12,5587,2004-01-02,2026-06-12,True
BRK-B,2004-03-30,2026-06-12,5587,2004-01-02,2026-06-12,True
BRKR,2016-01-07,2026-06-12,2134,2004-01-02,2026-06-12,True
BRL,2007-03-28,2008-12-22,432,2006-12-28,2008-12-22,False
BRO,2008-09-19,2026-06-12,3714,2004-01-02,2026-06-12,True
BROS,2021-12-09,2026-06-12,1131,2021-09-15,2026-06-12,True
BRSL,2004-03-30,2026-04-10,5114,2004-01-02,2026-06-12,True
BRSS,2019-07-01,2019-07-08,5,2013-05-23,2019-08-07,False
BRSWQ,2008-06-18,2016-01-13,490,2004-01-02,2019-10-31,False
BRX,2014-01-28,2026-06-12,2947,2013-10-30,2026-06-12,True
BRZE,2022-02-14,2026-06-12,964,2021-11-17,2026-06-12,True
BSAC,2011-11-02,2012-04-24,119,2004-01-02,2026-06-12,True
BSBR,2010-01-04,2012-03-19,419,2009-10-07,2026-06-12,True
BSFT,2011-03-23,2018-02-02,530,2010-06-16,2018-02-02,False
BSMX,2012-12-24,2014-08-06,389,2012-09-26,2023-07-26,False
BSX,2004-03-30,2026-06-12,4452,2004-01-02,2026-06-12,True
BSX-P-A,2020-08-18,2020-08-18,1,2020-05-22,2023-05-31,False
BSY,2021-01-26,2026-06-12,1352,2020-09-23,2026-06-12,True
BTAI,2020-04-28,2023-07-26,243,2018-03-08,2026-06-12,True
BTBT,2020-12-31,2021-11-17,153,2018-03-20,2026-06-12,True
BTCT,2024-11-13,2024-12-09,18,2020-03-31,2026-06-12,True
BTDR,2024-11-12,2026-06-12,334,2023-04-13,2026-06-12,True
BTE,2011-10-21,2015-02-20,67,2006-04-03,2026-06-12,True
BTI,2011-03-18,2026-06-12,3683,2004-01-02,2026-06-12,True
BTQ,2025-10-09,2025-10-20,8,2006-12-18,2026-06-12,True
BTSG,2024-04-23,2026-06-12,407,2024-01-26,2026-06-12,True
BTTGY,2008-02-08,2018-05-02,105,2004-01-02,2019-09-23,False
BTU,2017-06-28,2026-06-12,1740,2017-04-03,2026-06-12,True
BTWN,2021-03-05,2021-05-10,46,2020-12-07,2023-10-12,False
BTX,2021-12-10,2022-03-23,71,2021-03-26,2026-06-12,True
BUCY,2006-05-05,2011-07-18,1310,2004-07-23,2011-07-18,False
BUD,2010-04-29,2026-06-12,4055,2009-07-01,2026-06-12,True
BULL,2025-07-09,2025-12-10,85,2025-04-10,2026-06-12,True
BULZ,2021-11-24,2026-06-12,615,2021-08-18,2026-06-12,True
BUR,2024-07-01,2025-09-29,95,2015-04-01,2026-06-12,True
BURL,2014-07-18,2026-06-12,2955,2013-10-02,2026-06-12,True
BVN,2006-02-03,2026-06-12,2565,2004-01-02,2026-06-12,True
BVSN,2012-03-15,2012-04-27,31,2004-01-02,2020-05-18,False
BW,2026-01-26,2026-06-12,77,2015-07-01,2026-06-12,True
BWA,2004-03-30,2026-06-12,5397,2004-01-02,2026-06-12,True
BWIN,2024-09-30,2026-06-12,427,2019-10-24,2026-06-12,True
BWLD,2007-03-29,2018-02-05,2029,2004-01-02,2018-02-05,False
BWP,2012-10-08,2018-07-18,402,2005-11-10,2018-07-18,False
BWS,2007-05-29,2007-06-06,7,2004-01-02,2015-05-28,False
BWXT,2010-10-26,2026-06-12,3519,2010-08-02,2026-06-12,True
BX,2007-09-18,2026-06-12,4559,2007-06-22,2026-06-12,True
BXLT,2015-09-24,2016-06-16,182,2015-06-30,2016-06-16,False
BXMT,2015-04-22,2026-06-12,2406,2004-01-02,2026-06-12,True
BXP,2004-03-30,2026-06-12,5514,2004-01-02,2026-06-12,True
BXSL,2023-02-08,2026-06-12,765,2021-10-28,2026-06-12,True
BYD,2005-02-14,2026-06-12,4010,2004-01-02,2026-06-12,True
BYI,2004-04-22,2014-12-01,1897,2004-01-02,2014-12-01,False
BYND,2019-07-29,2024-02-29,1050,2019-05-02,2026-06-12,True
BYSI,2021-08-05,2021-11-19,76,2017-03-09,2026-06-12,True
BZ,2021-09-07,2026-06-12,1197,2021-06-11,2026-06-12,True
BZH,2004-03-30,2013-08-15,1074,2004-01-02,2026-06-12,True
BZUN,2017-05-30,2022-01-31,1170,2015-05-21,2026-06-12,True
C,2004-03-30,2026-06-12,4962,2004-01-02,2026-06-12,True
C-P-N,2010-12-29,2011-04-04,20,2010-10-04,2026-06-12,True
C-WS-A,2004-03-30,2014-09-19,2013,2004-01-02,2018-11-26,False
CAA,2004-03-30,2018-02-13,1450,2004-01-02,2018-02-13,False
CAAS,2010-01-22,2010-05-20,82,2004-01-02,2026-06-12,True
CABA,2023-12-27,2024-05-06,58,2019-10-25,2026-06-12,True
CABO,2015-09-25,2025-10-27,2328,2015-07-01,2026-06-12,True
CACC,2015-07-17,2026-06-12,2743,2004-01-02,2026-06-12,True
CACI,2004-06-30,2026-06-12,3309,2004-01-02,2026-06-12,True
CADL,2024-05-08,2025-02-24,14,2021-07-27,2026-06-12,True
CAE,2026-02-20,2026-06-12,79,2004-01-02,2026-06-12,True
CAG,2004-03-30,2026-06-12,5587,2004-01-02,2026-06-12,True
CAGC,2010-02-24,2010-06-21,82,2009-09-03,2013-10-17,False
CAH,2004-03-30,2026-06-12,5587,2004-01-02,2026-06-12,True
CAI,2025-09-15,2026-06-12,185,2025-06-18,2026-06-12,True
CAKE,2004-03-30,2026-06-12,5427,2004-01-02,2026-06-12,True
CAL,2007-05-29,2024-12-24,132,2004-01-02,2026-06-12,True
CALD,2018-02-01,2018-04-16,51,2004-01-02,2018-04-16,False
CALM,2004-03-30,2026-06-12,1818,2004-01-02,2026-06-12,True
CALX,2020-09-10,2026-06-12,1398,2010-03-24,2026-06-12,True
CALY,2018-08-07,2026-06-12,1545,2004-01-02,2026-06-12,True
CAMT,2023-09-25,2026-06-12,682,2004-01-02,2026-06-12,True
CAN,2021-02-11,2021-11-17,75,2019-11-20,2026-06-12,True
CANOQ,2020-12-14,2021-11-19,110,2020-07-02,2026-06-12,True
CAPR,2024-10-02,2026-06-12,238,2007-02-13,2026-06-12,True
CAR,2004-03-30,2026-06-12,5099,2004-01-02,2026-06-12,True
CARB,2019-11-13,2020-01-10,30,2011-08-11,2020-01-10,False
CARE,2017-03-08,2017-05-18,51,2012-08-27,2026-06-12,True
CARG,2018-06-04,2026-06-12,1801,2017-10-12,2026-06-12,True
CARR,2020-06-15,2026-06-12,1507,2020-03-19,2026-06-12,True
CARS,2017-08-25,2019-10-29,486,2017-06-01,2026-06-12,True
CART,2023-12-13,2026-06-12,626,2023-09-19,2026-06-12,True
CASH,2026-02-17,2026-05-26,69,2004-01-02,2026-06-12,True
CASY,2008-12-05,2026-06-12,3117,2004-01-02,2026-06-12,True
CAT,2004-03-30,2026-06-12,5587,2004-01-02,2026-06-12,True
CATM,2014-07-25,2021-04-26,261,2007-12-13,2021-06-21,False
CATY,2015-08-03,2026-06-12,221,2004-01-02,2026-06-12,True
CAVA,2023-09-12,2026-06-12,691,2023-06-15,2026-06-12,True
CAVM,2010-06-04,2018-07-09,1992,2007-05-02,2018-07-09,False
CB,2004-03-30,2026-06-12,5587,2004-01-02,2026-06-12,True
CBAT,2020-11-16,2020-11-16,1,2004-01-02,2026-06-12,True
CBAY,2023-08-24,2024-04-01,147,2014-02-03,2024-04-01,False
CBEY,2008-02-25,2008-04-04,29,2005-11-10,2014-07-18,False
CBF,2017-06-09,2017-12-01,42,2012-09-20,2017-12-01,False
CBG,2005-06-28,2018-03-19,2967,2004-06-10,2018-03-19,False
CBLK,2019-05-09,2019-10-08,62,2018-05-04,2019-10-08,False
CBM,2015-08-27,2019-12-05,425,2004-01-02,2019-12-05,False
CBO,2025-05-19,2025-08-26,68,2013-02-04,2026-06-12,True
CBOE,2010-09-09,2026-06-12,3332,2010-06-15,2026-06-12,True
CBPO,2015-07-09,2021-03-12,686,2008-01-29,2021-04-20,False
CBPX,2019-11-21,2020-02-05,51,2014-02-05,2020-02-05,False
CBRE,2005-06-28,2026-06-12,5037,2004-06-10,2026-06-12,True
CBRL,2004-03-30,2026-06-12,3985,2004-01-02,2026-06-12,True
CBSH,2008-07-16,2026-06-12,2888,2004-01-02,2026-06-12,True
CBST,2006-06-01,2015-01-21,1511,2004-01-02,2015-01-21,False
CBT,2007-08-01,2026-06-12,1642,2004-01-02,2026-06-12,True
CBU,2020-05-18,2023-10-18,102,2004-01-02,2026-06-12,True
CBX,2016-01-26,2025-08-27,94,2011-05-09,2026-06-12,True
CBZ,2024-03-14,2026-06-12,563,2004-01-02,2026-06-12,True
CC,2016-05-18,2026-06-12,2457,2015-07-01,2026-06-12,True
CCC,2023-09-26,2025-08-28,359,2021-08-02,2026-06-12,True
CCCC,2024-02-28,2024-03-13,11,2020-10-02,2026-06-12,True
CCCX,2025-10-09,2026-03-26,114,2025-07-07,2026-06-12,True
CCEP,2004-03-30,2026-06-12,5557,2004-01-02,2026-06-12,True
CCI,2004-03-30,2026-06-12,5427,2004-01-02,2026-06-12,True
CCI-P-A,2017-10-16,2020-07-31,91,2017-07-21,2020-07-31,False
CCJ,2004-12-10,2026-06-12,4726,2004-01-02,2026-06-12,True
CCK,2005-04-13,2026-06-12,5183,2004-01-02,2026-06-12,True
CCL,2004-03-30,2026-06-12,5424,2004-01-02,2026-06-12,True
CCMP,2004-03-30,2022-09-08,1257,2004-01-02,2022-09-08,False
CCOI,2007-06-20,2026-06-12,1276,2004-01-02,2026-06-12,True
CCP,2015-11-11,2017-08-28,104,2015-08-18,2017-08-28,False
CCRN,2022-09-15,2023-02-01,96,2004-01-02,2026-06-12,True
CCS,2021-02-16,2025-12-12,785,2014-06-18,2026-06-12,True
CCU,2004-03-30,2008-10-23,1139,2004-01-02,2026-06-12,True
CCXI,2019-11-29,2026-04-07,762,2012-02-08,2026-06-12,True
CDE,2009-05-28,2026-06-12,1518,2004-01-02,2026-06-12,True
CDEVW,2017-03-27,2017-04-10,10,2016-04-15,2017-04-10,False
CDK,2014-12-18,2022-09-08,1913,2014-09-24,2022-09-08,False
CDLX,2019-11-14,2024-05-08,662,2018-02-09,2026-06-12,True
CDMO,2021-10-29,2025-02-05,114,2018-01-08,2025-02-05,False
CDNA,2019-03-08,2025-10-13,788,2014-07-17,2026-06-12,True
CDNL,2026-05-28,2026-06-12,12,2025-12-10,2026-06-12,True
CDNS,2004-03-30,2026-06-12,4731,2004-01-02,2026-06-12,True
CDP,2007-03-29,2026-06-12,2914,2004-01-02,2026-06-12,True
CDTX,2025-07-02,2026-01-07,131,2015-04-15,2026-01-07,True
CDW,2014-06-24,2026-06-12,2979,2013-06-27,2026-06-12,True
CDXS,2021-11-10,2022-03-01,73,2010-04-22,2026-06-12,True
CE,2005-04-19,2026-06-12,4927,2005-01-21,2026-06-12,True
CEB,2005-07-05,2017-07-14,713,2004-01-02,2017-07-14,False
CECO,2025-09-29,2026-06-12,155,2004-01-02,2026-06-12,True
CEG,2022-04-29,2026-06-12,1034,2022-02-02,2026-06-12,True
CELC,2025-07-30,2026-06-12,220,2017-09-20,2026-06-12,True
CELG,2004-03-30,2019-11-22,3941,2004-01-02,2019-11-22,False
CELH,2020-10-12,2026-06-12,1424,2016-01-04,2026-06-12,True
CELL,2020-12-21,2022-01-11,265,2020-07-17,2023-10-02,False
CEMP,2015-02-02,2016-11-01,292,2012-02-06,2017-11-03,False
CENT,2007-01-30,2007-03-09,28,2004-01-02,2026-06-12,True
CENX,2006-02-28,2026-06-12,2529,2004-01-02,2026-06-12,True
CEO,2006-08-25,2021-03-22,2640,2004-01-02,2026-06-12,True
CEP,2025-04-25,2025-08-26,85,2024-08-13,2026-06-12,True
CERE,2021-06-30,2024-08-01,310,2020-10-28,2024-08-01,False
CERN,2004-03-30,2022-09-08,4549,2004-01-02,2022-09-08,False
CERO,2025-06-18,2025-06-26,4,2024-02-15,2026-06-12,True
CERT,2021-03-11,2026-01-26,351,2020-12-11,2026-06-12,True
CETV,2006-05-23,2009-01-08,317,2004-01-02,2020-10-13,False
CEVA,2021-03-03,2026-06-12,42,2004-01-02,2026-06-12,True
CF,2005-11-04,2026-06-12,4858,2005-08-11,2026-06-12,True
CFFN,2011-01-12,2011-04-12,63,2004-01-02,2026-06-12,True
CFG,2014-12-18,2026-06-12,2887,2014-09-24,2026-06-12,True
CFLT,2021-09-20,2026-03-17,1127,2021-06-24,2026-03-17,True
CFN,2009-11-16,2015-03-17,1341,2009-08-21,2015-03-17,False
CFR,2007-08-08,2026-06-12,4477,2004-01-02,2026-06-12,True
CG,2014-03-10,2026-06-12,1936,2012-05-03,2026-06-12,True
CGAU,2026-01-29,2026-06-12,94,2016-01-04,2026-06-12,True
CGC,2018-01-05,2024-05-21,987,2014-04-07,2026-06-12,True
CGCP,2024-09-04,2026-06-12,445,2022-02-24,2026-06-12,True
CGEM,2024-06-24,2024-07-24,22,2021-01-08,2026-06-12,True
CGEN,2020-06-24,2020-11-23,107,2004-01-02,2026-06-12,True
CGNT,2021-04-29,2021-05-03,3,2021-02-02,2026-06-12,True
CGNX,2014-02-18,2026-06-12,2736,2004-01-02,2026-06-12,True
CGON,2024-04-22,2026-06-12,486,2024-01-25,2026-06-12,True
CHA,2025-07-16,2025-10-23,71,2025-04-17,2026-06-12,True
CHD,2007-08-08,2026-06-12,4705,2004-01-02,2026-06-12,True
CHDN,2016-07-12,2026-06-12,2099,2004-01-02,2026-06-12,True
CHE,2007-05-10,2026-06-12,2639,2004-01-02,2026-06-12,True
CHEF,2020-06-04,2026-06-12,370,2011-07-28,2026-06-12,True
CHGG,2018-03-09,2024-01-29,1375,2013-11-13,2026-06-12,True
CHH,2006-07-27,2026-06-12,2096,2004-01-02,2026-06-12,True
CHIC,2007-08-09,2007-08-23,11,2004-01-02,2024-02-23,False
CHK,2004-03-30,2020-06-29,2897,2004-01-02,2024-10-04,False
CHKP,2004-03-30,2026-06-12,5587,2004-01-02,2026-06-12,True
CHL,2006-05-31,2021-04-01,3673,2004-01-02,2026-06-12,True
CHMT,2011-01-20,2016-12-23,500,2010-10-25,2017-07-17,False
CHNG,2019-09-23,2022-10-03,662,2019-06-27,2022-10-03,False
CHNR,2007-10-12,2008-01-02,56,2004-01-02,2026-06-12,True
CHPT,2020-10-07,2023-04-04,598,2019-09-16,2026-06-12,True
CHRD,2021-05-28,2026-06-12,1266,2020-11-20,2026-06-12,True
CHRN,2026-02-06,2026-03-27,28,2014-01-16,2026-06-12,True
CHRS,2019-07-09,2021-04-23,307,2014-11-06,2026-06-12,True
CHRW,2004-03-30,2026-06-12,5587,2004-01-02,2026-06-12,True
CHS,2004-03-30,2018-08-21,2881,2004-01-02,2024-01-05,False
CHSI,2011-04-11,2012-07-19,248,2008-10-03,2012-07-19,False
CHT,2005-09-21,2012-05-10,252,2004-01-02,2026-06-12,True
CHTR,2011-06-27,2026-06-12,3716,2010-01-05,2026-06-12,True
CHTT,2006-11-17,2010-03-29,556,2004-01-02,2010-03-29,False
CHU,2007-10-01,2012-04-20,1027,2004-01-02,2026-06-12,True
CHWY,2019-09-10,2026-06-12,1699,2019-06-14,2026-06-12,True
CHX,2018-07-24,2025-07-16,1284,2018-04-27,2025-07-16,False
CHYM,2025-09-09,2026-06-12,192,2025-06-12,2026-06-12,True
CI,2004-03-30,2026-06-12,5585,2004-01-02,2026-06-12,True
CIB,2007-07-18,2026-06-12,958,2004-01-02,2026-06-12,True
CIEN,2006-09-25,2026-06-12,4801,2004-01-02,2026-06-12,True
CIFR,2025-09-10,2026-06-12,190,2020-12-07,2026-06-12,True
CIG,2006-01-13,2013-06-06,1845,2004-01-02,2026-06-12,True
CIGI,2025-08-15,2026-06-12,142,2004-01-02,2026-06-12,True
CIIC,2020-11-24,2021-03-24,82,2020-02-03,2021-03-24,False
CIM,2015-04-28,2022-08-03,1357,2007-11-16,2026-06-12,True
CINF,2005-05-12,2026-06-12,5042,2004-01-02,2026-06-12,True
CING,2024-08-19,2024-08-26,5,2021-12-08,2026-06-12,True
CIR,2023-07-12,2023-10-18,52,2004-01-02,2023-10-18,False
CIT,2010-03-10,2022-01-03,2977,2009-12-10,2022-01-03,False
CIVI,2013-03-13,2026-01-29,1641,2011-12-15,2026-01-29,True
CJES,2012-01-17,2015-07-29,410,2011-07-29,2016-07-20,False
CKEC,2016-04-29,2016-05-31,22,2016-01-04,2016-12-29,False
CKR,2007-08-09,2010-05-24,42,2004-01-02,2011-07-20,False
CL,2004-03-30,2026-06-12,5587,2004-01-02,2026-06-12,True
CLAR,2022-06-17,2022-11-07,99,2004-01-02,2026-06-12,True
CLB,2006-09-21,2021-08-24,3529,2004-01-02,2026-06-12,True
CLBR,2025-07-10,2026-04-08,12,2024-01-11,2026-06-12,True
CLBT,2024-08-21,2026-06-12,453,2021-08-31,2026-06-12,True
CLCD,2016-10-21,2017-03-02,56,2015-05-06,2017-03-02,False
CLCT,2021-01-27,2021-02-08,9,2004-01-02,2021-02-08,False
CLDA,2011-02-09,2011-05-02,57,2004-01-02,2011-05-02,False
CLDR,2017-07-25,2021-10-11,784,2017-04-28,2021-10-11,False
CLDX,2013-04-24,2026-06-12,1530,2004-01-02,2026-06-12,True
CLF,2004-05-20,2026-06-12,3941,2004-01-02,2026-06-12,True
CLFD,2022-08-10,2023-05-02,183,2004-01-02,2026-06-12,True
CLGX,2004-03-30,2021-06-08,3181,2004-01-02,2021-06-08,False
CLH,2008-07-03,2026-06-12,3431,2004-01-02,2026-06-12,True
CLMT,2025-02-13,2026-06-12,120,2024-07-11,2026-06-12,True
CLNE,2010-02-26,2021-07-01,520,2007-05-25,2026-06-12,True
CLNS,2014-09-23,2018-01-23,766,2014-06-27,2018-06-22,False
CLNY1,2013-05-17,2017-01-18,706,2009-09-24,2017-01-18,False
CLOV,2020-10-12,2021-09-07,105,2020-06-12,2026-06-12,True
CLP,2007-06-27,2013-10-16,128,2004-01-02,2013-10-17,False
CLPT,2025-11-07,2025-12-18,29,2016-08-08,2026-06-12,True
CLS,2004-03-30,2026-06-12,871,2004-01-02,2026-06-12,True
CLSK,2020-08-11,2026-06-12,772,2016-01-29,2026-06-12,True
CLVT,2019-12-16,2023-03-14,748,2018-10-29,2026-06-12,True
CLVT-P-A,2021-09-03,2021-09-09,4,2021-06-10,2024-05-31,False
CLWR,2007-06-05,2008-06-19,222,2007-03-08,2013-10-17,False
CLX,2004-03-30,2026-06-12,5587,2004-01-02,2026-06-12,True
CM,2007-11-30,2026-06-12,3698,2004-01-02,2026-06-12,True
CMA,2004-03-30,2026-01-30,5495,2004-01-02,2026-01-30,True
CMA-WS,2004-03-30,2017-07-18,3325,2004-01-02,2018-11-09,False
CMBT,2020-01-21,2026-06-12,629,2015-01-23,2026-06-12,True
CMC,2005-02-02,2026-06-12,4191,2004-01-02,2026-06-12,True
CMCM,2014-08-20,2018-04-10,231,2014-05-08,2026-06-12,True
CMCSA,2004-03-30,2026-06-12,5587,2004-01-02,2026-06-12,True
CMCSK,2004-03-30,2015-12-21,2954,2004-01-02,2015-12-21,False
CMD,2018-03-19,2021-06-02,668,2004-01-02,2021-06-02,False
CME,2004-03-30,2026-06-12,5587,2004-01-02,2026-06-12,True
CMG,2006-04-24,2026-06-12,5052,2006-01-26,2026-06-12,True
CMI,2004-03-30,2026-06-12,5587,2004-01-02,2026-06-12,True
CMLP,2013-11-22,2014-03-14,69,2011-12-16,2015-10-08,False
CMMB,2021-05-07,2021-05-07,1,2019-02-12,2026-06-12,True
CMO,2008-03-19,2012-12-14,93,2004-01-02,2021-10-18,False
CMOS,2004-03-30,2004-07-20,39,2004-01-02,2009-09-29,False
CMP,2008-02-20,2022-05-05,2182,2004-01-02,2026-06-12,True
CMPR,2007-02-12,2020-08-07,2130,2005-09-30,2026-06-12,True
CMPS,2020-12-14,2026-06-12,95,2020-09-18,2026-06-12,True
CMRX,2014-10-09,2015-10-12,106,2013-04-11,2026-06-12,True
CMS,2004-12-23,2026-06-12,5349,2004-01-02,2026-06-12,True
CMTL,2005-04-05,2009-06-04,316,2004-01-02,2026-06-12,True
CNA,2007-07-06,2026-06-12,421,2004-01-02,2026-06-12,True
CNC,2005-09-29,2026-06-12,3795,2004-01-02,2026-06-12,True
CNDT,2017-03-30,2019-05-08,529,2017-01-03,2026-06-12,True
CNH,2017-07-13,2026-06-12,1554,2013-09-30,2026-06-12,True
CNI,2004-11-22,2026-06-12,5423,2004-01-02,2026-06-12,True
CNK,2011-05-25,2026-06-12,3333,2007-04-24,2026-06-12,True
CNM,2021-10-15,2026-06-12,870,2021-07-22,2026-06-12,True
CNMD,2019-03-04,2026-04-17,1702,2004-01-02,2026-06-12,True
CNNE,2020-06-17,2022-02-28,242,2017-11-20,2026-06-12,True
CNO,2004-05-03,2026-06-12,3109,2004-01-02,2026-06-12,True
CNP,2004-04-16,2026-06-12,5436,2004-01-02,2026-06-12,True
CNP-P-B,2018-12-21,2018-12-21,1,2018-09-26,2021-08-31,False
CNQ,2005-02-28,2026-06-12,5350,2004-01-02,2026-06-12,True
CNQR,2007-11-21,2014-12-04,1569,2004-01-02,2014-12-04,False
CNR,2018-06-27,2026-06-12,1085,2017-11-14,2026-06-12,True
CNS,2024-04-30,2026-06-12,253,2004-08-16,2026-06-12,True
CNST,2019-12-17,2021-07-15,131,2018-07-19,2021-07-15,False
CNTA,2025-09-12,2026-06-12,189,2021-05-28,2026-06-12,True
CNVR,2005-01-20,2014-12-10,1304,2004-01-02,2014-12-10,False
CNW,2004-10-08,2015-10-30,2686,2004-01-02,2015-10-30,False
CNX,2004-03-30,2026-06-12,5171,2004-01-02,2026-06-12,True
CNXC,2021-02-24,2026-06-12,1332,2020-11-24,2026-06-12,True
COCO,2023-11-13,2026-06-12,367,2021-10-21,2026-06-12,True
CODE,2014-06-30,2015-03-12,177,2010-05-18,2015-03-12,False
CODX,2020-02-27,2026-05-28,246,2017-07-12,2026-06-12,True
COF,2004-03-30,2026-06-12,5582,2004-01-02,2026-06-12,True
COF-P-I,2019-11-29,2019-12-02,2,2019-09-05,2026-06-12,True
COF-P-J,2020-04-24,2020-04-24,1,2020-01-29,2026-06-12,True
COF-WS,2004-03-30,2017-07-25,3349,2004-01-02,2018-11-09,False
COGT,2022-07-05,2026-06-12,277,2018-03-29,2026-06-12,True
COH,2004-03-30,2017-10-30,3422,2004-01-02,2017-10-30,False
COHR,2017-03-22,2026-06-12,2293,2004-01-02,2026-06-12,True
COHU,2021-02-02,2026-06-12,223,2004-01-02,2026-06-12,True
COIN,2021-07-09,2026-06-12,1238,2021-04-14,2026-06-12,True
COKE,2019-05-22,2026-06-12,1071,2004-01-02,2026-06-12,True
COL,2004-07-28,2018-11-26,3587,2004-01-02,2018-11-26,False
COLB,2021-10-20,2026-06-12,1166,2004-01-02,2026-06-12,True
COLD,2018-04-17,2026-06-12,1945,2018-01-19,2026-06-12,True
COLL,2025-12-22,2026-04-16,79,2015-05-07,2026-06-12,True
COLM,2004-03-30,2026-06-12,3505,2004-01-02,2026-06-12,True
COMP,2021-11-02,2026-03-02,77,2021-04-01,2026-06-12,True
CON,2025-01-24,2026-04-17,123,2024-07-25,2026-06-12,True
CONE,2015-05-13,2022-03-25,1701,2013-01-18,2022-03-25,False
COO,2004-07-23,2026-06-12,5074,2004-01-02,2026-06-12,True
COOK,2021-10-22,2021-10-29,6,2021-07-29,2026-06-12,True
COOP,2020-09-21,2025-10-01,1264,2012-03-28,2025-10-01,False
COP,2004-03-30,2026-06-12,5587,2004-01-02,2026-06-12,True
COR,2004-03-30,2026-06-12,5587,2004-01-02,2026-06-12,True
CORSQ,2006-07-03,2006-07-03,1,2004-01-02,2012-11-05,False
CORT,2017-10-06,2026-06-12,1151,2004-04-14,2026-06-12,True
CORZ,2024-06-14,2026-06-12,416,2024-01-24,2026-06-12,True
COSM,2022-12-16,2022-12-16,1,2012-10-11,2026-06-12,True
COST,2004-03-30,2026-06-12,5587,2004-01-02,2026-06-12,True
COTV,2017-09-07,2018-08-27,72,2016-05-26,2018-08-27,False
COTY,2013-09-09,2024-08-22,1583,2013-06-13,2026-06-12,True
COUP,2017-01-03,2023-02-28,1277,2016-10-06,2023-02-28,False
COUR,2021-06-25,2025-10-23,440,2021-03-31,2026-06-12,True
COWN,2021-03-22,2023-03-01,233,2006-07-13,2023-03-01,False
CP,2006-06-09,2026-06-12,4840,2004-01-02,2026-06-12,True
CPA,2007-03-12,2026-06-12,3920,2005-12-15,2026-06-12,True
CPAY,2012-08-22,2026-06-12,3413,2010-12-15,2026-06-12,True
CPB,2004-03-30,2026-06-12,5523,2004-01-02,2026-06-12,True
CPE,2015-11-24,2024-04-11,1481,2004-01-02,2024-04-11,False
CPGX,2015-09-25,2016-07-01,194,2015-07-01,2016-07-01,False
CPHD,2007-11-28,2016-11-08,1271,2004-01-02,2016-11-08,False
CPK,2023-12-18,2024-02-09,37,2004-01-02,2026-06-12,True
CPLA,2010-08-19,2010-12-03,75,2006-11-10,2018-08-01,False
CPLG,2022-02-14,2022-03-03,13,2018-05-31,2022-03-03,False
CPN,2008-04-08,2026-06-12,2365,2008-01-10,2026-06-12,True
CPNG,2021-06-07,2026-06-12,1259,2021-03-11,2026-06-12,True
CPPL,2015-05-05,2017-01-31,60,2015-02-06,2017-07-10,False
CPRI,2012-03-14,2026-06-12,3575,2011-12-15,2026-06-12,True
CPRT,2004-06-30,2026-06-12,3509,2004-01-02,2026-06-12,True
CPRX,2022-08-26,2026-06-12,725,2006-11-08,2026-06-12,True
CPS,2016-08-11,2018-12-13,77,2010-05-27,2026-06-12,True
CPSH,2021-02-05,2021-04-09,44,2004-01-02,2026-06-12,True
CPT,2006-03-23,2026-06-12,5034,2004-01-02,2026-06-12,True
CPXX,2016-04-04,2016-07-13,71,2016-01-04,2016-07-13,False
CQB,2008-03-26,2008-09-10,118,2004-01-02,2015-01-13,False
CR,2023-06-26,2026-06-12,696,2023-03-29,2026-06-12,True
CRAI,2025-07-15,2026-06-12,143,2004-01-02,2026-06-12,True
CRAY,2014-05-08,2019-08-14,111,2004-01-02,2019-09-25,False
CRBG,2022-12-09,2026-06-12,879,2022-09-15,2026-06-12,True
CRBP,2024-02-01,2024-10-08,67,2014-11-11,2026-06-12,True
CRBU,2021-10-18,2021-10-19,2,2021-07-23,2026-06-12,True
CRC,2021-06-23,2026-06-12,1249,2020-10-28,2026-06-12,True
CRCA,2025-10-31,2026-06-12,77,2025-08-07,2026-06-12,True
CRCL,2025-08-29,2026-06-12,198,2025-06-04,2026-06-12,True
CRCT,2021-06-21,2021-10-29,93,2021-03-25,2026-06-12,True
CRDF,2020-10-09,2021-03-25,94,2004-07-27,2026-06-12,True
CRDO,2022-09-19,2026-06-12,818,2022-01-27,2026-06-12,True
CRGY,2024-05-20,2026-06-12,305,2021-12-08,2026-06-12,True
CRH,2016-06-28,2026-06-12,1982,2004-01-02,2026-06-12,True
CRI,2006-02-02,2026-06-12,4334,2004-01-02,2026-06-12,True
CRIS,2021-01-08,2021-06-10,86,2004-01-02,2026-06-12,True
CRK,2005-10-17,2026-06-12,2384,2004-01-02,2026-06-12,True
CRL,2004-07-06,2026-06-12,5017,2004-01-02,2026-06-12,True
CRM,2005-07-06,2026-06-12,5268,2004-06-23,2026-06-12,True
CRMD,2025-06-12,2026-01-07,134,2010-05-13,2026-06-12,True
CRML,2025-10-06,2026-06-08,96,2024-02-27,2026-06-12,True
CRNC,2020-06-05,2025-12-15,614,2019-09-16,2026-06-12,True
CRNT,2007-10-03,2007-12-28,61,2004-01-02,2026-06-12,True
CRNX,2023-09-13,2026-06-12,690,2018-07-18,2026-06-12,True
CRON,2018-08-27,2021-03-19,271,2016-07-12,2026-06-12,True
CROX,2006-05-05,2026-06-12,3353,2006-02-08,2026-06-12,True
CRR,2006-06-07,2015-09-24,1653,2004-01-02,2019-12-20,False
CRS,2005-03-24,2026-06-12,2335,2004-01-02,2026-06-12,True
CRSP,2018-02-09,2026-06-12,2091,2016-10-19,2026-06-12,True
CRSR,2020-12-17,2022-05-16,355,2020-09-23,2026-06-12,True
CRTO,2014-05-07,2024-10-14,1145,2013-10-30,2026-06-12,True
CRUS,2010-05-14,2026-06-12,4035,2004-01-02,2026-06-12,True
CRVO,2025-03-20,2025-05-02,8,2016-01-04,2026-06-12,True
CRVS,2026-01-21,2026-06-12,98,2016-03-23,2026-06-12,True
CRWD,2019-09-06,2026-06-12,1701,2019-06-12,2026-06-12,True
CRWV,2025-06-25,2026-06-12,244,2025-03-28,2026-06-12,True
CRZO,2007-06-06,2019-09-16,2393,2004-01-02,2019-12-20,False
CSC,2004-03-30,2017-04-10,3278,2004-01-02,2017-04-10,False
CSCO,2004-03-30,2026-06-12,5587,2004-01-02,2026-06-12,True
CSE,2005-09-28,2014-04-07,777,2004-01-02,2014-04-07,False
CSFL,2018-03-22,2020-04-13,69,2004-01-02,2020-06-05,False
CSGP,2013-10-29,2026-06-12,3174,2004-01-02,2026-06-12,True
CSGS,2023-11-15,2026-05-14,173,2004-01-02,2026-05-14,True
CSII,2019-05-02,2019-05-29,19,2006-06-28,2023-05-11,False
CSIQ,2007-12-10,2026-06-12,2826,2006-11-09,2026-06-12,True
CSL,2008-04-25,2026-06-12,3390,2004-01-02,2026-06-12,True
CSLT,2014-06-10,2014-06-10,1,2014-03-14,2022-02-17,False
CSOD,2013-08-08,2021-10-15,1696,2011-03-17,2021-10-15,False
CSRA,2016-02-26,2018-04-04,530,2015-11-30,2018-04-04,False
CST,2013-07-12,2017-06-28,886,2013-04-17,2017-06-28,False
CSTE,2015-08-20,2015-11-12,60,2012-03-22,2026-06-12,True
CSTL,2021-02-03,2021-05-28,81,2019-07-25,2026-06-12,True
CSTM,2014-03-07,2026-06-12,495,2013-05-23,2026-06-12,True
CSU,2026-05-15,2026-06-12,20,2004-01-02,2026-06-12,True
CSW,2024-03-07,2026-06-12,540,2015-10-01,2026-06-12,True
CSX,2004-03-30,2026-06-12,5587,2004-01-02,2026-06-12,True
CTAS,2004-03-30,2026-06-12,5561,2004-01-02,2026-06-12,True
CTCT,2015-12-17,2016-02-10,32,2007-10-11,2016-02-10,False
CTEST,2025-05-19,2025-08-26,68,2019-07-25,2026-06-12,True
CTEV,2020-08-20,2020-10-07,33,2020-04-03,2026-06-12,True
CTLP,2025-08-08,2025-10-14,47,2004-01-02,2026-05-08,True
CTLT,2014-10-24,2024-12-18,2200,2014-07-31,2024-12-18,False
CTRA,2005-10-12,2026-05-06,5173,2004-01-02,2026-05-06,True
CTRE,2019-02-15,2026-06-12,932,2014-05-29,2026-06-12,True
CTRI,2025-08-11,2026-06-12,212,2024-04-18,2026-06-12,True
CTRN,2021-05-12,2022-04-13,144,2005-05-18,2026-06-12,True
CTRX,2009-10-29,2015-07-23,1089,2006-06-13,2015-07-23,False
CTSH,2004-03-30,2026-06-12,5587,2004-01-02,2026-06-12,True
CTVA,2019-08-20,2026-06-12,1713,2019-05-24,2026-06-12,True
CTXS,2004-03-30,2022-11-02,4666,2004-01-02,2022-11-02,False
CUBE,2013-02-25,2026-06-12,3133,2004-10-22,2026-06-12,True
CUBI,2021-12-20,2026-06-12,392,2012-02-21,2026-06-12,True
CUDA,2015-06-15,2018-02-12,124,2013-11-06,2018-02-12,False
CUK,2016-02-09,2026-05-07,1619,2004-01-02,2026-05-07,True
CURB,2024-12-20,2026-06-12,81,2024-09-26,2026-06-12,True
CURI,2021-02-23,2021-05-03,49,2020-01-08,2026-06-12,True
CUZ,2013-08-23,2026-06-12,2070,2004-01-02,2026-06-12,True
CVA,2006-10-25,2021-11-30,1559,2004-01-02,2021-11-30,False
CVAC,2020-11-09,2022-02-28,328,2020-08-14,2026-06-12,True
CVBF,2022-03-22,2026-06-12,345,2004-01-02,2026-06-12,True
CVC,2016-04-07,2016-06-21,46,2016-01-04,2016-06-21,False
CVCO,2023-02-06,2026-06-12,656,2004-01-02,2026-06-12,True
CVE,2010-02-16,2026-06-12,3118,2009-11-17,2026-06-12,True
CVEO,2014-08-13,2014-11-26,74,2014-05-19,2026-06-12,True
CVET,2019-05-02,2022-11-02,529,2019-02-05,2022-11-02,False
CVH,2007-03-28,2013-06-26,1566,2006-12-28,2013-10-17,False
CVI,2011-02-10,2026-06-12,2230,2007-10-23,2026-06-12,True
CVLT,2011-06-23,2026-06-12,2829,2006-09-22,2026-06-12,True
CVM,2021-02-11,2021-09-21,94,2004-01-02,2026-06-12,True
CVNA,2018-05-11,2026-06-12,1927,2017-04-28,2026-06-12,True
CVRR,2013-04-16,2018-08-24,120,2013-01-17,2019-01-30,False
CVS,2004-03-30,2026-06-12,5587,2004-01-02,2026-06-12,True
CVSA,2007-08-15,2026-06-12,3004,2004-01-02,2026-06-12,True
CVX,2004-03-30,2026-06-12,5587,2004-01-02,2026-06-12,True
CW,2014-02-13,2026-06-12,2530,2004-01-02,2026-06-12,True
CWAN,2023-11-14,2026-06-12,646,2021-09-24,2026-06-12,True
CWEI,2016-08-24,2017-04-25,168,2004-01-02,2017-04-25,False
CWEN,2014-07-21,2026-06-12,1542,2013-07-17,2026-06-12,True
CWH,2017-10-27,2026-02-24,1703,2016-10-07,2026-06-12,True
CWK,2018-10-26,2026-06-12,839,2018-08-02,2026-06-12,True
CWST,2022-02-28,2026-06-12,875,2004-01-02,2026-06-12,True
CWT,2023-08-01,2026-06-12,50,2004-01-02,2026-06-12,True
CX,2004-03-30,2026-06-12,2048,2004-01-02,2026-06-12,True
CXAI,2023-04-17,2023-07-07,36,2021-02-04,2026-06-12,True
CXG,2008-03-26,2010-08-03,110,2006-01-19,2011-06-06,False
CXM,2023-06-21,2024-07-03,203,2021-06-23,2026-06-12,True
CXO,2008-06-20,2021-01-15,3087,2007-08-03,2021-01-15,False
CXP,2014-01-07,2021-12-07,266,2013-10-10,2021-12-07,False
CXS,2011-06-06,2013-02-08,17,2009-09-17,2013-10-17,False
CXT,2014-02-07,2026-06-12,2444,2004-01-02,2026-06-12,True
CXW,2006-08-04,2026-06-12,2488,2004-01-02,2026-06-12,True
CY,2004-03-30,2020-04-16,3396,2004-01-02,2020-04-16,False
CYBX,2004-03-30,2015-10-16,563,2004-01-02,2015-10-16,False
CYD,2004-03-30,2004-04-14,11,2004-01-02,2026-06-12,True
CYH,2004-04-27,2021-09-08,3178,2004-01-02,2026-06-12,True
CYN,2025-06-27,2025-07-09,8,2021-10-20,2026-06-12,True
CYNO,2017-01-11,2017-03-23,50,2016-01-04,2017-03-23,False
CYOU,2009-06-29,2009-11-25,106,2009-04-02,2020-04-17,False
CYRX,2020-08-27,2022-04-14,329,2009-01-02,2026-06-12,True
CYS,2011-02-11,2013-06-19,506,2009-06-16,2018-08-01,False
CYT,2005-06-27,2015-12-16,2008,2004-01-02,2015-12-16,False
CYTK,2020-07-20,2026-06-12,1401,2004-04-29,2026-06-12,True
CZR,2017-10-06,2026-06-12,2179,2014-09-22,2026-06-12,True
CZZ,2011-04-13,2020-09-29,181,2007-09-04,2021-03-05,False
D,2004-03-30,2026-06-12,5587,2004-01-02,2026-06-12,True
DAC,2021-03-11,2022-09-06,376,2006-10-16,2026-06-12,True
DADA,2020-08-31,2023-03-06,338,2020-06-05,2025-06-16,False
DAKT,2006-08-17,2007-06-26,156,2004-01-02,2026-06-12,True
DAL,2007-07-30,2026-06-12,4049,2007-05-03,2026-06-12,True
DAN,2009-12-18,2026-06-12,3466,2008-01-02,2026-06-12,True
DANG,2011-03-04,2014-11-20,317,2010-12-07,2016-09-28,False
DAO,2021-03-02,2021-04-27,40,2019-10-25,2026-06-12,True
DAR,2008-05-21,2026-06-12,2670,2004-01-02,2026-06-12,True
DASH,2021-03-09,2026-06-12,1323,2020-12-09,2026-06-12,True
DAVA,2021-09-23,2024-06-18,404,2018-07-27,2026-06-12,True
DAVE,2024-11-19,2026-06-12,391,2021-04-26,2026-06-12,True
DAWN,2022-06-17,2026-04-23,128,2021-05-27,2026-04-23,True
DAY,2018-07-23,2026-02-03,1834,2018-04-26,2026-02-03,True
DB,2006-05-19,2026-06-12,4372,2004-01-02,2026-06-12,True
DBC,2010-02-08,2023-02-14,941,2006-02-06,2026-06-15,True
DBD,2026-03-23,2026-06-12,58,2023-08-15,2026-06-12,True
DBI,2011-04-29,2023-02-24,2398,2005-06-29,2026-06-12,True
DBRG,2014-09-23,2026-06-12,1667,2014-06-27,2026-06-12,True
DBX,2018-06-19,2026-06-12,2007,2018-03-23,2026-06-12,True
DCH,2005-03-08,2021-03-22,2445,2004-01-02,2026-06-12,True
DCI,2008-06-30,2026-06-12,3013,2004-01-02,2026-06-12,True
DCO,2026-03-31,2026-06-12,52,2004-01-02,2026-06-12,True
DCPH,2019-08-21,2026-03-19,439,2017-09-28,2026-06-12,True
DCT,2020-11-09,2023-03-30,305,2020-08-14,2023-03-30,False
DCTH,2010-05-18,2010-06-11,16,2004-01-02,2026-06-12,True
DCUD,2019-06-20,2019-08-14,35,2016-08-10,2019-08-14,False
DD,2004-03-30,2026-06-12,5587,2004-01-02,2026-06-12,True
DDC,2017-08-11,2017-10-10,42,2004-01-02,2026-06-12,True
DDD,2011-05-02,2022-06-10,1997,2004-01-02,2026-06-12,True
DDOG,2019-12-13,2026-06-12,1632,2019-09-19,2026-06-12,True
DDR,2004-06-04,2018-10-11,2828,2004-01-02,2018-10-11,False
DDS,2004-06-28,2026-06-12,4840,2004-01-02,2026-06-12,True
DE,2004-03-30,2026-06-12,5587,2004-01-02,2026-06-12,True
DEA,2020-04-13,2020-08-05,78,2015-02-06,2026-06-12,True
DECK,2005-02-25,2026-06-12,4908,2004-01-02,2026-06-12,True
DEI,2007-01-24,2026-06-12,4384,2006-10-25,2026-06-12,True
DELL,2019-03-21,2026-06-12,1818,2018-12-21,2026-06-12,True
DEN,2021-03-04,2023-11-02,673,2020-09-21,2023-11-02,False
DEO,2005-04-15,2026-06-12,5313,2004-01-02,2026-06-12,True
DEPO,2015-03-02,2017-06-26,576,2004-01-02,2018-08-14,False
DESP,2024-12-24,2025-05-15,97,2017-09-20,2025-05-15,False
DFDV,2025-04-14,2025-10-31,140,2023-07-25,2026-06-12,True
DFNS,2024-12-18,2025-10-17,69,2023-12-26,2026-06-12,True
DFS,2007-09-10,2025-05-16,4298,2007-06-14,2025-05-16,False
DFS-P-B,2007-09-10,2017-07-26,2336,2007-06-14,2017-11-28,False
DFT,2010-06-16,2017-09-28,1064,2007-10-19,2017-09-28,False
DFT-P-C,2010-06-16,2017-05-05,922,2007-10-19,2017-09-28,False
DFTX,2025-11-05,2026-06-12,151,2022-07-11,2026-06-12,True
DG,2010-02-11,2026-06-12,4056,2009-11-13,2026-06-12,True
DGI,2013-03-05,2017-05-23,363,2009-05-14,2017-10-19,False
DGLY,2014-09-02,2014-11-25,61,2007-05-16,2026-01-07,True
DGX,2004-03-30,2026-06-12,5587,2004-01-02,2026-06-12,True
DH,2021-12-09,2021-12-10,2,2021-09-15,2026-06-12,True
DHC,2008-02-25,2019-04-03,2740,2004-01-02,2026-06-12,True
DHI,2004-03-30,2026-06-12,5352,2004-01-02,2026-06-12,True
DHR,2004-03-30,2026-06-12,5587,2004-01-02,2026-06-12,True
DHR-P-A,2019-05-23,2022-04-14,267,2019-02-27,2022-04-14,False
DHR-P-B,2020-08-04,2022-06-27,93,2020-05-08,2023-04-14,False
DHT,2022-11-15,2026-06-12,467,2005-10-13,2026-06-12,True
DIA,2004-03-30,2026-06-12,5587,2004-01-02,2026-06-12,True
DICE,2022-10-14,2023-08-14,98,2021-09-15,2023-08-14,False
DIN,2007-12-14,2024-12-16,1249,2004-01-02,2026-06-12,True
DINO,2005-10-26,2026-06-12,4983,2004-01-02,2026-06-12,True
DIOD,2006-10-24,2026-06-12,1114,2004-01-02,2026-06-12,True
DIS,2004-03-30,2026-06-12,5587,2004-01-02,2026-06-12,True
DISCK,2008-12-12,2022-09-16,3184,2008-09-18,2022-09-16,False
DISH,2004-03-30,2023-03-13,4760,2004-01-02,2024-01-09,False
DJCO,2025-07-21,2026-06-12,227,2004-01-02,2026-06-12,True
DJT,2021-12-27,2026-04-20,820,2021-09-30,2026-06-12,True
DK,2013-03-13,2026-06-12,2838,2006-05-04,2026-06-12,True
DKNG,2020-02-12,2026-06-12,1592,2019-07-25,2026-06-12,True
DKS,2004-07-23,2026-06-12,5357,2004-01-02,2026-06-12,True
DLB,2007-12-04,2026-06-12,3636,2005-02-17,2026-06-12,True
DLO,2021-08-27,2026-06-12,692,2021-06-03,2026-06-12,True
DLPH,2018-03-05,2020-10-02,583,2017-12-05,2020-10-02,False
DLPN,2021-03-24,2021-10-26,65,2017-12-21,2026-06-12,True
DLR,2007-04-04,2026-06-12,4829,2004-10-29,2026-06-12,True
DLTR,2004-03-30,2026-06-12,5587,2004-01-02,2026-06-12,True
DLX,2004-12-20,2019-03-06,611,2004-01-02,2026-06-12,True
DM,2020-12-09,2021-07-12,147,2019-05-03,2025-04-02,False
DMND,2011-05-27,2015-12-18,207,2005-07-20,2016-03-08,False
DMRA,2025-10-08,2026-02-06,68,2020-10-29,2026-06-12,True
DMYD,2021-01-21,2021-03-17,39,2020-10-05,2021-04-20,False
DNA,2021-08-06,2025-11-06,102,2021-04-19,2026-06-12,True
DNB,2020-09-25,2025-02-19,994,2020-07-01,2025-08-25,False
DNDN,2004-03-30,2012-05-07,733,2004-01-02,2014-11-18,False
DNKN,2011-10-20,2020-12-15,2289,2011-07-27,2020-12-15,False
DNLI,2020-08-19,2026-06-12,1157,2017-12-08,2026-06-12,True
DNOW,2014-08-14,2026-06-12,818,2014-05-20,2026-06-12,True
DNR,2005-05-05,2014-11-24,2347,2004-01-02,2020-07-30,False
DNTH,2025-10-07,2026-06-12,172,2023-09-12,2026-06-12,True
DNUT,2021-09-27,2024-09-09,197,2021-07-01,2026-06-12,True
DO,2023-09-18,2024-09-04,64,2022-03-30,2024-09-04,False
DOC,2006-11-03,2026-06-12,4930,2004-01-02,2026-06-12,True
DOCN,2021-06-18,2026-06-12,1227,2021-03-24,2026-06-12,True
DOCS,2021-09-20,2026-06-12,1188,2021-06-24,2026-06-12,True
DOCU,2018-07-24,2026-06-12,1983,2018-04-27,2026-06-12,True
DOMO,2019-03-20,2022-03-03,474,2018-06-29,2026-06-12,True
DOO,2026-04-16,2026-06-12,41,2013-07-16,2026-06-12,True
DOOR,2017-08-17,2024-05-15,152,2009-07-24,2024-05-15,False
DORM,2019-02-08,2026-06-12,434,2004-01-02,2026-06-12,True
DOV,2004-03-30,2026-06-12,5587,2004-01-02,2026-06-12,True
DOW,2019-06-14,2026-06-12,1759,2019-03-20,2026-06-12,True
DOX,2004-03-30,2026-06-12,5587,2004-01-02,2026-06-12,True
DOYU,2020-07-27,2021-04-28,187,2019-07-17,2026-06-12,True
DPL,2005-07-21,2011-12-29,901,2004-01-02,2012-12-03,False
DPLO,2015-06-22,2018-10-22,410,2014-10-10,2020-02-07,False
DPRO,2025-10-02,2025-10-31,10,2019-12-04,2026-06-12,True
DPS,2008-08-01,2018-07-09,2501,2008-05-07,2018-07-09,False
DPZ,2007-05-01,2026-06-12,3801,2004-07-13,2026-06-12,True
DQ,2018-01-23,2026-02-23,1352,2010-10-07,2026-06-12,True
DRD,2025-10-31,2025-12-10,28,2004-01-02,2026-06-12,True
DRE,2005-08-03,2022-10-03,4016,2004-01-02,2022-10-03,False
DRH,2007-07-30,2026-05-18,1287,2005-05-26,2026-06-12,True
DRI,2004-03-30,2026-06-12,5580,2004-01-02,2026-06-12,True
DRII,2016-03-31,2016-09-02,110,2016-01-04,2016-09-02,False
DRL,2004-03-30,2005-12-19,259,2004-01-02,2015-03-02,False
DRNA,2020-01-08,2021-12-28,223,2014-01-30,2021-12-28,False
DRS,2023-12-05,2026-06-12,392,2022-11-29,2026-06-12,True
DRUG,2024-10-16,2025-01-17,64,2021-03-22,2026-06-12,True
DRVN,2021-04-14,2026-06-12,160,2021-01-15,2026-06-12,True
DRYS,2007-05-17,2009-05-07,405,2005-02-03,2019-10-11,False
DS,2007-02-06,2014-11-06,404,2004-01-02,2026-06-12,True
DSGX,2024-12-20,2026-06-12,369,2004-01-02,2026-06-12,True
DSP,2021-05-07,2021-05-11,3,2021-02-10,2026-06-12,True
DSX,2007-07-20,2010-03-16,592,2005-03-23,2026-06-12,True
DT,2019-10-25,2026-06-12,1646,2019-08-01,2026-06-12,True
DTE,2004-03-30,2026-06-12,5587,2004-01-02,2026-06-12,True
DTE 6.25,2020-01-28,2022-10-31,12,2019-10-30,2022-10-31,False
DTM,2021-09-27,2026-06-12,1183,2021-07-01,2026-06-12,True
DTV,2016-12-27,2016-12-27,1,2016-09-30,2019-09-30,False
DUK,2004-03-30,2026-06-12,5587,2004-01-02,2026-06-12,True
DUOL,2021-10-21,2026-06-12,1165,2021-07-28,2026-06-12,True
DV,2021-07-16,2026-06-12,996,2021-04-21,2026-06-12,True
DVA,2004-05-03,2026-06-12,5524,2004-01-02,2026-06-12,True
DVAX,2016-01-13,2026-02-11,1182,2004-02-19,2026-02-11,True
DVMT,2016-11-10,2018-12-27,535,2016-08-17,2018-12-27,False
DVN,2004-03-30,2026-06-12,5513,2004-01-02,2026-06-12,True
DWA,2005-01-24,2016-08-23,1772,2004-10-27,2016-08-23,False
DWAC,2021-12-27,2024-03-25,328,2021-09-30,2024-03-25,False
DWACW,2021-12-27,2022-04-13,76,2021-09-30,2024-03-25,False
DWRE,2016-03-31,2016-07-11,56,2016-01-04,2016-07-11,False
DWTX,2025-01-24,2025-03-12,13,2020-12-17,2026-06-12,True
DX,2024-08-27,2026-06-12,433,2004-01-02,2026-06-12,True
DXC,2017-04-28,2026-06-01,2268,2017-02-01,2026-06-12,True
DXCM,2013-12-16,2026-06-12,3126,2005-04-14,2026-06-12,True
DXPE,2006-05-24,2026-06-12,185,2004-01-02,2026-06-12,True
DXYZ,2024-06-21,2026-06-12,313,2024-03-26,2026-06-12,True
DY,2004-12-16,2026-06-12,2587,2004-01-02,2026-06-12,True
DYAX,2015-04-02,2016-01-25,205,2004-01-02,2016-01-25,False
DYN,2024-01-10,2026-06-12,568,2020-09-17,2026-06-12,True
DYN-P-A,2014-05-05,2017-07-21,811,2012-10-03,2017-10-31,False
DYN-WS,2014-05-05,2014-09-19,97,2012-10-03,2017-09-27,False
DYN-WS-A,2014-05-05,2017-01-17,620,2012-10-03,2018-04-06,False
E,2005-11-08,2026-06-12,1883,2004-01-02,2026-06-12,True
EA,2004-03-30,2026-06-12,5587,2004-01-02,2026-06-12,True
EAF,2018-07-16,2022-04-20,406,2018-04-19,2026-06-12,True
EAR,2021-05-13,2021-10-21,53,2020-10-16,2024-02-26,False
EAT,2004-03-30,2026-06-12,5527,2004-01-02,2026-06-12,True
EB,2019-05-03,2021-08-26,169,2018-09-20,2026-03-10,True
EBAY,2004-03-30,2026-06-12,5587,2004-01-02,2026-06-12,True
EBC,2021-01-12,2026-06-12,385,2020-10-15,2026-06-12,True
EBON,2021-02-17,2021-03-19,9,2020-06-26,2026-06-12,True
EBS,2016-06-23,2024-11-11,959,2006-11-15,2026-06-12,True
EC,2011-09-23,2026-06-12,1305,2008-09-18,2026-06-12,True
ECG,2025-01-27,2026-06-12,347,2024-10-28,2026-06-12,True
ECHO,2021-10-01,2021-11-23,38,2009-10-02,2021-11-23,False
ECL,2004-03-30,2026-06-12,5519,2004-01-02,2026-06-12,True
ECO,2026-03-16,2026-06-12,63,2023-08-14,2026-06-12,True
ECOL,2022-02-11,2022-09-16,78,2004-01-02,2022-09-16,False
ECPG,2021-12-21,2026-06-12,188,2004-01-02,2026-06-12,True
ECVT,2026-03-27,2026-06-12,54,2021-08-03,2026-06-12,True
ECYT,2014-03-28,2018-12-21,121,2011-02-04,2018-12-21,False
ED,2004-03-30,2026-06-12,5587,2004-01-02,2026-06-12,True
EDIT,2017-03-28,2023-02-08,1185,2016-02-03,2026-06-12,True
EDU,2007-08-01,2026-06-12,4473,2006-09-07,2026-06-12,True
EE,2022-07-12,2022-07-21,8,2022-04-13,2026-06-12,True
EEFT,2015-10-06,2026-06-12,2661,2004-01-02,2026-06-12,True
EEM,2004-03-30,2026-06-12,5587,2004-01-02,2026-06-12,True
EEP,2010-09-15,2018-12-20,1607,2004-01-02,2018-12-20,False
EFA,2004-03-30,2026-06-12,5587,2004-01-02,2026-06-12,True
EFC,2026-01-09,2026-05-22,93,2010-10-08,2026-06-12,True
EFD,2007-07-13,2007-10-03,58,2006-12-28,2007-11-13,False
EFII,2004-09-07,2019-07-23,288,2004-01-02,2019-07-23,False
EFOR,2018-03-08,2026-06-12,1581,2004-01-02,2026-06-12,True
EFX,2005-05-13,2026-06-12,5278,2004-01-02,2026-06-12,True
EG,2004-03-30,2026-06-12,5587,2004-01-02,2026-06-12,True
EGBN,2018-11-29,2019-02-15,53,2004-01-02,2026-06-12,True
EGHT,2018-07-13,2022-04-25,762,2004-01-02,2026-06-12,True
EGN,2006-08-03,2018-11-29,2609,2004-01-02,2018-11-29,False
EGO,2009-06-02,2026-06-12,1751,2004-01-02,2026-06-12,True
EGOV,2021-03-04,2021-04-21,34,2004-01-02,2021-04-21,False
EGP,2018-06-21,2026-06-12,1875,2004-01-02,2026-06-12,True
EH,2021-01-12,2025-12-15,595,2019-12-12,2026-06-12,True
EHAB,2026-04-20,2026-05-14,19,2022-07-01,2026-05-14,True
EHC,2018-03-28,2026-06-12,2064,2017-12-29,2026-06-12,True
EHTH,2014-02-24,2022-02-02,731,2006-10-20,2026-06-12,True
EIDX,2020-12-22,2020-12-30,6,2018-06-20,2021-01-26,False
EIGI,2015-04-27,2015-07-23,62,2013-10-25,2021-02-10,False
EIX,2004-03-30,2026-06-12,5587,2004-01-02,2026-06-12,True
EL,2004-03-30,2026-06-12,5587,2004-01-02,2026-06-12,True
ELAN,2018-12-17,2026-06-12,1765,2018-09-20,2026-06-12,True
ELF,2017-05-11,2026-06-12,1049,2016-09-22,2026-06-12,True
ELLI,2012-11-02,2019-04-17,1037,2011-04-15,2019-04-17,False
ELME,2008-08-06,2026-01-07,365,2004-01-02,2026-06-12,True
ELOS,2005-06-16,2006-04-05,203,2004-08-09,2017-07-18,False
ELS,2008-12-18,2026-06-12,3103,2004-01-02,2026-06-12,True
ELS-P-C,2008-03-05,2013-09-06,1315,2004-01-02,2017-09-22,False
ELV,2004-03-30,2026-06-12,5587,2004-01-02,2026-06-12,True
ELVN,2026-01-21,2026-06-12,100,2020-03-12,2026-06-12,True
ELX,2004-03-30,2010-06-23,1070,2004-01-02,2015-05-05,False
EMA,2026-04-27,2026-06-12,16,2025-05-28,2026-06-12,True
EMB,2010-06-07,2026-06-12,4030,2007-12-19,2026-06-12,True
EMBC,2022-06-29,2023-04-27,90,2022-04-01,2026-06-12,True
EMBJ,2005-01-28,2026-06-12,4034,2004-01-02,2026-06-12,True
EME,2007-06-28,2026-06-12,2921,2004-01-02,2026-06-12,True
EMKR,2008-02-01,2008-03-06,24,2004-01-02,2025-02-28,False
EMN,2004-03-30,2026-06-12,5587,2004-01-02,2026-06-12,True
EMR,2004-03-30,2026-06-12,5587,2004-01-02,2026-06-12,True
ENB,2008-10-03,2026-06-12,3908,2004-01-02,2026-06-12,True
ENH,2005-10-04,2017-04-05,633,2004-01-02,2017-04-05,False
ENH-P-C,2005-10-04,2017-01-03,541,2004-01-02,2017-10-20,False
ENLC,2019-01-28,2025-01-31,716,2004-01-13,2025-01-31,False
ENLK,2014-04-30,2019-01-25,240,2004-01-02,2019-01-25,False
ENOV,2008-08-04,2026-06-12,3484,2008-05-08,2026-06-12,True
ENPH,2019-05-02,2026-06-12,1789,2012-03-30,2026-06-12,True
ENR,2004-07-02,2026-06-12,4871,2004-01-02,2026-06-12,True
ENS,2008-06-05,2026-06-12,1732,2004-08-02,2026-06-12,True
ENSG,2021-02-03,2026-06-12,1129,2007-11-09,2026-06-12,True
ENTA,2018-06-25,2019-05-15,209,2013-03-21,2026-06-12,True
ENTG,2007-06-11,2026-06-12,2307,2004-01-02,2026-06-12,True
ENV,2018-07-25,2024-11-25,1330,2010-07-29,2024-11-25,False
ENVA,2024-12-23,2026-06-12,368,2014-11-13,2026-06-12,True
ENVX,2021-10-21,2025-11-05,662,2021-01-05,2026-06-12,True
EOG,2004-03-30,2026-06-12,5587,2004-01-02,2026-06-12,True
EOLS,2019-02-21,2019-05-09,55,2018-02-08,2026-06-12,True
EOSE,2021-01-08,2026-02-25,173,2020-06-03,2026-06-12,True
EPAC,2006-06-21,2015-03-18,471,2004-01-02,2026-06-12,True
EPAM,2014-03-27,2026-06-12,2886,2012-02-08,2026-06-12,True
EPAY,2018-07-05,2022-09-16,296,2004-01-02,2022-09-16,False
EPB,2010-11-17,2014-12-04,555,2007-11-29,2014-12-04,False
EPC,2004-03-30,2025-09-02,4169,2004-01-02,2026-06-12,True
EPD,2004-08-30,2026-06-12,5434,2004-01-02,2026-06-12,True
EPR,2008-03-28,2026-06-12,2997,2004-01-02,2026-06-12,True
EPR-P-F,2008-03-28,2013-08-02,293,2004-01-02,2017-12-20,False
EPRT,2019-08-13,2026-06-12,1380,2018-06-21,2026-06-12,True
EPZM,2020-01-22,2020-08-27,95,2013-05-31,2022-09-08,False
EQ,2020-07-14,2020-08-11,18,2018-10-12,2026-06-12,True
EQC,2010-07-01,2024-12-06,1869,2004-01-02,2026-06-12,True
EQGP,2015-08-06,2015-08-06,1,2015-05-12,2019-01-18,False
EQH,2018-08-06,2026-06-12,1974,2018-05-10,2026-06-12,True
EQIX,2006-03-31,2026-06-12,5082,2004-01-02,2026-06-12,True
EQM,2013-08-01,2020-06-16,1322,2012-06-27,2020-06-16,False
EQNR,2018-08-10,2026-06-12,1963,2018-05-16,2026-06-12,True
EQPT,2026-04-21,2026-06-12,38,2026-01-23,2026-06-12,True
EQR,2004-03-30,2026-06-12,5587,2004-01-02,2026-06-12,True
EQT,2005-06-14,2026-06-12,5136,2004-01-02,2026-06-12,True
EQX,2020-09-09,2026-06-12,210,2018-08-03,2026-06-12,True
ERAS,2026-01-21,2026-06-12,95,2021-07-16,2026-06-12,True
ERF,2005-10-12,2024-05-31,1571,2004-01-02,2024-05-31,False
ERIC,2004-03-30,2026-06-12,2848,2004-01-02,2026-06-12,True
ERIE,2019-05-16,2026-06-12,1117,2004-01-02,2026-06-12,True
ERNA,2021-04-26,2021-09-17,98,2004-01-02,2026-06-12,True
ERO,2025-11-28,2026-06-12,135,2017-10-23,2026-06-12,True
ES,2006-01-04,2026-06-12,4913,2004-01-02,2026-06-12,True
ESAB,2022-06-24,2026-06-12,587,2022-03-29,2026-06-12,True
ESC,2014-03-10,2014-05-23,52,2004-01-02,2014-07-30,False
ESE,2007-07-02,2026-06-12,362,2004-01-02,2026-06-12,True
ESGR,2024-07-12,2025-07-02,244,2004-01-02,2025-07-02,False
ESI,2014-06-25,2026-06-12,2440,2013-10-22,2026-06-12,True
ESIO,2017-12-15,2019-02-01,148,2004-01-02,2019-02-01,False
ESL,2011-07-13,2019-03-14,757,2004-01-02,2019-03-14,False
ESLRQ,2005-11-15,2008-07-17,308,2004-01-02,2013-07-29,False
ESLT,2025-03-27,2026-06-12,305,2004-01-02,2026-06-12,True
ESMT,2021-12-17,2024-01-25,63,2021-09-23,2024-01-25,False
ESND,2007-06-01,2008-05-09,141,2004-01-02,2019-01-31,False
ESNT,2016-12-19,2026-06-12,2169,2013-10-31,2026-06-12,True
ESPR,2015-03-10,2021-04-23,1100,2013-06-26,2026-06-12,True
ESRT,2016-07-26,2021-09-07,302,2013-10-02,2026-06-12,True
ESRX,2004-03-30,2018-12-20,3709,2004-01-02,2018-12-20,False
ESS,2006-07-27,2026-06-12,4948,2004-01-02,2026-06-12,True
ESTA,2024-11-22,2026-06-12,251,2018-07-19,2026-06-12,True
ESTC,2019-01-03,2026-06-12,1871,2018-10-05,2026-06-12,True
ESTE,2022-06-16,2023-11-01,219,2004-01-02,2023-11-01,False
ET,2011-07-22,2026-06-12,3214,2006-02-03,2026-06-12,True
ETD,2006-01-31,2008-04-18,190,2004-01-02,2026-06-12,True
ETE,2011-07-22,2018-10-18,1757,2006-02-03,2018-10-18,False
ETFC,2004-03-30,2020-10-02,3214,2004-01-02,2020-10-02,False
ETH,2024-11-20,2026-06-12,390,2024-07-23,2026-06-12,True
ETHE,2020-12-18,2026-06-12,1107,2019-06-14,2026-06-12,True
ETN,2004-03-30,2026-06-12,5587,2004-01-02,2026-06-12,True
ETNB,2023-03-23,2025-10-30,152,2019-11-11,2025-10-30,False
ETOR,2025-08-08,2026-06-12,213,2025-05-13,2026-06-12,True
ETP-,2007-08-07,2017-04-28,2332,2004-01-02,2017-04-28,False
ETR,2004-03-30,2026-06-12,5587,2004-01-02,2026-06-12,True
ETRM,2017-01-11,2017-01-13,3,2007-11-15,2017-10-20,False
ETRN,2019-01-30,2024-07-22,484,2018-10-31,2024-07-22,False
ETSY,2015-07-13,2026-06-12,2438,2015-04-16,2026-06-12,True
ETWO,2021-02-08,2022-01-11,185,2020-06-15,2026-06-12,True
EVBG,2018-10-12,2026-02-25,1153,2016-09-16,2026-06-12,True
EVEP,2011-05-05,2013-07-25,281,2006-09-27,2018-05-10,False
EVER,2020-03-06,2020-09-22,67,2018-06-28,2026-06-12,True
EVER-P-A,2016-08-09,2017-02-24,138,2012-05-03,2017-08-17,False
EVGO,2021-02-19,2022-09-15,134,2020-11-20,2026-06-12,True
EVH,2017-05-17,2025-07-31,1092,2015-06-05,2026-06-12,True
EVHC,2013-11-07,2018-12-14,1175,2013-08-14,2018-12-14,False
EVHC-P,2013-11-07,2017-06-30,810,2013-08-14,2017-06-30,False
EVOP,2022-08-10,2023-03-24,95,2018-05-23,2023-03-24,False
EVR,2013-04-17,2026-06-12,2979,2006-08-14,2026-06-12,True
EVRG,2018-08-28,2026-06-12,1958,2018-06-04,2026-06-12,True
EVRI,2020-11-10,2025-07-01,241,2015-08-24,2025-07-01,False
EVVV,2010-06-02,2010-07-29,41,2005-06-16,2010-07-29,False
EW,2005-02-28,2026-06-12,4796,2004-01-02,2026-06-12,True
EWBC,2007-06-05,2026-06-12,4247,2004-01-02,2026-06-12,True
EWJ,2004-03-30,2026-06-12,4710,2004-01-02,2026-06-12,True
EWT,2007-02-28,2026-06-15,4705,2000-06-23,2026-06-15,True
EWTX,2024-09-20,2026-06-12,321,2021-03-26,2026-06-12,True
EWZ,2005-03-11,2026-06-12,5313,2004-01-02,2026-06-12,True
EXAM,2016-05-27,2016-07-27,42,2010-10-28,2016-07-27,False
EXAS,2014-04-01,2026-03-24,2826,2004-01-02,2026-03-24,True
EXC,2004-03-30,2026-06-12,5587,2004-01-02,2026-06-12,True
EXE,2021-05-07,2026-06-12,1281,2021-02-10,2026-06-12,True
EXEL,2011-03-08,2026-06-12,2536,2004-01-02,2026-06-12,True
EXFY,2022-02-07,2022-02-07,1,2021-11-10,2026-06-12,True
EXH,2007-11-14,2015-10-22,1098,2007-08-21,2015-11-03,False
EXK,2011-04-07,2026-05-14,174,2006-04-26,2026-06-12,True
EXLS,2021-11-05,2026-06-12,1139,2006-10-20,2026-06-12,True
EXP,2005-10-03,2026-06-12,4380,2004-01-02,2026-06-12,True
EXPD,2004-03-30,2026-06-12,5587,2004-01-02,2026-06-12,True
EXPE,2005-10-14,2026-06-12,5090,2005-07-21,2026-06-12,True
EXPO,2019-10-03,2026-06-12,1151,2004-01-02,2026-06-12,True
EXR,2011-10-05,2026-06-12,3678,2004-08-16,2026-06-12,True
EXTR,2017-12-26,2026-06-12,786,2004-01-02,2026-06-12,True
EXXI,2010-02-24,2014-10-08,1000,2007-06-01,2018-03-20,False
EYE,2018-07-31,2026-06-12,1729,2017-10-26,2026-06-12,True
EYPT,2023-12-21,2026-04-14,141,2005-01-27,2026-06-12,True
EZPW,2006-09-06,2026-06-12,194,2004-01-02,2026-06-12,True
EZU,2007-05-10,2026-06-12,3997,2004-01-02,2026-06-12,True
F,2004-03-30,2026-06-12,3741,2004-01-02,2026-06-12,True
FA,2025-05-12,2025-07-02,15,2021-06-23,2026-06-12,True
FABC,2020-11-23,2021-02-10,2,2018-01-30,2026-06-12,True
FAF,2012-12-24,2026-06-12,3090,2010-05-28,2026-06-12,True
FANG,2013-10-18,2026-06-12,3181,2012-10-12,2026-06-12,True
FARO,2025-05-13,2025-07-21,47,2004-01-02,2025-07-21,False
FAST,2004-03-30,2026-06-12,5587,2004-01-02,2026-06-12,True
FATE,2020-02-07,2023-01-05,732,2013-10-01,2026-06-12,True
FAZE,2022-09-01,2022-09-28,19,2021-04-13,2024-03-08,False
FBC,2020-11-12,2022-11-30,385,2004-01-02,2022-11-30,False
FBIN,2011-12-12,2026-06-12,3592,2011-09-16,2026-06-12,True
FBK,2025-08-29,2026-01-02,87,2016-09-16,2026-06-12,True
FBP,2021-03-22,2026-06-12,903,2004-01-02,2026-06-12,True
FBR,2007-10-03,2018-08-13,839,2004-01-02,2019-01-03,False
FCB,2018-06-11,2018-12-31,139,2014-08-01,2018-12-31,False
FCE-A,2007-06-05,2018-12-10,1268,2004-01-02,2018-12-10,False
FCEL,2020-11-30,2026-06-12,138,2004-01-02,2026-06-12,True
FCFS,2011-10-05,2026-06-12,1299,2004-01-02,2026-06-12,True
FCH,2007-07-27,2007-09-18,37,2004-01-02,2017-09-01,False
FCH-P-A,2007-07-27,2017-07-19,621,2004-01-02,2017-08-31,False
FCN,2007-08-07,2026-06-12,3007,2004-01-02,2026-06-12,True
FCNCA,2018-06-27,2026-06-12,1640,2004-01-02,2026-06-12,True
FCPT,2016-02-08,2026-04-15,120,2015-11-10,2026-06-12,True
FCS,2016-03-31,2016-05-11,30,2016-01-04,2016-09-20,False
FCUV,2021-09-03,2021-11-22,17,2017-09-27,2026-06-12,True
FCX,2004-03-30,2026-06-12,5354,2004-01-02,2026-06-12,True
FDC,2016-01-12,2019-08-05,894,2015-10-15,2019-08-05,False
FDMT,2024-02-08,2024-05-07,62,2020-12-11,2026-06-12,True
FDO,2004-03-30,2015-07-13,2841,2004-01-02,2015-07-13,False
FDP,2007-12-03,2008-09-10,195,2004-01-02,2026-06-12,True
FDS,2007-03-21,2026-06-12,4772,2004-01-02,2026-06-12,True
FDX,2004-03-30,2026-06-12,5587,2004-01-02,2026-06-12,True
FE,2004-03-30,2026-06-12,5587,2004-01-02,2026-06-12,True
FEIC,2007-03-14,2016-09-21,745,2004-01-02,2016-09-21,False
FELE,2025-03-10,2026-06-12,318,2004-01-02,2026-06-12,True
FER,2025-10-02,2026-06-12,175,2023-06-29,2026-06-12,True
FERG,2022-03-21,2026-06-12,1062,2010-01-05,2026-06-12,True
FET,2014-06-23,2017-05-12,188,2012-04-12,2026-06-12,True
FFAI,2021-02-04,2021-09-28,73,2020-09-02,2026-06-12,True
FFBC,2026-01-29,2026-06-12,94,2004-01-02,2026-06-12,True
FFIN,2019-01-03,2026-06-12,649,2004-01-02,2026-06-12,True
FFIV,2004-03-30,2026-06-12,5587,2004-01-02,2026-06-12,True
FG,2026-02-27,2026-06-12,41,2022-11-22,2026-06-12,True
FHB,2017-02-09,2026-06-12,924,2016-08-04,2026-06-12,True
FHI,2005-12-02,2026-06-12,4001,2004-01-02,2026-06-12,True
FHN,2004-03-30,2026-06-12,4945,2004-01-02,2026-06-12,True
FIBK,2022-02-01,2026-06-12,786,2010-03-24,2026-06-12,True
FICO,2004-03-30,2026-06-12,3194,2004-01-02,2026-06-12,True
FIG,2025-10-24,2026-06-12,159,2025-07-31,2026-06-12,True
FIGR,2025-12-05,2026-06-12,130,2025-09-11,2026-06-12,True
FIGS,2021-08-23,2026-06-12,351,2021-05-27,2026-06-12,True
FINL,2011-10-20,2018-06-18,871,2004-01-02,2018-06-18,False
FIS,2005-10-04,2026-06-12,5169,2004-01-02,2026-06-12,True
FISV,2004-03-30,2026-06-12,5587,2004-01-02,2026-06-12,True
FIT,2015-09-14,2016-11-02,289,2015-06-18,2021-01-14,False
FITB,2004-03-30,2026-06-12,5336,2004-01-02,2026-06-12,True
FIVE,2013-03-27,2026-06-12,3277,2012-07-19,2026-06-12,True
FIVN,2018-06-20,2026-06-12,2006,2014-04-04,2026-06-12,True
FIX,2022-11-16,2026-06-12,895,2004-01-02,2026-06-12,True
FIZZ,2016-09-30,2021-07-08,930,2004-01-02,2026-06-12,True
FLEX,2004-03-30,2026-06-12,3807,2004-01-02,2026-06-12,True
FLG,2004-03-30,2026-06-12,4870,2004-01-02,2026-06-12,True
FLGT,2020-08-31,2022-07-08,467,2016-09-29,2026-06-12,True
FLIR,2004-06-08,2021-05-14,3856,2004-01-02,2021-05-14,False
FLNC,2022-01-25,2026-06-12,753,2021-10-28,2026-06-12,True
FLNG,2022-06-27,2023-01-23,45,2019-06-17,2026-06-12,True
FLO,2008-07-07,2026-02-24,3429,2004-01-02,2026-06-12,True
FLR,2004-03-30,2026-06-12,5505,2004-01-02,2026-06-12,True
FLS,2006-03-09,2026-06-12,5048,2004-01-02,2026-06-12,True
FLTX,2013-09-20,2016-11-15,305,2012-10-08,2016-11-15,False
FLUT,2024-03-25,2026-06-12,557,2017-10-05,2026-06-12,True
FLWS,2020-09-08,2022-03-11,229,2004-01-02,2026-06-12,True
FLY,2025-10-31,2026-06-12,154,2025-08-07,2026-06-12,True
FLYW,2021-11-11,2026-06-12,1021,2021-05-26,2026-06-12,True
FMBI,2008-07-25,2017-06-05,105,2004-01-02,2022-03-11,False
FMC,2006-02-09,2026-06-12,4882,2004-01-02,2026-06-12,True
FMD,2004-11-19,2008-03-11,812,2004-01-02,2016-08-30,False
FMER,2016-03-31,2016-08-24,103,2016-01-04,2016-08-24,False
FMI,2015-03-03,2018-08-10,139,2013-09-25,2018-08-10,False
FMS,2022-08-25,2023-05-08,34,2004-01-02,2026-06-12,True
FMSA,2016-12-20,2017-03-01,46,2014-10-03,2018-06-01,False
FMTX,2021-03-05,2022-11-02,32,2020-06-19,2022-11-02,False
FMX,2005-06-03,2026-06-12,5246,2004-01-02,2026-06-12,True
FN,2016-08-19,2026-06-12,1458,2010-06-25,2026-06-12,True
FNA,2025-03-14,2026-03-16,49,2021-10-15,2026-06-12,True
FNB,2016-02-16,2026-06-12,2272,2004-01-02,2026-06-12,True
FND,2017-07-24,2026-06-12,2198,2017-04-27,2026-06-12,True
FNF,2006-07-06,2026-06-12,4920,2005-10-14,2026-06-12,True
FNFG,2008-04-08,2016-08-08,1096,2004-01-02,2016-08-08,False
FNGN,2013-11-26,2018-07-20,250,2010-03-16,2018-07-20,False
FNGU,2025-05-16,2026-06-12,270,2025-02-20,2026-06-12,True
FNKO,2018-09-19,2022-09-19,186,2017-11-02,2026-06-12,True
FNSR,2010-04-12,2019-09-24,2248,2004-01-02,2019-09-24,False
FNV,2013-05-06,2026-06-12,3259,2007-12-07,2026-06-12,True
FOCS,2021-03-31,2023-08-31,358,2018-07-26,2023-08-31,False
FOE,2019-03-27,2021-08-06,113,2004-01-02,2022-04-21,False
FOLD,2015-05-06,2026-04-27,1711,2007-05-31,2026-04-27,True
FOR,2017-07-11,2017-07-13,3,2007-12-13,2026-06-12,True
FORG,2021-12-10,2023-03-21,108,2021-09-16,2023-08-24,False
FORM,2006-03-09,2026-06-12,1205,2004-01-02,2026-06-12,True
FOSL,2007-09-20,2021-04-23,2510,2004-01-02,2026-06-12,True
FOUR,2020-08-31,2026-06-12,1453,2020-06-05,2026-06-12,True
FOX,2019-06-07,2026-06-12,1764,2019-03-13,2026-06-12,True
FOXA,2019-06-06,2026-06-12,1765,2019-03-12,2026-06-12,True
FOXF,2018-11-28,2025-02-18,1184,2013-08-08,2026-06-12,True
FPRX,2015-12-18,2021-04-16,294,2013-09-18,2021-04-16,False
FPS,2026-05-04,2026-06-12,29,2026-02-05,2026-06-12,True
FR,2007-06-22,2026-06-12,2818,2004-01-02,2026-06-12,True
FRC-P-B,2011-07-05,2017-05-17,1059,2010-12-09,2017-05-17,False
FRC-P-B-CL,2011-07-05,2017-06-15,1327,2010-12-09,2017-06-15,False
FREQ,2021-04-08,2021-05-12,19,2019-10-03,2023-11-03,False
FRGE,2022-04-25,2026-02-04,75,2021-02-01,2026-06-12,True
FRGI,2015-02-23,2015-06-16,77,2012-04-26,2023-10-30,False
FRHC,2020-12-23,2025-10-22,468,2017-10-03,2026-06-12,True
FRMI,2026-01-12,2026-03-02,8,2025-10-01,2026-06-12,True
FRMM,2021-04-13,2025-12-10,54,2017-06-27,2026-06-12,True
FRO,2004-09-30,2026-06-12,2675,2004-01-02,2026-06-12,True
FROG,2020-12-10,2026-06-12,1118,2020-09-16,2026-06-12,True
FRPT,2019-08-26,2026-06-12,1587,2014-11-07,2026-06-12,True
FRSH,2021-12-16,2026-06-02,989,2021-09-22,2026-06-12,True
FRSX,2021-01-26,2021-02-12,5,2017-06-15,2026-06-12,True
FRT,2006-12-07,2026-06-12,4888,2004-01-02,2026-06-12,True
FSCT,2018-06-14,2020-08-17,363,2017-10-27,2020-08-17,False
FSK,2021-08-04,2026-06-12,1115,2014-04-16,2026-06-12,True
FSLR,2007-02-16,2026-06-12,4861,2006-11-17,2026-06-12,True
FSLY,2019-08-13,2026-06-12,1234,2019-05-17,2026-06-12,True
FSM,2025-11-28,2026-05-29,75,2007-01-08,2026-06-12,True
FSS,2024-01-31,2026-06-12,594,2004-01-02,2026-06-12,True
FSV,2025-02-07,2026-06-12,326,2015-06-02,2026-06-12,True
FSYS,2008-08-11,2010-06-07,277,2004-01-02,2016-06-09,False
FTAI,2022-12-20,2026-06-12,872,2015-05-15,2026-06-12,True
FTCV,2021-04-21,2021-06-10,36,2021-01-25,2022-12-29,False
FTDR,2018-12-27,2026-06-12,1590,2018-10-01,2026-06-12,True
FTEK,2007-07-27,2007-11-20,68,2004-01-02,2026-06-12,True
FTFT,2021-02-17,2021-02-17,1,2005-03-15,2026-06-12,True
FTI,2004-11-24,2026-06-12,4627,2004-01-02,2026-06-12,True
FTK,2007-11-02,2016-01-05,188,2005-07-27,2026-06-12,True
FTNT,2010-10-12,2026-06-12,3939,2009-11-18,2026-06-12,True
FTO,2005-05-10,2011-09-14,1585,2004-01-02,2011-11-30,False
FTOC,2021-02-04,2021-05-04,62,2020-10-16,2021-06-25,False
FTRE,2023-10-02,2026-03-04,379,2023-07-07,2026-06-12,True
FTRPR,2015-09-03,2015-10-02,21,2015-06-10,2018-07-02,False
FTS,2020-03-24,2026-06-12,1163,2016-01-04,2026-06-12,True
FTSV,2019-12-31,2020-04-07,68,2018-06-28,2020-04-07,False
FTV,2016-09-27,2026-06-12,2441,2016-07-01,2026-06-12,True
FUBO,2020-11-17,2026-06-11,342,2017-11-30,2026-06-12,True
FUEL,2013-12-16,2014-07-25,129,2013-09-20,2017-09-11,False
FUL,2007-08-13,2026-06-12,1591,2004-01-02,2026-06-12,True
FULC,2021-08-11,2021-11-08,63,2019-07-18,2026-06-12,True
FULT,2008-07-29,2026-06-12,824,2004-01-02,2026-06-12,True
FUN,2019-10-03,2026-06-12,932,2004-01-02,2026-06-12,True
FUSN,2024-03-20,2024-06-04,53,2020-06-26,2024-06-04,False
FUTU,2020-07-27,2026-06-12,1478,2019-03-08,2026-06-12,True
FVRR,2019-09-09,2026-03-26,1137,2019-06-13,2026-06-12,True
FWDI,2005-05-23,2005-10-25,109,2004-01-02,2026-06-12,True
FWLT,2005-01-07,2014-09-15,2220,2004-01-02,2014-12-03,False
FWONA,2013-04-09,2016-06-06,797,2013-01-10,2026-06-12,True
FWONK,2014-10-01,2026-06-12,2693,2014-07-08,2026-06-12,True
FWRD,2022-12-19,2025-01-30,376,2004-01-02,2026-06-12,True
FWRG,2025-10-08,2026-05-21,145,2021-10-01,2026-06-12,True
FXI,2006-02-03,2026-06-12,5121,2004-10-08,2026-06-12,True
FYBR,2021-07-29,2026-01-20,1108,2021-05-04,2026-01-20,True
G,2013-03-04,2026-06-12,2630,2007-08-02,2026-06-12,True
GA,2014-01-24,2014-02-04,8,2011-08-29,2014-07-28,False
GAP,2004-03-30,2026-06-12,5356,2004-01-02,2026-06-12,True
GAS,2007-08-10,2016-07-01,1321,2004-01-02,2016-07-01,False
GATX,2006-03-30,2026-06-12,1830,2004-01-02,2026-06-12,True
GBCI,2018-12-24,2026-06-12,1028,2004-01-02,2026-06-12,True
GBDC,2024-08-02,2026-06-12,344,2010-04-15,2026-06-12,True
GBIO,2021-03-22,2021-04-06,11,2020-06-12,2026-02-09,True
GBR,2021-01-29,2021-01-29,1,2004-01-02,2026-06-12,True
GBX,2014-04-03,2026-06-12,1134,2004-01-02,2026-06-12,True
GCI,2004-03-30,2019-10-31,2709,2004-01-02,2019-11-19,False
GCO,2007-04-23,2017-06-29,553,2004-01-02,2026-06-12,True
GCT,2024-01-11,2026-06-12,494,2022-08-18,2026-06-12,True
GD,2004-03-30,2026-06-12,5587,2004-01-02,2026-06-12,True
GDDY,2015-06-26,2026-06-12,2561,2015-04-01,2026-06-12,True
GDEN,2022-03-21,2022-05-24,46,2015-08-04,2026-05-01,True
GDOT,2011-02-15,2021-07-29,923,2010-07-22,2026-06-12,True
GDRX,2020-12-17,2022-05-09,350,2020-09-23,2026-06-12,True
GDS,2018-03-02,2026-06-12,1707,2016-11-02,2026-06-12,True
GDX,2006-08-16,2026-06-12,4987,2006-05-22,2026-06-12,True
GDXD,2025-10-22,2026-06-12,122,2020-12-03,2026-06-12,True
GDXJ,2010-02-09,2026-06-12,4104,2009-11-11,2026-06-12,True
GDXU,2023-10-16,2026-06-12,667,2020-12-03,2026-06-12,True
GDYN,2025-01-28,2025-03-31,44,2018-10-30,2026-06-12,True
GE,2004-03-30,2026-06-12,5216,2004-01-02,2026-06-12,True
GEF,2007-06-21,2015-04-22,242,2004-01-02,2026-06-12,True
GEHC,2023-03-31,2026-06-12,803,2023-01-04,2026-06-12,True
GEL,2014-11-24,2016-10-17,332,2004-01-02,2026-06-12,True
GEMI,2025-12-08,2026-01-22,29,2025-09-12,2026-06-12,True
GEN,2004-03-30,2026-06-12,5587,2004-01-02,2026-06-12,True
GENI,2021-07-16,2026-01-15,258,2021-04-21,2026-06-12,True
GEO,2007-08-13,2026-06-12,1554,2004-01-02,2026-06-12,True
GERN,2005-09-21,2005-10-05,11,2004-01-02,2026-06-12,True
GES,2006-01-09,2024-09-30,3613,2004-01-02,2026-01-22,True
GETY,2022-08-31,2022-09-15,11,2020-09-21,2026-06-12,True
GEV,2024-06-24,2026-06-12,495,2024-03-27,2026-06-12,True
GEVA,2014-03-05,2015-06-22,257,2006-12-28,2015-06-22,False
GEVO,2021-01-19,2021-03-22,28,2011-02-09,2026-06-12,True
GFAI,2023-04-10,2023-05-02,17,2021-01-08,2026-06-12,True
GFF,2023-03-14,2026-06-12,623,2004-01-02,2026-06-12,True
GFI,2004-03-30,2026-06-12,3056,2004-01-02,2026-06-12,True
GFL,2020-05-28,2026-06-12,1463,2020-03-03,2026-06-12,True
GFS,2022-01-25,2026-06-12,1100,2021-10-28,2026-06-12,True
GGAL,2017-09-29,2026-06-12,1142,2004-01-02,2026-06-12,True
GGB,2006-03-06,2012-09-24,1183,2004-01-02,2026-06-12,True
GGG,2007-05-24,2026-06-12,3161,2004-01-02,2026-06-12,True
GGP,2004-03-30,2018-08-28,3312,2004-01-02,2018-08-28,False
GGPI,2021-10-25,2022-08-09,164,2021-05-18,2022-08-09,False
GH,2019-01-02,2026-06-12,1868,2018-10-04,2026-06-12,True
GHC,2007-12-31,2026-06-12,1061,2004-01-02,2026-06-12,True
GHDX,2018-08-28,2019-11-08,276,2005-09-29,2019-11-08,False
GHL,2006-05-10,2014-09-24,1131,2004-05-06,2023-11-30,False
GHM,2008-08-26,2008-10-08,30,2004-01-02,2026-06-12,True
GIB,2020-03-24,2026-06-12,406,2004-01-02,2026-06-12,True
GIC,2007-03-05,2007-05-02,42,2004-01-02,2026-06-12,True
GIGM,2006-11-17,2008-02-12,76,2004-01-02,2026-06-12,True
GIII,2014-02-04,2024-03-28,1097,2004-01-02,2026-06-12,True
GIL,2007-12-10,2026-06-12,1549,2004-01-02,2026-06-12,True
GILD,2004-03-30,2026-06-12,5587,2004-01-02,2026-06-12,True
GILT,2021-02-17,2021-05-03,44,2004-01-02,2026-06-12,True
GIMO,2016-07-12,2017-12-27,370,2013-06-12,2017-12-27,False
GIS,2004-03-30,2026-06-12,5587,2004-01-02,2026-06-12,True
GKOS,2017-03-06,2026-06-12,2066,2015-06-25,2026-06-12,True
GL,2004-05-04,2026-06-12,5443,2004-01-02,2026-06-12,True
GLBC,2011-05-27,2011-08-16,56,2004-01-22,2011-10-14,False
GLBE,2021-08-06,2026-06-12,1218,2021-05-12,2026-06-12,True
GLD,2005-02-15,2026-06-12,5365,2004-11-18,2026-06-12,True
GLF,2008-07-18,2008-08-26,20,2004-01-02,2018-11-15,False
GLIBA,2018-06-06,2025-09-22,625,2018-03-12,2026-06-12,True
GLIBK,2026-01-16,2026-03-13,36,2025-07-15,2026-06-12,True
GLNG,2011-05-19,2026-06-12,2994,2004-01-02,2026-06-12,True
GLOB,2018-06-22,2026-06-12,1827,2014-07-18,2026-06-12,True
GLOG,2014-04-04,2015-03-03,229,2012-03-30,2021-06-14,False
GLPI,2014-01-09,2026-06-12,3084,2013-10-14,2026-06-12,True
GLSI,2020-12-21,2021-06-14,103,2020-09-25,2026-06-12,True
GLUE,2024-11-29,2026-04-21,74,2021-06-24,2026-06-12,True
GLUU,2019-03-19,2021-04-29,96,2007-03-22,2021-04-29,False
GLW,2004-03-30,2026-06-12,5531,2004-01-02,2026-06-12,True
GLXY,2025-08-13,2026-06-12,210,2025-05-16,2026-06-12,True
GM,2011-02-15,2026-06-12,3854,2010-11-18,2026-06-12,True
GM-WS-B,2011-02-15,2017-07-31,1624,2010-11-18,2019-07-05,False
GMAB,2020-06-02,2026-06-12,992,2009-06-01,2026-06-12,True
GMCR,2008-07-11,2016-03-04,1843,2004-01-02,2016-03-04,False
GME,2005-06-08,2026-06-12,4911,2004-01-02,2026-06-12,True
GMED,2016-07-28,2026-06-12,2295,2012-08-03,2026-06-12,True
GMS,2019-10-23,2025-09-04,516,2016-05-26,2025-09-04,False
GNA,2008-05-21,2010-09-23,153,2004-01-02,2011-09-07,False
GNC,2011-10-27,2017-09-15,1315,2011-04-01,2020-06-30,False
GNK,2022-04-11,2022-08-31,99,2014-08-18,2026-06-12,True
GNL,2023-09-18,2023-09-21,4,2015-06-02,2026-06-12,True
GNMK,2020-05-01,2021-04-22,118,2010-05-28,2021-04-22,False
GNOG,2020-07-13,2021-11-03,293,2019-06-06,2022-05-25,False
GNRC,2012-11-15,2026-06-12,3017,2010-02-11,2026-06-12,True
GNTX,2004-03-30,2026-06-12,4557,2004-01-02,2026-06-12,True
GNW,2004-08-20,2014-11-05,1797,2004-05-25,2026-06-12,True
GO,2019-09-16,2026-02-24,1581,2019-06-20,2026-06-12,True
GOCO,2020-10-08,2021-06-03,63,2020-07-15,2026-06-12,True
GOEV,2020-12-08,2021-12-08,94,2017-08-01,2026-06-12,True
GOGL,2022-02-04,2024-08-16,248,2004-01-02,2026-06-12,True
GOGO,2013-11-14,2025-09-11,699,2013-06-21,2026-06-12,True
GOLD,2026-03-02,2026-06-12,73,2025-12-02,2026-06-12,True
GOLF,2023-07-27,2026-06-12,466,2016-10-28,2026-06-12,True
GOOG,2014-06-23,2026-06-12,3012,2014-03-27,2026-06-12,True
GOOGL,2004-11-12,2026-06-12,5429,2004-08-19,2026-06-12,True
GOOS,2017-06-12,2023-08-15,1417,2017-03-16,2026-06-12,True
GOTU,2019-12-10,2021-07-21,406,2019-06-06,2026-06-12,True
GOVT,2016-03-18,2026-06-12,2388,2012-02-24,2026-06-12,True
GP,2020-12-09,2021-03-25,73,2015-02-10,2026-06-12,True
GPC,2004-06-04,2026-06-12,5054,2004-01-02,2026-06-12,True
GPCR,2023-10-02,2026-06-12,608,2023-02-03,2026-06-12,True
GPGI,2026-01-13,2026-06-12,105,2020-11-19,2026-06-12,True
GPI,2006-05-05,2026-06-12,2637,2004-01-02,2026-06-12,True
GPK,2014-02-10,2026-06-12,3050,2004-01-02,2026-06-12,True
GPN,2005-07-25,2026-06-12,5234,2004-01-02,2026-06-12,True
GPOR,2022-06-21,2026-06-12,707,2021-05-19,2026-06-12,True
GPRE,2014-02-12,2026-06-12,1479,2006-03-15,2026-06-12,True
GPRO,2014-09-22,2022-01-18,713,2014-06-26,2026-06-12,True
GRAB,2021-04-22,2021-12-01,79,2020-12-01,2026-06-12,True
GRAL,2024-09-19,2026-06-12,343,2024-06-25,2026-06-12,True
GRBK,2021-04-01,2025-05-19,334,2007-06-14,2026-06-12,True
GREE,2021-12-08,2022-01-28,36,2021-09-14,2026-06-12,True
GRFS,2014-03-11,2020-12-18,808,2011-06-02,2026-06-12,True
GRM,2011-06-15,2011-09-13,63,2010-02-11,2011-11-30,False
GRMN,2004-03-30,2026-06-12,5587,2004-01-02,2026-06-12,True
GRND,2025-03-04,2026-02-04,229,2021-01-14,2026-06-12,True
GROW,2006-11-10,2007-08-03,182,2004-01-02,2026-06-12,True
GRPN,2012-02-02,2026-06-12,926,2011-11-04,2026-06-12,True
GRRR,2025-01-03,2025-12-22,243,2022-07-14,2026-06-12,True
GRT,2014-09-17,2015-01-15,84,2004-01-02,2015-01-15,False
GRUB,2014-07-01,2021-06-11,1705,2014-04-04,2021-06-11,False
GRWG,2020-08-19,2022-03-29,354,2016-11-11,2026-06-12,True
GS,2004-03-30,2026-06-12,5587,2004-01-02,2026-06-12,True
GS-P-I,2004-03-30,2017-07-18,3349,2004-01-02,2017-11-15,False
GSAT,2025-02-11,2026-06-12,231,2006-11-02,2026-06-12,True
GSHD,2021-03-10,2026-05-20,798,2018-04-27,2026-06-12,True
GSIT,2025-10-21,2025-10-30,7,2007-03-29,2026-06-12,True
GSK,2004-03-30,2026-06-12,5587,2004-01-02,2026-06-12,True
GSKY,2018-08-20,2022-03-29,176,2018-05-24,2022-03-29,False
GSL,2022-03-03,2022-07-13,91,2008-08-15,2026-06-12,True
GSM,2011-08-08,2011-10-12,47,2009-07-30,2026-06-12,True
GT,2004-07-23,2026-02-09,4778,2004-01-02,2026-06-12,True
GTAT,2011-01-05,2020-09-18,382,2008-07-25,2021-11-02,False
GTEC,2021-02-19,2021-11-22,12,2018-08-08,2026-06-12,True
GTES,2021-10-07,2026-06-12,691,2018-01-25,2026-06-12,True
GTHX,2021-01-07,2021-09-03,167,2017-05-17,2024-09-18,False
GTLB,2022-01-10,2026-06-12,1110,2021-10-14,2026-06-12,True
GTLS,2008-07-01,2026-06-12,3020,2006-07-26,2026-06-12,True
GTM,2020-08-28,2026-01-14,1225,2020-06-04,2026-06-12,True
GTN,2017-12-15,2019-07-05,108,2004-01-02,2026-06-12,True
GTX,2018-12-12,2026-06-12,271,2018-09-17,2026-06-12,True
GVA,2006-09-08,2026-06-12,1690,2004-01-02,2026-06-12,True
GWB,2016-05-27,2022-02-02,28,2014-10-15,2022-02-02,False
GWH,2021-10-13,2022-01-06,60,2021-01-04,2026-06-12,True
GWPH,2014-03-13,2021-05-05,1800,2013-05-01,2021-05-05,False
GWR,2008-11-14,2020-01-02,1913,2004-01-02,2020-01-02,False
GWRE,2012-12-03,2026-06-12,3078,2012-01-25,2026-06-12,True
GWW,2004-03-30,2026-06-12,5587,2004-01-02,2026-06-12,True
GXO,2021-10-15,2026-06-12,1169,2021-07-22,2026-06-12,True
GXP-P-B,2007-08-15,2017-08-04,1811,2004-01-02,2017-08-16,False
H,2010-02-03,2026-06-12,2954,2009-11-05,2026-06-12,True
HA,2014-12-09,2024-09-18,1650,2004-01-02,2024-09-18,False
HABT,2015-02-19,2015-02-24,4,2014-11-20,2020-04-02,False
HAE,2008-10-28,2026-06-12,2245,2004-01-02,2026-06-12,True
HAIN,2012-05-15,2022-12-27,2600,2004-01-02,2026-06-12,True
HAL,2004-03-30,2026-06-12,5545,2004-01-02,2026-06-12,True
HALO,2013-12-11,2026-06-12,2148,2004-03-16,2026-06-12,True
HARP,2024-02-23,2024-03-11,12,2019-02-08,2024-03-11,False
HAS,2004-03-30,2026-06-12,5251,2004-01-02,2026-06-12,True
HASI,2020-03-23,2026-06-12,1526,2013-04-18,2026-06-12,True
HAYN,2007-07-27,2007-10-08,51,2007-03-21,2024-11-21,False
HAYW,2021-06-08,2026-06-12,888,2021-03-12,2026-06-12,True
HBAN,2004-07-23,2026-06-12,3342,2004-01-02,2026-06-12,True
HBHC,2011-08-11,2018-05-24,640,2004-01-02,2018-05-24,False
HBI,2006-11-30,2022-08-19,3421,2006-09-06,2026-06-12,True
HBM,2024-05-17,2026-06-12,230,2009-02-13,2026-06-12,True
HCA,2011-06-06,2026-06-12,3778,2011-03-10,2026-06-12,True
HCAT,2020-04-27,2021-12-27,334,2019-07-25,2026-06-12,True
HCBK,2005-06-08,2015-10-30,1531,2004-01-02,2015-10-30,False
HCC,2017-11-27,2026-06-12,1556,2017-04-10,2026-06-12,True
HCI,2025-05-14,2026-06-12,272,2008-09-15,2026-06-12,True
HCLP,2014-07-03,2018-10-12,375,2012-08-16,2019-05-31,False
HCN,2007-01-19,2018-02-27,2780,2004-01-02,2018-02-27,False
HCP,2022-03-08,2025-02-27,747,2021-12-09,2025-02-27,False
HCSG,2017-11-01,2022-05-10,649,2004-01-02,2026-06-12,True
HCT,2014-07-02,2015-01-16,130,2014-04-07,2015-01-16,False
HD,2004-03-30,2026-06-12,5587,2004-01-02,2026-06-12,True
HDB,2007-03-06,2026-06-12,4794,2004-01-02,2026-06-12,True
HDP,2018-06-20,2019-01-03,132,2014-12-12,2019-01-03,False
HDS,2013-09-23,2020-12-24,1829,2013-06-27,2020-12-24,False
HE,2008-12-04,2026-06-12,1037,2004-01-02,2026-06-12,True
HEES,2025-01-15,2025-06-02,95,2006-01-31,2025-06-02,False
HEI,2017-10-23,2026-06-12,2138,2004-01-02,2026-06-12,True
HEI-A,2019-04-25,2026-06-12,1794,2016-01-04,2026-06-12,True
HELE,2014-04-01,2025-12-24,2107,2004-01-02,2026-06-12,True
HES,2004-03-30,2025-07-18,5360,2004-01-02,2025-07-18,False
HESM,2022-03-21,2026-06-12,786,2017-04-05,2026-06-12,True
HEXO,2021-02-10,2021-02-10,1,2017-03-23,2023-06-22,False
HGV,2017-03-31,2026-06-12,2125,2017-01-04,2026-06-12,True
HHH,2013-07-08,2026-06-12,2060,2010-11-05,2026-06-12,True
HIBB,2008-07-15,2024-07-25,746,2004-01-02,2024-07-25,False
HIFR,2015-04-28,2015-04-28,1,2015-01-30,2019-05-16,False
HIFS,2025-08-12,2026-03-13,96,2004-01-02,2026-06-12,True
HIG,2004-03-30,2026-06-12,5530,2004-01-02,2026-06-12,True
HIG-WS,2004-03-30,2017-07-24,3295,2004-01-02,2019-06-21,False
HII,2011-06-16,2026-06-12,3181,2011-03-22,2026-06-12,True
HIMS,2021-02-04,2026-06-12,692,2019-09-13,2026-06-12,True
HIMX,2013-09-19,2026-06-12,601,2006-03-31,2026-06-12,True
HITT,2006-10-31,2014-07-22,59,2005-07-22,2014-07-22,False
HIW,2007-03-28,2026-06-12,4564,2004-01-02,2026-06-12,True
HKD,2022-10-10,2023-02-06,65,2022-07-15,2026-06-12,True
HL,2007-11-08,2026-06-12,318,2004-01-02,2026-06-12,True
HLF,2007-01-24,2026-06-03,4258,2004-12-16,2026-06-12,True
HLI,2020-03-23,2026-06-12,1557,2015-08-13,2026-06-12,True
HLIO,2026-03-04,2026-06-12,71,2004-01-02,2026-06-12,True
HLIT,2004-04-05,2026-06-12,310,2004-01-02,2026-06-12,True
HLMN,2021-09-21,2021-11-11,38,2020-12-03,2026-06-12,True
HLN,2024-08-29,2026-04-09,180,2022-07-22,2026-06-12,True
HLNE,2021-03-05,2026-06-12,699,2017-03-01,2026-06-12,True
HLSS,2013-02-01,2015-04-27,103,2012-02-29,2015-04-28,False
HLT,2014-03-12,2026-06-12,3083,2013-12-12,2026-06-12,True
HLX,2004-12-17,2026-05-20,2046,2004-01-02,2026-06-12,True
HMC,2007-02-05,2026-06-12,3406,2004-01-02,2026-06-12,True
HME,2007-03-01,2015-10-07,1901,2004-01-02,2015-10-07,False
HMHC,2015-05-18,2022-09-08,245,2013-11-14,2022-09-08,False
HMIN,2007-01-25,2011-11-03,318,2006-10-26,2016-04-04,False
HMSY,2011-12-16,2021-04-01,659,2004-01-02,2021-04-01,False
HMY,2004-03-30,2026-06-12,1687,2004-01-02,2026-06-12,True
HNGE,2025-08-19,2026-06-12,206,2025-05-22,2026-06-12,True
HNI,2025-08-14,2026-06-12,209,2004-01-02,2026-06-12,True
HNSN,2007-11-29,2008-01-04,25,2006-11-15,2016-07-28,False
HNST,2021-07-29,2021-09-10,23,2021-05-04,2026-06-12,True
HNT,2004-03-30,2016-04-01,2924,2004-01-02,2016-04-01,False
HNZ,2004-03-30,2013-08-30,2364,2004-01-02,2013-10-17,False
HOG,2004-03-30,2026-06-12,5581,2004-01-02,2026-06-12,True
HOLI,2023-12-18,2024-03-28,70,2008-10-22,2026-06-12,True
HOLO,2024-02-08,2025-05-28,21,2022-09-19,2026-06-12,True
HOLX,2005-11-03,2026-04-07,5132,2004-01-02,2026-04-07,True
HOMB,2017-06-05,2026-06-12,1149,2006-06-23,2026-06-12,True
HOME,2018-05-24,2021-07-27,515,2016-08-04,2021-07-27,False
HON,2004-03-30,2026-06-12,5587,2004-01-02,2026-06-12,True
HOOD,2021-10-22,2026-06-12,899,2021-07-29,2026-06-12,True
HOS,2007-01-08,2015-07-24,1321,2004-03-26,2019-12-20,False
HOUS,2013-01-10,2026-01-08,2010,2012-10-11,2026-01-08,True
HOV,2004-03-30,2025-09-08,957,2004-01-02,2026-06-12,True
HP,2005-03-31,2026-06-12,5335,2004-01-02,2026-06-12,True
HPC,2007-07-30,2007-10-12,54,2006-12-28,2008-11-24,False
HPE,2016-01-14,2026-06-12,2474,2015-10-19,2026-06-12,True
HPE-P-C,2024-12-05,2026-06-12,46,2024-09-11,2026-06-12,True
HPP,2015-04-08,2023-02-17,1774,2010-06-24,2026-06-12,True
HPQ,2004-03-30,2026-06-12,5567,2004-01-02,2026-06-12,True
HPTX,2015-04-08,2015-05-07,22,2012-07-26,2015-05-07,False
HPY,2013-05-17,2016-05-02,191,2005-08-15,2016-05-02,False
HQCL,2007-12-05,2010-11-10,265,2006-12-20,2019-01-16,False
HQY,2016-11-15,2026-06-12,2406,2014-07-31,2026-06-12,True
HR,2007-05-18,2026-06-12,2877,2004-01-02,2026-06-12,True
HRB,2004-03-30,2026-06-12,5587,2004-01-02,2026-06-12,True
HRC,2004-05-07,2021-12-13,2658,2004-01-02,2021-12-13,False
HRG,2017-02-15,2018-07-13,247,2004-01-02,2018-07-13,False
HRI,2007-02-15,2026-06-12,3144,2006-11-16,2026-06-12,True
HRL,2008-03-28,2026-06-12,4344,2004-01-02,2026-06-12,True
HRMY,2021-10-25,2026-06-12,797,2020-08-19,2026-06-12,True
HROW,2024-10-04,2026-06-12,256,2007-09-28,2026-06-12,True
HRTX,2015-06-08,2021-08-20,761,2004-01-02,2026-06-12,True
HSAI,2024-12-27,2026-06-12,365,2023-02-09,2026-06-12,True
HSBC,2004-03-30,2026-06-12,5587,2004-01-02,2026-06-12,True
HSEA,2008-06-27,2008-06-30,2,2008-04-03,2018-06-01,False
HSEB,2010-09-15,2010-12-08,52,2010-06-21,2018-06-01,False
HSIC,2004-03-30,2026-06-12,5292,2004-01-02,2026-06-12,True
HSII,2025-12-04,2026-03-02,19,2004-01-02,2026-06-12,True
HSKA,2023-04-10,2023-06-13,46,2004-01-02,2023-06-13,False
HSNI,2014-12-05,2018-01-02,187,2008-08-12,2018-01-02,False
HSP,2004-07-29,2015-09-02,2733,2004-05-03,2015-09-02,False
HST,2004-04-13,2026-06-12,5264,2004-01-02,2026-06-12,True
HSY,2004-03-30,2026-06-12,5587,2004-01-02,2026-06-12,True
HTFL,2026-01-16,2026-06-12,102,2025-08-08,2026-06-12,True
HTGC,2022-01-27,2026-06-12,522,2005-06-09,2026-06-12,True
HTH,2021-01-21,2022-08-26,163,2004-02-19,2026-06-12,True
HTHT,2017-07-28,2026-06-12,2231,2010-03-26,2026-06-12,True
HTO,2022-12-19,2026-06-12,159,2004-01-02,2026-06-12,True
HTS,2009-06-02,2016-07-20,946,2008-04-29,2016-07-20,False
HTT,2018-01-16,2018-06-22,81,2017-10-18,2026-06-12,True
HTWR,2016-06-29,2016-08-24,39,2016-01-04,2016-08-24,False
HTZ,2021-11-10,2024-01-02,502,2021-07-01,2026-06-12,True
HUBB,2016-03-23,2026-06-12,2534,2015-12-24,2026-06-12,True
HUBG,2022-04-20,2026-06-12,524,2004-01-02,2026-06-12,True
HUBS,2016-04-12,2026-06-12,2401,2014-10-09,2026-06-12,True
HUM,2004-03-30,2026-06-12,5569,2004-01-02,2026-06-12,True
HUN,2005-05-11,2026-06-12,4415,2005-02-14,2026-06-12,True
HURN,2007-08-10,2026-06-12,457,2004-10-13,2026-06-12,True
HUT,2021-09-03,2026-06-12,572,2018-03-08,2026-06-12,True
HUYA,2018-08-07,2021-11-12,774,2018-05-11,2026-06-12,True
HW,2004-06-04,2017-03-16,602,2004-01-02,2017-07-14,False
HWAY,2025-01-08,2025-04-04,60,2024-09-12,2026-06-12,True
HWC,2011-08-11,2026-06-12,1965,2004-01-02,2026-06-12,True
HWKN,2025-07-14,2026-06-12,232,2004-01-02,2026-06-12,True
HWM,2004-03-30,2026-06-12,4743,2004-01-02,2026-06-12,True
HXL,2006-03-13,2026-06-12,3748,2004-01-02,2026-06-12,True
HYFM,2021-03-10,2021-12-20,199,2020-12-10,2026-06-12,True
HYG,2008-12-09,2026-06-12,4404,2007-04-11,2026-06-12,True
HYH,2015-01-16,2018-06-29,260,2014-10-21,2018-06-29,False
HYLN,2020-06-29,2021-07-13,236,2019-04-22,2026-06-12,True
HYMC,2025-12-23,2026-06-12,118,2018-03-12,2026-06-12,True
HYPD,2025-06-27,2025-09-17,23,2018-01-25,2026-06-12,True
HZNP,2014-03-18,2023-10-06,2362,2011-07-28,2023-10-06,False
HZO,2021-02-24,2021-08-23,126,2004-01-02,2026-06-12,True
IAA,2019-09-11,2023-03-20,887,2019-06-17,2023-03-20,False
IACI,2004-03-30,2016-01-20,2964,2004-01-02,2016-01-20,False
IAG,2009-05-12,2026-06-12,1094,2004-01-02,2026-06-12,True
IART,2007-08-07,2024-12-03,2190,2004-01-02,2026-06-12,True
IAS,2023-08-07,2025-12-23,64,2021-06-30,2025-12-23,False
IBB,2004-03-30,2026-06-12,5587,2004-01-02,2026-06-12,True
IBIT,2024-04-09,2026-06-12,547,2024-01-11,2026-06-12,True
IBKC,2010-05-21,2020-07-01,929,2004-01-02,2020-07-01,False
IBKR,2007-07-31,2026-06-12,2772,2007-05-04,2026-06-12,True
IBM,2004-03-30,2026-06-12,5587,2004-01-02,2026-06-12,True
IBN,2005-12-02,2026-06-12,4205,2004-01-02,2026-06-12,True
IBOC,2025-03-12,2026-06-12,108,2004-01-02,2026-06-12,True
IBP,2020-10-06,2026-06-12,1268,2014-02-13,2026-06-12,True
IBRX,2020-07-09,2026-03-02,166,2015-07-28,2026-06-12,True
IBTA,2024-07-16,2025-06-13,120,2024-04-18,2026-06-12,True
IBTX,2020-01-16,2020-09-15,168,2013-04-04,2026-06-12,True
ICE,2006-02-14,2026-06-12,5114,2005-11-16,2026-06-12,True
ICFI,2024-11-20,2026-06-12,168,2006-09-28,2026-06-12,True
ICHR,2017-08-15,2026-06-12,322,2016-12-09,2026-06-12,True
ICLK,2021-02-09,2021-04-23,52,2017-12-21,2025-03-12,False
ICLR,2014-04-02,2026-06-12,3068,2004-01-02,2026-06-12,True
ICPT,2014-01-10,2026-03-26,1941,2012-10-11,2026-06-12,True
ICUI,2016-10-28,2026-06-12,2273,2004-01-02,2026-06-12,True
IDA,2007-08-10,2026-06-12,2142,2004-01-02,2026-06-12,True
IDC,2010-05-06,2010-08-11,68,2006-12-28,2011-08-08,False
IDCC,2004-03-30,2026-06-12,2741,2004-01-02,2026-06-12,True
IDIX,2012-02-01,2014-08-05,81,2004-07-22,2014-08-05,False
IDR,2025-10-21,2026-03-20,104,2011-02-23,2026-06-12,True
IDSA,2004-03-30,2004-05-26,41,2004-01-02,2019-12-30,False
IDTI,2004-03-30,2019-03-29,2272,2004-01-02,2019-03-29,False
IDXX,2004-06-08,2026-06-12,4138,2004-01-02,2026-06-12,True
IDYA,2023-11-16,2026-06-12,632,2019-05-23,2026-06-12,True
IE,2025-10-20,2026-06-12,163,2022-06-28,2026-06-12,True
IEA,2021-02-25,2021-04-08,30,2018-03-26,2022-10-07,False
IEF,2004-03-30,2026-06-12,5068,2004-01-02,2026-06-12,True
IEMG,2013-04-26,2026-06-12,3303,2012-10-24,2026-06-12,True
IEP,2013-12-06,2023-10-30,601,2004-01-02,2026-06-12,True
IESC,2024-05-22,2026-06-12,515,2004-01-02,2026-06-12,True
IEX,2007-08-10,2026-06-12,3373,2004-01-02,2026-06-12,True
IFF,2006-11-16,2026-06-12,4775,2004-01-02,2026-06-12,True
IFF 6,2018-12-10,2018-12-10,1,2018-09-13,2021-09-14,False
IGC,2018-10-02,2018-10-02,1,2006-04-13,2026-06-12,True
IGMS,2020-12-09,2022-06-24,121,2019-09-18,2025-08-14,False
IGTE,2015-04-28,2015-07-01,46,2004-01-02,2015-07-01,False
IGV,2014-06-13,2026-06-12,2460,2004-01-02,2026-06-12,True
IHG,2018-01-30,2026-06-12,457,2004-01-02,2026-06-12,True
IHRT,2021-04-14,2022-01-12,191,2019-05-07,2026-06-12,True
IHT,2021-06-08,2021-06-08,1,2004-01-02,2026-06-12,True
IIIN,2006-04-24,2006-06-22,43,2004-01-02,2026-06-12,True
IIN,2018-10-08,2018-11-09,19,2004-01-02,2022-05-24,False
IIPR,2019-03-01,2026-03-12,1462,2016-12-01,2026-06-12,True
IJH,2006-01-05,2026-06-12,5061,2004-01-02,2026-06-12,True
IJR,2004-03-30,2026-06-12,5587,2004-01-02,2026-06-12,True
ILMN,2006-06-23,2026-06-12,5016,2004-01-02,2026-06-12,True
IM,2016-03-31,2016-12-13,180,2016-01-04,2016-12-13,False
IMAX,2010-03-12,2026-06-12,1677,2004-01-02,2026-06-12,True
IMCR,2022-11-18,2024-09-04,215,2021-02-05,2026-06-12,True
IMGN,2015-06-03,2026-05-06,431,2004-01-02,2026-06-12,True
IMGO,2022-12-05,2023-01-11,26,2021-07-16,2023-01-11,False
IMMR,2007-08-06,2021-03-23,44,2004-01-02,2026-06-12,True
IMMU,2017-08-29,2020-10-23,789,2004-01-02,2020-10-23,False
IMNM,2025-11-20,2026-06-12,140,2020-10-02,2026-06-12,True
IMO,2008-03-12,2026-06-12,1541,2004-01-02,2026-06-12,True
IMPV,2014-04-11,2019-01-10,656,2011-11-09,2019-01-10,False
IMRN,2020-07-20,2020-08-21,24,2017-06-09,2026-06-12,True
IMS,2014-06-30,2016-10-11,362,2014-04-03,2016-10-11,False
IMSR,2026-01-26,2026-01-28,3,2025-10-28,2026-06-12,True
IMVT,2020-11-05,2026-06-12,835,2019-12-19,2026-06-12,True
INBS,2026-01-06,2026-01-20,10,2020-12-23,2026-06-12,True
INBX,2025-11-20,2026-06-12,84,2024-05-29,2026-06-12,True
INCR,2015-10-23,2018-01-05,516,2014-11-07,2026-06-12,True
INCY,2008-02-27,2026-06-12,4096,2004-01-02,2026-06-12,True
INDA,2014-11-19,2026-06-12,2907,2012-02-03,2026-06-12,True
INDB,2021-11-15,2026-06-12,360,2004-01-02,2026-06-12,True
INDO,2022-02-24,2022-08-24,74,2019-12-20,2026-06-12,True
INDP,2021-09-16,2021-09-17,2,2015-08-04,2026-06-12,True
INDV,2025-07-21,2026-06-12,227,2014-12-29,2026-06-12,True
INFA,2022-01-24,2026-06-12,497,2021-10-27,2026-06-12,True
INFN,2010-12-08,2021-04-15,525,2007-06-07,2025-02-28,False
INFQ,2026-05-13,2026-06-12,22,2026-02-17,2026-06-12,True
INFY,2004-03-30,2026-06-12,5405,2004-01-02,2026-06-12,True
ING,2006-01-26,2026-06-12,3673,2004-01-02,2026-06-12,True
INGM,2026-04-01,2026-06-12,51,2024-10-24,2026-06-12,True
INGN,2018-05-02,2020-06-02,484,2014-02-14,2026-06-12,True
INGR,2006-07-05,2026-06-12,4640,2004-01-02,2026-06-12,True
INHD,2026-06-09,2026-06-12,4,2023-12-14,2026-06-12,True
ININ,2016-10-03,2016-11-25,39,2016-01-04,2016-12-02,False
INKT,2025-07-14,2025-10-06,60,2021-10-15,2026-06-12,True
INMD,2019-11-01,2025-07-24,1326,2019-08-08,2026-06-12,True
INN,2017-07-07,2017-08-04,21,2011-02-09,2026-06-12,True
INN-P-B,2015-02-10,2017-06-06,78,2011-02-09,2017-12-08,False
INO,2014-08-04,2021-06-09,211,2004-01-02,2026-06-12,True
INOD,2024-11-13,2026-06-12,395,2004-01-02,2026-06-12,True
INSG,2004-04-29,2021-03-23,628,2004-01-02,2026-06-12,True
INSM,2017-09-07,2026-06-12,1931,2004-01-02,2026-06-12,True
INSP,2020-02-27,2026-06-12,1582,2018-05-03,2026-06-12,True
INSW,2022-10-19,2026-06-12,915,2016-12-01,2026-06-12,True
INTA,2023-06-26,2026-06-12,613,2021-06-30,2026-06-12,True
INTC,2004-03-30,2026-06-12,5587,2004-01-02,2026-06-12,True
INTR,2026-01-28,2026-01-28,1,2022-06-23,2026-06-12,True
INTU,2004-03-30,2026-06-12,5587,2004-01-02,2026-06-12,True
INVA,2013-03-08,2022-05-26,488,2004-10-05,2026-06-12,True
INVH,2017-04-28,2026-06-12,2291,2017-02-01,2026-06-12,True
INVN,2012-03-16,2017-06-29,842,2011-11-16,2026-06-12,True
INVX,2006-03-07,2019-04-30,2832,2004-01-02,2026-06-12,True
INXN,2015-06-05,2020-03-13,814,2011-01-28,2020-03-13,False
IOC,2007-02-07,2017-02-02,1558,2004-09-08,2017-03-02,False
IONQ,2021-10-20,2026-06-12,723,2021-01-04,2026-06-12,True
IONS,2006-12-13,2026-06-12,3614,2004-01-02,2026-06-12,True
IOSP,2025-03-24,2025-06-12,57,2004-01-02,2026-06-12,True
IOT,2022-03-14,2026-06-12,928,2021-12-15,2026-06-12,True
IOVA,2019-05-29,2024-11-11,930,2010-10-15,2026-06-12,True
IP,2004-03-30,2026-06-12,5528,2004-01-02,2026-06-12,True
IPAR,2023-05-10,2026-06-12,371,2004-01-02,2026-06-12,True
IPCM,2015-08-24,2015-11-20,64,2008-01-25,2015-11-20,False
IPG,2004-03-30,2025-11-26,4412,2004-01-02,2025-11-26,False
IPGP,2011-04-12,2026-06-12,3527,2006-12-13,2026-06-12,True
IPHI,2016-01-11,2021-04-20,1184,2010-11-12,2021-04-20,False
IPI,2008-07-17,2022-08-18,1055,2008-04-22,2026-06-12,True
IPM,2021-09-30,2021-10-01,2,2018-03-12,2026-06-12,True
IPOD,2021-02-26,2021-04-19,36,2020-11-30,2022-10-14,False
IPOF,2021-02-26,2022-10-14,114,2020-11-30,2022-10-14,False
IPXL,2004-05-06,2018-01-17,850,2004-01-02,2018-05-04,False
IQ,2018-06-25,2021-09-07,790,2018-03-29,2026-06-12,True
IQMM,2026-05-15,2026-06-12,20,2026-02-19,2026-06-12,True
IQNT,2009-05-08,2009-11-09,129,2007-11-02,2017-07-10,False
IQV,2013-08-05,2026-06-12,3147,2013-05-09,2026-06-12,True
IR,2017-08-08,2026-06-12,2172,2017-05-12,2026-06-12,True
IRDM,2018-07-25,2026-06-12,1638,2008-03-20,2026-06-12,True
IRE,2026-01-16,2026-06-12,71,2025-10-21,2026-06-12,True
IREN,2024-06-06,2026-06-12,357,2021-11-17,2026-06-12,True
IRF,2004-03-30,2015-01-13,1226,2004-01-02,2015-01-13,False
IRM,2004-11-19,2026-06-12,4959,2004-01-02,2026-06-12,True
IRON,2024-04-02,2026-06-12,335,2020-08-12,2026-06-12,True
IRT,2021-12-20,2026-06-12,1124,2013-08-13,2026-06-12,True
IRTC,2018-06-28,2026-06-12,2000,2016-10-20,2026-06-12,True
IRWD,2014-05-07,2024-02-28,1222,2010-02-03,2026-06-12,True
ISBC,2014-05-09,2022-09-16,1708,2005-10-12,2022-09-16,False
ISEE,2015-08-04,2023-07-11,763,2013-09-25,2023-07-11,False
ISIL,2004-03-30,2017-02-27,1927,2004-01-02,2017-02-27,False
ISIS,2006-12-13,2015-12-21,983,2004-01-02,2015-12-21,False
ISPC,2021-11-24,2021-12-28,23,2021-06-17,2026-06-12,True
ISPO,2022-02-18,2022-03-15,17,2021-02-09,2026-06-12,True
ISRG,2005-02-10,2026-06-12,5363,2004-01-02,2026-06-12,True
IT,2007-08-10,2026-06-12,3732,2004-01-02,2026-06-12,True
ITA,2018-02-15,2026-06-15,842,2006-05-05,2026-06-15,True
ITB,2012-11-16,2026-06-15,3413,2006-05-05,2026-06-15,True
ITC,2007-08-17,2016-10-24,1681,2005-07-26,2016-10-24,False
ITCI,2015-09-17,2025-04-02,1229,2014-01-07,2025-04-02,False
ITEK,2015-07-29,2015-10-16,46,2015-02-18,2018-01-04,False
ITG,2006-02-06,2019-02-11,718,2004-01-02,2019-02-28,False
ITGR,2019-04-26,2026-06-12,840,2004-01-02,2026-06-12,True
ITMN,2007-01-16,2014-09-29,674,2004-01-02,2014-09-29,False
ITOS,2022-01-25,2022-03-30,44,2020-07-24,2025-08-29,False
ITRI,2005-06-20,2026-06-12,2940,2004-01-02,2026-06-12,True
ITT,2004-03-30,2026-06-12,5298,2004-01-02,2026-06-12,True
ITUB,2005-11-10,2019-02-21,3002,2004-01-02,2026-06-12,True
ITW,2004-03-30,2026-06-12,5587,2004-01-02,2026-06-12,True
IUSB,2019-03-19,2026-06-12,1576,2014-06-12,2026-06-12,True
IVR,2010-12-30,2022-08-31,1151,2009-07-01,2026-06-12,True
IVT,2021-12-20,2022-08-17,92,2014-02-24,2026-06-12,True
IVVD,2021-11-01,2022-02-09,33,2021-08-06,2026-06-12,True
IVZ,2007-08-23,2026-06-12,4654,2004-01-02,2026-06-12,True
IWB,2005-07-27,2026-06-12,4951,2004-01-02,2026-06-12,True
IWD,2004-03-30,2026-06-12,5587,2004-01-02,2026-06-12,True
IWF,2004-03-30,2026-06-12,5448,2004-01-02,2026-06-12,True
IWM,2004-03-30,2026-06-12,5587,2004-01-02,2026-06-12,True
J,2005-08-12,2026-06-12,5241,2004-01-02,2026-06-12,True
JACK,2006-11-20,2025-12-24,3442,2004-01-02,2026-06-12,True
JAH,2016-03-31,2016-04-25,18,2016-01-04,2016-04-25,False
JAKK,2008-04-24,2008-05-15,16,2004-01-02,2026-06-12,True
JAMF,2020-10-15,2026-01-30,327,2020-07-22,2026-01-30,True
JANX,2024-03-01,2026-03-19,478,2021-06-11,2026-06-12,True
JAS,2008-07-08,2011-05-04,129,2006-12-28,2011-11-30,False
JASO,2007-05-04,2014-09-18,458,2007-02-07,2018-07-17,False
JAVA,2024-11-19,2026-06-12,299,2021-10-05,2026-06-12,True
JAZZ,2011-03-30,2026-06-12,3824,2007-06-01,2026-06-12,True
JBGS,2017-10-11,2025-11-11,1111,2017-07-18,2026-06-12,True
JBHT,2004-04-15,2026-06-12,5576,2004-01-02,2026-06-12,True
JBI,2024-01-19,2024-10-28,173,2019-12-20,2026-06-12,True
JBL,2004-03-30,2026-06-12,5351,2004-01-02,2026-06-12,True
JBLU,2004-03-30,2022-06-08,2762,2004-01-02,2026-06-12,True
JBS,2025-09-10,2026-06-12,191,2025-06-13,2026-06-12,True
JBTM,2017-04-11,2026-06-12,1276,2008-07-22,2026-06-12,True
JCI,2004-03-30,2026-06-12,5587,2004-01-02,2026-06-12,True
JD,2014-08-18,2026-06-12,2973,2014-05-22,2026-06-12,True
JDSU,2006-10-17,2015-08-03,1786,2004-01-02,2015-08-03,False
JEF,2005-02-15,2026-06-12,4826,2004-01-02,2026-06-12,True
JEF-1,2007-03-28,2013-05-08,1476,2006-12-28,2013-10-17,False
JELD,2017-04-25,2022-07-06,421,2017-01-27,2026-06-12,True
JFIN,2021-03-22,2021-03-23,2,2019-05-10,2026-06-12,True
JGLO,2024-02-26,2026-03-10,206,2023-09-14,2026-06-12,True
JHG,2004-03-30,2026-06-12,4499,2004-01-02,2026-06-12,True
JHX,2025-04-03,2026-06-12,300,2004-01-02,2026-06-12,True
JJSF,2019-10-22,2026-06-12,244,2004-01-02,2026-06-12,True
JKHY,2008-02-28,2026-06-12,3146,2004-01-02,2026-06-12,True
JKS,2010-11-01,2026-02-13,2104,2010-05-14,2026-06-12,True
JLL,2006-04-10,2026-06-12,5042,2004-01-02,2026-06-12,True
JMEI,2014-08-12,2015-12-24,202,2014-05-16,2020-04-14,False
JMIA,2019-07-10,2026-02-10,488,2019-04-12,2026-06-12,True
JMTG,2026-01-15,2026-06-12,103,2025-06-30,2026-06-12,True
JNJ,2004-03-30,2026-06-12,5587,2004-01-02,2026-06-12,True
JNPR,2004-03-30,2025-07-02,5349,2004-01-02,2025-07-02,False
JNS,2004-03-30,2017-05-30,2260,2004-01-02,2017-05-30,False
JNY,2004-03-30,2014-04-02,1694,2004-01-02,2014-04-09,False
JOBS,2004-12-23,2022-09-08,476,2004-09-29,2022-09-08,False
JOBY,2021-02-26,2026-06-04,236,2020-11-09,2026-06-12,True
JOE,2005-01-11,2021-03-12,1503,2004-01-02,2026-06-12,True
JOSB,2006-01-09,2014-06-26,939,2004-01-02,2014-06-26,False
JOYY,2013-07-12,2026-06-12,2674,2012-11-21,2026-06-12,True
JPM,2004-03-30,2026-06-12,5587,2004-01-02,2026-06-12,True
JPM-P-C,2019-04-15,2019-04-15,1,2019-01-17,2026-06-12,True
JPM-P-F,2015-05-06,2015-05-12,5,2015-02-06,2020-02-28,False
JPM-P-K,2021-06-07,2021-06-07,1,2021-03-11,2026-06-12,True
JPM-P-L,2021-08-09,2021-08-11,3,2021-05-13,2026-06-12,True
JPM-P-M,2021-10-28,2021-11-23,19,2021-08-04,2026-06-12,True
JPST,2018-07-05,2026-06-12,1996,2017-05-19,2026-06-12,True
JUNO,2015-03-19,2018-03-06,747,2014-12-19,2018-03-06,False
JVA,2011-07-20,2011-09-26,48,2005-05-03,2026-06-12,True
JWN,2004-03-30,2025-05-20,5315,2004-01-02,2025-05-20,False
JXN,2021-11-26,2026-06-12,1140,2021-09-01,2026-06-12,True
JYNT,2021-07-01,2021-08-30,42,2014-11-11,2026-06-12,True
KAI,2023-12-21,2026-06-12,597,2004-01-02,2026-06-12,True
KALA,2022-12-30,2023-03-31,62,2017-07-20,2026-06-12,True
KALU,2007-08-23,2026-06-12,219,2006-07-07,2026-06-12,True
KALV,2021-02-10,2026-06-12,96,2015-04-09,2026-06-12,True
KATE,2004-03-30,2017-07-12,2411,2004-01-02,2017-07-12,False
KB,2005-11-01,2026-06-12,936,2004-01-02,2026-06-12,True
KBH,2004-03-30,2026-06-12,5327,2004-01-02,2026-06-12,True
KBR,2007-02-15,2026-06-12,4810,2006-11-16,2026-06-12,True
KC,2020-08-04,2026-06-12,669,2020-05-08,2026-06-12,True
KCG,2017-04-24,2017-06-13,36,2013-06-28,2017-08-17,False
KCI,2004-07-27,2012-01-24,1705,2004-02-25,2012-11-12,False
KD,2022-01-19,2026-06-12,1046,2021-10-22,2026-06-12,True
KDN,2007-08-20,2008-12-12,238,2004-01-02,2013-10-16,False
KDNY,2015-07-10,2023-08-11,43,2015-04-15,2023-08-11,False
KDP,2008-07-23,2026-06-12,4501,2008-04-28,2026-06-12,True
KEP,2007-08-20,2008-05-09,124,2004-01-02,2026-06-12,True
KERX,2013-10-18,2015-06-04,390,2004-01-02,2018-12-12,False
KEX,2006-07-03,2026-06-12,4025,2004-01-02,2026-06-12,True
KEY,2004-03-30,2026-06-12,4409,2004-01-02,2026-06-12,True
KEYS,2015-01-15,2026-06-12,2688,2014-10-20,2026-06-12,True
KFN,2013-12-19,2014-03-17,59,2010-02-16,2014-05-01,False
KFY,2018-04-19,2026-06-12,909,2004-01-02,2026-06-12,True
KGC,2006-03-02,2026-06-12,1894,2004-01-02,2026-06-12,True
KGS,2024-10-07,2026-06-12,411,2023-06-29,2026-06-12,True
KHC,2015-09-29,2026-06-12,2692,2015-07-06,2026-06-12,True
KIM,2004-06-18,2026-06-12,5160,2004-01-02,2026-06-12,True
KIRK,2021-01-26,2021-04-20,59,2004-01-02,2025-07-28,False
KITE,2014-12-12,2017-10-19,719,2014-06-20,2017-10-19,False
KKD,2004-03-30,2016-08-04,483,2004-01-02,2016-08-04,False
KKR,2010-12-21,2026-06-12,3613,2010-07-15,2026-06-12,True
KKR-P-C,2020-11-05,2023-09-14,11,2020-08-12,2023-09-14,False
KKR-P-D,2025-05-30,2026-05-06,97,2025-03-05,2026-06-12,True
KL,2018-09-21,2022-02-08,852,2016-12-06,2022-02-08,False
KLAC,2004-03-30,2026-06-12,5587,2004-01-02,2026-06-12,True
KLAR,2025-12-04,2026-06-12,131,2025-09-10,2026-06-12,True
KLIC,2004-03-30,2026-06-12,1282,2004-01-02,2026-06-12,True
KLMN,2025-04-08,2026-06-12,150,2024-12-11,2026-06-12,True
KLXI,2015-03-03,2018-10-09,458,2014-12-03,2018-10-09,False
KMB,2004-03-30,2026-06-12,5587,2004-01-02,2026-06-12,True
KMG,2018-10-08,2018-11-15,28,2004-01-02,2018-12-14,False
KMI,2011-05-10,2026-06-12,3795,2011-02-11,2026-06-12,True
KMI-P-A,2016-02-02,2016-04-01,42,2015-11-04,2018-10-26,False
KMI-WS,2011-05-10,2014-09-19,847,2011-02-11,2017-05-19,False
KMP,2007-08-06,2014-12-04,1837,2004-01-02,2014-12-04,False
KMPR,2018-05-11,2026-06-12,1221,2004-01-02,2026-06-12,True
KMR,2008-10-30,2014-12-04,889,2004-01-02,2014-12-04,False
KMT,2006-05-26,2026-06-12,4014,2004-01-02,2026-06-12,True
KMX,2004-03-30,2026-06-12,5491,2004-01-02,2026-06-12,True
KN,2014-05-13,2026-06-12,599,2014-02-14,2026-06-12,True
KNBE,2021-08-30,2023-02-01,191,2021-04-22,2023-02-01,False
KND,2004-03-30,2015-06-11,320,2004-01-02,2018-07-02,False
KNDI,2014-01-21,2020-11-27,248,2007-09-04,2026-06-12,True
KNF,2023-08-28,2026-06-12,701,2023-06-01,2026-06-12,True
KNL,2021-04-26,2021-07-21,61,2004-12-14,2026-06-12,True
KNSA,2025-06-30,2026-06-12,156,2018-05-24,2026-06-12,True
KNSL,2019-11-18,2026-06-12,1519,2016-07-28,2026-06-12,True
KNTK,2024-03-28,2026-06-12,518,2017-05-02,2026-06-12,True
KNX,2008-07-21,2026-06-12,3139,2004-01-02,2026-06-12,True
KNXA,2012-08-30,2012-12-10,69,2005-06-24,2013-10-17,False
KO,2004-03-30,2026-06-12,5587,2004-01-02,2026-06-12,True
KOD,2019-12-05,2026-06-12,545,2018-10-04,2026-06-12,True
KODK,2018-01-18,2021-06-08,34,2013-09-23,2026-06-12,True
KOF,2012-07-26,2026-05-12,147,2004-01-02,2026-06-12,True
KOPN,2021-02-17,2021-04-09,18,2004-01-02,2026-06-12,True
KOSS,2021-01-28,2024-07-16,150,2004-01-02,2026-06-12,True
KPLT,2021-03-10,2021-03-18,7,2019-12-30,2026-06-12,True
KPTI,2019-09-10,2022-03-01,297,2013-11-06,2026-06-12,True
KR,2004-03-30,2026-06-12,5587,2004-01-02,2026-06-12,True
KRA,2011-06-06,2021-12-21,114,2009-12-17,2022-03-18,False
KRC,2006-07-03,2026-06-12,4734,2004-01-02,2026-06-12,True
KRC-P-H,2006-07-03,2014-10-08,1798,2004-01-02,2017-08-14,False
KRE,2007-02-26,2026-06-12,4856,2006-06-22,2026-06-12,True
KRFT,2012-12-13,2015-07-10,647,2012-09-17,2015-07-10,False
KRG,2014-08-12,2026-06-12,1303,2004-08-11,2026-06-12,True
KRMN,2025-05-12,2026-06-12,274,2025-02-13,2026-06-12,True
KRNT,2021-02-18,2022-11-01,431,2015-04-02,2026-06-12,True
KRO,2011-07-11,2011-09-20,47,2004-01-02,2026-06-12,True
KROS,2024-02-15,2025-03-13,151,2020-04-08,2026-06-12,True
KRTX,2019-11-19,2026-05-05,912,2019-06-28,2026-06-12,True
KRUS,2025-07-10,2026-06-12,103,2019-08-01,2026-06-12,True
KRYS,2021-11-30,2026-06-12,828,2017-09-20,2026-06-12,True
KS,2014-02-14,2018-12-14,913,2005-09-14,2018-12-14,False
KSPI,2024-04-16,2026-06-12,542,2024-01-19,2026-06-12,True
KSS,2004-03-30,2026-06-12,5497,2004-01-02,2026-06-12,True
KSU,2006-02-21,2021-12-13,3880,2004-01-02,2021-12-13,False
KT,2008-01-17,2026-06-12,674,2004-01-02,2026-06-12,True
KTB,2019-08-06,2026-06-12,1377,2019-05-09,2026-06-12,True
KTOS,2017-09-11,2026-06-12,1207,2004-01-02,2026-06-12,True
KURA,2020-11-06,2026-01-02,203,2015-11-05,2026-06-12,True
KVUE,2023-08-01,2026-06-12,720,2023-05-04,2026-06-12,True
KVYO,2023-12-14,2026-06-12,625,2023-09-20,2026-06-12,True
KW,2017-11-08,2023-06-13,149,2007-12-03,2026-06-12,True
KWEB,2017-09-01,2026-06-12,2204,2013-08-01,2026-06-12,True
KWR,2020-03-03,2026-06-12,431,2004-01-02,2026-06-12,True
KYMR,2021-05-14,2026-06-12,678,2020-08-21,2026-06-12,True
KYNB,2017-08-09,2023-04-04,1057,2014-11-14,2026-06-12,True
KYTH,2015-03-31,2015-10-02,130,2012-10-16,2015-10-02,False
KZR,2022-01-12,2022-02-11,22,2018-06-21,2026-05-11,True
L,2004-03-30,2026-06-12,5561,2004-01-02,2026-06-12,True
LAC,2025-10-14,2025-10-14,1,2023-10-02,2026-06-12,True
LAD,2013-08-26,2026-06-12,3193,2004-01-02,2026-06-12,True
LADR,2018-02-14,2020-06-08,49,2014-02-06,2026-06-12,True
LAKE,2014-10-10,2020-09-15,135,2004-01-02,2026-06-12,True
LAMR,2004-03-30,2026-06-12,5335,2004-01-02,2026-06-12,True
LAR,2026-04-30,2026-06-03,17,2023-10-04,2026-06-12,True
LASR,2025-09-04,2026-06-12,195,2018-04-26,2026-06-12,True
LAUR,2019-09-19,2026-06-12,408,2017-02-01,2026-06-12,True
LAW,2021-10-14,2021-12-07,17,2021-07-21,2026-06-12,True
LAZ,2005-08-01,2026-06-12,4679,2005-05-05,2026-06-12,True
LB,2024-11-25,2026-06-12,387,2024-06-28,2026-06-12,True
LBPH,2024-01-04,2024-12-02,124,2021-03-12,2024-12-02,False
LBRDA,2020-06-01,2023-01-12,295,2014-11-04,2026-06-12,True
LBRDK,2015-02-02,2026-06-12,2591,2014-11-04,2026-06-12,True
LBRT,2021-06-29,2026-06-12,1116,2018-01-11,2026-06-12,True
LBTYA,2004-08-30,2026-06-12,5421,2004-06-03,2026-06-12,True
LBTYK,2005-12-02,2025-03-07,3515,2005-09-08,2026-06-12,True
LC,2015-03-11,2026-06-12,973,2014-12-11,2026-06-12,True
LCC,2007-03-28,2013-12-06,242,2006-12-28,2013-12-06,False
LCID,2021-01-12,2026-03-25,617,2020-09-18,2026-06-12,True
LCIDW,2021-02-18,2021-04-29,41,2020-09-18,2021-10-12,False
LCII,2016-09-13,2026-06-12,1387,2004-01-02,2026-06-12,True
LDL,2021-08-03,2021-09-15,31,2004-01-02,2021-10-04,False
LDOS,2007-01-11,2026-06-12,4645,2006-10-13,2026-06-12,True
LE,2014-10-29,2015-03-04,86,2014-03-20,2026-06-12,True
LEA,2010-02-05,2026-06-12,4113,2009-11-09,2026-06-12,True
LECO,2006-07-03,2026-06-12,3420,2004-01-02,2026-06-12,True
LEDS,2021-05-28,2021-09-01,38,2010-12-09,2026-06-12,True
LEG,2005-09-26,2026-06-12,4687,2004-01-02,2026-06-12,True
LEGN,2021-07-28,2026-06-12,1163,2020-06-05,2026-06-12,True
LEN,2004-03-30,2026-06-12,5406,2004-01-02,2026-06-12,True
LENZ,2025-10-08,2026-02-20,93,2021-06-25,2026-06-12,True
LESL,2021-01-27,2023-07-11,597,2020-10-29,2026-06-12,True
LEU,2024-10-18,2026-06-12,413,2004-01-02,2026-06-12,True
LEVI,2019-06-17,2026-06-12,1678,2019-03-21,2026-06-12,True
LEXEA,2018-07-30,2019-07-15,97,2016-11-04,2019-07-26,False
LFGR,2011-04-21,2011-05-26,24,2011-01-26,2018-08-10,False
LFL,2012-08-27,2012-09-12,12,2004-01-02,2017-05-12,False
LFMD,2021-04-06,2025-08-05,27,2004-01-02,2026-06-12,True
LFST,2021-09-03,2021-10-19,24,2021-06-10,2026-06-12,True
LFUS,2016-11-29,2026-06-12,2158,2004-01-02,2026-06-12,True
LFWD,2014-12-08,2014-12-10,3,2014-09-12,2026-06-12,True
LGF,2016-03-31,2016-12-16,182,2016-01-04,2016-12-16,False
LGF-A,2017-03-09,2021-08-20,148,2016-12-09,2025-05-06,False
LGIH,2017-12-21,2026-06-12,1627,2013-11-07,2026-06-12,True
LGN,2025-12-08,2026-06-12,129,2025-09-12,2026-06-12,True
LGND,2004-03-30,2026-06-12,2131,2004-01-02,2026-06-12,True
LGVN,2021-11-19,2022-04-29,47,2021-02-12,2026-06-12,True
LH,2004-03-30,2026-06-12,5586,2004-01-02,2026-06-12,True
LHCG,2018-04-30,2023-02-22,1213,2005-06-09,2023-02-22,False
LHO,2007-04-20,2018-11-30,2103,2004-01-02,2018-11-30,False
LHO-P-H-CL,2007-04-20,2017-05-12,1711,2004-01-02,2017-05-12,False
LHX,2004-03-30,2026-06-12,5470,2004-01-02,2026-06-12,True
LI,2020-10-23,2026-06-12,1415,2020-07-30,2026-06-12,True
LIF,2025-04-07,2026-06-12,298,2024-06-06,2026-06-12,True
LII,2007-05-03,2026-06-12,4308,2004-01-02,2026-06-12,True
LILA,2016-08-09,2016-09-28,36,2015-07-02,2026-06-12,True
LILAK,2016-07-07,2017-08-24,209,2015-07-02,2026-06-12,True
LIN,2018-12-27,2026-06-12,1875,2018-10-01,2026-06-12,True
LINC,2026-05-08,2026-06-12,25,2005-06-23,2026-06-12,True
LINE,2024-10-18,2026-06-12,413,2024-07-25,2026-06-12,True
LION,2026-03-06,2026-06-12,50,2025-05-05,2026-06-12,True
LITE,2016-07-26,2026-06-12,2485,2015-08-04,2026-06-12,True
LIVN,2016-01-14,2026-06-12,2380,2015-10-19,2026-06-12,True
LKFT,2017-07-12,2022-05-31,572,2015-05-14,2026-06-12,True
LKM,2013-08-20,2014-05-14,183,2011-05-05,2019-02-06,False
LKQ,2007-08-20,2026-06-12,3980,2004-01-02,2026-06-12,True
LLTC,2016-03-31,2017-03-20,244,2016-01-04,2017-03-20,False
LLY,2004-03-30,2026-06-12,5587,2004-01-02,2026-06-12,True
LLY-WD,2004-03-31,2019-03-13,3754,2004-01-02,2019-03-13,False
LLYVA,2026-06-02,2026-06-12,7,2025-12-16,2026-06-12,True
LLYVK,2026-03-16,2026-06-12,63,2025-12-16,2026-06-12,True
LM,2004-03-30,2020-07-31,4114,2004-01-02,2020-07-31,False
LMAT,2025-04-10,2026-06-12,87,2006-10-19,2026-06-12,True
LMB,2025-05-07,2026-06-12,151,2016-01-21,2026-06-12,True
LMCA,2013-04-09,2016-06-06,788,2013-01-10,2017-01-24,False
LMND,2020-09-28,2026-06-12,1296,2020-07-02,2026-06-12,True
LMNX,2020-05-13,2025-10-27,196,2004-01-02,2026-06-12,True
LMT,2004-03-30,2026-06-12,5587,2004-01-02,2026-06-12,True
LN,2016-10-07,2017-02-02,80,2016-07-14,2026-06-12,True
LNC,2004-03-30,2026-06-12,5550,2004-01-02,2026-06-12,True
LNC-WS,2004-03-30,2017-07-10,3143,2004-01-02,2019-07-05,False
LNCE,2016-01-15,2018-03-27,254,2004-01-02,2018-03-27,False
LNG,2004-12-10,2026-06-12,4312,2004-01-02,2026-06-12,True
LNKD,2011-08-15,2016-12-16,1346,2011-05-19,2016-12-16,False
LNN,2008-02-27,2026-06-12,270,2004-01-02,2026-06-12,True
LNT,2006-08-04,2026-06-12,4595,2004-01-02,2026-06-12,True
LNTH,2022-03-01,2026-06-12,1076,2015-06-25,2026-06-12,True
LO,2005-12-06,2015-06-22,2375,2004-01-02,2015-06-22,False
LOAR,2024-07-23,2026-06-12,401,2024-04-25,2026-06-12,True
LOB,2021-04-01,2022-06-10,182,2015-07-23,2026-06-12,True
LOCK,2016-07-26,2017-02-16,77,2016-01-04,2017-02-16,False
LOCO,2014-10-20,2015-08-11,204,2014-07-25,2026-06-12,True
LOGC,2021-03-16,2021-08-10,71,2020-12-16,2026-06-12,True
LOGI,2007-02-02,2026-06-12,2334,2004-01-02,2026-06-12,True
LOGM,2011-05-02,2020-08-31,1078,2009-07-01,2020-08-31,False
LOPE,2017-01-12,2026-06-12,2253,2008-11-20,2026-06-12,True
LOTZ,2021-01-25,2021-03-01,12,2019-05-09,2023-01-03,False
LOVE,2021-03-04,2022-06-24,292,2018-06-27,2026-06-12,True
LOW,2004-03-30,2026-06-12,5587,2004-01-02,2026-06-12,True
LOXO,2017-06-15,2019-02-15,421,2014-08-01,2019-02-15,False
LPG,2023-10-10,2026-06-12,280,2014-05-08,2026-06-12,True
LPL,2005-08-09,2011-08-15,950,2004-07-22,2026-06-12,True
LPLA,2012-06-25,2026-06-12,3218,2010-11-18,2026-06-12,True
LPNT,2004-07-07,2018-11-16,2355,2004-01-02,2018-11-16,False
LPRO,2020-09-28,2022-03-08,364,2018-03-06,2026-06-12,True
LPSN,2019-04-08,2022-06-29,766,2004-01-02,2026-06-12,True
LPT,2004-04-08,2020-02-03,3580,2004-01-02,2020-02-03,False
LPTH,2026-01-23,2026-06-12,94,2004-01-02,2026-06-12,True
LPX,2004-03-30,2026-06-12,4624,2004-01-02,2026-06-12,True
LQ,2014-12-23,2026-06-05,488,2014-04-09,2026-06-12,True
LQD,2005-02-07,2026-06-12,4615,2004-01-02,2026-06-12,True
LQDA,2025-05-27,2026-06-12,264,2018-07-26,2026-06-12,True
LQDT,2012-04-17,2014-06-26,304,2006-02-27,2026-06-12,True
LRCX,2004-03-30,2026-06-12,5587,2004-01-02,2026-06-12,True
LRN,2020-07-16,2026-06-12,1064,2007-12-13,2026-06-12,True
LSCC,2019-03-19,2026-06-12,1820,2004-01-02,2026-06-12,True
LSI,2015-03-02,2023-07-19,2086,2004-01-02,2023-07-19,False
LSPD,2021-01-14,2024-05-02,542,2019-08-13,2026-06-12,True
LSTR,2005-04-15,2026-06-12,4216,2004-01-02,2026-06-12,True
LSXMA,2016-07-13,2026-02-25,1665,2016-04-18,2026-06-12,True
LSXMK,2016-07-13,2026-03-24,1997,2016-04-18,2026-06-12,True
LTBR,2025-02-18,2026-01-29,166,2004-01-02,2026-06-12,True
LTH,2024-08-07,2026-06-12,464,2021-10-07,2026-06-12,True
LTM,2007-03-02,2026-06-12,476,2004-01-02,2026-06-12,True
LTM1,2007-03-16,2015-06-10,1021,2004-07-26,2015-06-10,False
LTXB,2019-09-10,2019-09-11,2,2006-10-03,2019-10-31,False
LU,2021-01-28,2021-07-07,111,2020-10-30,2026-06-12,True
LUCK,2023-03-28,2023-11-30,124,2021-04-23,2026-06-12,True
LUK,2005-02-15,2018-05-23,2802,2004-01-02,2018-05-23,False
LULU,2007-10-22,2026-06-12,4366,2007-07-27,2026-06-12,True
LUMN,2004-03-30,2026-06-02,4548,2004-01-02,2026-06-12,True
LUMO,2014-03-21,2017-10-20,315,2011-11-11,2024-12-12,False
LUNG,2021-05-19,2021-07-19,36,2020-10-01,2026-06-12,True
LUNR,2023-03-10,2026-06-12,333,2021-11-17,2026-06-12,True
LUV,2004-03-30,2026-06-12,4978,2004-01-02,2026-06-12,True
LUXE,2021-04-19,2021-04-19,1,2021-01-21,2026-06-12,True
LVGO,2019-10-18,2020-10-30,262,2019-07-25,2020-10-30,False
LVLT,2011-10-20,2017-11-01,1519,2004-01-02,2017-11-01,False
LVNTA,2012-11-07,2018-03-12,1330,2012-08-10,2018-03-12,False
LVS,2005-03-14,2026-06-12,5176,2004-12-15,2026-06-12,True
LW,2017-02-08,2026-06-12,2349,2016-11-10,2026-06-12,True
LWLG,2026-04-10,2026-06-11,42,2007-07-13,2026-06-12,True
LX,2020-01-23,2025-04-02,79,2017-12-21,2026-06-12,True
LXFT,2016-02-09,2019-04-22,191,2013-06-26,2019-06-28,False
LXK,2016-03-31,2016-11-29,140,2016-01-04,2016-11-29,False
LXP,2013-03-14,2026-06-12,1003,2004-01-02,2026-06-12,True
LXRX,2015-10-01,2015-10-27,19,2004-01-02,2026-06-12,True
LXU,2022-05-20,2026-06-12,40,2004-01-02,2026-06-12,True
LYB,2010-07-23,2026-06-12,3997,2010-04-28,2026-06-12,True
LYFT,2019-06-25,2026-06-12,1676,2019-03-29,2026-06-12,True
LYG,2008-02-25,2008-10-22,126,2004-01-02,2026-06-12,True
LYV,2007-07-23,2026-06-12,3360,2005-12-21,2026-06-12,True
LZ,2021-09-24,2025-12-29,65,2021-06-30,2026-06-12,True
LZB,2021-03-09,2025-10-07,148,2004-01-02,2026-06-12,True
M,2004-03-30,2026-06-12,5313,2004-01-02,2026-06-12,True
MA,2006-08-21,2026-06-12,4984,2006-05-25,2026-06-12,True
MAA,2008-07-30,2026-06-12,3945,2004-01-02,2026-06-12,True
MAC,2005-02-24,2026-06-12,4867,2004-01-02,2026-06-12,True
MACK,2014-12-09,2014-12-23,9,2012-03-29,2024-05-28,False
MAIN,2020-03-25,2026-06-12,430,2007-10-09,2026-06-12,True
MAN,2004-03-30,2026-06-12,5550,2004-01-02,2026-06-12,True
MANE,2026-05-01,2026-06-12,30,2026-02-04,2026-06-12,True
MANH,2014-03-20,2026-06-12,2902,2004-01-02,2026-06-12,True
MANT,2008-12-09,2022-09-16,257,2004-01-02,2022-09-16,False
MANU,2022-11-28,2024-05-06,340,2012-08-10,2026-06-12,True
MAR,2004-03-30,2026-06-12,5587,2004-01-02,2026-06-12,True
MARA,2020-12-21,2026-06-12,1089,2012-05-04,2026-06-12,True
MAS,2004-03-30,2026-06-12,5358,2004-01-02,2026-06-12,True
MASI,2008-08-06,2026-06-10,2552,2007-08-08,2026-06-10,True
MASS,2021-03-18,2021-03-18,1,2020-12-18,2026-06-12,True
MAT,2004-03-30,2026-06-12,5497,2004-01-02,2026-06-12,True
MATV,2010-01-20,2010-07-09,118,2004-01-02,2026-06-12,True
MATX,2004-12-02,2026-06-12,2464,2004-01-02,2026-06-12,True
MAXR,2018-08-02,2023-05-08,741,2009-02-13,2023-05-08,False
MAZE,2026-03-11,2026-06-12,66,2025-01-31,2026-06-12,True
MBC,2024-04-25,2026-02-27,57,2022-12-09,2026-06-12,True
MBFI,2016-08-30,2019-03-21,307,2004-01-02,2019-03-21,False
MBI,2004-03-30,2014-09-12,1715,2004-01-02,2026-06-12,True
MBLY,2023-01-24,2026-06-04,765,2022-10-26,2026-06-12,True
MBT,2004-03-30,2020-03-04,3020,2004-01-02,2026-06-12,True
MBX,2025-10-08,2026-04-15,130,2024-09-13,2026-06-12,True
MC,2018-03-16,2026-06-12,1745,2014-04-16,2026-06-12,True
MCB,2023-05-30,2023-06-07,7,2017-11-08,2026-06-12,True
MCD,2004-03-30,2026-06-12,5587,2004-01-02,2026-06-12,True
MCFE,2021-01-20,2022-09-16,300,2020-10-22,2022-09-16,False
MCHP,2004-03-30,2026-06-12,5587,2004-01-02,2026-06-12,True
MCHPP,2025-06-23,2026-04-22,64,2025-03-26,2026-06-12,True
MCK,2004-03-30,2026-06-12,5587,2004-01-02,2026-06-12,True
MCO,2004-03-30,2026-06-12,5587,2004-01-02,2026-06-12,True
MCP,2010-10-22,2013-01-09,520,2010-07-29,2015-06-24,False
MCRB,2020-08-11,2021-05-12,187,2015-06-26,2026-06-12,True
MCRN,2019-08-06,2019-10-15,50,2015-06-25,2019-11-22,False
MCRS,2005-07-21,2014-09-08,1009,2004-01-02,2014-09-08,False
MCW,2021-09-21,2022-12-08,9,2021-06-25,2026-05-19,True
MCY,2018-03-26,2026-06-12,357,2004-01-02,2026-06-12,True
MD,2004-11-12,2026-01-30,2803,2004-01-02,2026-06-12,True
MDA,2026-06-03,2026-06-12,8,2017-10-05,2026-06-12,True
MDAS,2015-12-21,2016-01-28,21,2007-12-12,2016-01-28,False
MDB,2018-04-20,2026-06-12,2048,2017-10-19,2026-06-12,True
MDC,2004-03-30,2024-04-19,3441,2004-01-02,2024-04-19,False
MDCO,2004-04-27,2020-01-06,1872,2004-01-02,2020-01-06,False
MDGL,2018-02-02,2026-06-12,1315,2007-02-06,2026-06-12,True
MDIA,2021-08-10,2021-10-04,6,2020-01-06,2026-06-12,True
MDLA,2019-10-14,2021-10-29,517,2019-07-19,2021-10-29,False
MDLN,2026-03-17,2026-06-12,62,2025-12-17,2026-06-12,True
MDLZ,2004-03-30,2026-06-12,5587,2004-01-02,2026-06-12,True
MDP,2007-07-10,2021-12-01,1347,2004-01-02,2021-12-01,False
MDR,2004-11-11,2019-07-29,2223,2004-01-02,2020-01-22,False
MDSO,2013-09-23,2019-10-28,1223,2009-06-25,2019-10-28,False
MDT,2004-03-30,2026-06-12,5587,2004-01-02,2026-06-12,True
MDU,2007-06-18,2026-06-12,3176,2004-01-02,2026-06-12,True
MDVN,2016-04-08,2016-09-29,115,2016-01-04,2016-09-29,False
MDXG,2017-06-19,2018-02-16,146,2007-08-22,2026-06-12,True
MDY,2004-03-30,2026-06-12,5587,2004-01-02,2026-06-12,True
ME,2021-02-22,2021-11-18,59,2020-11-23,2026-06-12,True
MEAS,2014-09-15,2014-09-15,1,2004-01-02,2014-10-09,False
MED,2010-01-05,2023-07-21,1364,2004-01-02,2026-06-12,True
MEDP,2018-08-09,2026-06-12,1943,2016-08-11,2026-06-12,True
MEG,2016-04-08,2017-01-25,26,2016-01-04,2017-01-25,False
MEI,2015-06-26,2015-09-21,60,2004-01-02,2026-06-12,True
MELI,2007-12-18,2026-06-12,4420,2007-08-10,2026-06-12,True
MEMP,2014-09-12,2015-03-05,112,2011-12-09,2017-08-28,False
MENT,2016-03-31,2017-03-31,253,2016-01-04,2017-03-31,False
MEOH,2008-07-15,2026-06-12,1800,2004-01-02,2026-06-12,True
MESO,2020-10-08,2020-11-03,19,2015-11-13,2026-06-12,True
MET,2004-03-30,2026-06-12,5587,2004-01-02,2026-06-12,True
META,2012-08-14,2026-06-12,3477,2012-05-18,2026-06-12,True
METC,2024-01-03,2026-06-12,277,2017-02-03,2026-06-12,True
MFA,2008-02-05,2022-08-08,86,2004-01-02,2026-06-12,True
MFC,2004-03-30,2026-06-12,5173,2004-01-02,2026-06-12,True
MFE,2007-03-28,2011-03-01,990,2006-12-28,2011-03-01,False
MFG,2026-02-11,2026-02-12,2,2006-11-08,2026-06-12,True
MFGP,2017-11-10,2018-06-21,153,2017-08-17,2023-02-21,False
MFIC,2007-02-06,2010-08-02,516,2004-05-05,2026-06-12,True
MGA,2004-03-30,2026-06-12,5270,2004-01-02,2026-06-12,True
MGEE,2024-03-14,2026-06-12,79,2004-01-02,2026-06-12,True
MGI,2006-06-19,2023-06-01,459,2004-07-01,2023-06-01,False
MGK,2018-02-12,2026-06-12,1908,2007-12-27,2026-06-12,True
MGLN,2012-09-17,2021-10-26,329,2004-02-25,2022-01-04,False
MGM,2004-03-30,2026-06-12,5301,2004-01-02,2026-06-12,True
MGNI,2020-11-11,2026-06-12,900,2014-04-02,2026-06-12,True
MGNX,2019-02-13,2024-05-09,267,2013-10-10,2026-06-12,True
MGP,2016-07-15,2022-05-19,1009,2016-04-20,2022-05-19,False
MGPI,2006-05-23,2025-01-28,113,2004-01-02,2026-06-12,True
MGRC,2024-02-02,2026-06-12,206,2004-01-02,2026-06-12,True
MGV,2021-05-20,2026-06-12,862,2007-12-27,2026-06-12,True
MGY,2018-10-04,2026-06-12,1315,2017-06-29,2026-06-12,True
MHK,2004-03-30,2026-06-12,5571,2004-01-02,2026-06-12,True
MHO,2021-12-20,2026-06-12,815,2004-01-02,2026-06-12,True
MHS,2007-03-28,2012-06-25,1323,2006-12-28,2013-04-10,False
MIAX,2025-11-07,2026-06-12,149,2025-08-14,2026-06-12,True
MIC,2013-06-25,2021-10-07,1804,2004-12-16,2022-07-21,False
MICC,2026-03-06,2026-06-12,69,2025-12-08,2026-06-12,True
MIDD,2013-11-11,2026-06-12,3165,2004-01-02,2026-06-12,True
MIFI,2004-04-28,2008-02-04,439,2004-01-02,2016-11-16,False
MIK,2015-03-31,2021-04-15,1009,2014-06-27,2021-04-15,False
MILE,2021-02-05,2021-04-27,42,2020-11-09,2022-09-07,False
MIME,2018-10-29,2022-09-16,815,2015-11-19,2022-09-16,False
MIR,2021-02-09,2026-06-12,497,2020-08-20,2026-06-12,True
MIRM,2024-01-16,2026-06-12,391,2019-07-18,2026-06-12,True
MITL,2018-04-27,2018-08-09,73,2010-04-22,2018-11-30,False
MJN,2009-05-08,2017-07-14,1961,2009-02-11,2017-07-14,False
MKC,2005-06-13,2026-06-12,4963,2004-01-02,2026-06-12,True
MKL,2009-04-23,2026-06-12,3260,2004-01-02,2026-06-12,True
MKSI,2007-08-09,2026-06-12,2380,2004-01-02,2026-06-12,True
MKTO,2014-03-05,2016-08-17,143,2013-05-16,2016-08-17,False
MKTX,2015-06-26,2026-06-12,2749,2004-11-05,2026-06-12,True
ML,2021-02-17,2025-02-10,48,2020-08-14,2025-04-17,False
MLAB,2019-07-10,2019-09-24,54,2004-01-02,2026-06-12,True
MLCO,2007-03-20,2025-09-04,3135,2006-12-19,2026-06-12,True
MLGO,2024-06-24,2025-08-13,37,2021-04-13,2026-06-12,True
MLI,2011-08-11,2026-06-12,963,2004-01-02,2026-06-12,True
MLKN,2007-03-26,2024-06-11,791,2004-01-02,2026-06-12,True
MLM,2005-07-19,2026-06-12,5259,2004-01-02,2026-06-12,True
MLNX,2012-05-02,2020-04-27,1794,2007-02-08,2020-04-27,False
MLTX,2023-06-28,2026-05-14,438,2020-10-20,2026-06-12,True
MLYS,2025-09-04,2026-06-12,195,2023-02-10,2026-06-12,True
MMM,2004-03-30,2026-06-12,5587,2004-01-02,2026-06-12,True
MMP,2010-07-23,2023-09-25,2790,2004-01-02,2023-09-25,False
MMS,2013-07-03,2026-06-12,2635,2004-01-02,2026-06-12,True
MMSI,2018-06-08,2026-06-12,1400,2004-01-02,2026-06-12,True
MMYT,2021-04-14,2026-06-12,703,2010-08-12,2026-06-12,True
MNDT,2013-12-16,2022-09-16,2182,2013-09-20,2022-09-16,False
MNDY,2021-09-03,2026-06-12,1198,2021-06-10,2026-06-12,True
MNI,2006-05-18,2007-10-02,180,2004-01-02,2020-02-13,False
MNKD,2010-02-17,2014-07-11,33,2004-07-28,2026-06-12,True
MNRO,2017-06-02,2020-08-27,426,2004-01-02,2026-06-12,True
MNSO,2021-01-12,2025-11-17,675,2020-10-15,2026-06-12,True
MNST,2005-04-14,2026-06-12,5325,2004-01-02,2026-06-12,True
MNTA,2005-08-11,2020-10-02,335,2004-06-22,2020-10-02,False
MNTN,2025-08-19,2025-08-19,1,2025-05-22,2026-06-12,True
MNTS,2021-01-25,2026-06-12,75,2020-01-02,2026-06-12,True
MNTV,2019-03-27,2022-06-27,579,2018-09-26,2023-05-31,False
MO,2004-03-30,2026-06-12,5587,2004-01-02,2026-06-12,True
MOD,2023-08-10,2026-06-12,713,2004-01-02,2026-06-12,True
MODN,2024-04-30,2024-06-27,41,2013-03-20,2024-06-27,False
MOG-A,2024-01-29,2026-06-12,499,2004-01-02,2026-06-12,True
MOH,2012-03-05,2026-06-12,3408,2004-01-02,2026-06-12,True
MOMO,2015-06-24,2023-02-15,1461,2014-12-15,2026-06-12,True
MOR,2024-02-07,2024-05-02,60,2018-04-19,2026-06-12,True
MORF,2021-03-02,2024-08-16,262,2019-06-27,2024-08-16,False
MORN,2020-12-02,2026-06-12,1369,2005-05-03,2026-06-12,True
MOS,2006-05-03,2026-06-12,4921,2004-01-02,2026-06-12,True
MOVE,2026-01-26,2026-02-06,10,2021-03-23,2026-06-12,True
MP,2020-10-02,2026-06-12,1397,2020-06-22,2026-06-12,True
MPC,2011-09-19,2026-06-12,3705,2011-06-23,2026-06-12,True
MPLX,2015-01-06,2026-06-12,2732,2012-10-26,2026-06-12,True
MPT,2013-03-05,2023-08-07,2230,2005-07-08,2026-06-12,True
MPWR,2008-07-09,2026-06-12,2529,2004-11-19,2026-06-12,True
MQ,2021-09-02,2022-08-10,169,2021-06-09,2026-06-12,True
MR,2006-12-19,2016-03-04,1421,2006-09-25,2020-11-13,False
MRAM,2021-11-16,2026-06-12,68,2016-10-07,2026-06-12,True
MRCY,2017-03-23,2026-06-12,1525,2004-01-02,2026-06-12,True
MRH,2005-09-19,2006-02-02,95,2004-01-02,2015-07-31,False
MRK,2004-03-30,2026-06-12,5587,2004-01-02,2026-06-12,True
MRNA,2019-03-07,2026-06-12,1803,2018-12-07,2026-06-12,True
MRO,2004-03-30,2024-11-22,4912,2004-01-02,2024-11-22,False
MRP,2025-05-06,2026-06-12,278,2025-02-07,2026-06-12,True
MRSH,2004-03-30,2026-06-12,5587,2004-01-02,2026-06-12,True
MRSN,2020-05-28,2021-04-01,147,2017-06-28,2026-01-06,True
MRTX,2018-06-25,2026-05-07,1463,2013-07-15,2026-06-12,True
MRUS,2024-03-07,2025-12-30,456,2016-05-19,2025-12-30,False
MRVI,2021-02-19,2024-05-20,624,2020-11-20,2026-06-12,True
MRVL,2004-03-30,2026-06-12,5180,2004-01-02,2026-06-12,True
MRX,2025-04-21,2026-06-12,289,2024-04-25,2026-06-12,True
MS,2004-03-30,2026-06-12,5585,2004-01-02,2026-06-12,True
MSA,2019-05-03,2026-06-12,898,2004-01-02,2026-06-12,True
MSB,2010-12-23,2011-03-07,50,2004-01-02,2026-06-12,True
MSCC,2005-11-25,2018-05-29,1416,2004-01-02,2018-05-29,False
MSCI,2008-07-18,2026-06-12,3926,2007-11-15,2026-06-12,True
MSEX,2021-07-21,2021-09-17,42,2004-01-02,2026-06-12,True
MSFT,2004-03-30,2026-06-12,5587,2004-01-02,2026-06-12,True
MSGE,2026-03-05,2026-06-12,63,2023-04-17,2026-06-12,True
MSGM,2023-02-02,2023-03-10,17,2021-01-13,2026-06-12,True
MSGN,2013-04-16,2019-12-16,725,2010-01-25,2021-07-09,False
MSGS,2015-12-28,2026-06-12,2424,2015-10-01,2026-06-12,True
MSI,2004-03-30,2026-06-12,4883,2004-01-02,2026-06-12,True
MSM,2006-04-19,2026-06-12,4419,2004-01-02,2026-06-12,True
MSO,2004-12-01,2005-11-30,198,2004-01-02,2015-12-04,False
MSOS,2021-02-03,2024-04-30,353,2020-09-02,2026-06-12,True
MSP,2021-01-19,2022-06-23,51,2020-10-21,2022-06-23,False
MSTR,2004-03-30,2026-06-12,2961,2004-01-02,2026-06-12,True
MT,2005-03-18,2026-06-12,4772,2004-01-02,2026-06-12,True
MTB,2004-03-30,2026-06-12,5587,2004-01-02,2026-06-12,True
MTB-WS,2004-03-30,2017-06-13,3105,2004-01-02,2018-12-19,False
MTCH,2016-02-18,2026-06-12,2347,2015-11-19,2026-06-12,True
MTD,2007-03-07,2026-06-12,4582,2004-01-02,2026-06-12,True
MTDR,2013-11-21,2026-06-12,2888,2012-02-02,2026-06-12,True
MTEST,2025-05-19,2025-08-26,68,2019-10-09,2026-06-12,True
MTG,2004-03-30,2026-06-12,3454,2004-01-02,2026-06-12,True
MTGE,2012-06-01,2013-09-30,225,2011-08-04,2018-09-07,False
MTH,2005-01-18,2026-06-12,3360,2004-01-02,2026-06-12,True
MTLS,2021-02-12,2021-05-17,65,2014-06-25,2026-06-12,True
MTN,2007-03-19,2026-06-12,3188,2004-01-02,2026-06-12,True
MTOR,2007-01-31,2022-08-03,1258,2004-01-02,2022-08-03,False
MTRN,2007-04-25,2026-06-12,228,2004-01-02,2026-06-12,True
MTSC,2021-01-26,2021-03-09,30,2004-01-02,2021-04-07,False
MTSI,2016-02-01,2026-06-12,1897,2012-03-15,2026-06-12,True
MTSR,2025-04-29,2025-11-13,137,2025-01-31,2025-11-13,False
MTTR,2021-04-29,2022-01-25,118,2021-02-02,2025-02-28,False
MTU,2005-11-07,2008-06-16,259,2004-01-02,2018-03-29,False
MTUM,2018-01-19,2026-06-15,1978,2013-04-18,2026-06-15,True
MTUS,2014-09-15,2014-12-09,61,2014-06-19,2026-06-12,True
MTW,2006-02-28,2018-05-08,2231,2004-01-02,2026-06-12,True
MTZ,2011-05-05,2026-06-12,3253,2004-01-02,2026-06-12,True
MU,2004-03-30,2026-06-12,4300,2004-01-02,2026-06-12,True
MUB,2010-12-15,2026-06-12,3582,2007-09-10,2026-06-12,True
MUDS,2021-04-27,2021-07-30,67,2021-01-29,2022-09-15,False
MUFG,2005-11-07,2026-06-12,773,2004-01-02,2026-06-12,True
MULE,2017-06-13,2018-05-03,128,2017-03-17,2018-05-03,False
MUR,2004-03-30,2026-06-12,5506,2004-01-02,2026-06-12,True
MUSA,2013-11-12,2026-06-12,2901,2013-08-19,2026-06-12,True
MUX,2025-10-14,2026-06-12,167,2004-01-02,2026-06-12,True
MVIS,2021-02-04,2021-10-20,172,2004-01-02,2026-06-12,True
MVST,2020-12-10,2021-09-23,124,2019-03-27,2026-06-12,True
MWA,2017-05-01,2026-06-12,546,2006-05-26,2026-06-12,True
MWE,2011-10-10,2015-12-03,1045,2004-01-02,2015-12-03,False
MWH,2026-05-08,2026-06-12,25,2026-02-11,2026-06-12,True
MWIV,2015-01-14,2015-02-24,28,2005-08-03,2015-02-24,False
MWV,2004-03-30,2015-07-01,2759,2004-01-02,2015-07-01,False
MWW,2009-04-09,2012-03-26,586,2008-11-11,2016-11-09,False
MX,2021-03-29,2021-07-16,77,2011-03-11,2026-06-12,True
MXIM,2004-03-30,2021-09-01,4388,2004-01-02,2021-09-01,False
MXL,2016-04-19,2026-06-12,1056,2010-03-24,2026-06-12,True
MYCC,2017-07-27,2017-09-25,38,2013-09-20,2017-09-25,False
MYGN,2007-02-26,2024-10-07,2925,2004-01-02,2026-06-12,True
MYL,2004-03-30,2020-11-19,4128,2004-01-02,2020-11-19,False
MYND,2017-12-21,2018-02-22,42,2017-09-27,2026-06-12,True
MYOK,2017-09-11,2020-11-17,424,2015-10-29,2020-11-17,False
MYOV,2019-11-21,2023-03-09,305,2016-10-27,2023-03-09,False
MYRG,2024-03-04,2026-06-12,529,2008-08-13,2026-06-12,True
MZOR,2017-06-09,2018-12-19,321,2013-05-28,2018-12-19,False
MZTI,2016-02-01,2026-06-12,1278,2004-01-02,2026-06-12,True
NAGE,2021-02-26,2021-04-05,18,2008-07-15,2026-06-12,True
NAKA,2025-05-16,2025-08-15,54,2024-05-31,2026-06-12,True
NAMS,2025-01-22,2026-06-12,256,2022-11-23,2026-06-12,True
NAPA,2024-10-11,2024-12-24,52,2021-03-18,2024-12-24,False
NARI,2020-08-18,2025-02-19,1096,2020-05-22,2025-02-19,False
NAT,2008-06-26,2016-09-02,513,2004-01-02,2026-06-12,True
NATI,2017-06-05,2023-10-11,1532,2004-01-02,2023-10-11,False
NATL,2024-01-08,2026-06-12,196,2023-10-11,2026-06-12,True
NAV,2004-03-30,2021-06-30,3573,2004-01-02,2021-06-30,False
NAV-P-D,2004-03-30,2014-10-27,2614,2004-01-02,2021-07-02,False
NAVI,2014-07-15,2023-09-13,1887,2014-04-17,2026-06-12,True
NAVN,2026-01-28,2026-06-12,75,2025-10-30,2026-06-12,True
NB,2025-10-10,2025-10-14,3,2016-01-04,2026-06-12,True
NBAC,2021-01-12,2021-02-24,30,2020-05-01,2021-03-22,False
NBHC,2026-03-19,2026-05-22,45,2012-09-20,2026-06-12,True
NBIS,2011-08-18,2026-06-12,3113,2011-05-24,2026-06-12,True
NBIX,2004-03-30,2026-06-12,3413,2004-01-02,2026-06-12,True
NBL,2004-06-17,2020-08-28,4003,2004-01-02,2020-10-06,False
NBP,2021-04-21,2022-05-24,277,2020-01-17,2026-06-12,True
NBR,2004-03-30,2026-06-12,3895,2004-01-02,2026-06-12,True
NCLH,2013-04-17,2026-06-12,3176,2013-01-18,2026-06-12,True
NCMI,2007-05-07,2007-05-07,1,2007-02-08,2026-06-12,True
NCNO,2020-10-07,2026-06-12,1268,2020-07-14,2026-06-12,True
NCTY,2021-01-07,2021-11-02,198,2004-12-15,2026-06-12,True
NDAQ,2005-11-09,2026-06-12,5179,2004-01-02,2026-06-12,True
NDLS,2013-09-24,2013-10-30,27,2013-06-28,2026-06-12,True
NDN,2011-04-14,2012-01-26,89,2006-12-28,2013-01-22,False
NDRM,2015-02-12,2017-10-18,77,2014-11-14,2017-10-18,False
NDSN,2008-06-30,2026-06-12,2999,2004-01-02,2026-06-12,True
NE,2022-05-19,2026-06-12,1020,2021-06-09,2026-06-12,True
NEE,2004-03-30,2026-06-12,5587,2004-01-02,2026-06-12,True
NEE-P-C,2004-03-30,2017-06-28,3335,2004-01-02,2017-11-08,False
NEE-P-G,2004-03-30,2017-06-27,3335,2004-01-02,2017-10-20,False
NEE-P-H,2004-03-30,2017-06-27,3334,2004-01-02,2017-10-20,False
NEE-P-Q,2020-10-21,2023-08-31,110,2015-09-18,2023-08-31,False
NEE-P-R,2016-10-27,2026-03-11,167,2016-08-03,2026-06-12,True
NEE-P-S,2024-09-20,2024-12-23,66,2024-06-26,2026-06-12,True
NEE-P-T,2025-02-03,2025-02-28,6,2024-11-04,2026-06-12,True
NEE-P-V,2026-06-01,2026-06-12,10,2026-03-05,2026-06-12,True
NEEPR,2019-09-30,2024-11-01,193,2009-10-22,2024-11-01,False
NEGG,2021-07-08,2026-01-27,228,2010-04-22,2026-06-12,True
NEM,2004-03-30,2026-06-12,5587,2004-01-02,2026-06-12,True
NEO,2019-01-14,2026-02-26,794,2004-03-16,2026-06-12,True
NEOG,2018-10-02,2026-04-09,807,2004-01-02,2026-06-12,True
NERV,2022-08-29,2022-10-14,13,2014-07-01,2026-06-12,True
NESR,2026-02-18,2026-06-12,81,2017-06-05,2026-06-12,True
NET,2019-12-09,2026-06-12,1598,2019-09-13,2026-06-12,True
NEU,2006-05-18,2026-06-12,1168,2004-01-02,2026-06-12,True
NEWR,2017-01-26,2023-11-07,1561,2014-12-12,2023-11-07,False
NEX,2017-04-18,2023-08-31,256,2017-01-20,2023-08-31,False
NEXT,2025-07-21,2025-09-08,31,2015-06-04,2026-06-12,True
NFE,2020-10-27,2025-03-26,1002,2019-01-31,2026-06-12,True
NFG,2006-11-10,2026-06-12,4162,2004-01-02,2026-06-12,True
NFLX,2004-03-30,2026-06-12,5527,2004-01-02,2026-06-12,True
NFP,2006-06-20,2013-07-10,308,2004-01-02,2013-10-17,False
NFX,2004-03-30,2019-02-14,3746,2004-01-02,2019-02-14,False
NG,2008-01-03,2026-04-20,358,2004-01-02,2026-06-12,True
NGA,2021-01-05,2021-05-06,85,2020-10-08,2021-05-06,False
NGAS,2005-11-01,2005-12-29,35,2004-01-02,2011-05-02,False
NGG,2010-07-27,2026-06-12,3750,2004-01-02,2026-06-12,True
NGHC,2020-07-09,2021-01-04,116,2014-02-20,2021-01-04,False
NGL,2014-11-24,2016-07-26,86,2011-05-16,2026-06-12,True
NGLS,2012-11-27,2016-02-25,561,2007-02-08,2016-02-25,False
NGNE,2015-08-12,2015-11-03,59,2014-03-07,2026-06-12,True
NGS,2005-10-25,2005-12-30,47,2004-01-02,2026-06-12,True
NGVT,2016-07-27,2026-06-02,762,2016-05-02,2026-06-12,True
NHC,2026-05-26,2026-06-12,14,2004-01-02,2026-06-12,True
NHI,2016-09-13,2026-06-12,438,2004-01-02,2026-06-12,True
NHTC,2016-01-08,2016-02-08,21,2004-01-02,2026-06-12,True
NI,2004-03-30,2026-06-12,5488,2004-01-02,2026-06-12,True
NIC,2026-02-17,2026-06-12,82,2016-01-04,2026-06-12,True
NICE,2007-12-13,2026-06-12,1930,2004-01-02,2026-06-12,True
NIHD1,2004-03-30,2012-07-03,2082,2004-01-02,2014-09-24,False
NIMC,2023-11-15,2023-11-30,11,2021-04-14,2023-11-30,False
NINE,2023-01-24,2023-02-16,18,2018-01-19,2026-06-12,True
NIO,2019-03-01,2023-09-18,708,2018-09-12,2026-06-12,True
NIQ,2025-10-16,2026-02-11,52,2025-07-23,2026-06-12,True
NIU,2020-09-03,2021-09-17,240,2018-10-19,2026-06-12,True
NJR,2009-02-09,2026-06-12,1553,2004-01-02,2026-06-12,True
NKE,2004-03-30,2026-06-12,5587,2004-01-02,2026-06-12,True
NKLA,2020-05-11,2024-07-08,400,2018-06-11,2026-06-12,True
NKLAW,2020-06-19,2020-08-21,45,2018-06-11,2020-08-21,False
NKLR,2025-10-16,2025-10-20,3,2025-01-02,2026-06-12,True
NKTR,2004-03-30,2026-06-12,1993,2004-01-02,2026-06-12,True
NKTX,2022-04-26,2024-04-01,74,2020-07-10,2026-06-12,True
NLC,2011-12-07,2012-02-28,56,2011-09-13,2012-12-10,False
NLSN,2011-04-25,2022-10-11,2807,2011-01-27,2022-10-11,False
NLY,2004-03-30,2026-06-12,4158,2004-01-02,2026-06-12,True
NLY-P-A,2004-03-30,2014-11-28,2293,2004-01-02,2017-08-24,False
NM,2007-10-31,2008-01-11,50,2005-01-06,2023-12-14,False
NMAX,2025-06-26,2025-08-04,27,2025-03-31,2026-06-12,True
NMBL,2014-06-13,2017-08-01,344,2013-12-13,2026-06-12,True
NMIH,2020-02-25,2025-08-21,268,2013-11-08,2026-06-12,True
NMRK,2022-01-19,2026-06-12,299,2017-12-15,2026-06-12,True
NMX,2007-02-16,2008-11-10,436,2006-11-17,2009-08-28,False
NN,2025-01-14,2026-06-12,142,2021-10-28,2026-06-12,True
NNDM,2021-01-13,2021-03-19,38,2016-01-07,2026-06-12,True
NNE,2024-08-19,2026-06-12,450,2024-05-08,2026-06-12,True
NNI,2026-06-04,2026-06-11,6,2004-01-02,2026-06-12,True
NNN,2007-10-11,2026-06-12,4356,2004-01-02,2026-06-12,True
NNOX,2020-11-16,2024-05-15,317,2020-08-21,2026-06-12,True
NNVC,2020-01-30,2020-03-06,6,2005-10-26,2026-06-12,True
NOAH,2015-05-26,2019-07-23,139,2010-11-10,2026-06-12,True
NOC,2004-03-30,2026-06-12,5587,2004-01-02,2026-06-12,True
NOG,2011-02-14,2026-06-12,1474,2007-04-13,2026-06-12,True
NOK,2004-03-30,2026-06-12,1666,2004-01-02,2026-06-12,True
NOMD,2018-01-24,2026-03-11,812,2016-01-04,2026-06-12,True
NOV,2004-03-30,2026-06-12,5547,2004-01-02,2026-06-12,True
NOVT,2021-11-23,2026-06-12,941,2016-01-04,2026-06-12,True
NOW,2012-11-16,2026-06-12,3412,2012-06-29,2026-06-12,True
NPO,2014-03-31,2026-06-12,370,2004-01-02,2026-06-12,True
NPSP,2004-03-30,2015-02-20,517,2004-01-02,2015-02-20,False
NQ,2013-08-20,2014-05-14,183,2011-05-05,2018-03-13,False
NRF,2016-04-08,2017-01-18,161,2016-01-04,2017-01-18,False
NRG,2004-12-16,2026-06-12,5388,2004-01-02,2026-06-12,True
NRIX,2024-07-03,2026-06-12,117,2020-07-24,2026-06-12,True
NRXP,2021-07-23,2021-10-29,55,2017-12-04,2026-06-12,True
NS,2012-02-21,2024-04-17,656,2004-01-02,2024-05-03,False
NSA,2021-05-12,2026-06-12,1278,2015-04-23,2026-06-12,True
NSC,2004-03-30,2026-06-12,5587,2004-01-02,2026-06-12,True
NSIT,2020-02-24,2026-06-12,1244,2004-01-02,2026-06-12,True
NSM,2012-09-06,2015-09-24,655,2012-03-08,2018-07-31,False
NSP,2006-05-03,2026-06-12,1768,2004-01-02,2026-06-12,True
NSSC,2023-08-31,2026-06-08,153,2004-01-02,2026-06-12,True
NTAP,2004-03-30,2026-06-12,5587,2004-01-02,2026-06-12,True
NTCT,2015-07-13,2026-06-12,848,2004-01-02,2026-06-12,True
NTES,2004-03-30,2026-06-12,5452,2004-01-02,2026-06-12,True
NTEST,2017-05-26,2025-08-25,152,2016-09-19,2026-06-12,True
NTEST-G,2020-08-12,2021-03-31,88,2019-07-17,2026-06-12,True
NTGR,2007-01-19,2018-10-23,526,2004-01-02,2026-06-12,True
NTI,2013-01-25,2016-05-20,332,2012-07-25,2016-07-01,False
NTLA,2018-01-24,2026-06-12,1439,2016-05-06,2026-06-12,True
NTNX,2016-12-27,2026-06-12,2378,2016-09-30,2026-06-12,True
NTR,2018-03-29,2026-06-12,2063,2018-01-02,2026-06-12,True
NTRA,2019-09-04,2026-06-12,1692,2015-07-02,2026-06-12,True
NTRI,2005-10-19,2019-03-08,1295,2004-01-02,2019-03-08,False
NTRS,2004-03-30,2026-06-12,5587,2004-01-02,2026-06-12,True
NTSK,2025-12-12,2026-06-04,85,2025-09-18,2026-06-12,True
NTST,2024-03-05,2026-06-12,233,2020-08-13,2026-06-12,True
NTUS,2017-02-06,2017-03-01,17,2004-01-02,2022-09-08,False
NTY,2007-03-28,2010-09-30,189,2006-12-28,2010-09-30,False
NU,2024-02-14,2026-06-12,581,2021-12-09,2026-06-12,True
NUAN,2006-04-18,2022-03-04,3804,2004-01-02,2022-03-04,False
NUE,2004-03-30,2026-06-12,5587,2004-01-02,2026-06-12,True
NURO,2021-07-21,2021-09-30,50,2004-01-02,2026-06-12,True
NUS,2010-05-12,2023-10-03,2927,2004-01-02,2026-06-12,True
NUTX,2022-06-01,2026-06-02,188,2013-04-08,2026-06-12,True
NUVA,2008-03-28,2023-09-11,2956,2004-05-13,2023-09-11,False
NUVL,2023-10-05,2026-06-12,674,2021-07-29,2026-06-12,True
NVA,2025-10-24,2025-12-04,5,2024-07-24,2026-06-12,True
NVAX,2015-06-23,2026-06-04,932,2004-01-02,2026-06-12,True
NVCR,2017-12-07,2026-06-12,1817,2015-10-02,2026-06-12,True
NVDA,2004-03-30,2026-06-12,5425,2004-01-02,2026-06-12,True
NVDQ,2025-10-29,2026-06-12,153,2023-10-19,2026-06-12,True
NVEC,2004-03-30,2007-01-29,227,2004-01-02,2026-06-12,True
NVEE,2025-07-30,2025-08-04,4,2013-09-30,2025-08-04,False
NVEI,2021-12-09,2024-11-15,243,2020-10-28,2024-11-15,False
NVLNF,2004-03-30,2005-03-07,187,2004-01-02,2020-01-16,False
NVMI,2021-12-20,2026-06-12,644,2004-01-02,2026-06-12,True
NVO,2009-04-02,2026-06-12,4137,2004-01-02,2026-06-12,True
NVR,2004-03-30,2026-06-12,5464,2004-01-02,2026-06-12,True
NVS,2004-03-30,2026-06-12,5587,2004-01-02,2026-06-12,True
NVST,2019-12-12,2026-06-12,1633,2019-09-18,2026-06-12,True
NVT,2018-07-25,2026-06-12,1917,2018-04-30,2026-06-12,True
NVTS,2021-12-01,2026-06-12,128,2021-01-25,2026-06-12,True
NWE,2015-07-01,2026-06-12,1613,2007-12-28,2026-06-12,True
NWG,2008-11-10,2026-06-12,436,2007-10-18,2026-06-12,True
NWL,2004-03-30,2025-01-30,4784,2004-01-02,2026-06-12,True
NWN,2020-03-11,2020-04-15,25,2004-01-02,2026-06-12,True
NWS,2013-09-13,2026-06-12,790,2013-06-19,2026-06-12,True
NWSA,2013-09-13,2026-06-12,3170,2013-06-19,2026-06-12,True
NX,2004-12-15,2024-10-24,599,2004-01-02,2026-06-12,True
NXDR,2021-12-03,2021-12-09,4,2021-03-24,2026-06-12,True
NXE,2026-01-02,2026-06-08,108,2016-01-04,2026-06-12,True
NXGN,2005-06-28,2023-11-09,626,2004-01-02,2023-11-09,False
NXPI,2011-03-01,2026-06-12,3845,2010-08-06,2026-06-12,True
NXST,2013-07-01,2026-06-12,3009,2004-01-02,2026-06-12,True
NXT,2023-05-08,2026-06-12,778,2023-02-09,2026-06-12,True
NXTC,2019-11-12,2020-02-07,60,2019-05-09,2026-06-12,True
NXTM,2017-08-08,2019-02-21,74,2005-10-27,2019-02-21,False
NYLD,2015-08-11,2015-10-26,54,2015-05-15,2018-09-14,False
NYRT,2014-07-11,2017-02-13,109,2014-04-15,2018-11-06,False
NYT,2004-03-30,2026-06-12,3506,2004-01-02,2026-06-12,True
O,2007-08-02,2026-06-12,4731,2004-01-02,2026-06-12,True
OA,2004-06-23,2018-06-06,2704,2004-01-02,2018-06-06,False
OAK,2013-06-14,2019-10-08,189,2012-04-12,2019-10-08,False
OAS,2011-02-25,2018-11-07,1518,2010-06-17,2020-11-20,False
OBDC,2021-01-14,2026-06-12,1181,2019-07-18,2026-06-12,True
OC,2007-06-25,2026-06-12,4517,2006-11-01,2026-06-12,True
OCDX,2021-04-26,2022-04-26,120,2021-01-28,2022-09-08,False
OCG,2021-03-18,2021-03-23,4,2020-12-15,2026-06-12,True
OCGN,2021-02-08,2021-11-05,31,2014-12-03,2026-06-12,True
OCLR,2011-03-09,2018-03-15,69,2004-01-02,2018-12-10,False
OCR,2004-03-30,2015-08-17,2866,2004-01-02,2015-08-17,False
OCUL,2020-12-21,2026-03-06,213,2014-07-25,2026-06-12,True
ODD,2023-10-12,2026-06-12,459,2023-07-19,2026-06-12,True
ODFL,2008-07-25,2026-06-12,3513,2004-01-02,2026-06-12,True
ODP,2004-03-30,2026-03-04,1326,2004-01-02,2026-06-12,True
ODSY,2004-03-30,2010-09-03,102,2004-01-02,2010-09-03,False
OEC,2018-02-28,2018-03-05,4,2014-07-25,2026-06-12,True
OFC-P-L,2007-03-29,2017-06-29,1409,2004-01-02,2017-09-14,False
OFC-P-L-CL,2007-03-29,2017-06-13,1485,2004-01-02,2017-06-26,False
OGE,2007-08-03,2026-06-12,3996,2004-01-02,2026-06-12,True
OGN,2021-08-25,2026-06-12,996,2021-05-14,2026-06-12,True
OGS,2014-04-14,2026-06-12,1508,2014-01-16,2026-06-12,True
OHI,2009-02-12,2026-06-12,3815,2004-01-02,2026-06-12,True
OI,2004-12-02,2026-04-28,4360,2004-01-02,2026-06-12,True
OII,2006-05-09,2026-06-12,3731,2004-01-02,2026-06-12,True
OIS,2005-06-28,2018-08-27,3090,2004-01-02,2026-06-12,True
OKE,2005-04-12,2026-06-12,5327,2004-01-02,2026-06-12,True
OKLO,2024-05-15,2026-06-12,427,2021-07-08,2026-06-12,True
OKS,2012-02-29,2017-07-03,1151,2004-01-02,2017-07-03,False
OKTA,2017-10-23,2026-06-12,2171,2017-04-07,2026-06-12,True
OLED,2011-03-23,2026-06-12,3579,2004-01-02,2026-06-12,True
OLK,2023-10-20,2024-03-21,104,2021-03-25,2026-06-12,True
OLLI,2016-06-24,2026-06-12,2440,2015-07-16,2026-06-12,True
OLMA,2025-11-19,2026-06-03,134,2020-11-19,2026-06-12,True
OLN,2007-06-12,2026-06-12,3639,2004-01-02,2026-06-12,True
OLO,2021-06-11,2025-09-12,228,2021-03-17,2025-09-12,False
OLPX,2021-12-27,2022-10-04,192,2021-09-30,2026-06-12,True
OM,2020-12-09,2022-03-15,232,2020-09-15,2026-06-12,True
OMC,2004-03-30,2026-06-12,5587,2004-01-02,2026-06-12,True
OMCL,2018-08-23,2026-06-12,1532,2004-01-02,2026-06-12,True
OMER,2015-08-19,2026-03-26,236,2009-10-08,2026-06-12,True
OMF,2016-02-25,2026-06-12,2050,2015-11-27,2026-06-12,True
OMX,2007-03-28,2007-11-16,163,2006-12-28,2013-11-05,False
ON,2007-02-16,2026-06-12,2960,2004-01-02,2026-06-12,True
ONB,2008-09-22,2026-06-12,1269,2004-01-02,2026-06-12,True
ONC,2017-09-18,2026-06-12,2192,2016-02-03,2026-06-12,True
ONCE,2015-04-28,2019-12-26,905,2015-01-30,2023-12-26,False
ONDS,2025-10-06,2026-06-08,75,2018-10-25,2026-06-12,True
ONEM,2020-04-28,2023-02-22,627,2020-01-31,2023-02-22,False
ONIT,2012-06-25,2015-07-30,700,2004-01-02,2026-06-12,True
ONL,2022-02-10,2022-02-10,1,2021-11-15,2026-06-12,True
ONNN,2007-02-16,2015-04-02,322,2004-01-02,2015-04-02,False
ONON,2021-12-09,2026-06-12,1131,2021-09-15,2026-06-12,True
ONTF,2021-04-30,2021-11-04,49,2021-02-03,2026-04-01,True
ONTO,2021-03-08,2026-06-12,1104,2004-01-02,2026-06-12,True
ONXX,2004-03-30,2013-10-17,2253,2004-01-02,2013-10-17,False
OPAD,2021-09-17,2021-09-27,7,2020-12-11,2026-06-12,True
OPCH,2021-03-19,2026-06-12,1256,2004-01-02,2026-06-12,True
OPEN,2020-09-16,2025-09-17,352,2020-06-18,2026-06-12,True
OPFI,2025-02-25,2025-03-25,6,2020-11-20,2026-06-12,True
OPK,2013-10-11,2016-12-29,354,2004-01-02,2026-06-12,True
OPLN,2013-08-09,2026-06-12,2465,2009-12-11,2026-06-12,True
OPRA,2023-07-17,2023-10-10,61,2018-07-27,2026-06-12,True
OPRX,2021-10-04,2021-12-29,61,2007-07-13,2026-06-12,True
OPTU,2017-09-18,2022-09-12,1209,2017-06-22,2026-06-12,True
OR,2025-05-06,2026-06-12,278,2016-01-04,2026-06-12,True
ORA,2020-04-15,2026-06-12,1549,2004-11-11,2026-06-12,True
ORB,2008-05-02,2015-02-17,11,2004-01-02,2015-02-17,False
ORBC,2021-04-12,2021-07-07,61,2006-11-06,2021-09-01,False
ORBK,2018-02-23,2019-02-20,183,2004-01-02,2019-02-20,False
ORBS,2025-09-09,2025-10-13,19,2022-06-30,2026-06-12,True
ORCL,2004-03-30,2026-06-12,5583,2004-01-02,2026-06-12,True
ORCL-P-D,2026-04-30,2026-06-12,31,2026-02-03,2026-06-12,True
ORGN,2021-02-19,2021-05-05,50,2020-09-04,2026-06-12,True
ORGO,2021-06-02,2021-08-25,60,2017-01-05,2026-06-12,True
ORI,2004-03-30,2026-06-12,3657,2004-01-02,2026-06-12,True
ORIC,2026-04-09,2026-04-27,13,2020-04-24,2026-06-12,True
ORIG,2018-09-05,2018-12-04,64,2011-09-19,2018-12-04,False
ORIO,2021-03-15,2021-04-12,10,2017-03-02,2026-06-12,True
ORKA,2020-05-29,2026-06-12,51,2004-01-02,2026-06-12,True
ORLA,2025-09-22,2026-06-12,178,2017-10-03,2026-06-12,True
ORLY,2006-07-21,2026-06-12,4833,2004-01-02,2026-06-12,True
OS,2024-10-17,2026-06-12,366,2024-07-24,2026-06-12,True
OSCR,2021-05-27,2026-06-12,661,2021-03-03,2026-06-12,True
OSH,2020-10-30,2023-05-02,574,2020-08-06,2023-05-02,False
OSIS,2013-02-01,2026-06-12,737,2004-01-02,2026-06-12,True
OSK,2005-04-18,2026-06-12,4779,2004-01-02,2026-06-12,True
OSPN,2007-08-09,2015-10-16,333,2004-01-02,2026-06-12,True
OSS,2026-03-12,2026-06-12,28,2018-02-01,2026-06-12,True
OSUR,2020-06-24,2021-01-14,142,2004-01-02,2026-06-12,True
OSW,2025-04-08,2026-05-15,93,2019-03-20,2026-06-12,True
OTEX,2008-01-17,2026-06-12,2188,2004-01-02,2026-06-12,True
OTF,2026-02-06,2026-06-12,88,2025-06-12,2026-06-12,True
OTIS,2020-06-15,2026-06-12,1507,2020-03-19,2026-06-12,True
OTLY,2021-08-16,2021-11-19,66,2021-05-20,2026-06-12,True
OTTR,2023-02-23,2026-06-12,283,2004-01-02,2026-06-12,True
OUST,2021-03-01,2026-06-12,280,2020-10-09,2026-06-12,True
OUT,2014-06-24,2026-06-12,2461,2014-03-28,2026-06-12,True
OUTR,2013-09-25,2016-09-28,694,2013-07-01,2016-09-28,False
OVTI,2004-03-30,2016-01-29,2107,2004-01-02,2016-01-29,False
OVV,2004-04-13,2026-06-12,4768,2004-01-02,2026-06-12,True
OWL,2021-09-17,2026-06-04,1098,2020-12-14,2026-06-12,True
OWW,2015-02-13,2015-09-25,156,2007-07-20,2015-09-25,False
OXM,2022-06-10,2025-09-23,508,2004-01-02,2026-06-12,True
OXPS,2006-03-14,2008-09-22,459,2005-12-14,2011-08-31,False
OXY,2004-03-30,2026-06-12,5573,2004-01-02,2026-06-12,True
OXY-WS,2022-03-31,2022-07-07,62,2020-07-30,2026-06-12,True
OZK,2015-02-17,2026-06-12,2798,2004-01-02,2026-06-12,True
OZON,2021-02-23,2022-04-14,290,2020-11-24,2026-06-12,True
OZRK,2015-02-17,2018-07-13,819,2004-01-02,2018-07-13,False
P,2016-01-04,2026-06-12,2310,2015-10-07,2026-06-12,True
PAA,2008-03-26,2026-06-12,3882,2004-01-02,2026-06-12,True
PAAS,2004-03-30,2026-06-12,4674,2004-01-02,2026-06-12,True
PAC,2008-07-17,2026-06-12,206,2006-02-27,2026-06-12,True
PACB,2015-12-15,2023-12-28,552,2010-10-27,2026-06-12,True
PACR,2007-04-20,2007-06-29,39,2004-01-02,2014-04-08,False
PACS,2024-09-10,2026-06-12,240,2024-04-11,2026-06-12,True
PACW,2007-08-08,2023-07-24,2417,2004-01-02,2023-11-30,False
PAG,2008-08-11,2026-06-12,2105,2004-01-02,2026-06-12,True
PAGP,2014-01-13,2026-06-12,2557,2013-10-16,2026-06-12,True
PAGS,2018-04-20,2026-05-08,1492,2018-01-24,2026-06-12,True
PALM,2009-04-20,2010-02-05,198,2007-10-25,2010-07-19,False
PANW,2012-10-15,2026-06-12,3434,2012-07-20,2026-06-12,True
PAR,2021-04-09,2026-06-12,554,2004-01-02,2026-06-12,True
PARA,2006-03-30,2025-08-07,4651,2006-01-03,2025-08-07,False
PARAA,2008-04-15,2008-04-21,5,2006-01-03,2025-08-07,False
PARR,2022-11-23,2026-06-12,763,2012-09-05,2026-06-12,True
PATH,2021-07-16,2026-06-12,1225,2021-04-21,2026-06-12,True
PATK,2022-02-22,2026-06-12,528,2004-01-02,2026-06-12,True
PAY,2025-06-30,2026-03-26,187,2021-05-26,2026-06-12,True
PAYC,2015-06-29,2026-06-12,2748,2014-04-15,2026-06-12,True
PAYO,2024-11-06,2025-02-26,67,2021-06-25,2026-06-12,True
PAYP,2026-06-08,2026-06-12,5,2026-03-12,2026-06-12,True
PAYS,2019-08-07,2019-10-16,46,2007-10-10,2026-06-12,True
PAYX,2004-03-30,2026-06-12,5587,2004-01-02,2026-06-12,True
PB,2008-08-19,2026-06-12,3129,2004-01-02,2026-06-12,True
PBA,2018-04-25,2026-06-12,1829,2010-10-06,2026-06-12,True
PBCT,2006-11-07,2022-04-04,3812,2004-01-02,2022-04-04,False
PBF,2013-03-13,2026-06-12,3105,2012-12-13,2026-06-12,True
PBG,2004-03-30,2010-05-06,1522,2004-01-02,2011-03-07,False
PBH,2016-01-26,2026-06-12,1027,2005-02-10,2026-06-12,True
PBI,2004-03-30,2026-06-12,3759,2004-01-02,2026-06-12,True
PBPB,2013-12-31,2013-12-31,1,2013-10-04,2025-10-23,False
PBR,2004-03-30,2026-06-12,4659,2004-01-02,2026-06-12,True
PBR-A,2004-03-30,2026-06-12,4372,2004-01-02,2026-06-12,True
PBYI,2013-12-19,2020-04-30,1435,2012-04-24,2026-06-12,True
PCAR,2004-03-30,2026-06-12,5587,2004-01-02,2026-06-12,True
PCG,2004-03-30,2026-06-12,5364,2004-01-02,2026-06-12,True
PCG-P-X,2025-03-10,2025-04-09,23,2024-12-09,2026-06-12,True
PCGU,2020-09-22,2023-08-15,62,2020-06-26,2023-08-15,False
PCH,2005-12-02,2026-02-02,1612,2004-01-02,2026-02-02,True
PCLN,2004-03-30,2026-01-09,3088,2004-01-02,2026-06-12,True
PCOR,2021-08-16,2026-06-12,1212,2021-05-20,2026-06-12,True
PCRX,2013-11-08,2026-04-01,2645,2011-02-03,2026-06-12,True
PCT,2021-05-07,2026-06-09,288,2020-07-14,2026-06-12,True
PCTY,2018-09-18,2026-06-12,1878,2014-03-19,2026-06-12,True
PCVX,2022-10-25,2026-06-12,911,2020-06-12,2026-06-12,True
PCYC,2012-06-08,2015-06-03,750,2004-01-02,2015-06-03,False
PD,2019-07-09,2026-02-02,1554,2019-04-11,2026-06-12,True
PDCE,2004-11-08,2023-09-05,2576,2004-01-02,2023-09-05,False
PDCO,2004-03-30,2025-04-17,4927,2004-01-02,2025-04-17,False
PDD,2018-10-19,2026-06-12,1921,2018-07-26,2026-06-12,True
PDFS,2026-05-15,2026-06-12,20,2004-01-02,2026-06-12,True
PDLI,2004-03-30,2014-09-02,1106,2004-01-02,2022-01-18,False
PDM,2011-02-24,2020-05-22,582,2010-02-10,2026-06-12,True
PDS,2004-11-24,2014-07-24,786,2004-01-02,2026-06-12,True
PDYN,2024-12-27,2025-07-25,16,2021-09-27,2026-06-12,True
PEB,2014-11-11,2026-06-12,2798,2009-12-09,2026-06-12,True
PECO,2022-01-28,2026-06-12,955,2021-07-15,2026-06-12,True
PEG,2004-03-30,2026-06-12,5587,2004-01-02,2026-06-12,True
PEGA,2017-06-30,2026-06-12,1673,2004-01-02,2026-06-12,True
PEGI,2015-06-30,2020-03-16,580,2013-09-27,2020-03-16,False
PEI-P-A,2007-05-03,2017-06-22,167,2004-01-02,2017-10-11,False
PEN,2016-06-28,2026-06-12,2190,2015-09-18,2026-06-12,True
PENG,2018-01-31,2026-06-12,762,2017-05-24,2026-06-12,True
PENN,2004-03-30,2026-06-12,4878,2004-01-02,2026-06-12,True
PEP,2004-03-30,2026-06-12,5587,2004-01-02,2026-06-12,True
PERI,2021-02-11,2023-09-29,239,2006-01-31,2026-06-12,True
PETM,2004-03-30,2015-03-11,2756,2004-01-02,2015-03-11,False
PETQ,2018-08-31,2024-10-25,119,2017-07-21,2024-10-25,False
PETS,2017-07-25,2021-08-26,582,2004-01-02,2026-06-12,True
PF,2013-06-24,2018-10-26,1126,2013-03-28,2018-10-26,False
PFE,2004-03-30,2026-06-12,5587,2004-01-02,2026-06-12,True
PFG,2004-03-30,2026-06-12,5560,2004-01-02,2026-06-12,True
PFGC,2017-03-24,2026-06-12,2210,2015-10-01,2026-06-12,True
PFPT,2014-03-20,2021-08-31,1727,2012-04-20,2021-08-31,False
PFS,2024-07-26,2026-06-12,67,2004-01-02,2026-06-12,True
PFSI,2020-03-05,2026-06-12,1480,2013-05-09,2026-06-12,True
PG,2004-03-30,2026-06-12,5587,2004-01-02,2026-06-12,True
PGEN,2014-04-03,2018-12-03,891,2013-08-08,2026-06-12,True
PGH,2006-10-05,2008-11-11,356,2004-01-02,2018-06-01,False
PGNY,2020-01-23,2026-06-12,1527,2019-10-25,2026-06-12,True
PGR,2004-03-30,2026-06-12,5586,2004-01-02,2026-06-12,True
PGRE,2015-02-18,2022-04-25,423,2014-11-19,2025-12-18,False
PGTI,2018-10-16,2024-03-28,110,2006-06-28,2024-03-28,False
PGY,2024-11-12,2026-06-12,339,2022-06-23,2026-06-12,True
PH,2004-03-30,2026-06-12,5587,2004-01-02,2026-06-12,True
PHAT,2025-08-11,2025-09-03,17,2019-10-25,2026-06-12,True
PHG,2004-03-30,2026-06-12,4870,2004-01-02,2026-06-12,True
PHH,2005-04-15,2015-08-28,794,2005-01-19,2018-12-14,False
PHI,2006-11-16,2007-05-14,27,2004-01-02,2026-06-12,True
PHIN,2023-09-22,2026-06-12,559,2023-06-28,2026-06-12,True
PHM,2004-03-30,2026-06-12,4905,2004-01-02,2026-06-12,True
PHR,2020-12-15,2026-05-08,435,2019-07-18,2026-06-12,True
PHUN,2024-03-04,2024-10-28,16,2016-10-28,2026-06-12,True
PHVS,2023-01-05,2023-01-24,6,2021-02-05,2026-06-12,True
PI,2016-11-21,2026-06-12,1340,2016-07-21,2026-06-12,True
PII,2004-11-05,2026-06-12,4913,2004-01-02,2026-06-12,True
PING,2020-05-20,2022-10-17,564,2019-09-19,2022-10-17,False
PINS,2019-07-16,2026-06-12,1738,2019-04-18,2026-06-12,True
PIPR,2006-06-14,2026-06-12,550,2004-01-02,2026-06-12,True
PIR,2004-04-29,2015-09-16,1263,2004-01-02,2020-10-15,False
PIXY,2022-09-23,2022-12-02,46,2017-06-30,2026-06-12,True
PJC,2006-06-14,2007-10-11,60,2004-01-02,2018-03-27,False
PJT,2023-12-18,2026-06-12,623,2015-10-01,2026-06-12,True
PK,2017-03-31,2026-06-12,2177,2017-01-04,2026-06-12,True
PKD,2007-06-08,2007-07-25,33,2004-01-02,2020-02-10,False
PKG,2007-04-04,2026-06-12,4480,2004-01-02,2026-06-12,True
PKX,2004-03-30,2024-12-26,2526,2004-01-02,2026-06-12,True
PL,2025-09-17,2026-06-12,186,2021-04-26,2026-06-12,True
PL-P-C,2007-03-14,2014-12-11,377,2004-01-02,2017-09-28,False
PL-P-E,2007-03-14,2014-12-10,376,2004-01-02,2017-09-28,False
PLAB,2005-07-12,2026-06-12,250,2004-01-02,2026-06-12,True
PLAY,2015-10-13,2026-06-12,2649,2014-10-10,2026-06-12,True
PLBY,2021-04-14,2022-04-19,257,2020-08-31,2026-06-12,True
PLCE,2005-01-07,2024-12-05,4245,2004-01-02,2026-06-12,True
PLCM,2004-03-30,2016-09-28,2613,2004-01-02,2016-09-28,False
PLD,2006-01-03,2026-06-12,5114,2004-01-02,2026-06-12,True
PLKI,2017-02-22,2017-03-28,25,2016-01-04,2017-03-28,False
PLL,2020-09-29,2023-06-27,597,2018-01-02,2025-08-29,False
PLMR,2020-06-01,2026-06-12,552,2019-04-17,2026-06-12,True
PLNT,2017-03-30,2026-06-12,2314,2015-08-06,2026-06-12,True
PLPC,2025-12-08,2026-06-12,109,2004-01-02,2026-06-12,True
PLRX,2022-07-12,2023-07-26,138,2020-06-03,2026-06-12,True
PLRZ,2025-12-05,2026-03-02,50,2024-10-29,2026-06-12,True
PLTK,2021-04-14,2022-11-15,374,2021-01-15,2026-06-12,True
PLTR,2020-12-24,2026-06-12,1129,2020-09-30,2026-06-12,True
PLUG,2014-03-10,2023-08-09,704,2004-01-02,2026-06-12,True
PLUS,2017-02-06,2017-08-21,120,2004-01-02,2026-06-12,True
PLXS,2006-02-27,2026-06-12,594,2004-01-02,2026-06-12,True
PLYA,2025-02-11,2026-02-12,100,2017-02-01,2026-06-12,True
PLYM,2025-10-28,2026-01-27,62,2017-06-09,2026-01-27,True
PM,2008-06-11,2026-06-12,4530,2008-03-17,2026-06-12,True
PMT,2012-10-05,2022-07-26,539,2009-07-30,2026-06-12,True
PMVP,2022-06-08,2022-08-23,49,2020-09-25,2026-06-12,True
PNC,2004-03-30,2026-06-12,5587,2004-01-02,2026-06-12,True
PNC-P-P,2012-07-18,2012-07-26,7,2012-04-23,2022-10-31,False
PNC-WS,2004-03-30,2017-07-24,3353,2004-01-02,2018-12-26,False
PNFP,2026-03-31,2026-06-12,52,2026-01-02,2026-06-12,True
PNK,2006-03-28,2018-03-16,889,2004-01-02,2018-10-15,False
PNR,2004-03-30,2026-06-12,5230,2004-01-02,2026-06-12,True
PNRA,2004-03-30,2017-07-19,3350,2004-01-02,2017-07-19,False
PNW,2004-03-30,2026-06-12,5321,2004-01-02,2026-06-12,True
PNY,2008-11-19,2016-10-11,262,2004-01-02,2016-10-11,False
PODD,2014-01-27,2026-06-12,2697,2007-05-15,2026-06-12,True
POET,2026-04-21,2026-06-12,29,2014-02-18,2026-06-12,True
POLA,2021-01-19,2021-04-16,61,2016-12-07,2026-06-12,True
PONY,2025-02-27,2026-06-03,261,2024-11-27,2026-06-12,True
POOL,2006-07-28,2026-06-12,2969,2004-01-02,2026-06-12,True
POR,2006-06-27,2026-06-12,3206,2006-03-31,2026-06-12,True
POSH,2021-04-13,2023-01-05,274,2021-01-14,2023-01-05,False
POST,2014-01-21,2026-06-12,3118,2012-01-27,2026-06-12,True
POT,2004-08-31,2018-01-02,3359,2004-01-02,2018-01-02,False
POWI,2004-03-30,2026-06-12,1639,2004-01-02,2026-06-12,True
POWL,2024-02-07,2026-06-12,589,2004-01-02,2026-06-12,True
PPBI,2017-11-08,2025-09-02,137,2004-01-02,2025-09-02,False
PPC,2005-01-07,2026-06-12,3198,2004-01-02,2026-06-12,True
PPD,2020-05-04,2021-12-08,405,2020-02-06,2021-12-08,False
PPG,2004-03-30,2026-06-12,5587,2004-01-02,2026-06-12,True
PPL,2004-03-30,2026-06-12,5587,2004-01-02,2026-06-12,True
PPLI,2004-03-30,2026-06-12,5587,2004-01-02,2026-06-12,True
PPO,2010-12-10,2015-08-26,888,2007-07-26,2015-08-26,False
PPS,2007-03-14,2016-12-08,1567,2004-01-02,2016-12-08,False
PPSI,2021-11-30,2021-12-08,2,2013-05-03,2026-06-12,True
PPTA,2025-06-20,2026-06-12,247,2021-02-18,2026-06-12,True
PQ,2008-06-25,2008-10-06,72,2004-01-02,2018-05-04,False
PQUEQ,2008-06-25,2008-10-06,71,2004-01-02,2019-03-05,False
PR,2017-03-27,2026-06-12,1329,2016-04-15,2026-06-12,True
PRA,2025-04-29,2026-06-12,53,2004-01-02,2026-06-12,True
PRAA,2013-08-08,2016-03-31,662,2004-01-02,2026-06-12,True
PRAH,2016-05-04,2021-07-01,1293,2014-11-13,2021-07-01,False
PRAX,2024-11-20,2026-06-12,329,2020-10-16,2026-06-12,True
PRCH,2021-02-11,2025-12-11,335,2020-01-13,2026-06-12,True
PRCT,2024-01-17,2026-06-12,599,2021-09-15,2026-06-12,True
PRDO,2004-03-30,2026-06-12,1892,2004-01-02,2026-06-12,True
PRFT,2021-06-07,2024-10-10,510,2004-01-02,2024-10-10,False
PRG,2013-10-28,2024-10-21,1785,2004-01-02,2026-06-12,True
PRGO,2007-10-18,2026-06-12,4668,2004-01-02,2026-06-12,True
PRGS,2018-03-09,2026-06-12,769,2004-01-02,2026-06-12,True
PRI,2015-05-13,2026-06-12,2223,2010-04-01,2026-06-12,True
PRIM,2021-05-11,2026-06-12,545,2008-08-06,2026-06-12,True
PRKS,2013-07-16,2026-06-12,3110,2013-04-19,2026-06-12,True
PRLB,2013-04-02,2022-02-18,1285,2012-02-24,2026-06-12,True
PRM,2025-09-03,2026-06-12,196,2021-11-09,2026-06-12,True
PRMB,2025-02-10,2026-06-12,337,2024-11-11,2026-06-12,True
PRMW,2017-11-20,2024-11-08,345,2004-01-02,2024-11-08,False
PRNB,2020-03-04,2020-09-28,89,2018-09-14,2020-09-28,False
PRO,2019-06-10,2025-12-08,191,2007-07-26,2025-12-08,False
PRPL,2020-08-06,2022-01-14,360,2018-02-05,2026-06-12,True
PRSP,2018-08-27,2021-05-06,416,2018-06-01,2021-05-06,False
PRTA,2015-06-01,2024-04-08,828,2012-12-21,2026-06-12,True
PRTS,2020-09-21,2021-07-09,198,2007-02-09,2026-06-12,True
PRU,2004-03-30,2026-06-12,5587,2004-01-02,2026-06-12,True
PRVA,2021-07-23,2026-06-12,480,2021-04-28,2026-06-12,True
PRVB,2021-05-26,2023-04-27,34,2018-07-24,2023-04-27,False
PRX,2007-08-07,2012-10-31,118,2006-12-28,2013-10-07,False
PRXL,2008-03-11,2017-10-09,1214,2004-01-02,2017-10-09,False
PS,2018-08-13,2026-06-12,638,2018-05-17,2026-06-12,True
PSA,2005-03-16,2026-06-12,5269,2004-01-02,2026-06-12,True
PSA-P-T,2005-03-16,2014-12-01,2370,2004-01-02,2017-09-27,False
PSDO,2019-10-30,2019-11-07,7,2017-03-10,2019-12-19,False
PSEC,2012-07-17,2014-09-25,533,2004-07-27,2026-06-12,True
PSFE,2021-01-06,2021-08-13,153,2020-10-09,2026-06-12,True
PSIX,2025-07-14,2026-06-12,232,2012-04-17,2026-06-12,True
PSKY,2025-10-30,2026-06-12,134,2025-08-06,2026-06-12,True
PSMT,2011-10-10,2026-06-12,528,2004-01-02,2026-06-12,True
PSN,2019-08-02,2026-06-12,836,2019-05-08,2026-06-12,True
PSNL,2020-12-08,2021-05-27,118,2019-06-20,2026-06-12,True
PSO,2015-08-20,2015-09-03,11,2004-01-02,2026-06-12,True
PSQH,2023-07-24,2023-09-25,45,2021-07-07,2026-06-12,True
PSTH,2020-12-07,2022-07-26,375,2020-09-11,2022-07-26,False
PSX,2012-07-09,2026-06-12,3503,2012-04-12,2026-06-12,True
PSXP,2016-03-21,2022-03-08,720,2013-07-23,2022-03-08,False
PTC,2006-10-11,2026-06-12,4250,2004-01-02,2026-06-12,True
PTCT,2014-12-24,2026-06-12,2291,2013-06-20,2026-06-12,True
PTEN,2004-03-30,2026-06-12,4527,2004-01-02,2026-06-12,True
PTEST,2025-05-19,2025-08-26,68,2017-03-17,2026-06-12,True
PTEST-A,2022-04-11,2026-04-20,814,2021-09-13,2026-06-12,True
PTGX,2021-09-21,2026-06-12,769,2016-08-11,2026-06-12,True
PTHN,2017-05-16,2017-08-11,62,2016-07-21,2017-11-03,False
PTLA,2015-10-01,2020-07-02,1082,2013-05-22,2020-07-02,False
PTLO,2022-01-18,2025-07-30,166,2021-10-21,2026-06-12,True
PTON,2019-12-20,2025-02-13,747,2019-09-26,2026-06-12,True
PTP,2005-11-29,2015-02-24,433,2004-01-02,2015-03-02,False
PTRY,2006-02-23,2007-10-25,209,2004-01-02,2015-03-16,False
PTVE,2025-02-14,2025-03-10,16,2020-09-17,2025-04-01,False
PUBM,2021-03-09,2022-07-07,318,2020-12-09,2026-06-12,True
PUK,2016-03-04,2026-06-12,701,2004-01-02,2026-06-12,True
PULS,2020-03-18,2026-06-12,1098,2018-04-10,2026-06-12,True
PUMP,2017-11-20,2026-06-12,567,2017-03-17,2026-06-12,True
PURR,2026-06-01,2026-06-03,3,2025-12-03,2026-06-12,True
PVG,2017-02-08,2022-02-09,256,2011-03-03,2026-06-12,True
PVH,2006-05-24,2026-06-12,4988,2004-01-02,2026-06-12,True
PVLA,2025-12-22,2026-06-12,119,2024-12-16,2026-06-12,True
PVTB,2009-11-13,2017-06-30,487,2004-01-02,2017-06-30,False
PVTL,2018-07-17,2019-12-23,346,2018-04-20,2020-01-03,False
PWE,2006-09-26,2013-10-04,1693,2005-11-15,2017-06-28,False
PWP,2025-07-24,2026-06-12,89,2020-11-20,2026-06-12,True
PWR,2006-05-01,2026-06-12,4970,2004-01-02,2026-06-12,True
PWRD,2008-06-09,2014-04-04,334,2007-07-26,2026-06-12,True
PWSC,2021-10-21,2024-10-01,132,2021-07-28,2024-10-01,False
PXD,2004-03-30,2024-05-03,5059,2004-01-02,2024-05-03,False
PXLW,2004-05-14,2004-07-20,45,2004-01-02,2026-06-12,True
PXP,2007-03-28,2013-03-05,1040,2006-12-28,2013-05-30,False
PYCR,2025-01-08,2025-04-14,66,2021-07-21,2025-04-14,False
PYPL,2015-10-13,2026-06-12,2682,2015-07-20,2026-06-12,True
PYX,2018-10-10,2019-05-23,132,2004-01-02,2020-06-16,False
PZZA,2015-02-26,2026-06-12,2814,2004-01-02,2026-06-12,True
Q,2026-01-30,2026-06-12,93,2025-11-03,2026-06-12,True
QADA,2021-11-05,2021-11-05,1,2010-12-16,2021-11-05,False
QBTS,2025-01-06,2026-06-12,281,2022-08-08,2026-06-12,True
QCOM,2004-03-30,2026-06-12,5587,2004-01-02,2026-06-12,True
QCOR,2011-04-29,2014-08-14,814,2004-01-02,2014-08-14,False
QCP,2017-01-30,2017-02-07,7,2016-11-01,2018-07-27,False
QDEL,2018-05-14,2026-06-12,1621,2004-01-02,2026-06-12,True
QEP,2010-09-10,2018-10-22,1832,2010-06-16,2021-03-18,False
QFIN,2020-08-21,2026-06-12,995,2018-12-14,2026-06-12,True
QGEN,2007-08-09,2026-06-12,3615,2004-01-02,2026-06-12,True
QIHU,2011-06-23,2016-07-25,1173,2011-03-29,2016-07-25,False
QIWI,2014-01-16,2014-10-10,184,2013-05-03,2024-05-09,False
QLGC,2016-07-27,2016-08-24,21,2016-01-04,2016-08-24,False
QLIK,2011-03-02,2016-08-23,1378,2010-07-15,2016-08-23,False
QLTY,2026-03-09,2026-06-12,68,2023-11-15,2026-06-12,True
QLYS,2015-04-22,2026-06-12,2173,2012-09-28,2026-06-12,True
QMCO,2024-11-27,2025-10-28,129,2004-01-02,2026-06-12,True
QMMM,2025-09-10,2025-12-03,60,2024-07-19,2026-06-12,True
QNCX,2021-08-26,2022-01-14,99,2019-05-09,2026-06-12,True
QNTM,2025-02-07,2025-02-13,5,2018-06-08,2026-06-12,True
QQQ,2004-03-30,2026-06-12,5587,2004-01-02,2026-06-12,True
QRVO,2015-03-31,2026-06-12,2818,2015-01-02,2026-06-12,True
QS,2020-11-10,2026-01-27,561,2020-08-17,2026-06-12,True
QSI,2021-03-05,2021-05-14,50,2020-11-13,2026-06-12,True
QSII,2005-06-28,2012-09-04,586,2004-01-02,2018-09-07,False
QSR,2015-03-13,2026-06-12,2830,2014-12-15,2026-06-12,True
QTNA,2019-04-02,2019-06-18,54,2016-10-28,2019-06-18,False
QTRX,2021-02-08,2021-07-28,116,2017-12-07,2026-06-12,True
QTS,2016-04-08,2021-08-31,1105,2013-10-09,2021-08-31,False
QTWO,2018-06-25,2026-06-12,1618,2014-03-20,2026-06-12,True
QUBT,2024-12-16,2026-06-08,218,2018-08-01,2026-06-12,True
QUNR,2016-03-31,2016-04-15,12,2016-01-04,2017-03-01,False
QURE,2019-03-11,2026-06-12,782,2014-02-05,2026-06-12,True
QVCA,2006-08-04,2018-03-09,2688,2006-05-10,2018-03-09,False
QXO,2024-08-22,2026-06-12,453,2012-03-15,2026-06-12,True
R,2004-08-09,2026-06-12,5477,2004-01-02,2026-06-12,True
RACE,2016-01-19,2026-06-12,2615,2015-10-21,2026-06-12,True
RADI,2023-03-03,2023-06-09,69,2020-10-05,2023-09-21,False
RAH,2008-08-05,2013-01-29,167,2006-12-28,2013-01-29,False
RAI,2004-03-30,2017-08-17,3371,2004-01-02,2017-08-17,False
RAIL,2006-04-28,2007-10-04,158,2005-04-06,2026-06-12,True
RAL,2025-09-24,2026-06-12,181,2025-06-30,2026-06-12,True
RAMP,2018-10-25,2026-06-12,1048,2018-08-01,2026-06-12,True
RAPP,2025-10-17,2025-12-02,32,2024-06-07,2026-06-12,True
RAPT,2021-06-15,2026-03-04,90,2019-10-31,2026-03-04,True
RARE,2014-09-08,2026-06-12,2774,2014-01-31,2026-06-12,True
RARX,2019-10-11,2020-04-02,120,2016-10-26,2020-04-02,False
RAS,2007-02-12,2007-07-31,118,2004-01-02,2018-05-11,False
RAVN,2021-06-24,2021-09-29,68,2004-01-02,2021-11-30,False
RAX,2009-10-30,2016-11-11,1766,2008-08-07,2016-11-11,False
RBA,2015-08-27,2026-06-12,1848,2004-01-02,2026-06-12,True
RBC,2020-04-15,2026-06-12,1392,2005-08-10,2026-06-12,True
RBLX,2021-06-04,2026-06-12,1262,2021-03-10,2026-06-12,True
RBRK,2024-07-23,2026-06-12,475,2024-04-25,2026-06-12,True
RCAP,2014-11-20,2015-01-27,28,2013-06-05,2016-01-04,False
RCAT,2024-12-16,2026-06-12,166,2017-09-22,2026-06-12,True
RCI,2007-08-02,2026-06-12,1585,2004-01-02,2026-06-12,True
RCKT,2015-07-29,2024-04-17,310,2015-02-18,2026-06-12,True
RCL,2004-03-30,2026-06-12,5517,2004-01-02,2026-06-12,True
RCM,2020-09-21,2026-03-24,979,2016-01-04,2026-06-12,True
RCPT,2014-08-26,2015-08-27,250,2013-05-09,2015-08-27,False
RCUS,2020-06-03,2026-06-12,528,2018-03-15,2026-06-12,True
RDBX,2022-06-10,2022-06-22,8,2020-12-10,2022-08-31,False
RDC,2004-03-30,2019-04-11,3753,2004-01-02,2019-04-11,False
RDDT,2024-06-17,2026-06-12,499,2024-03-21,2026-06-12,True
RDFN,2017-10-23,2025-07-02,1054,2017-07-28,2025-07-02,False
RDN,2004-03-30,2026-06-12,4329,2004-01-02,2026-06-12,True
RDNT,2023-08-08,2026-06-12,589,2004-01-02,2026-06-12,True
RDNW,2020-07-21,2020-10-12,59,2017-01-09,2026-06-12,True
RDS-A,2005-10-14,2022-01-31,4101,2005-07-21,2022-01-31,False
RDS-B,2004-03-30,2022-01-28,3921,2004-01-02,2022-01-28,False
RDUS,2015-02-27,2021-12-07,905,2014-06-06,2026-06-12,True
RDW,2025-01-29,2026-06-12,160,2021-09-02,2026-06-12,True
RDWR,2010-10-14,2011-03-04,98,2004-01-02,2026-06-12,True
RDY,2015-09-11,2026-06-12,390,2004-01-02,2026-06-12,True
REAL,2019-09-24,2026-06-12,700,2019-06-28,2026-06-12,True
REG,2005-04-26,2026-06-12,5210,2004-01-02,2026-06-12,True
REG-P-G,2005-04-26,2014-10-14,2278,2004-01-02,2017-08-22,False
REGI,2018-10-12,2022-09-08,569,2012-01-19,2022-09-08,False
REGN,2007-05-30,2026-06-12,3911,2004-01-02,2026-06-12,True
REKR,2021-05-12,2021-05-28,11,2017-08-29,2026-06-12,True
RELX,2020-04-13,2026-06-12,1197,2004-01-02,2026-06-12,True
RELY,2021-12-17,2026-06-12,718,2021-09-23,2026-06-12,True
REN,2016-08-25,2019-01-15,370,2007-10-08,2019-03-01,False
RENT,2024-04-15,2024-07-09,58,2021-10-27,2026-06-12,True
REPL,2020-10-26,2025-12-24,85,2018-07-20,2026-06-12,True
RES,2010-12-22,2019-03-04,1461,2004-01-02,2026-06-12,True
RETA,2018-07-26,2023-09-26,1031,2016-05-26,2023-09-26,False
REVG,2024-04-15,2026-03-23,361,2017-01-27,2026-06-12,True
REX,2014-09-25,2014-12-15,57,2004-01-02,2026-06-12,True
REXR,2018-06-06,2026-06-12,1952,2013-07-19,2026-06-12,True
REYN,2020-04-28,2026-06-12,375,2020-01-31,2026-06-12,True
REZI,2019-01-11,2026-06-12,834,2018-10-15,2026-06-12,True
RF,2004-03-30,2026-06-12,3805,2004-01-02,2026-06-12,True
RFMD,2014-06-17,2015-01-08,117,2004-01-02,2015-01-08,False
RFP,2022-07-08,2022-09-29,59,2010-12-10,2023-03-06,False
RGA,2008-12-08,2026-06-12,4270,2008-09-12,2026-06-12,True
RGC,2021-10-11,2025-09-16,107,2021-07-16,2026-06-12,True
RGEN,2018-10-22,2026-06-12,1885,2004-01-02,2026-06-12,True
RGLD,2006-01-06,2026-06-12,4577,2004-01-02,2026-06-12,True
RGLS,2014-11-10,2015-01-27,53,2012-10-09,2025-06-25,False
RGNX,2018-06-06,2021-04-07,517,2015-09-17,2026-06-12,True
RGP,2004-12-27,2007-11-14,125,2004-01-02,2026-06-12,True
RGR,2012-05-02,2021-04-06,732,2004-01-02,2026-06-12,True
RGS,2006-03-30,2006-04-21,16,2004-01-02,2026-06-12,True
RGTI,2024-12-17,2026-06-12,318,2021-04-22,2026-06-12,True
RH,2013-06-19,2026-06-12,3266,2012-11-02,2026-06-12,True
RHI,2004-04-05,2026-06-12,5572,2004-01-02,2026-06-12,True
RHLD,2026-01-30,2026-06-12,92,2025-02-28,2026-06-12,True
RHP,2007-08-20,2026-06-12,3156,2004-01-02,2026-06-12,True
RHT,2004-03-30,2019-07-08,3834,2004-01-02,2019-07-08,False
RICE,2014-04-22,2017-11-14,856,2014-01-24,2017-11-14,False
RIG,2004-03-30,2018-11-09,3447,2004-01-02,2026-06-12,True
RIGL,2007-12-17,2026-02-18,179,2004-01-02,2026-06-12,True
RILY,2021-04-15,2024-08-09,294,2015-07-16,2026-06-12,True
RIO,2005-03-22,2026-06-12,5306,2004-01-02,2026-06-12,True
RIOT,2017-11-28,2026-06-12,1005,2004-01-02,2026-06-12,True
RITM,2015-03-26,2026-04-27,2181,2013-05-02,2026-06-12,True
RIVN,2022-02-07,2026-06-12,1072,2021-11-10,2026-06-12,True
RJF,2007-07-26,2026-06-12,4555,2004-01-02,2026-06-12,True
RKDA,2018-03-23,2018-06-08,42,2015-05-15,2026-06-12,True
RKLB,2021-11-17,2026-06-12,461,2021-08-24,2026-06-12,True
RKT,2020-10-30,2026-06-12,1011,2020-08-06,2026-06-12,True
RKUS,2013-08-02,2016-06-06,130,2012-11-15,2016-06-06,False
RL,2004-10-11,2026-06-12,5312,2004-01-02,2026-06-12,True
RLAY,2020-10-09,2026-06-12,440,2020-07-16,2026-06-12,True
RLD,2011-06-02,2011-09-06,67,2010-07-15,2016-03-31,False
RLI,2019-12-05,2026-06-12,1039,2004-01-02,2026-06-12,True
RLJ,2013-05-24,2026-06-12,1591,2011-05-11,2026-06-12,True
RLX,2021-04-22,2021-06-03,29,2021-01-22,2026-06-12,True
RLYP,2016-03-31,2016-09-02,110,2016-01-04,2016-09-02,False
RMBS,2004-03-30,2026-06-12,2688,2004-01-02,2026-06-12,True
RMD,2005-10-20,2026-06-12,5092,2004-01-02,2026-06-12,True
RMO,2020-12-04,2021-06-08,81,2019-04-01,2022-10-14,False
RMTI,2013-10-03,2013-12-24,58,2004-01-02,2026-06-12,True
RNAM,2026-02-27,2026-03-03,3,2013-06-28,2026-03-03,True
RNF,2013-04-04,2013-04-04,1,2011-11-03,2016-04-11,False
RNG,2017-04-28,2026-06-12,2294,2013-09-27,2026-06-12,True
RNR,2004-09-10,2026-06-12,5374,2004-01-02,2026-06-12,True
RNST,2024-08-23,2026-06-12,306,2004-01-02,2026-06-12,True
RNWK,2006-05-01,2007-02-14,152,2004-01-02,2022-12-22,False
ROAD,2024-04-24,2026-06-12,485,2018-05-04,2026-06-12,True
ROCC,2018-06-25,2023-05-18,152,2016-11-15,2023-06-20,False
ROCK,2017-06-12,2026-01-06,137,2004-01-02,2026-06-12,True
ROG,2017-12-04,2026-06-12,889,2004-01-02,2026-06-12,True
ROH,2007-03-28,2009-04-01,508,2006-12-28,2009-04-01,False
ROIC,2016-09-19,2025-02-12,344,2009-11-03,2025-02-12,False
ROIV,2023-06-09,2026-06-12,689,2021-10-01,2026-06-12,True
ROK,2004-03-30,2026-06-12,5587,2004-01-02,2026-06-12,True
ROKU,2017-12-22,2026-06-12,2128,2017-09-28,2026-06-12,True
ROL,2017-05-22,2026-06-12,2266,2004-01-02,2026-06-12,True
ROLR,2026-01-15,2026-01-22,4,2024-10-23,2026-06-12,True
ROOT,2021-01-26,2026-03-19,526,2020-10-28,2026-06-12,True
ROP,2005-02-09,2026-06-12,5063,2004-01-02,2026-06-12,True
ROST,2004-03-30,2026-06-12,5587,2004-01-02,2026-06-12,True
ROVR,2023-12-07,2024-02-27,55,2021-02-01,2024-02-27,False
RP,2017-06-22,2021-04-22,944,2010-08-12,2021-04-22,False
RPAI,2014-03-03,2021-10-22,858,2012-04-09,2021-10-22,False
RPAI-P-A,2014-03-03,2017-07-14,738,2012-04-09,2017-12-19,False
RPAY,2020-08-04,2021-04-27,146,2018-07-17,2026-06-12,True
RPD,2018-10-29,2025-07-25,1639,2015-07-17,2026-06-12,True
RPM,2008-08-14,2026-06-12,3281,2004-01-02,2026-06-12,True
RPRX,2020-09-10,2026-06-12,1446,2020-06-16,2026-06-12,True
RRC,2005-06-16,2026-06-12,4791,2004-01-02,2026-06-12,True
RRD,2004-03-30,2022-02-25,3152,2004-01-02,2022-02-25,False
RRGB,2005-08-15,2018-08-17,547,2004-01-02,2026-06-12,True
RRR,2017-07-21,2026-06-12,1462,2016-04-27,2026-06-12,True
RRX,2009-05-20,2026-06-12,2985,2004-01-02,2026-06-12,True
RS,2006-01-23,2026-06-12,5130,2004-01-02,2026-06-12,True
RSG,2005-02-18,2026-06-12,5275,2004-01-02,2026-06-12,True
RSI,2021-01-27,2026-06-12,535,2020-04-23,2026-06-12,True
RSKD,2021-10-22,2021-11-24,8,2021-07-29,2026-06-12,True
RSP,2006-03-17,2026-06-12,4680,2004-01-02,2026-06-12,True
RSPP,2014-08-08,2018-07-19,994,2014-01-17,2018-07-19,False
RST,2020-09-02,2020-10-26,38,2009-04-16,2020-10-26,False
RT,2004-11-09,2006-09-08,201,2004-01-02,2017-12-22,False
RTI,2006-04-19,2015-06-08,737,2004-01-02,2015-07-22,False
RTN,2004-03-30,2020-04-03,4032,2004-01-02,2020-04-03,False
RTO,2022-10-19,2026-06-12,373,2007-07-13,2026-06-12,True
RTX,2004-03-30,2026-06-12,5587,2004-01-02,2026-06-12,True
RUE,2013-10-02,2013-10-18,13,2009-11-13,2013-10-18,False
RUM,2021-12-06,2025-07-23,184,2021-04-14,2026-06-12,True
RUN,2018-05-10,2026-06-12,1725,2015-08-05,2026-06-12,True
RUSHA,2024-01-02,2026-06-12,415,2004-01-02,2026-06-12,True
RUTH,2023-05-24,2023-06-14,15,2005-08-09,2023-06-14,False
RVBD,2006-12-15,2015-04-24,1982,2006-09-21,2015-04-24,False
RVI,2026-06-04,2026-06-12,7,2026-03-06,2026-06-12,True
RVLV,2019-09-03,2026-06-12,1409,2019-06-07,2026-06-12,True
RVMD,2021-02-05,2026-06-12,1043,2020-02-13,2026-06-12,True
RVNC,2020-02-28,2023-10-10,339,2014-02-06,2026-06-12,True
RVP,2021-02-02,2021-03-19,33,2004-01-02,2026-06-12,True
RVSN,2024-01-29,2024-02-09,10,2022-03-31,2026-06-12,True
RVTY,2007-08-03,2026-06-12,4742,2004-01-02,2026-06-12,True
RWT,2007-08-02,2018-10-17,429,2004-01-02,2026-06-12,True
RXDX,2022-09-08,2023-06-16,195,2021-03-12,2023-06-16,False
RXO,2023-01-25,2026-06-12,579,2022-10-27,2026-06-12,True
RXRX,2021-11-30,2025-02-20,141,2021-04-16,2026-06-12,True
RXST,2024-01-19,2025-03-17,290,2021-07-30,2026-06-12,True
RXT,2020-10-29,2021-12-06,241,2020-08-05,2026-06-12,True
RY,2007-08-20,2026-06-12,4734,2004-01-02,2026-06-12,True
RY-P-S,2007-08-20,2017-06-09,2470,2004-01-02,2017-11-10,False
RYAAY,2004-03-30,2026-06-12,3767,2004-01-02,2026-06-12,True
RYAM,2014-09-10,2018-05-16,89,2014-06-16,2026-06-12,True
RYAN,2021-10-15,2026-06-12,1021,2021-07-22,2026-06-12,True
RYL,2004-03-30,2015-09-30,2583,2004-01-02,2015-09-30,False
RYM,2021-08-30,2021-11-26,63,2021-01-28,2026-06-12,True
RYN,2004-03-30,2026-06-12,3451,2004-01-02,2026-06-12,True
RYTM,2022-08-04,2026-06-12,697,2017-10-05,2026-06-12,True
RYZB,2023-12-29,2026-03-12,62,2023-09-14,2026-06-12,True
S,2021-09-24,2026-06-12,1184,2021-06-30,2026-06-12,True
SA,2025-10-01,2026-06-12,176,2004-04-20,2026-06-12,True
SABR,2014-07-15,2022-05-02,1556,2014-04-17,2026-06-12,True
SAFM,2004-08-25,2022-09-08,2322,2004-01-02,2022-09-08,False
SAH,2021-12-10,2026-06-12,131,2004-01-02,2026-06-12,True
SAIA,2019-09-27,2026-06-12,1686,2004-01-02,2026-06-12,True
SAIC,2016-11-18,2026-06-12,2345,2013-09-16,2026-06-12,True
SAIL,2025-05-12,2026-06-12,274,2025-02-13,2026-06-12,True
SALE,2014-02-10,2014-12-01,201,2013-07-19,2017-05-24,False
SAM,2015-01-27,2026-06-12,2860,2004-01-02,2026-06-12,True
SAN,2007-12-06,2026-06-12,996,2004-01-02,2026-06-12,True
SANA,2021-05-03,2024-04-01,54,2021-02-04,2026-06-12,True
SAND,2020-07-22,2025-10-17,56,2009-05-29,2025-10-17,False
SANM,2004-03-30,2026-06-12,1178,2004-01-02,2026-06-12,True
SAP,2004-03-30,2026-06-12,5587,2004-01-02,2026-06-12,True
SAPE,2014-11-04,2015-02-05,64,2004-01-02,2015-02-05,False
SARO,2024-12-27,2026-06-12,365,2024-10-02,2026-06-12,True
SATA,2026-05-28,2026-06-12,12,2025-11-10,2026-06-12,True
SATL,2026-05-22,2026-05-26,2,2021-03-26,2026-06-12,True
SATS,2008-03-31,2026-06-12,666,2008-01-02,2026-06-12,True
SBAC,2006-05-25,2026-06-12,5044,2004-01-02,2026-06-12,True
SBCF,2023-02-01,2026-06-12,211,2004-01-02,2026-06-12,True
SBET,2025-05-28,2026-01-16,135,2024-02-13,2026-06-12,True
SBGI,2013-04-15,2022-05-27,2156,2004-01-02,2026-06-12,True
SBH,2011-10-26,2026-06-12,2902,2006-11-17,2026-06-12,True
SBIT,2024-09-18,2026-06-12,384,2024-04-02,2026-06-12,True
SBLK,2021-05-04,2026-06-12,1119,2006-02-27,2026-06-12,True
SBOW,2024-06-05,2024-07-30,36,2016-05-03,2024-07-30,False
SBRA,2014-12-11,2026-06-12,2249,2004-01-02,2026-06-12,True
SBS,2012-03-06,2026-05-06,989,2004-01-02,2026-06-12,True
SBSW,2016-03-23,2026-06-05,928,2013-02-11,2026-06-12,True
SBUX,2004-03-30,2026-06-12,5509,2004-01-02,2026-06-12,True
SC,2014-04-21,2021-12-28,1666,2014-01-23,2022-01-28,False
SCAI,2017-01-17,2017-04-03,54,2016-01-04,2017-04-03,False
SCCO,2005-03-17,2026-06-12,5342,2004-01-02,2026-06-12,True
SCG,2007-05-02,2018-12-31,2937,2004-01-02,2018-12-31,False
SCHD,2014-12-17,2026-06-12,2739,2011-10-20,2026-06-12,True
SCHF,2014-11-18,2026-06-12,2908,2009-11-03,2026-06-12,True
SCHG,2017-08-14,2026-06-12,2118,2009-12-11,2026-06-12,True
SCHH,2016-07-21,2026-06-12,2287,2011-01-13,2026-06-12,True
SCHL,2026-04-21,2026-06-12,38,2004-01-02,2026-06-12,True
SCHW,2004-03-30,2026-06-12,5458,2004-01-02,2026-06-12,True
SCHW-P-B,2004-03-30,2017-07-28,3229,2004-01-02,2017-11-28,False
SCHX,2014-11-25,2026-06-12,2903,2009-11-03,2026-06-12,True
SCI,2007-11-05,2026-06-12,3323,2004-01-02,2026-06-12,True
SCKT,2021-02-17,2021-03-16,10,2004-01-02,2026-06-12,True
SCMP,2015-09-11,2018-02-13,88,2007-08-02,2018-02-13,False
SCOR,2015-09-09,2017-06-26,223,2007-06-27,2026-06-12,True
SCS,2025-08-11,2025-12-09,85,2004-01-02,2025-12-09,False
SCU,2008-02-12,2014-05-22,32,2007-11-14,2023-11-17,False
SD,2022-06-15,2022-08-25,50,2016-10-04,2026-06-12,True
SD1,2008-02-04,2011-08-03,392,2007-11-06,2016-01-06,False
SDA,2023-08-14,2023-08-25,10,2023-05-17,2026-06-12,True
SDGR,2020-05-04,2025-12-30,987,2020-02-06,2026-06-12,True
SDOCQ,2008-02-05,2011-08-03,392,2007-11-06,2016-10-12,False
SDRL,2023-07-07,2026-06-12,737,2022-10-14,2026-06-12,True
SE,2018-01-18,2026-06-12,1929,2017-10-20,2026-06-12,True
SEB,2025-12-02,2026-06-12,133,2004-01-02,2026-06-12,True
SEDG,2015-07-10,2026-06-12,2433,2015-03-26,2026-06-12,True
SEE,2004-03-30,2026-04-09,5133,2004-01-02,2026-04-09,True
SEED,2009-11-27,2010-04-15,69,2004-05-05,2026-06-12,True
SEER,2021-03-04,2021-10-25,103,2020-12-04,2026-06-12,True
SEI,2025-01-28,2026-06-12,346,2017-05-12,2026-06-12,True
SEIC,2006-06-21,2026-06-12,4385,2004-01-02,2026-06-12,True
SEM,2020-02-25,2026-06-12,609,2009-09-25,2026-06-12,True
SEMR,2025-11-24,2026-04-10,94,2021-03-24,2026-04-28,True
SEP,2015-10-09,2018-12-14,593,2007-07-26,2018-12-14,False
SERV,2024-07-25,2026-03-11,246,2024-03-07,2026-06-12,True
SEZL,2024-11-12,2026-06-12,396,2023-08-17,2026-06-12,True
SF,2009-05-14,2026-06-12,2883,2004-01-02,2026-06-12,True
SFBS,2024-12-23,2026-06-09,170,2014-05-14,2026-06-12,True
SFD,2025-04-24,2026-06-12,155,2025-01-28,2026-06-12,True
SFG,2008-03-03,2016-03-15,230,2004-01-02,2016-03-15,False
SFIX,2018-02-15,2022-05-05,973,2017-11-17,2026-06-12,True
SFLY,2011-04-04,2019-09-25,1839,2006-09-29,2019-09-25,False
SFM,2013-10-25,2026-06-12,3158,2013-08-01,2026-06-12,True
SFNC,2022-02-09,2026-06-12,248,2004-01-02,2026-06-12,True
SFR,2016-07-28,2017-11-17,316,2016-01-04,2017-11-17,False
SG,2022-02-15,2026-05-28,642,2021-11-18,2026-06-12,True
SGEN,2010-11-08,2026-05-01,3192,2004-01-02,2026-06-12,True
SGFY,2021-05-10,2023-04-03,342,2021-02-11,2023-04-03,False
SGHC,2025-09-05,2026-06-12,169,2022-01-28,2026-06-12,True
SGI,2005-04-22,2026-06-12,4737,2004-01-02,2026-06-12,True
SGMA,2021-12-15,2021-12-31,12,2004-01-02,2025-07-28,False
SGML,2022-10-28,2026-06-12,484,2018-11-05,2026-06-12,True
SGOV,2022-02-09,2026-06-12,1089,2020-05-28,2026-06-12,True
SGRY,2021-04-15,2026-05-28,1028,2015-10-01,2026-06-12,True
SHAK,2015-04-28,2026-06-12,2782,2015-01-30,2026-06-12,True
SHAW,2007-06-19,2008-11-10,354,2006-12-28,2013-02-12,False
SHAZ,2026-06-05,2026-06-12,6,2021-12-27,2026-06-12,True
SHC,2021-02-19,2026-06-12,518,2020-11-20,2026-06-12,True
SHEL,2004-03-30,2026-06-12,5017,2004-01-02,2026-06-12,True
SHG,2026-04-14,2026-05-08,16,2004-01-02,2026-06-12,True
SHLM,2018-04-25,2018-05-14,14,2004-01-02,2018-08-22,False
SHLS,2021-04-23,2026-06-12,780,2021-01-27,2026-06-12,True
SHLX,2015-01-27,2022-10-28,503,2014-10-29,2022-10-28,False
SHO,2007-06-27,2025-03-10,2461,2004-10-21,2026-06-12,True
SHOO,2012-07-05,2026-06-12,2348,2004-01-02,2026-06-12,True
SHOP,2015-08-17,2026-06-12,2492,2015-05-21,2026-06-12,True
SHPG,2005-02-16,2019-01-08,3455,2004-01-02,2019-01-08,False
SHV,2008-08-29,2026-06-12,4474,2007-01-11,2026-06-12,True
SHW,2004-03-30,2026-06-12,5587,2004-01-02,2026-06-12,True
SHY,2004-04-30,2026-06-12,5441,2004-01-02,2026-06-12,True
SHYF,2007-08-10,2007-08-28,13,2004-01-02,2025-07-01,False
SIAL,2004-03-30,2015-11-18,2907,2004-01-02,2015-11-18,False
SID,2005-03-31,2021-05-11,1452,2004-01-02,2026-06-12,True
SIG,2010-12-08,2026-06-12,3859,2004-01-02,2026-06-12,True
SIGA,2022-05-23,2022-10-04,89,2004-01-02,2026-06-12,True
SIGI,2019-09-23,2026-06-12,1164,2004-01-02,2026-06-12,True
SII,2026-01-30,2026-06-12,93,2020-06-29,2026-06-12,True
SILA,2024-09-23,2026-06-12,43,2021-02-05,2026-06-12,True
SILK,2020-06-25,2024-09-17,376,2019-04-04,2024-09-17,False
SIMG,2004-12-22,2005-04-01,37,2004-01-02,2015-03-10,False
SIMO,2007-04-20,2026-06-12,1834,2005-06-30,2026-06-12,True
SINA,2004-03-30,2021-03-15,4264,2004-01-02,2021-03-22,False
SIR,2018-10-09,2018-12-27,55,2012-03-07,2018-12-31,False
SIRI,2024-09-10,2026-06-12,441,2004-01-02,2026-06-12,True
SIRO,2010-04-05,2016-03-08,1186,2004-01-02,2016-03-08,False
SITC,2004-05-25,2025-01-27,3863,2004-01-02,2026-06-12,True
SITE,2017-05-04,2026-06-12,2266,2016-05-12,2026-06-12,True
SITM,2021-02-19,2026-06-12,1206,2019-11-20,2026-06-12,True
SIX,2011-08-09,2024-07-01,2966,2010-05-11,2024-07-01,False
SJI,2018-04-20,2023-01-31,899,2004-01-02,2023-01-31,False
SJM,2007-07-20,2026-06-12,4536,2004-01-02,2026-06-12,True
SJR,2021-03-16,2023-04-03,122,2004-01-02,2023-04-03,False
SKE,2026-01-29,2026-06-12,94,2017-09-22,2026-06-12,True
SKIN,2021-06-28,2023-05-22,415,2020-11-24,2026-06-12,True
SKLZ,2020-09-08,2021-11-19,288,2020-04-27,2026-06-12,True
SKM,2004-03-30,2026-06-12,2152,2004-01-02,2026-06-12,True
SKS,2007-03-28,2013-11-12,979,2006-12-28,2013-11-12,False
SKT,2008-07-24,2026-06-12,3358,2004-01-02,2026-06-12,True
SKWD,2025-04-01,2026-05-26,246,2023-01-13,2026-06-12,True
SKX,2007-06-05,2025-09-12,3338,2004-01-02,2025-09-12,False
SKY,2018-12-10,2026-06-12,1185,2004-01-02,2026-06-12,True
SKYQ,2026-04-10,2026-04-15,3,2024-10-10,2026-06-12,True
SKYT,2025-10-08,2026-06-12,171,2021-04-21,2026-06-12,True
SKYW,2006-01-13,2026-06-12,840,2004-01-02,2026-06-12,True
SLAB,2004-03-30,2026-06-12,4203,2004-01-02,2026-06-12,True
SLAI,2014-02-21,2021-10-20,234,2013-11-22,2026-06-12,True
SLB,2004-03-30,2026-06-12,5587,2004-01-02,2026-06-12,True
SLDE,2025-10-20,2026-06-12,132,2025-06-18,2026-06-12,True
SLDP,2021-12-01,2021-12-27,12,2021-05-18,2026-06-12,True
SLE,2021-03-19,2021-03-19,1,2019-02-26,2026-06-12,True
SLF,2008-03-12,2026-06-12,2080,2004-01-02,2026-06-12,True
SLG,2006-03-16,2026-06-12,5090,2004-01-02,2026-06-12,True
SLGN,2009-06-03,2026-06-12,1362,2004-01-02,2026-06-12,True
SLH,2009-10-15,2016-03-11,686,2007-05-10,2016-03-11,False
SLI,2021-11-11,2021-12-02,6,2017-09-22,2026-06-12,True
SLM,2004-03-30,2026-06-12,4367,2004-01-02,2026-06-12,True
SLMT,2025-10-01,2025-10-31,21,2023-01-27,2026-06-12,True
SLNO,2023-09-28,2026-05-19,524,2014-11-13,2026-05-19,True
SLQT,2020-08-17,2021-11-17,314,2020-05-21,2026-06-12,True
SLRN,2023-09-12,2023-10-31,19,2023-05-04,2026-06-12,True
SLS,2021-02-08,2021-02-16,2,2017-12-29,2026-06-12,True
SLV,2006-07-25,2026-06-12,4971,2006-04-28,2026-06-12,True
SLVM,2021-12-17,2025-06-17,473,2021-09-23,2026-06-12,True
SLW,2006-05-04,2017-05-15,2383,2005-07-06,2017-05-15,False
SLXP,2009-11-20,2015-04-01,1313,2004-01-02,2015-04-01,False
SM,2006-05-15,2026-06-12,4376,2004-01-02,2026-06-12,True
SMA,2025-06-30,2026-06-12,234,2025-04-02,2026-06-12,True
SMAR,2019-02-06,2025-01-22,1499,2018-04-27,2025-01-22,False
SMCI,2015-03-27,2026-06-12,1160,2007-03-29,2026-06-12,True
SMFG,2023-12-08,2026-06-12,364,2006-01-27,2026-06-12,True
SMG,2006-09-15,2026-06-12,3891,2004-01-02,2026-06-12,True
SMH,2004-03-30,2026-06-12,5587,2004-01-02,2026-06-12,True
SMLR,2024-11-29,2025-12-22,230,2014-02-21,2026-01-16,True
SMMT,2024-07-23,2026-06-12,472,2015-03-05,2026-06-12,True
SMPL,2019-10-10,2026-06-12,1397,2017-07-10,2026-06-12,True
SMR,2024-06-21,2026-06-08,450,2020-12-09,2026-06-12,True
SMSI,2007-04-20,2007-09-18,96,2004-01-02,2026-06-12,True
SMTC,2004-03-30,2026-06-12,2644,2004-01-02,2026-06-12,True
SMX,2025-12-01,2026-04-06,72,2021-12-09,2026-06-12,True
SN,2023-10-24,2026-06-12,661,2023-07-31,2026-06-12,True
SNA,2007-02-27,2026-06-12,4450,2004-01-02,2026-06-12,True
SNAP,2017-05-26,2025-07-23,1656,2017-03-02,2026-06-12,True
SNBR,2006-02-13,2022-08-09,2147,2004-01-02,2026-06-12,True
SNCR,2007-07-30,2017-12-01,691,2006-06-15,2026-06-12,True
SNCY,2021-08-12,2026-04-14,48,2021-03-17,2026-05-13,True
SNDA,2026-05-15,2026-06-12,20,2004-01-02,2026-06-12,True
SNDK,2025-05-20,2026-06-12,268,2025-02-24,2026-06-12,True
SNDR,2017-07-03,2026-06-12,502,2017-04-06,2026-06-12,True
SNDX,2022-12-19,2026-06-12,673,2016-03-03,2026-06-12,True
SNEX,2025-02-18,2026-06-12,332,2004-01-02,2026-06-12,True
SNI,2008-09-08,2018-03-16,2383,2008-06-12,2018-03-16,False
SNN,2014-06-19,2026-06-12,1780,2004-01-02,2026-06-12,True
SNOW,2020-12-10,2026-06-12,1382,2020-09-16,2026-06-12,True
SNPS,2004-03-30,2026-06-12,5332,2004-01-02,2026-06-12,True
SNRE,2025-02-12,2025-03-07,17,2024-11-13,2025-08-15,False
SNT,2004-04-12,2004-08-30,98,2004-01-02,2026-06-12,True
SNV,2004-03-30,2025-12-31,4013,2004-01-02,2025-12-31,False
SNX,2015-10-14,2026-06-12,2681,2004-01-02,2026-06-12,True
SNY,2004-09-30,2026-06-12,5459,2004-01-02,2026-06-12,True
SO,2004-03-30,2026-06-12,5587,2004-01-02,2026-06-12,True
SO 6.75 08-01-22,2019-11-07,2022-07-29,60,2019-08-14,2022-07-29,False
SOBO,2024-12-30,2026-06-12,288,2024-10-03,2026-06-12,True
SOC,2024-10-11,2026-06-12,351,2024-02-15,2026-06-12,True
SODA,2011-01-31,2018-12-04,1138,2010-11-03,2018-12-04,False
SOFI,2021-02-26,2026-06-12,676,2020-11-30,2026-06-12,True
SOGO,2018-06-15,2018-07-27,30,2017-11-09,2021-09-23,False
SOGP,2021-02-04,2025-11-24,81,2020-01-17,2026-06-12,True
SOHU,2004-03-30,2018-04-13,2521,2004-01-02,2026-06-12,True
SOLO,2020-11-20,2020-11-23,2,2018-08-07,2024-03-26,False
SOLS,2026-01-27,2026-06-12,96,2025-10-29,2026-06-12,True
SOLV,2024-06-21,2026-06-12,496,2024-03-26,2026-06-12,True
SOLY,2019-06-05,2019-08-28,57,2019-02-19,2021-12-16,False
SOMN,2026-02-10,2026-03-30,34,2025-11-12,2026-06-12,True
SON,2007-08-07,2026-06-12,2919,2004-01-02,2026-06-12,True
SONC,2007-06-26,2018-12-10,1082,2004-01-02,2018-12-10,False
SONO,2018-10-26,2026-06-12,1538,2018-08-02,2026-06-12,True
SONY,2004-03-30,2026-06-12,5430,2004-01-02,2026-06-12,True
SOUN,2024-12-04,2026-01-23,216,2022-04-28,2026-06-12,True
SOV,2007-03-28,2008-09-19,250,2006-12-28,2009-01-29,False
SOVO,2023-08-10,2026-04-14,189,2021-09-23,2026-06-12,True
SOXX,2008-07-21,2026-06-12,3055,2004-01-02,2026-06-12,True
SPB,2014-07-03,2026-06-12,2833,2009-09-02,2026-06-12,True
SPCE,2019-10-29,2024-06-18,534,2017-09-29,2026-06-12,True
SPF,2004-03-30,2007-09-04,854,2004-01-02,2015-09-30,False
SPG,2004-03-30,2026-06-12,5587,2004-01-02,2026-06-12,True
SPGI,2004-03-30,2026-06-12,5582,2004-01-02,2026-06-12,True
SPHR,2020-07-07,2026-06-12,986,2020-04-09,2026-06-12,True
SPHY,2023-08-02,2026-06-12,719,2012-06-19,2026-06-12,True
SPIL,2007-09-06,2007-12-06,4,2004-01-02,2018-04-17,False
SPIR,2026-04-20,2026-06-12,39,2020-11-03,2026-06-12,True
SPLK,2012-07-16,2026-03-26,2955,2012-04-19,2026-06-12,True
SPNC,2015-05-14,2017-08-10,106,2004-01-02,2017-08-10,False
SPNS,2025-08-15,2025-12-17,87,2004-01-02,2025-12-17,False
SPOT,2018-06-27,2026-06-12,2001,2018-04-03,2026-06-12,True
SPPI,2012-01-19,2018-12-18,480,2004-01-02,2023-08-01,False
SPR,2007-02-27,2025-12-05,4351,2006-11-28,2025-12-05,False
SPRB,2025-10-07,2026-01-02,61,2020-10-09,2026-06-12,True
SPRD,2011-02-25,2013-10-18,392,2007-06-27,2013-12-31,False
SPRT,2021-08-23,2021-09-16,18,2004-01-02,2021-09-16,False
SPRU,2020-11-20,2021-03-23,83,2019-09-03,2026-06-12,True
SPRY,2025-04-07,2025-12-26,136,2020-12-04,2026-06-12,True
SPSC,2020-06-18,2026-06-12,1036,2010-04-22,2026-06-12,True
SPSX,2008-07-17,2008-09-09,38,2004-01-05,2009-09-28,False
SPT,2020-08-20,2024-09-24,1030,2019-12-13,2026-06-12,True
SPTL,2019-01-02,2026-06-12,1872,2007-05-30,2026-06-12,True
SPTN,2025-08-05,2025-09-22,34,2004-01-02,2025-09-22,False
SPW,2004-03-30,2015-09-25,2875,2004-01-02,2015-09-25,False
SPWH,2020-12-23,2021-03-25,63,2014-04-17,2026-06-12,True
SPWRB,2008-12-16,2011-08-22,203,2008-09-22,2011-12-05,False
SPXC,2004-03-30,2026-06-12,3551,2004-01-02,2026-06-12,True
SPY,2004-03-30,2026-06-12,5587,2004-01-02,2026-06-12,True
SQM,2008-05-27,2026-06-12,3700,2004-01-02,2026-06-12,True
SQNM,2008-07-10,2009-04-29,203,2004-01-02,2016-09-08,False
SQSP,2021-08-13,2024-10-18,269,2021-05-19,2024-10-18,False
SR,2014-06-30,2026-06-12,1562,2004-01-02,2026-06-12,True
SRAD,2025-03-31,2026-06-12,303,2021-09-14,2026-06-12,True
SRC,2013-06-03,2024-01-22,2062,2012-09-20,2024-01-22,False
SRCI,2015-01-30,2018-08-10,139,2008-02-27,2020-01-14,False
SRCL,2004-12-10,2024-11-04,4227,2004-01-02,2024-11-04,False
SRDX,2024-08-19,2024-08-23,5,2004-01-02,2025-11-19,False
SRE,2004-03-30,2026-06-12,5587,2004-01-02,2026-06-12,True
SRE-P-A,2018-04-04,2018-05-01,20,2018-01-05,2021-01-14,False
SRG,2018-10-22,2022-09-21,82,2015-07-06,2026-06-12,True
SRLN,2017-11-02,2026-06-12,1999,2013-04-04,2026-06-12,True
SRM,2025-06-20,2025-07-16,2,2023-08-15,2025-07-16,False
SRNGU,2021-05-20,2021-06-04,11,2021-02-24,2021-09-16,False
SRPT,2012-10-04,2026-06-12,3360,2004-01-02,2026-06-12,True
SRRA,2022-01-27,2022-07-01,108,2015-07-16,2022-07-01,False
SRRK,2020-10-28,2026-06-12,486,2018-05-24,2026-06-12,True
SSB,2020-03-20,2026-06-12,1454,2004-01-02,2026-06-12,True
SSD,2006-07-18,2026-06-12,1319,2004-01-02,2026-06-12,True
SSL,2006-06-07,2026-06-12,758,2004-01-02,2026-06-12,True
SSNC,2015-04-08,2026-06-12,2784,2010-03-31,2026-06-12,True
SSNI,2017-10-27,2017-12-12,32,2013-03-13,2018-01-05,False
SSP,2004-04-19,2008-06-30,947,2004-01-02,2026-06-12,True
SSRI,2006-05-09,2017-06-28,1175,2004-01-02,2017-08-09,False
SSRM,2006-05-09,2026-06-12,2370,2004-01-02,2026-06-12,True
SST,2022-04-06,2022-06-21,40,2020-08-07,2026-06-12,True
SSTK,2014-03-24,2025-01-28,1211,2012-10-11,2026-06-12,True
SSYS,2012-07-09,2022-03-14,1439,2004-01-02,2026-06-12,True
ST,2011-02-22,2026-06-12,3712,2010-03-11,2026-06-12,True
STAA,2018-09-20,2026-06-12,1452,2004-01-02,2026-06-12,True
STAG,2017-02-28,2026-06-12,2028,2011-04-15,2026-06-12,True
STAR-P-E,2006-11-14,2016-04-18,532,2004-01-02,2017-10-23,False
STAR-P-F,2006-11-14,2016-04-15,530,2004-01-02,2017-10-23,False
STAY,2014-02-11,2021-06-16,937,2013-11-13,2021-06-16,False
STE,2008-08-01,2026-06-12,3150,2004-01-02,2026-06-12,True
STEI,2013-05-30,2013-08-22,60,2004-01-02,2013-12-31,False
STEL,2026-03-13,2026-04-27,30,2017-11-08,2026-06-12,True
STEM,2021-01-05,2023-02-15,414,2020-10-08,2026-06-12,True
STEP,2021-11-30,2026-06-12,544,2020-09-16,2026-06-12,True
STI,2025-10-14,2026-06-12,40,2024-02-02,2026-06-12,True
STI-WS-A,2004-03-30,2017-07-20,3154,2004-01-02,2018-12-26,False
STI-WS-B,2004-03-30,2017-07-10,2782,2004-01-02,2018-11-09,False
STJ,2004-03-30,2017-01-18,3224,2004-01-02,2017-01-18,False
STL,2016-12-15,2022-01-31,1275,2004-01-02,2022-01-31,False
STLA,2014-12-10,2026-02-04,2350,2010-06-09,2026-06-12,True
STLD,2004-07-21,2026-06-12,5443,2004-01-02,2026-06-12,True
STM,2004-03-30,2026-06-12,3222,2004-01-02,2026-06-12,True
STML,2020-06-10,2020-06-10,1,2013-01-29,2020-06-10,False
STMP,2015-09-03,2021-10-05,1530,2004-01-02,2021-10-05,False
STN,2025-09-22,2026-06-12,161,2005-08-05,2026-06-12,True
STNE,2019-01-24,2026-06-12,1596,2018-10-25,2026-06-12,True
STNG,2015-06-18,2026-06-12,1439,2010-03-31,2026-06-12,True
STO,2006-06-21,2018-05-16,2781,2004-01-02,2018-05-16,False
STOK,2025-10-09,2026-06-12,170,2019-06-19,2026-06-12,True
STOR,2016-01-28,2023-02-03,1768,2014-11-18,2023-02-03,False
STR,2023-03-16,2025-08-18,59,2017-09-08,2025-08-18,False
STRA,2004-08-16,2026-06-12,1912,2004-01-02,2026-06-12,True
STRC,2025-10-23,2026-06-12,160,2025-07-30,2026-06-12,True
STRF,2025-06-23,2026-04-08,178,2025-03-26,2026-06-12,True
STRK,2025-05-05,2025-12-19,155,2025-02-06,2026-06-12,True
STRL,2023-08-10,2026-06-12,713,2004-01-02,2026-06-12,True
STRP,2017-04-19,2018-03-01,132,2013-07-24,2018-03-01,False
STRZA,2016-03-31,2016-12-16,182,2016-01-04,2016-12-16,False
STST,2010-07-02,2010-09-24,59,2004-01-02,2014-04-21,False
STT,2004-03-30,2026-06-12,5587,2004-01-02,2026-06-12,True
STUB,2025-12-11,2026-06-12,48,2025-09-17,2026-06-12,True
STV,2008-01-02,2008-02-06,25,2007-10-05,2017-07-17,False
STVN,2021-10-11,2021-10-11,1,2021-07-16,2026-06-12,True
STWD,2011-03-04,2026-06-12,3650,2009-08-12,2026-06-12,True
STX,2004-03-30,2026-06-12,5400,2004-01-02,2026-06-12,True
STZ,2004-03-30,2026-06-12,5471,2004-01-02,2026-06-12,True
SU,2004-04-07,2026-06-12,5576,2004-01-02,2026-06-12,True
SUG,2008-01-23,2012-06-15,655,2007-09-26,2013-04-03,False
SUI,2015-02-26,2026-06-12,2705,2004-01-02,2026-06-12,True
SUMO,2020-12-11,2023-06-01,263,2020-09-17,2023-06-01,False
SUN,2016-02-04,2026-06-12,782,2012-09-20,2026-06-12,True
SUNB,2026-05-27,2026-06-12,13,2026-03-02,2026-06-12,True
SUNC,2026-02-04,2026-06-12,90,2025-11-06,2026-06-12,True
SUPN,2015-08-06,2026-06-12,742,2012-05-01,2026-06-12,True
SUPV,2025-01-30,2026-01-22,85,2016-05-19,2026-06-12,True
SUSQ,2008-09-19,2015-08-10,112,2004-01-02,2015-08-10,False
SUSS,2014-04-29,2014-08-29,87,2006-10-19,2014-08-29,False
SUZ,2024-05-10,2026-04-01,44,2007-08-16,2026-06-12,True
SVA,2009-09-15,2009-09-16,2,2004-01-02,2026-06-12,True
SVC,2006-12-21,2021-08-27,2520,2004-01-02,2026-06-12,True
SVM,2010-11-18,2026-06-12,253,2005-05-02,2026-06-12,True
SVNTQ,2007-12-20,2011-04-28,475,2004-01-02,2014-06-02,False
SVU,2004-05-10,2018-11-30,1941,2004-01-02,2018-12-14,False
SVVS,2007-01-23,2011-07-25,399,2004-01-02,2011-07-25,False
SW,2024-10-01,2026-06-12,426,2024-07-08,2026-06-12,True
SWAV,2019-06-03,2024-05-31,1059,2019-03-07,2024-05-31,False
SWAY,2014-04-17,2014-04-17,1,2014-01-22,2016-01-05,False
SWBI,2007-11-23,2022-03-01,1303,2004-01-02,2026-06-12,True
SWC,2008-02-28,2017-05-12,1259,2004-01-02,2017-05-12,False
SWCH,2018-01-03,2022-12-05,691,2017-10-06,2022-12-05,False
SWFT,2011-03-15,2017-09-28,1232,2010-12-16,2017-09-28,False
SWHC,2007-11-23,2016-12-30,527,2004-01-02,2016-12-30,False
SWIM,2021-07-20,2021-07-20,1,2021-04-23,2026-06-12,True
SWIR,2004-03-30,2023-01-12,513,2004-01-02,2023-01-12,False
SWK,2004-03-30,2026-06-12,5560,2004-01-02,2026-06-12,True
SWKS,2004-03-30,2026-06-12,4334,2004-01-02,2026-06-12,True
SWN,2004-11-04,2017-01-13,2963,2004-01-02,2024-10-01,False
SWNC,2015-04-15,2015-07-29,74,2015-01-16,2018-01-16,False
SWSI,2010-08-10,2010-11-02,60,2004-01-02,2011-09-19,False
SWT,2020-02-06,2020-02-06,1,2019-11-08,2022-11-14,False
SWTX,2020-12-01,2025-07-01,836,2019-09-13,2025-07-01,False
SWX,2016-07-01,2026-06-12,2016,2004-01-02,2026-06-12,True
SWY,2004-03-30,2015-02-09,2735,2004-01-02,2015-02-09,False
SXC,2012-03-23,2012-04-12,14,2011-07-21,2026-06-12,True
SXI,2025-08-14,2026-06-12,209,2004-01-02,2026-06-12,True
SXT,2018-02-09,2026-06-12,797,2004-01-02,2026-06-12,True
SYA,2015-08-17,2016-02-05,84,2010-01-22,2016-02-09,False
SYF,2014-10-24,2026-06-12,2925,2014-07-31,2026-06-12,True
SYK,2004-03-30,2026-06-12,5587,2004-01-02,2026-06-12,True
SYKE,2021-07-15,2021-08-27,32,2004-01-02,2021-08-27,False
SYM,2023-06-13,2026-06-12,753,2021-03-09,2026-06-12,True
SYNA,2004-12-01,2026-06-12,4331,2004-01-02,2026-06-12,True
SYNH,2015-10-14,2023-09-28,1959,2014-11-07,2023-09-28,False
SYNT,2016-10-10,2018-10-10,111,2004-01-02,2018-10-10,False
SYRE,2025-12-05,2026-06-12,130,2016-04-07,2026-06-12,True
SYY,2004-03-30,2026-06-12,5587,2004-01-02,2026-06-12,True
T,2004-03-30,2026-06-12,5587,2004-01-02,2026-06-12,True
T-P-A,2020-03-05,2020-03-05,1,2019-12-06,2026-06-12,True
T-P-C,2020-05-11,2020-05-12,2,2020-02-13,2026-06-12,True
TAC,2025-02-19,2026-06-12,108,2004-01-02,2026-06-12,True
TAHO,2016-04-21,2017-01-05,148,2010-09-23,2019-03-18,False
TAK,2017-02-27,2026-06-12,1918,2008-10-27,2026-06-12,True
TAL,2014-09-12,2026-06-01,2004,2010-10-20,2026-06-12,True
TALK,2021-03-02,2021-04-01,16,2020-07-30,2026-06-12,True
TALO,2022-03-24,2026-06-12,768,2018-05-10,2026-06-12,True
TAOP,2021-02-24,2021-03-30,14,2006-09-12,2026-06-12,True
TAP,2004-03-30,2026-06-12,5551,2004-01-02,2026-06-12,True
TARO,2004-03-30,2017-01-18,295,2004-01-02,2024-06-24,False
TARS,2024-03-04,2026-06-12,540,2020-10-16,2026-06-12,True
TASK,2021-09-07,2022-05-17,171,2021-06-11,2026-06-12,True
TBBB,2024-05-07,2026-06-12,272,2024-02-09,2026-06-12,True
TBBK,2021-05-17,2026-06-12,568,2004-02-03,2026-06-12,True
TBCH,2018-05-18,2019-01-10,163,2010-10-05,2026-06-12,True
TBI,2007-08-15,2007-10-12,42,2004-01-02,2026-06-12,True
TCB-P-B,2004-03-30,2017-05-05,2292,2004-01-02,2017-05-05,False
TCB-P-C,2004-03-30,2017-05-05,2291,2004-01-02,2017-05-05,False
TCB-WS,2004-03-30,2013-10-25,1650,2004-01-02,2017-05-05,False
TCBI,2012-10-15,2026-06-12,3066,2004-01-02,2026-06-12,True
TCN,2024-01-22,2024-05-01,71,2017-10-02,2024-05-01,False
TCOM,2006-05-11,2026-06-12,4948,2004-01-02,2026-06-12,True
TCP,2014-11-24,2021-03-16,101,2004-01-02,2021-03-16,False
TCRT,2015-02-23,2015-12-08,146,2005-08-24,2026-06-12,True
TD,2007-10-03,2026-06-12,4703,2004-01-02,2026-06-12,True
TDC,2007-12-26,2026-06-12,4610,2007-10-01,2026-06-12,True
TDG,2008-06-24,2026-06-12,4129,2006-03-15,2026-06-12,True
TDOC,2015-09-25,2025-02-26,1816,2015-07-01,2026-06-12,True
TDS,2004-03-30,2026-06-12,1803,2004-01-02,2026-06-12,True
TDUP,2025-08-26,2025-09-22,19,2021-03-26,2026-06-12,True
TDW,2004-03-30,2026-06-12,3735,2004-01-02,2026-06-12,True
TDY,2014-12-18,2026-06-12,2424,2004-01-02,2026-06-12,True
TE,2022-09-22,2026-06-04,75,2021-07-08,2026-06-12,True
TE1,2005-08-10,2016-07-11,2250,2004-01-02,2016-07-11,False
TEAM,2016-03-09,2026-06-12,2445,2015-12-10,2026-06-12,True
TECD,2004-03-30,2020-06-30,3058,2004-01-02,2020-06-30,False
TECH,2005-11-01,2026-06-12,2493,2004-01-02,2026-06-12,True
TECK,2007-04-18,2026-06-12,4414,2004-01-02,2026-06-12,True
TEG,2007-02-22,2015-06-29,1919,2004-01-02,2015-06-29,False
TEGP,2015-08-03,2015-08-03,1,2015-05-07,2018-06-29,False
TEL,2007-09-10,2026-06-12,4705,2007-06-14,2026-06-12,True
TEM,2024-09-11,2026-06-12,440,2024-06-14,2026-06-12,True
TENB,2018-10-19,2026-06-12,1604,2018-07-26,2026-06-12,True
TEP,2016-06-20,2018-04-18,75,2013-05-14,2018-07-02,False
TER,2004-03-30,2026-06-12,5172,2004-01-02,2026-06-12,True
TERN,2025-11-05,2026-05-05,124,2021-02-05,2026-05-05,True
TEVA,2004-03-30,2026-06-12,4802,2004-01-02,2026-06-12,True
TEX,2004-04-06,2026-06-12,5096,2004-01-02,2026-06-12,True
TFC,2004-03-30,2026-06-12,5587,2004-01-02,2026-06-12,True
TFCF,2004-03-30,2019-03-20,3626,2004-01-02,2019-03-20,False
TFCFA,2004-03-30,2019-03-20,3583,2004-01-02,2019-03-20,False
TFII,2021-04-20,2026-06-12,1235,2008-05-20,2026-06-12,True
TFIN,2021-12-17,2022-05-09,61,2014-11-07,2026-06-12,True
TFPM,2026-01-30,2026-06-04,87,2021-09-30,2026-06-12,True
TFX,2006-07-31,2026-06-12,3483,2004-01-02,2026-06-12,True
TGH,2023-11-01,2024-03-14,92,2007-10-10,2024-03-14,False
TGI,2007-09-21,2025-07-24,1855,2004-01-02,2025-07-24,False
TGLS,2023-05-24,2026-05-27,532,2012-05-10,2026-06-12,True
TGNA,2004-03-30,2026-03-20,5152,2004-01-02,2026-03-20,True
TGP,2021-12-21,2021-12-29,6,2005-05-05,2022-01-12,False
TGT,2004-03-30,2026-06-12,5587,2004-01-02,2026-06-12,True
TGTX,2017-04-27,2026-06-12,1403,2010-05-03,2026-06-12,True
TH,2026-06-03,2026-06-12,8,2013-07-25,2026-06-12,True
THBR,2021-01-14,2021-04-09,59,2019-10-04,2021-06-10,False
THC,2004-03-30,2026-06-12,3818,2004-01-02,2026-06-12,True
THG,2008-09-19,2026-06-12,2303,2004-01-02,2026-06-12,True
THI,2006-06-20,2014-12-22,404,2006-03-24,2014-12-22,False
THO,2006-04-07,2026-06-12,3733,2004-01-02,2026-06-12,True
THOR,2008-09-16,2020-01-23,1611,2004-01-02,2020-01-23,False
THR,2026-02-27,2026-06-12,73,2011-05-05,2026-06-12,True
THRM,2014-05-08,2022-04-08,284,2004-01-02,2026-06-12,True
THS,2011-09-01,2026-02-11,2164,2005-06-28,2026-02-11,True
TIBX,2004-11-05,2014-12-30,1292,2004-01-02,2014-12-30,False
TIC,2025-08-20,2026-05-07,97,2025-02-20,2026-06-12,True
TIE,2007-03-28,2008-05-14,254,2006-12-28,2013-01-07,False
TIGO,2017-03-14,2026-06-12,341,2011-05-31,2026-06-12,True
TIGR,2021-01-13,2026-01-12,266,2019-03-20,2026-06-12,True
TIP,2008-03-25,2026-06-15,4429,2003-12-05,2026-06-15,True
TITN,2008-06-30,2012-07-06,60,2007-12-13,2026-06-12,True
TIVO,2006-10-19,2018-03-28,1695,2004-01-02,2020-06-01,False
TJGC,2025-06-04,2025-06-04,1,2025-01-22,2026-06-12,True
TJX,2004-03-30,2026-06-12,5587,2004-01-02,2026-06-12,True
TK,2004-03-30,2016-01-04,1343,2004-01-02,2026-06-12,True
TKC,2004-05-03,2008-12-29,338,2004-01-02,2026-06-12,True
TKMR,2014-08-12,2015-04-09,164,2007-07-26,2015-07-31,False
TKO,2023-12-06,2026-06-12,631,2023-09-12,2026-06-12,True
TKR,2005-03-31,2026-06-12,5184,2004-01-02,2026-06-12,True
TLLP,2013-05-10,2017-05-18,463,2011-04-20,2017-07-31,False
TLM,2005-03-24,2014-09-04,2264,2004-01-02,2015-05-18,False
TLN,2024-05-07,2026-06-12,527,2023-06-02,2026-06-12,True
TLND,2018-11-16,2021-07-30,189,2016-07-29,2021-08-09,False
TLRY,2018-10-12,2025-12-24,599,2018-07-19,2026-06-12,True
TLS,2021-02-18,2021-12-13,206,2020-11-19,2026-06-12,True
TLT,2004-03-30,2026-06-12,5587,2004-01-02,2026-06-12,True
TM,2004-07-27,2026-06-12,5053,2004-01-02,2026-06-12,True
TMC,2025-10-13,2025-10-14,2,2021-09-10,2026-06-12,True
TMDX,2021-03-16,2026-06-12,950,2019-05-02,2026-06-12,True
TME,2019-03-12,2026-04-20,1119,2018-12-12,2026-06-12,True
TMHC,2013-07-05,2026-06-12,2282,2013-04-10,2026-06-12,True
TMO,2004-04-05,2026-06-12,5538,2004-01-02,2026-06-12,True
TMQ,2025-10-14,2025-10-14,1,2012-04-25,2026-06-12,True
TMUS,2007-07-16,2026-06-12,4196,2007-04-19,2026-06-12,True
TMUSP,2016-11-30,2017-12-15,49,2015-10-27,2017-12-15,False
TMX,2015-02-09,2022-10-28,1946,2014-06-26,2022-10-28,False
TNC,2026-04-29,2026-06-11,31,2004-01-02,2026-06-12,True
TNDM,2018-06-13,2026-06-12,2011,2013-11-14,2026-06-12,True
TNET,2015-05-01,2026-05-13,1457,2014-03-27,2026-06-12,True
TNGX,2025-11-21,2026-06-12,116,2020-09-03,2026-06-12,True
TNH,2007-05-17,2012-06-21,386,2004-01-02,2018-04-02,False
TNK,2020-04-14,2026-06-12,552,2007-12-13,2026-06-12,True
TNL,2006-10-12,2026-06-12,4810,2006-07-19,2026-06-12,True
TNXP,2025-02-05,2025-12-02,198,2012-05-10,2026-06-12,True
TOL,2004-03-30,2026-06-12,5587,2004-01-02,2026-06-12,True
TOPS,2004-11-24,2005-03-23,82,2004-08-02,2026-06-12,True
TOST,2021-12-16,2026-06-12,1126,2021-09-22,2026-06-12,True
TPB,2025-07-21,2026-06-12,227,2016-05-11,2026-06-12,True
TPC,2007-06-12,2026-06-12,553,2004-01-02,2026-06-12,True
TPG,2022-04-11,2026-06-12,688,2022-01-13,2026-06-12,True
TPGY,2021-02-25,2021-06-01,67,2020-11-27,2022-10-10,False
TPH,2014-07-03,2026-05-13,2522,2013-01-31,2026-05-13,True
TPL,2020-04-09,2026-06-12,1403,2004-01-02,2026-06-12,True
TPR,2004-03-30,2026-06-12,5587,2004-01-02,2026-06-12,True
TPST,2015-02-19,2015-08-24,130,2012-11-12,2026-06-12,True
TPTX,2019-12-20,2022-09-08,561,2019-04-17,2022-09-08,False
TQNT,2010-10-27,2014-12-31,398,2004-01-02,2014-12-31,False
TRA,2007-01-24,2010-06-28,863,2004-01-02,2011-04-25,False
TRAK,2007-10-23,2024-12-20,543,2005-12-13,2026-06-12,True
TRCO,2013-04-04,2019-09-27,1437,2013-01-07,2019-09-27,False
TREE,2015-08-07,2022-05-23,1674,2008-08-12,2026-06-12,True
TREX,2014-05-06,2026-06-12,2320,2004-01-02,2026-06-12,True
TRGP,2014-01-10,2026-06-12,3095,2010-12-07,2026-06-12,True
TRHC,2018-07-31,2021-04-15,270,2016-09-29,2023-11-03,False
TRI,2009-11-10,2026-06-12,4034,2004-01-02,2026-06-12,True
TRIL,2020-09-11,2025-10-31,213,2005-03-23,2026-06-12,True
TRIN,2026-03-03,2026-05-19,55,2021-01-29,2026-06-12,True
TRIP,2012-03-06,2026-06-12,3566,2011-12-07,2026-06-12,True
TRLA,2013-05-02,2015-02-17,448,2012-09-20,2017-09-28,False
TRMB,2005-09-19,2026-06-12,4443,2004-01-02,2026-06-12,True
TRMD,2024-01-17,2026-06-12,365,2018-02-23,2026-06-12,True
TRMK,2009-04-03,2009-04-23,9,2004-01-02,2026-06-12,True
TRML,2025-09-10,2026-03-24,63,2021-05-07,2026-06-12,True
TRN,2006-03-08,2026-06-12,3799,2004-01-02,2026-06-12,True
TRNO,2019-12-23,2026-06-12,1297,2010-02-10,2026-06-12,True
TROO,2021-07-12,2021-07-27,8,2008-04-09,2026-06-12,True
TROW,2004-03-30,2026-06-12,5587,2004-01-02,2026-06-12,True
TROX,2011-04-27,2026-05-06,1091,2010-12-01,2026-06-12,True
TRP,2008-11-28,2026-06-12,3545,2004-01-02,2026-06-12,True
TRQ,2009-08-25,2022-12-16,896,2004-01-02,2022-12-16,False
TRS,2025-11-19,2026-02-05,53,2007-05-18,2026-06-12,True
TRTN,2013-04-26,2023-09-27,917,2005-10-12,2023-09-27,False
TRU,2015-09-21,2026-06-12,2544,2015-06-25,2026-06-12,True
TRUE,2007-02-16,2018-03-19,669,2004-01-02,2026-06-12,True
TRUP,2020-08-10,2025-11-03,1194,2014-07-18,2026-06-12,True
TRV,2004-03-30,2026-06-12,5587,2004-01-02,2026-06-12,True
TRVG,2017-06-29,2017-10-24,82,2016-12-16,2026-06-12,True
TRVI,2025-11-13,2026-06-03,79,2019-05-07,2026-06-12,True
TRW,2007-05-17,2015-05-26,1559,2004-02-03,2015-05-26,False
TS,2005-04-20,2026-06-12,5293,2004-01-02,2026-06-12,True
TSCO,2005-09-07,2026-06-12,5057,2004-01-02,2026-06-12,True
TSEM,2015-03-13,2026-06-12,1081,2004-01-02,2026-06-12,True
TSL,2026-04-21,2026-06-05,32,2022-08-09,2026-06-12,True
TSLA,2010-09-23,2026-06-12,3918,2010-06-29,2026-06-12,True
TSLX,2026-04-09,2026-05-12,22,2014-03-21,2026-06-12,True
TSM,2004-03-30,2026-06-12,4602,2004-01-02,2026-06-12,True
TSN,2004-03-30,2026-06-12,5477,2004-01-02,2026-06-12,True
TSNU,2014-10-24,2016-05-11,104,2014-07-31,2017-07-06,False
TSRO,2015-03-06,2019-01-18,976,2012-06-28,2019-01-18,False
TSSI,2025-06-03,2026-06-12,141,2010-04-01,2026-06-12,True
TT,2004-03-30,2026-06-12,5587,2004-01-02,2026-06-12,True
TTAN,2025-03-13,2026-06-12,315,2024-12-12,2026-06-12,True
TTC,2005-06-02,2026-06-12,2898,2004-01-02,2026-06-12,True
TTD,2017-04-19,2026-06-12,2301,2016-09-21,2026-06-12,True
TTE,2010-04-29,2026-06-12,463,2007-07-13,2026-06-12,True
TTEC,2007-03-05,2007-12-13,199,2004-01-02,2026-06-12,True
TTEK,2008-09-22,2026-06-12,1818,2004-01-02,2026-06-12,True
TTI,2006-04-26,2026-02-19,424,2004-01-02,2026-06-12,True
TTM,2007-06-21,2023-03-06,2828,2004-09-27,2026-06-12,True
TTMI,2016-11-18,2026-06-12,439,2004-01-02,2026-06-12,True
TTPH,2015-03-13,2015-12-03,144,2013-03-20,2020-07-28,False
TTWO,2004-03-30,2026-06-12,5111,2004-01-02,2026-06-12,True
TU,2020-03-03,2026-06-12,1521,2004-01-02,2026-06-12,True
TULP,2021-12-07,2022-04-04,53,2004-01-02,2026-06-12,True
TUMI,2012-07-13,2016-06-03,65,2012-04-18,2016-08-09,False
TURB,2025-09-17,2025-09-18,2,2023-09-22,2026-06-12,True
TUSK,2018-07-25,2018-09-11,28,2016-10-14,2026-06-12,True
TUYA,2021-06-14,2021-09-17,40,2021-03-18,2026-06-12,True
TV,2004-03-30,2021-07-27,3751,2004-01-02,2026-06-12,True
TVPT,2016-01-15,2019-05-30,276,2014-09-25,2019-05-30,False
TVRD,2017-03-03,2021-11-17,318,2014-01-31,2026-06-12,True
TVTX,2021-08-17,2026-06-12,638,2012-11-08,2026-06-12,True
TVTY,2005-05-16,2022-09-08,839,2004-01-02,2022-09-08,False
TW,2019-07-01,2026-06-12,1748,2019-04-04,2026-06-12,True
TWB,2007-03-28,2007-03-30,3,2006-12-28,2009-11-25,False
TWG,2024-10-24,2024-10-24,1,2024-04-16,2026-06-12,True
TWI,2008-05-16,2013-05-22,315,2004-01-02,2026-06-12,True
TWKS,2021-12-09,2021-12-09,1,2021-09-15,2024-11-13,False
TWLO,2016-09-19,2026-06-12,2447,2016-06-23,2026-06-12,True
TWNK,2017-04-17,2023-11-07,756,2015-11-30,2023-11-07,False
TWO,2011-06-27,2026-06-12,1618,2009-10-30,2026-06-12,True
TWST,2020-07-09,2026-06-12,1467,2018-10-31,2026-06-12,True
TWTR,2014-02-05,2022-10-28,2200,2013-11-07,2022-10-28,False
TWX,2004-03-30,2018-06-15,3488,2004-01-02,2018-06-15,False
TX,2008-04-29,2022-07-01,460,2006-02-01,2026-06-12,True
TXG,2019-12-06,2026-06-12,1532,2019-09-12,2026-06-12,True
TXI,2005-08-03,2014-07-01,841,2004-01-02,2014-07-01,False
TXN,2004-03-30,2026-06-12,5587,2004-01-02,2026-06-12,True
TXNM,2007-06-08,2026-06-12,2138,2004-01-02,2026-06-12,True
TXRH,2013-05-03,2026-06-12,2886,2004-10-05,2026-06-12,True
TXT,2004-03-30,2026-06-12,5521,2004-01-02,2026-06-12,True
TXTR,2014-01-16,2014-03-26,48,2013-06-06,2016-06-10,False
TYL,2014-03-05,2026-06-12,2958,2004-01-02,2026-06-12,True
TYRA,2026-03-05,2026-06-12,70,2021-09-15,2026-06-12,True
TZOO,2004-08-26,2011-12-14,579,2004-01-02,2026-06-12,True
U,2020-12-14,2026-06-12,1380,2020-09-18,2026-06-12,True
UA,2016-07-01,2023-02-07,1363,2016-04-07,2026-06-12,True
UA-C,2016-07-05,2016-12-06,109,2016-04-08,2016-12-06,False
UAA,2006-02-16,2024-12-11,3772,2005-11-18,2026-06-12,True
UAL,2006-05-03,2026-06-12,4762,2006-02-06,2026-06-12,True
UAMY,2025-10-09,2026-06-02,38,2004-01-02,2026-06-12,True
UAN,2022-04-21,2022-06-13,33,2011-04-08,2026-06-12,True
UAVS,2021-01-15,2021-02-19,22,2018-03-26,2026-06-12,True
UBER,2019-08-06,2026-06-12,1723,2019-05-10,2026-06-12,True
UBS,2015-02-25,2026-06-12,2797,2014-11-21,2026-06-12,True
UBSI,2016-12-19,2026-06-12,1435,2004-01-02,2026-06-12,True
UCB,2022-01-03,2026-06-12,486,2004-01-02,2026-06-12,True
UCTT,2017-06-27,2026-06-12,550,2004-03-25,2026-06-12,True
UDR,2006-01-09,2026-06-12,5002,2004-01-02,2026-06-12,True
UE,2015-04-15,2026-05-11,182,2015-01-16,2026-06-12,True
UEC,2025-08-08,2026-06-12,208,2007-04-05,2026-06-12,True
UFPI,2020-01-03,2026-06-12,1209,2004-01-02,2026-06-12,True
UFPT,2023-07-10,2026-06-12,438,2004-01-02,2026-06-12,True
UFS,2007-04-24,2021-11-30,2857,2004-01-02,2021-11-30,False
UGI,2008-11-14,2026-06-12,3711,2004-01-02,2026-06-12,True
UGRO,2026-03-26,2026-04-20,17,2019-11-14,2026-06-12,True
UHAL,2015-11-12,2023-03-08,1198,2004-01-02,2026-06-12,True
UHAL-B,2023-02-08,2026-03-05,142,2022-11-10,2026-06-12,True
UHS,2004-03-30,2026-06-12,5492,2004-01-02,2026-06-12,True
UI,2013-10-07,2026-06-12,2329,2011-10-14,2026-06-12,True
UIL,2010-11-01,2015-05-26,94,2004-01-02,2015-12-16,False
UIS,2004-03-30,2018-12-06,465,2004-01-02,2026-06-12,True
UL,2004-11-04,2026-06-12,4984,2004-01-02,2026-06-12,True
ULCC,2021-06-28,2022-10-06,106,2021-04-01,2026-06-12,True
ULS,2024-07-10,2026-06-12,484,2024-04-12,2026-06-12,True
ULTA,2011-02-07,2026-06-12,3859,2007-10-25,2026-06-12,True
UMAC,2024-12-02,2026-06-12,245,2024-02-14,2026-06-12,True
UMBF,2008-09-22,2026-06-12,996,2004-01-02,2026-06-12,True
UMC,2021-01-22,2026-06-12,211,2004-01-02,2026-06-12,True
UMPQ,2010-02-10,2023-03-01,2301,2004-01-02,2023-03-01,False
UN,2004-03-30,2020-11-27,4165,2004-01-02,2020-11-27,False
UNF,2019-07-18,2026-06-12,405,2004-01-02,2026-06-12,True
UNFI,2006-01-18,2026-06-12,2331,2004-01-02,2026-06-12,True
UNG,2007-08-22,2026-06-12,3407,2007-04-18,2026-06-12,True
UNH,2004-03-30,2026-06-12,5587,2004-01-02,2026-06-12,True
UNIT,2015-07-15,2026-06-12,1142,2015-04-20,2026-06-12,True
UNM,2004-03-30,2026-06-12,5577,2004-01-02,2026-06-12,True
UNP,2004-03-30,2026-06-12,5587,2004-01-02,2026-06-12,True
UNS,2005-01-26,2014-04-21,147,2004-01-02,2014-08-15,False
UNT,2005-03-23,2015-09-25,1418,2004-01-02,2020-12-23,False
UNVR,2017-01-06,2023-07-31,1592,2015-06-18,2023-07-31,False
UNXL,2013-04-17,2013-08-22,90,2006-03-07,2017-09-12,False
UONE,2020-06-17,2021-06-17,54,2004-01-02,2026-06-12,True
UPBD,2004-10-19,2024-10-09,1804,2004-01-02,2026-06-12,True
UPL1,2004-07-23,2015-07-16,2762,2004-01-02,2017-04-12,False
UPLD,2019-06-03,2019-08-19,51,2014-11-06,2026-06-12,True
UPLM,2017-07-11,2017-08-01,16,2017-04-13,2019-08-07,False
UPS,2004-03-30,2026-06-12,5587,2004-01-02,2026-06-12,True
UPST,2021-03-16,2026-06-12,1318,2020-12-16,2026-06-12,True
UPWK,2019-06-20,2026-05-07,1341,2018-10-03,2026-06-12,True
UPXI,2025-04-28,2025-06-18,28,2021-06-24,2026-06-12,True
URBN,2004-03-30,2026-06-12,5587,2004-01-02,2026-06-12,True
URGN,2025-06-16,2026-05-27,167,2017-05-04,2026-06-12,True
URI,2006-02-10,2026-06-12,4680,2004-01-02,2026-06-12,True
URS,2006-05-23,2014-10-17,1843,2004-01-02,2014-10-17,False
USAR,2025-06-11,2026-06-12,249,2023-07-17,2026-06-12,True
USAS,2026-03-02,2026-03-02,1,2016-12-28,2026-06-12,True
USB,2004-03-30,2026-06-12,5585,2004-01-02,2026-06-12,True
USCR,2016-04-27,2021-08-26,630,2010-10-15,2021-08-26,False
USFD,2016-08-22,2026-06-12,2362,2016-05-26,2026-06-12,True
USHY,2019-08-19,2026-06-12,1673,2017-10-26,2026-06-12,True
USNA,2007-04-12,2019-09-24,328,2004-01-02,2026-06-12,True
USTR,2007-05-31,2008-05-09,145,2004-01-02,2015-05-29,False
USU,2005-04-05,2007-10-01,155,2004-01-02,2014-09-29,False
UTHR,2004-11-26,2026-06-12,5374,2004-01-02,2026-06-12,True
UTI,2025-04-04,2026-06-12,268,2004-01-02,2026-06-12,True
UTSI,2004-03-30,2006-11-07,282,2004-01-02,2026-06-12,True
UUUU,2021-11-04,2026-06-12,222,2006-11-24,2026-06-12,True
UVE,2015-11-18,2016-02-17,61,2004-01-02,2026-06-12,True
UVV,2007-05-23,2017-05-09,302,2004-01-02,2026-06-12,True
UWMC,2021-06-11,2021-06-14,2,2021-03-04,2026-06-12,True
V,2008-06-13,2026-06-12,4528,2008-03-19,2026-06-12,True
VAC,2015-08-24,2026-06-12,2500,2011-11-08,2026-06-12,True
VACQ,2021-03-24,2021-05-18,32,2020-11-24,2021-08-24,False
VAL,2008-10-23,2026-06-12,2825,2004-01-02,2026-06-12,True
VALE,2004-03-30,2026-06-12,4668,2004-01-02,2026-06-12,True
VALE-P,2017-01-24,2017-11-24,32,2016-01-04,2017-11-24,False
VANI,2015-03-17,2021-03-23,61,2014-11-19,2026-06-12,True
VAR,2004-03-30,2021-04-16,4292,2004-01-02,2021-04-16,False
VB,2008-11-26,2026-06-12,4151,2004-01-30,2026-06-12,True
VBTX,2025-07-22,2026-04-28,116,2014-10-09,2026-06-12,True
VC,2011-01-11,2026-06-12,3815,2010-10-05,2026-06-12,True
VCEL,2021-02-09,2026-06-12,544,2004-01-02,2026-06-12,True
VCIT,2012-02-10,2026-06-12,3556,2009-11-23,2026-06-12,True
VCLT,2012-10-18,2026-06-12,2478,2009-11-23,2026-06-12,True
VCRA,2021-03-16,2022-02-23,57,2012-03-28,2022-02-23,False
VCTR,2024-05-17,2026-06-12,376,2018-02-08,2026-06-12,True
VCYT,2019-07-23,2026-06-12,1019,2013-10-30,2026-06-12,True
VDSI,2007-08-09,2015-10-16,333,2004-01-02,2018-06-05,False
VEA,2008-07-03,2026-06-12,4513,2007-07-26,2026-06-12,True
VECO,2004-03-30,2026-06-12,1309,2004-01-02,2026-06-12,True
VEDL,2007-11-06,2021-12-31,233,2007-06-20,2026-06-12,True
VEEV,2014-01-13,2026-06-12,3123,2013-10-16,2026-06-12,True
VELO,2026-02-03,2026-06-12,79,2021-04-19,2026-06-12,True
VEON,2004-03-30,2014-02-28,1980,2004-01-02,2026-06-12,True
VER,2016-06-30,2021-10-29,285,2015-07-31,2021-10-29,False
VERA,2024-02-01,2026-06-12,577,2021-05-14,2026-06-12,True
VERI,2017-10-02,2021-05-28,186,2017-05-12,2026-06-12,True
VERU,2021-02-04,2022-11-09,184,2004-01-02,2026-06-12,True
VERV,2021-09-13,2025-07-25,275,2021-06-17,2025-07-25,False
VERX,2024-04-25,2026-05-21,520,2020-07-29,2026-06-12,True
VET,2021-10-22,2026-06-12,438,2010-09-14,2026-06-12,True
VFC,2004-04-14,2026-06-12,5427,2004-01-02,2026-06-12,True
VFF,2019-04-24,2021-06-09,129,2010-03-25,2026-06-12,True
VFS,2023-08-23,2023-09-29,27,2021-09-07,2026-06-12,True
VG,2025-05-13,2026-06-12,177,2025-01-24,2026-06-12,True
VGR,2014-03-20,2024-10-07,272,2004-01-02,2024-10-07,False
VHC,2010-10-26,2013-06-19,561,2004-01-02,2026-06-12,True
VIAB,2006-03-03,2019-12-04,3464,2005-12-05,2019-12-04,False
VIAC,2006-03-03,2019-12-04,3254,2005-12-05,2019-12-04,False
VIACP,2021-06-18,2021-06-25,6,2021-03-24,2022-02-16,False
VIAS,2004-03-30,2006-09-26,291,2004-01-02,2015-05-29,False
VIAV,2017-02-08,2026-06-12,1587,2015-08-04,2026-06-12,True
VICI,2018-02-07,2026-06-12,2098,2017-10-17,2026-06-12,True
VICR,2018-10-18,2026-06-12,430,2004-01-02,2026-06-12,True
VIE,2020-07-20,2021-03-15,39,2019-10-03,2021-03-15,False
VIG,2010-03-18,2026-06-12,4055,2006-04-27,2026-06-12,True
VIK,2024-07-29,2026-06-12,471,2024-05-01,2026-06-12,True
VIPS,2013-07-24,2026-06-12,2637,2012-03-23,2026-06-12,True
VIR,2020-03-05,2026-05-06,919,2019-10-11,2026-06-12,True
VIRT,2018-03-28,2026-06-12,1739,2015-04-16,2026-06-12,True
VISN,2014-06-05,2026-06-12,2054,2013-10-25,2026-06-12,True
VIST,2023-11-28,2026-06-12,556,2019-07-26,2026-06-12,True
VITL,2024-05-28,2026-06-12,498,2020-07-31,2026-06-12,True
VIV,2011-08-02,2025-08-28,1737,2004-01-02,2026-06-12,True
VIVO,2020-10-01,2021-01-06,13,2016-12-29,2026-06-12,True
VIVS,2013-11-13,2014-03-05,30,2012-02-14,2026-06-12,True
VKTX,2018-06-11,2026-06-12,946,2015-04-29,2026-06-12,True
VLO,2004-03-30,2026-06-12,5587,2004-01-02,2026-06-12,True
VLP,2018-11-09,2019-02-04,56,2013-12-11,2019-02-04,False
VLTO,2023-12-27,2026-06-12,617,2023-10-02,2026-06-12,True
VLY,2008-08-12,2026-06-12,1611,2004-01-02,2026-06-12,True
VMC,2004-03-31,2026-06-12,5397,2004-01-02,2026-06-12,True
VMED,2004-11-30,2013-06-24,1926,2004-07-19,2013-06-24,False
VMEO,2021-08-19,2022-05-06,179,2021-05-25,2025-11-24,False
VMI,2007-08-09,2026-06-12,3092,2004-01-02,2026-06-12,True
VMW,2007-11-08,2023-11-22,4038,2007-08-15,2023-11-22,False
VNDA,2007-02-13,2019-04-03,184,2006-04-12,2026-06-12,True
VNE,2018-09-05,2022-04-01,274,2018-06-11,2022-04-01,False
VNET,2014-03-14,2026-06-03,769,2011-04-21,2026-06-12,True
VNO,2004-03-30,2026-06-12,5587,2004-01-02,2026-06-12,True
VNOM,2018-06-04,2026-06-12,836,2014-06-18,2026-06-12,True
VNQ,2008-01-03,2026-06-12,4640,2004-09-29,2026-06-12,True
VNT,2021-01-05,2026-06-12,1366,2020-09-25,2026-06-12,True
VNTV,2013-05-09,2018-01-12,1180,2012-03-22,2018-01-12,False
VOD,2004-03-30,2026-06-12,5103,2004-01-02,2026-06-12,True
VOLC,2013-01-10,2015-02-25,124,2006-06-15,2015-02-25,False
VOLT,2006-09-11,2007-04-11,55,2004-01-02,2026-06-12,True
VOR,2025-09-19,2026-03-09,61,2021-02-05,2026-06-12,True
VOYA,2013-07-29,2026-06-12,3234,2013-05-02,2026-06-12,True
VOYG,2025-09-08,2026-06-12,193,2025-06-11,2026-06-12,True
VPG,2026-05-20,2026-06-12,17,2010-06-23,2026-06-12,True
VPRT,2007-02-12,2014-11-12,1132,2005-09-30,2014-11-12,False
VRA,2011-06-29,2012-11-15,265,2010-10-21,2026-06-12,True
VRDN,2023-02-23,2026-06-12,289,2014-06-18,2026-06-12,True
VREX,2017-04-18,2017-04-28,9,2017-01-20,2026-06-12,True
VRM,2020-09-02,2022-01-04,338,2020-06-09,2026-06-12,True
VRN,2022-06-07,2022-06-10,4,2006-07-20,2025-05-15,False
VRNA,2023-02-03,2025-10-07,338,2017-04-27,2025-10-07,False
VRNS,2018-05-04,2026-06-12,1916,2014-02-28,2026-06-12,True
VRNT,2014-06-16,2025-11-26,1655,2004-01-02,2025-11-26,False
VRRM,2019-12-20,2026-05-26,927,2017-03-24,2026-06-12,True
VRSK,2010-01-04,2026-06-12,3991,2009-10-07,2026-06-12,True
VRSN,2004-03-30,2026-06-12,5587,2004-01-02,2026-06-12,True
VRT,2020-02-14,2026-06-12,1532,2018-07-30,2026-06-12,True
VRTS,2025-08-14,2025-09-18,25,2009-01-02,2026-06-12,True
VRTU,2020-09-21,2021-02-11,99,2007-08-03,2021-02-11,False
VRTV,2023-08-15,2023-11-30,70,2014-07-01,2023-11-30,False
VRTX,2005-06-17,2026-06-12,5280,2004-01-02,2026-06-12,True
VRX,2004-03-30,2018-07-13,2390,2004-01-02,2018-07-13,False
VSAT,2014-06-17,2026-06-12,2117,2004-01-02,2026-06-12,True
VSEC,2024-12-03,2026-06-12,382,2004-01-02,2026-06-12,True
VSH,2004-03-30,2026-06-12,2667,2004-01-02,2026-06-12,True
VSI,2012-05-14,2015-02-02,523,2009-10-28,2019-12-16,False
VSLR,2020-07-09,2020-10-09,66,2014-10-01,2020-10-09,False
VSM,2016-12-28,2019-10-14,334,2016-10-03,2019-10-14,False
VSNT,2026-03-30,2026-06-12,53,2025-12-15,2026-06-12,True
VST,2017-06-08,2026-06-12,2266,2016-10-04,2026-06-12,True
VSTM,2025-11-25,2025-12-10,10,2012-01-27,2026-06-12,True
VSTO,2015-05-07,2024-11-27,1078,2015-02-10,2024-11-27,False
VSXY,2021-10-14,2026-06-12,1170,2021-07-21,2026-06-12,True
VTAE,2016-10-04,2016-10-26,17,2014-09-23,2016-10-26,False
VTLE,2013-08-14,2025-11-11,2082,2011-12-15,2025-12-12,False
VTR,2006-11-21,2026-06-12,4919,2004-01-02,2026-06-12,True
VTRS,2021-02-12,2026-06-12,996,2020-11-16,2026-06-12,True
VTV,2008-02-06,2026-06-12,4198,2004-01-30,2026-06-12,True
VTYX,2022-10-07,2026-03-04,266,2021-10-21,2026-03-04,True
VUG,2008-01-09,2026-06-12,4542,2004-01-30,2026-06-12,True
VUZI,2021-01-20,2021-12-08,206,2010-04-05,2026-06-12,True
VVC,2015-01-02,2019-02-26,566,2004-01-02,2019-02-26,False
VVNT,2023-02-02,2023-03-09,25,2020-01-21,2023-03-09,False
VVOS,2023-11-30,2024-01-03,21,2020-12-11,2026-06-12,True
VVV,2016-12-19,2026-06-12,2277,2016-09-23,2026-06-12,True
VVX,2025-10-02,2026-06-12,124,2014-09-16,2026-06-12,True
VWAV,2025-10-13,2025-10-21,7,2025-07-15,2026-06-12,True
VWO,2007-01-26,2026-06-12,4876,2005-03-10,2026-06-12,True
VWR,2016-05-10,2017-11-21,356,2014-10-02,2017-11-21,False
VXX,2009-04-28,2026-06-12,4282,2009-01-30,2026-06-12,True
VYX,2004-03-30,2026-02-02,5196,2004-01-02,2026-06-12,True
VZ,2004-03-30,2026-06-12,5587,2004-01-02,2026-06-12,True
VZIO,2021-06-21,2024-12-03,212,2021-03-25,2024-12-03,False
W,2014-12-29,2026-06-12,2825,2014-10-02,2026-06-12,True
WAB,2006-07-27,2026-06-12,4125,2004-01-02,2026-06-12,True
WABC,2008-08-05,2009-05-26,114,2004-01-02,2026-06-12,True
WAC,2012-10-25,2014-06-13,361,2004-01-02,2018-02-09,False
WAFD,2008-01-23,2026-06-12,551,2004-01-02,2026-06-12,True
WAFU,2021-03-31,2021-04-01,2,2019-04-30,2026-06-12,True
WAG,2004-03-30,2014-12-30,2696,2004-01-02,2014-12-30,False
WAGE,2013-11-07,2019-08-30,294,2012-05-11,2019-08-30,False
WAL,2015-07-06,2026-06-12,2752,2005-07-01,2026-06-12,True
WAT,2004-03-30,2026-06-12,5587,2004-01-02,2026-06-12,True
WATT,2017-12-28,2018-05-21,99,2014-03-28,2026-06-12,True
WAY,2024-09-04,2026-06-12,399,2024-06-07,2026-06-12,True
WB,2014-07-15,2024-12-18,1778,2014-04-17,2026-06-12,True
WBA,2004-03-30,2025-08-28,5297,2004-01-02,2025-08-28,False
WBC,2007-10-25,2020-05-28,2587,2007-08-01,2020-05-28,False
WBD,2005-10-03,2026-06-12,4929,2005-07-08,2026-06-12,True
WBI,2025-12-11,2026-06-12,54,2025-09-17,2026-06-12,True
WBMD,2010-05-06,2017-09-18,1071,2005-09-29,2017-09-18,False
WBS,2007-09-13,2026-06-12,2996,2004-01-02,2026-06-12,True
WBS-P-E,2007-09-13,2017-05-15,454,2004-01-02,2017-12-14,False
WBT,2017-10-25,2022-07-28,649,2016-02-18,2022-07-28,False
WCC,2005-10-21,2026-06-12,4726,2004-01-02,2026-06-12,True
WCG,2005-07-29,2020-01-23,3016,2004-07-01,2020-01-23,False
WCN,2006-05-01,2026-06-12,3668,2004-01-02,2026-06-12,True
WCRX,2006-12-15,2013-10-17,1045,2006-09-21,2013-10-17,False
WD,2021-04-23,2025-10-13,293,2010-12-15,2026-06-12,True
WDAY,2013-01-11,2026-06-12,3375,2012-10-12,2026-06-12,True
WDC,2004-03-30,2026-06-12,5401,2004-01-02,2026-06-12,True
WDFC,2019-09-13,2026-06-12,1118,2004-01-02,2026-06-12,True
WDR,2007-07-31,2021-03-18,2593,2004-01-02,2021-04-30,False
WDS,2022-08-23,2026-06-12,72,2007-07-13,2026-06-12,True
WEC,2006-03-29,2026-06-12,4834,2004-01-02,2026-06-12,True
WELL,2007-01-23,2026-06-12,4858,2004-01-02,2026-06-12,True
WELL-P-I,2011-05-26,2011-05-26,1,2011-03-02,2019-02-27,False
WEN,2014-02-25,2025-09-08,2518,2004-01-02,2026-06-12,True
WERN,2007-08-10,2026-06-12,3101,2004-01-02,2026-06-12,True
WES,2016-09-02,2026-06-12,1561,2012-12-10,2026-06-12,True
WEX,2012-04-19,2026-06-12,3106,2005-02-16,2026-06-12,True
WFC,2004-03-30,2026-06-12,5583,2004-01-02,2026-06-12,True
WFC-P-D,2021-10-14,2021-10-14,1,2021-07-21,2026-06-12,True
WFC-P-L,2016-02-05,2021-04-07,420,2014-09-22,2026-06-12,True
WFC-P-Z,2020-04-14,2020-04-28,11,2020-01-16,2026-06-12,True
WFC-WS,2004-03-30,2017-08-07,3359,2004-01-02,2018-10-24,False
WFG,2021-05-12,2022-10-12,359,2007-07-13,2026-06-12,True
WFM,2004-03-30,2017-08-29,3355,2004-01-02,2017-08-29,False
WFRD,2022-05-13,2026-06-12,970,2021-01-04,2026-06-12,True
WFTIQ,2004-03-30,2015-12-04,2872,2004-01-02,2019-12-13,False
WGL,2008-02-08,2018-07-09,465,2004-01-02,2018-07-09,False
WGO,2004-03-30,2026-06-12,2136,2004-01-02,2026-06-12,True
WGS,2021-02-17,2026-06-12,465,2020-11-04,2026-06-12,True
WH,2018-08-17,2026-06-12,1965,2018-05-21,2026-06-12,True
WHD,2018-07-25,2026-06-12,1140,2018-02-08,2026-06-12,True
WHLR,2024-09-20,2024-11-19,20,2012-11-19,2026-06-12,True
WHR,2004-03-30,2026-06-12,5587,2004-01-02,2026-06-12,True
WIMI,2020-07-13,2021-02-22,20,2020-04-01,2026-06-12,True
WINA,2025-06-03,2026-06-12,259,2004-01-02,2026-06-12,True
WING,2017-12-21,2026-06-12,2129,2015-06-12,2026-06-12,True
WIRE,2006-04-12,2024-07-03,865,2004-01-02,2024-07-03,False
WIX,2017-02-22,2026-06-12,2340,2013-11-06,2026-06-12,True
WK,2019-07-01,2026-06-12,1487,2014-12-12,2026-06-12,True
WKC,2006-09-20,2026-06-12,1559,2004-01-02,2026-06-12,True
WKEY,2021-03-23,2025-01-10,22,2019-01-11,2026-06-12,True
WKHS,2020-06-29,2021-08-10,264,2014-08-07,2026-06-12,True
WLDN,2025-08-08,2026-06-12,213,2006-11-21,2026-06-12,True
WLH,2013-08-12,2013-08-12,1,2013-05-16,2020-02-05,False
WLK,2007-03-01,2026-06-12,3764,2004-08-11,2026-06-12,True
WLL,2021-03-30,2022-07-01,318,2020-09-02,2022-07-01,False
WLT,2004-12-20,2014-03-07,2290,2004-01-02,2015-07-07,False
WLY,2018-11-20,2025-09-16,189,2004-01-02,2026-06-12,True
WM,2004-03-30,2026-06-12,5587,2004-01-02,2026-06-12,True
WMB,2004-04-01,2026-06-12,5577,2004-01-02,2026-06-12,True
WMG,2020-08-27,2026-06-12,1420,2020-06-03,2026-06-12,True
WMGI,2016-06-09,2020-11-11,1061,2004-01-02,2020-11-11,False
WMS,2020-04-30,2026-06-12,1502,2014-07-25,2026-06-12,True
WMT,2004-03-30,2026-06-12,5587,2004-01-02,2026-06-12,True
WNC,2017-01-23,2018-03-19,143,2004-01-02,2026-06-12,True
WNR,2007-04-12,2017-06-02,1893,2006-01-19,2017-06-02,False
WNS,2023-05-30,2025-10-16,103,2006-07-26,2025-10-16,False
WNW,2021-03-15,2021-04-09,16,2020-12-15,2026-06-12,True
WOLF,2025-12-23,2026-06-12,118,2025-09-29,2026-06-12,True
WOOF,2021-04-13,2023-05-23,457,2021-01-14,2026-06-12,True
WOR,2007-02-08,2025-05-21,617,2004-01-02,2026-06-12,True
WPC,2012-10-31,2026-06-12,3029,2004-01-02,2026-06-12,True
WPM,2016-03-31,2026-06-12,2566,2016-01-04,2026-06-12,True
WPP,2017-11-03,2019-01-24,128,2004-01-02,2026-06-12,True
WPPGY,2017-11-03,2017-11-16,8,2004-01-02,2017-11-27,False
WPRT,2011-04-12,2021-03-15,724,2008-08-15,2026-06-12,True
WPX,2012-03-09,2020-02-26,1682,2011-12-12,2021-01-14,False
WPZ,2007-12-17,2018-08-13,1316,2005-08-18,2018-08-13,False
WR,2007-07-31,2026-06-12,2355,2004-01-02,2026-06-12,True
WRB,2005-03-24,2026-06-12,5114,2004-01-02,2026-06-12,True
WRBY,2021-12-23,2026-06-12,722,2021-09-29,2026-06-12,True
WRC,2008-10-23,2013-04-26,1132,2008-06-24,2013-10-17,False
WRD,2025-02-20,2025-11-03,78,2024-10-25,2026-06-12,True
WRI,2006-10-10,2021-08-03,3360,2004-01-02,2021-08-03,False
WRLD,2014-03-25,2026-06-12,170,2004-01-02,2026-06-12,True
WSBC,2025-03-12,2026-06-12,90,2004-01-02,2026-06-12,True
WSC,2020-07-13,2026-06-12,1488,2017-11-30,2026-06-12,True
WSFS,2021-03-01,2026-06-12,246,2004-01-02,2026-06-12,True
WSH,2004-03-30,2016-01-04,2725,2004-01-02,2016-01-04,False
WSM,2004-03-30,2026-06-12,5485,2004-01-02,2026-06-12,True
WSO,2006-06-15,2026-06-12,3507,2004-01-02,2026-06-12,True
WST,2015-07-09,2026-06-12,2652,2004-01-02,2026-06-12,True
WSTC,2017-05-25,2017-08-04,50,2013-03-22,2017-10-10,False
WT,2013-06-21,2026-06-12,1035,2004-01-02,2026-06-12,True
WTFC,2016-07-13,2026-06-12,2312,2004-01-02,2026-06-12,True
WTI,2008-03-07,2011-09-07,319,2005-01-28,2026-06-12,True
WTM,2018-04-05,2026-06-12,744,2004-01-02,2026-06-12,True
WTO,2021-06-30,2021-07-01,2,2021-04-06,2026-06-12,True
WTRG,2007-03-14,2026-06-12,3036,2004-01-02,2026-06-12,True
WTRU,2019-07-16,2019-07-16,1,2019-04-18,2022-04-29,False
WTS,2007-01-26,2026-06-12,1224,2004-01-02,2026-06-12,True
WTTR,2026-04-06,2026-06-12,49,2017-04-21,2026-06-12,True
WTW,2016-04-01,2026-06-12,2565,2016-01-05,2026-06-12,True
WU,2006-12-27,2026-02-10,4605,2006-10-02,2026-06-12,True
WUBA,2014-01-29,2020-09-17,1672,2013-10-31,2020-09-17,False
WULF,2025-09-09,2026-06-12,192,2004-01-02,2026-06-12,True
WVE,2019-04-22,2026-03-25,114,2015-11-11,2026-06-12,True
WW,2004-03-30,2025-09-11,3226,2004-01-02,2026-06-12,True
WWAV,2013-05-31,2017-07-17,1018,2012-10-26,2017-07-17,False
WWD,2008-05-23,2026-06-12,2295,2004-01-02,2026-06-12,True
WWE,2014-03-10,2023-09-11,1539,2004-01-02,2023-09-11,False
WWR,2020-10-06,2021-02-09,4,2017-08-22,2026-06-12,True
WWW,2012-05-01,2026-05-18,1990,2004-01-02,2026-06-12,True
WWWW,2013-09-11,2014-09-23,167,2005-11-03,2015-11-09,False
WX,2007-11-08,2026-06-12,338,2007-08-15,2026-06-12,True
WY,2004-03-30,2026-06-12,5587,2004-01-02,2026-06-12,True
WYFI,2025-10-31,2026-06-12,96,2025-08-07,2026-06-12,True
WYN,2006-10-12,2018-05-31,2791,2006-07-19,2018-05-31,False
WYNN,2004-04-29,2026-06-12,5536,2004-01-02,2026-06-12,True
XBI,2008-08-21,2026-06-12,3463,2006-02-06,2026-06-12,True
XCO,2008-03-27,2012-01-04,850,2006-02-09,2017-12-26,False
XEL,2004-03-30,2026-06-12,5406,2004-01-02,2026-06-12,True
XENE,2021-10-05,2026-06-12,433,2014-11-05,2026-06-12,True
XENT,2020-03-06,2021-11-01,67,2014-07-24,2022-09-16,False
XHR,2015-05-01,2019-06-25,155,2015-02-04,2026-06-12,True
XIFR,2019-12-18,2025-01-31,1251,2014-06-27,2026-06-12,True
XL,2004-03-30,2018-09-13,3499,2004-01-02,2018-09-13,False
XLB,2005-05-16,2026-06-15,5304,1998-12-22,2026-06-15,True
XLC,2018-09-17,2026-06-12,1945,2018-06-19,2026-06-12,True
XLE,2004-03-30,2026-06-12,5587,2004-01-02,2026-06-12,True
XLF,2004-03-30,2026-06-12,5527,2004-01-02,2026-06-12,True
XLI,2004-08-18,2026-06-12,5364,2004-01-02,2026-06-12,True
XLK,2005-08-24,2026-06-12,5232,2004-01-02,2026-06-12,True
XLNX,2004-03-30,2022-02-14,4502,2004-01-02,2022-02-14,False
XLP,2005-08-18,2026-06-12,5236,2004-01-02,2026-06-12,True
XLRE,2016-11-07,2026-06-15,2312,2015-10-08,2026-06-15,True
XLRN,2018-08-03,2021-11-22,589,2013-09-19,2021-11-22,False
XLS,2012-01-18,2015-05-29,424,2011-10-13,2015-05-29,False
XLU,2004-05-12,2026-06-12,5472,2004-01-02,2026-06-12,True
XLV,2004-12-23,2026-06-12,5321,2004-01-02,2026-06-12,True
XLY,2005-09-07,2026-06-12,5224,2004-01-02,2026-06-12,True
XM,2021-04-26,2023-06-28,473,2021-01-28,2023-06-28,False
XMTR,2021-09-24,2026-06-12,522,2021-06-30,2026-06-12,True
XNCR,2019-07-22,2019-09-25,47,2013-12-03,2026-06-12,True
XNDU,2026-04-20,2026-06-12,37,2026-01-02,2026-06-12,True
XNET,2017-11-14,2021-02-19,110,2014-06-24,2026-06-12,True
XNPT,2008-03-12,2010-05-18,72,2005-06-01,2016-07-06,False
XOM,2004-03-30,2026-06-12,5587,2004-01-02,2026-06-12,True
XONE,2023-06-07,2023-08-14,47,2022-09-15,2026-06-12,True
XOOM,2013-11-19,2015-10-05,53,2013-02-15,2015-11-11,False
XOP,2008-03-03,2026-06-12,4578,2006-06-22,2026-06-12,True
XOXO,2007-03-26,2007-04-05,9,2004-01-02,2018-12-21,False
XP,2020-03-10,2026-06-12,1574,2019-12-11,2026-06-12,True
XPEL,2021-08-10,2022-05-10,100,2007-07-18,2026-06-12,True
XPEV,2020-11-20,2026-06-12,1105,2020-08-27,2026-06-12,True
XPO,2014-02-24,2026-06-12,3095,2004-01-02,2026-06-12,True
XPOF,2023-06-28,2023-09-21,60,2021-07-23,2026-06-12,True
XPRO,2023-09-18,2026-05-15,179,2013-08-09,2026-06-12,True
XRAY,2004-03-30,2026-06-12,5496,2004-01-02,2026-06-12,True
XRT,2007-02-15,2026-06-12,4859,2006-06-22,2026-06-12,True
XRX,2004-03-30,2024-10-24,3832,2004-01-02,2026-06-12,True
XXIA,2017-02-03,2017-04-19,52,2004-01-02,2017-04-19,False
XYL,2012-01-10,2026-06-12,3627,2011-10-13,2026-06-12,True
XYZ,2016-03-17,2026-06-12,2521,2015-11-19,2026-06-12,True
YALA,2020-12-24,2021-08-18,162,2020-09-30,2026-06-12,True
YELP,2012-05-29,2026-06-12,3383,2012-03-02,2026-06-12,True
YETI,2019-01-24,2026-06-12,1842,2018-10-25,2026-06-12,True
YEXT,2018-07-03,2023-07-18,190,2017-04-13,2026-06-12,True
YGE,2007-09-04,2011-05-18,751,2007-06-08,2018-06-29,False
YHOO,2004-03-30,2017-06-26,3331,2004-01-02,2017-06-26,False
YI,2021-03-04,2021-05-10,47,2018-09-12,2026-06-12,True
YMM,2021-09-16,2026-02-02,348,2021-06-22,2026-06-12,True
YOKU,2016-03-31,2016-04-13,10,2016-01-04,2016-04-13,False
YOU,2021-09-24,2026-06-12,1137,2021-06-30,2026-06-12,True
YPF,2011-04-18,2026-06-12,2209,2004-01-02,2026-06-12,True
YQ,2021-03-04,2021-03-18,11,2020-12-04,2026-06-12,True
YRD,2016-08-26,2018-04-16,202,2015-12-18,2026-06-12,True
YSG,2021-02-18,2021-06-18,67,2020-11-19,2026-06-12,True
YSS,2026-04-27,2026-06-12,34,2026-01-29,2026-06-12,True
YUM,2004-03-30,2026-06-12,5587,2004-01-02,2026-06-12,True
YUMC,2017-01-12,2026-06-12,2367,2016-10-17,2026-06-12,True
Z,2015-10-27,2026-06-12,2672,2015-08-03,2026-06-12,True
ZAGG,2011-07-07,2011-10-12,65,2007-09-04,2021-02-22,False
ZAYO,2015-05-15,2020-03-11,1214,2014-10-17,2020-03-11,False
ZAZZT,2022-10-26,2025-09-22,162,2016-08-30,2026-06-12,True
ZBH,2004-03-30,2026-06-12,5587,2004-01-02,2026-06-12,True
ZBIO,2026-03-30,2026-04-01,3,2024-09-13,2026-06-12,True
ZBRA,2004-03-30,2026-06-12,3769,2004-01-02,2026-06-12,True
ZBZZT,2018-04-04,2023-01-31,373,2016-08-31,2026-06-12,True
ZCZZT,2018-04-02,2020-01-07,241,2016-08-26,2026-06-12,True
ZD,2004-03-30,2026-06-12,3051,2004-01-02,2026-06-12,True
ZETA,2024-05-08,2026-06-12,526,2021-06-10,2026-06-12,True
ZG,2012-06-06,2026-06-12,3095,2011-07-20,2026-06-12,True
ZGNX,2017-10-02,2022-03-15,789,2010-11-23,2022-03-15,False
ZH,2021-06-22,2021-10-21,31,2021-03-26,2026-06-12,True
ZIM,2021-04-26,2026-06-12,1222,2021-01-28,2026-06-12,True
ZION,2004-03-30,2026-06-12,5567,2004-01-02,2026-06-12,True
ZIP,2021-08-20,2022-02-08,70,2021-05-26,2026-06-12,True
ZJZZT,2016-11-22,2025-08-15,158,2014-09-24,2026-06-12,True
ZK,2024-10-31,2025-06-06,90,2024-05-10,2026-06-12,True
ZKIN,2021-03-22,2021-03-29,5,2017-09-01,2026-06-12,True
ZLAB,2020-03-02,2025-12-08,1056,2017-09-20,2026-06-12,True
ZLTQ,2015-03-11,2017-05-01,340,2011-10-19,2017-05-01,False
ZM,2019-07-16,2026-06-12,1738,2019-04-18,2026-06-12,True
ZMH,2004-03-30,2015-06-26,2831,2004-01-02,2015-06-26,False
ZNGA,2012-03-15,2021-08-02,153,2011-12-16,2022-09-08,False
ZNTL,2022-01-25,2023-08-23,153,2020-04-03,2026-06-12,True
ZOES,2015-07-02,2016-11-16,82,2014-04-11,2018-11-21,False
ZQK,2005-04-07,2007-11-02,255,2004-01-02,2015-09-09,False
ZS,2018-06-12,2026-06-12,2012,2018-03-16,2026-06-12,True
ZSPH,2015-07-14,2015-12-16,110,2014-06-18,2015-12-16,False
ZSTK,2021-08-06,2021-08-26,14,2021-05-11,2026-06-12,True
ZTO,2017-01-25,2026-06-12,2359,2016-10-27,2026-06-12,True
ZTS,2013-04-30,2026-06-12,3301,2013-02-01,2026-06-12,True
ZU,2014-02-13,2015-09-30,404,2013-11-15,2015-09-30,False
ZUMZ,2007-05-24,2012-11-26,222,2005-05-06,2026-06-12,True
ZUO,2018-07-06,2025-02-14,483,2018-04-11,2025-02-14,False
ZVRA,2021-03-05,2021-06-01,16,2015-04-16,2026-06-12,True
ZVV,2025-05-19,2025-08-28,68,2017-10-11,2026-06-12,True
ZVZZT,2017-12-18,2024-06-04,364,2017-09-22,2026-06-12,True
ZWS,2014-06-30,2026-06-12,2078,2012-03-29,2026-06-12,True
ZWZZT,2018-01-26,2025-09-22,52,2017-09-22,2026-06-12,True
ZXZZT,2006-10-10,2019-01-31,1623,2006-07-10,2026-06-12,True
ZY,2021-07-19,2021-10-29,54,2021-04-22,2022-11-02,False
ZYME,2020-12-03,2026-02-20,118,2017-04-28,2026-06-12,True
ZYNE,2019-05-15,2019-08-20,67,2015-08-05,2023-10-11,False
ZZK,2025-05-19,2025-08-28,68,2020-07-22,2026-06-12,True
