date,nav,return
2000-01-03,10000000.0,0.0
2000-01-04,10017740.476190474,0.0017740476190473142
2000-01-05,10008490.364954742,-0.0009233730158729747
2000-01-06,10015452.620355442,0.0006956349206348467
2000-01-07,10024208.59006493,0.0008742460317461287
2000-01-10,10014054.305434827,-0.0010129761904762447
2000-01-11,10004837.401642753,-0.0009203968253969075
2000-01-12,10001045.488864059,-0.00037900793650791353
2000-01-13,10017027.318302017,0.001598015873015779
2000-01-14,10013214.885404801,-0.0003805952380951938
2000-01-17,10013214.885404801,0.0
2000-01-18,10011216.215925692,-0.0001996031746031024
2000-01-19,10017319.085112559,0.0006096031746032349
2000-01-20,10016221.155139817,-0.00010960317460317892
2000-01-21,10020528.130236527,0.00042999999999993044
2000-01-24,10026632.69959587,0.0006092063492066924
2000-01-25,10028230.992594056,0.00015940476190468011
2000-01-26,10028030.427974205,-1.9999999999797957e-05
2000-01-27,10021532.105081791,-0.0006480158730159946
2000-01-28,10012358.028727343,-0.0009154365079363513
2000-01-31,10007713.804402033,-0.0004638492063493427
2000-02-01,10011175.996820558,0.0003459523809525855
2000-02-02,10016435.439638888,0.0005253571428571746
2000-02-03,10032485.584998121,0.0016023809523810773
2000-02-04,10026008.261963679,-0.0006456349206350742
2000-02-07,10020455.36524494,-0.0005538492063491551
2000-02-08,10023022.112839488,0.00025615079365071125
2000-02-09,10027389.684499059,0.00043575396825423773
2000-02-10,10031755.180222418,0.00043535714285725113
2000-02-11,10038821.198256105,0.0007043650793649991
2000-02-14,10042276.225885171,0.0003441666666665899
2000-02-15,10040319.576033225,-0.00019484126984103955
2000-02-16,10043783.087861577,0.00034496031746034106
2000-02-17,10035520.482020525,-0.000822658730158965
2000-02-18,10042609.063948302,0.000706349206349266
2000-02-21,10042609.063948302,0.0
2000-02-22,10056907.427861214,0.0014237698412697952
2000-02-23,10051331.431409545,-0.000554444444444302
2000-02-24,10066536.86223606,0.0015127777777776963
2000-02-25,10079025.35993146,0.0012405952380951657
2000-02-28,10077025.553312426,-0.00019841269841258669
2000-02-29,10075036.14052958,-0.00019742063492056428
2000-03-01,10081199.903711269,0.000611785714285773
2000-03-02,10081927.590323366,7.218253968255262e-05
2000-03-03,10089902.31503201,0.0007909920634918688
2000-03-06,10083373.907998417,-0.0006470238095237502
2000-03-07,10094979.791339742,0.0011509920634917847
2000-03-08,10095700.4607304,7.138888888880146e-05
2000-03-09,10101864.847356958,0.0006105952380952573
2000-03-10,10092603.201109603,-0.0009168253968254714
2000-03-13,10097877.387282439,0.0005225793650796007
2000-03-14,10104961.92983034,0.0007015873015872032
2000-03-15,10104781.885072147,-1.781746031737086e-05
2000-03-16,10108237.56008348,0.00034198412698427383
2000-03-17,10110784.675500406,0.0002519841269841283
2000-03-20,10108792.610186363,-0.00019702380952391074
2000-03-21,10114073.250897493,0.0005223809523808853
2000-03-22,10117534.110169021,0.0003421825396825451
2000-03-23,10116451.293125564,-0.00010702380952376522
2000-03-24,10100841.046755198,-0.0015430555555556724
2000-03-27,10100715.18706914,-1.2460317460272208e-05
2000-03-28,10109665.943848604,0.0008861507936510638
2000-03-29,10113163.406852512,0.00034595238095236347
2000-03-30,10126650.032624364,0.0013335714285713784
2000-03-31,10129217.861739779,0.0002535714285714086
2000-04-03,10140882.540404366,0.0011515873015870426
2000-04-04,10160736.537304997,0.0019578174603174237
2000-04-05,10162342.094959425,0.00015801587301589315
2000-04-06,10160299.544851847,-0.00020099206349200038
2000-04-07,10162829.540075812,0.00024900793650783903
2000-04-10,10174486.547530415,0.0011470238095241392
2000-04-11,10170604.092663705,-0.00038158730158732723
2000-04-12,10168563.917914165,-0.00020059523809523583
2000-04-13,10172013.15935743,0.0003392063492062558
2000-04-14,10193730.811103975,0.0021350396825396967
2000-04-17,10189820.787214288,-0.00038357142857137205
2000-04-18,10194161.974356016,0.0004260317460318408
2000-04-19,10195754.60989939,0.00015623015873011958
2000-04-20,10190024.757646002,-0.0005619841269841608
2000-04-21,10190024.757646002,0.0
2000-04-24,10195297.286725957,0.0005174206349203292
2000-04-25,10180424.289946012,-0.0014588095238095011
2000-04-26,10180238.860789303,-1.8214285714246436e-05
2000-04-27,10169089.075370345,-0.001095238095237927
2000-04-28,10164374.169149842,-0.0004636507936509604
2000-05-01,10162415.913729556,-0.00019265873015872348
2000-05-02,10166856.324905194,0.0004369444444445314
2000-05-03,10168555.642319499,0.00016714285714281019
2000-05-04,10170257.261333136,0.00016734126984130349
2000-05-05,10158261.604326047,-0.0011794841269842093
2000-05-08,10149961.256520703,-0.000817103174603151
2000-05-09,10154452.614376713,0.0004424999999999013
2000-05-10,10159853.816076836,0.000531904761904789
2000-05-11,10163427.101170959,0.0003517063492064487
2000-05-12,10151483.864395285,-0.001175119047619022
2000-05-15,10156907.657202834,0.0005342857142858204
2000-05-16,10159591.98279795,0.0002642857142856059
2000-05-17,10162277.017821975,0.0002642857142856059
2000-05-18,10164962.762462396,0.00026428571428538383
2000-05-19,10180428.83397979,0.0015215079365078488
2000-05-22,10190404.846266547,0.0009799206349205836
2000-05-23,10190308.199172964,-9.484126984204977e-06
2000-05-24,10197538.465466661,0.0007095238095236045
2000-05-25,10209342.520904664,0.0011575396825396211
2000-05-26,10213805.462063802,0.00043714285714280265
2000-05-29,10213805.462063802,0.0
2000-05-30,10210928.57352532,-0.00028166666666673557
2000-05-31,10209898.566365246,-0.00010087301587302644
2000-06-01,10224463.472855812,0.0014265476190475912
2000-06-02,10243613.649500862,0.0018729761904758835
2000-06-05,10249884.610920342,0.0006121825396827596
2000-06-06,10248787.629222102,-0.00010702380952376522
2000-06-07,10251380.328473542,0.0002529761904761507
2000-06-08,10251211.912939575,-1.642857142847287e-05
2000-06-09,10252890.752287382,0.0001637698412699784
2000-06-12,10261937.707794044,0.0008823809523810233
2000-06-13,10270056.855175711,0.0007911904761905841
2000-06-14,10280937.002313117,0.001059404761904803
2000-06-15,10283501.116958337,0.00024940476190482563
2000-06-16,10295300.618339168,0.0011474206349209037
2000-06-19,10294149.75080576,-0.00011178571428582806
2000-06-20,10293007.181883022,-0.00011099206349196589
2000-06-21,10285402.610148408,-0.0007388095238094472
2000-06-22,10287986.205327861,0.00025119047619037715
2000-06-23,10283179.429550817,-0.00046722222222206344
2000-06-26,10293166.355477754,0.0009711904761904311
2000-06-27,10295751.900836093,0.00025119047619037715
2000-06-28,10306659.269427229,0.001059404761904803
2000-06-29,10317559.788587892,0.0010576190476188074
2000-06-30,10321967.679408683,0.00042722222222213446
2000-07-03,10331934.931849584,0.0009656349206348391
2000-07-04,10331934.931849584,0.0
2000-07-05,10337256.288336907,0.0005150396825399639
2000-07-06,10331434.608128808,-0.0005631746031745655
2000-07-07,10341406.902391035,0.0009652380952380746
2000-07-10,10340228.310302794,-0.00011396825396825516
2000-07-11,10341843.765813021,0.00015623015873034163
2000-07-12,10341604.097687658,-2.3174603174247466e-05
2000-07-13,10349728.823002184,0.0007856349206349922
2000-07-14,10338329.746673517,-0.0011013888888887768
2000-07-17,10334401.181369781,-0.00037999999999993594
2000-07-18,10339768.91855482,0.0005194047619048181
2000-07-19,10338633.595515233,-0.00010980158730145018
2000-07-20,10364430.94791547,0.002495238095238106
2000-07-21,10364180.474167561,-2.4166666666824987e-05
2000-07-24,10363936.17562781,-2.3571428571678155e-05
2000-07-25,10367420.843533212,0.0003362301587301886
2000-07-26,10376490.691148946,0.0008748412698411645
2000-07-27,10380894.934975635,0.00042444444444456053
2000-07-28,10380635.824542535,-2.4960317460354098e-05
2000-07-31,10381315.097101053,6.543650793644495e-05
2000-08-01,10384795.30940027,0.0003352380952379441
2000-08-02,10388274.627923971,0.00033503968253967287
2000-08-03,10393618.81809367,0.000514444444444484
2000-08-04,10404559.75168048,0.0010526587301589174
2000-08-07,10397741.049128933,-0.0006553571428571381
2000-08-08,10404019.716809273,0.0006038492063491496
2000-08-09,10400950.943850739,-0.00029496031746034657
2000-08-10,10405367.633376539,0.0004246428571428318
2000-08-11,10392962.53576505,-0.0011921825396824515
2000-08-14,10398338.00694327,0.00051722222222228
2000-08-15,10397173.558139477,-0.00011198412698409932
2000-08-16,10398818.53952743,0.0001582142857146085
2000-08-17,10401399.67484349,0.0002482142857143099
2000-08-18,10408651.761839004,0.0006972222222221269
2000-08-21,10409355.584958138,6.761904761898307e-05
2000-08-22,10412867.91632873,0.0003374206349207043
2000-08-23,10423860.103325166,0.0010556349206349847
2000-08-24,10425484.488191267,0.00015583333333335503
2000-08-25,10428047.419794612,0.00024583333333305646
2000-08-28,10423119.33976595,-0.0004725793650791621
2000-08-29,10421954.183925468,-0.00011178571428571704
2000-08-30,10426412.87789598,0.0004278174603173923
2000-08-31,10437423.500892272,0.0010560317460317492
2000-09-01,10452176.301990617,0.0014134523809523625
2000-09-04,10452176.301990617,0.0
2000-09-05,10454720.909197474,0.00024345238095269117
2000-09-06,10454449.584297687,-2.595238095248753e-05
2000-09-07,10451368.010824982,-0.00029476190476185327
2000-09-08,10459562.381029658,0.0007840476190474899
2000-09-11,10460236.441716434,6.444444444442254e-05
2000-09-12,10465611.425910233,0.0005138492063490041
2000-09-13,10475682.085095426,0.0009622619047617853
2000-09-14,10475397.745153118,-2.7142857142670174e-05
2000-09-15,10484526.721735712,0.0008714682539685548
2000-09-18,10492707.564947197,0.0007802777777774494
2000-09-19,10492401.944020504,-2.912698412693704e-05
2000-09-20,10488333.64007626,-0.000387738095237955
2000-09-21,10491816.43277071,0.00033206349206360564
2000-09-22,10497182.663802534,0.0005114682539681947
2000-09-25,10496889.409175735,-2.7936507936643373e-05
2000-09-26,10504143.509535288,0.0006910714285712771
2000-09-27,10514222.068500252,0.0009594841269842114
2000-09-28,10512963.282469274,-0.00011972222222211837
2000-09-29,10521153.7986647,0.0007790873015873778
2000-10-02,10524614.089247372,0.00032888888888882306
2000-10-03,10524292.921460286,-3.0515873015612982e-05
2000-10-04,10524923.126143558,5.9880952380853e-05
2000-10-05,10528393.009529749,0.0003296825396825742
2000-10-06,10534698.347121011,0.0005988888888888155
2000-10-09,10534698.347121011,0.0
2000-10-10,10537214.969503932,0.00023888888888867754
2000-10-11,10549194.779379977,0.0011369047619049777
2000-10-12,10565903.950396601,0.0015839285714285278
2000-10-13,10570273.28710561,0.0004135317460316479
2000-10-16,10564198.735607838,-0.0005746825396825139
2000-10-17,10577120.175989887,0.0012231349206348607
2000-10-18,10581485.756424433,0.0004127380952383408
2000-10-19,10575396.363311747,-0.0005754761904762651
2000-10-20,10581675.29507317,0.0005937301587302102
2000-10-23,10586999.305432942,0.0005031349206350288
2000-10-24,10581861.669936664,-0.00048527777777795933
2000-10-25,10579594.128150249,-0.0002142857142857224
2000-10-26,10575437.439203313,-0.0003928968253967824
2000-10-27,10568447.998308474,-0.00066091269841273
2000-10-30,10566229.462994542,-0.0002099206349207572
2000-10-31,10572561.653365582,0.0005992857142860242
2000-11-01,10582686.978879167,0.0009576984126984378
2000-11-02,10587103.15095337,0.0004173015873016883
2000-11-03,10579157.361989323,-0.0007505158730157779
2000-11-06,10574090.701267026,-0.00047892857142872725
2000-11-07,10576639.812418228,0.00024107142857165975
2000-11-08,10579189.538087294,0.0002410714285714377
2000-11-09,10589340.102525447,0.0009594841269842114
2000-11-10,10595679.839593971,0.0005986904761905443
2000-11-13,10601063.454064852,0.0005080952380953629
2000-11-14,10600731.53981623,-3.130952380947516e-05
2000-11-15,10606117.721031938,0.0005080952380953629
2000-11-16,10614357.66439473,0.0007769047619048397
2000-11-17,10614012.697770637,-3.250000000010189e-05
2000-11-20,10619392.991350055,0.0005069047619048472
2000-11-21,10622862.414465044,0.0003267063492060629
2000-11-22,10623469.013632286,5.710317460350112e-05
2000-11-23,10623469.013632286,0.0
2000-11-24,10623125.858720496,-3.230158730160859e-05
2000-11-27,10626604.932439229,0.0003275000000000361
2000-11-28,10641534.468987962,0.0014049206349207033
2000-11-29,10660280.038694821,0.0017615476190475654
2000-11-30,10676150.742115922,0.001488769841269999
2000-12-01,10676675.652860742,4.91666666666557e-05
2000-12-04,10686792.650397038,0.0009475793650792763
2000-12-05,10707458.871803353,0.0019338095238095043
2000-12-06,10723316.958311822,0.0014810317460316469
2000-12-07,10720872.297362396,-0.00022797619047632
2000-12-08,10715550.57547479,-0.0004963888888888102
2000-12-11,10714097.597843185,-0.0001355952380953651
2000-12-12,10714577.606422072,4.480158730157946e-05
2000-12-13,10730456.86554378,0.0014820238095238913
2000-12-14,10738620.954808982,0.0007608333333333217
2000-12-15,10750635.852341553,0.0011188492063489708
2000-12-18,10764573.710434087,0.0012964682539682304
2000-12-19,10764970.547298254,3.686507936517813e-05
2000-12-20,10789539.456665609,0.002282301587301694
2000-12-21,10814115.20171613,0.0022777380952381243
2000-12-22,10828015.201934334,0.0012853571428568245
2000-12-25,10828015.201934334,0.0
2000-12-26,10824404.57448426,-0.0003334523809523926
2000-12-27,10825668.280764345,0.00011674603174594012
2000-12-28,10812351.849598983,-0.0012300793650793507
2000-12-29,10829186.080742596,0.0015569444444445413
2001-01-01,10829186.080742596,0.0
2001-01-02,10875188.635105433,0.00424801587301582
2001-01-03,10879295.313480498,0.00037761904761901555
2001-01-04,10917593.455010427,0.0035202777777778582
2001-01-05,10961828.77096798,0.004051746031745962
2001-01-08,10964805.429471144,0.0002715476190475741
2001-01-09,10947102.925149795,-0.0016144841269840615
2001-01-10,10926523.240468206,-0.0018799206349205955
2001-01-11,10925656.489676233,-7.932539682542483e-05
2001-01-12,10903211.202514704,-0.0020543650793650725
2001-01-15,10903211.202514704,0.0
2001-01-16,10907302.502718313,0.0003752380952379841
2001-01-17,10918247.461384436,0.001003452380952563
2001-01-18,10946832.473071432,0.002618095238095197
2001-01-19,10942993.262539806,-0.00035071428571420427
2001-01-22,10945064.614835931,0.00018928571428578067
2001-01-23,10934358.864927555,-0.000978134920634921
2001-01-24,10936456.78655898,0.00019186507936508335
2001-01-25,10944447.777781636,0.0007306746031745526
2001-01-26,10949483.09236638,0.00046007936507930225
2001-01-29,10954514.206046004,0.0004594841269840444
2001-01-30,10973313.369591823,0.0017161111111110294
2001-01-31,10991122.360472362,0.0016229365079365454
2001-02-01,11003990.260591451,0.0011707539682539458
2001-02-02,10985227.583864583,-0.0017050793650793539
2001-02-05,10981340.033880737,-0.00035388888888898684
2001-02-06,10975494.649150005,-0.0005323015873014425
2001-02-07,10980511.582596973,0.000457103174603235
2001-02-08,10978621.80169484,-0.0001721031746032553
2001-02-09,10992515.421848724,0.0012655158730159322
2001-02-12,10992580.41727721,5.912698412657846e-06
2001-02-13,10979816.810014928,-0.0011611111111109462
2001-02-14,10966114.695767255,-0.0012479365079365312
2001-02-15,10957388.36648177,-0.0007957539682540427
2001-02-16,10985100.558257999,0.002529087301587296
2001-02-19,10985100.558257999,0.0
2001-02-20,10990137.139680622,0.000458492063492022
2001-02-21,11000104.147386588,0.0009069047619050252
2001-02-22,11013026.214175282,0.0011747222222222575
2001-02-23,11034840.309551494,0.0019807539682539232
2001-02-26,11053680.985708587,0.001707380952380877
2001-02-27,11058619.612463275,0.00044678571428580227
2001-02-28,11063553.86321417,0.0004461904761905444
2001-03-01,11067490.205433916,0.00035579365079363434
2001-03-02,11059497.018063325,-0.0007222222222221797
2001-03-05,11057490.509318618,-0.00018142857142866564
2001-03-06,11060458.041394593,0.0002683730158732356
2001-03-07,11074349.88891317,0.0012559920634918065
2001-03-08,11078287.874998668,0.0003555952380953631
2001-03-09,11072274.386909697,-0.0005428174603173685
2001-03-12,11078213.431865565,0.0005363888888889612
2001-03-13,11080167.505623685,0.0001763888888888232
2001-03-14,11109982.389686737,0.002690833333333531
2001-03-15,11131834.226081373,0.0019668650793651654
2001-03-16,11129693.114950666,-0.00019234126984124522
2001-03-19,11119565.53587055,-0.0009099603174602677
2001-03-20,11136434.622792628,0.0015170634920635973
2001-03-21,11145295.600991897,0.0007956746031745343
2001-03-22,11155149.015305173,0.0008840873015873996
2001-03-23,11142954.932371657,-0.0010931349206347862
2001-03-26,11140811.68227018,-0.00019234126984135624
2001-03-27,11117667.97228737,-0.0020773809523808584
2001-03-28,11137558.009702552,0.0017890476190476345
2001-03-29,11148442.320857512,0.0009772619047621056
2001-03-30,11166325.395616878,0.0016040873015872315
2001-04-02,11163143.87909543,-0.00028492063492047137
2001-04-03,11181026.172433179,0.0016019047619046933
2001-04-04,11189864.951099094,0.000790515873015929
2001-04-05,11180607.55806336,-0.0008273015873014877
2001-04-06,11205519.460197397,0.0022281349206350054
2001-04-09,11200247.530089458,-0.0004704761904760213
2001-04-10,11177895.036090123,-0.001995714285714323
2001-04-11,11167685.891957162,-0.0009133333333332105
2001-04-12,11156509.78598457,-0.0010007539682541644
2001-04-13,11156509.78598457,0.0
2001-04-16,11136356.790668385,-0.0018063888888890656
2001-04-17,11155291.248726044,0.0017002380952382268
2001-04-18,11192252.0043932,0.0033132936507933586
2001-04-19,11194079.628083598,0.00016329365079359448
2001-04-20,11204954.765284184,0.0009715079365080204
2001-04-23,11228901.35432542,0.0021371428571428375
2001-04-24,11230665.895966817,0.00015714285714318876
2001-04-25,11219319.803782474,-0.001010277777777846
2001-04-26,11229171.880287945,0.000878134920634821
2001-04-27,11208762.86039552,-0.0018175000000001384
2001-04-30,11205551.460877582,-0.00028650793650786266
2001-05-01,11217446.242686253,0.0010615079365079438
2001-05-02,11211199.193457289,-0.0005569047619049527
2001-05-03,11224102.304973472,0.0011509126984126095
2001-05-04,11244051.36521702,0.0017773412698411928
2001-05-07,11253898.387819361,0.0008757539682540116
2001-05-08,11260704.316844374,0.0006047619047617747
2001-05-09,11266491.961380556,0.0005139682539683221
2001-05-10,11249003.4151086,-0.0015522619047617647
2001-05-11,11220472.460613493,-0.0025363095238096767
2001-05-14,11239438.621126678,0.0016903174603173365
2001-05-15,11246287.096524592,0.0006093253968255663
2001-05-16,11254138.522274163,0.0006981349206349741
2001-05-17,11244801.16004306,-0.0008296825396827412
2001-05-18,11238525.490062313,-0.0005580952380952464
2001-05-21,11236308.111144194,-0.00019730158730157932
2001-05-22,11245199.508765,0.0007913095238094581
2001-05-23,11256101.997431593,0.0009695238095237535
2001-05-24,11250821.902919227,-0.00046908730158723433
2001-05-25,11256673.669692304,0.0005201190476189499
2001-05-28,11256673.669692304,0.0
2001-05-29,11256454.343233105,-1.9484126984159467e-05
2001-05-30,11258261.18282907,0.0001605158730157985
2001-05-31,11284332.545838846,0.0023157539682538975
2001-06-01,11282036.721514937,-0.00020345238095242912
2001-06-04,11285829.187112873,0.0003361507936510133
2001-06-05,11301780.27354769,0.0014133730158729652
2001-06-06,11302498.743865078,6.357142857127407e-05
2001-06-07,11301189.53776058,-0.00011583333333342605
2001-06-08,11298872.345445437,-0.00020503968253959837
2001-06-11,11306711.162319066,0.0006937698412698978
2001-06-12,11312511.235937925,0.0005129761904760777
2001-06-13,11317289.42520758,0.00042238095238089635
2001-06-14,11327144.448983243,0.0008707936507934555
2001-06-15,11334955.68375445,0.0006896031746030928
2001-06-18,11344794.605207883,0.0008680158730161036
2001-06-19,11345455.0343224,5.821428571417542e-05
2001-06-20,11351211.95231938,0.0005074206349207078
2001-06-21,11349827.284639165,-0.00012198412698405381
2001-06-22,11363738.029302394,0.0012256349206349881
2001-06-25,11355188.169261301,-0.0007523809523808378
2001-06-26,11344627.844263889,-0.0009299999999998754
2001-06-27,11337160.64815068,-0.0006582142857144424
2001-06-28,11312410.99661351,-0.0021830555555555353
2001-06-29,11308091.181890478,-0.0003818650793649958
2001-07-02,11311910.355067028,0.0003377380952380715
2001-07-03,11313694.674259938,0.00015773809523800253
2001-07-04,11313694.674259938,0.0
2001-07-05,11316495.262647955,0.00024753968253965475
2001-07-06,11333521.648278244,0.0015045634920634043
2001-07-09,11333237.860494114,-2.5039682539640395e-05
2001-07-10,11347206.975620495,0.001232579365079367
2001-07-11,11350976.31965196,0.00033218253968247957
2001-07-12,11352703.740056159,0.00015218253968241058
2001-07-13,11345256.00599939,-0.0006560317460316822
2001-07-16,11353115.747243544,0.0006927777777776534
2001-07-17,11352811.19540842,-2.682539682530294e-05
2001-07-18,11373920.666606171,0.001859404761904937
2001-07-19,11370513.003866771,-0.0002996031746032024
2001-07-20,11373244.183041869,0.00024019841269851128
2001-07-23,11374952.426265392,0.00015019841269836576
2001-07-24,11377682.414847698,0.00024000000000024002
2001-07-25,11375302.131447257,-0.00020920634920640335
2001-07-26,11384168.096096613,0.0007794047619047451
2001-07-27,11395069.792306732,0.0009576190476190405
2001-07-30,11398798.512366548,0.0003272222222221455
2001-07-31,11410712.970811618,0.0010452380952381546
2001-08-01,11405197.340069655,-0.0004833730158730898
2001-08-02,11399700.215986622,-0.00048198412698396975
2001-08-03,11399340.130217897,-3.1587301587143735e-05
2001-08-06,11405126.652398283,0.000507619047618979
2001-08-07,11404761.869379163,-3.1984126984130334e-05
2001-08-08,11430005.766693134,0.0022134523809522744
2001-08-09,11429592.562913233,-3.615079365093532e-05
2001-08-10,11438421.469612824,0.0007724603174603661
2001-08-13,11445186.932787608,0.0005914682539682747
2001-08-14,11439611.491724635,-0.0004871428571430192
2001-08-15,11434054.655047243,-0.0004857539682541212
2001-08-16,11444945.13837385,0.0009524603174604351
2001-08-17,11458908.879771646,0.0012200793650793962
2001-08-20,11448165.697978254,-0.0009375396825396232
2001-08-21,11458021.114908885,0.0008608730158727873
2001-08-22,11449345.756064737,-0.0007571428571431227
2001-08-23,11453037.71573195,0.0003224603174603047
2001-08-24,11448498.313323032,-0.00039634920634923354
2001-08-27,11445002.43258807,-0.00030535714285717663
2001-08-28,11458991.223061332,0.0012222619047621563
2001-08-29,11466795.61458361,0.0006810714285714337
2001-08-30,11480770.089191524,0.0012186904761903872
2001-08-31,11476176.414397504,-0.0004001190476190519
2001-09-03,11476176.414397504,0.0
2001-09-04,11443772.610564567,-0.0028235714285713698
2001-09-05,11457780.333181452,0.0012240476190477079
2001-09-06,11481038.263236342,0.0020298809523808803
2001-09-07,11506357.597380828,0.0022053174603173797
2001-09-10,11505848.030115802,-4.42857142856079e-05
2001-09-11,11505848.030115802,0.0
2001-09-12,11505848.030115802,0.0
2001-09-13,11614866.853363687,0.009475079365079075
2001-09-14,11637064.154461227,0.0019111111111111967
2001-09-17,11629996.946928693,-0.0006073015873016008
2001-09-18,11634440.805682743,0.0003821031746034098
2001-09-19,11672312.757241877,0.0032551587301588025
2001-09-20,11655720.93520707,-0.00142146825396805
2001-09-21,11660126.057674807,0.0003779365079366048
2001-09-24,11655102.023994878,-0.00043087301587285687
2001-09-25,11667887.023409532,0.0010969444444444143
2001-09-26,11678564.992081512,0.0009151587301587938
2001-09-27,11689231.878209399,0.0009133730158730202
2001-09-28,11675744.267283896,-0.0011538492063492
2001-10-01,11683274.659013106,0.000644960317460086
2001-10-02,11693943.528713629,0.0009131746031745269
2001-10-03,11700400.72015022,0.0005521825396825886
2001-10-04,11704748.440481313,0.00037158730158748376
2001-10-05,11714346.334202511,0.000820000000000265
2001-10-08,11714346.334202511,0.0
2001-10-09,11710257.934360871,-0.00034900793650805007
2001-10-10,11707234.178472819,-0.00025821428571437544
2001-10-11,11688450.571635358,-0.0016044444444444084
2001-10-12,11701230.40808775,0.0010933730158730892
2001-10-15,11706643.155820573,0.00046257936507942965
2001-10-16,11710997.841254804,0.0003719841269840263
2001-10-17,11709037.178560669,-0.00016742063492047876
2001-10-18,11714444.244657768,0.0004617857142856785
2001-10-19,11717740.559107723,0.00028138888888884495
2001-10-22,11715771.792697912,-0.00016801587301573662
2001-10-23,11712758.235842345,-0.000257222222222242
2001-10-24,11728687.587043088,0.0013599999999998058
2001-10-25,11745659.277236007,0.001447023809523884
2001-10-26,11746798.885844454,9.702380952392176e-05
2001-10-29,11764816.703992652,0.001533849206349247
2001-10-30,11780711.811703794,0.00135107142857116
2001-10-31,11790248.110919943,0.0008094841269841169
2001-11-01,11782832.887018753,-0.0006289285714285997
2001-11-02,11788138.434827046,0.00045027777777773004
2001-11-05,11793437.015940193,0.0004494841269842009
2001-11-06,11812496.520539843,0.0016161111111110404
2001-11-07,11823060.736178074,0.000894325396825435
2001-11-08,11806008.316911522,-0.00144230158730152
2001-11-09,11801742.69366845,-0.0003613095238094166
2001-11-12,11801742.69366845,0.0
2001-11-13,11787951.982672399,-0.00116853174603182
2001-11-14,11765741.516478382,-0.0018841666666665757
2001-11-15,11715096.535773005,-0.004304444444444666
2001-11-16,11697396.512538757,-0.0015108730158731598
2001-11-19,11727035.0230436,0.0025337698412697396
2001-11-20,11724039.510168865,-0.00025543650793646844
2001-11-21,11702102.994813945,-0.001871071428571458
2001-11-22,11702102.994813945,0.0
2001-11-23,11690767.279091468,-0.0009686904761905257
2001-11-26,11687869.174996527,-0.0002478968253969427
2001-11-27,11708072.027908977,0.001728531746032047
2001-11-28,11718805.35647996,0.000916746031746074
2001-11-29,11770569.9239185,0.0044172222222222945
2001-11-30,11771714.284883326,9.722222222219301e-05
2001-12-03,11772858.757105468,9.722222222219301e-05
2001-12-04,11776117.783402674,0.00027682539682549745
2001-12-05,11728612.363496916,-0.004034047619047465
2001-12-06,11708790.077760356,-0.0016900793650793666
2001-12-07,11719540.32680913,0.000918134920634861
2001-12-10,11739751.418200511,0.0017245634920635133
2001-12-11,11753629.94734732,0.001182182539682497
2001-12-12,11760108.436234966,0.0005511904761905662
2001-12-13,11741232.99552384,-0.0016050396825395552
2001-12-14,11728758.401388042,-0.0010624603174601566
2001-12-17,11726859.924978547,-0.00016186507936510885
2001-12-18,11736552.733128443,0.0008265476190476573
2001-12-19,11740965.118072636,0.00037595238095233796
2001-12-20,11739046.029369406,-0.00016345238095261116
2001-12-21,11737134.241873195,-0.00016285714285713127
2001-12-24,11732067.712258786,-0.00043166666666671905
2001-12-25,11732067.712258786,0.0
2001-12-26,11718588.870020479,-0.001148888888888977
2001-12-27,11734623.805790957,0.0013683333333334158
2001-12-28,11740110.208079841,0.00046753968253976375
2001-12-31,11760349.785376662,0.0017239682539684775
2002-01-01,11760349.785376662,0.0
2002-01-02,11734113.938383238,-0.0022308730158729917
2002-01-03,11742770.641249448,0.0007377380952380275
2002-01-04,11735564.678486843,-0.0006136509843164273
2002-01-07,11761577.552899359,0.0022165848108017805
2002-01-08,11765597.648476798,0.00034179901117492584
2002-01-09,11755289.373758966,-0.0008761369397300989
2002-01-10,11751903.407542171,-0.0002880376747129709
2002-01-11,11751621.822279409,-2.396082174926928e-05
2002-01-14,11754142.058100488,0.0002144585538228494
2002-01-15,11753617.834851813,-4.459902271758409e-05
2002-01-16,11731926.856368745,-0.0018454724994333427
2002-01-17,11716768.808992373,-0.001292033914117252
2002-01-18,11724255.917251548,0.0006390079365079515
2002-01-21,11724255.917251548,0.0
2002-01-22,11715941.000515314,-0.0007092063492062373
2002-01-23,11702392.351601146,-0.0011564285714286138
2002-01-24,11687840.98396871,-0.001243452380952248
2002-01-25,11683838.362234913,-0.0003424603174605467
2002-01-28,11679848.702349711,-0.0003414682539684133
2002-01-29,11701044.846828118,0.0018147619047619301
2002-01-30,11701219.898173645,1.4960317460399608e-05
2002-01-31,11685635.452005295,-0.0013318650793651132
2002-02-01,11702639.906450734,0.0014551587301587787
2002-02-04,11716481.52887342,0.0011827777777777548
2002-02-05,11714529.246891685,-0.00016662698412683863
2002-02-06,11718896.163072053,0.00037277777777777743
2002-02-07,11719048.229700835,1.2976190476132743e-05
2002-02-08,11728674.125705063,0.0008213888888888299
2002-02-11,11724597.015175652,-0.00034761904761904105
2002-02-12,11711056.96667027,-0.0011548412698412225
2002-02-13,11705978.457522184,-0.00043365079365076387
2002-02-14,11710377.025379894,0.0003757539682540667
2002-02-15,11728441.211336546,0.0015425793650793995
2002-02-18,11728441.211336546,0.0
2002-02-19,11725431.376839971,-0.0002566269841268731
2002-02-20,11723484.582995497,-0.00016603174603191384
2002-02-21,11723650.665693756,1.4166666666648453e-05
2002-02-22,11731188.693937259,0.0006429761904762632
2002-02-25,11723968.892133517,-0.0006154365079366064
2002-02-26,11712560.819069866,-0.000973055555555602
2002-02-27,11716968.832038442,0.00037634920634932456
2002-02-28,11723475.934371948,0.0005553571428571491
2002-03-01,11703655.351348776,-0.0016906746031746245
2002-03-04,11695475.796664333,-0.0006988888888889155
2002-03-05,11617385.811789742,-0.006676939547586747
2002-03-06,11694647.515830655,0.006650524075950459
2002-03-07,11642414.20334396,-0.004466428972398573
2002-03-08,11675041.194598718,0.0028024248824085607
2002-03-11,11677099.640475301,0.0001763116585435931
2002-03-12,11682091.95838727,0.00042753064251210837
2002-03-13,11599071.8639397,-0.007106611961564369
2002-03-14,11593618.361753589,-0.0004701671176868816
2002-03-15,11686579.55867905,0.008018307488206755
2002-03-18,11665179.665717762,-0.0018311510954798216
2002-03-19,11716792.571471883,0.004424527288319657
2002-03-20,11613490.520352362,-0.008816581030122728
2002-03-21,11564620.751021115,-0.004208017326539637
2002-03-22,11497207.757516803,-0.005829243773373127
2002-03-25,11396827.265237728,-0.008730858343709347
2002-03-26,11446181.00594899,0.004330480717365859
2002-03-27,11465735.735672425,0.0017084064731522908
2002-03-28,11461127.533109061,-0.0004019107599896321
2002-03-29,11461127.533109061,0.0
2002-04-01,11452084.622218106,-0.0007890070906926283
2002-04-02,11368709.92233289,-0.0072803077025348495
2002-04-03,11289044.781450521,-0.007007403779902388
2002-04-04,11303028.411917064,0.0012386903176715425
2002-04-05,11311575.019844778,0.0007561343399529186
2002-04-08,11382988.824857388,0.006313338760280729
2002-04-09,11377781.328075944,-0.00045748061968331477
2002-04-10,11441219.869087327,0.005575651278763916
2002-04-11,11375450.268017767,-0.00574847803137335
2002-04-12,11404555.688865047,0.0025586170359437332
2002-04-15,11367743.723657621,-0.003227829843767349
2002-04-16,11451390.105090085,0.007358221953788879
2002-04-17,11470763.58898981,0.0016918019316372046
2002-04-18,11414112.061317075,-0.00493877563016909
2002-04-19,11438996.178121958,0.0021801184946497187
2002-04-22,11414111.786342377,-0.002175399955738677
2002-04-23,11388468.391333997,-0.002246639553597496
2002-04-24,11374094.941995194,-0.0012621055654631341
2002-04-25,11375005.362980375,8.004337838074527e-05
2002-04-26,11343647.0214234,-0.0027567759799946856
2002-04-29,11293238.909418622,-0.004443730654663192
2002-04-30,11347550.925341206,0.004809250593050596
2002-05-01,11383518.676424883,0.0031696487920891414
2002-05-02,11402928.39645316,0.0017050720941385045
2002-05-03,11401829.994079331,-9.632634141343299e-05
2002-05-06,11381195.156496087,-0.0018097829553640477
2002-05-07,11379895.31931574,-0.00011420919881199865
2002-05-08,11378293.073218673,-0.0001407962070044677
2002-05-09,11368588.14583979,-0.0008529335038597319
2002-05-10,11358966.561368076,-0.0008463306391510717
2002-05-13,11367253.068873724,0.0007295124482389337
2002-05-14,11364583.142539864,-0.00023487876250161133
2002-05-15,11363424.34115761,-0.00010196602618162132
2002-05-16,11387810.067560967,0.0021459839632174127
2002-05-17,11378410.100304458,-0.0008254411691748231
2002-05-20,11345409.313103102,-0.0029002986278788834
2002-05-21,11330358.61933441,-0.0013265888742602927
2002-05-22,11356284.745090226,0.0022881999261323838
2002-05-23,11362357.917172018,0.0005347851183827856
2002-05-24,11347139.732144903,-0.001339350963774466
2002-05-27,11347139.732144903,0.0
2002-05-28,11307526.921806134,-0.003490995200010727
2002-05-29,11321049.573113162,0.0011958982189952394
2002-05-30,11329648.588591855,0.0007595599174050616
2002-05-31,11322177.147692798,-0.0006594591915746184
2002-06-03,11313227.154614495,-0.0007904833992220528
2002-06-04,11323523.375447184,0.0009101046670392243
2002-06-05,11314663.497890767,-0.0007824311623384483
2002-06-06,11290692.21428679,-0.0021186033158163697
2002-06-07,11278579.51840992,-0.001072803655168375
2002-06-10,11281829.271024333,0.0002881349206349526
2002-06-11,11292167.366323007,0.0009163492063495315
2002-06-12,11299452.606681805,0.0006451587301588013
2002-06-13,11310787.930566603,0.0010031746031746724
2002-06-14,11324143.63714049,0.00118079365079371
2002-06-17,11317149.630332217,-0.0006176190476191445
2002-06-18,11325422.376893343,0.0007309920634921419
2002-06-19,11347924.01370153,0.0019868253968253757
2002-06-20,11331698.733934164,-0.001429801587301438
2002-06-21,11340974.988425525,0.0008186111111110339
2002-06-24,11330890.521459628,-0.0008892063492061952
2002-06-25,11332032.60328203,0.00010079365079374014
2002-06-26,11359633.297612358,0.0024356349206349215
2002-06-27,11348478.318025744,-0.0009819841269840257
2002-06-28,11347552.426302653,-8.158730158736027e-05
2002-07-01,11347650.141337438,8.611111111278547e-06
2002-07-02,11364054.700648902,0.001445634920634875
2002-07-03,11367182.521418888,0.00027523809523799514
2002-07-04,11367182.521418888,0.0
2002-07-05,11349890.871626187,-0.0015211904761904815
2002-07-08,11357127.778234333,0.0006376190476189425
2002-07-09,11375574.547960162,0.001624246031745935
2002-07-10,11394012.909785004,0.0016208730158731033
2002-07-11,11397094.718991078,0.00027047619047615434
2002-07-12,11401196.316292929,0.00035988095238126405
2002-07-15,11403244.912202459,0.00017968253968247971
2002-07-16,11390955.20075125,-0.0010777380952379234
2002-07-17,11395074.929548852,0.0003616666666663715
2002-07-18,11408399.02787719,0.0011692857142857616
2002-07-19,11417613.573663436,0.0008076984126983433
2002-07-22,11426817.438827539,0.000806111111111063
2002-07-23,11437036.73186797,0.000894325396825435
2002-07-24,11435947.036423795,-9.527777777784685e-05
2002-07-25,11450266.475820119,0.0012521428571430349
2002-07-26,11450266.475820119,0.0
2002-07-29,11412244.437346427,-0.0033206247692124657
2002-07-30,11408019.766409824,-0.0003701875612458494
2002-07-31,11443225.357585069,0.0030860387601103767
2002-08-01,11465756.93595051,0.0019689884330125196
2002-08-02,11488288.514293808,0.0019651191342326957
2002-08-05,11506595.421722647,0.0015935278267134034
2002-08-06,11478430.948760316,-0.002447680823917775
2002-08-07,11495329.63252886,0.0014722119986589899
2002-08-08,11478430.948760318,-0.0014700477766834696
2002-08-09,11481247.396058762,0.00024536866676450053
2002-08-12,11479839.172420608,-0.00012265423691137922
2002-08-13,11499554.303487603,0.0017173699710322232
2002-08-14,11474206.277823715,-0.0022042615735290427
2002-08-15,11464348.712290216,-0.0008591065294468736
2002-08-16,11457307.59405517,-0.0006141751626499437
2002-08-19,11458715.817715462,0.00012291052227864085
2002-08-20,11485472.067017505,0.002335012904384648
2002-08-21,11475614.501484009,-0.0008582638550664878
2002-08-22,11462940.488652065,-0.0011044299919890088
2002-08-23,11477022.725122161,0.0012285012282875485
2002-08-26,11475614.501484009,-0.00012269938571007888
2002-08-27,11467165.159588665,-0.0007362866619692321
2002-08-28,11475614.501484009,0.0007368291794662696
2002-08-29,11488288.51429381,0.0011044299900595522
2002-08-30,11492513.185252553,0.0003677371919661443
2002-09-03,11519635.572684575,0.0023600049001315515
2002-09-04,11515404.042543389,-0.00036733194505034206
2002-09-05,11528098.632989084,0.0011024007840971795
2002-09-06,11505530.472191818,-0.0019576654846346075
2002-09-09,11490014.861652,-0.0013485350003912266
2002-09-10,11497067.411909446,0.0006137981841072282
2002-09-11,11490014.861651998,-0.0006134216670020676
2002-09-12,11498477.921956507,0.000736557820543382
2002-09-13,11506940.982238878,0.0007360157004963064
2002-09-16,11502709.452097692,-0.0003677371899027948
2002-09-17,11511172.512402201,0.000735744942507166
2002-09-18,11509762.002333002,-0.00012253400491379907
2002-09-19,11533740.673177328,0.002083333333866122
2002-09-20,11535151.183224391,0.00012229423974674525
2002-09-23,11537972.203340655,0.00024455857330818453
2002-09-24,11543614.2435289,0.0004889975542332614
2002-09-25,11532330.163130268,-0.0009775171069110744
2002-09-26,11536561.693271453,0.0003669275923710025
2002-09-27,11560540.364115778,0.002078493703917994
2002-09-30,11577466.484702658,0.0014641288429231292
2002-10-01,11563333.174008962,-0.001220760233887952
2002-10-02,11573221.194067221,0.0008551184947680479
2002-10-03,11574633.768364422,0.00012205541339915804
2002-10-04,11564745.748306159,-0.0008542836219396222
2002-10-07,11578871.491256017,0.0012214486385857537
2002-10-08,11567570.896900559,-0.0009759668171455127
2002-10-09,11591584.659908678,0.002075955550404629
2002-10-10,11580284.065553218,-0.0009748964172728858
2002-10-11,11561920.599711757,-0.0015857526238138853
2002-10-14,11564745.748306157,0.0002443494201533891
2002-10-15,11520955.945181517,-0.00378649077789317
2002-10-16,11525193.668073116,0.00036782736708329544
2002-10-17,11515305.648014855,-0.000857948277750209
2002-10-18,11525193.668073116,0.0008586849850542588
2002-10-21,11499767.330767795,-0.002206152715312326
2002-10-22,11498354.756470595,-0.0001228350327941996
2002-10-23,11506830.202231655,0.0007371007366328008
2002-10-24,11526606.242370313,0.0017186349143156754
2002-10-25,11546382.282486835,0.0017156862740594914
2002-10-28,11561920.599711757,0.001345730363396136
2002-10-29,11587346.93701708,0.002199144777551565
2002-10-30,11585934.362719877,-0.00012190661977073969
2002-10-31,11605710.402858535,0.0017069007573780048
2002-11-01,11593406.880741658,-0.0010601265833625195
2002-11-04,11582087.957745332,-0.0009763241394665778
2002-11-05,11580673.092368025,-0.00012215978521912252
2002-11-06,11584917.688499948,0.0003665241301664679
2002-11-07,11590577.14998704,0.0004885197840214239
2002-11-08,11586332.553877255,-0.0003662109362508881
2002-11-11,11597651.476873582,0.0009769202587353032
2002-11-12,11600481.207628198,0.00024399170472211296
2002-11-13,11601896.072983367,0.00012196609173753536
2002-11-14,11573598.765503623,-0.002439024388921962
2002-11-15,11579258.226990717,0.0004889975539814628
2002-11-18,11579258.226990717,0.0
2002-11-19,11576428.496258236,-0.0002443792751667395
2002-11-20,11566524.43861708,-0.0008555365451751173
2002-11-21,11550960.919510968,-0.0013455657478360639
2002-11-22,11546716.323379042,-0.0003674669286394261
2002-11-25,11553790.650243446,0.0006126700151176667
2002-11-26,11575013.630880928,0.0018368846450436127
2002-11-27,11555205.515620755,-0.0017112822405086492
2002-11-29,11560864.977129987,0.0004897759283970515
2002-12-02,11565180.316517493,0.0003732713249435804
2002-12-03,11569431.179164954,0.0003675569711083515
2002-12-04,11576515.950258818,0.0006123698723081716
2002-12-05,11586434.629776943,0.0008567931457741373
2002-12-06,11597770.263496129,0.0009783539183014778
2002-12-09,11600604.171942528,0.000244349420795098
2002-12-10,11599187.217719328,-0.00012214486437078786
2002-12-11,11609105.897237454,0.0008551184951108848
2002-12-12,11613356.759884916,0.00036616623925134206
2002-12-13,11604855.034589991,-0.0007320644212267524
2002-12-16,11599187.21771933,-0.000488400488740881
2002-12-17,11610522.851460656,0.000977278280672067
2002-12-18,11628943.256273706,0.0015865267265489091
2002-12-19,11641695.844216093,0.0010966248317969551
2002-12-20,11636028.02734543,-0.0004868549175744974
2002-12-23,11637444.98156863,0.00012177301566063115
2002-12-24,11650197.569511015,0.0010958236934810461
2002-12-26,11658699.294828078,0.0007297494541476102
2002-12-27,11672868.836993665,0.0012153621778265844
2002-12-30,11674285.791194728,0.00012138868523670077
2002-12-31,11682659.990625946,0.0007173200640278043
2003-01-02,11638660.177750425,-0.003766249545122946
2003-01-03,11640079.526550718,0.00012195121935132391
2003-01-06,11632982.78254925,-0.0006096817453248304
2003-01-07,11641498.875351014,0.0007320644207036153
2003-01-08,11651434.316975206,0.0008534503787334113
2003-01-09,11630144.084948663,-0.0018272627598754365
2003-01-10,11645756.921774033,0.0013424456921025119
2003-01-13,11642918.224151308,-0.00024375381023267195
2003-01-14,11647176.270574326,0.0003657198600077738
2003-01-15,11651434.316975206,0.00036558615598858424
2003-01-16,11658531.060976675,0.0006090875859918743
2003-01-17,11655692.363376087,-0.00024348672965235352
2003-01-21,11669885.851401163,0.001217730151292784
2003-01-22,11678401.944225065,0.0007297494536229188
2003-01-23,11671305.20020146,-0.0006076810900583762
2003-01-24,11669885.851401165,-0.00012161011780154052
2003-01-27,11669885.851401165,0.0
2003-01-28,11672724.549001753,0.00024324981724199723
2003-01-29,11672724.549001753,0.0
2003-01-30,11676982.595424775,0.00036478599363376496
2003-01-31,11674143.897802047,-0.0002431019828563752
2003-02-03,11667288.443085559,-0.0005872340427275358
2003-02-04,11680081.522524303,0.001096491228544716
2003-02-05,11675817.162718767,-0.00036509675016493937
2003-02-06,11681502.975800194,0.00048697345994597185
2003-02-07,11691453.148687158,0.0008517887559140735
2003-02-10,11682924.429076087,-0.0007294832817278385
2003-02-11,11687188.78888162,0.0003650079080304014
2003-02-12,11697138.96176858,0.0008513743609948055
2003-02-13,11707089.134655543,0.00085065013927621
2003-02-14,11697138.96176858,-0.0008499271486288595
2003-02-18,11692874.601963047,-0.0003645643451335445
2003-02-19,11698560.415044472,0.00048626306831933697
2003-02-20,11705667.681401791,0.0006075334148105682
2003-02-21,11695717.50849269,-0.0008500303596445935
2003-02-24,11701403.321574116,0.000486144871171712
2003-02-25,11708510.587931432,0.0006073858119404196
2003-02-26,11714196.401012857,0.0004856136943058864
2003-02-27,11714196.401012857,0.0
2003-02-28,11719882.214094285,0.0004853779881082154
2003-03-03,11723776.996061372,0.00033232262030780113
2003-03-04,11722353.68940353,-0.00012140342300259732
2003-03-05,11732316.836052682,0.0008499271488591198
2003-03-06,11736586.756048344,0.00036394516576132574
2003-03-07,11747973.209355338,0.0009701673530531085
2003-03-10,11759359.662684472,0.0009692270425052385
2003-03-11,11749396.516013177,-0.0008472524828805339
2003-03-12,11740856.676043998,-0.0007268322213433986
2003-03-13,11705274.009420896,-0.0030306703850414562
2003-03-14,11716660.462727891,0.0009727626450974913
2003-03-17,11702427.396083076,-0.0012147716228606553
2003-03-18,11692464.249433924,-0.0008513743612275082
2003-03-19,11689617.636118244,-0.00024345708953665834
2003-03-20,11703850.702763058,0.001217581882305252
2003-03-21,11673961.262793452,-0.002553812478362394
2003-03-24,11659316.239225546,-0.0012545033547937123
2003-03-25,11690219.459537428,0.0026505173783617497
2003-03-26,11699522.823056484,0.0007958245395869312
2003-03-27,11713892.031904582,0.0012281875992223856
2003-03-28,11703997.421172855,-0.0008446902792664801
2003-03-31,11702527.402040726,-0.00012559974846459987
2003-04-01,11742882.73818745,0.0034484291093981323
2003-04-02,11766949.707926713,0.002049494172414512
2003-04-03,11773412.845020693,0.0005492618949178851
2003-04-04,11751361.872035606,-0.0018729465512977717
2003-04-07,11743932.809168432,-0.0006321873964968416
2003-04-08,11768397.62130423,0.002083187338801862
2003-04-09,11759121.098235851,-0.0007882571074575573
2003-04-10,11766544.471021812,0.0006312863626409815
2003-04-11,11754031.837544663,-0.001063407656169968
2003-04-14,11765091.793193938,0.0009409499482506689
2003-04-15,11796918.971127491,0.0027052213865399466
2003-04-16,11746910.743517578,-0.004239092235210462
2003-04-17,11768460.37903647,0.0018344938502903307
2003-04-21,11754520.554593654,-0.0011845070632727772
2003-04-22,11767336.19257584,0.0010902731355706408
2003-04-23,11772111.627844794,0.00040582126581600875
2003-04-24,11745524.0270177,-0.0022585243554951173
2003-04-25,11690255.888355514,-0.004705463846062075
2003-04-28,11751978.796758277,0.005279859482310023
2003-04-29,11719758.590811897,-0.002741683464853484
2003-04-30,11676998.240087323,-0.003648569242552302
2003-05-01,11659408.786786422,-0.0015063334719461752
2003-05-02,11869273.822756961,0.017999629295816222
2003-05-05,11867867.183226388,-0.00011851100173254636
2003-05-06,11949782.1477668,0.006902248169425862
2003-05-07,11919212.919649508,-0.0025581410388310077
2003-05-08,11775456.976586347,-0.012060858718797696
2003-05-09,11938774.18225535,0.013869288129856328
2003-05-12,12165478.945136555,0.01898894806287199
2003-05-13,12197993.925511152,0.0026727250543305825
2003-05-14,12143547.423749804,-0.004463561967142482
2003-05-15,12254781.16526167,0.00915990506154074
2003-05-16,12233924.581097644,-0.0017019140434059166
2003-05-19,11829061.231551476,-0.033093497255305415
2003-05-20,11813108.816600893,-0.0013485782716242678
2003-05-21,11852781.573217351,0.0033583671523202963
2003-05-22,12079896.417950658,0.019161311910657064
2003-05-23,12089141.052590586,0.0007652908866164765
2003-05-27,12432333.618533783,0.0283884987734222
2003-05-28,12394664.925881824,-0.0030298971864625157
2003-05-29,12441315.212025272,0.0037637391912093143
2003-05-30,12682599.81607798,0.019393818092438675
2003-06-02,12560026.866043925,-0.009664654866635924
2003-06-03,12569442.469374774,0.0007496483432136714
2003-06-04,12830428.804144615,0.020763556968077967
2003-06-05,13031661.566495163,0.015684024705826083
2003-06-06,12775060.95530304,-0.019690552112851978
2003-06-09,12601953.633909844,-0.013550410600689733
2003-06-10,12730031.363520877,0.01016332334903991
2003-06-11,13049181.369396567,0.02507063782971075
2003-06-12,13167207.35133076,0.009044703923802633
2003-06-13,12933103.319776118,-0.017779322927650498
2003-06-16,13259481.537116166,0.025235877984596478
2003-06-17,13295025.276438164,0.0026806281393809694
2003-06-18,13342611.821609776,0.003579274516758213
2003-06-19,13043761.44113476,-0.022398191933531097
2003-06-20,12943072.042327262,-0.007719352984328909
2003-06-23,12731683.385362737,-0.016332185764958207
2003-06-24,12658083.547460387,-0.005780841046280294
2003-06-25,12661820.172770288,0.00029519676465161737
2003-06-26,12901559.982759345,0.018934071619862936
2003-06-27,12892709.991394231,-0.0006859628895219405
2003-06-30,12876287.13916,-0.001273809171632112
2003-07-01,13053299.715113616,0.013747175256388688
2003-07-02,13224461.953020634,0.013112564764665713
2003-07-03,13226999.32101955,0.00019186928042369544
2003-07-07,13512913.469685676,0.021615949447564287
2003-07-08,13605045.589909116,0.006818079641383479
2003-07-09,13643226.159647891,0.002806353678600937
2003-07-10,13344103.818636067,-0.021924604746092147
2003-07-11,13454124.551261626,0.008244894833020266
2003-07-14,13802246.11595614,0.025874709526297
2003-07-15,13657759.817525906,-0.010468317780770509
2003-07-16,13489295.554695873,-0.012334692151626303
2003-07-17,13076273.140759593,-0.03061853098714995
2003-07-18,13172280.529774357,0.007342106422930428
2003-07-21,13139231.107972799,-0.002509012902272567
2003-07-22,13172412.656150747,0.0025253797505557785
2003-07-23,13361777.965356313,0.01437590167790126
2003-07-24,13328756.037994267,-0.002471372256571125
2003-07-25,13574188.849485576,0.018413782260827016
2003-07-28,13614448.204309588,0.002965875550312358
2003-07-29,13611236.456840115,-0.00023590728182854015
2003-07-30,13508269.06047212,-0.007564881904336462
2003-07-31,13575716.042877698,0.004993014434613308
2003-08-01,13341068.110667566,-0.017284387171108917
2003-08-04,13348875.325891484,0.0005852016614527056
2003-08-05,13032959.788686125,-0.02366607893869599
2003-08-06,12848309.43444459,-0.014167952424884334
2003-08-07,12872722.862374641,0.001900127643610583
2003-08-08,12912193.20147322,0.0030661997093051063
2003-08-11,12985319.836048221,0.00566337828391994
2003-08-12,13186234.625908509,0.015472456003935653
2003-08-13,13140146.86450632,-0.003495141919561795
2003-08-14,13186841.265131874,0.0035535676356619472
2003-08-15,13188327.787315886,0.00011272769225967316
2003-08-18,13416690.189628024,0.017315493366169443
2003-08-19,13512326.313277917,0.007128145786941209
2003-08-20,13452682.164615694,-0.004414054788153932
2003-08-21,13668505.43735767,0.016043140698711378
2003-08-22,13515189.264197884,-0.011216747424393159
2003-08-25,13459386.355257189,-0.004128903254689842
2003-08-26,13441440.281057507,-0.0013333501042320783
2003-08-27,13502047.499536376,0.004508982461074673
2003-08-28,13689616.995774882,0.013891929816196136
2003-08-29,13741115.771749623,0.0037618858139447653
2003-09-02,13900200.487315195,0.011577277872342417
2003-09-03,13811471.265672114,-0.006383305170601816
2003-09-04,13927574.4550396,0.008406286856350809
2003-09-05,13869701.219953401,-0.004155298919637618
2003-09-08,14023675.770136297,0.011101504476634494
2003-09-09,13842085.848218083,-0.01294881063243869
2003-09-10,13460023.0990291,-0.0276015301001884
2003-09-11,13513612.142291563,0.003981348536194362
2003-09-12,13587432.25759036,0.005462648662808212
2003-09-15,13503860.842398895,-0.006150640798579077
2003-09-16,13697899.080544006,0.014369093432589075
2003-09-17,13759028.697547257,0.004462700202695791
2003-09-18,13925528.274143564,0.012101114130679047
2003-09-19,13786565.19287784,-0.009979016848053468
2003-09-22,13632077.192130174,-0.01120569181564346
2003-09-23,13851222.8240314,0.016075732906481566
2003-09-24,13495098.286257429,-0.025710693005104646
2003-09-25,13306574.202222377,-0.013969819265935435
2003-09-26,13162677.356649984,-0.010813966343670933
2003-09-29,13269948.895106386,0.008149674686222408
2003-09-30,13140941.929918615,-0.009721737906266181
2003-10-01,13326619.892244317,0.014129730069269986
2003-10-02,13434109.011635121,0.00806574512216418
2003-10-03,13640448.986416472,0.015359408994124024
2003-10-06,13866005.11634434,0.016535828853762924
2003-10-07,13921634.483410262,0.004011924602591588
2003-10-08,13849313.030702336,-0.0051948966764001625
2003-10-09,13979511.44985061,0.009401074180332092
2003-10-10,13943067.443470871,-0.0026069585128547512
2003-10-13,14120928.945396854,0.012756267775873908
2003-10-14,14115527.545391345,-0.0003825102460606189
2003-10-15,13994729.603003375,-0.008557805721360334
2003-10-16,14091780.682867957,0.006934830655374258
2003-10-17,13943147.978450194,-0.01054747499714237
2003-10-20,14001194.092698233,0.00416305660226457
2003-10-21,14065802.406096352,0.0046144859481529465
2003-10-22,13712635.403717835,-0.02510820159292504
2003-10-23,13721907.688774664,0.0006761854876062845
2003-10-24,13633440.840685433,-0.006447124561375861
2003-10-27,13725948.210396077,0.0067853281348153605
2003-10-28,14109461.709617173,0.02794076542782098
2003-10-29,14211246.027755933,0.007213905125053932
2003-10-30,14181200.789964886,-0.0021141874352442747
2003-10-31,14156354.445592402,-0.001752062095479734
2003-11-03,14430003.431480117,0.019330470068366745
2003-11-04,14450425.747136936,0.0014152675537322246
2003-11-05,14553899.936470378,0.007160632575406556
2003-11-06,14651813.616723336,0.00672765929959418
2003-11-07,14551309.297871985,-0.006859513878653023
2003-11-10,14344293.325057397,-0.014226621713336995
2003-11-11,14262007.014417466,-0.005736518960901993
2003-11-12,14470590.643445523,0.014625124557658742
2003-11-13,14410687.236725863,-0.004139665629114719
2003-11-14,14190788.582846792,-0.015259414784789427
2003-11-17,14084033.960476566,-0.00752281113533515
2003-11-18,14007793.472294562,-0.005413256485745088
2003-11-19,14041610.980875257,0.002414192402792281
2003-11-20,14023224.922122626,-0.0013093981009496547
2003-11-21,14028270.908777552,0.00035983068680334185
2003-11-24,14305276.26142632,0.019746222071848063
2003-11-25,14380421.05975341,0.0052529428270962075
2003-11-26,14412649.254579104,0.002241116215706107
2003-11-28,14446842.461059617,0.002372444224273851
2003-12-01,14701828.516709853,0.017649950592147245
2003-12-02,14642205.82191133,-0.004055461178230857
2003-12-03,14513485.237512002,-0.008791065087113026
2003-12-04,14452677.886853017,-0.00418971388773115
2003-12-05,14380932.084204577,-0.004964187482079274
2003-12-08,14497483.56728223,0.008104584765104894
2003-12-09,14248688.764734842,-0.01716124052789858
2003-12-10,14194131.98340391,-0.0038288983801765264
2003-12-11,14375083.916770725,0.012748362039918248
2003-12-12,14415241.862079713,0.0027935798873590656
2003-12-15,14340182.3943848,-0.005206951670534421
2003-12-16,14404086.905976208,0.004456324880249163
2003-12-17,14462070.38924629,0.004025488297076718
2003-12-18,14695900.869419267,0.016168534233303777
2003-12-19,14655679.196942698,-0.0027369313956292496
2003-12-22,14727961.420594702,0.004932028238382902
2003-12-23,15179913.393316794,0.030686661908966517
2003-12-24,15133001.261267444,-0.003090408412343426
2003-12-26,15146555.970066363,0.0008957052579920965
2003-12-29,15337189.384203868,0.01258592478146503
2003-12-30,15327391.540330032,-0.0006388291640923027
2003-12-31,15314491.588347614,-0.0008416273537786845
2004-01-02,15304422.125299582,-0.0006575120688755431
2004-01-05,15537352.881032255,0.015219833445891284
2004-01-06,15571120.930872062,0.0021733463929387575
2004-01-07,15559596.935802268,-0.0007400876995917738
2004-01-08,15623290.073472524,0.004093495347794018
2004-01-09,15684027.764489463,0.003887637669869992
2004-01-12,15803473.277033301,0.007615742227534028
2004-01-13,15675099.04840033,-0.008123165482839423
2004-01-14,15850180.64329128,0.011169409159734522
2004-01-15,15931845.055291323,0.005152270112114277
2004-01-16,16278069.808984062,0.021731616927679775
2004-01-20,16224737.180475326,-0.0032763484328651726
2004-01-21,16242635.38873621,0.0011031431857289054
2004-01-22,16202880.227643609,-0.0024475807121897564
2004-01-23,16158589.103919663,-0.002733533982950842
2004-01-26,16460887.36516648,0.018708208947121996
2004-01-27,16295773.290243266,-0.01003069101077858
2004-01-28,16024640.77993596,-0.016638210748160187
2004-01-29,16108021.756034002,0.005203297674069685
2004-01-30,16205506.947068838,0.0060519654437589665
2004-02-02,16160904.32591279,-0.0027523126121096197
2004-02-03,16245907.374143584,0.005259795276090884
2004-02-04,16134369.887485128,-0.006865574454522294
2004-02-05,16146184.330991995,0.0007322531706694946
2004-02-06,16443879.220905082,0.018437476236516925
2004-02-09,16363779.057974685,-0.00487112328267203
2004-02-10,16442933.070665283,0.0048371474834856265
2004-02-11,16670665.954342006,0.013849894218872949
2004-02-12,16631349.717914442,-0.002358408268466561
2004-02-13,16552010.150481757,-0.0047704827797123706
2004-02-17,16742436.232688969,0.01150471033282141
2004-02-18,16559143.63056455,-0.010947785589683012
2004-02-19,16504958.08349293,-0.0032722433164723563
2004-02-20,16421836.929158615,-0.005036132410263239
2004-02-23,16322003.691557312,-0.00607929782958927
2004-02-24,16361237.917752974,0.0024037628551667467
2004-02-25,16496562.591811169,0.008271053494757874
2004-02-26,16597816.985368155,0.0061379086093515944
2004-02-27,16620886.065898301,0.0013898864260573074
2004-03-01,16969071.784711953,0.0209486857339114
2004-03-02,16852454.91718264,-0.006872318592840099
2004-03-03,16851523.69403709,-5.5257417991838587e-05
2004-03-04,16949836.46698452,0.005834058375517648
2004-03-05,17053385.487045072,0.006109145670062821
2004-03-08,16932019.49712641,-0.0071168267445110844
2004-03-09,16871128.488758795,-0.003596204716038165
2004-03-10,16626556.06942197,-0.014496506235477047
2004-03-11,16302755.930453159,-0.01947487727565622
2004-03-12,16494453.014180928,0.01175856919808771
2004-03-15,16257226.580749385,-0.014382194621888389
2004-03-16,16309926.177574128,0.0032416105270467455
2004-03-17,16467896.24870808,0.009685517237420616
2004-03-18,16421279.519237727,-0.0028307640979952087
2004-03-19,16363946.354139678,-0.0034913945061882945
2004-03-22,16061002.964006498,-0.018512856469768524
2004-03-23,15984502.034351423,-0.004763147720383221
2004-03-24,16031258.103450004,0.00292508762538235
2004-03-25,16106638.688641064,0.00470210040313912
2004-03-26,16075518.676839942,-0.0019321232941711397
2004-03-29,16281975.138171913,0.012842911353735165
2004-03-30,16342782.489178546,0.0037346421727468826
2004-03-31,16324347.987991871,-0.0011279903650973644
2004-04-01,16408489.310408982,0.00515434506045831
2004-04-02,16536381.057283666,0.0077942426298533984
2004-04-05,16681156.119372038,0.008754942304900704
2004-04-06,16692136.22852757,0.0006582343020447023
2004-04-07,16695776.482586334,0.00021808197638240046
2004-04-08,16688257.504576424,-0.00045035210058974595
2004-04-12,16782731.32759845,0.005661095713325182
2004-04-13,16559719.879131839,-0.013288149831718887
2004-04-14,16498233.945592666,-0.003712981498959711
2004-04-15,16403142.779181216,-0.005763717906112742
2004-04-16,16521612.972139837,0.00722240820271236
2004-04-19,16709567.75622377,0.011376297483840059
2004-04-20,16164486.56797932,-0.03262090295791309
2004-04-21,16217572.80308538,0.003284127515142954
2004-04-22,16423797.275838118,0.012716112038264171
2004-04-23,16206881.336076124,-0.013207417025361767
2004-04-26,16108725.163696663,-0.0060564503647575485
2004-04-27,16141634.594018348,0.002042956844024557
2004-04-28,15785874.796109533,-0.022039886718823953
2004-04-29,15639022.902091179,-0.009302740324188208
2004-04-30,15475484.068670116,-0.010457100449619228
2004-05-03,15610414.41439425,0.008718974161027848
2004-05-04,15679797.585665178,0.004444671962516855
2004-05-05,15728754.040543947,0.003122263193214181
2004-05-06,15682118.291080324,-0.0029649996015839175
2004-05-07,15507770.6955263,-0.011117604925425795
2004-05-10,15296652.188553745,-0.013613723798060695
2004-05-11,15351041.711320428,0.003555648784861809
2004-05-12,15326183.926632077,-0.001619289762597731
2004-05-13,15326134.1260322,-3.2493802837318952e-06
2004-05-14,15332005.713836733,0.0003831095145225838
2004-05-17,15244992.662908852,-0.00567525557659776
2004-05-18,15263392.094047537,0.0012069163656240889
2004-05-19,15237894.798374416,-0.0016704868430303943
2004-05-20,15256317.545281071,0.001209008668876077
2004-05-21,15304221.521849213,0.003139943595560357
2004-05-24,15321976.32185054,0.0011601243471273115
2004-05-25,15518399.809100015,0.01281972267307041
2004-05-26,15530725.591178125,0.0007942688827287103
2004-05-27,15594150.804871282,0.004083853862512754
2004-05-28,15656394.682115898,0.003991488733402049
2004-06-01,15863711.063730003,0.013241642525205322
2004-06-02,15809259.533256778,-0.003432458537253602
2004-06-03,15649491.977418112,-0.010105948068129034
2004-06-04,15740852.162695808,0.005837901026405579
2004-06-07,15918373.977694653,0.011277776651733795
2004-06-08,15925162.653691515,0.00042646792985112647
2004-06-09,15812797.258636665,-0.007055839710924605
2004-06-10,15892902.528547294,0.00506585069045129
2004-06-14,15691024.008465784,-0.012702432404583797
2004-06-15,15839836.576881109,0.009483929687127857
2004-06-16,15916364.058320325,0.004831330239284837
2004-06-17,15887415.380939702,-0.0018187996501305426
2004-06-18,15757029.221844947,-0.008206882993138098
2004-06-21,15716025.892584013,-0.0026022246124979276
2004-06-22,15862565.337218123,0.009324204836240302
2004-06-23,16119220.645811627,0.01617993704910492
2004-06-24,16045985.51481649,-0.004543341927276567
2004-06-25,16077349.729633037,0.001954645589551829
2004-06-28,15967825.242936594,-0.006812347093163695
2004-06-29,16030685.010112245,0.003936651749333109
2004-06-30,16200942.890240934,0.010620748896337906
2004-07-01,15994835.346526207,-0.012721947426830416
2004-07-02,15896139.69961612,-0.006170469702992176
2004-07-06,15778405.966743538,-0.0074064354678151645
2004-07-07,15850302.85434435,0.004556663566164465
2004-07-08,15619424.316433469,-0.014566190944900415
2004-07-09,15696137.8306567,0.004911417518923544
2004-07-12,15648866.58987032,-0.0030116479159638665
2004-07-13,15677338.952176677,0.0018194520442003093
2004-07-14,15635579.19523702,-0.0026637018608224317
2004-07-15,15605511.349942243,-0.00192304006902011
2004-07-16,15642510.770986594,0.0023709201329367158
2004-07-19,15587791.906072631,-0.0034980870855754187
2004-07-20,15631975.631750448,0.0028345083090699497
2004-07-21,15441221.913513366,-0.012202790148267417
2004-07-22,15529217.620677581,0.005698752835564536
2004-07-23,15473699.244408317,-0.003575091651451867
2004-07-26,15387537.505952759,-0.005568270204469261
2004-07-27,15439552.237077255,0.003380315473114237
2004-07-28,15469902.200922588,0.0019657282399971887
2004-07-29,15499790.90603591,0.0019320552079209463
2004-07-30,15455978.648485782,-0.0028266353924211174
2004-08-02,15557129.27551663,0.00654443366747004
2004-08-03,15533890.822308544,-0.0014937494441636945
2004-08-04,15466093.534895806,-0.004364475596504991
2004-08-05,15323523.193311563,-0.009218251607140737
2004-08-06,15219815.320324196,-0.006767886972144477
2004-08-09,15259069.967348088,0.002579180246127688
2004-08-10,15313384.738595702,0.0035595073201604155
2004-08-11,15310799.247623783,-0.00016883863470118499
2004-08-12,15264339.321211468,-0.0030344546787474114
2004-08-13,15239429.607518466,-0.001631889410266707
2004-08-16,15263755.104354024,0.001596220951967764
2004-08-17,15283952.828284742,0.001323247378684389
2004-08-18,15325425.73860728,0.0027134937400348225
2004-08-19,15311867.713075617,-0.000884675294697157
2004-08-20,15372193.947059376,0.003939835107917178
2004-08-23,15344478.93303044,-0.001802931587019052
2004-08-24,15348521.133874694,0.00026343031013920104
2004-08-25,15349203.374520624,4.444992712837603e-05
2004-08-26,15318952.768851226,-0.0019708257771613447
2004-08-27,15340678.176444171,0.0014182044896122736
2004-08-30,15276318.012710154,-0.004195392341444393
2004-08-31,15358606.549450846,0.005386673455751945
2004-09-01,15401252.727193687,0.0027766957637420653
2004-09-02,15481043.389712272,0.005180790415684866
2004-09-03,15418053.137680678,-0.004068863476828333
2004-09-07,15499209.644836687,0.005263732484983352
2004-09-08,15489837.985766904,-0.0006046539974962073
2004-09-09,15590607.692643285,0.006505536531045353
2004-09-10,15646694.411727078,0.0035974684367343635
2004-09-13,15644751.253815638,-0.00012418967612637388
2004-09-14,15661077.69016469,0.0010435727666218142
2004-09-15,15579229.908029133,-0.005226190927266727
2004-09-16,15680137.865653984,0.00647708251438317
2004-09-17,15763454.723945001,0.005313528427164815
2004-09-20,15730497.938386528,-0.002090708295587773
2004-09-21,15881726.916853547,0.009613743891601967
2004-09-22,15603433.736342117,-0.017522853904263225
2004-09-23,15538769.484269794,-0.004144232171263251
2004-09-24,15535920.883215364,-0.00018332217730065992
2004-09-27,15495906.25964856,-0.0025756196795541086
2004-09-28,15418658.428224737,-0.004985047671911658
2004-09-29,15409900.084931275,-0.0005680353666457361
2004-09-30,15522586.280604096,0.007312584445827275
2004-10-01,15708187.978271691,0.011956879756533256
2004-10-04,15764016.021798054,0.003554072793347407
2004-10-05,15707557.723852417,-0.0035814666686184715
2004-10-06,15928241.052153412,0.014049499749148264
2004-10-07,15798820.521482706,-0.00812522426342921
2004-10-08,15623808.484565418,-0.011077538141490484
2004-10-11,15606530.068471344,-0.0011059029628495143
2004-10-12,15602427.489202773,-0.00026287581227679713
2004-10-13,15525950.363274328,-0.004901617134985492
2004-10-14,15669033.315734778,0.009215729093073888
2004-10-15,15754142.619659824,0.005431688235647547
2004-10-18,15876082.9265226,0.0077402058497682
2004-10-19,15658448.335377833,-0.01370833045859099
2004-10-20,15783675.57852473,0.00799742352912225
2004-10-21,15799743.919294108,0.0010180354182671714
2004-10-22,15565535.927990047,-0.01482353084331034
2004-10-25,15539304.126217978,-0.001685248866047595
2004-10-26,15568130.146909656,0.0018550393542424715
2004-10-27,15732163.198876029,0.01053646458620694
2004-10-28,15764476.241752759,0.0020539478562642266
2004-10-29,15773944.246433591,0.0006005911351343318
2004-11-01,15814656.123200232,0.0025809573135675556
2004-11-02,15771178.658922348,-0.002749188091045629
2004-11-03,15830838.194243724,0.003782820333952941
2004-11-04,15943705.575007789,0.007129589689389038
2004-11-05,15820322.548045643,-0.007738666922923687
2004-11-08,15894923.766937893,0.004715530841149951
2004-11-09,15893650.708955077,-8.009211000203909e-05
2004-11-10,15900926.080693292,0.00045775334260467204
2004-11-11,16094511.431806138,0.012174470224592504
2004-11-12,16370237.864995988,0.017131705697195354
2004-11-15,16291009.39260356,-0.0048397874878678415
2004-11-16,16153853.779625433,-0.008419098514570789
2004-11-17,16292516.222121403,0.008583861435644602
2004-11-18,16346130.115842331,0.0032907067877050444
2004-11-19,16191761.947125094,-0.009443713443075263
2004-11-22,16417229.979367644,0.013924860863124389
2004-11-23,16491359.239986265,0.004515333019747159
2004-11-24,16635953.651444824,0.008767889253662231
2004-11-26,16659553.700032389,0.0014186171157981597
2004-11-29,16742754.814250227,0.004994198267008532
2004-11-30,16712356.095545797,-0.0018156342275619242
2004-12-01,16907595.838661514,0.011682358968389428
2004-12-02,16821280.622547667,-0.005105114703326086
2004-12-03,16766504.183838293,-0.0032563774387041056
2004-12-06,16885548.514022153,0.007100128260404404
2004-12-07,16564177.700448055,-0.01903229932431416
2004-12-08,16609834.422192585,0.0027563530511565126
2004-12-09,16742952.258844918,0.008014398775370912
2004-12-10,16788277.36469207,0.0027071155162141647
2004-12-13,17045152.27337453,0.01530084970020229
2004-12-14,17148109.290615752,0.006040252125059986
2004-12-15,17214689.783913843,0.003882672554141431
2004-12-16,17141196.16617896,-0.0042692385780636055
2004-12-17,17068090.64162466,-0.00426490216001052
2004-12-20,17061584.19554635,-0.00038120526864560134
2004-12-21,17265579.919876996,0.011956435111335928
2004-12-22,17347658.442257274,0.004753881581804453
2004-12-23,17351881.161454953,0.00024341724341270243
2004-12-27,17276503.39180594,-0.004344069034800446
2004-12-28,17545509.241811957,0.015570618886551202
2004-12-29,17533957.80958899,-0.0006583697323209181
2004-12-30,17487026.691600718,-0.0026765844025590235
2004-12-31,17430526.931798685,-0.003230952911461471
2005-01-03,17204894.569386672,-0.012944666750170919
2005-01-04,16829242.77352901,-0.021834007429843316
2005-01-05,16753090.00127892,-0.004525026661916898
2005-01-06,16762874.746557303,0.0005840561518881682
2005-01-07,16885173.54924835,0.007295813190763223
2005-01-10,16909315.630972877,0.001429779898566963
2005-01-11,16771103.851249626,-0.008173706301282113
2005-01-12,16856444.95509023,0.005088580012235999
2005-01-13,16950130.386039626,0.005557840410537196
2005-01-14,17095456.223406985,0.008573729762400673
2005-01-18,17319103.66390518,0.013082273884681639
2005-01-19,17274366.997307416,-0.0025830820962750023
2005-01-20,17131590.820261873,-0.00826520456974178
2005-01-21,16936208.388181787,-0.011404803799598295
2005-01-24,16828659.149530042,-0.006350254802414579
2005-01-25,16874845.159792148,0.002744485454944545
2005-01-26,17047490.205538437,0.010230911401643672
2005-01-27,17058446.800079335,0.0006427101238244415
2005-01-28,17129702.59587935,0.004177156140597882
2005-01-31,17323823.414361317,0.011332410320344044
2005-02-01,17434147.96914268,0.006368372162573799
2005-02-02,17523172.729429778,0.005106344195578982
2005-02-03,17551198.090670574,0.0015993314494771038
2005-02-04,17838472.508119784,0.016367795290391784
2005-02-07,17857805.633088276,0.0010837881415963757
2005-02-08,17997577.038910955,0.00782690822682608
2005-02-09,17741229.029682912,-0.014243473367210324
2005-02-10,17745217.740403116,0.00022482719283600794
2005-02-11,17852322.408727057,0.006035691975764257
2005-02-14,18017606.921140406,0.009258431963594216
2005-02-15,18112331.816319894,0.005257351633548346
2005-02-16,18202435.456366226,0.004974712309827822
2005-02-17,18033211.00922077,-0.009296802482893551
2005-02-18,18013331.330150787,-0.0011023926387718763
2005-02-22,17666875.33794208,-0.019233310366573275
2005-02-23,17813045.558784213,0.008273688360058484
2005-02-24,18120178.563475177,0.017242026562914514
2005-02-25,18485916.728477664,0.020184026538221156
2005-02-28,18300471.046547376,-0.01003172764727478
2005-03-01,18118504.559839156,-0.009943267921650012
2005-03-02,18138713.938284013,0.0011153999149384752
2005-03-03,18090594.399945218,-0.002652863841533626
2005-03-04,18441426.863536116,0.01939308658603056
2005-03-07,18416744.011631817,-0.001338445885285755
2005-03-08,18113025.1005302,-0.016491455325099325
2005-03-09,17813687.72183958,-0.016526084242099226
2005-03-10,17703511.286766052,-0.006184931317643527
2005-03-11,17684367.300433323,-0.0010813666296267677
2005-03-14,17741583.087876067,0.0032353878694513227
2005-03-15,17635404.024133604,-0.005984757009368624
2005-03-16,17545076.34309789,-0.005121951326553131
2005-03-17,17619528.734215986,0.004243492000955751
2005-03-18,17564548.44365347,-0.0031204177700704383
2005-03-21,17504425.15085001,-0.003422991088916194
2005-03-22,17468202.675976947,-0.0020693324437051075
2005-03-23,17457654.330996316,-0.0006038597774651322
2005-03-24,17513859.54642673,0.0032195170304534226
2005-03-28,17513541.36138238,-1.816761425454949e-05
2005-03-29,17300915.403977543,-0.01214066036202599
2005-03-30,17527532.735958613,0.013098574652816941
2005-03-31,17535891.89853641,0.0004769161012974088
2005-04-01,17525482.290486924,-0.0005936172570928377
2005-04-04,17540821.108397685,0.0008752294320075737
2005-04-05,17568926.259989414,0.0016022711489984687
2005-04-06,17684313.847602528,0.006567708572827957
2005-04-07,17650182.61058062,-0.0019300289124044578
2005-04-08,17381395.329782214,-0.015228583563621445
2005-04-11,17447125.615538284,0.0037816460939383845
2005-04-12,17478645.495770995,0.0018065944458289795
2005-04-13,17248080.253118433,-0.01319125344743377
2005-04-14,17014939.86166277,-0.013516889302130353
2005-04-15,16755508.17269044,-0.01524728803519726
2005-04-18,16737097.84373742,-0.0010987627927051546
2005-04-19,16914955.972005125,0.010626581138990954
2005-04-20,16830846.91901087,-0.004972466563522793
2005-04-21,16905269.467946306,0.00442179465439585
2005-04-22,16877314.64202321,-0.0016536161092315371
2005-04-25,16901269.90025066,0.0014193761706500219
2005-04-26,16821849.260680832,-0.004699093029018386
2005-04-27,16726023.667668706,-0.005696495761384979
2005-04-28,16658782.692249328,-0.004020141113954878
2005-04-29,16748495.370762624,0.0053853081687076365
2005-05-02,16758774.39147351,0.0006137280085964925
2005-05-03,16761618.166081717,0.0001696886980979695
2005-05-04,16805513.764515996,0.0026188162741414
2005-05-05,16740369.53450122,-0.0038763605164112702
2005-05-06,16751341.898547038,0.0006554433594314624
2005-05-09,16801449.594525136,0.0029912645972824947
2005-05-10,16695033.072291642,-0.006333770287783369
2005-05-11,16763403.747355444,0.004095270417719288
2005-05-12,16664946.021257967,-0.005873373187292641
2005-05-13,16541483.83273007,-0.007408496155367539
2005-05-16,16613043.769727966,0.004326089347335582
2005-05-17,16699739.944077458,0.00521856052094849
2005-05-18,16717223.43503849,0.0010469319294539314
2005-05-19,16786447.0573885,0.004140856441801288
2005-05-20,16815195.491605718,0.0017125979141943137
2005-05-23,16843339.403203245,0.0016737189651809814
2005-05-24,16868027.95171007,0.0014657751598907698
2005-05-25,16782086.939239692,-0.0050949057421775246
2005-05-26,16900032.341162153,0.0070280533255182576
2005-05-27,16927451.439119622,0.001622428726996361
2005-05-31,16905152.31868773,-0.0013173347749418918
2005-06-01,17014090.236826994,0.006444066050729447
2005-06-02,17105951.089131344,0.005399104567196833
2005-06-03,16956231.620113157,-0.008752478493482596
2005-06-06,17122147.71471591,0.00978496273935936
2005-06-07,17074357.124075625,-0.0027911563103272252
2005-06-08,17040420.871998336,-0.0019875566518072763
2005-06-09,17175480.553123694,0.007925841863876348
2005-06-10,17195391.83955454,0.00115928555065814
2005-06-13,17192787.595578033,-0.00015145010947159587
2005-06-14,17325826.4586671,0.007738062390957756
2005-06-15,17374231.9948159,0.0027938370653937117
2005-06-16,17404708.01475335,0.0017540930699291302
2005-06-17,17415811.314190127,0.0006379480441365271
2005-06-20,17414115.36622357,-9.737978529744673e-05
2005-06-21,17417263.469465867,0.00018077882086409147
2005-06-22,17559836.973918464,0.008185758038427915
2005-06-23,17378698.730205007,-0.010315485501516952
2005-06-24,17287198.30919521,-0.005265090466800348
2005-06-27,17304929.17173633,0.0010256643224650919
2005-06-28,17567951.0535718,0.015199246366466301
2005-06-29,17687509.23922962,0.006805471240967975
2005-06-30,17563691.171701893,-0.007000311115208158
2005-07-01,17649333.529829744,0.004876102482707978
2005-07-05,17913887.818917517,0.014989477570959808
2005-07-06,17784954.696853705,-0.0071973835812265685
2005-07-07,17879663.13904976,0.005325200081213177
2005-07-08,18020108.99531956,0.007855061651752315
2005-07-11,18100411.083185386,0.004456248732273682
2005-07-12,18219442.123220276,0.006576151198326441
2005-07-13,18170924.600010518,-0.002662953282632219
2005-07-14,18035843.086381286,-0.007433937270817426
2005-07-15,18088783.95642304,0.0029353144063295478
2005-07-18,18082362.5864023,-0.00035499180244558115
2005-07-19,18196739.966516424,0.00632535596870154
2005-07-20,18209925.497501053,0.0007246095184572088
2005-07-21,17795975.609382275,-0.02273210223598021
2005-07-22,17849617.81095198,0.0030142883282793242
2005-07-25,17695031.044913713,-0.008660508458809613
2005-07-26,17733253.920757886,0.0021600909174532834
2005-07-27,17842085.652843803,0.006137155232324387
2005-07-28,17972496.195914842,0.007309153515371314
2005-07-29,17967612.77037773,-0.0002717165987339287
2005-08-01,17962365.13208153,-0.0002920609634269322
2005-08-02,18098445.162532944,0.007575841458003163
2005-08-03,18084078.22791481,-0.0007938214851669345
2005-08-04,17801807.7968436,-0.015608781797653015
2005-08-05,17500864.79685698,-0.01690519319279349
2005-08-08,17349455.148763813,-0.008651552357593184
2005-08-09,17442355.435351834,0.005354651531788379
2005-08-10,17495483.076815333,0.003045898339843589
2005-08-11,17556476.05146632,0.0034862126631880486
2005-08-12,17553787.732183445,-0.0001531240822471025
2005-08-15,17513165.413642384,-0.0023141625705421776
2005-08-16,17188297.652094413,-0.018549916812577227
2005-08-17,17213954.366575968,0.001492685023314566
2005-08-18,17130285.333674684,-0.004860535302901869
2005-08-19,17082336.746364336,-0.0027990536279095535
2005-08-22,17166903.6306727,0.004950545441411158
2005-08-23,17199949.257927604,0.0019249614237863977
2005-08-24,17163070.456994895,-0.002144122658717218
2005-08-25,17218607.12197799,0.003235823398980431
2005-08-26,17156869.7533107,-0.003585503068275875
2005-08-29,17173547.956102297,0.0009721005656277981
2005-08-30,17192811.239091087,0.0011216833608307386
2005-08-31,17501071.130077247,0.017929580375155352
2005-09-01,17693899.257488396,0.011018075749646972
2005-09-02,17510142.12010017,-0.010385338738178707
2005-09-06,17746596.3280046,0.013503842874753147
2005-09-07,17784654.792751305,0.0021445500896781766
2005-09-08,17794819.394488685,0.0005715377585806536
2005-09-09,18032174.62898691,0.013338445827201673
2005-09-12,17879049.868718702,-0.008491752293816934
2005-09-13,17785609.2452135,-0.005226263374805251
2005-09-14,17813408.29569339,0.0015630080531185975
2005-09-15,17787324.32531834,-0.0014642885820652651
2005-09-16,17953988.275201797,0.009369815652724656
2005-09-19,18133414.98417166,0.00999369645449133
2005-09-20,17964639.17543627,-0.009307447542711067
2005-09-21,17965318.961073805,3.784020546682143e-05
2005-09-22,17859878.630094245,-0.005869104311925777
2005-09-23,17834874.637610227,-0.001400009093112553
2005-09-26,18026412.357524842,0.01073950469551943
2005-09-27,17949610.824318483,-0.0042605001862335845
2005-09-28,18157048.559775054,0.011556670363879418
2005-09-29,18319573.71815134,0.008951078025772441
2005-09-30,18184494.850538522,-0.007373472204704079
2005-10-03,18225391.400768813,0.002248979175194288
2005-10-04,17915081.282126416,-0.017026252650426343
2005-10-05,17282419.24567481,-0.035314494335161095
2005-10-06,16942238.238263126,-0.019683645129533578
2005-10-07,17049943.815894138,0.006357222470627644
2005-10-10,16938958.22676686,-0.00650944016741084
2005-10-11,16958544.09769338,0.0011562618352509713
2005-10-12,16911126.428088848,-0.0027960931865007588
2005-10-13,16931029.812059306,0.001176940167474605
2005-10-14,16994061.663290802,0.0037228598573846305
2005-10-17,16958803.018767484,-0.0020747626566215427
2005-10-18,16904015.673167843,-0.0032306139495228425
2005-10-19,16973826.181785684,0.004129818024757981
2005-10-20,16905945.86566873,-0.003999116957483451
2005-10-21,16972121.44349004,0.003914337496826681
2005-10-24,17051997.554796208,0.004706312735984319
2005-10-25,16982983.110645674,-0.00404729380993385
2005-10-26,17020781.493624188,0.0022256621661962406
2005-10-27,16961624.330150474,-0.0034755844492729837
2005-10-28,17012353.322083022,0.002990809780073711
2005-10-31,17127934.972652063,0.0067939836647412655
2005-11-01,17200599.672094908,0.004242467031715602
2005-11-02,17481354.449997306,0.016322383129343754
2005-11-03,17513281.309165087,0.0018263378423624133
2005-11-04,17544942.323036645,0.0018078287736398302
2005-11-07,17615173.27652908,0.004002917319381627
2005-11-08,17520516.052615777,-0.005373618665416635
2005-11-09,17468643.623928785,-0.0029606678553995014
2005-11-10,17853764.854885183,0.022046430120587823
2005-11-11,17876408.084843535,0.0012682607921856714
2005-11-14,17925954.711443074,0.002771620918720741
2005-11-15,17749736.88468418,-0.009830317525370447
2005-11-16,17692753.281131655,-0.00321039145102453
2005-11-17,18000265.61862696,0.017380694378599015
2005-11-18,18017358.58588899,0.0009495952795464113
2005-11-21,18136139.798346926,0.0065925985705233
2005-11-22,18232878.97145059,0.005334055327059328
2005-11-23,18241344.804542292,0.00046431685884384954
2005-11-25,18312951.193186417,0.003925499430628365
2005-11-28,18044664.70915951,-0.014650095508730865
2005-11-29,18118380.309727382,0.004085174302543626
2005-11-30,17988998.818236392,-0.007140897214831465
2005-12-01,18255916.497512374,0.014837828495791294
2005-12-02,18322558.936306797,0.0036504570342170695
2005-12-05,18235857.2968054,-0.004731961283507946
2005-12-06,18238746.35604552,0.00015842738803550915
2005-12-07,18112453.80294174,-0.006924409750449834
2005-12-08,18154700.001267698,0.0023324392589532117
2005-12-09,18268285.520647407,0.006256535187680212
2005-12-12,18272047.66933923,0.00020593879417796224
2005-12-13,18343420.05191981,0.00390609656192753
2005-12-14,18428989.465309974,0.004664856016378893
2005-12-15,18461132.598789237,0.0017441614766653402
2005-12-16,18421874.584934093,-0.002126522500451533
2005-12-19,18249690.493152976,-0.009346719357319566
2005-12-20,18311851.858752728,0.003406159990662516
2005-12-21,18339120.297373563,0.0014891141994359813
2005-12-22,18436619.73266199,0.00531647285733694
2005-12-23,18451741.22206016,0.0008201877360078935
2005-12-27,18245774.485383738,-0.011162455304227659
2005-12-28,18247487.15634356,9.386671753475184e-05
2005-12-29,18175476.664930627,-0.003946323720956824
2005-12-30,18056721.025531188,-0.006533839061760416
2006-01-03,18408723.890416007,0.019494284947256357
2006-01-04,18623236.75472341,0.0116527829731361
2006-01-05,18601480.90922898,-0.0011682096823965038
2006-01-06,18821514.16371886,0.011828803070228266
2006-01-09,18991618.195313323,0.009037744259830172
2006-01-10,18983062.134192836,-0.0004505177511729963
2006-01-11,19009044.25452954,0.0013687001682360922
2006-01-12,18781202.410477556,-0.011985970520200784
2006-01-13,18800989.009590294,0.0010535320732021347
2006-01-17,18695972.31560798,-0.00558570051441154
2006-01-18,18563436.739460062,-0.007088990821690122
2006-01-19,18777403.694905154,0.011526257688602826
2006-01-20,18417023.031601343,-0.01919225198324903
2006-01-23,18603122.538242817,0.010104755058521153
2006-01-24,18722111.12869536,0.00639616226834705
2006-01-25,18538310.972934466,-0.009817277255618095
2006-01-26,18919208.80998642,0.020546523230085878
2006-01-27,19157576.884661503,0.012599262319535454
2006-01-30,19224973.73122026,0.0035180256336446725
2006-01-31,19355854.193539016,0.006807835690626263
2006-02-01,19067499.49301738,-0.01489754456912007
2006-02-02,18825577.318634592,-0.012687671735424955
2006-02-03,18648273.503353775,-0.00941824052882101
2006-02-06,18839714.757435456,0.010265896950044873
2006-02-07,18306973.570528015,-0.028277561192755485
2006-02-08,18435007.171219867,0.006993706534758504
2006-02-09,18382574.31254159,-0.002844200611982095
2006-02-10,18506708.940304253,0.0067528424284935
2006-02-13,18372803.98534884,-0.007235481758930851
2006-02-14,18522182.814405005,0.008130431760731138
2006-02-15,18613690.680699676,0.004940447203852338
2006-02-16,18705702.422495235,0.004943229334468446
2006-02-17,18615201.20724869,-0.004838161818382591
2006-02-21,18594678.935182724,-0.0011024469645795065
2006-02-22,18893634.121095058,0.016077458877049144
2006-02-23,18715874.3536892,-0.009408447642551998
2006-02-24,18761996.434328716,0.00246432946534636
2006-02-27,18942761.12272225,0.009634619056999139
2006-02-28,18742750.115170844,-0.010558703995453333
2006-03-01,18903757.913483936,0.008590404146868957
2006-03-02,18761488.045510132,-0.007526009834918801
2006-03-03,18800003.787365027,0.002052915086557361
2006-03-06,18603706.55067126,-0.010441340273861677
2006-03-07,18433754.281933274,-0.009135398275342821
2006-03-08,18443094.173376445,0.0005066733178886729
2006-03-09,18376018.75818784,-0.003636885142918711
2006-03-10,18549443.307992384,0.009437547495279253
2006-03-13,18587308.20726016,0.0020412957218756134
2006-03-14,18848801.732121795,0.01406839128860482
2006-03-15,19070011.320645325,0.011736002726717043
2006-03-16,19104188.731829125,0.0017922071785452243
2006-03-17,19263299.65972643,0.008328588569281203
2006-03-20,19342457.136024047,0.004109237653770803
2006-03-21,19136322.315126896,-0.010657116593177696
2006-03-22,19308399.924519893,0.008992198530068274
2006-03-23,19138997.92721103,-0.008773487081844444
2006-03-24,19258179.496010605,0.006227158247931408
2006-03-27,19318714.853601597,0.003143358259981577
2006-03-28,19131169.658121943,-0.009707954017691311
2006-03-29,19354417.112259112,0.01166930502037511
2006-03-30,19183639.668734364,-0.008823693451174952
2006-03-31,19274531.2779894,0.004737975213492396
2006-04-03,19364322.0267099,0.0046585178869194
2006-04-04,19457184.062888205,0.004795522200581992
2006-04-05,19530486.507957365,0.003767371724101354
2006-04-06,19405672.04946482,-0.006390750094304565
2006-04-07,19229686.014896527,-0.009068793604246617
2006-04-10,19106236.748871304,-0.006419723438520597
2006-04-11,19033311.02706357,-0.003816854295602745
2006-04-12,19095190.560633123,0.0032511176579610446
2006-04-13,19249852.394898117,0.008099517717505611
2006-04-17,19192635.632981863,-0.002972322111488901
2006-04-18,19658401.932174228,0.02426796965769329
2006-04-19,19877338.609034985,0.011137053643329509
2006-04-20,19842150.982987482,-0.0017702382969674302
2006-04-21,19877571.253828894,0.0017851023748272077
2006-04-24,19705398.363983326,-0.00866166633976495
2006-04-25,19433133.281533137,-0.013816776368643424
2006-04-26,19402210.120265543,-0.0015912596707695625
2006-04-27,19199273.86875429,-0.0104594399428386
2006-04-28,19216518.64151393,0.0008981992171956943
2006-05-01,19324773.170199916,0.005633410021111729
2006-05-02,19624224.412402026,0.015495718348916165
2006-05-03,19876756.72505697,0.012868397106962748
2006-05-04,19953785.00663982,0.0038752942770461374
2006-05-05,20110744.553078905,0.007866154034778639
2006-05-08,20181597.153433077,0.003523121690853781
2006-05-09,20259291.14293059,0.0038497443441585233
2006-05-10,20219955.093457755,-0.0019416300992624036
2006-05-11,19903887.954012733,-0.015631446162177043
2006-05-12,19507182.099590275,-0.019931073533926313
2006-05-15,19431867.754228715,-0.0038608521198529866
2006-05-16,19512838.027480934,0.004166880624977498
2006-05-17,18989254.333307788,-0.02683278021555635
2006-05-18,18852663.211117536,-0.007193074556417267
2006-05-19,18890896.409746736,0.0020279998746624006
2006-05-22,18824636.03286567,-0.003507529523420594
2006-05-23,18815910.45478617,-0.0004635190855358795
2006-05-24,18807233.522582836,-0.00046114867649826863
2006-05-25,18862737.23826019,0.0029511897967720024
2006-05-26,18936001.967103213,0.0038840984697818826
2006-05-30,18847717.468794595,-0.004662256502824147
2006-05-31,18899860.680007834,0.0027665531011682454
2006-06-01,19023959.0874348,0.006566101704561067
2006-06-02,19016926.70594697,-0.00036965919951292836
2006-06-05,18892503.39511692,-0.006542766491871688
2006-06-06,18948240.13282211,0.0029502039268971547
2006-06-07,18930933.726846363,-0.0009133516281424336
2006-06-08,18844940.269649636,-0.004542483663908192
2006-06-09,18892003.12530954,0.0024973735648130546
2006-06-12,18783386.521944523,-0.005749342864521667
2006-06-13,18625015.1091776,-0.0084314621637529
2006-06-14,18617418.983592603,-0.0004078453381363145
2006-06-15,18620669.836291876,0.00017461350051450886
2006-06-16,18618048.892730992,-0.0001407545262295251
2006-06-19,18597980.428732857,-0.0010779037112729206
2006-06-20,18594046.740906138,-0.00021151155856913295
2006-06-21,18602484.28211376,0.00045377648691502515
2006-06-22,18579907.54418872,-0.0012136410160416
2006-06-23,18570918.721784968,-0.00048379263364861647
2006-06-26,18573255.86233097,0.00012584948440164112
2006-06-27,18584941.5650274,0.0006291682397017162
2006-06-28,18575593.00287697,-0.0005030181083819363
2006-06-29,18608312.970420264,0.0017614494211961595
2006-06-30,18616022.108987134,0.00041428465756809807
2006-07-03,18659661.165799867,0.0023441665763634933
2006-07-05,18463970.914344493,-0.010487342171788372
2006-07-06,18507413.74912523,0.0023528435449922114
2006-07-07,18386270.048419196,-0.00654568500754249
2006-07-10,18366125.646017592,-0.0010956220238556025
2006-07-11,18445743.874239214,0.004335058452509477
2006-07-12,18353055.66445737,-0.005024910375736602
2006-07-13,18190491.894935515,-0.008857586033298892
2006-07-14,18213114.454018693,0.001243647462302988
2006-07-17,18103284.24668525,-0.006030281510102098
2006-07-18,18119646.1014097,0.000903805878618158
2006-07-19,18167464.54092403,0.0026390382707646154
2006-07-20,18205114.77988849,0.002072399199109176
2006-07-21,18232207.578972943,0.0014881971035076713
2006-07-24,18271379.849522777,0.0021485204345199627
2006-07-25,18321164.482837018,0.0027247330920954216
2006-07-26,18356531.60547965,0.0019303970921589197
2006-07-27,18315390.070528433,-0.002241247738703378
2006-07-28,18483178.694120437,0.00916107289803203
2006-07-31,18429682.584718943,-0.00289431327191092
2006-08-01,18392857.463792212,-0.0019981418973142873
2006-08-02,18449755.944954384,0.003093509601440614
2006-08-03,18506947.50531715,0.0030998545744127526
2006-08-04,18498768.74325343,-0.0004419292841983946
2006-08-07,18387212.424797844,-0.006030472622469474
2006-08-08,18444658.122495633,0.0031242200487286986
2006-08-09,18258371.08773027,-0.010099782469709329
2006-08-10,18335220.101599727,0.004208974256257658
2006-08-11,18261865.061900403,-0.004000772245593254
2006-08-14,18286771.83010795,0.001363867716858147
2006-08-15,18481772.696257513,0.010663493150196546
2006-08-16,18442583.200755894,-0.0021204402924809296
2006-08-17,18410585.94397975,-0.0017349661068537525
2006-08-18,18482204.7027445,0.0038900857899184516
2006-08-21,18444333.709652178,-0.0020490517068397773
2006-08-22,18434546.790384784,-0.0005306192905343288
2006-08-23,18365827.321101077,-0.003727754745755485
2006-08-24,18349266.906082124,-0.0009016971971596011
2006-08-25,18336033.57881888,-0.0007211910607097805
2006-08-28,18471316.5840818,0.007377986339378806
2006-08-29,18539196.460238248,0.0036748802310575535
2006-08-30,18501931.63644439,-0.002010056038501018
2006-08-31,18595074.87572155,0.00503424405123698
2006-09-01,18744288.493560072,0.008024362302156751
2006-09-05,18699783.385833886,-0.0023743289984827776
2006-09-06,18576673.025994856,-0.006583517963758445
2006-09-07,18585759.363010287,0.0004891261746771125
2006-09-08,18710145.816220317,0.0066925677224458635
2006-09-11,18819953.842045605,0.005868902728170866
2006-09-12,18819485.383648645,-2.4891580547525827e-05
2006-09-13,18858705.71060073,0.002084027599721816
2006-09-14,18890863.17973225,0.001705179009895863
2006-09-15,18942016.463617124,0.0027078320031324044
2006-09-18,18861855.137937877,-0.004231932003290972
2006-09-19,18914584.356014825,0.00279554782344249
2006-09-20,18958197.79589348,0.0023058101123318853
2006-09-21,18804483.2790397,-0.00810807643789202
2006-09-22,18777280.539017223,-0.001446609280287836
2006-09-25,19006339.098692458,0.012198707858642077
2006-09-26,19052674.29356602,0.0024378811002454537
2006-09-27,19065705.953181755,0.0006839806010927596
2006-09-28,19126096.550203867,0.0031674986056329235
2006-09-29,19001192.581488892,-0.006530552033297332
2006-10-02,19024747.879148167,0.0012396746971672368
2006-10-03,19174574.73041896,0.007875365929816747
2006-10-04,19347147.692089394,0.009000093305676193
2006-10-05,19307180.129336182,-0.002065811632251835
2006-10-06,19235654.347714104,-0.003704620827222671
2006-10-09,19336801.034233376,0.005258291955703154
2006-10-10,19412320.517198194,0.0039054796515265444
2006-10-11,19398716.21126183,-0.0007008078155473774
2006-10-12,19583125.544137936,0.009506264789267194
2006-10-13,19544429.444902398,-0.001975991991080339
2006-10-16,19495889.811154757,-0.0024835533769086426
2006-10-17,19416972.033132102,-0.00404791875554722
2006-10-18,19427799.418923106,0.0005576248331886635
2006-10-19,19382744.713139437,-0.0023190843601043065
2006-10-20,19449402.544329494,0.0034390295170565466
2006-10-23,19708747.354840107,0.013334333017145816
2006-10-24,19738409.4899529,0.0015050238647209557
2006-10-25,19648532.501390964,-0.004553405815584277
2006-10-26,19716390.846244805,0.0034536088050869385
2006-10-27,19459573.41870166,-0.013025580064114917
2006-10-30,19579040.16339196,0.006139227316025675
2006-10-31,19495448.55114098,-0.0042694438314333505
2006-11-01,19402504.88574399,-0.004767454575521857
2006-11-02,19406347.58528228,0.00019805172378095648
2006-11-03,19286059.85903521,-0.006198370183696955
2006-11-06,19526277.161483075,0.012455488793649439
2006-11-07,19472871.10322428,-0.0027350865614128583
2006-11-08,19514070.129295424,0.0021157140029710586
2006-11-09,19364889.09931293,-0.007644793166881936
2006-11-10,19298406.085690722,-0.003433172959641073
2006-11-13,19291452.17458419,-0.00036033603374563405
2006-11-14,19442677.177342553,0.0078389641894141
2006-11-15,19379143.70401663,-0.0032677327688165336
2006-11-16,19469550.79141176,0.004665174518335036
2006-11-17,19479184.704566292,0.0004948194880172174
2006-11-20,19484562.534434933,0.00027608084990227155
2006-11-21,19508914.546385586,0.0012498105568250484
2006-11-22,19471453.423959114,-0.0019202053675206887
2006-11-24,19425132.088363457,-0.002378935695609652
2006-11-27,19245780.222493023,-0.00923298050456367
2006-11-28,19255644.402132064,0.0005125372692094121
2006-11-29,19475533.514199965,0.0114194626508346
2006-11-30,19379095.52428632,-0.004951750864402804
2006-12-01,19343148.749968037,-0.0018549252865404098
2006-12-04,19699387.119593736,0.01841677248262319
2006-12-05,19753767.634392593,0.002760518104889087
2006-12-06,19784120.86178183,0.0015365791453572086
2006-12-07,19695586.509203132,-0.004475020810741581
2006-12-08,19717767.754637796,0.0011262038540613695
2006-12-11,19768735.937245384,0.0025848860399322326
2006-12-12,19747144.81822807,-0.0010921851091467705
2006-12-13,19781283.9985243,0.0017288160192514557
2006-12-14,19916034.205728672,0.006812005085939932
2006-12-15,19920650.063839227,0.0002317659260309135
2006-12-18,19946022.228654917,0.0012736614886754705
2006-12-19,19994122.310731452,0.002411512507362712
2006-12-20,19902507.286514238,-0.004582097818219388
2006-12-21,19907138.90207657,0.000232715179834031
2006-12-22,19823838.07694116,-0.004184469980601846
2006-12-26,19867928.968571864,0.002224134976263281
2006-12-27,19982173.625633612,0.005750204625880606
2006-12-28,19927355.54592359,-0.002743349183979671
2006-12-29,19868341.40930953,-0.002961463525757879
2007-01-03,19902751.436200812,0.0017319023356001662
2007-01-04,19962619.407552086,0.003008024872499737
2007-01-05,19880668.669685047,-0.004105209651797281
2007-01-08,20027254.12063154,0.007373265627127035
2007-01-09,20076660.711121675,0.002466967772643436
2007-01-10,20281719.08328022,0.010213768868692075
2007-01-11,20450073.82752026,0.008300812349719688
2007-01-12,20438242.698399544,-0.0005785372327015148
2007-01-16,20539531.574044637,0.004955850517081251
2007-01-17,20444792.164701138,-0.0046125399209795415
2007-01-18,20464945.2106038,0.0009857300451043827
2007-01-19,20478757.857088,0.0006749417768801003
2007-01-22,20391043.99658727,-0.00428316312507071
2007-01-23,20392182.576852642,5.583727177294051e-05
2007-01-24,20647864.64007959,0.012538239213156999
2007-01-25,20316142.884708926,-0.016065668830798074
2007-01-26,20332408.80069538,0.0008006399678697207
2007-01-29,20209013.268325996,-0.0060689086855838514
2007-01-30,20258241.529268075,0.0024359556940485305
2007-01-31,20465627.63697948,0.010237122872278182
2007-02-01,20625742.86755129,0.007823616915735077
2007-02-02,20676888.069158632,0.0024796780380602623
2007-02-05,20712676.482992165,0.0017308413971111047
2007-02-06,20760035.343037046,0.0022864674241289684
2007-02-07,20835296.85240441,0.0036253073814060954
2007-02-08,20903042.76364231,0.0032514972893262772
2007-02-09,20704863.85370988,-0.009480864205910433
2007-02-12,20524624.962026265,-0.008705147397108814
2007-02-13,20771940.172208324,0.012049682303069131
2007-02-14,20940137.511260353,0.008097334079416818
2007-02-15,21011508.579915978,0.0034083381074858643
2007-02-16,21011857.774017002,1.6619182753974115e-05
2007-02-20,21175192.480463494,0.0077734538375024975
2007-02-21,21156147.18592827,-0.0008994154151276135
2007-02-22,21159521.05318616,0.00015947455972198377
2007-02-23,21181714.79160913,0.001048877163485118
2007-02-26,21073848.048672903,-0.005092446196988565
2007-02-27,20159187.650269795,-0.04340262852282961
2007-02-28,20317173.633800745,0.007836922115700196
2007-03-01,20407760.850332417,0.004458652476197145
2007-03-02,20166978.723858263,-0.01179855684511466
2007-03-05,19963880.034356598,-0.010070853561291893
2007-03-06,20137932.490772646,0.008718368178756597
2007-03-07,20000191.07681947,-0.006839898485919149
2007-03-08,20115805.412588324,0.005780661560921496
2007-03-09,20080930.043948874,-0.0017337296679965641
2007-03-12,20167976.81331939,0.004334797700106696
2007-03-13,20034856.547530305,-0.006600576102466005
2007-03-14,20017253.640730184,-0.0008786140673561205
2007-03-15,20077511.137292862,0.003010277915451276
2007-03-16,20015420.53251085,-0.0030925449054629572
2007-03-19,20173840.852402773,0.00791491338563688
2007-03-20,20228288.76665464,0.002698936442010469
2007-03-21,20395009.94930279,0.008241981542352672
2007-03-22,20422841.425130658,0.0013646218313720926
2007-03-23,20452688.184441622,0.0014614400949242157
2007-03-26,20608405.876024004,0.007613556231734764
2007-03-27,20493170.255100228,-0.0055916804830519196
2007-03-28,20385172.533783037,-0.005269937250939161
2007-03-29,20450979.779919386,0.003228191766701638
2007-03-30,20396174.08498586,-0.0026798566877143104
2007-04-02,20598296.843600586,0.009909836902378455
2007-04-03,20760361.826624367,0.007867882682452532
2007-04-04,20858376.127893217,0.004721223169778854
2007-04-05,20906158.783206545,0.0022908137728627764
2007-04-09,20991793.058159467,0.0040961266888353
2007-04-10,21004286.836775303,0.0005951744370393808
2007-04-11,20860850.109655533,-0.006828926315585959
2007-04-12,20993970.80541858,0.006381364856336003
2007-04-13,21010401.60533508,0.000782643744186684
2007-04-16,21140608.146408197,0.006197241895654848
2007-04-17,21112328.091970865,-0.00133771243672276
2007-04-18,21027274.720357884,-0.004028611683300154
2007-04-19,20988504.86373694,-0.0018437889425304554
2007-04-20,21107325.14713155,0.005661207607022378
2007-04-23,21162740.175157607,0.002625393205428761
2007-04-24,21106959.741405807,-0.0026357850302050068
2007-04-25,21371202.47040943,0.012519222675412278
2007-04-26,21340090.926476706,-0.0014557694624718343
2007-04-27,21344494.987527214,0.00020637498995124126
2007-04-30,21110295.399853643,-0.010972364903007903
2007-05-01,21099244.254584998,-0.0005234955295188026
2007-05-02,21356544.373364154,0.012194755208980723
2007-05-03,21259342.609331995,-0.0045513807071423384
2007-05-04,21290158.28475817,0.0014495121506084008
2007-05-07,21371606.639032163,0.003825634041072501
2007-05-08,21457441.81677295,0.004016318435508648
2007-05-09,21550641.21959087,0.004343453595901936
2007-05-10,21230207.689532343,-0.014868862916581405
2007-05-11,21451378.90973185,0.010417760552976496
2007-05-14,21444026.761884067,-0.0003427354427293361
2007-05-15,21465547.331719052,0.0010035694356265168
2007-05-16,21552611.707999464,0.004056005418122233
2007-05-17,21586606.819582906,0.0015773082187910958
2007-05-18,21730568.368926093,0.006669021701576128
2007-05-21,21830466.76227332,0.0045971366993822205
2007-05-22,21708379.764154036,-0.00559250516485843
2007-05-23,21718285.592226136,0.00045631356092523667
2007-05-24,21494209.270891093,-0.010317403755628396
2007-05-25,21754121.311304566,0.012092188976938312
2007-05-29,21866064.481536105,0.005145837362475758
2007-05-30,22191637.83228111,0.014889435225983183
2007-05-31,22254128.1579041,0.0028159402246592524
2007-06-01,22500192.29474742,0.011057010865461514
2007-06-04,22493039.31182907,-0.0003179076349502097
2007-06-05,22348864.118274312,-0.006409769331569892
2007-06-06,22054896.61957081,-0.013153576716372295
2007-06-07,21585968.64272611,-0.02126185331689967
2007-06-08,21786246.013738576,0.009278127580341744
2007-06-11,21849565.25522582,0.002906386049589038
2007-06-12,21670866.687536962,-0.008178586878112681
2007-06-13,22168283.245947324,0.02295323789225412
2007-06-14,22435274.025193285,0.012043818471814793
2007-06-15,22592971.79805969,0.00702901032941794
2007-06-18,22545447.210360263,-0.0021035120179944133
2007-06-19,22539586.999432188,-0.000259928795086517
2007-06-20,22174870.28528687,-0.0161811622437672
2007-06-21,22474948.921222325,0.01353237390229789
2007-06-22,22304277.792709254,-0.007593838326898861
2007-06-25,22189248.942747932,-0.005157255080409873
2007-06-26,21942886.61228192,-0.0111027791477607
2007-06-27,22091439.29447113,0.0067699699138974445
2007-06-28,22089653.347655326,-8.084338878955322e-05
2007-06-29,22178425.16906836,0.004018705953231061
2007-07-02,22496320.980537105,0.014333561064205247
2007-07-03,22535186.40271688,0.0017276345858239228
2007-07-05,22572758.213697467,0.001667250951874033
2007-07-06,22711740.754485868,0.006157091635530243
2007-07-09,22809401.16687138,0.004299996792021421
2007-07-10,22533518.621046964,-0.012095124453556982
2007-07-11,22721326.90329324,0.008334618547804595
2007-07-12,23036050.372335415,0.013851456404007756
2007-07-13,23168645.638948657,0.0057559896106356145
2007-07-16,22947360.82738202,-0.009551046488217474
2007-07-17,22813864.008258894,-0.0058175238593812795
2007-07-18,22740859.567143027,-0.0032000033439946174
2007-07-19,22951009.085044213,0.0092410542917567
2007-07-20,22741362.75996377,-0.009134514491437207
2007-07-23,22800185.537094112,0.0025865986023450027
2007-07-24,22425791.539103623,-0.016420655760953307
2007-07-25,22556000.94366637,0.005806234501720908
2007-07-26,21963322.48989369,-0.026275865799655462
2007-07-27,21623231.553635396,-0.015484494042956598
2007-07-30,21864626.695883185,0.01116369408749196
2007-07-31,21685860.659829535,-0.00817603879270934
2007-08-01,21817183.676427916,0.006055697703602814
2007-08-02,22006440.810522333,0.008674682163440695
2007-08-03,21549945.347605668,-0.020743720751898787
2007-08-06,21633114.26827554,0.0038593564544289194
2007-08-07,21744693.2773274,0.005157787624479271
2007-08-08,21913486.75117675,0.0077625134416288155
2007-08-09,21409322.551399738,-0.023007027840968197
2007-08-10,21018617.83089886,-0.018249279936946694
2007-08-13,21148158.98109064,0.00616316216575119
2007-08-14,20696143.3528627,-0.021373757811831373
2007-08-15,20358650.348140553,-0.01630704807982819
2007-08-16,20212060.754458733,-0.007200359118855304
2007-08-17,20339459.358864415,0.006303098231959181
2007-08-20,20453831.95186957,0.005623187469597557
2007-08-21,20554136.900933456,0.004903968571752904
2007-08-22,20469444.25217022,-0.004120467289453034
2007-08-23,20464418.68125733,-0.0002455157478130632
2007-08-24,20636029.15966644,0.008385797861254929
2007-08-27,20616812.375256263,-0.0009312249106402382
2007-08-28,20219044.02875392,-0.019293397022894343
2007-08-29,20642036.137496382,0.020920480124624774
2007-08-30,20699095.115711167,0.0027642126888411944
2007-08-31,20934700.099737678,0.011382380858169894
2007-09-04,21038986.5563626,0.004981511850089992
2007-09-05,21024593.744626857,-0.0006841019503094348
2007-09-06,21202357.671311162,0.008455046924734866
2007-09-07,20990283.422956247,-0.010002389905999554
2007-09-10,20906442.15220666,-0.003994289598676537
2007-09-11,21219038.434017375,0.014952151089836274
2007-09-12,21126040.485291567,-0.004382759803890024
2007-09-13,21160190.551884677,0.0016164915814151914
2007-09-14,21224956.44213563,0.003060742297766428
2007-09-17,21149187.7033086,-0.003569794785378777
2007-09-18,21791772.119683824,0.030383408828259517
2007-09-19,21863642.730457515,0.0032980617812523594
2007-09-20,21913026.423827976,0.0022587129683411256
2007-09-21,22179303.376308158,0.012151537050611783
2007-09-24,22665748.730650585,0.021932400043819467
2007-09-25,22810937.553730845,0.006405648664229879
2007-09-26,22761623.082396157,-0.0021618783190532342
2007-09-27,23121752.936913732,0.015821800282603826
2007-09-28,22933632.25982558,-0.008136090615682434
2007-10-01,23136046.499631304,0.008826087272721717
2007-10-02,23112042.64057482,-0.0010375091118902668
2007-10-03,22554824.8823429,-0.024109412002108588
2007-10-04,22579478.765462033,0.0010930647100007018
2007-10-05,23041722.553870726,0.020471853810715368
2007-10-08,23081715.376016468,0.001735669807334972
2007-10-09,23473877.734846924,0.016990173929531283
2007-10-10,23825025.327407427,0.014959079046374502
2007-10-11,23390352.665338386,-0.018244373556615234
2007-10-12,23844531.439261157,0.019417354685541177
2007-10-15,24118112.463323403,0.0114735332400695
2007-10-16,23747285.74609069,-0.015375445230078832
2007-10-17,24034634.51275043,0.012100278311050428
2007-10-18,24151038.071300592,0.004843159087291715
2007-10-19,23276872.848195426,-0.036195761876751886
2007-10-22,23359187.710117787,0.0035363367948604285
2007-10-23,24246675.246913306,0.037993082114371246
2007-10-24,24082457.907123253,-0.006772777633129667
2007-10-25,24183482.035445724,0.004194925979402964
2007-10-26,24632516.44843502,0.0185678146898427
2007-10-29,25053377.0097886,0.01708556907836023
2007-10-30,24329923.48293196,-0.028876487452129784
2007-10-31,24914113.872995835,0.02401118895724008
2007-11-01,24375291.549350366,-0.021627191976090865
2007-11-02,24528078.763156738,0.006268118413970125
2007-11-05,24100480.39122207,-0.01743301528275243
2007-11-06,24758744.219442286,0.027313307350502747
2007-11-07,24310802.04625385,-0.018092281628592555
2007-11-08,24032515.747137766,-0.011447022545229668
2007-11-09,23304782.587750874,-0.030281189328818514
2007-11-12,22342714.98236889,-0.04128198157435947
2007-11-13,22593425.33264691,0.011221122879464751
2007-11-14,22526322.80762409,-0.002970002292032148
2007-11-15,22396602.00838411,-0.005758631816999316
2007-11-16,22514540.905914772,0.00526592817457372
2007-11-19,22221249.68043271,-0.013026746879169604
2007-11-20,22298055.66841111,0.0034564207271399194
2007-11-21,22099113.49303418,-0.008921951686521434
2007-11-23,22203825.99662617,0.004738312404476863
2007-11-26,22091785.786991045,-0.005045986653477996
2007-11-27,22131390.26966857,0.0017927243663953263
2007-11-28,22192056.946641024,0.0027412049687451923
2007-11-29,22262560.742416058,0.003176983365920316
2007-11-30,22240691.52696078,-0.0009823315344676953
2007-12-03,22297123.10613039,0.0025373122549361415
2007-12-04,22370613.575561646,0.0032959619535424256
2007-12-05,22486361.998592205,0.005174128221364649
2007-12-06,22439492.02376525,-0.0020843734006367187
2007-12-07,22649490.1899615,0.00935841889708744
2007-12-10,22729470.675462987,0.003531226744208693
2007-12-11,22082127.5655747,-0.028480342509124568
2007-12-12,22212023.623697743,0.0058824068349985215
2007-12-13,22251312.19533148,0.001768797490014462
2007-12-14,22279736.01146016,0.0012773995474586464
2007-12-17,21738014.83058232,-0.024314524220537925
2007-12-18,21833502.294284247,0.0043926487513288315
2007-12-19,21902848.26656894,0.003176126823356551
2007-12-20,21955238.65701739,0.0023919441805391184
2007-12-21,22160725.23722805,0.009359341677890765
2007-12-24,22302403.2643857,0.006393203545506765
2007-12-26,22501477.94634891,0.008926153814154514
2007-12-27,22303057.358721104,-0.008818113552403362
2007-12-28,22254748.232586496,-0.0021660315604988822
2007-12-31,22115417.29074676,-0.0062607287390347155
2008-01-02,22054258.20451761,-0.0027654502479018683
2008-01-03,22161475.9177952,0.0048615424868665436
2008-01-04,21770460.370893218,-0.017643930772137995
2008-01-07,21706836.46747489,-0.002922487734958179
2008-01-08,21581416.278816596,-0.0057779118963843246
2008-01-09,21662891.20585217,0.0037752354147186917
2008-01-10,21620445.5575699,-0.001959371345169436
2008-01-11,21543164.36258615,-0.00357444969290599
2008-01-14,21630480.24059515,0.004053066510537384
2008-01-15,21422103.53391691,-0.009633475741660513
2008-01-16,21242372.618118178,-0.008389975126120053
2008-01-17,21272529.94249811,0.0014196777790353998
2008-01-18,21293968.528088767,0.0010078061071536748
2008-01-22,21393313.358262748,0.00466539762388285
2008-01-23,21379325.65351695,-0.000653835360215349
2008-01-24,21313493.652233265,-0.003079236564828336
2008-01-25,21366844.977571256,0.0025031712870968725
2008-01-28,21368026.809925005,5.5311505043897924e-05
2008-01-29,21351058.125392113,-0.0007941156515682835
2008-01-30,21372874.051444873,0.0010217725943435507
2008-01-31,21387636.662104145,0.00069071715033453
2008-02-01,21394559.552983087,0.00032368657595571726
2008-02-04,21395131.60232355,2.673807511888171e-05
2008-02-05,21431447.192192975,0.0016973763258123498
2008-02-06,21448605.20178113,0.0008005996717947994
2008-02-07,21428176.734368954,-0.0009524380359465789
2008-02-08,21474211.40530975,0.0021483242140225567
2008-02-11,21484182.93949791,0.0004643492606062338
2008-02-12,21476339.29368607,-0.00036508932333756405
2008-02-13,21484628.70787423,0.00038597891730085543
2008-02-14,21471796.41949791,-0.0005972776421133696
2008-02-15,21445169.59693343,-0.0012400835982360192
2008-02-19,21448852.668557107,0.0001717436463737343
2008-02-20,21436717.181252163,-0.0005657872471068748
2008-02-21,21493897.69005021,0.0026674097677630293
2008-02-22,21472623.067452498,-0.000989798262953534
2008-02-25,21435376.965992622,-0.0017345855391245335
2008-02-26,21472587.002745267,0.0017359170688566739
2008-02-27,21505596.07005021,0.0015372655051169026
2008-02-28,21564503.424626864,0.0027391640010709928
2008-02-29,21637981.7496606,0.0034073738489068806
2008-03-03,21646794.351578925,0.00040727467193013567
2008-03-04,21626068.39288596,-0.0009574608764855164
2008-03-05,21633051.23613692,0.00032289009375641164
2008-03-06,21685913.099815637,0.0024435694762472426
2008-03-07,21672827.842429698,-0.0006033989588407618
2008-03-10,21693534.116564672,0.0009554025107161301
2008-03-11,21589972.46397911,-0.004773848835745276
2008-03-12,21664936.566350795,0.003472172208498936
2008-03-13,21665155.34896486,1.0098465480945507e-05
2008-03-14,21730174.352643576,0.0030010864280196614
2008-03-17,21780955.90024339,0.0023369139508830905
2008-03-18,21685913.099815637,-0.004363573429148282
2008-03-19,21681845.569350608,-0.00018756556139953862
2008-03-20,21633059.76928577,-0.002250075986787947
2008-03-24,21547852.234809194,-0.003938764806518558
2008-03-25,21563271.091504455,0.0007155635061555365
2008-03-26,21609527.66159025,0.0021451555234595077
2008-03-27,21632655.946650315,0.001070281841522025
2008-03-28,21642935.184447158,0.0004751722498703703
2008-03-31,21646841.294812705,0.00018047969613443904
2008-04-01,21569927.15496406,-0.0035531345567298978
2008-04-02,21551900.711547874,-0.0008357211077570925
2008-04-03,21536449.47430948,-0.0007169315340299631
2008-04-04,21575077.56735397,0.0017936147316468531
2008-04-07,21533874.268131692,-0.0019097636656763006
2008-04-08,21546750.299123634,0.0005979430747860004
2008-04-09,21587953.59838024,0.0019122744118997836
2008-04-10,21580227.979778208,-0.0003578671117123733
2008-04-11,21616280.866610583,0.001670644391067455
2008-04-14,21603404.835584305,-0.0005956635697755841
2008-04-15,21575077.56735397,-0.001311240910676914
2008-04-16,21528208.814465027,-0.0021723561708006933
2008-04-17,21490095.762662966,-0.0017703772817575514
2008-04-18,21477219.731671024,-0.0005991611733211499
2008-04-21,21456875.602646764,-0.0009472422072518416
2008-04-22,21464343.700644754,0.00034805151207883966
2008-04-23,21464343.700644754,0.0
2008-04-24,21405113.95797196,-0.00275944811072959
2008-04-25,21407689.16418408,0.0001203079888840719
2008-04-28,21430866.019990172,0.0010826416447071718
2008-04-29,21426230.64884269,-0.00021629415923551942
2008-04-30,21466918.906856876,0.001898992813109901
2008-05-01,21428679.66992381,-0.001781309982069823
2008-05-02,21400297.312767886,-0.0013245033101950687
2008-05-05,21423519.241362493,0.0010851217744882735
2008-05-06,21436420.312800124,0.0006021919784646723
2008-05-07,21462222.455709722,0.0012036591246622486
2008-05-08,21480283.955708675,0.0008415484480335245
2008-05-09,21488024.598584987,0.0003603603607975625
2008-05-12,21446766.97210162,-0.001920028818567232
2008-05-13,21410618.169924863,-0.0016855128898347616
2008-05-14,21395136.88417224,-0.0007230657998642531
2008-05-15,21413198.384205524,0.0008441871688442681
2008-05-16,21398054.398102794,-0.0007072267220902262
2008-05-19,21455500.05180172,0.00268462041595785
2008-05-20,21488743.07774802,0.0015493941351187868
2008-05-21,21419534.310025778,-0.0032206987384901797
2008-05-22,21302285.890255284,-0.005473901443114659
2008-05-23,21300400.830335267,-8.84909689846669e-05
2008-05-27,21261350.653531536,-0.0018333071342073737
2008-05-28,21346941.125412308,0.004025636624668261
2008-05-29,21272711.52081956,-0.00347729466983826
2008-05-30,21278416.912060443,0.0002682023509461562
2008-06-02,21266210.512190066,-0.0005736516922675294
2008-06-03,21149451.078647185,-0.005490373260245596
2008-06-04,21109378.20315655,-0.0018947477805272284
2008-06-05,21311347.95343571,0.00956777354289673
2008-06-06,21230579.656331073,-0.0037899196841566507
2008-06-09,21191987.96262366,-0.0018177409346383788
2008-06-10,21096879.500288818,-0.004487944335500038
2008-06-11,21091290.397322107,-0.0002649255766301595
2008-06-12,21064931.24020911,-0.0012497650270058003
2008-06-13,21166607.82005055,0.004826817551977447
2008-06-16,21139609.77893725,-0.0012755015514448464
2008-06-17,21159115.425176658,0.0009227060690042421
2008-06-18,21168073.551777113,0.00042336961732325484
2008-06-19,21240124.93165358,0.0034037759600669126
2008-06-20,21184573.660173252,-0.002615392878294376
2008-06-23,21190186.429513093,0.0002649460607457854
2008-06-24,21171442.232853856,-0.0008845696908608147
2008-06-25,21221316.67447041,0.0023557413362778057
2008-06-26,21244931.651995283,0.0011127951147951176
2008-06-27,21306535.30095317,0.0028996868508210927
2008-06-30,21409320.08793941,0.00482409671654338
2008-07-01,21375550.114353508,-0.0015773491847098642
2008-07-02,21287697.166040007,-0.004109973677566714
2008-07-03,21275072.516768277,-0.0005930490824470613
2008-07-07,21296328.38850869,0.0009990974988995927
2008-07-08,21236565.758642662,-0.002806240999658649
2008-07-09,21286183.219003133,0.002336416392574092
2008-07-10,21319547.4995387,0.0015674148903210838
2008-07-11,21271041.02126026,-0.0022752114358660647
2008-07-14,21303766.043499578,0.001538477698698859
2008-07-15,21260118.80162853,-0.002048804036897778
2008-07-16,21201076.90384539,-0.0027771198427460897
2008-07-17,21129034.150968757,-0.0033980704472406087
2008-07-18,21066865.614673626,-0.0029423274083865136
2008-07-21,21077056.38290212,0.0004837344299284396
2008-07-22,21059222.53851911,-0.0008461259513200536
2008-07-23,21049006.293344922,-0.000485119769046638
2008-07-24,21107628.6875876,0.0027850433139551267
2008-07-25,21079604.07494238,-0.001327700665006537
2008-07-28,21122914.839930337,0.0020546289595373413
2008-07-29,21105080.99551361,-0.0008442889890846184
2008-07-30,21110685.918035913,0.0002655721872610872
2008-07-31,21153487.1445821,0.0020274673552704847
2008-08-01,21157453.391585454,0.00018749849498789217
2008-08-04,21154897.526228204,-0.00012080212632137322
2008-08-05,21144674.06483292,-0.00048326688335931234
2008-08-06,21147229.930190172,0.00012087513618874723
2008-08-07,21193235.506519537,0.002175489484024018
2008-08-08,21174833.27598779,-0.0008683068012945716
2008-08-11,21147229.93019017,-0.0013035921198455425
2008-08-12,21185567.9104815,0.0018129079041506735
2008-08-13,21183012.045124248,-0.00012064181465676338
2008-08-14,21190679.641162284,0.0003619691109886247
2008-08-15,21206014.833305795,0.0007236762767024452
2008-08-18,21223905.890772842,0.0008436784378245132
2008-08-19,21239241.08288263,0.0007225433522326519
2008-08-20,21267355.601744957,0.0013237063769186985
2008-08-21,21249464.544277918,-0.0008412450424993834
2008-08-22,21211152.12263476,-0.001802982920502516
2008-08-25,21246908.678954385,0.0016857432407675343
2008-08-26,21239241.08288263,-0.00036088054914773515
2008-08-27,21252020.409635168,0.0006016847166367967
2008-08-28,21241796.94823988,-0.0004810583275485225
2008-08-29,21252020.409635168,0.00048128985604178887
2008-09-02,21278911.435772866,0.0012653397474391426
2008-09-03,21286600.755736254,0.0003613587089075221
2008-09-04,21299416.288997322,0.0006020469594054667
2008-09-05,21291726.969033938,-0.0003610108304872295
2008-09-08,21281474.542438574,-0.00048152160744285855
2008-09-09,21314794.92892409,0.0015656991445338608
2008-09-10,21319921.142221775,0.00024050024008093196
2008-09-11,21312231.82225839,-0.0003606636212249992
2008-09-12,21314282.307604436,9.621166676243575e-05
2008-09-15,21466018.22145863,0.007118978329383241
2008-09-16,21427571.621675428,-0.0017910447753541892
2008-09-17,21530095.887797687,0.00478468899474116
2008-09-18,21460892.00816095,-0.0032142857141643777
2008-09-19,21340425.995446224,-0.005613280783898222
2008-09-22,21355804.635372993,0.0007206341583831932
2008-09-23,21371183.27529976,0.000720115218758588
2008-09-24,21417319.195046347,0.002158791076388722
2008-09-25,21378872.595263146,-0.0017951172802286308
2008-09-26,21378872.595263146,0.0
2008-09-29,21501901.714609846,0.005754705670212079
2008-09-30,21417319.195046343,-0.003933722732349376
2008-10-01,21483959.968051095,0.0031115366212670637
2008-10-02,21530250.520996165,0.0021546564513204025
2008-10-03,21589399.560892902,0.002747252747433482
2008-10-06,21633118.416474618,0.0020250148902198895
2008-10-07,21637490.3020193,0.0002020922485845844
2008-10-08,21544652.026379336,-0.004290621247848736
2008-10-09,21558539.19226286,0.0006445760120199484
2008-10-10,21591971.25828998,0.0015507574854201067
2008-10-13,21496818.45496905,-0.004406860410412938
2008-10-14,21501961.8497632,0.0002392630707155341
2008-10-15,21572940.697612308,0.0033010405443487656
2008-10-16,21561110.889659937,-0.0005483632536791294
2008-10-17,21576541.073974956,0.0007156488547359618
2008-10-20,21561085.17266472,-0.0007163289638151271
2008-10-21,21604829.745207928,0.00202886692357529
2008-10-22,21635690.11387169,0.0014284013818997021
2008-10-23,21622780.192963317,-0.0005966955914245009
2008-10-24,21640833.508632123,0.0008349211113325428
2008-10-27,21586827.863495823,-0.002495543672786815
2008-10-28,21612416.25252424,0.0011853705041902085
2008-10-29,21625403.3243171,0.0006009079059516864
2008-10-30,21643405.2060292,0.0008324414320566298
2008-10-31,21653691.995550074,0.0004752851699143523
2008-11-03,21693244.70138022,0.0018266033265030845
2008-11-04,21686325.730781008,-0.00031894586054115326
2008-11-05,21725051.31244974,0.0017857142860195907
2008-11-06,21732796.42877,0.0003565062382993034
2008-11-07,21694070.847101264,-0.0017818959375826005
2008-11-10,21761195.1886559,0.0030941330480447338
2008-11-11,21776685.42133014,0.0007118282125566644
2008-11-12,21809834.51921322,0.0015222288076315316
2008-11-13,21756031.777764488,-0.002466902781923186
2008-11-14,21750868.366873074,-0.0002373323841479147
2008-11-17,21789593.948541805,0.0017804154305725017
2008-11-18,21812829.2975363,0.0010663507107735448
2008-11-19,21843809.762884773,0.0014202864252907954
2008-11-20,21885117.049982354,0.001891029428747748
2008-11-21,21845865.5080329,-0.001793526708576021
2008-11-24,21777315.01729391,-0.003137915992103002
2008-11-25,21826034.689219452,0.0022371753306984488
2008-11-26,21891284.01506631,0.0029895181042247643
2008-11-28,21917205.15974821,0.0011840851666837793
2008-12-01,21994065.814181287,0.003506863848417696
2008-12-02,21995968.0241918,8.64874201333965e-05
2008-12-03,22016583.982964683,0.0009372608084450285
2008-12-04,22044555.382364076,0.0012704695433694013
2008-12-05,22000616.403658055,-0.0019931896082228118
2008-12-08,21968539.089576032,-0.001458018879720524
2008-12-09,22055672.706406698,0.003966290906981973
2008-12-10,22025737.39433643,-0.0013572613480782314
2008-12-11,22077287.597362787,0.0023404529938513274
2008-12-12,22087720.823293153,0.00047257734376815463
2008-12-15,22115490.614871275,0.0012572502070398173
2008-12-16,22155181.523522,0.0017947107456000033
2008-12-17,22144455.521939747,-0.00048413061165242244
2008-12-18,22180959.785495367,0.0016484606505431376
2008-12-19,22162655.333064307,-0.0008252326593654047
2008-12-22,22113299.847725652,-0.0022269662455572936
2008-12-23,22116521.63667057,0.0001456946257276659
2008-12-24,22118681.210540492,9.7645276476932e-05
2008-12-26,22147536.735675797,0.0013045771065931522
2008-12-29,22191823.335937336,0.001999617419764954
2008-12-30,22223843.343058616,0.0014428740999135048
2008-12-31,22186290.118431404,-0.0016897718386293947
2009-01-02,22043640.871007703,-0.006429612461670398
2009-01-05,22053665.04993284,0.00045474243496324007
2009-01-06,22051421.65066888,-0.00010172455502888145
2009-01-07,22031510.587946694,-0.0009029378258513798
2009-01-08,22036733.80049966,0.00023707918402204875
2009-01-09,22052403.438192405,0.0007110689739506793
2009-01-12,22057626.650745366,0.00023685457086797257
2009-01-13,22060238.25703878,0.00011839924279999359
2009-01-14,22086354.319837455,0.0011838522546483432
2009-01-15,22062849.863332193,-0.0010642071645183826
2009-01-16,22073296.288438115,0.0004734848476344311
2009-01-20,22083742.713577904,0.0004732607673672007
2009-01-21,22049791.831932854,-0.0015373699143930164
2009-01-22,22060238.25703878,0.0004737652484680943
2009-01-23,22055015.04448582,-0.00023677045062264757
2009-01-26,22026287.375393733,-0.0013025458851032568
2009-01-27,22049791.831932858,0.0010671093198113546
2009-01-28,22041957.01308648,-0.000355323937119123
2009-01-29,22000171.312561195,-0.0018957345983605656
2009-01-30,22013229.343994394,0.0005935422614524732
2009-02-02,22033469.292649828,0.0009194447729203858
2009-02-03,22009926.466625616,-0.0010685029085304443
2009-02-04,21973304.292825237,-0.001663893509862957
2009-02-05,21978536.03191539,0.0002380952368579159
2009-02-06,21965456.684139214,-0.0005950964048370144
2009-02-09,21957609.075453192,-0.00035727045418953995
2009-02-10,22007310.597063612,0.0022635215628272753
2009-02-11,22002078.857973456,-0.0002377273255212975
2009-02-12,22028237.553559672,0.0011889192723593123
2009-02-13,21986383.640601415,-0.0019000118759611162
2009-02-17,22043932.770897854,0.0026174895897916883
2009-02-18,22007310.597063612,-0.0016613266886110756
2009-02-19,21999462.988411453,-0.00035659098905105324
2009-02-20,22017774.075311642,0.0008323424489877773
2009-02-23,22026839.04086643,0.00041171126217309784
2009-02-24,21977770.80899207,-0.002227656532257094
2009-02-25,21920020.31060681,-0.0026276777061315926
2009-02-26,21928901.56721117,0.0004051664404736144
2009-02-27,21954836.278904717,0.001182672630184456
2009-03-02,22004295.40668516,0.002252766868863665
2009-03-03,21985978.119510446,-0.0008324414318282569
2009-03-04,21962427.32173854,-0.0010711735290506175
2009-03-05,21988594.874825947,0.0011914690805376882
2009-03-06,21972475.662113555,-0.0007330715220391637
2009-03-09,21951960.30047652,-0.0009336845766727553
2009-03-10,21938876.52393282,-0.0005960185953606256
2009-03-11,21949343.545161016,0.00047709923599681403
2009-03-12,21957193.81110753,0.0003576537918030809
2009-03-13,21975511.098282248,0.0008342271481636132
2009-03-16,21946726.789879333,-0.0013098356745461226
2009-03-17,21941493.279248323,-0.00023846429042084782
2009-03-18,22025229.44917538,0.0038163386995293536
2009-03-19,21999061.89608797,-0.0011880717586980616
2009-03-20,22025229.44917538,0.0011894849521771889
2009-03-23,22006912.162000664,-0.0008316502317029517
2009-03-24,21978127.853597753,-0.001307966705688668
2009-03-25,21972894.342966743,-0.0002381235865890341
2009-03-26,22001678.65140348,0.0013099916646142074
2009-03-27,22012145.672631674,0.00047573739231610013
2009-03-30,22033079.7151219,0.0009510223492774639
2009-03-31,22064480.77884032,0.0014251781468783697
2009-04-01,22059554.21360578,-0.0002232803610435763
2009-04-02,22022858.18711769,-0.0016634980985000825
2009-04-03,21973056.436862107,-0.0022613663418453722
2009-04-06,21988783.305376332,0.0007157342247499088
2009-04-07,21996646.739616536,0.0003576111570611218
2009-04-08,21996646.739616536,0.0
2009-04-09,21970435.29211538,-0.0011916110583323203
2009-04-13,22012373.608130757,0.0019088523034602733
2009-04-14,22030721.62135789,0.0008335317923351404
2009-04-15,22041206.200378645,0.0004759071990900754
2009-04-16,22009752.46338402,-0.0014270424544226001
2009-04-17,21986162.160629597,-0.0010718113615166835
2009-04-20,22007131.318637285,0.0009537434434663261
2009-04-21,22009752.463384025,0.00011910433526240993
2009-04-22,22009752.463384025,0.0
2009-04-23,21994025.5948698,-0.0007145409081900089
2009-04-24,21994025.5948698,0.0
2009-04-27,22020237.042370953,0.001191753068945589
2009-04-28,21999267.88436326,-0.0009522675876442177
2009-04-29,22009752.46338402,0.0004765876335464103
2009-04-30,22028100.476611156,0.0008336310577621298
2009-05-01,22011534.84179421,-0.0007520228462065681
2009-05-04,22006282.11902619,-0.00023863500686227557
2009-05-05,22001029.396224342,-0.00023869196865866638
2009-05-06,22014161.20321205,0.0005968723895237726
2009-05-07,21982644.866468612,-0.0014316392277002876
2009-05-08,21998403.03484033,0.000716845878530048
2009-05-11,22035172.094351787,0.0016714422157473319
2009-05-12,22032545.73296777,-0.00011918951087697138
2009-05-13,22043051.178537644,0.0004768148763740765
2009-05-14,22050930.2627235,0.00035744072460941467
2009-05-15,22048303.901305668,-0.00011910433648565366
2009-05-18,22027293.01016593,-0.0009529481829436692
2009-05-19,22040424.817119807,0.000596160724235073
2009-05-20,22069314.792479225,0.0013107721651979265
2009-05-21,22040950.089410137,-0.0012852552666815509
2009-05-22,22045677.539921653,0.0002144848789338294
2009-05-26,22016787.564596053,-0.0013104598519725341
2009-05-27,22011534.841794204,-0.0002385780753181299
2009-05-28,22008908.480410196,-0.00011931750343108227
2009-05-29,22040424.817119803,0.0014319809061706934
2009-06-01,21996620.471659627,-0.0019874546803722026
2009-06-02,22027778.264093436,0.0014164808850500865
2009-06-03,21974795.246812437,-0.0024052819419998483
2009-06-04,22029937.372676384,0.0025093351380347517
2009-06-05,21784947.136379592,-0.011120786779932113
2009-06-08,21737608.905759435,-0.002172978907123646
2009-06-09,21804562.03967262,0.0030800597344193825
2009-06-10,21802255.200117413,-0.0001057961884769476
2009-06-11,21804902.822791032,0.00012143801865072135
2009-06-12,21828443.07188391,0.001079585141203765
2009-06-15,21844197.73746953,0.0007217493952151877
2009-06-16,21867790.414744843,0.0010800432022661788
2009-06-17,21891383.09202015,0.0010788779674510973
2009-06-18,21854683.371832833,-0.0016764459345968152
2009-06-19,21868288.48237684,0.0006225260880028394
2009-06-22,21896625.909184955,0.0012958227998021155
2009-06-23,21896625.909184955,0.0
2009-06-24,21894004.500602555,-0.00011971746666694649
2009-06-25,21906781.71960263,0.0005835944264889203
2009-06-26,21895282.479485586,-0.0005249169076603222
2009-06-29,21908663.136913482,0.0006111205662877595
2009-06-30,21893298.517400965,-0.0007013033801515078
2009-07-01,21916742.856722843,0.0010708454600043549
2009-07-02,21883383.140078843,-0.0015221110573813146
2009-07-06,21867033.08201057,-0.0007471448981911655
2009-07-07,21838995.62189296,-0.0012821794347893656
2009-07-08,21891338.461451557,0.002396760385176666
2009-07-09,21877987.66939518,-0.0006098664126858999
2009-07-10,21898853.65665713,0.0009537434419135682
2009-07-13,21885812.414614227,-0.0005955216764936822
2009-07-14,21870162.924142644,-0.0007150518415817153
2009-07-15,21817997.95593752,-0.0023852116870852758
2009-07-16,21878568.30131988,0.00277616422481497
2009-07-17,21885840.41645798,0.0003323853296957058
2009-07-20,21961153.39458418,0.003441173685501342
2009-07-21,21957937.662423108,-0.00014642819998078593
2009-07-22,21907110.58634169,-0.0023147472619160503
2009-07-23,22044810.095032234,0.00628560796038502
2009-07-24,22155241.598574974,0.005009410517336388
2009-07-27,22103478.53716016,-0.0023363799119276996
2009-07-28,22109221.521355588,0.00025982264220414386
2009-07-29,21909139.41268174,-0.009049712966175072
2009-07-30,22157547.479352165,0.011338102423440688
2009-07-31,22244430.654644407,0.003921154873895993
2009-08-03,22790520.104860898,0.024549491002705093
2009-08-04,22844887.642970063,0.002385533013683494
2009-08-05,22686861.863476157,-0.006917336690974496
2009-08-06,22498911.85970708,-0.00828453070768942
2009-08-07,22933647.23546967,0.019322506727142974
2009-08-10,22684512.98418632,-0.010863263427983272
2009-08-11,22564864.028405312,-0.005274477607891237
2009-08-12,22909223.70768259,0.01526087987252156
2009-08-13,23164315.714079387,0.01113490398678385
2009-08-14,22652436.146955468,-0.022097763363361334
2009-08-17,21900428.61379292,-0.03319764498105071
2009-08-18,22299835.392919816,0.018237395540074086
2009-08-19,22471521.329815324,0.007698977766894988
2009-08-20,22716964.607745238,0.010922414834649397
2009-08-21,23098715.268955518,0.016804650964685752
2009-08-24,22918642.318064727,-0.00779579941109565
2009-08-25,23020257.39625939,0.004433730270076541
2009-08-26,22953473.138181556,-0.0029011082251706455
2009-08-27,23087803.14325525,0.0058522736086612515
2009-08-28,23162676.279355027,0.0032429736010484156
2009-08-31,22823032.17532619,-0.014663422306323115
2009-09-01,22176715.668864153,-0.028318608215466057
2009-09-02,22065209.66331852,-0.0050280666989019895
2009-09-03,22237709.26410391,0.007817718635692694
2009-09-04,22583699.0846749,0.01555869880579297
2009-09-08,22870452.684868816,0.012697370750414771
2009-09-09,23143496.31029309,0.011938706644181174
2009-09-10,23412643.02032443,0.011629474925603178
2009-09-11,23408040.840200324,-0.00019656815849933285
2009-09-14,23529175.637840662,0.00517492251774887
2009-09-15,23774270.62094746,0.010416641317115616
2009-09-16,24101968.655436087,0.013783726100934146
2009-09-17,23901746.634665743,-0.00830728906973277
2009-09-18,23930187.177594308,0.0011898939170962297
2009-09-21,23810743.682593517,-0.004991331413931599
2009-09-22,23946917.93957293,0.0057190257807429035
2009-09-23,23634744.806417346,-0.01303604638990763
2009-09-24,23199532.962080687,-0.018414069959346024
2009-09-25,22891719.447521433,-0.013268091002623716
2009-09-28,23247139.961879607,0.015526160678885015
2009-09-29,23099609.618604768,-0.006346171766365982
2009-09-30,23247943.32724834,0.006421481189192946
2009-10-01,22678691.485413406,-0.024486116204856967
2009-10-02,22502075.951679505,-0.0077877303391818975
2009-10-05,22907913.728592694,0.018035570486237607
2009-10-06,23129479.78895641,0.009672031376963375
2009-10-07,23103083.757001843,-0.0011412289509066254
2009-10-08,23450205.037801895,0.015024889510468542
2009-10-09,23686387.505087573,0.01007165894306472
2009-10-12,23810259.590336893,0.0052296740152002474
2009-10-13,23692448.739731424,-0.004947902821407335
2009-10-14,24081801.01857065,0.016433602246706425
2009-10-15,24021187.642576836,-0.0025169785244497644
2009-10-16,23781891.24314617,-0.009961888770500305
2009-10-19,24194019.350355614,0.017329492553634473
2009-10-20,23979047.47369609,-0.008885331269124719
2009-10-21,23936892.07992152,-0.0017580095214712044
2009-10-22,24165154.15449885,0.009535994640206269
2009-10-23,23956111.869460303,-0.008650566998333331
2009-10-26,23607760.98511647,-0.014541211288461087
2009-10-27,23008154.51883726,-0.025398701158370507
2009-10-28,22534699.318662964,-0.020577712992437824
2009-10-29,22740696.17092045,0.009141317988959452
2009-10-30,22461504.865391377,-0.012277166161961506
2009-11-02,22528829.75555066,0.0029973454834282265
2009-11-03,22527212.383388676,-7.179121949674183e-05
2009-11-04,22546551.047254313,0.0008584579190942243
2009-11-05,22850720.31067067,0.013490722495820506
2009-11-06,22969856.228687856,0.0052136613812368005
2009-11-09,23238452.31406593,0.01169341604509544
2009-11-10,23270108.669734236,0.0013622402748889595
2009-11-11,23354318.179641232,0.0036187845575694766
2009-11-12,23157970.60169752,-0.008407335056130005
2009-11-13,23428440.56365212,0.011679346459433582
2009-11-16,23708279.748626534,0.011944422174157365
2009-11-17,23751335.076984696,0.001816046073973565
2009-11-18,23559093.74091044,-0.008093917055657984
2009-11-19,23300633.73205767,-0.010970710999971822
2009-11-20,23192913.372171033,-0.004623065669601578
2009-11-23,23526864.091571033,0.014398825798258796
2009-11-24,23437731.946813446,-0.0037885263590875518
2009-11-25,23665570.672985423,0.009721022780233346
2009-11-27,23221124.093314983,-0.018780302651977943
2009-11-30,23264963.422859423,0.0018879072937325603
2009-12-01,23768132.47450984,0.021627760272170393
2009-12-02,23978425.189390976,0.008847675142616529
2009-12-03,23717083.409768753,-0.010899038513081827
2009-12-04,23776139.982745536,0.002490043651508067
2009-12-07,23659636.535454214,-0.0049000151990974405
2009-12-08,23416597.33966743,-0.010272313161809876
2009-12-09,23522331.15008758,0.004515336232947975
2009-12-10,23609675.130792078,0.003713236589825586
2009-12-11,23618004.712686244,0.00035280374880319876
2009-12-14,23787544.683155935,0.007178420553816789
2009-12-15,23691333.089630265,-0.004044620611634575
2009-12-16,23952384.28934529,0.011018848062597453
2009-12-17,23484913.423928816,-0.019516673570756704
2009-12-18,23567208.695595685,0.003504176071733811
2009-12-21,23723574.837123852,0.00663490290886215
2009-12-22,23954266.764300715,0.009724163780572503
2009-12-23,24175909.819127265,0.009252758892911217
2009-12-24,24307866.751565795,0.005458199233276728
2009-12-28,24218677.939669233,-0.00366913365159105
2009-12-29,24102849.691996623,-0.004782599940473586
2009-12-30,24170459.40971483,0.002805050796157671
2009-12-31,23895827.195625037,-0.011362308404423982
2010-01-04,24329677.438849445,0.018155899759094263
2010-01-05,24466228.35027511,0.005612524529717833
2010-01-06,24505229.068362348,0.0015940633565940665
2010-01-07,24452170.173159186,-0.0021652070688726877
2010-01-08,24562404.56225361,0.00450816382815078
2010-01-11,24629058.924537174,0.002713674148417722
2010-01-12,24337350.042151324,-0.011844093730078664
2010-01-13,24512453.10890926,0.007194828790096919
2010-01-14,24572182.083964925,0.002436678809349946
2010-01-15,24158204.434615828,-0.016847410943582664
2010-01-19,24481751.053371456,0.013392825598082192
2010-01-20,24116537.253099106,-0.01491779732079479
2010-01-21,24009100.528831102,-0.004454898443357447
2010-01-22,23551233.84369153,-0.01907054721145196
2010-01-25,23609456.387547866,0.002472165332939813
2010-01-26,23566195.96131413,-0.0018323347019777447
2010-01-27,23632354.973017417,0.002807369157580286
2010-01-28,23507364.813368976,-0.005288942206189362
2010-01-29,23165049.04135745,-0.014562064898777871
2010-02-01,23313341.12054871,0.006401543934852372
2010-02-02,23432041.752356645,0.005091532406022559
2010-02-03,23278884.58377476,-0.006536228050484816
2010-02-04,22662944.01346224,-0.0264591960192897
2010-02-05,22571983.678321388,-0.004013615136975179
2010-02-08,22520931.302193955,-0.0022617585080244584
2010-02-09,22631574.9534867,0.004912925216461472
2010-02-10,22578079.297936596,-0.0023637619414490496
2010-02-11,22719468.185096603,0.006262219442772832
2010-02-12,22761956.120374154,0.0018701113481793818
2010-02-16,22910089.961571828,0.006507957418698362
2010-02-17,22936650.11328886,0.0011593211445954932
2010-02-18,23020175.454919048,0.0036415667160478726
2010-02-19,23095677.065363128,0.0032798016936028684
2010-02-22,23137633.997697476,0.0018166573863847013
2010-02-23,22880497.595630478,-0.011113340374067082
2010-02-24,22974352.54264494,0.004101962670269188
2010-02-25,22989129.660285212,0.0006432006130681067
2010-02-26,23268823.682006087,0.012166359747148636
2010-03-01,23747410.001242712,0.020567705775634826
2010-03-02,23933719.10336837,0.00784544934019804
2010-03-03,23824750.089295372,-0.004552949485300162
2010-03-04,23884129.80762862,0.0024923543000741066
2010-03-05,24037088.64790122,0.006404204026045024
2010-03-08,24100781.880316995,0.0026497898039468115
2010-03-09,24182543.694860123,0.0033924963492533156
2010-03-10,24417363.510750953,0.009710302557656147
2010-03-11,24506374.334909007,0.0036453904664548453
2010-03-12,24428775.435875766,-0.0031664781567749545
2010-03-15,24463755.945224736,0.001431938716731418
2010-03-16,24680076.181989543,0.008842478532288922
2010-03-17,24698242.612292454,0.0007360767515041111
2010-03-18,24634312.20842043,-0.002588459627496209
2010-03-19,24440558.837632373,-0.007865182885919086
2010-03-22,24842785.386021204,0.016457338437347868
2010-03-23,25089056.49554476,0.009913184278528275
2010-03-24,25085652.161212802,-0.00013569001020674598
2010-03-25,24960229.497366015,-0.0049997768860367
2010-03-26,25117000.60314943,0.006280835911382843
2010-03-29,25379273.862576906,0.010442061278391312
2010-03-30,25343530.994532302,-0.0014083487273175432
2010-03-31,25215386.39631492,-0.005056304042441062
2010-04-01,25414156.69357694,0.007882897138196121
2010-04-05,25681529.717285868,0.010520633319952122
2010-04-06,25710739.832506347,0.0011373977929678425
2010-04-07,25534871.77421888,-0.006840256617785645
2010-04-08,25737464.360246133,0.007933957445276807
2010-04-09,25940910.13758822,0.007904655038836195
2010-04-12,26088320.421750408,0.00568254095096643
2010-04-13,26159106.654712114,0.002713330402929648
2010-04-14,26494875.86968418,0.01283565296797251
2010-04-15,26624819.899483427,0.004904496644497769
2010-04-16,26180581.81448497,-0.016685111361338323
2010-04-19,25898543.107363842,-0.01077282044836303
2010-04-20,26178518.716471396,0.010810477174213906
2010-04-21,26138276.30032977,-0.001537230451328253
2010-04-22,26528311.22570366,0.014921983412080175
2010-04-23,26800952.35270084,0.01027736461162343
2010-04-26,26891446.313860007,0.003376520355256929
2010-04-27,25999467.998191684,-0.03316959248891682
2010-04-28,26123934.062684294,0.004787254281559461
2010-04-29,26846792.128384396,0.027670337245745857
2010-04-30,26517175.000557665,-0.012277709986744934
2010-05-03,27012585.51713825,0.018682628016376768
2010-05-04,26113116.489535782,-0.03329814641518847
2010-05-05,25849917.639603637,-0.010079181856275765
2010-05-06,25150410.45393632,-0.027060325507406224
2010-05-07,24821230.051070813,-0.013088470403630592
2010-05-10,25172391.851866174,0.014147638939441265
2010-05-11,25176907.305843677,0.0001793812047767851
2010-05-12,25498461.56728396,0.012771793514354535
2010-05-13,25246957.039940923,-0.00986351771377969
2010-05-14,24964540.65438951,-0.011186155428736466
2010-05-17,24888526.353413634,-0.0030448908324901547
2010-05-18,24642490.029321466,-0.009885532015776577
2010-05-19,24436266.893664833,-0.008368599740174454
2010-05-20,23848262.353922367,-0.02406278104185
2010-05-21,23889700.975029204,0.0017375949866644813
2010-05-24,23845141.911913164,-0.001865199701018283
2010-05-25,23748509.085162625,-0.004052516319991373
2010-05-26,23682809.361149553,-0.0027664778356178976
2010-05-27,23848450.689101283,0.0069941587345399014
2010-05-28,23877465.61951168,0.0012166379606226574
2010-06-01,23847291.70571573,-0.001263698345409403
2010-06-02,23954691.299752828,0.004503639044737051
2010-06-03,23940532.633354034,-0.0005910602738152804
2010-06-04,23696300.14598303,-0.010201631313362713
2010-06-07,23523215.629388947,-0.0073042844464232815
2010-06-08,23579832.141597018,0.002406835574696453
2010-06-09,23537134.84772517,-0.0018107547846587524
2010-06-10,23807490.22156665,0.011486333217299416
2010-06-11,23915598.004778862,0.004540914737592994
2010-06-14,23915385.884648215,-8.869530697230843e-06
2010-06-15,24078791.639424235,0.0068326622687244765
2010-06-16,24100102.37839137,0.0008850418777761604
2010-06-17,24053472.95786127,-0.001934822508136258
2010-06-18,24035118.734609447,-0.0007630591758611693
2010-06-21,24105065.91920816,0.0029102075746350042
2010-06-22,23844612.08345806,-0.010804941858406636
2010-06-23,23842231.787632935,-9.98253113446701e-05
2010-06-24,23517572.499037117,-0.013616983992422171
2010-06-25,23637053.883810386,0.005080515209559211
2010-06-28,23581568.17662697,-0.0023474036762856088
2010-06-29,23118953.159845077,-0.019617652792082607
2010-06-30,23110773.28151359,-0.00035381698621606006
2010-07-01,23120044.80816345,0.0004011776904615516
2010-07-02,23090606.45190213,-0.0012732828377099992
2010-07-06,23097745.826923233,0.00030918958477665903
2010-07-07,23196898.112448115,0.004292725630797634
2010-07-08,23193415.594286665,-0.0001501286139451441
2010-07-09,23150844.223707695,-0.001835493802364252
2010-07-12,23141808.604115527,-0.0003902933087388538
2010-07-13,23203001.0933261,0.0026442397073360713
2010-07-14,23244219.8804143,0.0017764420611976472
2010-07-15,23263613.10474687,0.0008343245947743938
2010-07-16,23234679.60201274,-0.0012437235180905448
2010-07-19,23212261.04551389,-0.0009648747855729445
2010-07-20,23246617.682012744,0.0014801072774206503
2010-07-21,23239758.530645683,-0.0002950601872877545
2010-07-22,23258772.134146832,0.0008181497874031329
2010-07-23,23333111.867913898,0.0031962019894389293
2010-07-26,23379447.289047245,0.001985822611044963
2010-07-27,23360088.22147299,-0.0008280378631245755
2010-07-28,23361595.92752788,6.454196750427244e-05
2010-07-29,23314426.353277538,-0.0020191075300107775
2010-07-30,23354951.28708075,0.001738191332231187
2010-08-02,23520674.15250518,0.007095834343105789
2010-08-03,23509663.71802353,-0.0004681173001360728
2010-08-04,23557401.502898946,0.0020305600900116794
2010-08-05,23654883.431686364,0.004138059487393875
2010-08-06,23680215.856269654,0.0010709173290346374
2010-08-09,23703414.772108965,0.0009796750156383371
2010-08-10,23714115.571238734,0.00045144546609221514
2010-08-11,23416858.721982826,-0.012535017313335173
2010-08-12,23436718.35859964,0.0008480914051112176
2010-08-13,23414667.487143952,-0.0009408685601069999
2010-08-16,23472773.448218595,0.0024816052205971495
2010-08-17,23578261.822602734,0.004494073724046643
2010-08-18,23510914.409880064,-0.002856334925338211
2010-08-19,23439922.747626334,-0.0030195194034604578
2010-08-20,23466343.196612787,0.0011271559753380789
2010-08-23,23363170.61892355,-0.00439661931238311
2010-08-24,23248271.43178082,-0.004917962078728522
2010-08-25,23257202.005472936,0.0003841392560441914
2010-08-26,23162502.451590218,-0.004071837784288657
2010-08-27,23287624.211705446,0.005401910280494748
2010-08-30,23205077.55104393,-0.0035446578797000416
2010-08-31,23253457.028364524,0.0020848660046135503
2010-09-01,23430969.60207275,0.007633814339592426
2010-09-02,23477695.595057126,0.001994198011346704
2010-09-03,23525832.210597064,0.0020503126188446963
2010-09-07,23483367.940280832,-0.0018050060859102768
2010-09-08,23626537.169131305,0.006096622478281466
2010-09-09,23563410.774703603,-0.0026718428509353576
2010-09-10,23564497.89121644,4.61357875236601e-05
2010-09-13,23672966.0374871,0.004603032357039627
2010-09-14,23707288.272761732,0.001449849386016222
2010-09-15,23715969.049892448,0.0003661649122768118
2010-09-16,23708534.448507227,-0.0003134850348969209
2010-09-17,23753323.181687996,0.0018891396799767257
2010-09-20,24111718.085488405,0.015088200546048425
2010-09-21,23997303.204255078,-0.004745198198969791
2010-09-22,23920626.02348798,-0.0031952415700402526
2010-09-23,23901447.837021053,-0.0008017426654343129
2010-09-24,24407572.297608655,0.021175472885105462
2010-09-27,24470216.017094765,0.002566569043503275
2010-09-28,24640016.933285844,0.006939085297508418
2010-09-29,24647900.229783017,0.0003199387613457283
2010-09-30,24529892.406558327,-0.0047877434639278516
2010-10-01,24491450.59803701,-0.0015671413426600056
2010-10-04,23864565.698706925,-0.025596070629655854
2010-10-05,24549282.102580067,0.028691760517152165
2010-10-06,23996597.759353474,-0.02251325887727318
2010-10-07,23907978.7631912,-0.0036929816906119406
2010-10-08,24218471.039989125,0.012986973088497056
2010-10-11,24164221.027516425,-0.002240026316406296
2010-10-12,24197229.3171561,0.0013659984984446538
2010-10-13,24463511.83835438,0.01100466990282567
2010-10-14,24447749.447198775,-0.0006443225020085208
2010-10-15,24422039.18392669,-0.0010516413106904654
2010-10-18,24570765.712224405,0.006089848893355176
2010-10-19,24022411.445641004,-0.022317345458655602
2010-10-20,24245668.975845776,0.009293718522387806
2010-10-21,24160502.563832298,-0.0035126443447827116
2010-10-22,24489235.07781717,0.0136061951988109
2010-10-25,24675378.72667461,0.007601039733007076
2010-10-26,24742223.888868194,0.002708982218024625
2010-10-27,24685927.937734827,-0.0022752987518916967
2010-10-28,24681163.778616022,-0.00019299088658208952
2010-10-29,24894969.634403832,0.008662713707732639
2010-11-01,24846512.76329452,-0.0019464523082746155
2010-11-02,25113745.91982574,0.010755358672545734
2010-11-03,25171149.582370006,0.0022857467272114906
2010-11-04,25656407.238506738,0.019278327139917728
2010-11-05,25683832.846371215,0.0010689574580542427
2010-11-08,25757486.98462449,0.0028677237814869194
2010-11-09,25704301.974836092,-0.002064836908202472
2010-11-10,25868644.437876686,0.006393578133398803
2010-11-11,25882634.13912263,0.0005407976161850847
2010-11-12,25433057.52480234,-0.017369816839497787
2010-11-15,25334544.69574581,-0.0038734166727872887
2010-11-16,24847187.62145026,-0.019236859400808104
2010-11-17,25044768.286506925,0.00795183213757733
2010-11-18,25364294.34437829,0.012758195812237139
2010-11-19,25508462.766052663,0.0056839121844651785
2010-11-22,25630794.3187299,0.004795724219024189
2010-11-23,25218890.45216539,-0.016070663337324098
2010-11-24,25775182.681048788,0.022058552890681593
2010-11-26,25655989.194981202,-0.004624350777355457
2010-11-29,25490796.242872078,-0.006438767605243534
2010-11-30,25357745.4322387,-0.005219562753775553
2010-12-01,25869749.764560934,0.02019124033287656
2010-12-02,26002592.39188524,0.005135056524832926
2010-12-03,26276198.737948127,0.010522271854258358
2010-12-06,26334928.008215934,0.002235074823931482
2010-12-07,26263417.442421637,-0.0027154266672757554
2010-12-08,26246869.981849086,-0.0006300574024240557
2010-12-09,26398508.57567678,0.005777397226128578
2010-12-10,26432907.553088997,0.00130306518315626
2010-12-13,26280113.82315833,-0.0057804359820722295
2010-12-14,26082761.59511931,-0.007509565193173362
2010-12-15,25911280.67401658,-0.006574492523629738
2010-12-16,26073058.44984729,0.006243526820074896
2010-12-17,26292651.01902781,0.008422202159478864
2010-12-20,26344173.391585905,0.0019595731339836497
2010-12-21,26578693.03343609,0.008902144636091958
2010-12-22,26479766.330041338,-0.003722030397442899
2010-12-23,26347841.600690704,-0.004982095676613452
2010-12-27,26492928.888455696,0.005506609989684552
2010-12-28,26363841.469592735,-0.004872523510196403
2010-12-29,26466336.325671203,0.0038877056743298333
2010-12-30,26542914.17379608,0.0028934056902540917
2010-12-31,26427425.17292076,-0.004351029435544551
2011-01-03,26737160.111169208,0.011720208693120071
2011-01-04,26445207.94032795,-0.010919341082873513
2011-01-05,26749203.759027217,0.011495308313899999
2011-01-06,26683366.53818435,-0.002461277779928328
2011-01-07,26697840.32839985,0.0005424274405101404
2011-01-10,26686960.64712788,-0.0004075116615478436
2011-01-11,26798312.99748981,0.004172537736098825
2011-01-12,26857394.544057116,0.0022046740991807923
2011-01-13,26978007.385919623,0.004490861601063045
2011-01-14,27042948.934477285,0.002407203305591743
2011-01-18,27194832.578013074,0.0056163861383531355
2011-01-19,26643998.494631406,-0.020255101104281636
2011-01-20,26294227.48093711,-0.013127572190967274
2011-01-21,26373077.332341224,0.0029987513974798485
2011-01-24,26496496.245007135,0.004679731193695913
2011-01-25,26343185.787446026,-0.005786065302501919
2011-01-26,26504762.129580636,0.006133515643791609
2011-01-27,26617221.248184044,0.0042429778487955705
2011-01-28,26140421.869055994,-0.01791319141402037
2011-01-31,26306398.31302508,0.006349417189994266
2011-02-01,26788525.829686586,0.018327386019346914
2011-02-02,26852097.794877514,0.002373104275879223
2011-02-03,26758579.318313096,-0.003482725159084543
2011-02-04,26858513.87230352,0.0037346733846228553
2011-02-07,26955829.14469864,0.003623256031878519
2011-02-08,27094647.9420094,0.005149861893158025
2011-02-09,27098408.928792924,0.00013880921396625112
2011-02-10,27176156.602999993,0.0028690863146751955
2011-02-11,27487688.869354207,0.011463440945870262
2011-02-14,27566857.955111105,0.0028801652308121373
2011-02-15,27416932.814486925,-0.005438600977605512
2011-02-16,27564826.524303634,0.0053942470814445365
2011-02-17,27662479.48136819,0.0035426653956431853
2011-02-18,27637439.013996422,-0.0009052141326895136
2011-02-22,26982714.928582303,-0.023689752334959402
2011-02-23,26716887.780309975,-0.009851756910893461
2011-02-24,26889276.8955816,0.006452439995599857
2011-02-25,27223087.71130165,0.01241427268633255
2011-02-28,27339814.469650198,0.004287785411648537
2011-03-01,26793337.39710117,-0.019988324103503596
2011-03-02,27048274.004513174,0.009514925432155596
2011-03-03,27568166.46391765,0.01922091070645493
2011-03-04,27554767.259722732,-0.0004860390048956331
2011-03-07,27217116.390250035,-0.012253809523778747
2011-03-08,27104905.6758537,-0.004122799520250853
2011-03-09,27047808.1000244,-0.0021065402887627815
2011-03-10,26293829.904649198,-0.027875759565689884
2011-03-11,26436539.46213228,0.005427492229188147
2011-03-14,26340679.55128332,-0.0036260385360296077
2011-03-15,26043004.383456673,-0.011300967662853711
2011-03-16,25907019.819048323,-0.005221539051567081
2011-03-17,26055663.996230133,0.005737602326320701
2011-03-18,25935584.171779934,-0.004608588154482396
2011-03-21,26158539.83897191,0.008596516111426977
2011-03-22,26053595.629652582,-0.004011852724400855
2011-03-23,26332389.61437678,0.010700787280466306
2011-03-24,26517172.891067866,0.007017337939971835
2011-03-25,26711214.91597866,0.007317598512779355
2011-03-28,26575568.646187052,-0.005078251596503103
2011-03-29,26760326.19992313,0.0069521580589992915
2011-03-30,27324593.116079155,0.021085950594938785
2011-03-31,27176679.80529673,-0.005413193534266614
2011-04-01,27500936.40243134,0.011931427954323226
2011-04-04,27627460.650044203,0.004600725072098966
2011-04-05,27575849.922468685,-0.0018680952342767787
2011-04-06,27322784.96607724,-0.009177050103730489
2011-04-07,27338898.12199393,0.0005897332917086384
2011-04-08,27467857.41462001,0.004717062554995044
2011-04-11,27452702.132833447,-0.0005517460484011361
2011-04-12,27183130.69144492,-0.0098194866240916
2011-04-13,27353168.883421153,0.00625528361344152
2011-04-14,27399157.352727722,0.0016812848815641601
2011-04-15,27590677.94759412,0.006990017700209794
2011-04-18,27207676.359809503,-0.013881557695396007
2011-04-19,27534020.902253713,0.011994576020695424
2011-04-20,27824017.97586511,0.010532318350483294
2011-04-21,27888454.238192633,0.002315850370115946
2011-04-25,27873803.919202026,-0.0005253184298232849
2011-04-26,27999763.53343592,0.004518924456777151
2011-04-27,27855806.757101975,-0.00514135686046191
2011-04-28,27960065.929816194,0.003742816484309408
2011-04-29,28067486.79361959,0.00384193885926587
2011-05-02,27815601.50984958,-0.008974272816876239
2011-05-03,27404233.893774614,-0.014789096540993252
2011-05-04,27398744.93088349,-0.00020029616271710626
2011-05-05,27162904.730951186,-0.008607700846416044
2011-05-06,27207313.643206943,0.0016349102828150386
2011-05-09,27519602.531646904,0.011478122850909767
2011-05-10,27869182.102660414,0.012702929506757998
2011-05-11,27498892.216540143,-0.013286715223871703
2011-05-12,27604654.633655075,0.0038460610079165125
2011-05-13,27286962.865009982,-0.01150863044154038
2011-05-16,27250301.687737614,-0.0013435418757936635
2011-05-17,27145128.09587897,-0.0038595386232355144
2011-05-18,27409090.78426428,0.009724127565468477
2011-05-19,27424336.277393095,0.000556220315690581
2011-05-20,27160266.024968084,-0.009629048074453972
2011-05-23,26839269.12603452,-0.011818621313888222
2011-05-24,26796412.775373068,-0.0015967778578546143
2011-05-25,26858369.40318714,0.0023121239523153925
2011-05-26,26991919.28114501,0.0049723747541434715
2011-05-27,27111335.473117,0.0044241460093357166
2011-05-31,27097521.828072365,-0.0005095154776987298
2011-06-01,26716130.25221888,-0.01407477695832593
2011-06-02,26681609.237660598,-0.001292141273170122
2011-06-03,26412605.91581959,-0.01008197517042242
2011-06-06,26092360.72452,-0.012124710159999053
2011-06-07,26082819.75613274,-0.00036566137069748983
2011-06-08,25934019.253111802,-0.005704923946574181
2011-06-09,26005416.30180023,0.002753026748056442
2011-06-10,25852244.562554732,-0.005889993740838317
2011-06-13,25891109.28660189,0.001503340414141574
2011-06-14,26076030.829494324,0.0071422796468643135
2011-06-15,25883800.194477495,-0.00737192850682622
2011-06-16,25793592.74468901,-0.003485092958171232
2011-06-17,25816577.76818326,0.0008911136855482837
2011-06-20,25877151.17925318,0.002346299018166853
2011-06-21,25994647.79284089,0.004540554436375244
2011-06-22,25976259.338273257,-0.0007073938725454809
2011-06-23,25920565.125854835,-0.002144042823608694
2011-06-24,25620841.99892362,-0.011563140135098848
2011-06-27,25744092.69092651,0.004810563681243218
2011-06-28,25862556.793877617,0.004601603341525262
2011-06-29,25948925.857926734,0.00333954081715393
2011-06-30,25955971.754319277,0.00027152940476682375
2011-07-01,26394724.857443202,0.016903744050766
2011-07-05,26621275.545921944,0.008583180529531331
2011-07-06,26687344.709501803,0.0024818181031893705
2011-07-07,26855748.27617131,0.0063102406216362095
2011-07-08,26838356.912252977,-0.000647584410588431
2011-07-11,26362586.643389817,-0.01772725023438182
2011-07-12,26085148.579652056,-0.010523931793594565
2011-07-13,26260035.71762007,0.006704471605135431
2011-07-14,26053909.586650692,-0.007849423100025454
2011-07-15,26371663.60393838,0.01219602057153435
2011-07-18,26240455.148999564,-0.004975357524248825
2011-07-19,26783710.568002395,0.020702972411038578
2011-07-20,26627692.70831475,-0.005825102511152203
2011-07-21,26860471.99915343,0.00874200004441228
2011-07-22,26917603.083661392,0.0021269575795153095
2011-07-25,26809891.370043192,-0.004001534359631687
2011-07-26,26723150.035191156,-0.0032354228390854
2011-07-27,26308169.87830341,-0.015528863788186187
2011-07-28,26545187.17555349,0.009009265880009165
2011-07-29,26514186.46366143,-0.0011678467997622288
2011-08-01,26706122.024972353,0.007238976069432912
2011-08-02,25948553.200315002,-0.028366860001199812
2011-08-03,26206465.7671724,0.009939381393112345
2011-08-04,24608569.397622734,-0.06097336373954232
2011-08-05,24645609.42228747,0.0015051677351189952
2011-08-08,24596458.88838359,-0.0019942916834280178
2011-08-09,24696979.443261527,0.004086789701480686
2011-08-10,24803291.323722843,0.004304651129728443
2011-08-11,24695477.898692396,-0.00434673864945212
2011-08-12,24717617.276639327,0.0008964952222327849
2011-08-15,24711703.063954677,-0.00023927114893229628
2011-08-16,24751742.10574568,0.0016202461516869882
2011-08-17,24784890.923019867,0.0013392518850821045
2011-08-18,24838592.36244201,0.0021667006560139868
2011-08-19,24868844.314751837,0.0012179414947672829
2011-08-22,24901997.432857282,0.0013331185673866042
2011-08-23,24813485.914071545,-0.0035543943422365887
2011-08-24,24722758.298272718,-0.003656383311599787
2011-08-25,24756425.815644167,0.0013618026340451728
2011-08-26,24815837.915629767,0.0023998658137498463
2011-08-29,24761186.166706037,-0.0022022931125492695
2011-08-30,24832456.29406541,0.0028783002106418376
2011-08-31,24799325.315101124,-0.001334180500388138
2011-09-01,24835798.40337336,0.0014707290544726526
2011-09-02,24916227.66280847,0.003238440662499009
2011-09-06,24930928.397040527,0.0005900064179458209
2011-09-07,24848662.085429057,-0.003299769278597542
2011-09-08,24909308.672447734,0.0024406379228858466
2011-09-09,24923032.66278314,0.0005509582989986495
2011-09-12,24874880.94588688,-0.001932016763279476
2011-09-13,24872581.92383531,-9.242343939541708e-05
2011-09-14,24873471.519583978,3.5766119954594444e-05
2011-09-15,24830111.00974279,-0.001743243190121202
2011-09-16,24859469.332776353,0.0011823677720186332
2011-09-19,24874172.719496533,0.0005914602006726888
2011-09-20,24890883.45820734,0.0006718108336405404
2011-09-21,24897650.289904058,0.00027185984411048914
2011-09-22,24918854.92664124,0.0008516722056211012
2011-09-23,24852021.82655512,-0.002682029342153558
2011-09-26,24818928.125642516,-0.0013316301242438655
2011-09-27,24787370.258753486,-0.0012715241661231946
2011-09-28,24778593.92933628,-0.0003540645629444006
2011-09-29,24794470.398577552,0.000640733258979509
2011-09-30,24843373.483305294,0.001972338345672009
2011-10-03,24890988.650074363,0.0019166143761057963
2011-10-04,24857063.252254244,-0.001362959032967792
2011-10-05,24845772.64265211,-0.0004542213811645768
2011-10-06,24811520.139583003,-0.0013786048661778016
2011-10-07,24791960.375678644,-0.0007883339591577831
2011-10-10,24751239.184504718,-0.0016425159832811342
2011-10-11,24757260.93068278,0.00024329069478801202
2011-10-12,24735577.828150067,-0.0008758280083334125
2011-10-13,24755717.069250338,0.0008141811458857173
2011-10-14,24745187.808169737,-0.00042532644282311516
2011-10-17,24773219.762159955,0.0011328244589423608
2011-10-18,24763981.990667824,-0.0003728934543357765
2011-10-19,24771737.935476385,0.00031319457474499046
2011-10-20,24763973.524932668,-0.0003134382643616984
2011-10-21,24740179.78239343,-0.0009608208680760288
2011-10-24,24748544.137718916,0.00033808789584610643
2011-10-25,24763189.979925267,0.0005917860107185202
2011-10-26,24748544.137718916,-0.0005914360071632707
2011-10-27,24730969.127115063,-0.000710143211093639
2011-10-28,24717548.14819743,-0.0005426790534834858
2011-10-31,24643287.044284105,-0.003004387954180676
2011-11-01,24540763.57385251,-0.004160300135584993
2011-11-02,24622555.884675022,0.0033329162956305947
2011-11-03,24729251.626064345,0.0043332520754162385
2011-11-04,24738063.934530735,0.00035635160334179794
2011-11-07,24713592.77707973,-0.0009892106963490521
2011-11-08,24732698.74017363,0.0007730953271845031
2011-11-09,24597982.92426179,-0.005446870854130426
2011-11-10,24635085.778313592,0.0015083697783693228
2011-11-11,24759500.138871033,0.00505029134775592
2011-11-14,24721737.81074114,-0.001525165206005319
2011-11-15,24723569.60953252,7.409668387392543e-05
2011-11-16,24641964.301758505,-0.0033007089616440277
2011-11-17,24596709.46966289,-0.001836494507557851
2011-11-18,24610001.756583095,0.0005404091525575971
2011-11-21,24569682.314328063,-0.0016383356106118852
2011-11-22,24545642.26223058,-0.000978443749900082
2011-11-23,24491025.417538613,-0.0022251136926250137
2011-11-25,24493705.48848587,0.00010943073642555312
2011-11-28,24580705.743904565,0.0035519433945832013
2011-11-29,24605799.759328492,0.0010208826258029102
2011-11-30,24644618.029655974,0.0015776065280204143
2011-12-01,24667445.285611145,0.0009262572431718574
2011-12-02,24633997.79967735,-0.0013559363584888517
2011-12-05,24702274.722994942,0.0027716541940459027
2011-12-06,24653554.090561695,-0.0019723136018681142
2011-12-07,24626054.428303517,-0.0011154441326050035
2011-12-08,24527617.70327738,-0.0039972592975755505
2011-12-09,24631256.898974348,0.00422540814810235
2011-12-12,24575770.658671424,-0.0022526759608939573
2011-12-13,24536572.820536748,-0.0015949790010286735
2011-12-14,24480410.659982946,-0.002288916262453533
2011-12-15,24585649.495588265,0.004298899927252853
2011-12-16,24578913.914251324,-0.0002739639373021685
2011-12-19,24560531.515326463,-0.0007478930512956339
2011-12-20,24628607.49420499,0.002771763259115323
2011-12-21,24646081.882138122,0.0007095158724359507
2011-12-22,24630776.681394204,-0.0006209993465536856
2011-12-23,24671908.972000007,0.0016699550784720074
2011-12-27,24679693.75663731,0.0003155323184005354
2011-12-28,24643751.47307908,-0.0014563504682290063
2011-12-29,24664529.509865656,0.0008431361113696578
2011-12-30,24652129.199492395,-0.0005027588451789189
2012-01-03,24613140.517372034,-0.001581554347896419
2012-01-04,24586552.251557197,-0.0010802467810262506
2012-01-05,24596567.62677983,0.0004073517555516215
2012-01-06,24585177.032131255,-0.00046309691748092074
2012-01-09,24576614.47155475,-0.0003482814284930802
2012-01-10,24661644.282394692,0.0034597853556419533
2012-01-11,24741133.02439591,0.0032231728383966818
2012-01-12,24829517.216195934,0.0035723582955102806
2012-01-13,24818410.719641134,-0.00044731020978350244
2012-01-17,24884144.619990766,0.0026485942670619878
2012-01-18,25052668.440533094,0.006772337290104957
2012-01-19,25086682.771014165,0.0013577128744513
2012-01-20,25127013.225215275,0.001607643966690997
2012-01-23,25002487.106659576,-0.004955866319628299
2012-01-24,25137789.016880676,0.005411538045951403
2012-01-25,25202185.70040085,0.0025617481106605666
2012-01-26,25010073.481390174,-0.007622839593933395
2012-01-27,25143270.955912333,0.005325753025926527
2012-01-30,25081515.410877425,-0.0024561460258369916
2012-01-31,25109129.82970447,0.0011009868572402493
2012-02-01,25602082.39253907,0.019632403280317012
2012-02-02,25593767.573073015,-0.0003247712173787276
2012-02-03,26080872.22105921,0.019032158770507568
2012-02-06,26088295.586513788,0.0002846287268176706
2012-02-07,26233783.02139737,0.005576732078993674
2012-02-08,26370537.005803872,0.005212896069734185
2012-02-09,26560112.59508443,0.00718891652600151
2012-02-10,26201122.680734724,-0.013516129235692453
2012-02-13,26417801.435108855,0.008269827099181892
2012-02-14,26490645.02586978,0.002757367638630104
2012-02-15,26285325.856648,-0.007750629288991284
2012-02-16,26622834.923819885,0.012840208602037162
2012-02-17,26403142.19729759,-0.00825204104487498
2012-02-21,26341184.54000822,-0.0023466016592416095
2012-02-22,26408141.69569243,0.002541918932404519
2012-02-23,26625838.100091867,0.008243533638527367
2012-02-24,26716992.371233616,0.003423526831308754
2012-02-27,26762345.15301228,0.0016975257225246843
2012-02-28,26784654.430941436,0.0008336069877883379
2012-02-29,26697790.915810965,-0.003243032884909125
2012-03-01,27019798.53496838,0.012061208366371368
2012-03-02,27014716.99652814,-0.0001880672216583168
2012-03-05,26917919.234431516,-0.0035831492185931513
2012-03-06,26565461.11392432,-0.013093810016947982
2012-03-07,26904312.56135856,0.012755338444196296
2012-03-08,27189467.005040884,0.010598837752572088
2012-03-09,27386852.811553344,0.007259642363561802
2012-03-12,27348810.995450873,-0.001389053950968111
2012-03-13,27764798.972572673,0.015210459320918801
2012-03-14,27699416.752589054,-0.0023548601971945526
2012-03-15,27725329.155036118,0.0009354854897671849
2012-03-16,27619432.624097753,-0.0038194868795319303
2012-03-19,27692225.204586133,0.002635556692242469
2012-03-20,27710875.289873943,0.0006734773081622514
2012-03-21,27856757.826890435,0.005264450707185064
2012-03-22,27961338.890349068,0.0037542439112450143
2012-03-23,27988274.41275305,0.0009633130412534108
2012-03-26,28407473.889434587,0.014977682099991396
2012-03-27,28331285.22755149,-0.0026819935549226015
2012-03-28,28263945.5764231,-0.002376865383533766
2012-03-29,28186295.213618014,-0.002747329193481751
2012-03-30,28211083.154891558,0.0008794324009480103
2012-04-02,28521470.106007893,0.01100230534971569
2012-04-03,28678676.88871307,0.005511875163547897
2012-04-04,28351455.60091263,-0.011409915773667456
2012-04-05,28469955.97668698,0.004179692832791737
2012-04-09,28305419.495546468,-0.0057793022678098716
2012-04-10,27561670.81171556,-0.026275840354456848
2012-04-11,27940616.229000695,0.01374900019210945
2012-04-12,28339614.200364735,0.014280213725204272
2012-04-13,28396950.94116653,0.0020232011768550606
2012-04-16,28234882.940199196,-0.005707232487850988
2012-04-17,28396786.046876255,0.00573415186526427
2012-04-18,28518821.90430272,0.004297523572738493
2012-04-19,28254267.36502952,-0.009276489055576431
2012-04-20,28297660.47731337,0.0015358073781646109
2012-04-23,28117561.252866767,-0.006364456333448176
2012-04-24,28005355.033770766,-0.0039906099283258945
2012-04-25,28419581.665383823,0.014790979479230026
2012-04-26,28883886.425530434,0.016337494535049846
2012-04-27,29021877.180986177,0.004777430343784195
2012-04-30,28859012.72108986,-0.005611782410926192
2012-05-01,29091077.625395805,0.00804133206318447
2012-05-02,29309407.912903346,0.007505060153458976
2012-05-03,29010287.115618397,-0.010205624015804937
2012-05-04,28520988.73030539,-0.016866375136617706
2012-05-07,28482283.010275867,-0.0013570960107842645
2012-05-08,28503831.496690582,0.0007565575556895965
2012-05-09,28298387.44186639,-0.007207594349133206
2012-05-10,28383317.140626475,0.003001220438251462
2012-05-11,28385513.460577,7.738066483353734e-05
2012-05-14,28126617.680222705,-0.00912070097706208
2012-05-15,28123776.52539685,-0.00010101302823384284
2012-05-16,28005268.845588114,-0.004213789698610304
2012-05-17,27391622.267556697,-0.021911826000130974
2012-05-18,27149159.887087632,-0.008851698453663404
2012-05-21,27323571.11358368,0.006424185028981233
2012-05-22,27272125.921999615,-0.0018828136106443516
2012-05-23,27330164.022664513,0.0021281106148780538
2012-05-24,27397777.598033402,0.0024739542475054055
2012-05-25,27458289.416404378,0.0022086396662814867
2012-05-29,27441731.410558615,-0.0006030239391340286
2012-05-30,27421345.04699171,-0.0007428964033611152
2012-05-31,27593280.79495126,0.006270142754299934
2012-06-01,27258024.347817227,-0.01214993061627434
2012-06-04,27055104.99988991,-0.007444389414949182
2012-06-05,27080201.29142886,0.000927599118135003
2012-06-06,27328361.989306465,0.009163916294675056
2012-06-07,27271877.50709084,-0.002066881368071982
2012-06-08,27565142.205462676,0.010753373994716098
2012-06-11,27440568.262749825,-0.004519256305094088
2012-06-12,27670381.269512575,0.008374936136972044
2012-06-13,27483239.16854712,-0.006763264269569302
2012-06-14,27670355.40993783,0.006808376561553642
2012-06-15,27941684.89357367,0.009805782383929706
2012-06-18,28152298.030213073,0.007537596155765103
2012-06-19,28144561.653988097,-0.00027480443041183467
2012-06-20,27949831.628528643,-0.006918921952080215
2012-06-21,27739638.14225128,-0.007520384704672756
2012-06-22,27998545.288285654,0.009333472365669504
2012-06-25,27551835.707355797,-0.015954742517167664
2012-06-26,27821155.47259678,0.009775020731888295
2012-06-27,27796212.361070026,-0.0008965519620967033
2012-06-28,27642237.210540082,-0.005539429204591717
2012-06-29,28136594.43317603,0.017884124894472997
2012-07-02,28254880.662401628,0.004203999510549394
2012-07-03,28220651.649132,-0.0012114371912805844
2012-07-05,28151217.986609686,-0.0024603848056232724
2012-07-06,28041393.579549514,-0.0039012310981504372
2012-07-09,28253421.370585058,0.007561243004348128
2012-07-10,28220367.982563924,-0.0011698897484870852
2012-07-11,27666433.057225324,-0.01962890511140214
2012-07-12,27661807.49225876,-0.00016719050688596138
2012-07-13,27959167.48945431,0.010749839730421318
2012-07-16,27913581.03001541,-0.0016304655514545185
2012-07-17,28170293.870167196,0.009196700340087016
2012-07-18,28058747.33762637,-0.0039597220055611615
2012-07-19,28062792.221923966,0.00014415769346087792
2012-07-20,28094586.812956266,0.0011329803100441627
2012-07-23,27936147.33059547,-0.0056395021366795195
2012-07-24,27785644.37569049,-0.005387391221986837
2012-07-25,27893013.606813587,0.0038641979891254064
2012-07-26,28243107.70297242,0.012551318444605553
2012-07-27,28646154.119495347,0.01427061146250952
2012-07-30,28571565.919969946,-0.0026037770799619553
2012-07-31,28376478.274557218,-0.0068280347657239115
2012-08-01,28227063.986783575,-0.005265427454667959
2012-08-02,28303639.54526959,0.0027128417791475457
2012-08-03,28475251.355983395,0.00606324181168727
2012-08-06,28446640.400905382,-0.0010047656724898602
2012-08-07,28433138.536464922,-0.000474638278903039
2012-08-08,28572932.46616292,0.004916584552166592
2012-08-09,28572262.338564295,-2.345323146013545e-05
2012-08-10,28529375.386021245,-0.0015009995370638407
2012-08-13,28673260.00303892,0.005043384759421565
2012-08-14,28766119.26459093,0.0032385317031327077
2012-08-15,28747276.92821786,-0.0006550183637826779
2012-08-16,28712172.14485998,-0.0012211516049167592
2012-08-17,28784510.665924955,0.0025194374253543206
2012-08-20,28651789.86986704,-0.004610840795533422
2012-08-21,28594117.929368418,-0.0020128564658808967
2012-08-22,28700993.042316332,0.0037376607738666134
2012-08-23,28505958.126364805,-0.006795406544434557
2012-08-24,28804248.060727146,0.010464125886947784
2012-08-27,28744394.741738137,-0.0020779337430653078
2012-08-28,28746601.24100429,7.67627666533599e-05
2012-08-29,28845365.11888618,0.0034356714748251527
2012-08-30,28701998.09503641,-0.004970192724511602
2012-08-31,28835642.35272249,0.004656270174764998
2012-09-04,29014457.64686351,0.006201189900808313
2012-09-05,28970170.08176088,-0.0015263964483380743
2012-09-06,29508826.70311173,0.018593491851467636
2012-09-07,29458127.99455529,-0.0017180862209982273
2012-09-10,29316642.661888026,-0.004802930202944866
2012-09-11,29324860.33690247,0.0002803075068731342
2012-09-12,29536306.281543013,0.007210467235353235
2012-09-13,29880252.268683802,0.011644854433125795
2012-09-14,29837221.60215232,-0.0014401038567060098
2012-09-17,29887580.71493399,0.0016877949781368695
2012-09-18,29913465.091061097,0.000866057924660657
2012-09-19,30229391.593409617,0.010561347586673486
2012-09-20,30322656.47558045,0.0030852384799953114
2012-09-21,30282811.754547864,-0.0013140247479528355
2012-09-24,30177399.77972229,-0.003480917679638651
2012-09-25,29875259.389169414,-0.010012141296411481
2012-09-26,29563210.645987142,-0.010445055526292712
2012-09-27,29829078.95083049,0.008993214844864594
2012-09-28,29809257.92748705,-0.0006644866030263152
2012-10-01,29870643.055926573,0.002059263890058727
2012-10-02,29890529.283561323,0.0006657448785925002
2012-10-03,30215023.807115313,0.010856098280348947
2012-10-04,30489883.925112914,0.009096802959754013
2012-10-05,30606984.043661047,0.003840621985828019
2012-10-08,30416687.125211537,-0.006217434497239216
2012-10-09,29997165.096719608,-0.013792495769343605
2012-10-10,29772805.286329094,-0.007479367122430136
2012-10-11,29701272.53714963,-0.0024026203944009783
2012-10-12,29600926.098004594,-0.003378523227229535
2012-10-15,29857330.053443756,0.008662024782273514
2012-10-16,30137631.38505785,0.009388024016627305
2012-10-17,30325599.033012245,0.0062369748157311555
2012-10-18,30322612.131920066,-9.849438057030202e-05
2012-10-19,29895787.93544556,-0.014076102501248466
2012-10-22,29787630.032373697,-0.003617830823038015
2012-10-23,29329976.394049995,-0.015363882182849564
2012-10-24,29350585.227406655,0.0007026542769683619
2012-10-25,29092090.34851237,-0.008807145646040127
2012-10-26,29037505.986496642,-0.0018762612573324233
2012-10-31,29135034.971037995,0.003358724560804438
2012-11-01,29436385.764238663,0.010343244602253998
2012-11-02,29071719.305094168,-0.012388289176027745
2012-11-05,29021902.00116475,-0.0017136001970371462
2012-11-06,29195488.585909683,0.005981227031156333
2012-11-07,29035091.01056119,-0.005493916461665416
2012-11-08,28652539.38037503,-0.013175492718345838
2012-11-09,28568103.031608973,-0.0029469062984306404
2012-11-12,28558936.58866414,-0.00032086284954557787
2012-11-13,28540503.99616349,-0.0006454229289464264
2012-11-14,28111741.354035847,-0.015022952719590421
2012-11-15,27973064.423258264,-0.00493306085279821
2012-11-16,28147760.16220558,0.0062451412653261595
2012-11-19,28390190.415480472,0.00861277245073322
2012-11-20,28589742.946096316,0.007028925403298247
2012-11-21,28722087.642669536,0.0046290971144002935
2012-11-23,28967410.569087263,0.00854126376431208
2012-11-26,28822835.011349857,-0.004990972782761949
2012-11-27,28788713.61347644,-0.001183832119913908
2012-11-28,28859864.99663397,0.002471502690700955
2012-11-29,28909119.35105366,0.0017066730709043298
2012-11-30,28729750.244252756,-0.006204585640356641
2012-12-03,28649662.397257634,-0.0027876276791213295
2012-12-04,28629011.71010472,-0.0007208003663907725
2012-12-05,28475388.34683842,-0.005366003018961285
2012-12-06,28547312.24701477,0.0025258268403680617
2012-12-07,28603123.88845886,0.0019550576587092916
2012-12-10,28695013.344001353,0.003212567127311994
2012-12-11,28777157.72639602,0.002862670994778993
2012-12-12,28908074.447918624,0.004549327726084629
2012-12-13,28706062.089163996,-0.006988094593383454
2012-12-14,28684795.309473336,-0.0007408462931838278
2012-12-17,29063535.58767674,0.013203520336027008
2012-12-18,29238508.71437067,0.006020366178990377
2012-12-19,29059254.252027623,-0.006130766247149477
2012-12-20,29080086.04497322,0.0007168729371003213
2012-12-21,28852624.751981437,-0.007821892020539734
2012-12-24,28829566.553911485,-0.0007991715924690057
2012-12-26,28654073.03329529,-0.006087275723969721
2012-12-27,28708187.991663687,0.0018885607747811672
2012-12-28,28452027.84345684,-0.008922895038907863
2012-12-31,28885676.000381034,0.01524137960605576
2013-01-02,29353633.170650043,0.016200319156901122
2013-01-03,29255432.00544189,-0.003345451809568245
2013-01-04,29418178.410830848,0.005562946578901551
2013-01-07,29290368.71621999,-0.004344582211242565
2013-01-08,29197698.498667035,-0.0031638460563877535
2013-01-09,29283908.428716492,0.002952627586499501
2013-01-10,29368116.87043098,0.002875587523416545
2013-01-11,29412169.43617544,0.0015000132946492162
2013-01-14,29362111.30663667,-0.0017019529840326397
2013-01-15,29586667.533633735,0.0076478228916156965
2013-01-16,29594645.999850027,0.0002696642400574767
2013-01-17,30039751.732990693,0.015040076274030145
2013-01-18,29979420.72233253,-0.0020083724790543878
2013-01-22,30165679.837648995,0.006212899076389222
2013-01-23,30292382.69807151,0.004200232221001743
2013-01-24,30529158.654298455,0.007816352994973075
2013-01-25,30623350.15364664,0.003085296270846527
2013-01-28,30154031.769337673,-0.015325507560546292
2013-01-29,30024479.30743175,-0.004296356218529307
2013-01-30,29910233.01591632,-0.0038051048394750486
2013-01-31,29958933.07766819,0.0016282073672229114
2013-02-01,30196811.53657637,0.007940151216049074
2013-02-04,29738241.07060167,-0.015186055833055545
2013-02-05,30015091.750473924,0.00930958489491629
2013-02-06,29842519.217220254,-0.005749525428352054
2013-02-07,29715986.967556518,-0.004239998933827316
2013-02-08,30028199.433649722,0.010506548762256207
2013-02-11,29993039.03233943,-0.0011709127411378972
2013-02-12,30341307.965703845,0.01161165872484271
2013-02-13,30429464.596732825,0.0029054987058774184
2013-02-14,30526966.347678628,0.0032041888425560217
2013-02-15,30572422.302427426,0.0014890426461342532
2013-02-19,30508407.82568224,-0.0020938634208288454
2013-02-20,29621357.55751489,-0.029075600183259165
2013-02-21,29407958.209014986,-0.007204239308936322
2013-02-22,29715444.316946715,0.010455880879124413
2013-02-25,29138170.877573565,-0.01942671404189411
2013-02-26,29299095.92414525,0.005522825960758704
2013-02-27,29646893.666534938,0.01187059639280763
2013-02-28,29646793.85857708,-3.3665570153829094e-06
2013-03-01,29928834.273377296,0.009513352983314904
2013-03-04,30209690.01766249,0.009384119064571372
2013-03-05,30436003.916666664,0.0074914340025287185
2013-03-06,30388241.856311373,-0.0015692618678214698
2013-03-07,30413773.60887653,0.0008401852494752671
2013-03-08,30544195.037054602,0.004288235647943672
2013-03-11,30538904.944252927,-0.00017319470345367183
2013-03-12,30471702.39255635,-0.0022005553840012126
2013-03-13,30620827.652250748,0.004893893284112272
2013-03-14,30757431.22717801,0.0044611326799726125
2013-03-15,30559935.445391964,-0.006421075294855361
2013-03-18,30556855.15760242,-0.00010079497042947416
2013-03-19,30658774.814617332,0.0033354105482794605
2013-03-20,30984577.01403171,0.010626719475399282
2013-03-21,30908872.525117867,-0.002443295865538486
2013-03-22,31187225.457432095,0.009005599673298503
2013-03-25,31083955.84441799,-0.0033112792657705725
2013-03-26,31353234.027301256,0.008662931585383227
2013-03-27,31428425.509806767,0.0023982049966531083
2013-03-28,31626439.266290624,0.006300466958552242
2013-04-01,31286354.57306775,-0.010753176807524967
2013-04-02,31343148.218197193,0.0018152848391717047
2013-04-03,30825899.42342926,-0.016502770913983333
2013-04-04,30926434.964319244,0.003261398459425857
2013-04-05,30890679.747635443,-0.0011561376772024623
2013-04-08,31081833.58065441,0.00618807467432303
2013-04-09,31187519.81262508,0.0034002573141775905
2013-04-10,31450853.681507673,0.008443565582152868
2013-04-11,31697975.194072913,0.007857386482025497
2013-04-12,31695842.69320534,-6.727561790664804e-05
2013-04-15,30867208.70269323,-0.026143302089574827
2013-04-16,31275531.2644822,0.01322836041709663
2013-04-17,31039100.156901643,-0.007559619230163461
2013-04-18,30789134.882149853,-0.008053238447256028
2013-04-19,31113219.960404836,0.010525955974257428
2013-04-22,31412136.70542405,0.009607387001397516
2013-04-23,31785309.066919744,0.011879878309305036
2013-04-24,31663907.945506014,-0.0038194098147082967
2013-04-25,31479336.125899307,-0.005829091593001046
2013-04-26,31369895.06599002,-0.0034765999979029516
2013-04-29,31453920.137736976,0.002678525751208305
2013-04-30,31502780.785818864,0.0015534040866107546
2013-05-01,31367133.752986897,-0.004305874892575501
2013-05-02,31741460.86796294,0.011933736691526642
2013-05-03,31712625.608227834,-0.0009084414814760633
2013-05-06,31742719.275056288,0.0009489490778917808
2013-05-07,32261199.889492717,0.016333843674314785
2013-05-08,32270839.319476813,0.00029879328782289605
2013-05-09,32258978.163454067,-0.00036755027984625155
2013-05-10,32538959.71639716,0.00867918232017284
2013-05-13,32471185.140255928,-0.0020828747056432784
2013-05-14,32838692.216888677,0.011317944665257595
2013-05-15,33139522.77577553,0.009160856860558564
2013-05-16,32765177.500626307,-0.011296036991300995
2013-05-17,33123081.32495031,0.010923298807618664
2013-05-20,32947497.002608016,-0.0053009658316430786
2013-05-21,33111379.15319288,0.004974039471705272
2013-05-22,32711671.468426954,-0.012071610877838812
2013-05-23,32613592.081698228,-0.002998299454780029
2013-05-24,32460816.01634709,-0.004684429270116142
2013-05-28,32564324.802929923,0.003188730268848028
2013-05-29,32127957.21179739,-0.013400173157997464
2013-05-30,32267494.40603122,0.004343170445414879
2013-05-31,31935739.12135063,-0.010281408296101913
2013-06-03,32026211.09748488,0.0028329382260567915
2013-06-04,31888830.481907647,-0.004289630614094708
2013-06-05,31390877.34769274,-0.015615283680517122
2013-06-06,31550563.207871128,0.005087014880459373
2013-06-07,32045242.29593588,0.0156789305092766
2013-06-10,32040362.288915437,-0.00015228491566321445
2013-06-11,31611945.17257583,-0.01337116954160722
2013-06-12,31257676.02217552,-0.011206812755946705
2013-06-13,31663651.0572218,0.012988010841185504
2013-06-14,31702342.000583384,0.0012219356287013206
2013-06-17,31938194.963830512,0.007439606930074394
2013-06-18,32156194.052674685,0.0068256546461393786
2013-06-19,31867308.68651527,-0.008983817104915914
2013-06-20,30965216.42853361,-0.028307764137088354
2013-06-21,30975910.399635147,0.0003453543147751148
2013-06-24,30538498.15781306,-0.014121045553748712
2013-06-25,30549674.600832116,0.0003659788035841327
2013-06-26,30657275.778391287,0.0035221709875836726
2013-06-27,30858199.24338691,0.006553859072411239
2013-06-28,30918817.18871335,0.001964403199562259
2013-07-01,30982835.376707498,0.0020705251304864447
2013-07-02,31049059.505186677,0.002137445707405039
2013-07-03,31111405.77465008,0.0020079922051419175
2013-07-05,31423241.34979205,0.010023191410915233
2013-07-08,31402887.75952099,-0.0006477240856375133
2013-07-09,31313940.16480588,-0.0028324654533766758
2013-07-10,31241950.572975412,-0.0022989630641045977
2013-07-11,31465112.436181236,0.007143019533449424
2013-07-12,31590515.97180541,0.0039854787068860364
2013-07-15,31558047.70190771,-0.0010277853621218913
2013-07-16,31416589.226996966,-0.00448248498281445
2013-07-17,31504262.01365468,0.002790652607902233
2013-07-18,31640162.994512312,0.004313733195804748
2013-07-19,31643639.711859424,0.00010988304161752005
2013-07-22,31772426.880790256,0.004069922742881094
2013-07-23,31728113.15091445,-0.0013947228533115474
2013-07-24,31778858.182528038,0.001599371238126368
2013-07-25,31937943.960201375,0.005006025602291908
2013-07-26,31897587.594277225,-0.0012635868474951684
2013-07-29,31572095.73424052,-0.010204278272602063
2013-07-30,31662723.133043908,0.0028704904345357996
2013-07-31,31783881.35627272,0.0038265256819420834
2013-08-01,32353586.417609822,0.017924338911007975
2013-08-02,32407039.06594282,0.0016521398166819967
2013-08-05,32245766.5405275,-0.004976465918011153
2013-08-06,31963179.021574564,-0.008763554080743363
2013-08-07,31673794.21199583,-0.009053692981646377
2013-08-08,31961629.23665549,0.009087481680696508
2013-08-09,31865764.58846405,-0.002999366755731425
2013-08-12,31911829.969630644,0.0014456072766968475
2013-08-13,32121548.13038386,0.006571799892165275
2013-08-14,31899940.59208678,-0.006899030438930143
2013-08-15,31338242.239908915,-0.0176081316062765
2013-08-16,31319904.164404366,-0.0005851660525233449
2013-08-19,31316667.639484234,-0.00010333763804459828
2013-08-20,31650619.94201204,0.010663724070908431
2013-08-21,31494532.339356292,-0.004931581212049618
2013-08-22,31907819.612322353,0.013122508647305908
2013-08-23,32049860.383096654,0.004451597523744466
2013-08-26,32232988.740381755,0.005713858191459753
2013-08-27,31515088.901518736,-0.022272208284664252
2013-08-28,31612305.424333178,0.003084761179580786
2013-08-29,31912125.834238157,0.009484294355646572
2013-08-30,31611005.980396084,-0.009435907072007255
2013-09-03,31982397.18766354,0.011748794312265165
2013-09-04,32094234.817112483,0.0034968494948239837
2013-09-05,32281350.72839476,0.00583020322336858
2013-09-06,32105389.362977747,-0.00545086749614343
2013-09-09,32295700.811608072,0.005927710344163728
2013-09-10,32733205.898002144,0.013546852224888717
2013-09-11,32941350.18777881,0.006358811612441784
2013-09-12,32573733.25789697,-0.011159740805591567
2013-09-13,32559727.845866647,-0.00042996029713382455
2013-09-16,32548566.865908567,-0.00034278480492566654
2013-09-17,32805572.21876691,0.007896057418353752
2013-09-18,33066160.15551637,0.007943404706118429
2013-09-19,33234618.92789785,0.005094597364471154
2013-09-20,33024575.212769713,-0.006320027787405147
2013-09-23,32844254.66525079,-0.005460192791494234
2013-09-24,32991189.8890772,0.004473696399080351
2013-09-25,33211639.85753814,0.0066820860115119896
2013-09-26,33442507.27124654,0.006951400614324088
2013-09-27,33234655.63154122,-0.006215193078062953
2013-09-30,33131302.353556078,-0.003109804390061255
2013-10-01,33590984.52947417,0.013874557993907244
2013-10-02,33492715.74795091,-0.0029254510667001687
2013-10-03,33085369.00290855,-0.012162248893396566
2013-10-04,33597045.16188019,0.015465330277158351
2013-10-07,33050655.121084612,-0.0162630385548167
2013-10-08,31879576.35573573,-0.035432845765341336
2013-10-09,31949616.588121742,0.00219702519269549
2013-10-10,32606377.34642855,0.020556138960083237
2013-10-11,32925496.608476344,0.009787019841465128
2013-10-14,33058433.278361734,0.0040374993114353774
2013-10-15,32929823.195187125,-0.0038903865192785325
2013-10-16,33379887.577571135,0.013667379254249656
2013-10-17,33789154.3594526,0.012260879576972084
2013-10-18,34206175.372421205,0.012341860010235628
2013-10-21,33880650.4569738,-0.009516554011176015
2013-10-22,33715436.41655033,-0.004876353853751403
2013-10-23,33243314.50592977,-0.014003138051886577
2013-10-24,33819695.44833484,0.017338251343808064
2013-10-25,33830936.6610824,0.00033238657529399696
2013-10-28,33726302.22197569,-0.0030928626113706503
2013-10-29,34001519.08354335,0.008160303485281961
2013-10-30,33706050.5372564,-0.008689863107615103
2013-10-31,33659151.6902376,-0.0013914073666673188
2013-11-01,33725583.57702634,0.00197366491586326
2013-11-04,34022462.867548026,0.008802791798802945
2013-11-05,34152586.86260939,0.003824649484311049
2013-11-06,33710988.30132545,-0.012930164355058116
2013-11-07,32786691.30949335,-0.02741827037434419
2013-11-08,33295261.80813168,0.015511491959881774
2013-11-11,33341996.33844586,0.0014036390698319856
2013-11-12,33334029.985856388,-0.0002389284825242699
2013-11-13,33664996.00798585,0.009928773156737902
2013-11-14,33750305.17582766,0.002534061427530654
2013-11-15,33949070.16035526,0.005889279622572463
2013-11-18,33671568.38095195,-0.008174061265671217
2013-11-19,32872431.06561676,-0.023733296480102806
2013-11-20,32706273.479850847,-0.005054618121618226
2013-11-21,32984432.150626943,0.008504749737002548
2013-11-22,33204478.75842954,0.006671226195367863
2013-11-25,32991993.3514612,-0.006399299579861517
2013-11-26,33177354.509697396,0.005618367955569026
2013-11-27,33234966.677802216,0.0017364907165211552
2013-11-29,33232514.116312657,-7.37946125638489e-05
2013-12-02,33390613.966619983,0.004757384582881219
2013-12-03,33211388.60979828,-0.005367537027048175
2013-12-04,33143798.29053743,-0.002035154869763689
2013-12-05,33090254.79410235,-0.0016154906557698245
2013-12-06,33347253.9701576,0.007766612183991217
2013-12-09,33375251.619745106,0.000839578863451873
2013-12-10,33249780.477328833,-0.003759406635965079
2013-12-11,32893092.719775215,-0.010727522180088545
2013-12-12,32800956.174741045,-0.00280109097125969
2013-12-13,32785750.823051747,-0.0004635642817329977
2013-12-16,32981101.316830736,0.00595839622015415
2013-12-17,32964303.435683653,-0.0005093183816305968
2013-12-18,33390994.002832137,0.01294401891370156
2013-12-19,33344142.848196834,-0.001403107515497437
2013-12-20,33558002.93434557,0.006413722707534042
2013-12-23,33641234.08301974,0.002480217575432153
2013-12-24,33818229.913923845,0.005261276398699
2013-12-26,33996805.798166566,0.005280462185550228
2013-12-27,33827575.73413142,-0.004977822476612603
2013-12-30,33799175.55906698,-0.000839556913201478
2013-12-31,34000775.980236925,0.005964654990404439
2014-01-02,33834131.211235486,-0.004901204875391696
2014-01-03,33865396.55090109,0.0009240769171936503
2014-01-06,33927880.17763899,0.0018450581744697825
2014-01-07,34276220.159206524,0.010267071792982696
2014-01-08,34945628.86322681,0.019529828578268127
2014-01-09,35188777.72137303,0.006957919089047637
2014-01-10,35498835.21013223,0.0088112605448889
2014-01-13,34827623.51785507,-0.0189079920032299
2014-01-14,35543438.35941687,0.020553077392571062
2014-01-15,35696327.283988036,0.004301466926895037
2014-01-16,35724675.871750794,0.0007941597895275709
2014-01-17,35818703.2336096,0.0026320004188802315
2014-01-21,36061730.951096006,0.00678493902756272
2014-01-22,36172836.25271121,0.0030809752800240453
2014-01-23,35883983.09845332,-0.007985360955383602
2014-01-24,34998793.06234294,-0.024668109827209572
2014-01-27,34722106.457390845,-0.007905604186385418
2014-01-28,35268828.80747967,0.015745656179003253
2014-01-29,35303832.60308784,0.000992485341638094
2014-01-30,35477810.95978043,0.004928030297689956
2014-01-31,35366930.97373215,-0.003125333357629656
2014-02-03,34524846.64073927,-0.023809935151520967
2014-02-04,34629468.231199995,0.0030303274493701515
2014-02-05,34359239.041362524,-0.0078034461295597435
2014-02-06,34569273.307885036,0.006112890517443237
2014-02-07,35641279.47251803,0.031010376037857723
2014-02-10,35622311.39936271,-0.0005321939457851865
2014-02-11,36137304.07065913,0.014457025697260928
2014-02-12,36248250.35485251,0.0030701317391150784
2014-02-13,36690104.343603835,0.012189663898968695
2014-02-14,36633510.95126062,-0.0015424701934128038
2014-02-18,37007356.79416568,0.010205023575339256
2014-02-19,36701840.91871253,-0.008255544354394906
2014-02-20,37137290.19886852,0.011864507862709983
2014-02-21,37270953.644706205,0.0035991706751332675
2014-02-24,37818262.35381456,0.014684590963936595
2014-02-25,37942789.15463845,0.0032927689712145547
2014-02-26,37801556.33995911,-0.0037222570566368685
2014-02-27,37832625.54281979,0.0008219027434022141
2014-02-28,37479199.360792175,-0.009341835967149548
2014-03-03,37289280.76357455,-0.00506730667828259
2014-03-04,38145960.74776092,0.02297389401576244
2014-03-05,38145940.36886432,-5.342347184633667e-07
2014-03-06,38095645.03112386,-0.0013184977812609189
2014-03-07,37821006.96381516,-0.007209172257992336
2014-03-10,37678696.38312808,-0.0037627390731092003
2014-03-11,37380027.01466312,-0.007926743681044512
2014-03-12,37441788.35612704,0.001652255131856517
2014-03-13,36917654.991706945,-0.013998619922606426
2014-03-14,36875029.08190255,-0.001154621273045997
2014-03-17,37264228.04128201,0.010554539727006595
2014-03-18,37682567.76407312,0.01122630857474527
2014-03-19,37477442.76768228,-0.005443498375033995
2014-03-20,37416361.422872856,-0.001629816238745363
2014-03-21,36985283.79597108,-0.011521099607463614
2014-03-24,36602738.90277081,-0.010343165008833699
2014-03-25,36666042.96540433,0.001729489774021431
2014-03-26,36310330.3271974,-0.009701418790747485
2014-03-27,36229128.86278923,-0.002236318526338321
2014-03-28,36601481.93024649,0.010277726214932503
2014-03-31,36855005.82707902,0.006926601969714952
2014-04-01,37113213.64836651,0.007006044782599696
2014-04-02,37183254.442446515,0.001887219865776446
2014-04-03,36953498.12452028,-0.006179026590635295
2014-04-04,36534867.43062729,-0.0113285809230389
2014-04-07,36042564.11524228,-0.013474889879367846
2014-04-08,36380568.081840634,0.009377911225117774
2014-04-09,36751712.30911778,0.010201716104109027
2014-04-10,35958334.721767075,-0.021587499942250954
2014-04-11,35507812.171543516,-0.012529015976672553
2014-04-14,35678407.50942575,0.004804445203722141
2014-04-15,35871390.78081103,0.00540896538990121
2014-04-16,35967722.17343716,0.0026854657856663078
2014-04-17,35983414.82104329,0.00043629806553924233
2014-04-21,36074969.20903207,0.002544349624517661
2014-04-22,36173459.877859116,0.0027301664003189785
2014-04-23,36261057.74972599,0.0024216061212460893
2014-04-24,36193341.977295116,-0.0018674516584223921
2014-04-25,36235247.75090992,0.0011578310077331455
2014-04-28,36265115.16100285,0.0008242639956059783
2014-04-29,36330522.15990484,0.0018035789659458512
2014-04-30,36461515.263925806,0.0036055937606516153
2014-05-01,36477607.00178772,0.00044133486349751117
2014-05-02,36490896.03567413,0.0003643066247673854
2014-05-05,36584661.51369022,0.0025695581145614987
2014-05-06,36538957.29763821,-0.0012492726230337592
2014-05-07,37087242.24183887,0.015005489613030276
2014-05-08,36699927.327800915,-0.01044334629985022
2014-05-09,36496652.749907486,-0.005538827804147828
2014-05-12,36661444.966881424,0.004515269334510519
2014-05-13,36675034.57216489,0.00037067838694704314
2014-05-14,36762004.352517836,0.0023713619187410995
2014-05-15,36329907.60015084,-0.011753895359554956
2014-05-16,36546395.69367587,0.005958949742116415
2014-05-19,36562032.85517165,0.00042787150959711084
2014-05-20,36497262.92984835,-0.001771507770912617
2014-05-21,36766779.97845827,0.007384582485759461
2014-05-22,36851127.7149079,0.0022941290071920584
2014-05-23,36803203.994370036,-0.0013004682219935892
2014-05-27,37022726.84584736,0.0059647755535334746
2014-05-28,37111552.860512115,0.002399229398596159
2014-05-29,37520842.57937184,0.01102863360091888
2014-05-30,37994680.87827308,0.012628668929778986
2014-06-02,37961905.273513764,-0.0008626366639140626
2014-06-03,38043023.59970432,0.0021368349561514677
2014-06-04,38021012.51874286,-0.0005785838999828874
2014-06-05,38154699.844946176,0.003516143241514502
2014-06-06,38304901.04562897,0.003936636935768956
2014-06-09,38335483.63621038,0.0007983988927415808
2014-06-10,38241839.91653759,-0.0024427426183385448
2014-06-11,38173868.075388275,-0.0017774207856542379
2014-06-12,37963966.600207806,-0.005498564483063184
2014-06-13,38342245.49591518,0.009964156266677016
2014-06-16,38475879.727332816,0.0034853000832169023
2014-06-17,38650273.17119263,0.004532539479166875
2014-06-18,38939041.541316606,0.007471315114512711
2014-06-19,39108580.19680389,0.004353950399816453
2014-06-20,39337153.08698267,0.005844571422141787
2014-06-23,39193279.01626644,-0.003657460172526661
2014-06-24,38555212.34256824,-0.01628000232982252
2014-06-25,38869608.103879325,0.008154429510532468
2014-06-26,39149111.16166204,0.007190786617548239
2014-06-27,39341528.705038436,0.0049149913667727585
2014-06-30,39662351.126793645,0.008154803138448408
2014-07-01,39717075.30393506,0.0013797512146083157
2014-07-02,39616046.44600081,-0.002543713432097583
2014-07-03,39617160.93730376,2.8132320181617487e-05
2014-07-07,39306884.06866317,-0.007831880460379637
2014-07-08,38982838.42958372,-0.008243992032372582
2014-07-09,39259144.1172289,0.0070878801743563535
2014-07-10,39096604.675389476,-0.004140167736568112
2014-07-11,39054965.9682688,-0.001065021054037718
2014-07-14,39290172.383136936,0.006022445777042584
2014-07-15,38893880.59689986,-0.010086282706338046
2014-07-16,38955150.15545068,0.0015753007313881184
2014-07-17,38493848.872095615,-0.011841856122084993
2014-07-18,38835229.097315095,0.008868435742910297
2014-07-21,38876436.77654806,0.0010610901542438267
2014-07-22,39262798.1598389,0.009938189179002022
2014-07-23,39328744.79202287,0.0016796213024732332
2014-07-24,39217480.16372993,-0.0028290917719679953
2014-07-25,39042648.93222646,-0.0044579924761500855
2014-07-28,38938911.36027932,-0.0026570321119145923
2014-07-29,38685601.368593976,-0.006505317761496099
2014-07-30,38402877.24414705,-0.00730825202258456
2014-07-31,37195962.278392956,-0.031427722409472225
2014-08-01,37200441.39737111,0.00012041949458474477
2014-08-04,37432756.29182612,0.0062449499449064305
2014-08-05,37173388.86255489,-0.006928889426394247
2014-08-06,36867812.24041551,-0.008220305747996814
2014-08-07,36884745.97182582,0.0004593093644906787
2014-08-08,36907536.95029218,0.0006178971242953857
2014-08-11,36934314.34162467,0.0007255263706313908
2014-08-12,36932790.00893078,-4.127144962784435e-05
2014-08-13,37170678.973965935,0.0064411317145991465
2014-08-14,37457002.755818404,0.007702947316432063
2014-08-15,37681805.38611548,0.0060016182224338355
2014-08-18,38173100.647942126,0.013037996900426618
2014-08-19,38195998.19793206,0.0005998346899065421
2014-08-20,38238777.79764854,0.0011200021398787285
2014-08-21,38281981.74904316,0.0011298465558509108
2014-08-22,38284597.05505878,6.831689207631442e-05
2014-08-25,39190147.28804694,0.023653121689797274
2014-08-26,39218328.20171981,0.0007190815963447061
2014-08-27,39228572.298291475,0.00026120686529451653
2014-08-28,39260767.46891128,0.0008207071716757053
2014-08-29,39472882.465649314,0.005402721607670857
2014-09-02,39579209.50269506,0.002693672982667872
2014-09-03,39543932.19259945,-0.0008913091125077877
2014-09-04,39281120.07068386,-0.006646079621914214
2014-09-05,39458316.71967846,0.004510987687615486
2014-09-08,39481075.65450945,0.0005767842301198645
2014-09-09,39205245.72310733,-0.006986383395828577
2014-09-10,39259787.854067475,0.0013911947229041655
2014-09-11,39352506.44511615,0.0023616681626839053
2014-09-12,39082361.00673164,-0.006864758125667891
2014-09-15,38729548.402659796,-0.009027412750500674
2014-09-16,39030152.13719037,0.007761612178001309
2014-09-17,39271241.52229796,0.006177003467989772
2014-09-18,39479485.81376354,0.005302717291159054
2014-09-19,39456165.30297134,-0.000590699455970789
2014-09-22,39255028.98882504,-0.005097715720771112
2014-09-23,38997182.73273169,-0.006568489763865593
2014-09-24,39285944.50801085,0.007404682980773014
2014-09-25,38766332.35655528,-0.013226413618478983
2014-09-26,38986456.31489219,0.005678225020419925
2014-09-29,38998853.61690588,0.00031798996845378014
2014-09-30,38751261.08075282,-0.00634871318488528
2014-10-01,38280578.29474263,-0.012146257254166404
2014-10-02,38252439.67309201,-0.000735062606263881
2014-10-03,38625993.062456325,0.00976547881799772
2014-10-06,38467930.785065114,-0.004092122036464696
2014-10-07,38298912.85079387,-0.004393736050312014
2014-10-08,38634663.2189875,0.008766576991406039
2014-10-09,38063163.4842133,-0.014792408867002393
2014-10-10,37728141.50667487,-0.008801737608524873
2014-10-13,37426776.09258953,-0.007987814985056296
2014-10-14,37611696.48038847,0.004940858046161178
2014-10-15,37367636.98336567,-0.006488925516828448
2014-10-16,37056255.508235656,-0.008332918543086487
2014-10-17,37099946.040716946,0.0011790325784961642
2014-10-20,37295207.982370704,0.005263132766809342
2014-10-21,37380367.479929455,0.0022833898016871856
2014-10-22,37309790.095248796,-0.0018880869675386158
2014-10-23,37463891.455204226,0.0041303196711111045
2014-10-24,37815617.40517044,0.009388398703503054
2014-10-27,37895861.77277728,0.0021219901488602755
2014-10-28,38122292.126856394,0.005975068080963153
2014-10-29,38076096.93910865,-0.0012117631225853076
2014-10-30,38437439.54250251,0.009490011646196894
2014-10-31,38574467.52109461,0.003564961147856538
2014-11-03,38586556.97737406,0.00031340565551141175
2014-11-04,38576930.299614035,-0.00024948268293722986
2014-11-05,38623435.83549827,0.0012055271252287003
2014-11-06,38832599.546410695,0.005415461011891276
2014-11-07,38799847.8390093,-0.0008434075437636634
2014-11-10,39135116.03468174,0.008640966765219193
2014-11-11,39049092.22805704,-0.0021981232034283815
2014-11-12,38937797.74345395,-0.002850117077065506
2014-11-13,38935271.47449578,-6.487960553935856e-05
2014-11-14,38698574.9613401,-0.006079231097970594
2014-11-17,38827620.703234434,0.0033346380848195967
2014-11-18,39132567.22535908,0.007853855492599093
2014-11-19,39097051.26784665,-0.0009075805660256897
2014-11-20,39021343.04360348,-0.0019364177549991979
2014-11-21,39300965.53570465,0.007165885904765412
2014-11-24,39565569.76987416,0.0067327667542702585
2014-11-25,39652533.65570264,0.002197968747430945
2014-11-26,39891630.72074458,0.006029805487790085
2014-11-28,40051173.80795627,0.003999412516588974
2014-12-01,39869847.13933025,-0.004527374640640236
2014-12-02,40108000.99603974,0.005973282412576886
2014-12-03,40163587.03544089,0.0013859089962284799
2014-12-04,40066914.66639279,-0.002406965517367743
2014-12-05,40030519.54150211,-0.0009083585595175414
2014-12-08,40216069.1887955,0.004635204574375162
2014-12-09,40274743.33406288,0.0014589726557296956
2014-12-10,39749946.05881769,-0.013030431277791354
2014-12-11,40036927.86775645,0.007219677946584069
2014-12-12,39685670.35786621,-0.008773338230407046
2014-12-15,39425141.85420524,-0.006564800375340796
2014-12-16,38953906.33873676,-0.01195266505853354
2014-12-17,39393204.00903013,0.011277371426457572
2014-12-18,39786279.81593477,0.009978264444154616
2014-12-19,39683615.352869175,-0.0025803986585465344
2014-12-22,39844958.97469687,0.004065749060235824
2014-12-23,39837763.40118407,-0.00018058930660136419
2014-12-24,39835556.02979354,-5.540901903300366e-05
2014-12-26,39909950.33753706,0.0018675353166373032
2014-12-29,40043258.784503385,0.0033402308406518255
2014-12-30,39792962.4405279,-0.006250648712745388
2014-12-31,39484823.975739725,-0.007743541719184677
2015-01-02,39414119.89734686,-0.001790664647164375
2015-01-05,38974191.68021016,-0.01116169074135076
2015-01-06,38919796.134573445,-0.0013956811749435971
2015-01-07,39601833.99891397,0.017524189026639325
2015-01-08,40033025.12163001,0.010888160450545303
2015-01-09,39800916.18009501,-0.005797936599340137
2015-01-12,39896335.8028416,0.002397422770742841
2015-01-13,39753815.1034275,-0.0035722754119175137
2015-01-14,39746065.64758857,-0.00019493615439836187
2015-01-15,39555951.668999664,-0.004783215029999899
2015-01-16,39891298.88901222,0.008477794260107974
2015-01-20,40045141.98528082,0.003856557709404962
2015-01-21,39919234.16631142,-0.0031441471481279404
2015-01-22,40445141.39702059,0.013174281563572476
2015-01-23,40466976.87386494,0.0005398788603556692
2015-01-26,40645710.49129331,0.0044167771164493885
2015-01-27,40510197.01704613,-0.003334016618462332
2015-01-28,40092099.344893806,-0.010320800759778925
2015-01-29,40215404.984904915,0.0030755595747273823
2015-01-30,39476139.11589289,-0.018382653843459162
2015-02-02,39525479.9810487,0.001249890852065505
2015-02-03,39442200.69282258,-0.002106977278101385
2015-02-04,39294856.10531582,-0.0037357090861711573
2015-02-05,39518760.43805776,0.005698057072453633
2015-02-06,39064606.17195259,-0.011492118200848278
2015-02-09,38884434.15855207,-0.004612154864878093
2015-02-10,39220838.39598122,0.008651385694786073
2015-02-11,39271435.283084765,0.001290051135386383
2015-02-12,39449372.43236148,0.004530956100638361
2015-02-13,39516074.014332905,0.0016908147800269724
2015-02-17,39541518.617169395,0.000643905131548772
2015-02-18,39673759.927763425,0.003344366003601218
2015-02-19,39734438.542798065,0.0015294394870846162
2015-02-20,39976562.81017934,0.006093562065070612
2015-02-23,39915609.23865806,-0.0015247326742596767
2015-02-24,39898306.698037505,-0.00043347805408922024
2015-02-25,39986888.654629916,0.0022201933847174615
2015-02-26,40000521.84669677,0.00034094155673392024
2015-02-27,40075194.20629961,0.001866784635686125
2015-03-02,40305326.04347683,0.005742500859572619
2015-03-03,40160316.06238187,-0.0035977870750514285
2015-03-04,39929874.070450656,-0.005738052249719905
2015-03-05,39955006.42096386,0.0006294122157475268
2015-03-06,39444068.92005108,-0.012787821769556618
2015-03-09,39790644.95591148,0.008786518362567275
2015-03-10,39409510.53531656,-0.009578493161325308
2015-03-11,39400417.29675298,-0.00023073716065125094
2015-03-12,39793063.658099666,0.009965538141116115
2015-03-13,39670856.15767739,-0.0030710754384803973
2015-03-16,40176199.038462095,0.012738391094362811
2015-03-17,40142086.96510367,-0.0008490617374173892
2015-03-18,40435757.462773874,0.0073157755331827445
2015-03-19,40601692.70612555,0.0041036758988486355
2015-03-20,40830391.02140972,0.005632728589408442
2015-03-23,40680529.549983025,-0.0036703413236506277
2015-03-24,40508724.13258004,-0.0042232837011595414
2015-03-25,39644129.610302985,-0.021343415296106283
2015-03-26,39543513.75007954,-0.0025379762706984055
2015-03-27,39911079.637334146,0.009295225749984537
2015-03-30,40414969.73232988,0.01262531857254956
2015-03-31,40109360.21883211,-0.007561789988260181
2015-04-01,39986896.96010142,-0.003053233910053632
2015-04-02,39998241.23993334,0.0002836999290853903
2015-04-06,40106363.34265141,0.00270317142370069
2015-04-07,39908558.00119554,-0.004932018886028233
2015-04-08,40151043.89374147,0.006076037438853765
2015-04-09,40144297.913679704,-0.00016801506032126934
2015-04-10,40228221.22960443,0.0020905413791314498
2015-04-13,40031186.79121649,-0.004897915750819659
2015-04-14,39911428.530686565,-0.0029916240343942357
2015-04-15,39812102.90807807,-0.002488651152441901
2015-04-16,39820256.40147887,0.0002047993651486113
2015-04-17,39250928.23194868,-0.014297451121109472
2015-04-20,39550152.10854134,0.00762335797065572
2015-04-21,39608621.0389444,0.0014783490653234033
2015-04-22,39641338.58734931,0.0008260208900667809
2015-04-23,39831916.87646825,0.004807564424168076
2015-04-24,39782557.790400706,-0.0012391843008866532
2015-04-27,39472634.6608007,-0.007790427433873703
2015-04-28,39411954.705987595,-0.001537266395682635
2015-04-29,39152832.078842975,-0.006574721529994387
2015-04-30,38799365.45204319,-0.009027868688732399
2015-05-01,39223647.96976862,0.010935295275636747
2015-05-04,39255145.405533664,0.0008030215799743612
2015-05-05,38801942.295898065,-0.011545062563230513
2015-05-06,38766314.20762245,-0.0009182037333058668
2015-05-07,39084374.5282937,0.008204554061234548
2015-05-08,39387898.31175432,0.007765860068731589
2015-05-11,39471696.83296486,0.002127519487007845
2015-05-12,39365871.88123916,-0.002681033758784812
2015-05-13,39234517.86174535,-0.0033367486408045766
2015-05-14,39768348.07653889,0.01360613673588773
2015-05-15,39981378.315210074,0.005356778668834439
2015-05-18,40284723.41768758,0.007587159704349311
2015-05-19,40368731.96656793,0.0020853698810172627
2015-05-20,40393501.789887376,0.000613589332950859
2015-05-21,40275851.119354986,-0.0029126137947723674
2015-05-22,40479824.718007825,0.005064414357089042
2015-05-26,40250466.456174925,-0.005665989500465152
2015-05-27,40704317.005494714,0.011275659371896785
2015-05-28,40634601.12021426,-0.001712739345830161
2015-05-29,40444706.90828344,-0.00467321461748893
2015-06-01,40623650.797567785,0.004424408110810019
2015-06-02,40542211.14679769,-0.0020047349061738107
2015-06-03,40667115.4322113,0.003080845417171574
2015-06-04,40596445.69021208,-0.0017377613643885237
2015-06-05,41120175.22152074,0.012900871551790427
2015-06-08,41013997.89101992,-0.0025821225208507714
2015-06-09,41263911.69523795,0.0060933782871421815
2015-06-10,41658686.71672441,0.009567077023674875
2015-06-11,41590336.173565276,-0.0016407272659340055
2015-06-12,41669701.82801959,0.0019082715302685127
2015-06-15,41379522.75994011,-0.006963790364450273
2015-06-16,41579672.526810855,0.004836927869658947
2015-06-17,41767280.2439695,0.0045120056450100865
2015-06-18,42144339.15284722,0.00902761459868251
2015-06-19,41643285.864421554,-0.011888981972370538
2015-06-22,41318322.87962859,-0.007803490479856623
2015-06-23,41431452.586085,0.002738003349893603
2015-06-24,41115438.87463637,-0.007627386724904928
2015-06-25,41052355.76529149,-0.0015342924962378213
2015-06-26,40877418.87027129,-0.004261311970021109
2015-06-29,40042235.94256266,-0.02043140077799832
2015-06-30,40278531.60671567,0.005901160576845754
2015-07-01,40540244.56888425,0.006497579522609653
2015-07-02,40416276.20123635,-0.003057908726654568
2015-07-06,40322379.67277775,-0.002323235520043543
2015-07-07,40438897.573959194,0.00288965835168975
2015-07-08,39853380.09405019,-0.014479066320691403
2015-07-09,39934728.4992598,0.002041192115138868
2015-07-10,40482452.44574318,0.013715479410196352
2015-07-13,41137127.40469794,0.01617182061368916
2015-07-14,40968920.46251517,-0.00408893262108434
2015-07-15,40774802.80045317,-0.004738168833118395
2015-07-16,41507185.295761704,0.01796164407937728
2015-07-17,41460151.70048692,-0.0011331434531067774
2015-07-20,41335565.12623793,-0.003004971500080833
2015-07-21,41291105.75732727,-0.0010755718175106121
2015-07-22,41427642.74030996,0.0033066923367257584
2015-07-23,41107605.739674255,-0.007725204222742366
2015-07-24,40902853.0046107,-0.004980896634073195
2015-07-27,40518440.96858268,-0.009398171711510916
2015-07-28,40924264.54189636,0.010015774635266483
2015-07-29,41116881.86030617,0.004706677580305074
2015-07-30,41629431.34617892,0.012465670125816564
2015-07-31,42072046.12493047,0.010632256181231314
2015-08-03,41910653.32895494,-0.0038361052252197103
2015-08-04,42319404.913451344,0.009752928003486927
2015-08-05,42854456.89978468,0.012643183131416436
2015-08-06,42298486.08217021,-0.01297346548842293
2015-08-07,42115563.180648506,-0.004324573252251995
2015-08-10,42355368.14521058,0.005693975016633823
2015-08-11,42447054.32860253,0.0021646886193413817
2015-08-12,42066389.16969794,-0.008967999427184847
2015-08-13,42328637.68460934,0.0062341579604914266
2015-08-14,42411620.33707675,0.0019604375904020976
2015-08-17,42685779.14543537,0.006464238012593437
2015-08-18,42554130.083181225,-0.0030841433585082623
2015-08-19,42220299.73331874,-0.007844840188483304
2015-08-20,40933949.043147996,-0.030467587826137565
2015-08-21,39500734.42003851,-0.03501285990263858
2015-08-24,37471909.16972024,-0.05136170960125375
2015-08-25,37715087.88349441,0.006489627007600474
2015-08-26,37692873.79001082,-0.0005889975267249214
2015-08-27,37697316.60872935,0.00011786893043175262
2015-08-28,37679545.33390975,-0.00047142015449141983
2015-08-31,37666216.87786321,-0.0003537318703934478
2015-09-01,37679452.0347177,0.00035138004162726943
2015-09-02,37688341.842961945,0.00023593252460396563
2015-09-03,37688341.842961945,0.0
2015-09-04,37692786.747056805,0.00011793843606544563
2015-09-08,37679452.0347177,-0.0003537735861396385
2015-09-09,37670562.226527974,-0.00023593252315712299
2015-09-10,37683896.93881256,0.0003539823006728504
2015-09-11,37697231.651151665,0.0003538570429899579
2015-09-14,37688341.84296194,-0.00023582124735299637
2015-09-15,37635002.99376907,-0.0014152612342329673
2015-09-16,37630558.08967421,-0.0001181055863233027
2015-09-17,37715011.26753112,0.0022442712025596556
2015-09-18,37732790.88391057,0.0004714201529287809
2015-09-21,37710566.36343625,-0.0005889975258572822
2015-09-22,37732790.88391057,0.0005893446483971054
2015-09-23,37719456.17162598,-0.0003533985155143027
2015-09-24,37741680.692100294,0.0005892057502947523
2015-09-25,37723901.07572085,-0.00047108703304699073
2015-09-28,37750570.50029002,0.0007069635909511263
2015-09-29,37768350.11666947,0.0004709760976806532
2015-09-30,37777239.92491371,0.0002353771932526172
2015-10-01,37777170.58437867,-1.8355108838408185e-06
2015-10-02,37830534.451000005,0.0014125956442965215
2015-10-05,37803852.5177166,-0.0007053015155776832
2015-10-06,37799405.5287906,-0.0001176332206861419
2015-10-07,37790511.55104763,-0.00023529411689282576
2015-10-08,37781617.573250145,-0.0002353494946866208
2015-10-09,37781617.573250145,0.0
2015-10-12,37772723.59550718,-0.00023540489566697964
2015-10-13,37786064.562176146,0.0003531904877134284
2015-10-14,37839428.42879748,0.0014122631514994488
2015-10-15,37817193.48433104,-0.000587613116521557
2015-10-16,37799405.5287906,-0.00047036688610457844
2015-10-19,37812746.495459564,0.0003529411767813073
2015-10-20,37790511.55104763,-0.0005880277544664247
2015-10-21,37803852.5177166,0.0003530242413085638
2015-10-22,37817193.48433105,0.00035289965773177556
2015-10-23,37762597.2905423,-0.0014436870840606186
2015-10-26,37850037.090864696,0.0023155134073444827
2015-10-27,37865023.71992209,0.00039594753953386963
2015-10-28,38029605.311169446,0.0043465334252719146
2015-10-29,37772147.16830369,-0.006769939912843026
2015-10-30,37967756.31750541,0.005178661099940474
2015-11-02,38288458.21731734,0.00844669084815175
2015-11-03,38201110.5895537,-0.0022813043885934192
2015-11-04,38230659.728243046,0.0007735151735988044
2015-11-05,38364576.9880639,0.003502875984165321
2015-11-06,38483543.40954882,0.0031009444342871006
2015-11-09,37921433.841194235,-0.014606491984703984
2015-11-10,37969962.63316935,0.001279719331772844
2015-11-11,38041969.81014627,0.0018964247521806588
2015-11-12,37709792.07289855,-0.008731875318378601
2015-11-13,37282098.62642558,-0.011341707895025754
2015-11-16,37605782.582829334,0.008682020817742497
2015-11-17,37558514.88843802,-0.0012569262263643077
2015-11-18,38062702.70226136,0.01342406150298947
2015-11-19,38355352.95655916,0.007688635685884071
2015-11-20,38587702.36348381,0.0060578091195719885
2015-11-23,38670321.80206625,0.0021410820940876985
2015-11-24,38506614.72859752,-0.004233403443257178
2015-11-25,38668016.3206278,0.004191528992300908
2015-11-27,38703751.8995256,0.0009241637481862686
2015-11-30,38660132.582826614,-0.0011270048653737597
2015-12-01,39077929.911216445,0.010806929528623055
2015-12-02,38779808.636624165,-0.007628891173857011
2015-12-03,38354405.69008241,-0.010969702056239705
2015-12-04,39073199.90826221,0.01874085141581694
2015-12-07,38958836.76306221,-0.0029268947889731223
2015-12-08,38736158.52517167,-0.005715731176595851
2015-12-09,38214596.26915521,-0.013464480626738773
2015-12-10,38294657.39294174,0.002095040419180183
2015-12-11,37712256.079399996,-0.015208422093080043
2015-12-14,37809134.546308815,0.0025688854759802204
2015-12-15,37989697.63350066,0.004775647191042953
2015-12-16,38045317.25644494,0.0014640712195412853
2015-12-17,37708128.804200426,-0.008862810893958128
2015-12-18,37237861.60640175,-0.012471241949992828
2015-12-21,37583353.66192059,0.009277977859487141
2015-12-22,37681236.00509371,0.0026044068353667793
2015-12-23,37890922.89378762,0.005564756120674197
2015-12-24,37924094.724995345,0.0008754558789900724
2015-12-28,37967347.01080356,0.0011404961969918581
2015-12-29,38134663.27638926,0.00440684637612665
2015-12-30,38012240.094449535,-0.0032102861654353942
2015-12-31,37753696.68236632,-0.006801583159550928
2016-01-04,37384701.51567562,-0.009773749304476609
2016-01-05,37674187.22829521,0.007743427147551385
2016-01-06,37440152.655567534,-0.006212066933507732
2016-01-07,36946875.90067971,-0.013175073280970562
2016-01-08,36930532.78095495,-0.00044234104579476963
2016-01-11,36989047.33416213,0.0015844492023509016
2016-01-12,37029118.79571612,0.0010833331605428764
2016-01-13,36795682.60839466,-0.006304124832386404
2016-01-14,36805544.539896086,0.0002680187131296474
2016-01-15,36782576.56299689,-0.0006240357855404888
2016-01-19,36808709.08843514,0.0007104593500539824
2016-01-20,36801388.168316156,-0.0001988909771706293
2016-01-21,36782919.78661165,-0.0005018392681287454
2016-01-22,36792732.91387361,0.00026678489143594497
2016-01-25,36794373.62513142,4.459335112860785e-05
2016-01-26,36818615.63649454,0.0006588510409255566
2016-01-27,36829301.01982949,0.00029021686856567364
2016-01-28,36855552.39990993,0.0007127851833599319
2016-01-29,36922925.362247445,0.0018280274734854274
2016-02-01,36944678.524672076,0.0005891505673294439
2016-02-02,36978861.5406887,0.0009252487064894677
2016-02-03,36941150.319562145,-0.0010198048170050322
2016-02-04,36945687.413208656,0.00012281950094306104
2016-02-05,36929255.16296688,-0.00044476774942625585
2016-02-08,36995009.30176778,0.0017805433256299352
2016-02-09,36990764.91191493,-0.00011472871430384668
2016-02-10,37007409.28042877,0.00044996010635278694
2016-02-11,37026270.48248045,0.0005096601577474491
2016-02-12,36953955.515761636,-0.001953071853483923
2016-02-16,36867360.9433415,-0.00234330997078791
2016-02-17,36864460.96928031,-7.865965957387644e-05
2016-02-18,36936336.2920906,0.001949718534340894
2016-02-19,36891051.79557173,-0.001226014842424128
2016-02-22,36917141.693682194,0.0007072148079441121
2016-02-23,36921246.72255232,0.0001111957394803742
2016-02-24,36924479.07405188,8.754719264625344e-05
2016-02-25,36948451.86817501,0.0006492385193856975
2016-02-26,36854763.914838225,-0.002535639481487384
2016-02-29,36874874.250283115,0.0005456644761410168
2016-03-01,36799774.89213914,-0.00203659970836112
2016-03-02,36815993.2326057,0.00044071846944993
2016-03-03,36837026.098607525,0.0005712969868538753
2016-03-04,36830633.92806271,-0.00017352569471018597
2016-03-07,36800182.84396886,-0.0008267868577370718
2016-03-08,36852203.988453895,0.001413611033010298
2016-03-09,36856889.27137293,0.00012713711561196384
2016-03-10,36865641.05247845,0.00023745305907607595
2016-03-11,36829464.23478242,-0.000981315302357788
2016-03-14,36874238.75611388,0.0012157255681490842
2016-03-15,36869332.59284235,-0.00013305124219598063
2016-03-16,36965932.69465016,0.0026200664621351955
2016-03-17,36966273.1802178,9.210793366243308e-06
2016-03-18,36877889.46926828,-0.002390928361066802
2016-03-21,36843532.44550027,-0.0009316428966641421
2016-03-22,36725598.64524372,-0.0032009362954271703
2016-03-23,36647726.76709029,-0.0021203705596645195
2016-03-24,36581396.24089195,-0.0018099492669735318
2016-03-28,36696899.44530287,0.003157430177085585
2016-03-29,37075661.19039079,0.01032135550450164
2016-03-30,37134010.561623365,0.0015737917911413657
2016-03-31,37086475.60307127,-0.0012800922344008425
2016-04-01,37373673.80836366,0.007744014512627517
2016-04-04,37212220.6414838,-0.004319970461232336
2016-04-05,36884244.12508773,-0.008813677623700888
2016-04-06,36961249.938363284,0.002087769862231692
2016-04-07,36762724.78735381,-0.0053711698424845356
2016-04-08,36870857.84373843,0.0029413776321012275
2016-04-11,36781542.3258597,-0.0024223878450903014
2016-04-12,36989646.44244953,0.005657840955829663
2016-04-13,37000796.192949615,0.00030142895573304074
2016-04-14,36710400.790489346,-0.007848355504187832
2016-04-15,36860625.37337151,0.0040921531676954
2016-04-18,37013046.32087591,0.004135061355049929
2016-04-19,37137192.53719501,0.0033541204699241156
2016-04-20,36662144.69045597,-0.012791700564420694
2016-04-21,36214052.47083699,-0.012222204221883248
2016-04-22,36232827.056137934,0.0005184337023884655
2016-04-25,36307362.86413657,0.002057134760231394
2016-04-26,36571528.040479034,0.007275801807225202
2016-04-27,36851133.31201642,0.007645435849109372
2016-04-28,36751546.15825659,-0.002702417668315138
2016-04-29,37061456.718909375,0.008432585647370372
2016-05-02,37297720.975828156,0.006374931744068002
2016-05-03,36795882.94929787,-0.013454924681739144
2016-05-04,36570065.8402942,-0.006137021071483173
2016-05-05,36600582.448195495,0.0008344695914568323
2016-05-06,36824626.0360813,0.006121312091219133
2016-05-09,36755231.42622028,-0.0018844620388818178
2016-05-10,37106069.477702655,0.009545254862198815
2016-05-11,36923792.27794619,-0.004912328422874257
2016-05-12,37084925.070160665,0.004363928574874887
2016-05-13,36900398.99023707,-0.0049757706015176595
2016-05-16,37138626.81440599,0.006455968788628752
2016-05-17,36715797.99243857,-0.011385149593183375
2016-05-18,36348539.08960002,-0.010002748759925795
2016-05-19,36389484.29994579,0.0011264609629795252
2016-05-20,36512856.99100518,0.0033903390892400243
2016-05-23,36324511.006353185,-0.005158346954290516
2016-05-24,36558409.786888994,0.006439144645192796
2016-05-25,36707653.401595205,0.004082333328397025
2016-05-26,36721069.534203984,0.00036548597814189954
2016-05-27,37044570.08043388,0.008809671132497199
2016-05-31,37005961.91682737,-0.0010422084403376441
2016-06-01,37147582.74655806,0.00382697334145754
2016-06-02,37203556.109517165,0.0015067834518596168
2016-06-03,37281271.800835386,0.002088931796988547
2016-06-06,37317113.93939186,0.0009613979573430687
2016-06-07,37425595.50174137,0.002907019083139728
2016-06-08,37552068.79537713,0.0033793261520680407
2016-06-09,37595729.40227614,0.0011626684840433388
2016-06-10,37266413.421376206,-0.008759398637442017
2016-06-13,36965415.88375449,-0.008076911888951988
2016-06-14,36876054.76870891,-0.002417424852640626
2016-06-15,36965698.14605758,0.002430937309073178
2016-06-16,37092618.87545706,0.0034334730781493406
2016-06-17,37007992.79143335,-0.002281480428973137
2016-06-20,37262280.27798383,0.006871150456161601
2016-06-21,37361938.624122255,0.002674510131826402
2016-06-22,37339969.71994003,-0.0005880022555371234
2016-06-23,37733319.07671928,0.010534270909416277
2016-06-24,36664350.02702266,-0.028329579158493656
2016-06-27,36588777.94980321,-0.0020611868794551125
2016-06-28,36771735.34259674,0.005000369048797637
2016-06-29,37053838.787003435,0.007671746839750249
2016-06-30,37555140.074040785,0.01352899735757429
2016-07-01,37610636.65479978,0.001477735954374948
2016-07-05,37886915.13815369,0.0073457539655512605
2016-07-06,37983619.16044448,0.0025524385381645587
2016-07-07,37650068.54848202,-0.00878143313709856
2016-07-08,37953736.53647576,0.008065536125192008
2016-07-11,37915005.0441526,-0.001020492205976553
2016-07-12,37622766.484525636,-0.007707728359435784
2016-07-13,37794643.721817225,0.004568436969202727
2016-07-14,37700916.74112846,-0.002479901156857922
2016-07-15,37686765.929044835,-0.00037534397852423407
2016-07-18,37678401.73230661,-0.00022193989141905401
2016-07-19,37719212.7382657,0.0010831405814142325
2016-07-20,37506979.09828869,-0.005626672047736037
2016-07-21,37372986.89194056,-0.0035724606345129972
2016-07-22,37675253.112971805,0.008087826159177913
2016-07-25,37597556.197987586,-0.0020622798405955933
2016-07-26,37600395.94405863,7.55300705206352e-05
2016-07-27,37402212.4668682,-0.005270781655737911
2016-07-28,37594660.63638841,0.005145368597932354
2016-07-29,37655783.987777285,0.0016258519256244774
2016-08-01,37782510.08475832,0.0033653819828094456
2016-08-02,37461240.76581275,-0.008503122694200616
2016-08-03,37284601.56664016,-0.004715252233017053
2016-08-04,37410487.34560335,0.0033763477058534885
2016-08-05,37488904.10188497,0.002096116940610626
2016-08-08,37378866.98572233,-0.002935191593320119
2016-08-09,37468680.12499347,0.0024027785354072684
2016-08-10,37625486.21036404,0.004184990900332641
2016-08-11,37804555.31075598,0.004759250136749493
2016-08-12,37879548.668903634,0.001983712214869371
2016-08-15,37924299.897707336,0.0011814087119903505
2016-08-16,37767502.694666736,-0.0041344785128143435
2016-08-17,37865557.928809375,0.0025962858845969272
2016-08-18,38057547.96387822,0.005070307835680188
2016-08-19,38174383.00510116,0.00306995714316205
2016-08-22,38041104.08508572,-0.003491318248617925
2016-08-23,37917626.74857551,-0.0032458925543810135
2016-08-24,37511717.797263846,-0.010705019963489937
2016-08-25,37610175.81608648,0.0026247270080981266
2016-08-26,37530636.14241767,-0.0021148445053210674
2016-08-29,37687433.63365802,0.004177853278195309
2016-08-30,37645096.35858039,-0.0011233790947182687
2016-08-31,37594813.79896037,-0.001335700117249261
2016-09-01,37747004.74870311,0.004048190012499564
2016-09-02,38009728.66051155,0.006960126069803563
2016-09-06,38287603.74258665,0.0073106305113874726
2016-09-07,38253417.9119442,-0.0008928694224972222
2016-09-08,38106714.85687048,-0.0038350313012923687
2016-09-09,37198577.72852633,-0.023831420046444007
2016-09-12,37558445.140942685,0.009674225048136309
2016-09-13,37056923.4506769,-0.013353100438097454
2016-09-14,37081586.548599206,0.0006655462900240217
2016-09-15,37584374.09876561,0.013558954644711685
2016-09-16,37639140.08810636,0.001457147834811101
2016-09-19,37446456.24469247,-0.005119241379129558
2016-09-20,37329079.03337306,-0.0031345345618931653
2016-09-21,37951744.6852006,0.016680445056543425
2016-09-22,37908755.68867418,-0.0011327278069296343
2016-09-23,37794284.92142448,-0.00301963926723936
2016-09-26,37505698.76009837,-0.007635708994788271
2016-09-27,37766214.90840532,0.006946041719508189
2016-09-28,37972663.85604581,0.005466498248267504
2016-09-29,37362374.93189262,-0.016071796449856568
2016-09-30,37525542.25570696,0.004367156105889336
2016-10-03,37468825.01610816,-0.001511430246958545
2016-10-04,37240527.25074764,-0.006093005725756551
2016-10-05,37730845.662565984,0.013166258590189495
2016-10-06,37695136.70797484,-0.0009464127814809986
2016-10-07,37593010.7501722,-0.0027092608416257047
2016-10-10,38334201.643461175,0.01971618868769598
2016-10-11,37666007.33212719,-0.01743076111376274
2016-10-12,37692555.64975706,0.0007048349296958634
2016-10-13,37551411.52110836,-0.003744615514008176
2016-10-14,37496990.97646992,-0.0014492276703859108
2016-10-17,37456257.98775539,-0.0010863001977969855
2016-10-18,37848477.30082307,0.010471396080086182
2016-10-19,38075410.81518411,0.00599584264797115
2016-10-20,38034048.21037406,-0.0010863337761691794
2016-10-21,38027943.65525966,-0.00016050237620335306
2016-10-24,38266736.962354586,0.006279416769407575
2016-10-25,38182528.33368713,-0.002200569877444769
2016-10-26,37923675.506663404,-0.00677935271235941
2016-10-27,37786608.68632411,-0.0036142810133266146
2016-10-28,37839475.64594395,0.0013990924684110784
2016-10-31,37719009.293492526,-0.0031836157979195923
2016-11-01,37355598.79815456,-0.00963467763721626
2016-11-02,36917373.83784853,-0.011731172151031921
2016-11-03,36902774.83824779,-0.0003954506532577451
2016-11-04,36652362.28761295,-0.006785737704886552
2016-11-07,37344511.10828309,0.018884153093293277
2016-11-08,37574500.97191493,0.006158598862493481
2016-11-09,38525390.48354507,0.02530677685755256
2016-11-10,38478529.50712923,-0.001216366033612526
2016-11-11,38925881.72139149,0.011626021575990242
2016-11-14,39497104.36668776,0.014674623156509137
2016-11-15,39449736.06437631,-0.001199285443096998
2016-11-16,39030479.42324105,-0.010627615871779073
2016-11-17,39644859.29653101,0.015741028098264165
2016-11-18,39650425.81678805,0.00014040963584727173
2016-11-21,40003655.01997282,0.00890858536594119
2016-11-22,40158617.0353698,0.003873696423979389
2016-11-23,40586133.56481111,0.010645698507614876
2016-11-25,40697079.64873755,0.0027335957920029408
2016-11-28,40213634.94054437,-0.011879100720883828
2016-11-29,40281632.36166043,0.0016909046202013833
2016-11-30,40485625.19520012,0.005064165019634359
2016-12-01,40626089.49947595,0.0034694858631572068
2016-12-02,40672838.06299202,0.001150703011095322
2016-12-05,41013348.75434406,0.008371943232106771
2016-12-06,41349208.95058394,0.008189045918965743
2016-12-07,41782233.3340504,0.010472374066066603
2016-12-08,41739746.10930443,-0.0010168729949471267
2016-12-09,41639625.49506011,-0.002398687667676036
2016-12-12,41360105.31450333,-0.0067128408873403655
2016-12-13,41304406.67444836,-0.001346675489132143
2016-12-14,41035979.73792962,-0.0064987481513636425
2016-12-15,41385089.627419256,0.008507409637083851
2016-12-16,41025061.651340224,-0.00869946106968189
2016-12-19,41068972.24553126,0.0010703358489554393
2016-12-20,41686017.392627314,0.0150246064938524
2016-12-21,41587224.90226612,-0.0023699191369301875
2016-12-22,41355561.66825891,-0.005570538417786763
2016-12-23,41682108.853828885,0.007896088758011066
2016-12-27,41629659.30628727,-0.0012583227908536943
2016-12-28,41161543.25435674,-0.011244772590772167
2016-12-29,40970507.12921182,-0.0046411312609058175
2016-12-30,41028776.788080625,0.0014222342595133775
2017-01-03,41133546.050658904,0.002553555596342294
2017-01-04,41517517.370434575,0.009334748803392356
2017-01-05,41151652.633856386,-0.00881229803106498
2017-01-06,41345616.13567655,0.004713383045535036
2017-01-09,41161417.4731552,-0.0044550953580397845
2017-01-10,41427308.460566826,0.0064597140656061924
2017-01-11,41561243.2468699,0.0032330071945312344
2017-01-12,41314359.38439131,-0.0059402424757152295
2017-01-13,41745688.65036553,0.010440178001094313
2017-01-17,40680631.18951318,-0.02551299296491616
2017-01-18,40995419.70992105,0.007738044155249479
2017-01-19,40937198.763222665,-0.0014201817449448484
2017-01-20,41066426.076753974,0.003156720963707116
2017-01-23,40934795.83718677,-0.0032053005859624673
2017-01-24,41347001.461364545,0.0100698101883121
2017-01-25,41682606.98841385,0.008116804488540685
2017-01-26,42127467.88796876,0.01067257860523374
2017-01-27,41906686.255564556,-0.005240799969068677
2017-01-30,41627319.75084015,-0.006666394546701038
2017-01-31,41586534.851559065,-0.0009797627982104373
2017-02-01,41725108.47846281,0.0033321753639339313
2017-02-02,41434727.6763769,-0.006959378002235561
2017-02-03,41970833.11584593,0.012938553467908509
2017-02-06,41860680.85445722,-0.0026244954700964662
2017-02-07,41799751.61995413,-0.0014555242117282319
2017-02-08,42089188.85791158,0.00692437698168713
2017-02-09,42672200.47231955,0.013851813974751437
2017-02-10,42742218.211852975,0.0016408279572750484
2017-02-13,43059032.888145044,0.0074122188680467715
2017-02-14,43324613.75306578,0.006167831628049791
2017-02-15,43693670.09597268,0.00851839891776951
2017-02-16,43566083.55901492,-0.0029200233506940787
2017-02-17,43681511.71038148,0.002649495707141236
2017-02-21,43848499.281178616,0.003822843218071359
2017-02-22,43750941.87547192,-0.0022248744496615735
2017-02-23,43566439.01970314,-0.004217117343300325
2017-02-24,43461253.85127464,-0.0024143623117999224
2017-02-27,43648740.054377005,0.004313870090907779
2017-02-28,43447461.19012734,-0.004611332744058894
2017-03-01,44263931.87759831,0.018792138023855154
2017-03-02,43394306.91410071,-0.01964635599707565
2017-03-03,43684892.726421244,0.006696404044331361
2017-03-06,43399067.159494534,-0.006542892727623428
2017-03-07,43264608.768281505,-0.003098186205682363
2017-03-08,43320297.10518531,0.0012871568353260976
2017-03-09,43189536.429410174,-0.0030184621185223026
2017-03-10,43293399.80369339,0.0024048272537717796
2017-03-13,43280479.71272813,-0.00029843096231407795
2017-03-14,42759876.48192296,-0.012028591971730451
2017-03-15,42684355.14359457,-0.0017661729766763612
2017-03-16,42717570.16122703,0.0007781543734401986
2017-03-17,42538164.03032689,-0.00419982059426649
2017-03-20,42382409.580988474,-0.003661522608906509
2017-03-21,41185153.1893892,-0.0282488986217605
2017-03-22,41167071.324038155,-0.0004390384386309121
2017-03-23,41231466.02833497,0.0015642284531232065
2017-03-24,41233939.54297883,5.999094580255715e-05
2017-03-27,41406014.721130535,0.004173144260745332
2017-03-28,41621309.41808309,0.005199599584808201
2017-03-29,41407282.79625347,-0.005142236628831953
2017-03-30,41477924.29478301,0.0017060162792408295
2017-03-31,41411309.96089629,-0.0016060189852629136
2017-04-03,41440053.910804346,0.0006941086851683931
2017-04-04,41323207.107802786,-0.0028196585663972096
2017-04-05,41562351.54825124,0.005787170386475138
2017-04-06,41665422.08404917,0.0024799014482679294
2017-04-07,41719022.015537955,0.0012864367815752509
2017-04-10,41732157.93887922,0.00031486652147250105
2017-04-11,41606936.914547,-0.003000588287709105
2017-04-12,41297824.9498591,-0.007429337211791287
2017-04-13,41273929.33589044,-0.0005786167672914289
2017-04-17,41542708.77171657,0.006512087415733614
2017-04-18,41483595.36659635,-0.00142295499903633
2017-04-19,41541112.74863282,0.0013865090893925291
2017-04-20,41692170.62254766,0.0036363463547279817
2017-04-21,41726735.65307835,0.0008290532734220868
2017-04-24,42044080.02056799,0.0076053005949972
2017-04-25,42117524.031838946,0.0017468335907224741
2017-04-26,42367959.09019308,0.005946101156488082
2017-04-27,42349565.27304858,-0.00043414451721268676
2017-04-28,42190934.670186736,-0.003745743358617104
2017-05-01,42466189.47024085,0.006524027073726124
2017-05-02,42548895.15036101,0.0019475653726388487
2017-05-03,42283664.51274256,-0.006233549347901324
2017-05-04,42199123.22999683,-0.00199938401082167
2017-05-05,42491595.25038313,0.006930760594058949
2017-05-08,42422730.36648934,-0.0016206707111842134
2017-05-09,42472620.42174931,0.001176021789002446
2017-05-10,42836615.52883813,0.008570111838506422
2017-05-11,42786593.97964229,-0.0011677287894550359
2017-05-12,42835903.59901499,0.0011524548879997543
2017-05-15,43198981.74070641,0.008476023876843541
2017-05-16,43606999.206174165,0.009445071365728142
2017-05-17,42514265.138464145,-0.025058685247832946
2017-05-18,42741123.47945291,0.005336052269747871
2017-05-19,43038164.134254545,0.006949762444696583
2017-05-22,43251046.276136175,0.0049463574054311454
2017-05-23,43316443.43529361,0.0015120364658904872
2017-05-24,43446633.402922094,0.003005555334268495
2017-05-25,43783465.70073029,0.0077527824695742265
2017-05-26,43806640.13231114,0.0005292964184073767
2017-05-30,43846273.998482734,0.0009047456287878397
2017-05-31,43961892.55859484,0.002636907302912661
2017-06-01,44278583.38680963,0.00720375784078664
2017-06-02,44479968.504686296,0.0045481382301100215
2017-06-05,44416374.72624524,-0.0014297172542816483
2017-06-06,44308785.26901133,-0.002422292631873213
2017-06-07,44483513.27155678,0.003943416671990052
2017-06-08,44449879.973919846,-0.0007560845617479162
2017-06-09,43673901.1507365,-0.01745738849325651
2017-06-12,43369157.78316275,-0.006977699714114327
2017-06-13,43509979.09046093,0.0032470380910383234
2017-06-14,43560405.36829998,0.0011589589076614892
2017-06-15,43575322.93386016,0.00034245699584412037
2017-06-16,43591927.37400887,0.000381051453684389
2017-06-19,43830823.834999435,0.005480291314969632
2017-06-20,43575998.34691747,-0.00581384208157365
2017-06-21,43557864.50640869,-0.0004161428583784321
2017-06-22,43470366.50899714,-0.002008776105143384
2017-06-23,43472013.31134532,3.7883332495880495e-05
2017-06-26,43280604.77440626,-0.004403029037744144
2017-06-27,42861453.49393853,-0.009684506088870504
2017-06-28,43311550.89640331,0.010501216495806265
2017-06-29,42926184.714838594,-0.008897538268405003
2017-06-30,43041292.05221415,0.002681518009117756
2017-07-03,42999081.38251278,-0.000980701732888667
2017-07-05,43298284.669691384,0.00695836463381494
2017-07-06,43033400.18106984,-0.006117667030974938
2017-07-07,43116579.92713091,0.0019329113133303988
2017-07-10,42954052.083130024,-0.0037694975871361835
2017-07-11,43032764.40959017,0.0018324773250220083
2017-07-12,43332539.64371289,0.006966209078957508
2017-07-13,43364468.8632934,0.0007368416400939104
2017-07-14,43456630.46071041,0.0021252790552455103
2017-07-17,43147137.69680008,-0.007121876699348273
2017-07-18,43265144.16760265,0.0027349779638179417
2017-07-19,43471100.62618549,0.004760332192237593
2017-07-20,43469238.39667155,-4.283833367724199e-05
2017-07-21,43555022.44749492,0.001973442691600935
2017-07-24,43801717.44756897,0.005663985143652184
2017-07-25,43827155.86707343,0.0005807630610583647
2017-07-26,43531448.413095206,-0.006747128535447233
2017-07-27,43029726.111454144,-0.011525513621323258
2017-07-28,43238640.2937656,0.004855112992593336
2017-07-31,42970195.992696255,-0.006208435307991089
2017-08-01,43098406.822753064,0.0029837152727578697
2017-08-02,42813161.48188301,-0.006618466015302027
2017-08-03,43277674.5318785,0.010849772217640385
2017-08-04,43398581.08672421,0.0027937396395143477
2017-08-07,43733998.60704866,0.007728766976371482
2017-08-08,43639218.64555003,-0.0021671917619570102
2017-08-09,43568944.20457574,-0.0016103505781136507
2017-08-10,42888061.42169435,-0.015627709032478232
2017-08-11,42904988.46598065,0.0003946796317013668
2017-08-14,43427990.996774234,0.012189783740607973
2017-08-15,43251555.50083307,-0.0040627137450190975
2017-08-16,43594192.008451685,0.00792194647454969
2017-08-17,43018449.13767613,-0.01320687101309137
2017-08-18,43323545.23444203,0.0070922151514452025
2017-08-21,43738206.96935825,0.009571278912478443
2017-08-22,44100519.1481988,0.008283654130915252
2017-08-23,44305508.03318852,0.0046482193168941865
2017-08-24,44448747.2865975,0.003232989751560389
2017-08-25,44415413.99227153,-0.0007499265189869764
2017-08-28,45160209.47229732,0.01676885146574092
2017-08-29,45027718.3475147,-0.002933802263780372
2017-08-30,45248720.38938761,0.004908133256214864
2017-08-31,45573100.91267965,0.007168833074186143
2017-09-01,45530577.226362124,-0.00093308740168907
2017-09-05,45378270.234815694,-0.0033451583710264465
2017-09-06,45532960.309063464,0.0034089019578602553
2017-09-07,45899948.205017425,0.008059829483147096
2017-09-08,45709969.688908175,-0.004138970163118483
2017-09-11,45965345.05286903,0.0055868635595008875
2017-09-12,45967042.94870847,3.6938607498537834e-05
2017-09-13,45799543.62112137,-0.0036439004304453793
2017-09-14,45835854.54572159,0.000792822847769159
2017-09-15,45918748.214186385,0.0018084896482535306
2017-09-18,46276876.13213866,0.00779916552345461
2017-09-19,46104068.61576381,-0.0037342087629557152
2017-09-20,46148932.23035292,0.0009730944781252138
2017-09-21,45864236.77147854,-0.006169058418368678
2017-09-22,46038834.44848921,0.0038068370761430437
2017-09-25,45285296.5743846,-0.01636744029538173
2017-09-26,45085000.106029175,-0.004422991202595372
2017-09-27,45446884.37095545,0.008026710969839534
2017-09-28,45677345.123660766,0.005070991243848466
2017-09-29,45838911.72601768,0.003537127692502917
2017-10-02,45963690.70481459,0.002722119136307821
2017-10-03,45994958.907028,0.0006802804938841334
2017-10-04,46092939.94594494,0.0021302560377323143
2017-10-05,46338246.970297374,0.005322008633862563
2017-10-06,46660365.88378012,0.006951469564423274
2017-10-09,46605861.97811416,-0.00116809854859945
2017-10-10,46616927.52951714,0.0002374283176689307
2017-10-11,46662482.87352915,0.0009772275099677596
2017-10-12,46526912.47328199,-0.0029053404769439073
2017-10-13,46640924.61636217,0.0024504558119056163
2017-10-16,46734845.73167078,0.002013706119275094
2017-10-17,46583550.41209351,-0.0032373129130656153
2017-10-18,46789672.196362406,0.0044247761805502606
2017-10-19,46540578.38997299,-0.00532369206059069
2017-10-20,46831019.37991374,0.006240596915386032
2017-10-23,46714552.888489366,-0.0024869518743452224
2017-10-24,46796545.706175424,0.0017551878936266085
2017-10-25,46450953.40615314,-0.00738499593949038
2017-10-26,46551017.242511146,0.002154182616728617
2017-10-27,47177270.631192885,0.013453054858484137
2017-10-30,47161713.71460463,-0.00032975448516026074
2017-10-31,47639372.56749947,0.010128106365798306
2017-11-01,47537463.80717019,-0.002139170917603739
2017-11-02,47675212.705184855,0.002897691357145682
2017-11-03,47948133.26721769,0.0057245798507608026
2017-11-06,47918582.02554009,-0.0006163168337108837
2017-11-07,47833733.04450475,-0.0017706905640513249
2017-11-08,48219490.22114673,0.008064542574652833
2017-11-09,47933776.94187091,-0.005925265446927508
2017-11-10,48085212.59828189,0.0031592681835739267
2017-11-13,48164358.43522646,0.0016459496104506144
2017-11-14,48202424.92146091,0.0007903455474371768
2017-11-15,47710175.968088426,-0.010212120119984402
2017-11-16,48208198.61666385,0.010438499512316568
2017-11-17,48288481.24880178,0.0016653315087815646
2017-11-20,48700637.62991606,0.008535293934606836
2017-11-21,49427058.722805336,0.014916048911093771
2017-11-22,49279592.062842906,-0.002983520844107801
2017-11-24,49560174.491496235,0.005693684077082484
2017-11-27,48768197.48060155,-0.015980109412862875
2017-11-28,48776186.42178319,0.00016381456757375013
2017-11-29,47387100.86094367,-0.028478765207834322
2017-11-30,47808757.49526977,0.008898131066583659
2017-12-01,47765475.9978928,-0.0009053047944459491
2017-12-04,46776105.444436364,-0.020713088957808767
2017-12-05,46127940.23691342,-0.01385675873107639
2017-12-06,45792420.53839552,-0.0072736761449714304
2017-12-07,46285072.30934089,0.010758369292409364
2017-12-08,46684358.458798975,0.008626672262484592
2017-12-11,46581652.88214323,-0.0021999997439482444
2017-12-12,46504043.149922274,-0.0016661008663071408
2017-12-13,46299507.38220961,-0.004398236236218711
2017-12-14,46046618.04319954,-0.005462030879128554
2017-12-15,46453124.25811216,0.008828144871166232
2017-12-18,46921969.16846153,0.010092860659797198
2017-12-19,46907553.08832839,-0.00030723519043673875
2017-12-20,47008192.50776583,0.0021454843156694103
2017-12-21,47153372.24887555,0.0030883923283315795
2017-12-22,47245000.87506324,0.0019432040979820986
2017-12-26,47337597.816523895,0.001959930992604386
2017-12-27,47460630.44331722,0.002599046687374873
2017-12-28,47545500.41076203,0.0017882182906561184
2017-12-29,47194678.36699398,-0.007378659194606785
2018-01-02,47873497.46576331,0.014383382242606046
2018-01-03,47990490.527019925,0.0024437959925589503
2018-01-04,47882629.66975837,-0.0022475464634149622
2018-01-05,47953061.40452793,0.001470924534749285
2018-01-08,47971279.18511117,0.0003799086033227095
2018-01-09,48151370.471278906,0.0037541480908356295
2018-01-10,47954903.35980621,-0.00408019770880419
2018-01-11,48580911.47317668,0.013054100196460139
2018-01-12,48829914.04125349,0.0051255227727520225
2018-01-16,48240949.607082926,-0.012061549681881223
2018-01-17,48635539.86865962,0.008179570775256106
2018-01-18,48457466.91186878,-0.003661375144014656
2018-01-19,48820138.42411269,0.007484326675670339
2018-01-22,49024567.92178811,0.004187401024951853
2018-01-23,49162064.67932691,0.002804650063579439
2018-01-24,49136180.13347284,-0.0005265146210376992
2018-01-25,49105289.65303273,-0.0006286707748994758
2018-01-26,49435740.85322079,0.006729442032069377
2018-01-29,49075178.14189135,-0.007293563424081828
2018-01-30,48668575.624883436,-0.008285298849701639
2018-01-31,48543954.87170608,-0.002560599967787791
2018-02-01,48360754.94315986,-0.003773897883482924
2018-02-02,47372512.56046209,-0.020434800570406586
2018-02-05,45791621.008132435,-0.033371494710396465
2018-02-06,45191749.58335551,-0.013100025977905272
2018-02-07,45162129.910729475,-0.0006554221268065819
2018-02-08,44637644.788653165,-0.01161338322867067
2018-02-09,44759364.547557205,0.0027268409764975576
2018-02-12,44735198.68538876,-0.000539906283583802
2018-02-13,44910618.950889006,0.0039213029260010135
2018-02-14,44860531.583661474,-0.0011152678007466665
2018-02-15,44871775.4492258,0.0002506404888082958
2018-02-16,44366752.10631674,-0.011254810799285475
2018-02-20,44225139.452442974,-0.0031918643387376378
2018-02-21,43906802.293653056,-0.007198104126550864
2018-02-22,43614090.82835391,-0.006666654140318862
2018-02-23,44158522.40789676,0.01248292854906663
2018-02-26,44263423.60337274,0.0023755594561565285
2018-02-27,43901021.660220034,-0.008187390708862652
2018-02-28,43570707.40140721,-0.007524067694126835
2018-03-01,43386725.499042265,-0.004222605354325837
2018-03-02,43964284.484213755,0.013311882344848591
2018-03-05,44220755.637299135,0.005833625091236749
2018-03-06,44393692.8044519,0.0039107691549009616
2018-03-07,44766189.97287456,0.00839076780711756
2018-03-08,45025834.11429395,0.005800005351733528
2018-03-09,45536853.92405344,0.011349480133167944
2018-03-12,45272990.50398535,-0.005794502635341425
2018-03-13,44839862.938355654,-0.009567019116874298
2018-03-14,45259033.408204585,0.009348165725332258
2018-03-15,45094519.471028104,-0.0036349414644515354
2018-03-16,44972943.32733998,-0.002696029253981491
2018-03-19,44595505.10829043,-0.008392562085659527
2018-03-20,44974151.812161446,0.008490692121359666
2018-03-21,44688930.19891851,-0.006341900886406737
2018-03-22,43792420.14012246,-0.020061121508291202
2018-03-23,43231849.932317175,-0.01280062179737107
2018-03-26,43915815.203518584,0.015820865224879688
2018-03-27,43551339.087150045,-0.008299427317458474
2018-03-28,43352145.61145204,-0.004573762365822964
2018-03-29,43635257.53323261,0.0065305169510636585
2018-04-02,43089274.87829836,-0.01251241967618566
2018-04-03,43228133.18473775,0.0032225723647376636
2018-04-04,43303151.389038175,0.0017354023589182255
2018-04-05,43480443.40561934,0.004094205869414891
2018-04-06,42991802.74816958,-0.011238170983937312
2018-04-09,43012314.75584572,0.00047711438844033616
2018-04-10,43270645.17326677,0.006005964079994985
2018-04-11,43301149.38860966,0.0007049632659912319
2018-04-12,43422271.09555582,0.0027971938079320857
2018-04-13,43310730.02580121,-0.0025687525534799915
2018-04-16,43464277.37939465,0.0035452497222274726
2018-04-17,43854472.59183668,0.00897737719267866
2018-04-18,43893389.66651739,0.0008874140396788466
2018-04-19,43741216.611824796,-0.003466878631355197
2018-04-20,43478376.27317199,-0.0060089855521244795
2018-04-23,43554052.15471107,0.0017405406555113245
2018-04-24,43186441.49208593,-0.008440332057263467
2018-04-25,43314089.32396844,0.00295573859462106
2018-04-26,44008639.74331124,0.0160352077160828
2018-04-27,43894728.31811054,-0.0025883877771526453
2018-04-30,43847727.577517256,-0.0010707604852379093
2018-05-01,43741407.87046171,-0.002424748394716403
2018-05-02,43691765.52078035,-0.0011349051641953434
2018-05-03,43774669.876165405,0.0018974823836228616
2018-05-04,43905473.63549736,0.0029881152662485366
2018-05-07,44261289.89004744,0.00810414340371457
2018-05-08,44144902.56906898,-0.0026295510426285196
2018-05-09,44507881.14968387,0.0082224347431048
2018-05-10,44466420.41806676,-0.0009315368547352376
2018-05-11,44584079.00715645,0.0026460099100282797
2018-05-14,44606577.81249057,0.0005046376606885339
2018-05-15,44538828.941349864,-0.001518808984304787
2018-05-16,44770899.90483816,0.005210531327482615
2018-05-17,44874554.57245492,0.0023152241263204587
2018-05-18,44876580.31471389,4.5142336860370946e-05
2018-05-21,45163912.34693249,0.006402716744537518
2018-05-22,44788791.05237239,-0.008305775010777672
2018-05-23,45008648.96229996,0.004908770805411633
2018-05-24,45270183.4885476,0.005810761537559328
2018-05-25,44753873.96312542,-0.011405068096372872
2018-05-29,44655035.26871159,-0.0022084947214909834
2018-05-30,45324501.762284696,0.014991959799037113
2018-05-31,45260209.2093406,-0.001418494422316896
2018-06-01,46102538.258338064,0.018610807676594288
2018-06-04,46599256.203189544,0.010774199504333115
2018-06-05,46903783.203138284,0.0065350184694128455
2018-06-06,47048875.63672796,0.0030934057698774886
2018-06-07,46714120.32476816,-0.007115054449855385
2018-06-08,46838535.480775096,0.0026633308117967047
2018-06-11,46820563.18134281,-0.000383707544392875
2018-06-12,47003575.792129196,0.003908808402785624
2018-06-13,46699374.06041909,-0.006471884885001611
2018-06-14,47340168.199416436,0.013721685823203877
2018-06-15,47596404.84563908,0.00541266869064061
2018-06-18,47924819.09433849,0.0068999801511164804
2018-06-19,48838041.50092069,0.01905531254660664
2018-06-20,49293035.64333555,0.009316387971992857
2018-06-21,48993781.506142646,-0.006070921242468996
2018-06-22,48359187.8452168,-0.01295253482008285
2018-06-25,47632322.5556637,-0.01503055204069148
2018-06-26,47979254.49676932,0.0072835403039646085
2018-06-27,47384701.489674896,-0.012391876725272088
2018-06-28,47483273.829529926,0.002080256638875566
2018-06-29,47210073.5758909,-0.00575361030538557
2018-07-02,47433854.08843917,0.004740100906399425
2018-07-03,47469719.87326471,0.0007561220886389552
2018-07-05,47656004.22636293,0.003924277488798422
2018-07-06,47981457.25498443,0.0068292135252385755
2018-07-09,47951662.63892039,-0.0006209610497177609
2018-07-10,47875204.83034497,-0.001594476695232716
2018-07-11,47806266.70813363,-0.0014399546164999277
2018-07-12,47929168.846464045,0.0025708373983845956
2018-07-13,47956101.6400457,0.0005619290763820839
2018-07-16,47967968.57591017,0.00024745413948656925
2018-07-17,48252053.204102814,0.005922381885800965
2018-07-18,48430106.953227654,0.00369007611700356
2018-07-19,48306161.8968837,-0.002559256300293966
2018-07-20,48177944.4820541,-0.002654266242540504
2018-07-23,48099529.264628336,-0.0016276165010521426
2018-07-24,47579324.802686386,-0.010815167422532301
2018-07-25,48207221.14494738,0.01319683170925412
2018-07-26,48130516.32798183,-0.0015911478642363086
2018-07-27,47485159.20439571,-0.013408481205320566
2018-07-30,47107929.09117485,-0.00794416865271752
2018-07-31,47208291.52386464,0.002130478554800197
2018-08-01,47023192.18460297,-0.003920907393314632
2018-08-02,47585611.94263193,0.01196047592475269
2018-08-03,47569292.8677185,-0.00034294136919166274
2018-08-06,47871786.58347809,0.0063590122434817875
2018-08-07,48035930.574372984,0.0034288252561591737
2018-08-08,48091419.4729013,0.001155154024598426
2018-08-09,48231698.03520599,0.002916914573164897
2018-08-10,48592197.211084016,0.007474320634842435
2018-08-13,48519602.708288684,-0.001493953905397194
2018-08-14,48922823.44755794,0.008310470753305932
2018-08-15,47877941.60319728,-0.021357758418843242
2018-08-16,47995235.66945386,0.002449856078373003
2018-08-17,48431944.37474613,0.00909900116544704
2018-08-20,48860717.07348235,0.008853096944003713
2018-08-21,49001695.85251181,0.002885319485128379
2018-08-22,48944570.93219018,-0.0011657743538828758
2018-08-23,49614558.73806359,0.013688705266241552
2018-08-24,50173617.51235224,0.011268038827880522
2018-08-27,50122486.60672797,-0.0010190795114919382
2018-08-28,50211081.69977978,0.0017675717836376226
2018-08-29,50251398.27363194,0.0008029417508512715
2018-08-30,50143418.59748054,-0.002148789483695901
2018-08-31,51015447.04581126,0.017390686010676726
2018-09-04,52068172.852717645,0.020635432361516992
2018-09-05,51498130.440402046,-0.010948001074054359
2018-09-06,51261332.19746214,-0.0045981910588763775
2018-09-07,51489285.2765021,0.004446881679974091
2018-09-10,52023080.11334248,0.010367105194291293
2018-09-11,52331304.28472697,0.0059247582171790825
2018-09-12,52584749.051738024,0.004843081411311623
2018-09-13,52836802.21255161,0.004793274958212468
2018-09-14,53183535.06133877,0.006562335990590862
2018-09-17,52644986.01697939,-0.01012623631991083
2018-09-18,53010806.02096621,0.006948809975347636
2018-09-19,52427927.35440295,-0.010995468854646862
2018-09-20,52295782.64486492,-0.002520502262940205
2018-09-21,52070954.67150367,-0.004299160696915605
2018-09-24,52366656.663705476,0.005678827939055164
2018-09-25,52752817.52807105,0.007374174502784658
2018-09-26,52899042.0045429,0.002771879935968169
2018-09-27,53321993.92516597,0.007995455202889135
2018-09-28,53195497.24092017,-0.0023723172172318563
2018-10-01,52908414.43599835,-0.0053967500975060645
2018-10-02,52052255.79090091,-0.01618189949980664
2018-10-03,52019877.50384177,-0.0006220342724281291
2018-10-04,51302389.03890995,-0.013792582746447901
2018-10-05,51063413.0926899,-0.004658183579692499
2018-10-08,50418415.76543921,-0.012631300733460527
2018-10-09,50127708.93012521,-0.005765885954577721
2018-10-10,48753755.74883976,-0.02740905600135546
2018-10-11,48189698.90069238,-0.01156950555877534
2018-10-12,48373941.6776123,0.003823281346903462
2018-10-15,48428054.36116651,0.0011186329184180721
2018-10-16,48704645.49364213,0.005711382299459444
2018-10-17,48617694.32899324,-0.0017852745619560961
2018-10-18,48586778.12276601,-0.0006359044099873978
2018-10-19,48542236.185521215,-0.0009167501729019367
2018-10-22,48594520.47857633,0.0010770886791307
2018-10-23,48476443.3532006,-0.002429844439514328
2018-10-24,48333050.51834422,-0.0029579900037552953
2018-10-25,48263173.38486339,-0.0014457422556912736
2018-10-26,48158932.49733968,-0.0021598432140478296
2018-10-29,48307320.38920395,0.0030812122314478607
2018-10-30,48372385.50637658,0.0013468997379364467
2018-10-31,48336363.55170582,-0.0007446801371002731
2018-11-01,48356946.319010705,0.0004258236613696731
2018-11-02,48247390.555990845,-0.0022655641300656226
2018-11-05,48409380.16344856,0.0033574791422081862
2018-11-06,48471244.07054838,0.001277932229062806
2018-11-07,48487442.94954981,0.0003341956517115552
2018-11-08,48329914.52500377,-0.0032488499075924437
2018-11-09,48125127.56334869,-0.004237271339454396
2018-11-12,47439337.376853146,-0.014250147921017198
2018-11-13,47370064.28076212,-0.0014602458617987146
2018-11-14,46875694.50308005,-0.010436333266341968
2018-11-15,46923059.95380312,0.0010104479778951792
2018-11-16,47172407.326555036,0.0053139623246523104
2018-11-19,46964590.93223847,-0.004405465103316519
2018-11-20,46408912.62300232,-0.011831856686197684
2018-11-21,46429112.94395087,0.00043526813723571145
2018-11-23,46408862.7914025,-0.00043615204479174885
2018-11-26,46531585.75394605,0.0026443863340321894
2018-11-27,46524172.96552978,-0.00015930659349272513
2018-11-28,46517620.037503935,-0.00014084996267849093
2018-11-29,46641383.71612544,0.0026605763261691173
2018-11-30,46714249.41790404,0.0015622542894970781
2018-12-03,46805432.67881835,0.001951936765559159
2018-12-04,46011197.40438814,-0.016968869401983833
2018-12-06,46018255.77051808,0.00015340539973140999
2018-12-07,45732079.38061492,-0.006218757862754498
2018-12-10,45786156.68850485,0.001182480845444589
2018-12-11,45844686.82482714,0.0012783369593671878
2018-12-12,45888591.170539536,0.0009576757690623605
2018-12-13,46016725.4819846,0.0027922912466165073
2018-12-14,45796863.744959675,-0.004777865759070576
2018-12-17,45301711.95122208,-0.010811914905244913
2018-12-18,45308169.66539043,0.00014254900952326288
2018-12-19,45245796.77988373,-0.0013766366191205748
2018-12-20,45200199.73521155,-0.0010077631054659086
2018-12-21,45201544.818696864,2.9758352688480372e-05
2018-12-24,45102111.63013012,-0.0021997741220033395
2018-12-26,45066552.42576488,-0.0007884155104942447
2018-12-27,45115197.06145043,0.001079395539866912
2018-12-28,45180056.57561255,0.0014376422666131372
2018-12-31,45196271.45415308,0.0003588946046004793
2019-01-02,45201676.4136666,0.00011958861515815045
2019-01-03,45309108.0293679,0.0023767175075131153
2019-01-04,45190282.55726439,-0.0026225515635067698
2019-01-07,45152828.089683875,-0.0008288168486897396
2019-01-08,45121246.772260666,-0.0006994316582005222
2019-01-09,45138277.303527914,0.00037743928826272644
2019-01-10,45129010.74832458,-0.000205292619853914
2019-01-11,45159948.89818621,0.0006855490370520911
2019-01-14,45159948.89818621,0.0
2019-01-15,45176152.68322246,0.0003588087549164509
2019-01-16,45165350.159864955,-0.0002391200382478864
2019-01-17,45159948.898186214,-0.0001195886151579284
2019-01-18,45122140.06643497,-0.0008372204281382745
2019-01-22,45159948.89818621,0.0008379219535148419
2019-01-23,45149146.3748287,-0.0002392058366110783
2019-01-24,45186955.206579946,0.000837420744068007
2019-01-25,45154547.63650745,-0.0007171886205729061
2019-01-28,45159948.89818621,0.00011961722487474624
2019-01-29,45181553.9449012,0.0004784116732217125
2019-01-30,45240967.823367424,0.0013150029885797831
2019-01-31,45278776.65511867,0.0008357211078873217
2019-02-01,45225959.33752358,-0.001166491709733819
2019-02-04,45225959.33752358,0.0
2019-02-05,45167069.244392335,-0.0013021303250141392
2019-02-06,45185313.432235405,0.00040392675788525345
2019-02-07,45083445.52552778,-0.0022544472743426525
2019-02-08,45218334.21598318,0.0029919782945386775
2019-02-11,45192308.09005051,-0.0005755657828605543
2019-02-12,45273571.689054325,0.0017981732387264415
2019-02-13,45190181.68287526,-0.0018419135727085756
2019-02-14,45270114.57846638,0.0017688111137073026
2019-02-15,45471569.45502289,0.004450063323946818
2019-02-19,45395225.50600595,-0.0016789380690378497
2019-02-20,45330898.90493985,-0.001417034508564896
2019-02-21,45258754.48490944,-0.0015915064949783009
2019-02-22,45683816.026191756,0.009391808195341467
2019-02-25,45712350.943882585,0.0006246176474065113
2019-02-26,45601772.49552843,-0.002419005937583596
2019-02-27,45754075.680752605,0.0033398523103265187
2019-02-28,45758063.29451784,8.715319249485987e-05
2019-03-01,46072391.07864901,0.006869341958553266
2019-03-04,45613279.423705064,-0.00996500603062267
2019-03-05,45616653.189055294,7.396454262553753e-05
2019-03-06,45237541.03852142,-0.008310827823397537
2019-03-07,45179541.24161779,-0.0012821164805185692
2019-03-08,45239780.186358154,0.0013333235151329337
2019-03-11,45613973.778942056,0.008271339759885477
2019-03-12,45785682.73062503,0.003764393615761863
2019-03-13,45959606.92494103,0.003798658968116042
2019-03-14,46018702.063294865,0.0012858060002634009
2019-03-15,46172830.34335989,0.0033492530896033212
2019-03-18,46263984.840212904,0.0019742020615836076
2019-03-19,46165041.73234705,-0.002138663762051296
2019-03-20,46165906.0841219,1.8723080114524393e-05
2019-03-21,46658421.40498676,0.010668377654440953
2019-03-22,45831719.582496606,-0.017718169573602394
2019-03-25,45915667.33240601,0.001831651761577291
2019-03-26,46204716.019952364,0.006295208244579964
2019-03-27,45863258.54567324,-0.007390100052377169
2019-03-28,45925001.71887484,0.0013462447972403258
2019-03-29,46179174.12554796,0.005534510553293126
2019-04-01,46325019.46346654,0.0031582491605863794
2019-04-02,46381648.932914734,0.0012224381145236052
2019-04-03,46350719.37268937,-0.000666849086588206
2019-04-04,45782594.80671871,-0.012257081953843563
2019-04-05,46071695.2424792,0.006314636314979305
2019-04-08,46163364.930141516,0.001989718137781926
2019-04-09,45664536.36511256,-0.01080572366819077
2019-04-10,45861261.31629884,0.004308046612219174
2019-04-11,45984347.59061507,0.002683883320768743
2019-04-12,46162541.34848366,0.0038750959229647552
2019-04-15,46089635.57404891,-0.0015793275739388601
2019-04-16,45815206.055813454,-0.005954256630963051
2019-04-17,45287285.00662024,-0.01152283476691296
2019-04-18,45381957.83098234,0.0020904945913242656
2019-04-22,45530138.89486227,0.0032651976900557322
2019-04-23,46198861.50561933,0.014687471353892922
2019-04-24,46282805.168838434,0.001817007183367414
2019-04-25,46037269.603140615,-0.005305114173657199
2019-04-26,46471146.751301624,0.009424476123393033
2019-04-29,46265480.738731354,-0.004425671130323661
2019-04-30,46497574.66626428,0.005016567942816685
2019-05-01,46153940.86157369,-0.007390359758697507
2019-05-02,46113797.93692804,-0.0008697615825709049
2019-05-03,46718020.21455924,0.013102852175776558
2019-05-06,46357630.61418083,-0.007714145392361815
2019-05-07,45762593.41949242,-0.012835798266755849
2019-05-08,45774144.543142706,0.00025241409603693477
2019-05-09,45701427.38610065,-0.0015886076685391881
2019-05-10,46050609.6720651,0.007640511597470256
2019-05-13,45250182.7298285,-0.017381462437448536
2019-05-14,45675482.111972824,0.009398843418680247
2019-05-15,45993565.45831308,0.006963984431745507
2019-05-16,46577104.46307574,0.012687405269582008
2019-05-17,46343042.841159105,-0.005025250595004027
2019-05-20,45782690.16595276,-0.012091408782262225
2019-05-21,46136552.34597305,0.007729169665164237
2019-05-22,46295637.46885071,0.0034481363428435774
2019-05-23,45856878.840738475,-0.009477321235882075
2019-05-24,46098021.69664912,0.005258597226996953
2019-05-28,45983832.3026013,-0.0024770996638261433
2019-05-29,45377250.7373302,-0.01319119209724473
2019-05-30,45824336.8512301,0.009852648775217743
2019-05-31,46073970.0522163,0.0054476118617197145
2019-06-03,45856632.172372,-0.0047171511288909285
2019-06-04,46377360.24296622,0.011355567252231635
2019-06-05,47177459.06117198,0.017251926673146567
2019-06-06,47527909.05746624,0.007428335549819476
2019-06-07,47936256.77406273,0.008591745875097478
2019-06-10,47876892.56329073,-0.0012383989649379368
2019-06-11,47614129.75572384,-0.005488301213775082
2019-06-12,47935545.07637718,0.006750418884106546
2019-06-13,47880168.32845332,-0.001155233508571385
2019-06-14,47873865.01290717,-0.00013164773153906406
2019-06-17,47806233.711462714,-0.0014126977511889072
2019-06-18,47862073.53934792,0.0011680449085829103
2019-06-19,48434512.678850114,0.011960182607458236
2019-06-20,48695940.30810035,0.005397548458547785
2019-06-21,48245464.36599557,-0.009250790502341788
2019-06-24,48038747.8389269,-0.004284683125868605
2019-06-25,47352951.02227508,-0.014275909500207629
2019-06-26,47080718.586168915,-0.005749006772103993
2019-06-27,47297792.705586515,0.004610679826823505
2019-06-28,47471362.208447784,0.0036697167654669016
2019-07-01,47454138.072984256,-0.000362832129988111
2019-07-02,47960926.62517861,0.0106795439296552
2019-07-03,48479747.02047281,0.010817564042264083
2019-07-05,48337228.10684137,-0.0029397619086430904
2019-07-08,48166937.99279512,-0.0035229598534251005
2019-07-09,48387788.0761613,0.004585097009887074
2019-07-10,48654263.37275816,0.005507077450563225
2019-07-11,48694090.98910684,0.0008185843045973584
2019-07-12,48539987.875162326,-0.0031647189795367403
2019-07-15,48654652.2712928,0.002362266682582881
2019-07-16,48385881.357286915,-0.005524053743252488
2019-07-17,48314473.283544235,-0.0014758039275010182
2019-07-18,48412041.419778004,0.00201943909563429
2019-07-19,47962576.383611985,-0.009284157886851663
2019-07-22,48330930.37746381,0.007680029340076944
2019-07-23,48442364.904415876,0.0023056565657182393
2019-07-24,48563739.108518586,0.002505538372088223
2019-07-25,48246735.39889889,-0.006527580360139229
2019-07-26,48654321.1815396,0.008447945322535011
2019-07-29,48478629.71290757,-0.0036110146923331587
2019-07-30,48409625.60649527,-0.0014233922621358364
2019-07-31,47918824.56684666,-0.010138501041882741
2019-08-01,47944250.41549704,0.0005306025112303825
2019-08-02,47929176.373365566,-0.0003144077131427281
2019-08-05,46342598.35234652,-0.03310255132822848
2019-08-06,47049099.10607397,0.015245169214636256
2019-08-07,47534795.8678716,0.010323189413310674
2019-08-08,48091800.529882915,0.011717830104069016
2019-08-09,47905747.96195883,-0.0038686962408170933
2019-08-12,47761257.809250146,-0.0030161339475051063
2019-08-13,47391510.875517055,-0.007741566087094975
2019-08-14,46445378.28763481,-0.019964178613495642
2019-08-15,46828463.70619612,0.008248084797347843
2019-08-16,47048020.724742204,0.0046885377219203495
2019-08-19,47041727.50773989,-0.00013376156755107171
2019-08-20,47209366.073017485,0.0035636141391708342
2019-08-21,47813732.77970224,0.012801839061977516
2019-08-22,47644288.38208354,-0.0035438437404458067
2019-08-23,47449369.44343671,-0.004091129183915521
2019-08-26,47999770.93422391,0.011599764069432306
2019-08-27,48252182.38586392,0.005258597004262677
2019-08-28,48318028.378292,0.0013646220579521806
2019-08-29,48179365.48698223,-0.002869796139531089
2019-08-30,48131560.50588181,-0.0009922293624504697
2019-09-03,48329389.26289101,0.004110167111349483
2019-09-04,49089985.54835204,0.01573775909568642
2019-09-05,48476977.211206585,-0.012487441792820686
2019-09-06,48377923.69048088,-0.0020433105862632805
2019-09-09,47218482.76220348,-0.023966322649467964
2019-09-10,45933608.51553512,-0.027211256514511395
2019-09-11,46329769.993503846,0.008624653946678995
2019-09-12,46477263.555089876,0.0031835591155904286
2019-09-13,45969286.94497354,-0.010929572252338482
2019-09-16,45264070.92271673,-0.015341025913692685
2019-09-17,45530332.604677886,0.005882406874444968
2019-09-18,45340256.749320984,-0.004174708254544468
2019-09-19,45276145.025153324,-0.0014140132580661158
2019-09-20,45196650.68300251,-0.0017557665765637331
2019-09-23,45137520.824678086,-0.0013082796497276838
2019-09-24,44808784.50780904,-0.007282994521252362
2019-09-25,44920465.11804665,0.0024923820510718286
2019-09-26,44938408.74017833,0.0003994531687179226
2019-09-27,44543086.68100539,-0.008796975021046927
2019-09-30,44851237.66337914,0.006918042850971862
2019-10-01,44656115.15338408,-0.0043504375834509945
2019-10-02,43998858.66899733,-0.014718174255176852
2019-10-03,44339623.26808271,0.007744850875540665
2019-10-04,44761932.86132051,0.009524428989494682
2019-10-07,44864216.672168955,0.0022850624249255436
2019-10-08,44388969.147039086,-0.010593019568414408
2019-10-09,44625503.06666717,0.00532866439958446
2019-10-10,44800441.05323778,0.003920134778296225
2019-10-11,44980698.07231524,0.004023554564189569
2019-10-14,45009933.1349807,0.0006499468420535504
2019-10-15,45230460.46310158,0.004899525788219616
2019-10-16,45010953.35772701,-0.004853081377618085
2019-10-17,45064443.50206394,0.001188380612865636
2019-10-18,44854469.60490288,-0.004659413960175551
2019-10-21,45187114.56859138,0.007416094017353769
2019-10-22,44898659.52166009,-0.006383568627588154
2019-10-23,44863412.77469391,-0.0007850289372042241
2019-10-24,45241831.825097345,0.008434914488201661
2019-10-25,45435541.058097295,0.004281639915660884
2019-10-28,45536256.490924425,0.0022166663031115696
2019-10-29,45520971.391975775,-0.0003356687643327749
2019-10-30,45787001.05856773,0.005844112251059075
2019-10-31,45545417.073692836,-0.005276257000668805
2019-11-01,45710764.15131963,0.003630377944706442
2019-11-04,45722982.66946133,0.0002673006756406249
2019-11-05,45305229.17595023,-0.009136619466212581
2019-11-06,45336606.50325471,0.0006925762847953543
2019-11-07,45127625.8064519,-0.0046095354928650245
2019-11-08,45201727.10667311,0.0016420385273316906
2019-11-11,45261989.494309336,0.0013331877229827427
2019-11-12,45222685.85682672,-0.0008683585923140447
2019-11-13,45335149.318686344,0.002486881522598461
2019-11-14,45497919.37385456,0.003590372097906025
2019-11-15,46020477.747594744,0.011485324624327164
2019-11-18,46116514.16945631,0.002086819315268551
2019-11-19,45859687.864014745,-0.005569074550991648
2019-11-20,45950414.233123794,0.001978346851772672
2019-11-21,45876921.08437151,-0.0015994012236631994
2019-11-22,45925326.47915815,0.0010551142849717365
2019-11-25,46302482.696533196,0.008212379666940661
2019-11-26,46512023.9390045,0.004525486113663435
2019-11-27,46642451.09949721,0.0028041600740433825
2019-11-29,46404328.98559958,-0.005105265874421283
2019-12-02,45962791.295512356,-0.009515010770315024
2019-12-03,46006540.55943556,0.0009518408845521353
2019-12-04,46268773.824385084,0.005699912702863408
2019-12-05,46728868.10672647,0.009943948030429528
2019-12-06,47206257.11562833,0.01021614749605182
2019-12-09,46952926.69327136,-0.005366458555196574
2019-12-10,46701186.357762665,-0.00536154726100968
2019-12-11,46818391.16843562,0.002509675231268993
2019-12-12,46831513.50747969,0.00028028171657723533
2019-12-13,46804486.90151132,-0.0005771029792589477
2019-12-16,46939347.62058753,0.002881363048803154
2019-12-17,47124751.02133101,0.003949850395069454
2019-12-18,47009407.2602295,-0.0024476258993771927
2019-12-19,47097925.80549514,0.001882996413369531
2019-12-20,47437158.58146646,0.007202711588027766
2019-12-23,47488496.565289214,0.0010822314269642863
2019-12-24,47541169.23668401,0.0011091669605158838
2019-12-26,47655382.603579596,0.0024024097162393954
2019-12-27,47484062.962466985,-0.003594969377073931
2019-12-30,47100590.43114175,-0.00807581549262848
2019-12-31,47291887.98278926,0.004061468229940246
2020-01-02,47590692.94770385,0.006318313301920453
2020-01-03,47242161.86973424,-0.007323513409493776
2020-01-06,47058888.14988035,-0.003879452434019659
2020-01-07,47349652.38614162,0.006178731536010895
2020-01-08,47653086.36003078,0.006408367508479618
2020-01-09,47649090.457664095,-8.385400971711032e-05
2020-01-10,47511833.029439576,-0.0028805886304685835
2020-01-13,48251859.78876412,0.015575630577460586
2020-01-14,48231203.706673026,-0.00042808882769540535
2020-01-15,47819503.35355836,-0.008535975084065783
2020-01-16,48204105.12243367,0.008042780495475244
2020-01-17,48321760.290742144,0.00244077071879345
2020-01-21,48709122.413006656,0.008016308179458642
2020-01-22,48948696.09028097,0.004918456038746966
2020-01-23,49033566.06376052,0.0017338556541528494
2020-01-24,48512474.64886654,-0.01062723878202898
2020-01-27,47545111.580510706,-0.019940501393870602
2020-01-28,48206674.556398116,0.013914426823189885
2020-01-29,48393125.981217235,0.0038677512301950046
2020-01-30,48771604.07327422,0.007820906056035248
2020-01-31,48084111.18742983,-0.014096171305161498
2020-02-03,49154710.49121722,0.02226513659812146
2020-02-04,50160077.21780285,0.020453110526716944
2020-02-05,49284496.25173002,-0.017455734014740987
2020-02-06,48977998.53351139,-0.006218947976116662
2020-02-07,48781167.47949956,-0.004018764749587622
2020-02-10,49261514.22902279,0.009846971164130025
2020-02-11,49417652.40877415,0.0031695773504942792
2020-02-12,49593078.43897477,0.00354986571902538
2020-02-13,49815519.08312511,0.004485316321390709
2020-02-14,50092663.37728284,0.005563412752866759
2020-02-18,50131316.64280881,0.0007716352639275392
2020-02-19,50237590.42548357,0.0021199080692808625
2020-02-20,50039016.47175563,-0.0039526966171372635
2020-02-21,49482288.78965357,-0.011125871796786924
2020-02-24,48456887.15178726,-0.020722599195547198
2020-02-25,47549695.40538118,-0.018721626578372064
2020-02-26,47574231.07568625,0.0005160005778352961
2020-02-27,46612040.731240466,-0.020225031969829055
2020-02-28,46142356.21803759,-0.010076463202094543
2020-03-02,46359595.6254836,0.004708025884492928
2020-03-03,46252878.15902643,-0.002301949898771527
2020-03-04,46557840.29264115,0.0065933655537326885
2020-03-05,46645921.67390411,0.0018918699988943466
2020-03-06,46312086.81490928,-0.007156785566991952
2020-03-09,45959911.30916665,-0.007604397252711448
2020-03-10,45873816.2981135,-0.0018732632113668268
2020-03-11,45820374.61764847,-0.0011649713230253989
2020-03-12,45849647.18012597,0.0006388547173994397
2020-03-13,45908176.38039459,0.0012765463611679184
2020-03-16,45982668.08989443,0.0016226240154388893
2020-03-17,45876251.36205509,-0.002314279102537009
2020-03-18,45817722.161725014,-0.0012758060781419278
2020-03-19,45897534.70763524,0.001741957961779672
2020-03-20,46019913.944582894,0.0026663575228431657
2020-03-23,46073122.30850256,0.0011562030294915981
2020-03-24,46009272.271823525,-0.001385841320922454
2020-03-25,46062480.6357432,0.0011564704524191782
2020-03-26,46115688.999662876,0.0011551345734164276
2020-03-27,46105047.326842085,-0.00023076035621782953
2020-03-30,46126330.672422245,0.00046162723636911096
2020-03-31,46115688.99966288,-0.0002307071168295982
2020-04-01,46145488.875961915,0.0006461982233259
2020-04-02,46156143.572024666,0.000230893556927958
2020-04-03,46145488.87596192,-0.00023084025739972258
2020-04-06,46113524.78758935,-0.0006926806747782344
2020-04-07,46102870.09146515,-0.00023105360462627456
2020-04-08,46129506.831775635,0.0005777675068305843
2020-04-09,46145488.87596192,0.0003464603305769476
2020-04-13,46150816.223962575,0.00011544677779817825
2020-04-14,46150816.223962575,0.0
2020-04-15,46166798.26814887,0.00034630035812877047
2020-04-16,46177452.96427306,0.00023078698380385454
2020-04-17,46161470.92008677,-0.0003461006001922451
2020-04-20,46161470.92008677,0.0
2020-04-21,46172125.61621097,0.00023081361819343726
2020-04-22,46156143.57202468,-0.0003461405333410328
2020-04-23,46150816.22396258,-0.0001154201293654955
2020-04-24,46150816.22396258,0.0
2020-04-27,46150816.22396258,0.0
2020-04-28,46166798.26814888,0.00034630035812877047
2020-04-29,46161470.92008677,-0.00011539349190214931
2020-04-30,46241381.14095677,0.001731102135118956
2020-05-01,46173383.935838334,-0.0014704838705219547
2020-05-04,46173383.935838334,0.0
2020-05-05,46168052.13628695,-0.00011547344155649064
2020-05-06,46184047.53487965,0.00034646033030538703
2020-05-07,46216038.33206504,0.0006926806742355573
2020-05-08,46205374.733023725,-0.00023073373283732934
2020-05-11,46189379.33443102,-0.0003461804754344433
2020-05-12,46200042.933472335,0.0002308669047943468
2020-05-13,46200042.933472335,0.0
2020-05-14,46189379.33443102,-0.0002308136175689368
2020-05-15,46216038.33206504,0.0005771672626513347
2020-05-18,46178715.73538971,-0.0008075680655957873
2020-05-19,46205374.73302372,0.0005773005422404776
2020-05-20,46205374.73302372,0.0
2020-05-21,46194711.133982405,-0.0002307869831794651
2020-05-22,46194711.133982405,0.0
2020-05-26,46194711.133982405,0.0
2020-05-27,46282562.22605467,0.0019017564979995072
2020-05-28,46334898.249465615,0.0011307935622777432
2020-05-29,46647640.09782153,0.006749596096491395
2020-06-01,47261374.17994967,0.013156808808358011
2020-06-02,47008258.78714229,-0.005355650300044812
2020-06-03,46927377.58290495,-0.0017205743485113612
2020-06-04,46109795.80930842,-0.017422277052497548
2020-06-05,45623797.42162367,-0.010540024720444241
2020-06-08,46259789.3343041,0.01393991619774737
2020-06-09,46008530.24660837,-0.005431479289280117
2020-06-10,46816270.270248234,0.017556310086636717
2020-06-11,44933330.68427378,-0.04021976921922943
2020-06-12,45334471.39450161,0.008927464403795549
2020-06-15,46506003.50983758,0.025841971446876943
2020-06-16,46685176.50778125,0.0038526853399856176
2020-06-17,47142238.24122253,0.009790296784357277
2020-06-18,47641954.08702492,0.010600172254134232
2020-06-19,47870627.81816834,0.0047998394592656535
2020-06-22,48908999.68442067,0.021691210530943472
2020-06-23,49228018.59444587,0.006522703634988192
2020-06-24,48525381.782594174,-0.01427310771209811
2020-06-25,49383178.80541379,0.017677285398036924
2020-06-26,49368698.42202171,-0.0002932250159338734
2020-06-29,48526983.707393914,-0.017049562608122848
2020-06-30,49288361.58123697,0.015689783614699415
2020-07-01,49901208.83627274,0.012433914120388634
2020-07-02,50191129.07250017,0.005809884028634693
2020-07-06,50645532.10372781,0.009053453062816352
2020-07-07,50874403.65989298,0.004519086810982786
2020-07-08,52253510.25777103,0.027108064147497446
2020-07-09,52944092.195820495,0.013215991320827403
2020-07-10,52211695.025788814,-0.013833406895009448
2020-07-13,49944269.80364856,-0.0434275351723461
2020-07-14,50752493.01115811,0.016182501229610624
2020-07-15,50804893.35570534,0.0010324683860498673
2020-07-16,50454649.42230928,-0.006893901556762727
2020-07-17,51368762.78143726,0.018117524739430513
2020-07-20,52882963.1150265,0.029477064496021166
2020-07-21,52468997.00061061,-0.00782796745930181
2020-07-22,52790425.426131554,0.00612606384523029
2020-07-23,51736514.20899956,-0.019964059933684553
2020-07-24,50970410.35067536,-0.014807798129371053
2020-07-27,51750630.42515918,0.015307313971300696
2020-07-28,51499977.72993824,-0.004843471338642491
2020-07-29,52265840.32723838,0.014871124824874071
2020-07-30,52848896.96792773,0.011155596792069344
2020-07-31,53082452.821496256,0.004419313684262072
2020-08-03,55083221.09474092,0.03769170727608939
2020-08-04,55418688.56713283,0.006090193451376402
2020-08-05,56507985.76679162,0.01965577367171445
2020-08-06,54918987.352823436,-0.028119891240257266
2020-08-07,53948311.77840373,-0.01767468085643431
2020-08-10,53715889.24218547,-0.004308244846899845
2020-08-11,51638750.86396453,-0.03866897500022537
2020-08-12,51722008.78172661,0.00161231471267409
2020-08-13,51857355.5242939,0.002616811406890074
2020-08-14,51708983.71325951,-0.0028611526664694686
2020-08-17,52380740.29793642,0.012991100122987875
2020-08-18,52397548.304779135,0.0003208814298369944
2020-08-19,52481757.98910096,0.0016071302388427355
2020-08-20,52775915.65016315,0.005604950602517533
2020-08-21,52795665.77796216,0.0003742261513741685
2020-08-24,52764877.037889205,-0.000583167947960761
2020-08-25,52739653.87852386,-0.00047802934037421974
2020-08-26,53518899.12422164,0.014775319676777476
2020-08-27,52805478.3060797,-0.013330259587104543
2020-08-28,53105177.75716172,0.005675537097587835
2020-08-31,53271171.1068935,0.0031257469938399396
2020-09-01,54876984.91406982,0.03014414314177749
2020-09-02,54914467.82083745,0.000683035097980067
2020-09-03,52131969.96588015,-0.050669668037855
2020-09-04,50862017.49163058,-0.024360339252108454
2020-09-08,49934858.47631842,-0.018228907562794272
2020-09-09,50681601.02119962,0.014954333859489077
2020-09-10,50385556.87934376,-0.0058412547332912235
2020-09-11,50224994.59675008,-0.003186672779625588
2020-09-14,50864970.973526224,0.012742189061729636
2020-09-15,51138147.229986176,0.0053706165801634675
2020-09-16,51473725.04249409,0.006562181672298495
2020-09-17,51451561.16050717,-0.0004305863228010187
2020-09-18,51451382.41457445,-3.4740623742202104e-06
2020-09-21,50651437.38113545,-0.015547590674889311
2020-09-22,51196746.15088013,0.01076590908252828
2020-09-23,50286391.6507745,-0.017781491374915803
2020-09-24,49434209.54379024,-0.016946574987969587
2020-09-25,50944423.30924373,0.03054997297196982
2020-09-28,51685833.270528734,0.014553309530750402
2020-09-29,51541083.669101775,-0.0028005662725668623
2020-09-30,51967318.95775288,0.008269816199200974
2020-10-01,53002694.30396276,0.01992358595700483
2020-10-02,52930132.381446235,-0.0013690232821069737
2020-10-05,53836092.52851988,0.017116151165932347
2020-10-06,53278365.901312776,-0.010359715964000205
2020-10-07,53932251.628506616,0.012273006428257016
2020-10-08,54387267.31470641,0.008436801217460932
2020-10-09,54960109.08648145,0.010532644864474472
2020-10-12,54992853.93138928,0.0005957929387714334
2020-10-13,55581624.168279395,0.010706304452296367
2020-10-14,55362156.38357522,-0.003948567318574736
2020-10-15,55190131.986104034,-0.0031072560880635036
2020-10-16,55545013.16949489,0.006430156454059643
2020-10-19,55069484.97925922,-0.008561132009899719
2020-10-20,54465294.20750437,-0.010971425862842388
2020-10-21,54231229.687003575,-0.004297498506278918
2020-10-22,54369534.61623296,0.0025502820059146725
2020-10-23,55020822.56929738,0.011978913515841683
2020-10-26,53993273.48211689,-0.018675640224867895
2020-10-27,54645917.07957784,0.012087498226554194
2020-10-28,53154298.67279971,-0.027296063210101695
2020-10-29,54251475.000569835,0.020641347081333583
2020-10-30,51845448.15342425,-0.04434951947611221
2020-11-02,52303850.04634206,0.008841699883879395
2020-11-03,52841750.32980706,0.010284143193826312
2020-11-04,53574276.668694854,0.013862643351437054
2020-11-05,54360405.00759822,0.014673615544355645
2020-11-06,55113767.424040735,0.013858660845834647
2020-11-09,53099844.475292794,-0.03654119547395451
2020-11-10,52185701.6729759,-0.017215545758184736
2020-11-11,52877647.64057447,0.013259301789878775
2020-11-12,53121039.528405264,0.004602925786056256
2020-11-13,53712041.50769054,0.011125572551517138
2020-11-16,54274056.312157914,0.010463478741296717
2020-11-17,54280301.04599223,0.00011505927985933084
2020-11-18,53707826.67153882,-0.010546632266618228
2020-11-19,54484782.5940031,0.014466344490457805
2020-11-20,54567748.644794025,0.0015227380351161557
2020-11-23,55510937.23410801,0.017284726101742365
2020-11-24,55817301.68208032,0.005518992530792133
2020-11-25,55865602.71551028,0.0008653416051005447
2020-11-27,56361207.201682374,0.008871370970360948
2020-11-30,55020343.43389706,-0.023790543786388008
2020-12-01,54725164.8090791,-0.005364899715186167
2020-12-02,54676952.59477248,-0.0008809880148341609
2020-12-03,54685776.97495962,0.0001613912218652036
2020-12-04,54915929.217232145,0.004208630744661601
2020-12-07,55247995.79414546,0.0060468170464667015
2020-12-08,55682906.17000442,0.007871966568333777
2020-12-09,55180981.05589824,-0.009013989186802851
2020-12-10,55543254.319929965,0.006565183458132839
2020-12-11,54951660.651955105,-0.01065104440167064
2020-12-14,54509691.405943386,-0.00804287333209086
2020-12-15,55330389.345426776,0.01505600047102651
2020-12-16,55336664.54631853,0.00011341327914005106
2020-12-17,55911340.69400966,0.010385088302713008
2020-12-18,55936623.4502877,0.00045219370460825026
2020-12-21,56011461.9902325,0.0013379166515352647
2020-12-22,56302062.94244933,0.0051882407973480316
2020-12-23,56147918.833603546,-0.0027378057000033706
2020-12-24,55948841.33748239,-0.0035455899391592105
2020-12-28,55162295.94505291,-0.014058296358365308
2020-12-29,55086910.27706234,-0.0013666158505377668
2020-12-30,55926903.689284004,0.015248511996713399
2020-12-31,55982899.46085167,0.001001231390866275
2021-01-04,55784930.864961624,-0.0035362333461932405
2021-01-05,56458184.26952811,0.012068732435937424
2021-01-06,56830989.22973724,0.006603204921174388
2021-01-07,58366188.55987645,0.02701341910367283
2021-01-08,58687760.3314932,0.005509555781372688
2021-01-11,58762769.97164824,0.0012781138644812895
2021-01-12,59229746.644265436,0.007946811779677931
2021-01-13,58981299.062601134,-0.004194641978742197
2021-01-14,59860477.87214772,0.014906060455085024
2021-01-15,58360027.03659385,-0.025065801157795442
2021-01-19,58927384.4866307,0.00972167901295018
2021-01-20,58801391.74170669,-0.0021381017674828584
2021-01-21,58568938.345491774,-0.003953195482787275
2021-01-22,59349635.32520974,0.013329539543857072
2021-01-25,59018511.18813412,-0.005579210980172111
2021-01-26,58830967.25062147,-0.0031777138009262407
2021-01-27,57538420.29534068,-0.021970520215561007
2021-01-28,55833204.53820853,-0.02963612397384907
2021-01-29,55308474.34009768,-0.009398174481490829
2021-02-01,56326391.28525036,0.01840435769197679
2021-02-02,57199993.5853163,0.015509644415915291
2021-02-03,58358312.798169866,0.020250338160018977
2021-02-04,58842440.28672675,0.008295775963078622
2021-02-05,59593265.64521136,0.012759928970076606
2021-02-08,62232840.778160565,0.04429317816989453
2021-02-09,64705209.529620156,0.03972771804315922
2021-02-10,62332985.16464196,-0.03666203049527661
2021-02-11,63408013.818479896,0.01724654532425207
2021-02-12,63787956.7954872,0.00599203403681714
2021-02-16,63351164.18509491,-0.0068475717413666315
2021-02-17,62647615.469265714,-0.011105537283791933
2021-02-18,61741837.12147952,-0.014458305252345371
2021-02-19,62287928.862532444,0.008844760157985965
2021-02-22,60481045.63220632,-0.029008561744184203
2021-02-23,60353243.35636179,-0.0021130963347048004
2021-02-24,61379701.4241796,0.017007504663121065
2021-02-25,58605798.498785146,-0.045192512525023765
2021-02-26,58581870.74481465,-0.00040828304678741656
2021-03-01,59845460.252790794,0.021569633948365974
2021-03-02,59495465.79437266,-0.005848304231260593
2021-03-03,59022735.6154359,-0.0079456505235308
2021-03-04,57886733.818862304,-0.019246850975787377
2021-03-05,59214480.303991035,0.02293697359542657
2021-03-08,59590184.70694707,0.00634480622015543
2021-03-09,59324704.17331293,-0.004455105063689957
2021-03-10,60105184.31885703,0.01315607311355449
2021-03-11,60477467.36279695,0.006193859118124756
2021-03-12,60816986.58641283,0.005613978865536051
2021-03-15,61269800.771852344,0.00744552156980216
2021-03-16,60176470.94417616,-0.01784451416363131
2021-03-17,60665689.980145246,0.008129739552572346
2021-03-18,59385785.20362113,-0.021097671137392582
2021-03-19,59513872.07852008,0.002156860845735631
2021-03-22,59121069.67024461,-0.006600182353405315
2021-03-23,57817576.45969972,-0.022047862425617404
2021-03-24,56210762.649003185,-0.027791095875776217
2021-03-25,56646157.313056365,0.007745752655446303
2021-03-26,57235078.15497962,0.010396483536713186
2021-03-29,56654103.307353236,-0.010150677982010081
2021-03-30,57164184.982188225,0.009003437439787154
2021-03-31,56927219.76090636,-0.004145344175827903
2021-04-01,57350946.77720849,0.007443311267997688
2021-04-05,57683193.13966366,0.00579321495329177
2021-04-06,57782725.56012913,0.0017255012257120228
2021-04-07,57394724.16320996,-0.006714833770092965
2021-04-08,57881199.79052904,0.008475964200746366
2021-04-09,58099166.917704046,0.003765767260592856
2021-04-12,57888139.40516711,-0.003632195154120721
2021-04-13,57530157.90727427,-0.006184021486461688
2021-04-14,57670413.57195892,0.002437950281845458
2021-04-15,58002700.893075846,0.00576183350414694
2021-04-16,58402358.137095496,0.00689032127583844
2021-04-19,58097759.06404236,-0.005215526954204686
2021-04-20,57667582.02527001,-0.00740436542996703
2021-04-21,58348655.45447209,0.011810334425043756
2021-04-22,57823276.228737175,-0.009004135941827363
2021-04-23,58758702.51254892,0.01617733108223396
2021-04-26,58735933.79316968,-0.000387495271434668
2021-04-27,58919242.59895879,0.003120897105928444
2021-04-28,58742241.401939005,-0.0030041322531004777
2021-04-29,59024969.44882445,0.00481302790186211
2021-04-30,58372185.66110434,-0.011059451513754537
2021-05-03,58910809.23951036,0.009227401240946342
2021-05-04,59101774.38940166,0.003241597804486185
2021-05-05,59482904.07163383,0.006448701179782468
2021-05-06,59967722.83523735,0.008150556385405405
2021-05-07,60809791.08323461,0.014042024745726245
2021-05-10,60635461.606061116,-0.002866799475348847
2021-05-11,60262096.19357675,-0.006157542180680653
2021-05-12,58582502.020936996,-0.027871486037334026
2021-05-13,59101951.72999318,0.008866977188351166
2021-05-14,60065647.2617184,0.0163056464891016
2021-05-17,60508446.85413946,0.007371927426199187
2021-05-18,59739912.03934251,-0.012701281469834624
2021-05-19,59345747.567482054,-0.006598008909033393
2021-05-20,59505786.0242244,0.002696713131136619
2021-05-21,59691221.433827356,0.003116258468167432
2021-05-24,60067246.66427035,0.00629950638319321
2021-05-25,59510409.8416521,-0.009270223849788484
2021-05-26,59729343.66846333,0.0036789164684594144
2021-05-27,59974004.56854759,0.004096159191741444
2021-05-28,59841094.348325536,-0.002216130491505597
2021-06-01,60672299.89129039,0.01389021293839554
2021-06-02,60616094.959307015,-0.0009263689044931578
2021-06-03,60806165.307405844,0.003135641585397808
2021-06-04,61237572.47620336,0.007094793210795869
2021-06-07,61000092.28888782,-0.0038780143907209963
2021-06-08,61238154.33294616,0.003902650555525522
2021-06-09,60811057.70978671,-0.006974354923196424
2021-06-10,60295071.6900803,-0.008485068984803612
2021-06-11,60507913.61103877,0.003530005272279757
2021-06-14,60005321.86309399,-0.00830621513700791
2021-06-15,59814865.581711546,-0.003173989830718371
2021-06-16,59369395.62392142,-0.007447479041503224
2021-06-17,58359265.403784335,-0.017014325470580904
2021-06-18,57399481.83881106,-0.01644612142275248
2021-06-21,57967920.51695478,0.009903202257818267
2021-06-22,58798254.20492518,0.014324020605975374
2021-06-23,59043787.77910769,0.004175865040597415
2021-06-24,59468499.838528946,0.0071931709566157576
2021-06-25,59540615.57441733,0.0012126711802751267
2021-06-28,59801805.233803354,0.004386747716095929
2021-06-29,60049218.17273043,0.004137215222179025
2021-06-30,59673459.37446965,-0.006257513581274576
2021-07-01,60039845.70324923,0.006139854009139745
2021-07-02,60402938.657432795,0.0060475330995715115
2021-07-06,60653356.24437192,0.0041457848327435265
2021-07-07,60550877.68470316,-0.0016895777251942912
2021-07-08,60084725.97895452,-0.00769851278087097
2021-07-09,60876755.19026928,0.013181872737377143
2021-07-12,60873074.21758587,-6.04659803549179e-05
2021-07-13,60153814.603264675,-0.011815726798194204
2021-07-14,59454372.62076843,-0.011627558237317315
2021-07-15,59011026.54947939,-0.007456912784479908
2021-07-16,58807948.868141145,-0.003441351442479479
2021-07-19,58325918.534281015,-0.008196686725818858
2021-07-20,59016823.14174999,0.011845584687413035
2021-07-21,59541224.18033397,0.008885619568583802
2021-07-22,59939179.38677841,0.006683692045684753
2021-07-23,60896149.83809005,0.01596569157439509
2021-07-26,60295017.80027002,-0.009871429300839396
2021-07-27,60135835.599764265,-0.0026400556184104085
2021-07-28,60549480.423830606,0.006878507963527181
2021-07-29,60885290.60199237,0.005546045578115333
2021-07-30,60992960.08117496,0.0017683988713534937
2021-08-02,60939750.86974491,-0.0008723828349900264
2021-08-03,61718826.08258001,0.012784351785426917
2021-08-04,62201380.06842962,0.007818586588214549
2021-08-05,62693418.99793681,0.007910418208822323
2021-08-06,62621604.09454595,-0.0011454934910029024
2021-08-09,63577111.15183952,0.015258425125152408
2021-08-10,63396661.64261043,-0.0028382778952966703
2021-08-11,62291800.563168585,-0.01742774857247753
2021-08-12,62775835.79527528,0.007770448561939425
2021-08-13,62861705.03945593,0.0013678709824060942
2021-08-16,62926209.975809045,0.0010261404190776702
2021-08-17,62694762.91036012,-0.0036780709586339277
2021-08-18,62076575.76595548,-0.009860267679590917
2021-08-19,62163217.505958974,0.0013957235709998184
2021-08-20,62672663.502527826,0.008195296463218149
2021-08-23,63530123.763462625,0.013681567257791905
2021-08-24,63225210.30340588,-0.004799509933146151
2021-08-25,63624234.82294806,0.006311161601951776
2021-08-26,63461201.86133481,-0.002562434928560453
2021-08-27,63872342.14420552,0.006478608516886641
2021-08-30,64135043.567017086,0.004112913570923471
2021-08-31,64095462.74633762,-0.0006171481062159367
2021-09-01,64403066.05388485,0.004799143252379512
2021-09-02,65027599.48238838,0.009697262362959425
2021-09-03,65437368.952477515,0.006301470042733515
2021-09-07,64953803.5717527,-0.007389743635261348
2021-09-08,64830635.429076925,-0.0018962421891076664
2021-09-09,65091726.73963236,0.004027282916902131
2021-09-10,64860103.53675915,-0.0035584123278785684
2021-09-13,63871081.85352064,-0.015248536917274458
2021-09-14,64134751.11831185,0.004128147780491753
2021-09-15,64562830.65361832,0.006674689272852641
2021-09-16,64735578.65327562,0.0026756571530157647
2021-09-17,63569537.50885592,-0.018012369220719027
2021-09-20,62517460.96746319,-0.016550010942680937
2021-09-21,62709976.830391705,0.0030793934998210037
2021-09-22,63403209.66538975,0.011054586048931059
2021-09-23,64171349.7263277,0.012115160494110766
2021-09-24,63959524.80636742,-0.0033009266730972264
2021-09-27,62936307.16303837,-0.01599789314299571
2021-09-28,60560040.05657451,-0.03775669742280996
2021-09-29,61098937.97655304,0.008898572713543329
2021-09-30,60948444.754050605,-0.0024631070111265085
2021-10-01,61026024.26551979,0.0012728710598317594
2021-10-04,60423968.3035904,-0.009865560950028218
2021-10-05,61078718.34798253,0.01083593254091575
2021-10-06,60465658.365485996,-0.010037210980816003
2021-10-07,61083003.30484777,0.010209844001535906
2021-10-08,61969689.2582889,0.014516083124071821
2021-10-11,62138462.337002136,0.002723477892712989
2021-10-12,62512459.79903904,0.00601877561772568
2021-10-13,62562845.63977833,0.0008060127677149698
2021-10-14,63218289.41073426,0.010476565831577078
2021-10-15,63489796.68747724,0.004294758356699235
2021-10-18,64304492.54770663,0.012831917925956837
2021-10-19,64451767.77668956,0.0022902790014813768
2021-10-20,64315511.764256425,-0.002114077194984465
2021-10-21,64352352.54439102,0.0005728132937763419
2021-10-22,64859664.805995464,0.007883352224838935
2021-10-25,65562145.544645175,0.010830779664849244
2021-10-26,65206025.214712225,-0.0054317979830365015
2021-10-27,64070038.55346047,-0.01742149835864315
2021-10-28,64642581.14226784,0.008936198599750034
2021-10-29,64809181.6734083,0.002577256789511484
2021-11-01,65142261.68154372,0.005139395368605415
2021-11-02,70607047.69541225,0.0838900258112596
2021-11-03,69371034.4546605,-0.0175055221977799
2021-11-04,69411945.61998843,0.0005897442015898591
2021-11-05,70270933.09527837,0.012375211033453404
2021-11-08,71051485.34826675,0.011107754210835097
2021-11-09,70771906.55757852,-0.0039348760876404265
2021-11-10,68709401.82371953,-0.02914298673275073
2021-11-11,69265118.13423455,0.008087922406030623
2021-11-12,69889817.64887944,0.009018962667965535
2021-11-15,69668727.39000276,-0.003163411585753728
2021-11-16,69812746.78959748,0.0020672029616459753
2021-11-17,69308251.32742997,-0.007226409006480861
2021-11-18,69499843.48453662,0.0027643484496748805
2021-11-19,68957905.71619757,-0.007797683292044111
2021-11-22,68167247.12987766,-0.01146581495055743
2021-11-23,68024775.59059362,-0.0020900292337254767
2021-11-24,68620336.30752985,0.008755055959619895
2021-11-26,66595706.87669738,-0.029504801925756663
2021-11-29,67638907.39270362,0.01566468117738795
2021-11-30,66241851.1520855,-0.020654624601000426
2021-12-01,65153072.83207308,-0.016436411438935816
2021-12-02,65605839.84646787,0.006949281050208755
2021-12-03,65624133.89729946,0.00027884790247956204
2021-12-06,65726042.642006576,0.0015529156524427545
2021-12-07,67159804.35444784,0.021814210240081122
2021-12-08,67132180.24154824,-0.00041131913895708916
2021-12-09,66397250.548553884,-0.010947502231418715
2021-12-10,67133837.48936872,0.011093636178145738
2021-12-13,66518351.81337349,-0.009168039531371908
2021-12-14,65857304.387332104,-0.009937820285987331
2021-12-15,67038535.07893165,0.017936213797216327
2021-12-16,66592882.77422681,-0.0066477035063509105
2021-12-17,65830953.23020705,-0.011441606253974168
2021-12-20,65452052.324405104,-0.005755664884221745
2021-12-21,66154742.89705541,0.010735959342688117
2021-12-22,66802518.34135782,0.009791821658356792
2021-12-23,66975725.36354844,0.002592821745215357
2021-12-27,67813828.01036064,0.012513528480101233
2021-12-28,67720413.26632664,-0.001377517635779757
2021-12-29,68021505.47991785,0.0044461071495105475
2021-12-30,67686885.23413265,-0.00491933019453672
2021-12-31,67804540.62700571,0.0017382302711388409
2022-01-03,67048526.825189166,-0.011149899325701429
2022-01-04,67011856.11758376,-0.0005469278646645925
2022-01-05,65725084.955419265,-0.019202141780801263
2022-01-06,66109112.24090765,0.005842933268916495
2022-01-07,65738072.65893569,-0.005612533119789265
2022-01-10,65324466.00909984,-0.006291736783670787
2022-01-11,66108568.19189766,0.012003193148009794
2022-01-12,66579600.59100657,0.0071251338819140475
2022-01-13,66052603.48809275,-0.007915293847302052
2022-01-14,66731476.45766567,0.01027776247601353
2022-01-18,65695971.21831024,-0.015517493307859787
2022-01-19,64852887.22917379,-0.012833115539685802
2022-01-20,64150039.54395048,-0.010837569694308602
2022-01-21,63555418.85929469,-0.009269217741454505
2022-01-24,63321252.305788435,-0.00368444670350887
2022-01-25,63643537.85248781,0.005089690032392458
2022-01-26,63385498.444099665,-0.004054447899898728
2022-01-27,63607013.3660048,0.0034947255656669896
2022-01-28,63553089.86604129,-0.000847760287898236
2022-01-31,63510858.8508562,-0.0006644997949604159
2022-02-01,64069325.665385105,0.008793249290493188
2022-02-02,64595285.388416946,0.008209228325248397
2022-02-03,64391327.70082683,-0.003157470183213884
2022-02-04,64326892.398366466,-0.0010006829298464526
2022-02-07,64645856.43605085,0.004958486657634431
2022-02-08,64466700.466945216,-0.00277134497062248
2022-02-09,64503050.241697915,0.0005638535009455659
2022-02-10,63923996.768363275,-0.008977148695525017
2022-02-11,64620004.63902561,0.010888053091930638
2022-02-14,64094461.85653254,-0.00813281870573701
2022-02-15,63894405.808524475,-0.0031212688618224016
2022-02-16,64465724.651384346,0.008941609764272274
2022-02-17,63994907.41634946,-0.007303373033979765
2022-02-18,63744509.416398264,-0.003912780095486568
2022-02-22,63343176.56970685,-0.006295959453853306
2022-02-23,63194319.62237895,-0.002350007615486205
2022-02-24,62929313.337583005,-0.004193514328178605
2022-02-25,63858128.91966499,0.014759664976786935
2022-02-28,64093676.91460983,0.0036886141033221076
2022-03-01,64067252.23826273,-0.0004122821098608842
2022-03-02,64767541.69716631,0.01093053680996392
2022-03-03,64998362.31606648,0.0035638317103252604
2022-03-04,65451779.81377959,0.006975829567955616
2022-03-07,64966424.03437481,-0.0074154710656562095
2022-03-08,65047759.85088133,0.0012519669616337659
2022-03-09,64386166.597186595,-0.010170884519488554
2022-03-10,64747572.92770673,0.005613105261898399
2022-03-11,64422188.82399995,-0.005025425494637248
2022-03-14,63894385.63632505,-0.008192878840500906
2022-03-15,63496167.28774173,-0.006232446632320809
2022-03-16,63385669.705454804,-0.0017402244419917334
2022-03-17,63638874.08635891,0.003994662864346354
2022-03-18,63878365.48715463,0.0037632878367823697
2022-03-21,64434582.81581166,0.00870744460061168
2022-03-22,64088650.15782899,-0.005368742108124325
2022-03-23,64725760.33247869,0.009941076510126434
2022-03-24,65610640.858647235,0.013671226442503848
2022-03-25,67106158.655781135,0.02279383004893787
2022-03-28,66026971.86413267,-0.01608178464191512
2022-03-29,65275243.420670986,-0.011385172184006254
2022-03-30,65827264.79192488,0.008456825931637768
2022-03-31,65574489.431556106,-0.003839979697892293
2022-04-01,66545147.768261924,0.014802377343996698
2022-04-04,66239954.12433492,-0.0045862644259175855
2022-04-05,65966719.15330059,-0.004124926936414419
2022-04-06,66476573.46129547,0.007728962642662651
2022-04-07,67210085.13816798,0.011034137872638405
2022-04-08,68149738.7637796,0.013980842661929671
2022-04-11,67495019.31275538,-0.009607072057804977
2022-04-12,67937335.4701677,0.006553315517441982
2022-04-13,68466997.02700907,0.007796325145456473
2022-04-14,68789889.269375,0.004716027522553068
2022-04-18,69265635.47300358,0.0069159321039986565
2022-04-19,69135143.19249597,-0.001883939699917514
2022-04-20,69827363.48433478,0.01001256755788349
2022-04-21,68706839.623705,-0.016047059558265575
2022-04-22,66866178.43189804,-0.02679007216585605
2022-04-25,66135159.65361406,-0.010932564046986948
2022-04-26,65822176.333291925,-0.004732479999464689
2022-04-27,66409123.363227464,0.00891716230960693
2022-04-28,66808511.97266011,0.006014062363813633
2022-04-29,65749268.42818342,-0.015854918979637755
2022-05-02,65563679.289583325,-0.002822679902557579
2022-05-03,66270124.35483231,0.010774945410380932
2022-05-04,67230291.98659568,0.014488695186722689
2022-05-05,66511485.677542776,-0.010691702918622092
2022-05-06,66801699.613288194,0.004363365707276801
2022-05-09,64763462.70482388,-0.03051175224977165
2022-05-10,64816387.72913334,0.0008172049810040161
2022-05-11,65071912.17294751,0.003942281462552488
2022-05-12,65115450.29011429,0.0006690769598265423
2022-05-13,65385057.23854573,0.004140445120631719
2022-05-16,65684324.74853305,0.004577001575382766
2022-05-17,65773302.13837081,0.0013546213678592434
2022-05-18,65393655.82083701,-0.005772042837914992
2022-05-19,65414284.81281354,0.00031545861318793555
2022-05-20,65587183.51726225,0.0026431337580692382
2022-05-23,65950710.31715402,0.0055426499568485
2022-05-24,65893561.25736065,-0.0008665419905038441
2022-05-25,66297994.28077229,0.00613767135505161
2022-05-26,66419198.216065116,0.0018281689605801343
2022-05-27,66271887.18478895,-0.0022178983672304087
2022-05-31,65931670.24160245,-0.005133654067189242
2022-06-01,65931279.140235,-5.9319196072937785e-06
2022-06-02,66040642.210492656,0.0016587433413060015
2022-06-03,66159517.43082705,0.0018000312588648537
2022-06-06,65964769.07330284,-0.0029436181684340257
2022-06-07,66245615.4104439,0.004257520204898668
2022-06-08,66025550.465463474,-0.0033219548737973836
2022-06-09,65664166.98126639,-0.005473388432953974
2022-06-10,65222428.00575819,-0.006727245555924299
2022-06-13,64319116.98829303,-0.013849699330196863
2022-06-14,64417731.675515965,0.0015332095936715362
2022-06-15,64582918.9303622,0.0025643134359079056
2022-06-16,64318771.836563714,-0.004090045760912542
2022-06-17,64297245.69692464,-0.00033467895956984517
2022-06-21,64275101.11183032,-0.00034440954436376625
2022-06-22,64452257.79241634,0.002756225622699393
2022-06-23,64503928.490997866,0.000801689504003722
2022-06-24,64489165.43421212,-0.00022887066154131386
2022-06-27,64422731.67901342,-0.001030153743677542
2022-06-28,64407968.62231197,-0.00022915912313392628
2022-06-29,64481783.905903526,0.0011460582466806812
2022-06-30,64599888.35959946,0.0018315940804038977
2022-07-01,64783686.20126528,0.002845172744613711
2022-07-05,64776297.64405441,-0.00011404965731520722
2022-07-06,64606360.82677158,-0.0026234413429528924
2022-07-07,64562029.48316922,-0.0006861761448105907
2022-07-08,64488143.91047054,-0.0011444121767879567
2022-07-11,64510309.58227171,0.0003437170068336659
2022-07-12,64539863.81136804,0.0004581318751639696
2022-07-13,64473366.795880236,-0.0010303246948607514
2022-07-14,64451201.12407905,-0.00034379578580656656
2022-07-15,64495532.4676814,0.0006878280439956974
2022-07-18,64458589.6813742,-0.0005727960510398811
2022-07-19,64392092.66588638,-0.0010316238040037895
2022-07-20,64384704.10867551,-0.0001147432379501323
2022-07-21,64554640.92587405,0.002639397346793748
2022-07-22,64709800.628566585,0.002403540635764756
2022-07-25,64658080.72766908,-0.0007992591600517462
2022-07-26,64628526.49857275,-0.00045708484946849204
2022-07-27,64724577.74315689,0.001486205082924963
2022-07-28,64857571.77396396,0.0020547686125480524
2022-07-29,64850183.216753095,-0.0001139197322498342
2022-08-01,64848887.2637686,-1.9983798351996818e-05
2022-08-02,64634391.18216622,-0.003307629331092965
2022-08-03,64656580.43194356,0.00034330407344285163
2022-08-04,64737941.01462905,0.0012583496086857604
2022-08-05,64467625.9721631,-0.004175527337282214
2022-08-08,64530162.774320886,0.0009700497143292353
2022-08-09,64467625.972163096,-0.0009691096298097834
2022-08-10,64530162.77432088,0.0009700497143292353
2022-08-11,64506711.47354511,-0.0003634161106610412
2022-08-12,64522345.6740623,0.00024236548662992519
2022-08-15,64577065.37605056,0.0008480736621803153
2022-08-16,64522345.67406229,-0.000847355042686182
2022-08-17,64467625.972163096,-0.000848073660799864
2022-08-18,64561431.17544431,0.0014550745721848557
2022-08-19,64514528.57380371,-0.0007264802032214135
2022-08-22,64428540.47078107,-0.0013328486609689438
2022-08-23,64459808.87190451,0.00048531909763838144
2022-08-24,64389454.96939905,-0.001091438273502554
2022-08-25,64428540.47078107,0.000607017117951969
2022-08-26,64412906.27026389,-0.00024265954812796586
2022-08-29,64366003.66853421,-0.000728155340994574
2022-08-30,64334735.26749985,-0.0004857906231896525
2022-08-31,64326918.16715219,-0.00012150668398891451
2022-09-01,64280392.34976117,-0.0007232713569476079
2022-09-02,64421272.30379536,0.0021916473886411936
2022-09-06,64280392.34976117,-0.002186854574523611
2022-09-07,64374312.3191173,0.001461098259094129
2022-09-08,64296045.678016886,-0.0012158054708597543
2022-09-09,64241259.0292555,-0.0008520998170827854
2022-09-12,64233432.36508311,-0.00012183235961837902
2022-09-13,64014285.769948505,-0.003411721701076842
2022-09-14,63959499.12118713,-0.0008558503481279622
2022-09-15,63889059.14417003,-0.0011013215860811165
2022-09-16,63920365.800592385,0.0004900159251322034
2022-09-19,63849925.82366437,-0.0011019958356897064
2022-09-20,63818619.167152934,-0.0004903162549928508
2022-09-21,63763832.51839155,-0.0008584743680819518
2022-09-22,63646432.55669641,-0.0018411685285899537
2022-09-23,63568165.91559599,-0.001229709788222566
2022-09-26,63427285.9615618,-0.002216202906046516
2022-09-27,63427285.9615618,0.0
2022-09-28,63701219.20554685,0.004318854887643386
2022-09-29,63615125.900274046,-0.0013515173861116114
2022-09-30,63560339.25151268,-0.0008612204721131222
2022-10-03,63699671.87397679,0.0021921315100721372
2022-10-04,63723183.07175443,0.0003690944880243574
2022-10-05,63660486.54440674,-0.0009838888191930906
2022-10-06,63582115.88508852,-0.0012310722643245064
2022-10-07,63503745.22577029,-0.0012325896712822582
2022-10-10,63480234.02799263,-0.00037023324678053804
2022-10-11,63511582.291666485,0.0004938271598058375
2022-10-12,63574278.81910326,0.0009871668312222415
2022-10-13,63386189.23679295,-0.0029585798817397535
2022-10-14,63354840.9731191,-0.0004945598410521779
2022-10-17,63425374.56645207,0.001113310241957599
2022-10-18,63456722.830215,0.0004942542945503003
2022-10-19,63339166.84123765,-0.0018525379776053175
2022-10-20,63268633.24790468,-0.0011135857456060494
2022-10-21,63433211.632437326,0.0026012634710754767
2022-10-24,63417537.500555865,-0.0002470966151341125
2022-10-25,63480234.027992636,0.0009886307464432864
2022-10-26,63535093.489533216,0.0008641975314140904
2022-10-27,63668323.610302955,0.0020969532498080756
2022-10-28,63574278.81910327,-0.0014771048751858196
2022-10-31,63480234.02799264,-0.001479289940169437
2022-11-01,63418078.25810004,-0.0009791358025742491
2022-11-02,63386675.39684423,-0.0004951720726699138
2022-11-03,63268914.667268544,-0.0018578152086131672
2022-11-04,63339571.10504958,0.0011167638666258473
2022-11-07,63284616.09789644,-0.0008676251858730222
2022-11-08,63347421.820319004,0.0009924327000010447
2022-11-09,63449481.11935586,0.0016111042265671838
2022-11-10,63794912.592902556,0.005444196980853189
2022-11-11,63779211.16227466,-0.00024612355421027576
2022-11-14,63724256.155121535,-0.0008616445100473324
2022-11-15,63787061.87754408,0.0009855858069125478
2022-11-16,63794912.59290256,0.00012307692386825941
2022-11-17,63716405.43976304,-0.001230617771051823
2022-11-18,63645749.00207107,-0.001108920649310119
2022-11-21,63630047.57144317,-0.00024670038257212923
2022-11-22,63677151.86323781,0.000740283774607553
2022-11-23,63732106.87039094,0.0008630255208517124
2022-11-25,63739957.58574944,0.00012318305080460945
2022-11-28,63755659.016377345,0.0002463357558213364
2022-11-29,63732106.87039095,-0.00036941263489009835
2022-11-30,63920524.03783675,0.002956393201137608
2022-12-01,63898592.08947414,-0.0003431127746954532
2022-12-02,64450812.46843076,0.0086421368749936
2022-12-05,63407100.49976581,-0.016193930358537778
2022-12-06,62993268.09269559,-0.006526594085022985
2022-12-07,63010918.84556089,0.00028020062142730673
2022-12-08,63337657.56731149,0.005185430203794139
2022-12-09,62587294.12382119,-0.011847034960092317
2022-12-12,62952666.08336167,0.005837797665731337
2022-12-13,63205580.73150374,0.004017536728423199
2022-12-14,63501650.58021799,0.004684235874233167
2022-12-15,62486484.751412064,-0.015986447903799328
2022-12-16,62021487.74713708,-0.0074415612612049875
2022-12-19,61758969.126966774,-0.004232704336932347
2022-12-20,61589029.97090036,-0.0027516514357137645
2022-12-21,61834812.9300691,0.003990693785644428
2022-12-22,61813231.75535166,-0.0003490133420770425
2022-12-23,61629562.42341738,-0.0029713594762561524
2022-12-27,61177357.02679296,-0.007337475374522562
2022-12-28,61096428.12523844,-0.0013228571073947704
2022-12-29,61104705.326996766,0.00013547767050070547
2022-12-30,61034784.135149434,-0.001144284903644599
2023-01-03,61060998.33750406,0.00042949610989984066
2023-01-04,61149483.369445994,0.0014491252084161133
2023-01-05,61116887.12609431,-0.0005330583605219763
2023-01-06,61372622.535093844,0.004184365746113805
2023-01-09,61298952.60795534,-0.0012003711768449055
2023-01-10,61261731.70881958,-0.0006072028566915799
2023-01-11,61319157.25559038,0.0009373804032140054
2023-01-12,61526991.78416594,0.003389389839610235
2023-01-13,61618776.84786525,0.001491785329295725
2023-01-17,61436850.14718465,-0.002952455566097578
2023-01-18,61025472.29783117,-0.006695946298808209
2023-01-19,60712000.79209061,-0.005136732153594559
2023-01-20,61007916.15899974,0.004874083592179668
2023-01-23,61225538.70787486,0.003567119852249112
2023-01-24,61288750.70813243,0.0010324449827903148
2023-01-25,61220997.9639214,-0.001105467862017373
2023-01-26,61458462.79144202,0.003878813404194492
2023-01-27,61355982.541487776,-0.0016674717410686268
2023-01-30,60730616.914735235,-0.010192414836314945
2023-01-31,61286303.62966693,0.009150025854535171
2023-02-01,62448650.24136366,0.018965846247155138
2023-02-02,62483025.72380349,0.0005504599748269445
2023-02-03,61526438.41169746,-0.015309554891507204
2023-02-06,61165523.15435504,-0.005866019010029366
2023-02-07,61736763.64094053,0.009339256122177453
2023-02-08,61445004.257731944,-0.00472586131831354
2023-02-09,61160353.02346769,-0.004632618024897228
2023-02-10,60944686.71137444,-0.003526243741766799
2023-02-13,61803429.54260808,0.014090528273621672
2023-02-14,61902658.55811631,0.0016055584009269097
2023-02-15,62417860.47223072,0.008322775242855185
2023-02-16,61909722.34468929,-0.00814090908751186
2023-02-17,61570378.71978054,-0.005481265495254739
2023-02-21,60403956.84264703,-0.0189445298435168
2023-02-22,60218725.11161356,-0.003066549622171344
2023-02-23,60582953.60290341,0.006048425811319813
2023-02-24,60222675.58723693,-0.005946854589295114
2023-02-27,60588357.36912278,0.006072160997830922
2023-02-28,60639891.76480584,0.0008505659819937339
2023-03-01,60681401.10612566,0.0006845220219193759
2023-03-02,61253368.755636275,0.009425748896441988
2023-03-03,62354436.60309387,0.017975629256411718
2023-03-06,62259072.57797747,-0.0015293863646531625
2023-03-07,61779906.72054215,-0.007696321798484562
2023-03-08,62143965.58839489,0.0058928361530155016
2023-03-09,61080346.44936724,-0.017115404994789585
2023-03-10,59886236.22717932,-0.019549827261994723
2023-03-13,59356051.4440939,-0.008853199273939238
2023-03-14,60053005.56998133,0.0117419219933097
2023-03-15,59577765.40528565,-0.00791367826114664
2023-03-16,59914010.83022089,0.0056438072601059375
2023-03-17,59503339.57613082,-0.006854344224321629
2023-03-20,59739700.061862886,0.003972222188128649
2023-03-21,60175118.42824209,0.007288593111922426
2023-03-22,59825702.16525613,-0.005806656839448254
2023-03-23,60330164.05170562,0.008432193324802384
2023-03-24,60400599.73422146,0.0011675035800577938
2023-03-27,60208021.49299733,-0.0031883498189011483
2023-03-28,60111177.63423469,-0.001608487646017509
2023-03-29,60729297.198065385,0.010282938850272316
2023-03-30,60964854.597207986,0.003878809899188207
2023-03-31,62034333.79436146,0.01754255306962471
2023-04-03,61949648.32566957,-0.0013651386822757239
2023-04-04,61600694.28612163,-0.00563286554450626
2023-04-05,60962192.51147288,-0.01036517172490048
2023-04-06,60951876.40966344,-0.0001692213056067038
2023-04-10,61377132.69798628,0.006976918732815696
2023-04-11,61333135.00315896,-0.0007168418088837614
2023-04-12,61228985.53822474,-0.0016980945932218994
2023-04-13,61892133.03698667,0.010830613849513115
2023-04-14,61686258.76236267,-0.0033263399485840006
2023-04-17,61836352.6385885,0.0024331817042764214
2023-04-18,62273665.5635536,0.007072100897040912
2023-04-19,62009583.24621504,-0.004240674046544712
2023-04-20,61879154.53763402,-0.002103363734330177
2023-04-21,62053295.189535715,0.0028142054170403608
2023-04-24,62111131.6407555,0.0009320448018614869
2023-04-25,61381633.049855605,-0.01174505393202685
2023-04-26,60547852.544776246,-0.013583550382280318
2023-04-27,61518337.433260955,0.01602839485953722
2023-04-28,61813579.343373604,0.004799250474428751
2023-05-01,61968330.74016185,0.0025035178100365485
2023-05-02,61819781.4092463,-0.0023971814173666672
2023-05-03,62103274.74570425,0.004585802958137597
2023-05-04,61396635.79780802,-0.011378449055862494
2023-05-05,62326591.69056394,0.015146691356485054
2023-05-08,62371370.18552031,0.0007184492805043519
2023-05-09,62134023.76028879,-0.003805374557678487
2023-05-10,62294629.17532661,0.0025848223777913404
2023-05-11,62318996.857870586,0.0003911682735182609
2023-05-12,61761494.45520143,-0.008945946353094203
2023-05-15,62272876.2491566,0.008279945271177036
2023-05-16,61838154.13553787,-0.006980922350196095
2023-05-17,62267572.35083634,0.006944227577641904
2023-05-18,62810278.36109745,0.008715708510415698
2023-05-19,62607109.68011922,-0.0032346406715507703
2023-05-22,62796076.32997336,0.0030182937819625
2023-05-23,61169135.46267747,-0.025908320429875786
2023-05-24,61033026.277950615,-0.002225128468750448
2023-05-25,62850657.976027146,0.029781117026687287
2023-05-26,64269095.95196936,0.022568387056238093
2023-05-30,64743823.665997,0.0073865628105678205
2023-05-31,63655063.95029656,-0.016816425939208957
2023-06-01,64673105.57505227,0.015993097195701855
2023-06-02,64294605.82404276,-0.00585250619471589
2023-06-05,64577173.80418688,0.00439489404317106
2023-06-06,65354265.01841691,0.012033527769213848
2023-06-07,64112463.78142396,-0.019001074170798327
2023-06-08,65239659.567996204,0.01758153906571347
2023-06-09,65453192.15273342,0.0032730487275867137
2023-06-12,66377903.24617001,0.014127822693182024
2023-06-13,66528913.456718914,0.002275007241323568
2023-06-14,66487650.75193355,-0.0006202221356313986
2023-06-15,66701624.71556145,0.003218251227227631
2023-06-16,66085336.14563297,-0.009239483634117529
2023-06-20,65737806.216823496,-0.005258805494211538
2023-06-21,65261093.63734944,-0.007251726318668328
2023-06-22,65951722.261335135,0.010582547510212814
2023-06-23,64814947.514358416,-0.01723646794957412
2023-06-26,64467894.55679805,-0.0053545203825627885
2023-06-27,65843101.56274644,0.02133165687203875
2023-06-28,66334365.41544493,0.007461128668587058
2023-06-29,66245375.008964665,-0.001341543043683724
2023-06-30,67260641.84368376,0.015325852326773193
2023-07-03,66943530.609191865,-0.004714662628835464
2023-07-05,67167095.3871996,0.00333960243765552
2023-07-06,66113958.7350184,-0.015679353798316753
2023-07-07,66421698.41789004,0.004654685466726427
2023-07-10,67860788.11919963,0.021665957594995566
2023-07-11,68225313.01850083,0.0053716573208801854
2023-07-12,68860778.97388367,0.009314225575051793
2023-07-13,70049776.16579066,0.017266682277264467
2023-07-14,69687272.84954298,-0.005174938966110765
2023-07-17,70424614.9509592,0.010580728320480848
2023-07-18,71130496.5328827,0.010023222454464964
2023-07-19,70744386.31402154,-0.005428195186050311
2023-07-20,69388287.59524286,-0.019168994028150976
2023-07-21,69328996.6251621,-0.0008544809525581343
2023-07-24,69270576.01459137,-0.0008426576672757591
2023-07-25,70535630.03824708,0.01826250186499445
2023-07-26,69987301.25116071,-0.007773784494290892
2023-07-27,70100749.28091337,0.0016209802024731434
2023-07-28,71072646.93730043,0.013864297690919125
2023-07-31,70681909.99237305,-0.005497712013907141
2023-08-01,70750342.0209118,0.000968168921102075
2023-08-02,68803554.33860832,-0.027516300652342562
2023-08-03,68678783.60980459,-0.0018134343494770055
2023-08-04,68761514.97305618,0.0012046131119856085
2023-08-07,69864997.76335944,0.016047970885104235
2023-08-08,69293692.05798963,-0.00817728080812219
2023-08-09,65929254.73673116,-0.048553298595244154
2023-08-10,65669692.47877379,-0.003936981526544647
2023-08-11,65468878.07299587,-0.0030579464924831434
2023-08-14,66023381.05815329,0.008469718765291123
2023-08-15,65697490.59793764,-0.004935985631038808
2023-08-16,64812901.11315983,-0.013464585583510602
2023-08-17,63509394.244092144,-0.020111842652928535
2023-08-18,63748588.841705486,0.0037662868692152074
2023-08-21,64023127.433862045,0.004306583049834556
2023-08-22,63968596.45230979,-0.0008517387971805901
2023-08-23,64471935.458699755,0.007868532909975912
2023-08-24,63501260.1716394,-0.015055780164722421
2023-08-25,64229690.96357262,0.011471123407068351
2023-08-28,64715773.64660128,0.00756788139155673
2023-08-29,65368064.4896214,0.010079317703627133
2023-08-30,65787738.92025025,0.0064201752630366204
2023-08-31,66003412.984578066,0.003278332222198088
2023-09-01,66491707.91677068,0.0073980254976619975
2023-09-05,66481731.7304836,-0.00015003654740786132
2023-09-06,66424549.28785563,-0.0008601226403034401
2023-09-07,66737625.28329269,0.00471325735430006
2023-09-08,66657512.545056745,-0.0012004133784484505
2023-09-11,66991108.4242966,0.005004625382838412
2023-09-12,66777824.89730559,-0.0031837587406399193
2023-09-13,66327729.15728521,-0.006740197673592352
2023-09-14,66837082.22726777,0.007679338286626924
2023-09-15,66220269.45575778,-0.009228601114163348
2023-09-18,66273495.40676774,0.000803771284040522
2023-09-19,66108300.18087544,-0.0024926288386990514
2023-09-20,65417848.36801123,-0.010444253005675641
2023-09-21,65407155.929277815,-0.00016344834017256726
2023-09-22,65630015.275888875,0.0034072624538519225
2023-09-25,65901189.91609903,0.00413186922279718
2023-09-26,65093658.132619746,-0.012253675305519907
2023-09-27,65447684.05897508,0.005438716097873275
2023-09-28,65587439.87846348,0.0021353821987415422
2023-09-29,65172576.73264469,-0.006325344404165545
2023-10-02,64858418.34929374,-0.004820407587070141
2023-10-03,64251040.71499484,-0.009364669225016886
2023-10-04,64433545.407484405,0.0028404939508936966
2023-10-05,64415810.14026797,-0.00027524897325259534
2023-10-06,64983642.912167415,0.008815114964213944
2023-10-09,65607812.55598936,0.009605026986030607
2023-10-10,65648044.11088187,0.0006132128678757454
2023-10-11,66149577.35861922,0.007639728715911787
2023-10-12,66022981.49479112,-0.0019137818997962963
2023-10-13,65655030.6798332,-0.005573071779361394
2023-10-16,66046365.71256477,0.005960472924609661
2023-10-17,65838869.79508891,-0.0031416704800818485
2023-10-18,65565617.78786202,-0.004150314367141084
2023-10-19,64925199.255281076,-0.0097675970148412
2023-10-20,64008219.64895829,-0.014123631761487454
2023-10-23,63798533.18907352,-0.0032759302013828373
2023-10-24,63817187.6325704,0.0002923961189138513
2023-10-25,63068479.62690544,-0.011732074593692077
2023-10-26,62580871.39014742,-0.007731409408353707
2023-10-27,62806522.802667886,0.0036057569590823846
2023-10-30,62883577.66365369,0.0012268608027847794
2023-10-31,62796516.0823056,-0.001384488360597902
2023-11-01,63161496.83611466,0.005812117878174705
2023-11-02,62977498.47256207,-0.002913141277034903
2023-11-03,63137720.27041558,0.0025441118135760554
2023-11-06,63236368.57988523,0.0015624306523445153
2023-11-07,63127535.64869751,-0.0017210496685974297
2023-11-08,62945479.207613945,-0.002883946588643993
2023-11-09,62903876.44753997,-0.0006609332488637376
2023-11-10,63425011.22854052,0.008284621082695232
2023-11-13,63837077.44348971,0.006496904091422007
2023-11-14,64867716.104556136,0.016144828402878897
2023-11-15,64580016.777474426,-0.004435169670811034
2023-11-16,64862780.81289674,0.004378506688789585
2023-11-17,65199400.45289895,0.00518971952456404
2023-11-20,65448116.42173864,0.0038146971768453497
2023-11-21,65251843.153222494,-0.002998913937436898
2023-11-22,65660920.87369335,0.006269213262072526
2023-11-24,65668916.17229165,0.00012176647070916147
2023-11-27,65784434.98230101,0.0017591094347633174
2023-11-28,65675435.7992361,-0.0016569144827989213
2023-11-29,65620368.055926286,-0.0008384831046747143
2023-11-30,66062174.688865125,0.006732766761720965
2023-12-01,66541157.6975107,0.0072504880576738095
2023-12-04,66373196.20984537,-0.0025241744129078647
2023-12-05,66106835.65281286,-0.004013074135986838
2023-12-06,66029684.74284288,-0.001167064029129583
2023-12-07,66450988.82881098,0.006380525480454757
2023-12-08,66953212.05375151,0.00755779912070742
2023-12-11,67270810.70804156,0.00474359100255084
2023-12-12,67541472.96943687,0.0040234725662813275
2023-12-13,67836556.79028237,0.004368927828669378
2023-12-14,67149976.03721048,-0.01012110262604371
2023-12-15,66850613.683172524,-0.0044581155750832435
2023-12-18,67113568.01235141,0.003933461709493269
2023-12-19,67719946.80062017,0.009035114749929019
2023-12-20,66676714.49424,-0.015405096366239546
2023-12-21,67638991.5248137,0.014431980307860304
2023-12-22,67813398.91554871,0.0025785037121826004
2023-12-26,67882232.22713749,0.0010150399875177296
2023-12-27,68125359.34355982,0.003581601671683643
2023-12-28,68114619.66002169,-0.00015764589928934925
2023-12-29,67803379.76501337,-0.004569355250925722
2024-01-02,66992331.53525336,-0.011961766988177636
2024-01-03,66155195.44593262,-0.012495998723080937
2024-01-04,66237067.08882475,0.0012375693600519266
2024-01-05,66640632.64083836,0.0060927448896919145
2024-01-08,67647421.49654394,0.015107732562079645
2024-01-09,67615449.09134012,-0.0004726330212815322
2024-01-10,68122157.34021802,0.007493971506325359
2024-01-11,68187886.00605151,0.0009648647136235589
2024-01-12,68177540.06655358,-0.00015172694306753165
2024-01-16,67941937.60128945,-0.0034557196553899328
2024-01-17,67778381.57980779,-0.0024072910967225525
2024-01-18,68342025.55213413,0.008315984524691844
2024-01-19,69041872.31692742,0.010240357366338548
2024-01-22,69067006.01979077,0.00036403564996012605
2024-01-23,69208874.85475938,0.0020540753558646596
2024-01-24,69352096.85914555,0.0020694167429644583
2024-01-25,69594552.72509159,0.0034960134866357517
2024-01-26,69300845.3278061,-0.00422026416989385
2024-01-29,69832278.62248053,0.007668496569712024
2024-01-30,69704287.55609208,-0.0018328353150320886
2024-01-31,68852305.09901832,-0.01222281278448134
2024-02-01,69958292.91306815,0.016063192255644454
2024-02-02,71657604.81079693,0.024290356825035664
2024-02-05,71252087.0089207,-0.005659103495671558
2024-02-06,71019179.52079834,-0.0032687812792514537
2024-02-07,71648143.24820353,0.008856251672423099
2024-02-08,71930569.26183912,0.003941846931848847
2024-02-09,71458726.36875506,-0.006559699136628239
2024-02-12,71467498.18832429,0.0001227536511632099
2024-02-13,70520851.06309131,-0.01324584110581939
2024-02-14,72153554.12538658,0.023152061236960675
2024-02-15,72665114.79735267,0.007089888754157725
2024-02-16,71729676.67278008,-0.012873276635994135
2024-02-20,71332518.71913208,-0.005536870819309203
2024-02-21,70888966.08464631,-0.006218098595848431
2024-02-22,72190586.2635339,0.018361393186823616
2024-02-23,72018974.85371123,-0.00237719928185931
2024-02-26,72345860.24881895,0.004538878757601061
2024-02-27,72465424.30029598,0.0016526730218675567
2024-02-28,72610375.07217199,0.0020002749349170568
2024-02-29,72840375.507263,0.003167597397237154
2024-03-01,73571735.56209289,0.010040586003801533
2024-03-04,73929439.54033531,0.004861975533260843
2024-03-05,73360747.78871268,-0.0076923584861259275
2024-03-06,73632731.8183851,0.003707487149064548
2024-03-07,74235501.57073754,0.00818616581874454
2024-03-08,73606605.50873868,-0.008471634847103449
2024-03-11,72736394.1610419,-0.011822462694512814
2024-03-12,73578306.76956426,0.011574846653221726
2024-03-13,73501686.58633806,-0.0010413420285161346
2024-03-14,72930468.30545136,-0.007771498960309153
2024-03-15,72439853.70381087,-0.006727155509075766
2024-03-18,72621420.67115039,0.0025064513255630416
2024-03-19,72886042.50894982,0.003643853774187411
2024-03-20,73609421.75915985,0.009924798017689085
2024-03-21,74407202.14013772,0.010838019942448485
2024-03-22,74283639.78521974,-0.0016606235870185726
2024-03-25,74053029.65239683,-0.0031044538674961375
2024-03-26,73849411.02092788,-0.002749632694634241
2024-03-27,74813196.88976406,0.013050691339475451
2024-03-28,74807903.92138739,-7.074912711546588e-05
2024-04-01,74525446.56773576,-0.0037757688538960776
2024-04-02,74289714.80429988,-0.0031631043394235725
2024-04-03,74823484.52397352,0.007184974677581613
2024-04-04,73909132.9774147,-0.01222011447844118
2024-04-05,75097047.35784729,0.01607263314529206
2024-04-08,74877457.02617446,-0.0029240874228577685
2024-04-09,74763860.32627745,-0.0015171014669648208
2024-04-10,73994288.22367507,-0.010293370342888686
2024-04-11,74448394.11248301,0.006137039759545049
2024-04-12,73473766.26431301,-0.013091321307716175
2024-04-15,72887293.57755002,-0.007982069200770603
2024-04-16,73023485.22977945,0.00186852392981951
2024-04-17,72735686.40903017,-0.003941181660169768
2024-04-18,72410203.2450516,-0.004474875814716506
2024-04-19,71635087.13589202,-0.010704515032728401
2024-04-22,71934131.96756049,0.004174558077959523
2024-04-23,72384433.5873146,0.006259915945843186
2024-04-24,72391739.39478935,0.00010093064368499327
2024-04-25,71777530.40709311,-0.00848451760975999
2024-04-26,71909293.7312453,0.0018357182729034083
2024-04-29,71932386.8761737,0.0003211427025653357
2024-04-30,71159179.98467323,-0.010749078754073493
2024-05-01,70809625.61307013,-0.004912287798684467
2024-05-02,71376708.17262901,0.008008551869171487
2024-05-03,72124678.9305995,0.010479199407199769
2024-05-06,72878518.38228521,0.010451893344455288
2024-05-07,72961949.72643147,0.0011448002236904564
2024-05-08,72491500.22158605,-0.006447874633413231
2024-05-09,73009674.98859842,0.007148076194153141
2024-05-10,73024966.81162447,0.00020944926858579294
2024-05-13,73428562.36588177,0.005526815990186229
2024-05-14,73804683.68106835,0.005122275352640315
2024-05-15,74272264.58018228,0.006335382468875439
2024-05-16,74029655.92136763,-0.003266477199611151
2024-05-17,74423211.4407906,0.0053161873376932345
2024-05-20,74698534.64920013,0.0036994266046765922
2024-05-21,74676691.6773886,-0.0002924149973505541
2024-05-22,73891181.78622268,-0.01051880946412842
2024-05-23,73046996.60732488,-0.01142470804351381
2024-05-24,73425374.1851045,0.005179919714066283
2024-05-28,73761364.45946148,0.00457594228270386
2024-05-29,73134958.24382207,-0.00849233498091917
2024-05-30,73222073.32048142,0.0011911550748264776
2024-05-31,72882462.81572787,-0.004638089162910308
2024-06-03,72714742.4262353,-0.0023012448127147644
2024-06-04,71966845.26527917,-0.010285358044344717
2024-06-05,73028031.95983773,0.014745494132011538
2024-06-06,72683384.44759046,-0.004719386556066851
2024-06-07,72222437.17953505,-0.0063418520141668155
2024-06-10,73194547.37423334,0.013459947249935045
2024-06-11,73517256.40024906,0.004408921669612376
2024-06-12,73802371.33768009,0.00387820426647556
2024-06-13,73548114.34720081,-0.003445105975198759
2024-06-14,73094446.28784145,-0.0061683166643500265
2024-06-17,73124629.09117125,0.00041292881829813055
2024-06-18,73561368.98775515,0.005972541700544953
2024-06-20,72643258.43972038,-0.012480879035674297
2024-06-21,72535911.4180724,-0.001477728614514895
2024-06-24,72338973.6423368,-0.0027150382739457024
2024-06-25,72555462.30554546,0.0029926974673297746
2024-06-26,72004667.96161461,-0.007591355997586424
2024-06-27,71973037.57252471,-0.00043928247966862344
2024-06-28,71487607.71746276,-0.006744607028330574
2024-07-01,71494235.66477434,9.271463297211291e-05
2024-07-02,71534961.21175955,0.0005696339936573924
2024-07-03,71577604.64340761,0.0005961201477671096
2024-07-05,72283284.06160787,0.00985894151831257
2024-07-08,72917108.5025447,0.00876861710373622
2024-07-09,73059517.12544698,0.0019530207084021978
2024-07-10,73513040.67907044,0.006207590351914538
2024-07-11,73287535.13562152,-0.0030675583728524414
2024-07-12,73583177.50436582,0.004034006167586313
2024-07-15,73542257.88993816,-0.0005561001279841271
2024-07-16,73760637.91918588,0.0029694496132350867
2024-07-17,72222387.85444935,-0.020854619864078106
2024-07-18,72150497.48358683,-0.000995402852193128
2024-07-19,71970874.83312482,-0.002489555259170273
2024-07-22,72597405.25941156,0.008705332924456632
2024-07-23,72609581.88209902,0.00016772807022435998
2024-07-24,71654290.69397986,-0.013156544403055914
2024-07-25,71337885.10148406,-0.004415724298313162
2024-07-26,72132661.22466649,0.011141010446998667
2024-07-29,71992467.56743985,-0.0019435530985053573
2024-07-30,71434784.66018781,-0.007746406340769285
2024-07-31,72230886.88430275,0.011144461733901156
2024-08-01,71311042.38987023,-0.012734780564246706
2024-08-02,69599886.54525055,-0.02399566444793333
2024-08-05,67551007.4422269,-0.029437966133631033
2024-08-06,68258937.04556333,0.010479926653083282
2024-08-07,68058854.60207433,-0.002931227061966135
2024-08-08,69042614.05335094,0.014454540221525258
2024-08-09,69025925.89629936,-0.00024170807088330637
2024-08-12,68795745.19510807,-0.0033346992192050395
2024-08-13,69323378.23032999,0.007669559123540726
2024-08-14,69209570.81365918,-0.0016416888440243804
2024-08-15,71724788.02101299,0.03634204312761624
2024-08-16,71760665.63855745,0.0005002122492707706
2024-08-19,73852977.02848314,0.029156800195586197
2024-08-20,72810611.96990243,-0.014114056068162295
2024-08-21,73743959.3093268,0.012818836625218655
2024-08-22,73338262.27609493,-0.005501427330883213
2024-08-23,73287249.64590675,-0.0006955800233735543
2024-08-26,73208276.789442,-0.001077579754272473
2024-08-27,73062379.96860532,-0.0019929006286584228
2024-08-28,72251720.29292108,-0.011095445782529634
2024-08-29,72695624.58908279,0.006143857812132891
2024-08-30,73355641.00216912,0.00907917659167401
2024-09-03,72746471.69786176,-0.008304328010566242
2024-09-04,73876993.75773206,0.01554057583116486
2024-09-05,72472866.65056637,-0.019006283766368592
2024-09-06,71255974.46271089,-0.0167910039176844
2024-09-09,72066132.83158249,0.011369690401126453
2024-09-10,72030485.73762427,-0.000494644190795146
2024-09-11,72536581.61216661,0.007026134411835416
2024-09-12,73354519.50941741,0.011276212347917092
2024-09-13,74643225.54840778,0.01756818867615806
2024-09-16,74778735.67625198,0.0018154377285894974
2024-09-17,74468819.72479463,-0.0041444395743611695
2024-09-18,74619296.6700852,0.0020206704745244775
2024-09-19,75051583.52458675,0.005793231426621803
2024-09-20,74573345.23371844,-0.006372127920680648
2024-09-23,74695793.99294859,0.0016419909666971488
2024-09-24,74774895.96610032,0.0010589883167879677
2024-09-25,74896199.50635538,0.001622249535593534
2024-09-26,74360803.45574626,-0.007148507589676556
2024-09-27,74412690.39292882,0.0006977726809183071
2024-09-30,75113109.9723875,0.009412636147949627
2024-10-01,75724790.02310978,0.008143452600313683
2024-10-02,76126573.79090057,0.005305841953053614
2024-10-03,75885654.591441,-0.0031647188026786566
2024-10-04,76727523.30863945,0.011093911250169342
2024-10-07,75869224.78035899,-0.011186318693331532
2024-10-08,75615742.64071615,-0.0033410403279677814
2024-10-09,75397032.81770605,-0.0028923847782503787
2024-10-10,75346044.85047576,-0.0006762595996790965
2024-10-11,76132307.01455566,0.01043534754399178
2024-10-14,76515042.0161807,0.005027235041647371
2024-10-15,76085548.0008399,-0.005613197144294424
2024-10-16,76947551.30744109,0.011329396044984286
2024-10-17,76592936.34513567,-0.004608528228384534
2024-10-18,77028143.20889112,0.005682075717718504
2024-10-21,77257243.96519312,0.002974247421240639
2024-10-22,76981593.0510257,-0.0035679620449780014
2024-10-23,76775720.3352839,-0.002674310930475765
2024-10-24,76112940.22632727,-0.008632678483018297
2024-10-25,75647043.10550572,-0.006121128935975606
2024-10-28,76161306.97121638,0.006798201814622207
2024-10-29,76197828.036677,0.0004795225674689707
2024-10-30,75793905.79491788,-0.005300967916889943
2024-10-31,74055255.00626262,-0.022939189772851698
2024-11-01,73206350.28172468,-0.011463126073445462
2024-11-04,72906968.08085686,-0.004089565996879818
2024-11-05,73978759.14252119,0.014700804187545824
2024-11-06,75651655.86581504,0.022613203339501675
2024-11-07,78583505.33662349,0.03875459746722165
2024-11-08,82680194.56320608,0.05213166820484583
2024-11-11,82810341.17585073,0.0015740965938966234
2024-11-12,82568817.31543157,-0.0029165905729851005
2024-11-13,82393086.40562542,-0.0021282963171777025
2024-11-14,81487047.42726104,-0.0109965413105646
2024-11-15,81684173.29764198,0.002419106798008608
2024-11-18,81495836.33186813,-0.002305672667918035
2024-11-19,83424680.64142652,0.023668010494471536
2024-11-20,83701901.54808883,0.0033230083055859616
2024-11-21,84869699.14053899,0.013951864543713333
2024-11-22,86155664.30833472,0.015152229603951461
2024-11-25,85564263.49453154,-0.006864328869738312
2024-11-26,86413484.14921632,0.009924945532185259
2024-11-27,86225466.76804335,-0.0021757875292738316
2024-11-29,87728021.06587154,0.0174258760682644
2024-12-02,86664422.37504305,-0.012123819481005604
2024-12-03,88002274.85472207,0.01543715913653032
2024-12-04,88940704.99010111,0.0106637031477681
2024-12-05,89307128.65383613,0.004119864619645197
2024-12-06,91270765.2306177,0.021987456168172548
2024-12-09,86623200.71306282,-0.05092062618092097
2024-12-10,84488065.58573614,-0.024648536532369203
2024-12-11,84690357.5307052,0.0023943256786223
2024-12-12,84426952.44612505,-0.0031102133968988754
2024-12-13,85441350.76611301,0.012015100517045019
2024-12-16,87289629.27757524,0.021632131220885142
2024-12-17,86767178.58450206,-0.005985255034270165
2024-12-18,83047126.90058836,-0.04287395008805961
2024-12-19,82467512.88930601,-0.006979338514337519
2024-12-20,84651699.64196706,0.02648542045390445
2024-12-23,84159262.64442964,-0.005817213353307427
2024-12-24,85198179.9265188,0.012344657610399379
2024-12-26,86018913.60235642,0.0096332301528681
2024-12-27,84464094.951814,-0.018075311410348127
2024-12-30,83542067.99556415,-0.010916200034770451
2024-12-31,82465016.31656788,-0.012892327241090684
2025-01-02,82658199.9035271,0.0023426126082073395
2025-01-03,84321936.19912124,0.02012790379582352
2025-01-06,85096512.68699445,0.009185942861227758
2025-01-07,83882323.98244263,-0.014268372066172597
2025-01-08,80275262.29066873,-0.04300145156360835
2025-01-10,79470759.18822865,-0.01002180596467006
2025-01-13,78952312.64811793,-0.0065237396170176876
2025-01-14,79753456.0989451,0.010147181557528029
2025-01-15,80157404.1609881,0.005064959962886917
2025-01-16,80981961.08695517,0.01028672191418556
2025-01-17,80862774.37008235,-0.001471768715811228
2025-01-21,81674552.12749751,0.010038955053655707
2025-01-22,81077245.48184147,-0.0073132527831143435
2025-01-23,81321020.31095487,0.003006698459779189
2025-01-24,81656150.79171436,0.004121080619476025
2025-01-27,79495468.35723835,-0.026460743171538903
2025-01-28,80134275.17517689,0.008035763938994078
2025-01-29,80311225.9338177,0.0022081781890956886
2025-01-30,80955086.35767782,0.008017066311385879
2025-01-31,80501735.52194591,-0.0056000290547391085
2025-02-03,80797599.14557226,0.0036752452814596825
2025-02-04,81303236.33103836,0.00625807190823946
2025-02-05,82141877.00402921,0.010314972820715473
2025-02-06,82101847.84220092,-0.0004873173500324901
2025-02-07,81952112.65099518,-0.001823773704746956
2025-02-10,81833527.43668818,-0.0014470061902126519
2025-02-11,81349789.00333965,-0.005911249930204865
2025-02-12,81964024.00446318,0.007550542031502072
2025-02-13,82211646.22163093,0.003021108592158317
2025-02-14,82413580.49983501,0.002456273380777363
2025-02-18,82681373.45419914,0.0032493789584189248
2025-02-19,83408973.2243376,0.008800044553462838
2025-02-20,82772525.97132285,-0.007630441047427272
2025-02-21,80370577.51643865,-0.029018668050753593
2025-02-24,80151817.5563995,-0.0027218911049184946
2025-02-25,79552660.40701586,-0.0074752783860706495
2025-02-26,79753017.13554983,0.0025185421519391404
2025-02-27,79370323.08397727,-0.004798489954582208
2025-02-28,80213340.29480654,0.010621315097046002
2025-03-03,79814250.41729048,-0.004975355421545813
2025-03-04,77996942.97652511,-0.02276921015061839
2025-03-05,78668582.7172133,0.008611103397864417
2025-03-06,77565489.07255194,-0.014022035310164549
2025-03-07,77455088.11168243,-0.0014233257881767214
2025-03-10,76664774.13989252,-0.010203512655622582
2025-03-11,75309250.58328588,-0.017681178504917683
2025-03-12,74831509.18365197,-0.006343727974102875
2025-03-13,74676569.69757754,-0.0020705113095365046
2025-03-14,75651227.81291184,0.013051725852987639
2025-03-17,75985552.18616661,0.004419285488420188
2025-03-18,75821842.703008,-0.002154481719860768
2025-03-19,76383249.98716053,0.007404294912108034
2025-03-20,76250286.03766835,-0.0017407474742765494
2025-03-21,76404889.19748369,0.00202757481773852
2025-03-24,76537472.87432326,0.0017352773916978759
2025-03-25,76447367.94427808,-0.0011772655492968687
2025-03-26,75846835.13812067,-0.00785550663556045
2025-03-27,75886148.70983793,0.0005183284397518584
2025-03-28,75633366.22008912,-0.0033310754867184045
2025-03-31,75724455.39391394,0.0012043517084741051
2025-04-01,75631071.65752304,-0.0012332044635399164
2025-04-02,75728484.79925673,0.0012880042500891253
2025-04-03,75692099.95797488,-0.0004804644035635297
2025-04-04,74437527.86596791,-0.016574676785338527
2025-04-07,74100053.60696146,-0.0045336575337927565
2025-04-08,74194392.14020047,0.0012731236840852755
2025-04-09,74168007.39273825,-0.0003556164650875271
2025-04-10,74192684.75440064,0.0003327224571600951
2025-04-11,74142179.05645087,-0.0006807368963255289
2025-04-14,74323838.71937408,0.002450152736742206
2025-04-15,74393149.5054753,0.0009325512150000215
2025-04-16,74515772.75606792,0.001648313741355878
2025-04-17,74543066.49866326,0.00036628141379813073
2025-04-21,74486759.60558163,-0.000755360568412411
2025-04-22,74558508.88504136,0.0009632487685014013
2025-04-23,74459270.06708063,-0.0013310193490287947
2025-04-24,74645630.69356987,0.0025028532554958183
2025-04-25,74536288.55035228,-0.0014648163891394228
2025-04-28,74754935.5341686,0.002933429985162439
2025-04-29,74761509.00344068,8.793358224590264e-05
2025-04-30,74881885.2132763,0.0016101361708746875
2025-05-01,74665834.70139086,-0.0028852173161785233
2025-05-02,74562605.78670129,-0.0013825455123137598
2025-05-05,74537985.9752557,-0.00033018979401044923
2025-05-06,74701986.00767973,0.002200220870986147
2025-05-07,74715807.17876376,0.0001850174516460079
2025-05-08,74475717.44452532,-0.0032133726891822034
2025-05-09,74569193.50169061,0.0012551212713718396
2025-05-12,74311634.20885184,-0.003453963771687163
2025-05-13,74434844.90571427,0.001658027012515273
2025-05-14,74347770.27206008,-0.001169810103916924
2025-05-15,74653705.84876879,0.004114926050763801
2025-05-16,74884414.94790722,0.003090390443654556
2025-05-19,74956267.82913527,0.0009595171609209086
2025-05-20,74799040.43370077,-0.0020975883670315554
2025-05-21,74116476.63167682,-0.009125301582296963
2025-05-22,73662041.80032481,-0.006131360420845833
2025-05-23,74064836.89593333,0.005468150023595131
2025-05-27,75010393.05743168,0.01276660019959186
2025-05-28,74779952.79444823,-0.0030721111247480337
2025-05-29,74057165.95618941,-0.009665516107580041
2025-05-30,73947409.04356958,-0.0014820566140049118
2025-06-02,74692407.70903069,0.010074709514462654
2025-06-03,74971530.35723598,0.0037369614498523607
2025-06-04,74747772.88487044,-0.002984565891870572
2025-06-05,75046955.12229681,0.004002557211800539
2025-06-06,75276000.32687688,0.003052025284794313
2025-06-09,75222930.64880991,-0.0007050012997040778
2025-06-10,74724110.98269354,-0.006631218191234689
2025-06-11,75158394.04911195,0.005811819782225225
2025-06-12,75245077.42587963,0.0011533425888667903
2025-06-13,74862418.14348963,-0.005085505862718276
2025-06-16,75721357.83453324,0.01147357662689008
2025-06-17,74945500.34516126,-0.010246217336294938
2025-06-18,75128686.15991667,0.002444253676494812
2025-06-20,75017777.07813087,-0.0014762547763675915
2025-06-23,75186027.25360227,0.0022428040662436644
2025-06-24,76032261.67833114,0.011255208655652549
2025-06-25,75753211.67213525,-0.0036701526435772847
2025-06-26,76131540.18377262,0.00499422405052341
2025-06-27,76545528.99200316,0.0054378094444327285
2025-06-30,77008217.07431471,0.006044612773659086
2025-07-01,76526766.2728485,-0.006251940633836495
2025-07-02,77004181.66644299,0.006238541321507141
2025-07-03,77513844.25820942,0.006618635257681582
2025-07-07,77230732.54808447,-0.0036524018752297494
2025-07-08,76928972.2720774,-0.003907256425661809
2025-07-09,77111615.11749974,0.0023741750348149626
2025-07-10,77204498.30612184,0.001204529155310441
2025-07-11,76633499.2833341,-0.007395929451204819
2025-07-14,77251208.57123794,0.008060564814089899
2025-07-15,78007693.5619224,0.00979253276001324
2025-07-16,78383356.66590255,0.004815718640392319
2025-07-17,79669409.71824755,0.016407220959247848
2025-07-18,80118161.96946596,0.005632679504033344
2025-07-21,79170322.50456221,-0.011830519342979628
2025-07-22,79474865.52588555,0.003846681580787825
2025-07-23,80093709.0555283,0.007786657146858333
2025-07-24,79169912.73395239,-0.01153394358270321
2025-07-25,79445466.48056117,0.0034805361922625178
2025-07-28,79147545.84722733,-0.0037500016870909425
2025-07-29,78802556.87259437,-0.004358808235177203
2025-07-30,78851965.75017883,0.0006269958684759214
2025-07-31,78766154.0333028,-0.0010882635082034575
2025-08-01,78060015.14308156,-0.008965004053932635
2025-08-04,79302473.78605787,0.01591671024786412
2025-08-05,79495010.27401128,0.0024278749295114643
2025-08-06,79699086.34758794,0.00256715576076072
2025-08-07,79966683.51043266,0.0033575938584498033
2025-08-08,80833015.76065373,0.010833664873797666
2025-08-11,80708706.06125367,-0.0015378579931762948
2025-08-12,82949561.71490517,0.027764732740862108
2025-08-13,83164460.10020629,0.0025907115222587596
2025-08-14,83251673.49816704,0.001048685915301606
2025-08-15,83212989.52142708,-0.000464663052578862
2025-08-18,83200564.76021676,-0.00014931276092566836
2025-08-19,81658241.07905768,-0.018537418413012485
2025-08-20,81612412.01476462,-0.0005612301182030821
2025-08-21,82032710.49618217,0.0051499333378544065
2025-08-22,83182132.27805656,0.014011749397551343
2025-08-25,83573477.1990711,0.004704675274569414
2025-08-26,83832359.56971881,0.0030976618339220163
2025-08-27,83890494.77005123,0.0006934696891607306
2025-08-28,84748122.41647312,0.010223180215740868
2025-08-29,84161066.72845943,-0.006927064237821745
2025-09-02,83693989.9198002,-0.00554979667933897
2025-09-03,83558368.377398,-0.001620445417074401
2025-09-04,84065083.80328782,0.006064209195675074
2025-09-05,84611376.02648422,0.006498443806643106
2025-09-08,85314368.98695654,0.008308492232206088
2025-09-09,85923096.41339795,0.007135110224333774
2025-09-10,87269754.41597848,0.01567282906218148
2025-09-11,88384778.66876677,0.012776754790364553
2025-09-12,88171871.96642508,-0.002408861633738879
2025-09-15,89285667.7094677,0.012632098176011741
2025-09-16,89893924.91664654,0.006812484274162589
2025-09-17,90917317.29174334,0.01138444423297491
2025-09-18,92311317.66529319,0.015332616657359743
2025-09-19,93649241.63862011,0.014493607145529275
2025-09-22,93858612.86625905,0.0022356959220970474
2025-09-23,92930953.02013803,-0.009883587854029652
2025-09-24,90622227.20110595,-0.024843453596475773
2025-09-25,91133952.67336832,0.005646798672545916
2025-09-26,91375612.04943147,0.002651694225633827
2025-09-29,92185583.55456577,0.008864197863825307
2025-09-30,93703041.81693658,0.016460906400539432
2025-10-01,95166266.89542858,0.015615555803947467
2025-10-02,95443080.7204597,0.0029087389267383745
2025-10-03,95439870.0934172,-3.3639180737510266e-05
2025-10-06,96818796.22061291,0.014448114041291316
2025-10-07,97228284.02595428,0.004229424670890269
2025-10-08,98575907.16755828,0.013860402403525596
2025-10-09,98397202.76807229,-0.0018128608157998993
2025-10-10,96453765.48120044,-0.019750940394643535
2025-10-13,104454230.3495332,0.08294611235154026
2025-10-14,106134363.66703755,0.016084875757373718
2025-10-15,106214002.693889,0.0007503604308713996
2025-10-16,103939576.56821491,-0.021413618430604187
2025-10-17,100654197.12972593,-0.03160855130415896
2025-10-20,101468533.20524275,0.00809043337226445
2025-10-21,97300321.40920776,-0.0410788612426658
2025-10-22,93659794.24685098,-0.0374153662560488
2025-10-23,95581122.9432485,0.02051391113815204
2025-10-24,97839776.47703055,0.023630749087590663
2025-10-27,98956694.8837401,0.011415790662315795
2025-10-28,99922532.45722935,0.009760204447248011
2025-10-29,103252611.95973195,0.033326612332688965
2025-10-30,101806752.41203,-0.014003128059034808
2025-10-31,103150599.69603255,0.013199981849570941
2025-11-03,104135316.83023137,0.009546402416472644
2025-11-04,100405801.35688731,-0.035814127107561156
2025-11-05,103235432.65834792,0.02818195027798076
2025-11-06,101957371.00099774,-0.01238006781624923
2025-11-07,102101109.78684807,0.001409792979547575
2025-11-10,104221881.01369275,0.020771284771263776
2025-11-11,102505785.59251675,-0.016465788224936606
2025-11-12,103413994.6469701,0.008860076035743791
2025-11-13,97626013.2767894,-0.055969033881143826
2025-11-14,98498345.90367113,0.00893545273029317
2025-11-17,97483000.1083641,-0.010308252245169736
2025-11-18,97240507.41403782,-0.002487538279050905
2025-11-19,98162687.42432806,0.009483496485304332
2025-11-20,95163278.54426943,-0.03055548863585078
2025-11-21,96133504.26160356,0.010195379269985816
2025-11-24,98708471.96850125,0.026785330740576763
2025-11-25,99700809.55064207,0.01005321592312236
2025-11-26,100118050.86357082,0.0041849340522839285
2025-11-28,100741983.80290848,0.006231972496027582
2025-12-01,99551375.25392643,-0.011818394913796437
2025-12-02,99308939.7376466,-0.002435280433459086
2025-12-03,99205787.5617528,-0.0010386998005044168
2025-12-04,99420568.03110832,0.002164999387982647
2025-12-05,99494717.70160732,0.0007458182141526493
2025-12-08,98816278.22677661,-0.006818849186199016
2025-12-09,98369553.70343968,-0.004520758435282546
2025-12-10,99576080.50736266,0.012265246293180931
2025-12-11,101203226.51197472,0.01634073159258098
2025-12-12,100165954.12324294,-0.010249400384572116
2025-12-15,99396917.1157853,-0.007677628733126496
2025-12-16,98868943.67444515,-0.005311768781773418
2025-12-17,98009189.11708942,-0.008695901113161764
2025-12-18,97920886.14259087,-0.0009009662797337947
2025-12-19,99501609.47199959,0.016142861770132466
2025-12-22,100188203.4348455,0.006900330220679818
2025-12-23,100213328.12516457,0.00025077493614711344
2025-12-24,100654992.41239104,0.004407240987694072
2025-12-26,101093814.07277775,0.0043596611541016905
2025-12-29,99967547.37306593,-0.011140807279276355
2025-12-30,99675264.99408329,-0.0029237726308507517
2025-12-31,98440759.31772341,-0.012385276090644548
2026-01-02,99609628.54694793,0.01187383394160868
2026-01-05,99490439.08316953,-0.0011965656886494536
2026-01-06,101922768.13347797,0.024447867279740576
2026-01-07,103513140.64194037,0.015603702073511583
2026-01-08,103142031.00750437,-0.0035851451529201883
2026-01-09,105137175.59421965,0.019343662008848073
2026-01-12,105920212.63172498,0.007447765579393861
2026-01-13,107858661.811158,0.018301031798084066
2026-01-14,108043130.46891417,0.0017102813502278824
2026-01-15,108753434.0740265,0.006574259761167323
2026-01-16,108334940.32610977,-0.00384809685762999
2026-01-20,108014696.00446874,-0.002956057581026239
2026-01-21,109267582.50852926,0.011599222609566917
2026-01-22,109887159.87553243,0.005670276149422504
2026-01-23,110270754.02556634,0.0034908004763103406
2026-01-26,108965354.37639391,-0.01183813115914456
2026-01-27,110484284.1663038,0.013939566375043455
2026-01-28,110560752.4479798,0.0006921190851079118
2026-01-29,110260710.55769326,-0.002713819177630028
2026-01-30,106012417.59507647,-0.038529526439011086
2026-02-02,108077001.73964033,0.01947492747924784
2026-02-03,109426200.80310182,0.012483683316009575
2026-02-04,106053325.79317681,-0.030823285329937167
2026-02-05,104887892.87332802,-0.010989121851035621
2026-02-06,108078561.67720735,0.030419800765114635
2026-02-09,109972253.93220142,0.0175214420474048
2026-02-10,109970008.8309232,-2.0415161078757293e-05
2026-02-11,109915005.52172762,-0.0005001664524747484
2026-02-12,108039310.33591534,-0.01706496011994918
2026-02-13,108506005.56979759,0.0043196798686626625
2026-02-17,108382753.05664082,-0.0011359049898623796
2026-02-18,109630309.03251822,0.011510650363581565
2026-02-19,109306563.98351754,-0.0029530615379790293
2026-02-20,110447677.2053123,0.01043956721544026
2026-02-23,110701103.82385235,0.00229454004785401
2026-02-24,111779185.71066612,0.009738673324605873
2026-02-25,112787721.19388726,0.009022569602820996
2026-02-26,111963476.64712888,-0.007307928008772113
2026-02-27,112130864.6446416,0.0014950232211907721
2026-03-02,114259947.23042299,0.01898748032068376
2026-03-03,111112213.7439528,-0.027548879224688405
2026-03-04,111552775.35727063,0.003965015172257003
2026-03-05,108476556.33432275,-0.02757635579299267
2026-03-06,106047106.89469689,-0.02239607821010048
2026-03-09,107311794.02247526,0.011925710797883182
2026-03-10,108099563.78593764,0.0073409430029414136
2026-03-11,109918504.98766954,0.016826536000957626
2026-03-12,107981487.45861527,-0.017622305991803255
2026-03-13,106885569.4908727,-0.010149128276850217
2026-03-16,108298505.5679415,0.01321914720386519
2026-03-17,109766627.31018955,0.013556251164767996
2026-03-18,111886276.86546604,0.019310510008534454
2026-03-19,114220337.24158752,0.02086100674283764
2026-03-20,111483003.64114794,-0.02396537837784385
2026-03-23,113249778.1351379,0.015847926915182775
2026-03-24,116435183.4933252,0.028127254734099827
2026-03-25,117645416.8130706,0.010394051724191833
2026-03-26,115673691.23601423,-0.016759901324411852
2026-03-27,117449882.33250853,0.015355186451777136
2026-03-30,114833791.48931852,-0.02227410356856452
2026-03-31,116264459.32519056,0.012458596179027337
2026-04-01,116373165.09341323,0.0009349870876587119
2026-04-02,119476637.70540997,0.026668283959670358
2026-04-06,118559785.5908354,-0.0076739028833002765
2026-04-07,119903432.46530494,0.011333074429694223
2026-04-08,120495390.46260914,0.004936956224964595
2026-04-09,120985534.42163058,0.004067740327158287
2026-04-10,121011339.04730013,0.00021328686766497462
2026-04-13,121281944.46991132,0.002236198894596253
2026-04-14,119914678.55929872,-0.011273449783383072
2026-04-15,118836242.41684756,-0.008993362242286862
2026-04-16,121649803.99670413,0.023675955437797436
2026-04-17,122563751.57575142,0.007512939182968692
2026-04-20,125194218.56315777,0.02146203060519536
2026-04-21,127223305.15134853,0.016207510310606965
2026-04-22,124705557.38882032,-0.01978998863088033
2026-04-23,127454805.51602852,0.022045915072062883
2026-04-24,129547089.00076576,0.016415885429083454
2026-04-27,127466120.23151408,-0.016063415899985056
2026-04-28,123543310.88193396,-0.030775309881992174
2026-04-29,127412199.64646284,0.031316052135159644
2026-04-30,134356470.17564484,0.05450239889469466
2026-05-01,136786350.11720514,0.018085321372195207
2026-05-04,134716643.31378913,-0.01513094546087812
2026-05-05,138932559.22960645,0.03129469241597249
2026-05-06,141896320.20792177,0.021332371581936238
2026-05-07,135708906.72378162,-0.0436051722488201
2026-05-08,139154778.73058695,0.025391642228899336
2026-05-11,144155296.83746567,0.03593493628098865
2026-05-12,140171792.4692004,-0.027633423506849386
2026-05-13,142573336.5780718,0.017132862943156635
2026-05-14,143504320.59993884,0.006529860661269149
2026-05-15,137921659.10476643,-0.038902393125401113
2026-05-18,132598354.57639562,-0.03859658129784527
2026-05-19,132800205.74856468,0.0015222750901691118
2026-05-20,136013571.2666445,0.024196992014935637
2026-05-21,138944866.86639425,0.021551493519739617
2026-05-22,141014058.04976273,0.014892174356884613
2026-05-26,146754139.11668745,0.040705736337997456
2026-05-27,143852771.71414945,-0.01977025942846533
2026-05-28,142159071.98546842,-0.011773841466514057
2026-05-29,139670271.9159841,-0.017507149102230612
2026-06-01,138274699.6456099,-0.00999190630353819
2026-06-02,150966666.88064864,0.0917880658397201
2026-06-03,152112335.30345762,0.007588883337503294
2026-06-04,149341917.6811489,-0.0182129714646867
2026-06-05,133699497.82695992,-0.10474232618055812
2026-06-08,137067087.02762353,0.025187747563734986
2026-06-09,133795392.01052116,-0.023869297057746763
2026-06-10,130362480.41810694,-0.025657920955486024
2026-06-11,137658327.30792388,0.05596584896526391
2026-06-12,139879429.75156686,0.016134893450177268
2026-06-15,143736321.545663,0.027572973388197086
2026-06-16,137995340.65711698,-0.039941058925194395
2026-06-17,138758549.41350386,0.005530684969163202
2026-06-18,141830517.42916024,0.022138945878583893
2026-06-22,143980589.024194,0.015159442650328536
2026-06-23,137812580.43059012,-0.04283916766424278
2026-06-24,136025460.24375206,-0.012967757959790549
2026-06-25,139364620.88282594,0.02454805617338285
2026-06-26,135265198.3390624,-0.029415087687213237
2026-06-29,137330088.5646947,0.015265495123559791
2026-06-30,138687348.26989928,0.009883192528235885
