date,nav,return
2004-01-02,10000000.0,0.0
2004-01-05,10001215.509907532,0.00012155099075328302
2004-01-06,10013370.608964229,0.001215362177192869
2004-01-07,10020663.66840944,0.000728332120123687
2004-01-08,10021879.178316977,0.00012130033975377152
2004-01-09,10046189.37644902,0.00242571255345414
2004-01-12,10052266.925968036,0.0006049606762603688
2004-01-13,10064422.025043387,0.0012091898439297033
2004-01-14,10054697.945783105,-0.0009661835757767134
2004-01-15,10053482.435875572,-0.00012088974866142355
2004-01-16,10046189.37644902,-0.0007254261867039036
2004-01-20,10051051.416060502,0.0004839685406368144
2004-01-21,10057128.965598179,0.0006046680378100078
2004-01-22,10064422.02504339,0.0007251631623854671
2004-01-23,10049835.906171627,-0.0014492753618110532
2004-01-26,10042542.846726416,-0.000725689405608354
2004-01-27,10054697.945783108,0.0012103606867512884
2004-01-28,10029172.237762187,-0.002538684718184636
2004-01-29,10031603.2575586,0.00024239485959354212
2004-01-30,10036465.297188742,0.0004846722408484716
2004-02-02,10040002.431012016,0.0003524282422682212
2004-02-03,10049740.551707802,0.0009699321053655563
2004-02-04,10043654.2262776,-0.0006056201549570206
2004-02-05,10036350.635765089,-0.0007271845832168555
2004-02-06,10052175.081872419,0.0015767131581612137
2004-02-09,10055826.877138004,0.0003632840888505573
2004-02-10,10042436.961195292,-0.001331557922218618
2004-02-11,10058261.40732128,0.001575757576286918
2004-02-12,10061913.202568207,0.0003630642612120205
2004-02-13,10076520.383611888,0.0014517299791407812
2004-02-17,10067999.527998408,-0.0008456148838181798
2004-02-18,10069216.793080717,0.00012090436426070994
2004-02-19,10074085.853428612,0.0004835589945029195
2004-02-20,10063130.467650514,-0.0010874818755260973
2004-02-23,10072868.588346303,0.000967702915816604
2004-02-24,10074085.853428612,0.00012084592106331726
2004-02-25,10081389.443959778,0.0007249879182518182
2004-02-26,10077737.648694193,-0.0003622313457767312
2004-02-27,10085041.239206705,0.0007247252078901312
2004-03-01,10081791.14143806,-0.00032226915999222783
2004-03-02,10072039.681007234,-0.0009672349182819895
2004-03-03,10064726.08569811,-0.0007261285241872972
2004-03-04,10073258.613568084,0.0008477655325462852
2004-03-05,10095199.399514118,0.0021781219749963387
2004-03-08,10111045.52269322,0.001569669161746834
2004-03-09,10117140.185441494,0.0006027727532820215
2004-03-10,10111045.52269322,-0.0006024096371664012
2004-03-11,10119578.050563196,0.000843881856809503
2004-03-12,10112264.45523541,-0.0007227174187740548
2004-03-15,10107388.725029329,-0.00048216007677259753
2004-03-16,10114702.320338454,0.0007235890008874257
2004-03-17,10114702.320338454,0.0
2004-03-18,10111045.52269322,-0.0003615328982921051
2004-03-19,10114702.320338454,0.0003616636516001748
2004-03-22,10120796.98310539,0.0006025548329464669
2004-03-23,10123234.84820843,0.00024087679133466544
2004-03-24,10125672.713311471,0.00024081878367887555
2004-03-25,10124453.78076928,-0.00012038040105610825
2004-03-26,10114702.320338454,-0.000963159163148819
2004-03-29,10107388.72502933,-0.0007230657984286237
2004-03-30,10106169.792487137,-0.00012059816589171657
2004-03-31,10113483.387796262,0.0007236762749189829
2004-04-01,10101281.872933986,-0.0012064601675224607
2004-04-02,10065881.610188942,-0.003504531720859849
2004-04-05,10056116.020458452,-0.0009701673543035527
2004-04-06,10068323.007621566,0.0012138868662889823
2004-04-07,10070764.40505419,0.00024248302629703566
2004-04-08,10070764.40505419,0.0
2004-04-12,10060998.815323697,-0.0009696969701317171
2004-04-13,10047571.129453601,-0.0013346275172644306
2004-04-14,10030481.347425241,-0.0017008868917844921
2004-04-15,10036584.841016129,0.0006084945856017487
2004-04-16,10050012.526886225,0.0013378739962643937
2004-04-19,10037805.53972311,-0.0012146240743937664
2004-04-20,10014612.26412252,-0.0023105922413824143
2004-04-21,10015832.962848162,0.00012189176110344313
2004-04-22,10030481.347425241,0.0014625228507119115
2004-04-23,10009729.469257275,-0.002068881586953286
2004-04-26,10010950.16798292,0.00012195122049929452
2004-04-27,10023157.155127374,0.0012193634909396511
2004-04-28,10002405.276959408,-0.0020703933747412417
2004-04-29,10001184.578252425,-0.00012204051657405124
2004-04-30,10006067.373117672,0.00048822165284945207
2004-05-03,10010461.888481464,0.00043918506641271726
2004-05-04,10008017.032738611,-0.0002442300635164818
2004-05-05,10004349.749105675,-0.0003664345914820011
2004-05-06,10001904.893344164,-0.0002443792772968134
2004-05-07,9960342.345510421,-0.0041554632119528145
2004-05-10,9965232.057033444,0.000490918018016373
2004-05-11,9966454.484904872,0.00012266928300630475
2004-05-12,9968899.340647724,0.00024530847419756974
2004-05-13,9964009.62914336,-0.0004904966272882838
2004-05-14,9979901.191546537,0.0015948963313621167
2004-05-17,9993347.898206862,0.0013473787367468404
2004-05-18,9983568.475179475,-0.0009785932729452496
2004-05-19,9978678.763675112,-0.0004897759269663071
2004-05-20,9983568.475179477,0.0004900159249703329
2004-05-21,9983568.475179477,0.0
2004-05-24,9986013.33094099,0.00024488796441790583
2004-05-25,9986013.33094099,0.0
2004-05-26,10004349.74910568,0.0018362100627160594
2004-05-27,10009239.460610043,0.0004887585527284521
2004-05-28,10005572.176977105,-0.00036638983884540455
2004-06-01,9991330.89220875,-0.001423335369178158
2004-06-02,9985209.503343465,-0.0006126700167700116
2004-06-03,9987658.058897045,0.0002452182453216434
2004-06-04,9971742.447873425,-0.001593527825018204
2004-06-07,9975415.281185132,0.00036832412498677414
2004-06-08,9976639.55894326,0.00012272950284475392
2004-06-09,9960723.94791964,-0.0015952877649421104
2004-06-10,9959499.670142852,-0.0001229105216840054
2004-06-14,9933789.836960897,-0.002581438228170141
2004-06-15,9966845.336784927,0.0033275819567915033
2004-06-16,9959499.670142854,-0.0007370101966931442
2004-06-17,9971742.447873427,0.0012292563016267355
2004-06-18,9965621.059008142,-0.0006138735428922182
2004-06-21,9972721.870083662,0.0007125307126845115
2004-06-22,9976639.558943262,0.00039284048132870453
2004-06-23,9979088.11449684,0.0002454288880651134
2004-06-24,9988882.336673833,0.0009814746662839546
2004-06-25,9990106.614431962,0.00012256403838439844
2004-06-28,9966845.336784927,-0.002328431371636297
2004-06-29,9976639.558943262,0.0009826802591375028
2004-06-30,10003573.669920666,0.0026997177574947795
2004-07-01,10005703.913248919,0.00021294823215600722
2004-07-02,10032686.689179026,0.002696739396253589
2004-07-06,10030233.709555803,-0.0002444987767701301
2004-07-07,10031460.199367413,0.00012227928552066558
2004-07-08,10035139.66880225,0.00036679300537612036
2004-07-09,10035139.66880225,0.0
2004-07-12,10038819.138255745,0.00036665851945572037
2004-07-13,10031460.199367415,-0.0007330482586629383
2004-07-14,10027780.729913918,-0.00036679300723629904
2004-07-15,10027780.729913918,0.0
2004-07-16,10047404.566955693,0.0019569471621208034
2004-07-19,10042498.607709242,-0.00048828124853117494
2004-07-20,10024101.260479081,-0.0018319491940020916
2004-07-21,10021648.280837199,-0.00024470818661359584
2004-07-22,10024101.260479081,0.0002447680833674859
2004-07-23,10024101.260479081,0.0
2004-07-26,10016742.321590748,-0.0007341245561182097
2004-07-27,10008156.892872144,-0.0008571078742934946
2004-07-28,10014289.341948863,0.0006127450980597526
2004-07-29,10016742.321590748,0.0002449479496871021
2004-07-30,10031460.199367413,0.0014693277818420558
2004-08-02,10039187.085204829,0.0007702653137080517
2004-08-03,10041644.357763845,0.00024476808113660375
2004-08-04,10040415.721484337,-0.00012235409219196747
2004-08-05,10046558.902919197,0.000611845326455418
2004-08-06,10082189.355174214,0.0035465329571364723
2004-08-09,10080960.718894705,-0.0001218620516066915
2004-08-10,10056387.993192581,-0.0024375380866297203
2004-08-11,10072360.264900826,0.0015882712281045652
2004-08-12,10074817.537459845,0.00024396194083542433
2004-08-13,10084646.627751889,0.000975609757248419
2004-08-16,10082189.355174214,-0.0002436647180985574
2004-08-17,10092018.445466258,0.0009748964184053133
2004-08-18,10089561.17288858,-0.00024348673072238647
2004-08-19,10095704.354323441,0.0006088650764481951
2004-08-20,10089561.17288858,-0.0006084945853460644
2004-08-23,10080960.718894705,-0.0008524111055479011
2004-08-24,10085875.264031397,0.0004875076169557069
2004-08-25,10082189.355174212,-0.0003654525522767127
2004-08-26,10092018.445466256,0.0009748964184053133
2004-08-27,10088332.536609072,-0.00036523009515898597
2004-08-30,10090789.80916809,0.00024357569004584967
2004-08-31,10105533.444596827,0.00146109825965679
2004-09-01,10108175.012615498,0.000261398176865546
2004-09-02,10092177.170495965,-0.001582663744896351
2004-09-03,10078640.534857793,-0.0013412998414005228
2004-09-07,10078640.534857793,0.0
2004-09-08,10093407.773727315,0.0014652014642697608
2004-09-09,10094638.376977326,0.0001219214835661564
2004-09-10,10097099.583440032,0.0002438132373636659
2004-09-13,10098330.186690044,0.00012187690532727835
2004-09-14,10100791.393171405,0.0002437241044668248
2004-09-15,10094638.376977326,-0.0006091617928313253
2004-09-16,10111866.822328212,0.0017066926726347909
2004-09-17,10099560.789921395,-0.0012169891695609225
2004-09-20,10115558.632040929,0.0015840136469595922
2004-09-21,10100791.393171405,-0.0014598540136724347
2004-09-22,10110636.219078202,0.0009746588681607271
2004-09-23,10098330.186690044,-0.00121713729200712
2004-09-24,10092177.170495965,-0.0006093102602436895
2004-09-27,10098330.186690044,0.000609681745586732
2004-09-28,10104483.202884123,0.0006093102602438005
2004-09-29,10092177.170495963,-0.0012178784546494903
2004-09-30,10095868.98020868,0.0003658090469824682
2004-10-01,10088743.787453622,-0.0007057532906802333
2004-10-04,10089976.376799379,0.00012217470992670343
2004-10-05,10091208.966145134,0.00012215978509022563
2004-10-06,10082580.840724844,-0.0008550140472994849
2004-10-07,10078883.072687576,-0.0003667481665342587
2004-10-08,10104767.448929789,0.002568179038841656
2004-10-11,10112162.985004323,0.0007318858263598571
2004-10-12,10114628.163695835,0.00024378352041676266
2004-10-13,10122023.699751709,0.0007311723116445457
2004-10-14,10124488.878443219,0.00024354603038223566
2004-10-15,10120791.110405954,-0.00036523009523359296
2004-10-18,10122023.699751709,0.00012178784566430068
2004-10-19,10118325.9317331,-0.00036531904373027224
2004-10-20,10126954.057134733,0.0008527226203074445
2004-10-21,10114628.163695835,-0.001217137292156889
2004-10-22,10124488.878443219,0.0009748964161409024
2004-10-25,10128186.646480488,0.000365230095233926
2004-10-26,10126954.057134733,-0.0001216989169707805
2004-10-27,10113395.574350078,-0.0013388510215569527
2004-10-28,10133604.739799434,0.001998257192728836
2004-10-29,10130548.017902784,-0.00030164210812810843
2004-11-01,10131086.020433739,5.31069523588279e-05
2004-11-02,10160184.936782802,0.00287224057621982
2004-11-03,10316340.382338567,0.015369350708414498
2004-11-04,10456948.806191504,0.013629680549670287
2004-11-05,10456829.801304338,-1.1380459957410771e-05
2004-11-08,10485062.817475783,0.002699959424406373
2004-11-09,10424194.724604663,-0.0058052196663685995
2004-11-10,10448538.198221145,0.002335285771190021
2004-11-11,10487482.429320341,0.003727242065863834
2004-11-12,10662519.639797408,0.016690107626565087
2004-11-15,10642872.82447756,-0.0018426053112733376
2004-11-16,10594582.574640365,-0.00453733222538677
2004-11-17,10569277.583639754,-0.0023884840032473154
2004-11-18,10639336.916849036,0.006628582952322715
2004-11-19,10465816.986028494,-0.016309280566700113
2004-11-22,10592550.341563929,0.012109265402272973
2004-11-23,10566126.332113955,-0.0024945842689355624
2004-11-24,10676709.399109561,0.010465809656232006
2004-11-26,10760440.218350735,0.007842380654113912
2004-11-29,10779115.985236865,0.0017355950599753367
2004-11-30,10764631.004473487,-0.0013438004362524847
2004-12-01,10823826.262209848,0.005499051264438171
2004-12-02,10647407.949859885,-0.01629907096401817
2004-12-03,10593078.266029596,-0.0051026206646852534
2004-12-06,10657196.090132004,0.0060528037735758655
2004-12-07,10471613.0009415,-0.017413875809448975
2004-12-08,10497265.97868719,0.0024497637320424204
2004-12-09,10580165.894295031,0.007897286376867596
2004-12-10,10662486.29139929,0.007780633869705955
2004-12-13,10766152.910982454,0.009722555954588596
2004-12-14,10863181.88328331,0.009012408898807056
2004-12-15,10959618.768126901,0.008877406811349964
2004-12-16,10871503.150780763,-0.008040025771918091
2004-12-17,10807154.632734902,-0.0059190083609772515
2004-12-20,10798876.612556698,-0.000765975916836581
2004-12-21,10895746.5885925,0.008970375300257016
2004-12-22,10908720.986195063,0.0011907763728782328
2004-12-23,10850970.108353257,-0.005294009986586801
2004-12-27,10795629.281845776,-0.005100081002423762
2004-12-28,10966049.576343155,0.01578604544933393
2004-12-29,10943628.61405452,-0.002044579694131854
2004-12-30,10959612.003369842,0.0014605200778465832
2004-12-31,10953623.533268204,-0.0005464126010844561
2005-01-03,10761726.156659907,-0.017519077228231317
2005-01-04,10504864.272716848,-0.023868093296919635
2005-01-05,10458856.160738979,-0.0043796959944890634
2005-01-06,10426622.422049858,-0.003081956400750707
2005-01-07,10446980.081471525,0.0019524692271022381
2005-01-10,10543923.659393556,0.009279579090417434
2005-01-11,10454659.662355317,-0.008465918373632642
2005-01-12,10468052.495517015,0.0012810396124058876
2005-01-13,10532185.870681738,0.006126581347599025
2005-01-14,10649995.847271167,0.011185709978531078
2005-01-18,10781725.32287341,0.012368969668283603
2005-01-19,10754495.11073151,-0.00252558948836612
2005-01-20,10667112.403998038,-0.00812522632013446
2005-01-21,10616248.49894945,-0.004768291841522609
2005-01-24,10500492.62056461,-0.010903651925281754
2005-01-25,10519503.412874918,0.0018104667083025383
2005-01-26,10584792.250584055,0.006206456250513526
2005-01-27,10624705.524878087,0.003770813195868694
2005-01-28,10651978.621700665,0.0025669508447756506
2005-01-31,10801183.146618562,0.01400721220130241
2005-02-01,10880536.84200267,0.007346759545406867
2005-02-02,10989350.836801494,0.01000079282657862
2005-02-03,11001291.250259293,0.001086544022037561
2005-02-04,11101008.376523275,0.009064129291334933
2005-02-07,11077259.800953558,-0.0021393169669109424
2005-02-08,11154611.625473117,0.006982938552447804
2005-02-09,10972233.214823069,-0.016350045772419497
2005-02-10,10915473.144833812,-0.0051730644872345355
2005-02-11,11009810.925217632,0.008642573632135164
2005-02-14,10998262.033122007,-0.001048963708284334
2005-02-15,11070327.016645601,0.006552397397567411
2005-02-16,11223541.716083111,0.01384012407286006
2005-02-17,11137429.528510798,-0.007672461131312591
2005-02-18,11166639.843210619,0.0026227160068708066
2005-02-22,10961836.752382316,-0.01834061935406872
2005-02-23,11072276.024513938,0.010074887505291619
2005-02-24,11289013.539594298,0.01957479334876644
2005-02-25,11482678.744103136,0.017155192863361313
2005-02-28,11427657.932718359,-0.00479163552433548
2005-03-01,11387321.267963896,-0.0035297403012891637
2005-03-02,11428898.93908309,0.003651224914165363
2005-03-03,11424358.677553818,-0.0003972614994210977
2005-03-04,11616498.788217023,0.016818459231389138
2005-03-07,11528845.407323424,-0.007545593770690084
2005-03-08,11307156.911211994,-0.019229028430774897
2005-03-09,11034364.922224,-0.024125603909988858
2005-03-10,10908293.42360242,-0.01142535157303548
2005-03-11,10943033.131232722,0.0031847060104868152
2005-03-14,10961640.234327253,0.0017003606652186143
2005-03-15,10945281.925859539,-0.0014923230573182789
2005-03-16,10858278.785231654,-0.00794891727935576
2005-03-17,10919202.269910958,0.005610786560588776
2005-03-18,10902227.11921048,-0.0015546145479193862
2005-03-21,10859517.025202991,-0.003917556801970368
2005-03-22,10842855.045040125,-0.0015343205525805148
2005-03-23,10731084.921563253,-0.010308182025176027
2005-03-24,10761637.353405582,0.0028470962689837176
2005-03-28,10767018.40213079,0.0005000213767196726
2005-03-29,10600783.478060354,-0.015439271844983393
2005-03-30,10697144.712537302,0.009090010627646583
2005-03-31,10622629.199974177,-0.006965925446983046
2005-04-01,10576014.559547339,-0.004388239441413644
2005-04-04,10567395.70465142,-0.0008149435543409744
2005-04-05,10603217.483503569,0.003389839829351926
2005-04-06,10664716.26208975,0.005800011051537934
2005-04-07,10672149.629325813,0.0006970056261588198
2005-04-08,10548623.457265487,-0.011574628950187349
2005-04-11,10582311.997468669,0.0031936432596784137
2005-04-12,10594077.036237061,0.001111764496379175
2005-04-13,10466133.512429226,-0.012076891962386482
2005-04-14,10313261.885797555,-0.014606313444227137
2005-04-15,10201495.776501784,-0.01083712510487922
2005-04-18,10150175.188499706,-0.0050306924716168044
2005-04-19,10208582.832940739,0.005754348408410603
2005-04-20,10126800.882142583,-0.008011097341960594
2005-04-21,10159268.677245814,0.0032061255554540757
2005-04-22,10157541.926865587,-0.00016996798048019013
2005-04-25,10159839.43717469,0.00022618762744430754
2005-04-26,10080350.90466329,-0.007823798102611024
2005-04-27,10073073.253726875,-0.0007219640472088118
2005-04-28,10003320.629306579,-0.00692466168599426
2005-04-29,10062707.575031074,0.005936723206742878
2005-05-02,10078983.893406613,0.0016174889565434558
2005-05-03,10108341.492492095,0.002912753844629856
2005-05-04,10199129.568964506,0.008981500727873515
2005-05-05,10154933.66894566,-0.0043333011626139895
2005-05-06,10192754.573139664,0.003724387123242412
2005-05-09,10297390.132828604,0.010265680286728474
2005-05-10,10222594.91920701,-0.007263511691486091
2005-05-11,10251000.126761148,0.0027786689953612775
2005-05-12,10122449.243922891,-0.012540325943676822
2005-05-13,10007309.930969913,-0.011374649571308404
2005-05-16,10070497.544167887,0.006314145722860598
2005-05-17,10092400.28015094,0.0021749407997957437
2005-05-18,10140680.694420135,0.00478383862401377
2005-05-19,10172569.784998117,0.0031446696271117958
2005-05-20,10171392.898813978,-0.00011569212195272627
2005-05-23,10231860.729831975,0.005944891876612957
2005-05-24,10194571.960577583,-0.00364437810863405
2005-05-25,10108715.260838587,-0.008421805257837645
2005-05-26,10184212.376379231,0.007468517372640093
2005-05-27,10246447.715529075,0.0061109624239759075
2005-05-31,10206152.380326983,-0.003932615118996008
2005-06-01,10261174.05523496,0.005391030121599361
2005-06-02,10292665.445506234,0.0030689850987575262
2005-06-03,10200090.899325423,-0.008994224739057088
2005-06-06,10292428.419982882,0.009052617429474719
2005-06-07,10248237.34139969,-0.0042935521900151485
2005-06-08,10222718.007053055,-0.0024901193733624094
2005-06-09,10279163.07193582,0.005521532027374709
2005-06-10,10262399.70407182,-0.0016308105773481518
2005-06-13,10256732.268440995,-0.0005522524744944191
2005-06-14,10357543.108219948,0.009828748293366107
2005-06-15,10380648.156622378,0.002230746052516386
2005-06-16,10420601.390436834,0.0038488188031848836
2005-06-17,10393006.264594287,-0.0026481317928417347
2005-06-20,10447584.814916456,0.005251469010280729
2005-06-21,10387594.819015551,-0.005741996544048611
2005-06-22,10441149.157449532,0.00515560525483183
2005-06-23,10289244.531832075,-0.014548650088872295
2005-06-24,10235376.52716541,-0.005235370245115001
2005-06-27,10260492.390176414,0.0024538289279680825
2005-06-28,10387565.31138075,0.012384680614937915
2005-06-29,10520002.09424663,0.012749549956694972
2005-06-30,10447856.777031723,-0.006857918522122919
2005-07-01,10566967.71902658,0.011400514434377396
2005-07-05,10699359.35554641,0.012528820002113639
2005-07-06,10574693.070396814,-0.011651752315896324
2005-07-07,10679833.45151462,0.009942641400358054
2005-07-08,10723832.132617524,0.004119790940809498
2005-07-11,10768119.408234663,0.004129799410272028
2005-07-12,10837701.69536864,0.006461879228490508
2005-07-13,10781589.84338857,-0.00517746783933426
2005-07-14,10637485.45074859,-0.013365783222438865
2005-07-15,10665753.734393379,0.0026574216035988307
2005-07-18,10646174.06126862,-0.0018357514726428104
2005-07-19,10781307.760512397,0.012693170191101943
2005-07-20,10800333.538997376,0.0017647004340850536
2005-07-21,10647772.560081098,-0.014125580322627784
2005-07-22,10737450.945697185,0.00842226720284156
2005-07-25,10665867.00719659,-0.0066667534839151
2005-07-26,10613257.078259313,-0.0049325506216961745
2005-07-27,10562725.463550799,-0.004761178810228417
2005-07-28,10691221.87277373,0.012165080846447962
2005-07-29,10670061.092995403,-0.0019792667321042456
2005-08-01,10695438.635947114,0.002378387783399827
2005-08-02,10825515.94043848,0.012161942012754778
2005-08-03,10785540.280250648,-0.0036927256315334445
2005-08-04,10712662.070380885,-0.006757029131235104
2005-08-05,10582301.609414363,-0.012168820421111892
2005-08-08,10529354.602081243,-0.005003354590273346
2005-08-09,10642498.218723083,0.010745541480716714
2005-08-10,10707763.305733271,0.006132496869519777
2005-08-11,10772239.674412351,0.006021460022800129
2005-08-12,10731644.691435745,-0.0037684812261495892
2005-08-15,10666928.683271596,-0.00603039049697518
2005-08-16,10465783.66163552,-0.018856882576849143
2005-08-17,10337538.944300115,-0.012253713766845031
2005-08-18,10307874.955741402,-0.0028695406826079184
2005-08-19,10331042.383564834,0.002247546455783178
2005-08-22,10354171.532663127,0.0022388011044354172
2005-08-23,10342063.996179754,-0.0011693389901045181
2005-08-24,10343826.990386007,0.00017046831337586
2005-08-25,10380794.687953245,0.0035738897800201563
2005-08-26,10279937.809864648,-0.009715718412737662
2005-08-29,10274734.655879153,-0.0005061464457987164
2005-08-30,10339411.51152117,0.0062947470477994205
2005-08-31,10533397.748224067,0.0187618257080433
2005-09-01,10586703.712024666,0.005060661818223622
2005-09-02,10456820.84079279,-0.012268490246340913
2005-09-06,10554387.070465988,0.009330391249755765
2005-09-07,10617031.912772067,0.005935431578151684
2005-09-08,10577475.845002038,-0.003725718081570739
2005-09-09,10676617.135281345,0.009372868511550614
2005-09-12,10655392.051332219,-0.0019879971043437195
2005-09-13,10665861.974331975,0.0009825938782277444
2005-09-14,10564187.40100528,-0.009532710396157551
2005-09-15,10575009.699282158,0.0010244326294182038
2005-09-16,10655276.168274742,0.007590202872157281
2005-09-19,10686888.9844319,0.0029668697139246802
2005-09-20,10636219.641431164,-0.00474126222089033
2005-09-21,10573002.334569473,-0.005943587946928175
2005-09-22,10501432.825366927,-0.006769080998737853
2005-09-23,10461538.705887921,-0.003798921551222967
2005-09-26,10616774.141449535,0.014838680993862319
2005-09-27,10581764.9897252,-0.0032975319299346495
2005-09-28,10749533.205496717,0.01585446434828386
2005-09-29,10912151.94723749,0.015127981711579697
2005-09-30,10802567.202224541,-0.010042450429833982
2005-10-03,11013602.18765218,0.019535632732206487
2005-10-04,10807592.374753574,-0.01870503486403141
2005-10-05,10375409.131321238,-0.0399888549129509
2005-10-06,10133158.247764483,-0.023348562017226793
2005-10-07,10174254.1733584,0.004055589046286112
2005-10-10,10086991.970501842,-0.008576766549144854
2005-10-11,10131872.268804884,0.004449324281637912
2005-10-12,10054855.419781111,-0.007601442949581982
2005-10-13,10077744.284599932,0.0022763991985197407
2005-10-14,10112209.500826979,0.0034199335936428987
2005-10-17,10073886.756932974,-0.0037897497961124627
2005-10-18,10063981.151578553,-0.000983295285467034
2005-10-19,10098497.39742249,0.003429681089826442
2005-10-20,10073284.224059477,-0.0024967252424552555
2005-10-21,10110769.429423226,0.0037212496470830914
2005-10-24,10159944.185523681,0.004863601770736858
2005-10-25,10126324.680420948,-0.003309024586044096
2005-10-26,10128116.816777091,0.00017697796710081093
2005-10-27,10009188.628052127,-0.011742379247439372
2005-10-28,10140959.879643474,0.013165028304296333
2005-10-31,10261440.613000883,0.01188060447800976
2005-11-01,10293283.643021455,0.003103173445279106
2005-11-02,10452442.218752928,0.015462371508568884
2005-11-03,10448598.029215451,-0.0003677790756480004
2005-11-04,10455430.037022665,0.0006538683743131379
2005-11-07,10510421.654012235,0.005259622683605025
2005-11-08,10494900.064345106,-0.0014767808731254162
2005-11-09,10531161.915044716,0.0034551878033410865
2005-11-10,10693382.105544379,0.01540382645412719
2005-11-11,10718111.95173305,0.0023126309286047864
2005-11-14,10691504.953932408,-0.0024824332793370596
2005-11-15,10629769.403061135,-0.005774262008695685
2005-11-16,10608175.116865307,-0.0020314915006161005
2005-11-17,10793971.656376705,0.017514467612437024
2005-11-18,10818383.976466997,0.0022616624230127336
2005-11-21,10865848.468675693,0.004387392082952912
2005-11-22,10899847.727905307,0.0031290017827532157
2005-11-23,10895679.886908144,-0.0003823760754466665
2005-11-25,10924277.192193953,0.002624646243523543
2005-11-28,10752105.845601121,-0.01576043371691982
2005-11-29,10777427.244891804,0.002355017673216331
2005-11-30,10679958.803529426,-0.009043757767752458
2005-12-01,10799041.32978842,0.01115009228496655
2005-12-02,10815139.45511586,0.0014906994830212739
2005-12-05,10775443.767485812,-0.0036703814865068907
2005-12-06,10774882.944899203,-5.204635639244337e-05
2005-12-07,10705899.910935665,-0.006402207273740745
2005-12-08,10666108.72873856,-0.0037167526810576446
2005-12-09,10733431.66565895,0.006311855488496665
2005-12-12,10675825.899601342,-0.005366947668928201
2005-12-13,10747027.362483345,0.0066694102687325785
2005-12-14,10731050.433010131,-0.0014866370889672353
2005-12-15,10747747.592130432,0.0015559668854912
2005-12-16,10693759.099078037,-0.005023237900741662
2005-12-19,10553060.940806389,-0.01315703458139228
2005-12-20,10592997.281423908,0.003784337155023243
2005-12-21,10602338.762078378,0.0008818543426658554
2005-12-22,10665233.942619093,0.005932198730121074
2005-12-23,10686134.337120604,0.0019596752039345855
2005-12-27,10598716.359118922,-0.008180505245757308
2005-12-28,10613532.78622315,0.0013979454305785843
2005-12-29,10633081.956226801,0.0018419097954853747
2005-12-30,10543220.775156107,-0.008451094559472572
2006-01-03,10678375.627429249,0.012819123791054432
2006-01-04,10791797.531296534,0.010621643948911297
2006-01-05,10714281.54371414,-0.007182861553656439
2006-01-06,10897717.944240093,0.017120737380059925
2006-01-09,10966518.629543561,0.00631331125062129
2006-01-10,10936747.265390746,-0.002714750702434543
2006-01-11,10981510.739467533,0.004092942169235281
2006-01-12,10883280.536513539,-0.008945053671072345
2006-01-13,10923257.49914754,0.0036732456266175273
2006-01-17,10856757.514498895,-0.006087926120375231
2006-01-18,10750812.159062482,-0.00975847119132256
2006-01-19,10883909.124078108,0.012380177706242446
2006-01-20,10658710.27864341,-0.020690989135190185
2006-01-23,10745653.563941477,0.00815701740878283
2006-01-24,10786700.344380742,0.0038198495973296165
2006-01-25,10744554.556109602,-0.003907199321903421
2006-01-26,11010377.5692549,0.024740254401160344
2006-01-27,11160723.568430766,0.01365493583032884
2006-01-30,11163124.253795011,0.00021510122972978607
2006-01-31,11309171.561774129,0.013083013738691252
2006-02-01,11184833.802216936,-0.010994418015326968
2006-02-02,11042810.770716628,-0.012697822248566415
2006-02-03,10963473.05049657,-0.0071845585211371965
2006-02-06,11116681.792428847,0.013974471522538057
2006-02-07,10791429.367808437,-0.029258049361629457
2006-02-08,10853471.653495539,0.005749218530047395
2006-02-09,10851131.14096177,-0.0002156464409260872
2006-02-10,10809479.698882697,-0.0038384424202416723
2006-02-13,10724133.321847843,-0.007895512033171737
2006-02-14,10848881.678491455,0.011632488416519982
2006-02-15,10926004.63171916,0.0071088390041720295
2006-02-16,11027774.453164088,0.009314458933092462
2006-02-17,11080313.346226076,0.004764233552755792
2006-02-21,11068532.869296405,-0.0010631898721241706
2006-02-22,11189457.616436804,0.010925092653953916
2006-02-23,11163450.045674842,-0.0023242923520938596
2006-02-24,11250374.040205343,0.007786481255781519
2006-02-27,11342019.560845476,0.008145997663066229
2006-02-28,11222691.260016687,-0.010520904164257439
2006-03-01,11324532.458621442,0.009074579015426298
2006-03-02,11243630.362902807,-0.007143967842755727
2006-03-03,11228899.027131822,-0.0013101938871620256
2006-03-06,11110029.209510373,-0.010586061673030445
2006-03-07,10929078.077572027,-0.016287187776558576
2006-03-08,10836771.33031419,-0.008445977474281552
2006-03-09,10807176.96329012,-0.0027309210577586285
2006-03-10,10837208.08350472,0.0027788126646404177
2006-03-13,10945105.191421451,0.00995617202192145
2006-03-14,11037310.240465948,0.008424318216399218
2006-03-15,11180036.626482528,0.012931265218341315
2006-03-16,11182124.749827556,0.0001867724959041528
2006-03-17,11278505.388070542,0.008619170363349138
2006-03-20,11267306.292258654,-0.000992959211043476
2006-03-21,11116340.31601328,-0.01339858634615232
2006-03-22,11181281.829449533,0.005841986804119514
2006-03-23,11128765.049011352,-0.004696847932037729
2006-03-24,11161074.338500228,0.002903223254924203
2006-03-27,11202636.350323908,0.003723836125731239
2006-03-28,11132234.133195609,-0.0062844329608416905
2006-03-29,11411070.924345814,0.02504769373460558
2006-03-30,11395361.439315189,-0.0013766880545023064
2006-03-31,11432321.336497769,0.003243415961784679
2006-04-03,11467969.524819503,0.0031181933460815436
2006-04-04,11543006.536514377,0.006543181993331704
2006-04-05,11577072.356019761,0.0029512085432528146
2006-04-06,11510053.300869176,-0.005788946729328948
2006-04-07,11353550.976417135,-0.013597011270158332
2006-04-10,11339000.834360503,-0.0012815498945533133
2006-04-11,11275522.914654039,-0.005598193406433749
2006-04-12,11302540.49183199,0.0023961263155998225
2006-04-13,11307008.280129595,0.0003952906252211452
2006-04-17,11274545.386025172,-0.0028710418618399514
2006-04-18,11451107.114639074,0.01566020824509251
2006-04-19,11608152.286092188,0.013714409434905095
2006-04-20,11523902.682452835,-0.007257796207609468
2006-04-21,11548177.519751279,0.00210647711694123
2006-04-24,11499441.52948885,-0.004220232169021787
2006-04-25,11345966.45597679,-0.013346306698329036
2006-04-26,11219342.21486894,-0.011160286926562013
2006-04-27,11109982.395725716,-0.009747435905671065
2006-04-28,11080968.145213945,-0.002611547838539674
2006-05-01,11177474.50988607,0.008709199720405847
2006-05-02,11314874.466573091,0.012292576159802282
2006-05-03,11440112.455680495,0.011068438229464128
2006-05-04,11492449.823805396,0.004574899794705489
2006-05-05,11632566.744596656,0.012192084624204513
2006-05-08,11704881.330913704,0.006216563197510849
2006-05-09,11811849.743801352,0.009138786619317107
2006-05-10,11799481.580925236,-0.001047097884275594
2006-05-11,11520053.929451028,-0.02368134985912629
2006-05-12,11203396.105010703,-0.027487529692095336
2006-05-15,11000045.197348073,-0.018150827280995818
2006-05-16,11048965.737451142,0.00444730355424916
2006-05-17,10777823.213833898,-0.024540081855642715
2006-05-18,10729558.899831766,-0.0044781133485454205
2006-05-19,10766361.636848759,0.0034300326192877595
2006-05-22,10706476.15016076,-0.005562277091179624
2006-05-23,10675976.548267206,-0.002848705910870164
2006-05-24,10628733.35240068,-0.004425187302813494
2006-05-25,10694257.119636694,0.006164776654333348
2006-05-26,10712583.059046436,0.0017136243504087822
2006-05-30,10653543.905802421,-0.005511196778461236
2006-05-31,10720529.241081964,0.006287610570888003
2006-06-01,10794067.5134633,0.0068595748146025315
2006-06-02,10774145.717788372,-0.00184562452014303
2006-06-05,10604354.14164564,-0.015759168345236163
2006-06-06,10643017.71914064,0.003646009646467663
2006-06-07,10641881.701140746,-0.00010673833586216652
2006-06-08,10585935.700423503,-0.005257153038193074
2006-06-09,10635229.408209983,0.004656528169211249
2006-06-12,10524430.536963023,-0.010418098848100743
2006-06-13,10443944.523213373,-0.007647540973069633
2006-06-14,10424370.326286258,-0.0018742149466236535
2006-06-15,10494035.375567557,0.006682902381703659
2006-06-16,10486966.455948273,-0.0006736130922279093
2006-06-19,10482317.473062163,-0.0004433105517823721
2006-06-20,10469305.41754231,-0.001241333851344617
2006-06-21,10515401.498104569,0.004402974096544998
2006-06-22,10484882.23085246,-0.0029023397021605835
2006-06-23,10479939.135421796,-0.0004714497809159557
2006-06-26,10503515.185812015,0.002249636194024518
2006-06-27,10504487.121478977,9.253432301159492e-05
2006-06-28,10500061.784254482,-0.0004212806559061866
2006-06-29,10546099.230684001,0.0043844929082754724
2006-06-30,10560156.960148424,0.0013329790623932691
2006-07-03,10617927.735908575,0.005470636087907099
2006-07-05,10459835.232869375,-0.014889205028637553
2006-07-06,10417558.780838402,-0.004041789482316371
2006-07-07,10256079.997808645,-0.01550063565053017
2006-07-10,10186081.66231697,-0.006825057478747287
2006-07-11,10306730.590649094,0.011844488620041282
2006-07-12,10207634.079584556,-0.0096147376894129
2006-07-13,10027821.979503397,-0.017615453167623474
2006-07-14,10065275.057327257,0.003734916505340191
2006-07-17,9984388.997843431,-0.008036149933621894
2006-07-18,10017198.446224792,0.0032860747301060034
2006-07-19,10068989.113678817,0.00517017484799287
2006-07-20,10039932.204947947,-0.002885782118027702
2006-07-21,10032396.548877051,-0.0007505684218844788
2006-07-24,10131116.74651566,0.009840141102641864
2006-07-25,10200346.361856181,0.00683336467959772
2006-07-26,10242043.473236801,0.004087813286080655
2006-07-27,10163073.710417867,-0.007710352238329055
2006-07-28,10293773.090017043,0.012860221555335283
2006-07-31,10260885.46896584,-0.0031949044110072267
2006-08-01,10264351.143824488,0.00033775592458673565
2006-08-02,10308816.542465793,0.004332022357599996
2006-08-03,10334315.037994595,0.0024734648660944547
2006-08-04,10262880.324682761,-0.006912380070590141
2006-08-07,10276870.99838512,0.0013632307168887081
2006-08-08,10300688.991478289,0.0023176308330532525
2006-08-09,10198084.637095023,-0.00996092149448935
2006-08-10,10255298.190959485,0.005610225439427241
2006-08-11,10194698.830471225,-0.005909078347588248
2006-08-14,10188056.623921404,-0.0006515353381473243
2006-08-15,10260518.051635357,0.007112389574260414
2006-08-16,10245506.632485934,-0.0014630274099104446
2006-08-17,10181529.140687086,-0.006244443939550148
2006-08-18,10213990.181649953,0.0031882284590383225
2006-08-21,10190394.769210832,-0.0023101072175996107
2006-08-22,10183830.235805355,-0.0006441883316740116
2006-08-23,10117722.701482408,-0.006491421478189929
2006-08-24,10121307.109183762,0.00035427020557010636
2006-08-25,10114628.392098356,-0.0006598670520872041
2006-08-28,10171499.234377226,0.005622632891120194
2006-08-29,10239525.017883025,0.006687881691608277
2006-08-30,10228535.111577889,-0.0010732828218049661
2006-08-31,10281544.215771876,0.005182472721239062
2006-09-01,10330602.774843095,0.004771516616731919
2006-09-05,10274818.612265266,-0.005399894255316173
2006-09-06,10221578.898434402,-0.005181572136690682
2006-09-07,10178098.344130429,-0.004253800194276569
2006-09-08,10236685.126905506,0.005756161985688069
2006-09-11,10284809.051434087,0.0047011238435081815
2006-09-12,10312711.698418379,0.002712996113467092
2006-09-13,10342138.527750093,0.0028534521464638196
2006-09-14,10329582.745841254,-0.00121404116519519
2006-09-15,10315972.775957031,-0.001317572085832941
2006-09-18,10298822.866937868,-0.001662461639985513
2006-09-19,10320167.236350663,0.0020725057308554895
2006-09-20,10436493.43283523,0.011271735604713173
2006-09-21,10345940.240278872,-0.008676591724904537
2006-09-22,10357020.116364514,0.0010709395017096668
2006-09-25,10412492.55977346,0.0053560235266219
2006-09-26,10447402.847257864,0.0033527310856646952
2006-09-27,10452100.917545242,0.0004496878655935177
2006-09-28,10475004.5920585,0.0021912986388039624
2006-09-29,10415304.997536458,-0.0056992428019843056
2006-10-02,10389896.648684202,-0.0024395203844982394
2006-10-03,10523918.25497175,0.012899224200129122
2006-10-04,10623258.49803203,0.009439473079653427
2006-10-05,10594596.056971634,-0.0026980837438631555
2006-10-06,10521146.78492755,-0.006932710945194653
2006-10-09,10555157.829456089,0.0032326366339896495
2006-10-10,10578047.91386225,0.0021686160241283226
2006-10-11,10583717.232589846,0.0005359513185949627
2006-10-12,10719342.23047355,0.012814495597641251
2006-10-13,10721983.672161676,0.000246418262551229
2006-10-16,10712961.487785483,-0.0008414659686172277
2006-10-17,10685132.7504644,-0.0025976698742744553
2006-10-18,10681904.53132711,-0.00030212251103289844
2006-10-19,10661771.645598419,-0.0018847655555848108
2006-10-20,10673331.842166062,0.0010842660068053345
2006-10-23,10798366.943284577,0.011714720667125755
2006-10-24,10789029.38966862,-0.0008647190510380209
2006-10-25,10746751.644758848,-0.003918586499565446
2006-10-26,10780862.219859507,0.00317403586015641
2006-10-27,10620554.368412033,-0.014869668879745945
2006-10-30,10667774.144036202,0.004446074469013794
2006-10-31,10640952.594681688,-0.002514259206500835
2006-11-01,10551461.82067201,-0.008410034084204598
2006-11-02,10536364.159589373,-0.0014308596608915147
2006-11-03,10456495.492766373,-0.007580287242664241
2006-11-06,10597730.168576475,0.013506884396192298
2006-11-07,10584695.740457512,-0.0012299264004297372
2006-11-08,10641440.329539925,0.005361003327239766
2006-11-09,10598349.51605241,-0.004049340329231321
2006-11-10,10650254.015375385,0.00489741343634309
2006-11-13,10652442.527560273,0.0002054892007015141
2006-11-14,10719420.340739716,0.00628755452152463
2006-11-15,10668609.152086915,-0.004740105998053856
2006-11-16,10713654.35545459,0.004222218915842735
2006-11-17,10698787.814432213,-0.0013876255971249085
2006-11-20,10690702.721049568,-0.0007557018162130946
2006-11-21,10678557.044531303,-0.0011360971149586563
2006-11-22,10671671.722716214,-0.0006447801689287713
2006-11-24,10650904.008557819,-0.001946060064252908
2006-11-27,10468184.344730228,-0.01715531974382445
2006-11-28,10489453.591328068,0.0020317990109284256
2006-11-29,10579344.155064696,0.008569613560323486
2006-11-30,10538767.904803166,-0.003835422089194962
2006-12-01,10528178.507042196,-0.0010048041532582097
2006-12-04,10734441.591127098,0.01959152610747772
2006-12-05,10773654.76491643,0.0036530240959851135
2006-12-06,10728545.913874045,-0.004186959024274461
2006-12-07,10684885.52932733,-0.004069552845018309
2006-12-08,10692361.132448083,0.000699642789830035
2006-12-11,10754234.600773077,0.005786698331505802
2006-12-12,10716716.988852844,-0.003488636180350446
2006-12-13,10713292.618341595,-0.00031953540574136685
2006-12-14,10772520.050430398,0.005528406083803228
2006-12-15,10772027.912273055,-4.568458958897903e-05
2006-12-18,10713813.912270732,-0.005404182060835261
2006-12-19,10741187.161759315,0.0025549491257479406
2006-12-20,10761930.556723202,0.0019312013329157995
2006-12-21,10734117.600339482,-0.0025843835580545704
2006-12-22,10672606.099769514,-0.0057304664305170006
2006-12-26,10701946.547906293,0.002749136233690219
2006-12-27,10775717.211711012,0.006893200547628542
2006-12-28,10760780.124673001,-0.0013861803112071858
2006-12-29,10735113.076954411,-0.0023852404213463574
2007-01-03,10836744.009302408,0.009467150613082342
2007-01-04,10842649.207197864,0.0005449236311558803
2007-01-05,10730442.358424252,-0.010348656184424376
2007-01-08,10760014.290580109,0.0027558912454936912
2007-01-09,10803522.015018566,0.004043463443774931
2007-01-10,10817334.481435431,0.0012785151358662983
2007-01-11,10870507.903546281,0.0049155752927956264
2007-01-12,10902997.101748379,0.0029887470291520835
2007-01-16,10922055.037726076,0.0017479538699172181
2007-01-17,10884899.882860208,-0.0034018465149213695
2007-01-18,10849837.416093515,-0.0032212025047564374
2007-01-19,10850989.905942991,0.00010622185432618281
2007-01-22,10793481.219620977,-0.005299856217773957
2007-01-23,10829906.947833255,0.003374789604123407
2007-01-24,10976184.164783575,0.013506784283089823
2007-01-25,10814887.456607632,-0.01469515322943038
2007-01-26,10810993.965705883,-0.0003600121515245913
2007-01-29,10867333.921545504,0.005211357625241497
2007-01-30,10932930.566802038,0.006036130455739697
2007-01-31,11006569.214731567,0.006735490313377834
2007-02-01,11055377.54243905,0.00443447242780759
2007-02-02,11058170.169029633,0.00025260345744526624
2007-02-05,11007201.404315604,-0.004609149971012028
2007-02-06,11081411.989809183,0.0067420030548803744
2007-02-07,11091689.437406814,0.000927449282373205
2007-02-08,11057203.794073526,-0.00310914252764638
2007-02-09,10905922.184079502,-0.013681723952226332
2007-02-12,10908504.576643571,0.0002367880973732639
2007-02-13,11032756.25065474,0.011390348983050025
2007-02-14,11101391.880566964,0.00622107734032018
2007-02-15,11188992.030851228,0.007890915952404987
2007-02-16,11256672.821884649,0.006048872932146621
2007-02-20,11386920.662775585,0.011570722801653721
2007-02-21,11375497.672709003,-0.0010031676170296766
2007-02-22,11326058.590727616,-0.0043461027731557245
2007-02-23,11347149.077946559,0.001862120617688534
2007-02-26,11328294.98059137,-0.001661571309733878
2007-02-27,10865409.441769164,-0.040861006851892756
2007-02-28,10964668.069353612,0.009135286444234225
2007-03-01,10991514.84611602,0.002448480573474354
2007-03-02,10906131.3946179,-0.007768124111508623
2007-03-05,10830239.634828186,-0.006958632446622315
2007-03-06,10957089.331838427,0.01171254757857021
2007-03-07,10959291.87492575,0.00020101534455152503
2007-03-08,11022966.474889822,0.005810101664484035
2007-03-09,10995089.239716467,-0.00252901387633353
2007-03-12,11072602.237010019,0.007049783371794627
2007-03-13,10920880.73157498,-0.013702425336648671
2007-03-14,10935128.228932185,0.0013046106543415092
2007-03-15,10996911.29584315,0.005649962727231728
2007-03-16,10937576.037946127,-0.005395629399998159
2007-03-19,11123675.990702787,0.017014734536337617
2007-03-20,11173127.286969893,0.0044455894174224575
2007-03-21,11318140.673057018,0.01297876434794043
2007-03-22,11351340.731941761,0.0029333491996417216
2007-03-23,11356352.553555693,0.0004415180314187861
2007-03-26,11354603.31215417,-0.00015403197402286128
2007-03-27,11283268.639789535,-0.00628244513731957
2007-03-28,11203981.487788225,-0.007026966611581864
2007-03-29,11258524.29737151,0.004868163129574388
2007-03-30,11249342.231024006,-0.0008155657087002277
2007-04-02,11415426.385255428,0.014763899152555382
2007-04-03,11518295.109247914,0.009011378158012118
2007-04-04,11533422.299263056,0.0013133184965019584
2007-04-05,11723271.58424653,0.016460793687889552
2007-04-09,12004021.361238478,0.023948074133948616
2007-04-10,11928440.135539675,-0.006296325491627175
2007-04-11,11718791.505492022,-0.017575527702320848
2007-04-12,11800042.505692244,0.00693339412704308
2007-04-13,11805002.167113638,0.00042030877592180715
2007-04-16,11948679.37292669,0.012170875005284465
2007-04-17,11863216.816401146,-0.007152468809162649
2007-04-18,11802137.140892645,-0.005148660473275446
2007-04-19,11807580.512299709,0.0004612191285426892
2007-04-20,11947565.44001268,0.011855513292257536
2007-04-23,12068658.057623655,0.010135338301260344
2007-04-24,12036898.791813102,-0.00263154906360874
2007-04-25,12189301.709143855,0.012661310854786834
2007-04-26,12110515.229305968,-0.006463576152092809
2007-04-27,12166368.083027983,0.004611930431073441
2007-04-30,12062384.850716826,-0.008546776786756416
2007-05-01,12051089.534256965,-0.0009364082310132638
2007-05-02,12215882.320031889,0.013674513437683444
2007-05-03,12228151.831820935,0.001004390142898437
2007-05-04,12256752.317377193,0.002338905007855052
2007-05-07,12278583.51503877,0.0017811567939269857
2007-05-08,12385291.968493676,0.008690615926846057
2007-05-09,12460527.18578781,0.006074561462541261
2007-05-10,12284975.730843097,-0.014088605748955985
2007-05-11,12435540.41977201,0.012256002146662892
2007-05-14,12367556.822536545,-0.005466879197897567
2007-05-15,12309242.17408834,-0.00471513082858388
2007-05-16,12322752.182441482,0.001097549967908007
2007-05-17,12355235.438678388,0.002636039072764218
2007-05-18,12449440.073366545,0.007624673374758029
2007-05-21,12499509.554211956,0.004021825925531131
2007-05-22,12459748.3829665,-0.003181018509006761
2007-05-23,12439266.148339307,-0.0016438722514808823
2007-05-24,12217340.314345915,-0.01784074971520888
2007-05-25,12380951.005504515,0.013391678298957155
2007-05-29,12423536.175966907,0.0034395718425392907
2007-05-30,12585633.73569034,0.013047618441922149
2007-05-31,12601753.20411055,0.0012807832135219854
2007-06-01,12813827.085863695,0.016828918827260342
2007-06-04,12850719.490884973,0.0028791090104516304
2007-06-05,12749931.212882832,-0.007843006617149317
2007-06-06,12599599.86793559,-0.011790757333290047
2007-06-07,12312339.597585265,-0.02279915817655187
2007-06-08,12455503.855344351,0.011627705410851785
2007-06-11,12383036.85120168,-0.00581807086925501
2007-06-12,12219443.883499224,-0.013211053933557482
2007-06-13,12444803.681984968,0.0184427213410312
2007-06-14,12595244.533950059,0.012088648066250096
2007-06-15,12657259.039996408,0.00492364446590865
2007-06-18,12593358.820001436,-0.005048503771081014
2007-06-19,12610419.103622537,0.0013547047983739624
2007-06-20,12419377.200346164,-0.015149528473759721
2007-06-21,12628975.595929027,0.01687672354270875
2007-06-22,12645343.774241654,0.001296081237016855
2007-06-25,12522808.254849067,-0.009690169091503109
2007-06-26,12383650.358076787,-0.011112355466945334
2007-06-27,12432330.339558259,0.003930988042610828
2007-06-28,12500184.495819166,0.005457879127053422
2007-06-29,12557516.114873778,0.00458646182972644
2007-07-02,12776255.094070213,0.017418968623687414
2007-07-03,12767237.690413587,-0.0007057939584198536
2007-07-05,12873155.824091803,0.008296088492011577
2007-07-06,12939189.113678675,0.005129533930078978
2007-07-09,13087925.79724124,0.01149505446251875
2007-07-10,12895903.973828796,-0.014671677268595196
2007-07-11,12984908.180725252,0.006901742373166098
2007-07-12,13076425.667382123,0.007047988740707334
2007-07-13,13164677.823051656,0.006748950968280987
2007-07-16,13094524.96438562,-0.0053288701485119105
2007-07-17,13055846.862930201,-0.0029537613285410824
2007-07-18,12986869.024789441,-0.005283290993295164
2007-07-19,13041941.177506145,0.004240602766654611
2007-07-20,12881766.695624359,-0.012281490899379577
2007-07-23,12884964.586966591,0.00024824943796875054
2007-07-24,12613370.623373732,-0.021078363216270102
2007-07-25,12564836.307630103,-0.0038478466377329656
2007-07-26,12156060.724018056,-0.03253329956744555
2007-07-27,11981967.627939979,-0.014321505957444192
2007-07-30,12004440.287822772,0.0018755400265304534
2007-07-31,11879970.504038863,-0.010368645334524307
2007-08-01,11802765.453982728,-0.006498757722494974
2007-08-02,11924271.438036997,0.010294704620540385
2007-08-03,11654993.759829767,-0.022582317050269918
2007-08-06,11720333.80827969,0.005606184764776367
2007-08-07,11901496.453645235,0.015457123348958213
2007-08-08,11981801.752666501,0.006747495941711534
2007-08-09,11782035.161809048,-0.016672500094820575
2007-08-10,11415402.656627988,-0.03111792658449042
2007-08-13,11376251.826331211,-0.0034296495248062886
2007-08-14,11218001.271964416,-0.013910605776193519
2007-08-15,11058729.079215463,-0.014197911810457708
2007-08-16,11026718.436292844,-0.0028946041351878282
2007-08-17,11055305.932682244,0.0025925660979342346
2007-08-20,11068074.710589046,0.0011549909142771764
2007-08-21,11084784.985098403,0.0015097724713919458
2007-08-22,11046771.894853996,-0.0034293033464798395
2007-08-23,11032921.663024887,-0.0012537809199771877
2007-08-24,11080232.366517333,0.004288139165439686
2007-08-27,11089403.79857051,0.000827729216301476
2007-08-28,10925563.38560949,-0.014774501491427228
2007-08-29,11108302.915166926,0.01672586786674346
2007-08-30,11098327.690029252,-0.0008979972200842123
2007-08-31,11243962.552815437,0.013122234885623696
2007-09-04,11267139.366350675,0.0020612674069635517
2007-09-05,11252414.355598357,-0.0013068987853558367
2007-09-06,11280462.92102821,0.00249267086542182
2007-09-07,11085379.851865426,-0.017293888604440588
2007-09-10,11104156.832973387,0.0016938509423114478
2007-09-11,11264211.414346935,0.014413933789035882
2007-09-12,11230974.555292206,-0.002950660089031776
2007-09-13,11289460.844874566,0.005207588112182249
2007-09-14,11298433.833225409,0.0007948110608768655
2007-09-17,11219513.852697806,-0.006985037191218568
2007-09-18,11553017.132701717,0.029725287956547053
2007-09-19,11670695.722235579,0.010185961656783427
2007-09-20,11625205.835835181,-0.003897787028559807
2007-09-21,11749905.496836467,0.010726662629653827
2007-09-24,11792587.869936133,0.003632571607589341
2007-09-25,11921979.004971689,0.010972242603799032
2007-09-26,11956269.00132329,0.0028762000283091282
2007-09-27,12117878.43978643,0.013516711479580668
2007-09-28,12130521.962824885,0.0010433776094784797
2007-10-01,12403203.614463886,0.02247897101828422
2007-10-02,12434369.913237989,0.0025127620043066123
2007-10-03,12245676.438894773,-0.015175153679667153
2007-10-04,12268492.32925892,0.001863179259879777
2007-10-05,12529326.394195626,0.021260482375217826
2007-10-08,12606738.588550897,0.006178480144880982
2007-10-09,12837446.72254174,0.018300382162311557
2007-10-10,12891101.126866894,0.004179523037937116
2007-10-11,12673482.11951503,-0.01688133583083251
2007-10-12,12886769.549634336,0.016829426049442153
2007-10-15,13057836.56997588,0.013274623999650847
2007-10-16,12866051.546797566,-0.014687350553865053
2007-10-17,13001883.358600112,0.010557381284264755
2007-10-18,13031045.556230221,0.0022429210311920578
2007-10-19,12523857.429864537,-0.03892152200505461
2007-10-22,12530519.954408752,0.0005319866168651544
2007-10-23,12896706.49752104,0.029223571283923278
2007-10-24,12814283.611884931,-0.006391002668158063
2007-10-25,12862018.595551893,0.0037251386899763705
2007-10-26,13141933.27060429,0.021762888381237522
2007-10-29,13331994.955703175,0.014462231787769841
2007-10-30,13037298.638398461,-0.022104442604716668
2007-10-31,13352618.277812308,0.024185964298243823
2007-11-01,13098495.408387456,-0.019031688327908025
2007-11-02,13194602.414943008,0.0073372554296586845
2007-11-05,12945386.18830821,-0.01888774051672515
2007-11-06,13351195.18833149,0.031347770867569125
2007-11-07,13201905.69295778,-0.011181732666464606
2007-11-08,13057805.271609528,-0.010915122763308194
2007-11-09,12673346.445362074,-0.029442836544924522
2007-11-12,12210601.051994551,-0.03651327574469243
2007-11-13,12299792.03873589,0.007304389551468615
2007-11-14,12250605.757322785,-0.003998952279697376
2007-11-15,12173267.69412931,-0.006312999105962169
2007-11-16,12277930.334512997,0.008597744090862447
2007-11-19,12060400.821276201,-0.017717115776860637
2007-11-20,12088128.795131562,0.0022990922330248242
2007-11-21,11946374.805023635,-0.011726710768089954
2007-11-23,12011174.879770974,0.005424245916015424
2007-11-26,12004398.322593445,-0.0005641877039807008
2007-11-27,11997201.492627198,-0.0005995160917563469
2007-11-28,12022210.605062606,0.0020845788453895953
2007-11-29,12032741.139942016,0.0008759233410016165
2007-11-30,12056537.461171407,0.001977630944822728
2007-12-03,12062543.278226439,0.0004981378007056225
2007-12-04,12125108.057141325,0.005186698813990365
2007-12-05,12202007.08597078,0.006342131424071251
2007-12-06,12192234.389813202,-0.0008009089069300757
2007-12-07,12363048.502988677,0.01401007458634429
2007-12-10,12429076.109449364,0.005340722107878504
2007-12-11,12067357.01532899,-0.029102653401999246
2007-12-12,12142567.605430668,0.006232565258998957
2007-12-13,12150535.408600658,0.000656187672072539
2007-12-14,12111686.194152247,-0.0031973253146451164
2007-12-17,11900126.913469536,-0.017467368068440847
2007-12-18,11971543.019021023,0.006001289403951837
2007-12-19,12072069.482501367,0.0083971183431093
2007-12-20,12143405.90831065,0.0059092126592450445
2007-12-21,12361174.648298414,0.01793308579421926
2007-12-24,12500451.313749233,0.011267267829598193
2007-12-26,12694404.584335623,0.015515701450959707
2007-12-27,12450895.45933716,-0.019182398306332837
2007-12-28,12430897.8788053,-0.001606115849030254
2007-12-31,12257577.699507082,-0.013942691910753258
2008-01-02,12231861.16018931,-0.0020980115279062295
2008-01-03,12270961.546920069,0.003196601581615166
2008-01-04,12122019.868198039,-0.012137734940536382
2008-01-07,11919589.034722272,-0.01669943092626347
2008-01-08,11832011.416123418,-0.007347368969159662
2008-01-09,11819331.48139254,-0.001071663497011155
2008-01-10,11811906.850687027,-0.0006281768742336657
2008-01-11,11663523.658880943,-0.012562170840134335
2008-01-14,11722370.72312361,0.005045393310267654
2008-01-15,11624641.07330905,-0.00833702090838817
2008-01-16,11561461.018303549,-0.005435011249557475
2008-01-17,11571987.955155132,0.0009105195991161441
2008-01-18,11605345.488969149,0.002882610485189563
2008-01-22,11634136.084788553,0.002480804715962126
2008-01-23,11637451.066906702,0.00028493582110344917
2008-01-24,11620459.20218379,-0.0014601019265491066
2008-01-25,11643383.37234174,0.0019727421919473187
2008-01-28,11670878.20775989,0.002361412876214608
2008-01-29,11657484.514545247,-0.0011476165697400509
2008-01-30,11659083.263109576,0.00013714352889193648
2008-01-31,11680116.165556388,0.0018039928159157004
2008-02-01,11691586.697546422,0.000982056327818004
2008-02-04,11683176.871100731,-0.0007193058276218078
2008-02-05,11679073.851231275,-0.00035119042660436417
2008-02-06,11656232.335077312,-0.001955764339272137
2008-02-07,11636113.43625194,-0.0017260207455566112
2008-02-08,11661027.546612538,0.0021411023961814823
2008-02-11,11666417.068684656,0.00046218243208628884
2008-02-12,11662330.480756775,-0.0003502864593150079
2008-02-13,11666825.262828896,0.00038541028137872857
2008-02-14,11659828.528684657,-0.0005997119170483289
2008-02-15,11645408.772468299,-0.0012367039687490866
2008-02-19,11647196.758324057,0.0001535356886728234
2008-02-20,11640456.604744306,-0.0005786932014292256
2008-02-21,11671527.433975928,0.0026692105203982575
2008-02-22,11659954.577741511,-0.000991545990863818
2008-02-25,11639772.242107699,-0.001730910313522127
2008-02-26,11659906.88039618,0.0017298137686614368
2008-02-27,11677749.943975931,0.0015302921166335803
2008-02-28,11709653.761117375,0.002732017494337713
2008-02-29,11749564.965873368,0.0034084017828537316
2008-03-03,11754260.624929596,0.0003996453545187517
2008-03-04,11743179.097719492,-0.0009427668454620175
2008-03-05,11746750.509685198,0.00030412650066780067
2008-03-06,11775582.60982055,0.0024544745469463614
2008-03-07,11768508.125400336,-0.0006007757454237206
2008-03-10,11779779.167854846,0.0009577290795408366
2008-03-11,11723493.556424566,-0.004778155059466216
2008-03-12,11764139.243770022,0.0034670285909086385
2008-03-13,11764141.33934981,1.7813286157242203e-07
2008-03-14,11799439.969485164,0.0030005275452857916
2008-03-17,11826994.107990198,0.002335207312914145
2008-03-18,11775582.609820552,-0.004346962355795236
2008-03-19,11773676.165575055,-0.0001618980825548455
2008-03-20,11747440.713824525,-0.0022283143668618832
2008-03-24,11701117.865800643,-0.003943228925545328
2008-03-25,11709490.758726634,0.0007155635061555365
2008-03-26,11734609.437504614,0.0021451555234595077
2008-03-27,11747168.776902927,0.001070281841522025
2008-03-28,11752750.705520255,0.0004751722498703703
2008-03-31,11754871.838396331,0.00018047969613443904
2008-04-01,11713105.197057396,-0.0035531345567296757
2008-04-02,11703316.307806836,-0.0008357211077570925
2008-04-03,11694925.83129304,-0.0007169315340300741
2008-04-04,11715902.022549566,0.0017936147316468531
2008-04-07,11693527.418556279,-0.0019097636656761896
2008-04-08,11700519.482296025,0.0005979430747860004
2008-04-09,11722894.086307954,0.0019122744118997836
2008-04-10,11718698.848060377,-0.0003578671117123733
2008-04-11,11738276.626561498,0.001670644391067455
2008-04-14,11731284.562803108,-0.0005956635697754731
2008-04-15,11715902.022549568,-0.001311240910676914
2008-04-16,11690450.910494385,-0.0021723561708006933
2008-04-17,11669754.401788944,-0.0017703772817575514
2008-04-18,11662762.338049198,-0.000599161173321261
2008-04-21,11651714.87730945,-0.0009472422072517306
2008-04-22,11655770.27429081,0.00034805151207883966
2008-04-23,11655770.27429081,0.0
2008-04-24,11623606.781028321,-0.002759448110729479
2008-04-25,11625005.193783727,0.0001203079888840719
2008-04-28,11637590.908526454,0.0010826416447071718
2008-04-29,11635073.765585367,-0.00021629415923563045
2008-04-30,11657168.687046217,0.001898992813109901
2008-05-01,11636403.656101309,-0.001781309982069934
2008-05-02,11620991.200940037,-0.0013245033101950687
2008-05-05,11633601.391533313,0.0010851217744882735
2008-05-06,11640607.05297195,0.0006021919784646723
2008-05-07,11654618.375867868,0.0012036591246622486
2008-05-08,11664426.301874502,0.0008415484480335245
2008-05-09,11668629.69874514,0.0003603603607975625
2008-05-12,11646225.59345036,-0.001920028818567343
2008-05-13,11626595.730094677,-0.0016855128898346505
2008-05-14,11618188.936353398,-0.0007230657998641421
2008-05-15,11627996.862378677,0.0008441871688442681
2008-05-16,11627349.088576427,-5.570811636068651e-05
2008-05-19,11613903.60950524,-0.0011563666807249406
2008-05-20,11594557.544293879,-0.0016657676748348393
2008-05-21,11524588.29707752,-0.006034662982960737
2008-05-22,11463715.233689409,-0.0052820163132029085
2008-05-23,11395977.64681985,-0.005908868590044136
2008-05-27,11384660.229656018,-0.0009931062972021731
2008-05-28,11417743.042638538,0.0029059113153278027
2008-05-29,11410912.046713052,-0.0005982790031249241
2008-05-30,11408658.733610284,-0.00019747002636982813
2008-06-02,11412084.18342905,0.00030025000298006255
2008-06-03,11336573.174061675,-0.006616758880645168
2008-06-04,11308579.69243361,-0.002469307188182168
2008-06-05,11455030.640012804,0.012950428043336126
2008-06-06,11392461.61985228,-0.005462143413389797
2008-06-09,11396771.752386997,0.00037833197763026405
2008-06-10,11329441.479037967,-0.005907837307957631
2008-06-11,11317005.511612628,-0.0010976681814676148
2008-06-12,11315017.004551247,-0.00017570964857627214
2008-06-13,11397339.39399258,0.007275498517432366
2008-06-16,11407232.739608316,0.0008680399235061476
2008-06-17,11412250.65179248,0.0004398886477297026
2008-06-18,11361530.568091525,-0.004444354163653852
2008-06-19,11404358.939376375,0.0037695952167864366
2008-06-20,11360394.000611758,-0.0038550995280249856
2008-06-23,11369246.426093515,0.0007792357801392757
2008-06-24,11359148.860371346,-0.0008881473181014954
2008-06-25,11375896.24115027,0.0014743517304671716
2008-06-26,11374412.20864266,-0.00013045411773726645
2008-06-27,11403256.356748518,0.0025358803230237648
2008-06-30,11476475.014978476,0.006420855231113576
2008-07-01,11460145.171826228,-0.0014228971117816736
2008-07-02,11386694.974395752,-0.006409185601858436
2008-07-03,11362882.54639469,-0.0020912501875747225
2008-07-07,11372634.336597502,0.0008582144682913739
2008-07-08,11340284.438044654,-0.0028445387054031324
2008-07-09,11366866.016982887,0.0023439957863011784
2008-07-10,11385072.205449076,0.0016016893696986223
2008-07-11,11359152.840037141,-0.0022766096643225264
2008-07-14,11376561.032247499,0.001532525572593757
2008-07-15,11352735.898350298,-0.0020942298669752724
2008-07-16,11320978.064375892,-0.00279737274422287
2008-07-17,11282203.660847934,-0.003425004739649795
2008-07-18,11248833.088868551,-0.002957806203692903
2008-07-21,11254274.536730155,0.0004837344299284396
2008-07-22,11244752.002981348,-0.0008461259513200536
2008-07-23,11239296.951486675,-0.000485119769046638
2008-07-24,11270598.880314969,0.0027850433139551267
2008-07-25,11255634.898686554,-0.001327700665006426
2008-07-28,11278761.052107375,0.0020546289595373413
2008-07-29,11269238.518340565,-0.0008442889890845073
2008-07-30,11272231.314662648,0.0002655721872610872
2008-07-31,11295085.395674184,0.0020274673552704847
2008-08-01,11297203.207186632,0.00018749849498789217
2008-08-04,11295838.481017718,-0.00012080212632148424
2008-08-05,11290379.576360067,-0.0004832668833592013
2008-08-06,11291744.302528983,0.00012087513618874723
2008-08-07,11316309.373515423,0.002175489484024018
2008-08-08,11306483.345120847,-0.0008683068012944606
2008-08-11,11291744.302528983,-0.0013035921198455425
2008-08-12,11312215.195026686,0.0018129079041506735
2008-08-13,11310850.468857773,-0.00012064181465654134
2008-08-14,11314944.64734651,0.0003619691109886247
2008-08-15,11323133.004359996,0.0007236762767024452
2008-08-18,11332686.087524394,0.0008436784378245132
2008-08-19,11340874.444519874,0.0007225433522326519
2008-08-20,11355886.432341918,0.0013237063769186985
2008-08-21,11346333.349177524,-0.0008412450424993834
2008-08-22,11325876.10393863,-0.001802982920502516
2008-08-25,11344968.623026615,0.0016857432407675343
2008-08-26,11340874.444519872,-0.0003608805491478462
2008-08-27,11347698.075346436,0.0006016847166367967
2008-08-28,11342239.170688784,-0.00048105832754863354
2008-08-29,11347698.075346436,0.00048128985604178887
2008-09-02,11362056.76876311,0.0012653397474391426
2008-09-03,11366162.546927605,0.0003613587089075221
2008-09-04,11373005.510529092,0.0006020469594054667
2008-09-05,11368899.7323646,-0.00036101083048711846
2008-09-08,11363425.361490615,-0.00048152160744296957
2008-09-09,11381217.066858076,0.0015656991445338608
2008-09-10,11383954.252295068,0.00024050024008093196
2008-09-11,11379848.474130575,-0.0003606636212249992
2008-09-12,11380943.348319774,9.621166676243575e-05
2008-09-15,11461964.037384402,0.007118978329383241
2008-09-16,11441435.146579947,-0.0017910447753541892
2008-09-17,11496178.855409833,0.00478468899474116
2008-09-18,11459226.85194741,-0.0032142857141643777
2008-09-19,11394902.994061043,-0.005613280783898222
2008-09-22,11403114.550390027,0.0007206341583831932
2008-09-23,11411326.106719011,0.000720115218758588
2008-09-24,11435960.775687957,0.002158791076388722
2008-09-25,11415431.884883502,-0.0017951172802286308
2008-09-26,11415431.884883502,0.0
2008-09-29,11481124.335479362,0.005754705670212079
2008-09-30,11435960.775687957,-0.003933722732349376
2008-10-01,11471544.186440883,0.0031115366212670637
2008-10-02,11496261.423128804,0.0021546564513204025
2008-10-03,11527844.558908708,0.002747252747433482
2008-10-06,11551188.61579264,0.0020250148902198895
2008-10-07,11553523.02147383,0.0002020922485845844
2008-10-08,11503951.230110385,-0.004290621247848847
2008-10-09,11511366.40111676,0.0006445760120199484
2008-10-10,11529217.738730706,0.0015507574854201067
2008-10-13,11478410.085514862,-0.004406860410413049
2008-10-14,11481156.445158854,0.0002392630707155341
2008-10-15,11519056.208080335,0.0033010405443487656
2008-10-16,11512739.580938758,-0.0005483632536791294
2008-10-17,11520978.659834731,0.0007156488547359618
2008-10-20,11512725.849129196,-0.0007163289638151271
2008-10-21,11536083.637804685,0.00202886692357529
2008-10-22,11552561.795614636,0.0014284013818997021
2008-10-23,11545668.432921533,-0.0005966955914246119
2008-10-24,11555308.155240625,0.0008349211113325428
2008-10-27,11526471.37908671,-0.0024955436727870373
2008-10-28,11540134.518276872,0.0011853705041902085
2008-10-29,11547069.07634465,0.0006009079059516864
2008-10-30,11556681.33506262,0.0008324414320566298
2008-10-31,11562174.0543146,0.0004752851699143523
2008-11-03,11583293.55990382,0.0018266033265030845
2008-11-04,11579599.116371455,-0.00031894586054115326
2008-11-05,11600276.971939938,0.0017857142860195907
2008-11-06,11604412.543046435,0.0003565062382993034
2008-11-07,11583734.687477948,-0.0017818959375826005
2008-11-10,11619576.303794255,0.0030941330480447338
2008-11-11,11627847.44602525,0.0007118282125566644
2008-11-12,11645547.690378334,0.0015222288076315316
2008-11-13,11616819.256383922,-0.002466902781923075
2008-11-14,11614062.20897359,-0.00023733238414780367
2008-11-17,11634740.064542076,0.0017804154305725017
2008-11-18,11647146.777879566,0.0010663507107735448
2008-11-19,11663689.062341558,0.0014202864252907954
2008-11-20,11685745.441606209,0.001891029428747748
2008-11-21,11666446.109751891,-0.0016515276625489461
2008-11-24,11637497.111952411,-0.00248138957889521
2008-11-25,11647146.77787957,0.0008291873960808438
2008-11-26,11682988.394195879,0.003077287253250738
2008-11-28,11689881.012712706,0.0005899705010621314
2008-12-01,11709069.511275094,0.001641462264801552
2008-12-02,11707631.118604738,-0.00012284431901021797
2008-12-03,11717367.930486988,0.0008316637058010112
2008-12-04,11720134.070218286,0.00023607176523832152
2008-12-05,11706303.371543799,-0.0011800802441016556
2008-12-08,11689706.53310201,-0.0014177693773197442
2008-12-09,11725666.349698879,0.003076194983598679
2008-12-10,11710452.581140742,-0.00129747581966011
2008-12-11,11738113.97852572,0.0023621117282457416
2008-12-12,11743978.19476255,0.000499587603899343
2008-12-15,11751944.67721821,0.0006783461552417602
2008-12-16,11757476.956680803,0.00047075438274624126
2008-12-17,11732581.699045127,-0.0021173979525879183
2008-12-18,11738113.978525722,0.00047153129826882356
2008-12-19,11727049.41956453,-0.000942618122590555
2008-12-22,11704920.301660148,-0.0018870149781634593
2008-12-23,11707686.441409446,0.00023632281792695942
2008-12-24,11710452.581140744,0.0002362669811102336
2008-12-26,11724283.279833231,0.0011810558641227598
2008-12-29,11750040.46662295,0.002196909284341908
2008-12-30,11761148.989869997,0.0009454029778537265
2008-12-31,11755317.015162146,-0.0004958677687761925
2009-01-02,11693109.284975072,-0.0052918802705904655
2009-01-05,11716714.896863798,0.0020187626159500205
2009-01-06,11722283.044157293,0.00047523109869174185
2009-01-07,11713937.766056538,-0.0007119157649853047
2009-01-08,11716714.8968638,0.00023707918402204875
2009-01-09,11725046.289303586,0.0007110689739506793
2009-01-12,11727823.420110846,0.00023685457086797257
2009-01-13,11729211.985523479,0.00011839924279999359
2009-01-14,11743097.63957779,0.0011838522546483432
2009-01-15,11730600.550936112,-0.0010642071645183826
2009-01-16,11736154.812550632,0.0004734848476344311
2009-01-20,11741709.07418316,0.0004732607673672007
2009-01-21,11723657.723908957,-0.0015373699143929054
2009-01-22,11729211.985523479,0.0004737652484680943
2009-01-23,11726434.854716219,-0.00023677045062253654
2009-01-26,11711160.635249278,-0.0013025458851032568
2009-01-27,11723657.72390896,0.0010671093198113546
2009-01-28,11719492.027689066,-0.000355323937119012
2009-01-29,11697274.981176965,-0.0018957345983605656
2009-01-30,11704217.808222124,0.0005935422614524732
2009-02-02,11714979.190107016,0.0009194447729203858
2009-02-03,11702461.700769015,-0.0010685029085303333
2009-02-04,11682990.050695686,-0.001663893509862957
2009-02-05,11685771.714979015,0.0002380952368579159
2009-02-06,11678817.554243684,-0.0005950964048371254
2009-02-09,11674645.057791684,-0.00035727045418942893
2009-02-10,11701070.86861835,0.0022635215628272753
2009-02-11,11698289.204335019,-0.0002377273255212975
2009-02-12,11712197.525823686,0.0011889192723593123
2009-02-13,11689944.211431017,-0.0019000118759612272
2009-02-17,11720542.518709684,0.0026174895897916883
2009-02-18,11701070.868618349,-0.0016613266886111866
2009-02-19,11696898.372184351,-0.00035659098905105324
2009-02-20,11706634.197221017,0.0008323424489877773
2009-02-23,11705243.365070349,-0.00011880717610512903
2009-02-24,11696898.372184353,-0.0007129277560258274
2009-02-25,11674645.057791686,-0.0019024970282366382
2009-02-26,11680208.386394354,0.0004765308559813164
2009-02-27,11687162.547129685,0.000595379851564326
2009-03-02,11713490.999706883,0.002252766868863665
2009-03-03,11703740.20448738,-0.0008324414318282569
2009-03-04,11691203.467789449,-0.0010711735290505064
2009-03-05,11705133.175235596,0.0011914690805376882
2009-03-06,11696552.475443153,-0.0007330715220392747
2009-03-09,11685631.584796587,-0.0009336845766728663
2009-03-10,11678666.731073515,-0.0005960185953605146
2009-03-11,11684238.614048373,0.00047709923599681403
2009-03-12,11688417.526293019,0.0003576537918030809
2009-03-13,11698168.321512524,0.0008342271481636132
2009-03-16,11682845.643318161,-0.0013098356745461226
2009-03-17,11680059.70182173,-0.00023846429042095885
2009-03-18,11724634.765674606,0.0038163386995293536
2009-03-19,11710705.05822846,-0.0011880717586979506
2009-03-20,11724634.765674608,0.0011894849521771889
2009-03-23,11714883.970455103,-0.0008316502317029517
2009-03-24,11699561.292260744,-0.0013079667056884459
2009-03-25,11696775.350764312,-0.0002381235865890341
2009-03-26,11712098.028976679,0.0013099916646142074
2009-03-27,11717669.911951534,0.00047573739231610013
2009-03-30,11728813.677919256,0.0009510223492774639
2009-03-31,11745529.326861834,0.0014251781468783697
2009-04-01,11742906.780833084,-0.0002232803610435763
2009-04-02,11723372.477732304,-0.0016634980985000825
2009-04-03,11696861.637798246,-0.002261366341845261
2009-04-06,11705233.481994582,0.0007157342247499088
2009-04-07,11709419.40408375,0.0003576111570611218
2009-04-08,11709419.40408375,0.0
2009-04-09,11695466.330435192,-0.0011916110583323203
2009-04-13,11717791.248280086,0.0019088523034602733
2009-04-14,11727558.399821473,0.0008335317923351404
2009-04-15,11733139.629291698,0.0004759071990900754
2009-04-16,11716395.94091703,-0.0014270424544227112
2009-04-17,11703838.174631527,-0.0010718113615166835
2009-04-20,11715000.633553972,0.0009537434434663261
2009-04-21,11716395.94091703,0.00011910433526240993
2009-04-22,11716395.94091703,0.0
2009-04-23,11708024.096720694,-0.0007145409081900089
2009-04-24,11708024.096720694,0.0
2009-04-27,11721977.170369249,0.001191753068945589
2009-04-28,11710814.711446801,-0.0009522675876442177
2009-04-29,11716395.94091703,0.0004765876335464103
2009-04-30,11726163.092458416,0.0008336310577621298
2009-05-01,11717344.749914544,-0.0007520228462064571
2009-05-04,11714548.581269741,-0.00023863500686216454
2009-05-05,11711752.41260693,-0.00023869196865866638
2009-05-06,11718742.834254954,0.0005968723895237726
2009-05-07,11701965.822314102,-0.0014316392277003986
2009-05-08,11710354.328284528,0.000716845878530048
2009-05-11,11729927.508870183,0.0016714422157473319
2009-05-12,11728529.424547778,-0.00011918951087697138
2009-05-13,11734121.761855394,0.0004768148763740765
2009-05-14,11738316.014840607,0.00035744072460941467
2009-05-15,11736917.9305002,-0.00011910433648565366
2009-05-18,11725733.255884971,-0.0009529481829436692
2009-05-19,11732723.677514987,0.000596160724235073
2009-05-20,11748102.605133433,0.0013107721651979265
2009-05-21,11733003.29438667,-0.0012852552666815509
2009-05-22,11735519.846177796,0.0002144848789338294
2009-05-26,11720140.918577354,-0.001310459851972423
2009-05-27,11717344.749914544,-0.0002385780753180189
2009-05-28,11715946.665592143,-0.00011931750343097125
2009-05-29,11732723.677514985,0.0014319809061706934
2009-06-01,11700619.437290462,-0.0027362990135060272
2009-06-02,11723514.389900442,0.001956729960553405
2009-06-03,11618560.179432226,-0.008952452905984565
2009-06-04,11688499.89404862,0.006019654202954028
2009-06-05,11570225.266834335,-0.010118888504632273
2009-06-08,11879060.763569262,0.02669226308153161
2009-06-09,11678884.335527603,-0.016851199941291695
2009-06-10,11734423.040542545,0.004755480354060149
2009-06-11,11713816.085273266,-0.0017561115018677187
2009-06-12,11695144.330812063,-0.001593994162557899
2009-06-15,11633745.682393858,-0.0052499265234755566
2009-06-16,11596946.848284837,-0.003163111444382971
2009-06-17,11647771.759060686,0.004382611340791431
2009-06-18,11598504.263588939,-0.004229778578329624
2009-06-19,11641584.73483252,0.0037143126617475986
2009-06-22,11558914.289130397,-0.0071013051560554485
2009-06-23,11510093.229130395,-0.004223671772176085
2009-06-24,11555719.73177909,0.003964042839654791
2009-06-25,11571047.654619068,0.001326436015735677
2009-06-26,11556362.924005944,-0.001269092570650776
2009-06-29,11534841.763344659,-0.001862278019720165
2009-06-30,11475333.843721142,-0.005158971474807816
2009-07-01,11479145.403383294,0.0003321523987067643
2009-07-02,11442169.9361624,-0.0032210992997786514
2009-07-06,11376720.562772214,-0.005720014101812554
2009-07-07,11271805.036019737,-0.009221948115328615
2009-07-08,11283922.590287391,0.0010750322800059386
2009-07-09,11280136.818456033,-0.0003355014004275958
2009-07-10,11354306.562454343,0.006575252161565626
2009-07-13,11407837.990963401,0.004714636531487848
2009-07-14,11439198.667882832,0.002749046484028961
2009-07-15,11505873.775790494,0.005828651974972843
2009-07-16,11598045.341216808,0.008010827097743034
2009-07-17,11584591.97459444,-0.0011599684452480163
2009-07-20,11664499.607769426,0.006897751198335467
2009-07-21,11555019.491680602,-0.009385753334493874
2009-07-22,11556860.286031805,0.00015930690143184378
2009-07-23,11718823.737058854,0.014014485510636998
2009-07-24,11822460.600976594,0.008843623408209877
2009-07-27,11821611.509236248,-7.182022161067447e-05
2009-07-28,11763042.78157287,-0.0049543776343535795
2009-07-29,11739062.714236615,-0.002038593906486641
2009-07-30,11849725.55287637,0.009426888784361598
2009-07-31,11881030.051907066,0.002641791060139509
2009-08-03,12154627.105174497,0.02302805834781263
2009-08-04,12193269.572721409,0.003179239248768173
2009-08-05,12018428.782877166,-0.01433912280881533
2009-08-06,11798453.151836138,-0.018303193788062444
2009-08-07,11971970.140837582,0.014706757467985554
2009-08-10,11911885.67618738,-0.0050187616527080925
2009-08-11,11880884.260352585,-0.0026025615656106726
2009-08-12,12017453.96198391,0.011494910533474956
2009-08-13,12098803.99147924,0.006769323165511931
2009-08-14,11907344.875050155,-0.015824631638294395
2009-08-17,11558313.928008636,-0.029312239689374797
2009-08-18,11716197.927661575,0.013659777770038461
2009-08-19,11780469.427101107,0.005485695943031832
2009-08-20,11900261.89613482,0.010168734766895504
2009-08-21,12038321.213225916,0.011601367961148634
2009-08-24,11979137.82867766,-0.004916248993525274
2009-08-25,12085195.642652981,0.008853543175822098
2009-08-26,12080795.624942617,-0.00036408328342107943
2009-08-27,12257473.377465744,0.014624678540074765
2009-08-28,12247335.71527792,-0.0008270596945746389
2009-08-31,12130712.096454674,-0.009522366458670994
2009-09-01,11817294.624963384,-0.02583669194349192
2009-09-02,11806031.11873161,-0.0009531374641349455
2009-09-03,11993910.179365803,0.015913820550252478
2009-09-04,12123105.524876924,0.010771745292322388
2009-09-08,12297660.572076183,0.014398542258092784
2009-09-09,12482649.409924773,0.015042603978567826
2009-09-10,12633641.24946558,0.012096137172670662
2009-09-11,12524379.467280958,-0.008648479090637706
2009-09-14,12593429.444417682,0.005513245372124942
2009-09-15,12679759.652678296,0.006855178618472513
2009-09-16,12819275.596666487,0.011003043260265688
2009-09-17,12744097.261246227,-0.005864476105015615
2009-09-18,12784530.10021733,0.0031726718764188977
2009-09-21,12726497.463272175,-0.004539285878341959
2009-09-22,12743887.813368859,0.0013664678869320657
2009-09-23,12654827.129741587,-0.00698850185528499
2009-09-24,12492670.795367833,-0.01281379292749496
2009-09-25,12383746.172228033,-0.008719082166176118
2009-09-28,12587145.156450856,0.016424673228442765
2009-09-29,12610572.003744548,0.00186117241062278
2009-09-30,12670169.430249741,0.004725989153188115
2009-10-01,12320638.08233501,-0.027586951369429458
2009-10-02,12210914.991562149,-0.008905633786141287
2009-10-05,12406261.04724214,0.01599765912832729
2009-10-06,12514051.747856434,0.008688411456427847
2009-10-07,12544909.70612339,0.0024658646846527077
2009-10-08,12592813.522091087,0.0038185859515844633
2009-10-09,12724709.297114035,0.010473892493648718
2009-10-12,12721013.297634263,-0.0002904584610519123
2009-10-13,12630604.36932718,-0.007107053989472312
2009-10-14,12827411.002237484,0.015581727299466275
2009-10-15,12802580.915376196,-0.0019357052531455698
2009-10-16,12661508.333409775,-0.011019073646079347
2009-10-19,12901430.211459352,0.01894891759589945
2009-10-20,12747510.03735067,-0.011930473721585289
2009-10-21,12768065.568699416,0.0016125134468236713
2009-10-22,12850241.676658997,0.006436065629317644
2009-10-23,12685791.201400394,-0.012797461666211984
2009-10-26,12448119.442181952,-0.018735272829668248
2009-10-27,12181874.017449966,-0.021388405370676433
2009-10-28,11782859.345389448,-0.0327547856338809
2009-10-29,11949355.97901902,0.014130410009071337
2009-10-30,11802417.754481116,-0.012296748443673566
2009-11-02,11820437.707123822,0.0015268017975269554
2009-11-03,11898974.33483402,0.006644138707559755
2009-11-04,11917382.099492539,0.0015470043165510816
2009-11-05,12090886.8828927,0.014558967896779018
2009-11-06,12165123.096328324,0.006139848478829091
2009-11-09,12375174.863822658,0.017266719443038925
2009-11-10,12421671.110165702,0.003757219340711826
2009-11-11,12454394.677013233,0.0026343932758572386
2009-11-12,12304335.743819049,-0.012048673346697791
2009-11-13,12402176.550748836,0.00795173416646544
2009-11-16,12503809.594817808,0.008194774816589367
2009-11-17,12509462.266157022,0.0004520759290478349
2009-11-18,12476451.810938176,-0.0026388388658521444
2009-11-19,12280455.735674001,-0.015709280028825434
2009-11-20,12230544.513306439,-0.0040642809551907355
2009-11-23,12380522.609866314,0.012262585398115533
2009-11-24,12370585.798766129,-0.0008026164495080756
2009-11-25,12542091.332581703,0.013863978360077356
2009-11-27,12287233.819667073,-0.020320176767694487
2009-11-30,12367658.00770927,0.006545345292727323
2009-12-01,12643990.085383223,0.02234312086424972
2009-12-02,12709309.660362076,0.005166057117868439
2009-12-03,12592140.481544219,-0.009219161539771537
2009-12-04,12562112.092932386,-0.0023846929484183654
2009-12-07,12451197.92261689,-0.008829261313302417
2009-12-08,12316378.36522767,-0.010827838271234014
2009-12-09,12328935.17477628,0.001019521256675704
2009-12-10,12371640.27323144,0.003463810771146658
2009-12-11,12426615.706417166,0.004443665671776564
2009-12-14,12395567.312269595,-0.0024985398181692764
2009-12-15,12336932.401636405,-0.004730312792957103
2009-12-16,12381677.975253994,0.0036269610759684934
2009-12-17,12270359.178279368,-0.008990606701055115
2009-12-18,12350711.532403167,0.00654849242441391
2009-12-21,12517897.170617571,0.013536518748395787
2009-12-22,12723678.879763266,0.01643899980491237
2009-12-23,12833357.235640083,0.008620019171597937
2009-12-24,12902746.247577833,0.005406925924655637
2009-12-28,12829999.580504442,-0.005638076241873513
2009-12-29,12726669.20217648,-0.008053809953741164
2009-12-30,12681693.212921662,-0.0035339953086174214
2009-12-31,12564196.55804084,-0.00926506050162934
2010-01-04,12789420.518088348,0.017925854550832288
2010-01-05,12963510.188189795,0.013612006099512408
2010-01-06,12986790.695394633,0.0017958490306158037
2010-01-07,13021368.151589634,0.0026625096997414666
2010-01-08,13156287.685000356,0.010361394581586358
2010-01-11,13088370.859185964,-0.0051623092653884095
2010-01-12,12819446.092986876,-0.0205468479685037
2010-01-13,12931464.124829322,0.008738133537901316
2010-01-14,12991363.812355611,0.004632088597862571
2010-01-15,12720863.408052377,-0.020821555628052768
2010-01-19,12848073.234190805,0.010000093708883329
2010-01-20,12710134.709582154,-0.010736125339134484
2010-01-21,12512164.867366875,-0.015575746971905002
2010-01-22,12310271.303371318,-0.016135781947864025
2010-01-25,12308241.683152413,-0.00016487209492688226
2010-01-26,12216973.810634162,-0.007415183652363488
2010-01-27,12179576.380177513,-0.003061104250227431
2010-01-28,12085802.535106316,-0.0076992698386304514
2010-01-29,11923259.375302082,-0.013449099414961196
2010-02-01,12062730.305717641,0.011697382907266185
2010-02-02,12163247.083225667,0.008332838002718335
2010-02-03,12055311.843686042,-0.008873883659609172
2010-02-04,11640812.97710455,-0.03438308954227387
2010-02-05,11596850.804244457,-0.0037765552068020902
2010-02-08,11558654.06979823,-0.003293716120953083
2010-02-09,11651536.109273212,0.008035714099072777
2010-02-10,11642601.020901637,-0.000766859261111863
2010-02-11,11777798.036306143,0.011612269042097223
2010-02-12,11809054.457400635,0.002653842509282356
2010-02-16,11836989.25186926,0.0023655403207254455
2010-02-17,11860642.586269865,0.001998255966724871
2010-02-18,11935587.53253408,0.006318793077111362
2010-02-19,11997932.90697885,0.005223486005597078
2010-02-22,12020808.065458577,0.0019065916318319331
2010-02-23,11864318.274689052,-0.013018242194482221
2010-02-24,11980723.265392328,0.009811350977629196
2010-02-25,11995959.325062387,0.0012717145144376385
2010-02-26,12090072.314650655,0.00784539085520608
2010-03-01,12352946.844488785,0.021743007237399192
2010-03-02,12474832.910460413,0.009866962717969274
2010-03-03,12426819.86205454,-0.003848792905724041
2010-03-04,12445363.015021097,0.001492188119921023
2010-03-05,12559919.136291957,0.0092047231673833
2010-03-08,12603902.926946348,0.0035019167063981005
2010-03-09,12634725.74556024,0.002445497937626495
2010-03-10,12754811.646080557,0.009504432699104282
2010-03-11,12832831.439978784,0.006116891104558375
2010-03-12,12831019.595808078,-0.00014118818432085067
2010-03-15,12836241.274242403,0.0004069574046969837
2010-03-16,12911038.976655528,0.005827072023273372
2010-03-17,12925104.086137472,0.0010893863388821146
2010-03-18,12907562.623787107,-0.0013571621731989225
2010-03-19,12785383.923682641,-0.00946566781549485
2010-03-22,13014286.630337907,0.017903467586238397
2010-03-23,13194875.874073338,0.013876230704374937
2010-03-24,13185950.942557817,-0.0006763937456248925
2010-03-25,13104556.701765817,-0.006172800213392282
2010-03-26,13153132.50849178,0.0037067874809850743
2010-03-29,13263165.886280555,0.008365564455291352
2010-03-30,13294049.369598126,0.0023285151963239326
2010-03-31,13195765.337644393,-0.007393084621642565
2010-04-01,13284591.467575729,0.006731411756613737
2010-04-05,13467644.436070379,0.013779344960771711
2010-04-06,13505153.377459912,0.002785115212061262
2010-04-07,13446210.28522565,-0.004364488916700271
2010-04-08,13521775.864007263,0.005619842110058393
2010-04-09,13598624.006055588,0.005683287670289028
2010-04-12,13704046.080439342,0.007752407474227452
2010-04-13,13751100.698846696,0.0034336296106387554
2010-04-14,13932499.717476476,0.013191599901889672
2010-04-15,14025684.906048791,0.006688332349680692
2010-04-16,13811724.240607949,-0.015254917451380079
2010-04-19,13681130.11863169,-0.009455309105600107
2010-04-20,13862474.100622918,0.013255044021857731
2010-04-21,13862460.010273017,-1.016438321177482e-06
2010-04-22,14271725.858823827,0.029523320409762466
2010-04-23,14374742.939052217,0.007218263666737723
2010-04-26,14416479.36684296,0.0029034555934461803
2010-04-27,13977085.658576371,-0.030478572270367654
2010-04-28,13911405.42122313,-0.00469913678413636
2010-04-29,14394023.425121987,0.03469225353482819
2010-04-30,14259503.603535233,-0.009345533046165255
2010-05-03,14536821.194141211,0.019447913357742985
2010-05-04,14041805.540673714,-0.0340525378180343
2010-05-05,13900637.355047984,-0.01005342120832109
2010-05-06,13461237.307509946,-0.03161006479882533
2010-05-07,13215438.75124376,-0.018259729819119608
2010-05-10,13595487.365836235,0.028757926372796838
2010-05-11,13702510.722058773,0.007871976439143724
2010-05-12,13972863.751835005,0.019730181954246362
2010-05-13,13811503.750424374,-0.011548098104759763
2010-05-14,13610557.363473736,-0.01454920409694449
2010-05-17,13537862.895097954,-0.005341035376763448
2010-05-18,13357182.667353522,-0.013346288786087235
2010-05-19,13235095.462679336,-0.00914019128993282
2010-05-20,12818611.433677066,-0.03146815451212137
2010-05-21,12831980.974084772,0.0010429788340866608
2010-05-24,12806714.619856516,-0.001969014315037043
2010-05-25,12748751.025623312,-0.004526031535311392
2010-05-26,12744135.272125836,-0.0003620553486533007
2010-05-27,12893374.985662326,0.011710462134132404
2010-05-28,12877624.490856059,-0.0012215959610095695
2010-06-01,12834491.601383973,-0.003349444573625626
2010-06-02,12963363.779308576,0.010041081635887128
2010-06-03,12948112.616038145,-0.0011764819324728837
2010-06-04,12686056.19251095,-0.020238966967479177
2010-06-07,12535837.112093436,-0.011841275029681353
2010-06-08,12570908.68577495,0.002797704961217118
2010-06-09,12575026.93813953,0.00032760180409541206
2010-06-10,12798695.625665313,0.017786736253216695
2010-06-11,12920903.766022267,0.009548483996438595
2010-06-14,12939145.531272208,0.0014118025782308141
2010-06-15,13141129.436832782,0.015610297068875623
2010-06-16,13171680.826505702,0.00232486787530517
2010-06-17,13121660.681497037,-0.003797552162667639
2010-06-18,13132799.459387174,0.000848884768514413
2010-06-21,13082624.845900774,-0.003820557348915843
2010-06-22,12775418.892186055,-0.02348198143211122
2010-06-23,12791893.43180757,0.0012895498582510267
2010-06-24,12628629.82672794,-0.012763052315122425
2010-06-25,12730790.274827512,0.00808959083457772
2010-06-28,12736126.469358277,0.00041915658145086354
2010-06-29,12317504.367032405,-0.03286887134271399
2010-06-30,12287501.206708157,-0.00243581487208977
2010-07-01,12312151.748934466,0.00200614769525731
2010-07-02,12262334.591318289,-0.004046178006252177
2010-07-06,12248872.324390236,-0.001097855129282177
2010-07-07,12373319.906233834,0.010159921546067041
2010-07-08,12395957.391006175,0.0018295400865644407
2010-07-09,12401925.14741378,0.0004814276315547872
2010-07-12,12378159.744770052,-0.0019162672215196075
2010-07-13,12450940.146382764,0.0058797432827979446
2010-07-14,12472175.444481367,0.0017055176435629704
2010-07-15,12481298.722866854,0.0007314905427764362
2010-07-16,12378638.809721492,-0.008225098639557338
2010-07-19,12328674.816999912,-0.004036307504371228
2010-07-20,12387284.518868428,0.0047539336334589954
2010-07-21,12340252.685446644,-0.0037967831731114954
2010-07-22,12438384.540559178,0.007952175503526338
2010-07-23,12552571.14197469,0.009180179390914533
2010-07-26,12624707.317200903,0.005746725066149816
2010-07-27,12552640.538081825,-0.005708392068692891
2010-07-28,12431653.811869703,-0.009638348668160712
2010-07-29,12385462.92938647,-0.003715586291433759
2010-07-30,12335756.926419346,-0.004013253541713779
2010-08-02,12487037.284935335,0.012263565131702014
2010-08-03,12484249.70341057,-0.00022323802365253886
2010-08-04,12556563.91921096,0.005792435870666246
2010-08-05,12582489.798678838,0.0020647272322815713
2010-08-06,12608997.389925374,0.0021067047675507045
2010-08-09,12666159.898940846,0.004533469811100588
2010-08-10,12626279.45889911,-0.003148581761159508
2010-08-11,12291463.222511763,-0.026517410570329636
2010-08-12,12256504.356904719,-0.002844158175002054
2010-08-13,12241643.925936371,-0.0012124526321386497
2010-08-16,12291408.731805826,0.004065206125136278
2010-08-17,12418657.142367817,0.010352630307762789
2010-08-18,12388072.651390359,-0.0024627856801936465
2010-08-19,12278459.841611417,-0.008848253708508835
2010-08-20,12303588.219957283,0.002046541558959003
2010-08-23,12227788.706435692,-0.0061607648245768365
2010-08-24,12108448.984415881,-0.009759714113885543
2010-08-25,12104295.335761297,-0.0003430372180557306
2010-08-26,12028476.144744111,-0.006263825271445866
2010-08-27,12234651.804820944,0.017140630084461872
2010-08-30,12144481.297405371,-0.007370091838661219
2010-08-31,12186798.571299693,0.0034844859041747167
2010-09-01,12377352.346813142,0.01563608148592932
2010-09-02,12454951.763286289,0.006269468162399594
2010-09-03,12535766.625980789,0.006488572917056068
2010-09-07,12488673.219847884,-0.0037567232653568094
2010-09-08,12571691.273233425,0.006647467823371445
2010-09-09,12542703.856104147,-0.002305769088602694
2010-09-10,12543301.737368453,4.766765373442894e-05
2010-09-13,12633096.755778488,0.007158802386338259
2010-09-14,12601289.501943573,-0.0025177717269018185
2010-09-15,12658004.551231787,0.004500733776449328
2010-09-16,12679787.148745123,0.00172085556022461
2010-09-17,12692095.926062219,0.0009707400583860437
2010-09-20,12932703.528338386,0.018957278898444008
2010-09-21,12940884.787165068,0.000632602364134982
2010-09-22,12802940.243425915,-0.010659591365496768
2010-09-23,12800790.525441922,-0.00016790814790346165
2010-09-24,13058305.971604422,0.020117151800170596
2010-09-27,13133351.85760177,0.005746984804961386
2010-09-28,13242397.83782339,0.008302981706722612
2010-09-29,13256144.266940795,0.0010380619345344844
2010-09-30,13200299.23061347,-0.004212766186212691
2010-10-01,13221113.825999945,0.0015768275417729072
2010-10-04,12890927.4066323,-0.024974175679383204
2010-10-05,13251916.21479414,0.02800332332770039
2010-10-06,13061320.876687016,-0.01438247382626423
2010-10-07,13004633.616203178,-0.00434008635259997
2010-10-08,13160479.649294522,0.011983884951373591
2010-10-11,13164074.005080203,0.00027311738488755566
2010-10-12,13242844.60044011,0.0059837551300234715
2010-10-13,13335613.257441657,0.007005191090021956
2010-10-14,13330243.890360676,-0.0004026336830055266
2010-10-15,13259126.22158599,-0.005335061335682734
2010-10-18,13373473.594321303,0.008624050395504401
2010-10-19,13057712.851658076,-0.02361097439914983
2010-10-20,13170472.127213905,0.008635453761070444
2010-10-21,13158230.22225288,-0.0009294962885749714
2010-10-22,13357140.416004796,0.015116789294013389
2010-10-25,13475572.024918035,0.00886653918613689
2010-10-26,13515068.796420766,0.002930990345322293
2010-10-27,13528593.02487196,0.0010006777364519603
2010-10-28,13482372.633450748,-0.003416496551876258
2010-10-29,13540341.405640256,0.004299597241933739
2010-11-01,13533377.557291083,-0.0005143037491116553
2010-11-02,13785382.568095822,0.018620999062349597
2010-11-03,13796342.276540102,0.0007950238878131621
2010-11-04,14016292.948348504,0.01594268012489186
2010-11-05,14090343.046570787,0.005283144301789777
2010-11-08,14124901.715572719,0.0024526492284615564
2010-11-09,14103334.812280802,-0.001526871034305266
2010-11-10,14265800.562418837,0.011519669092487472
2010-11-11,14264696.69744055,-7.737841093857778e-05
2010-11-12,14029047.0777502,-0.016519777790482637
2010-11-15,13927930.402990233,-0.0072076652248417306
2010-11-16,13653299.964545228,-0.019717964586184578
2010-11-17,13786501.02644036,0.009755960994120683
2010-11-18,14096650.873210946,0.022496632479536816
2010-11-19,14196168.681149676,0.007059677425072186
2010-11-22,14318374.260624366,0.008608349352523526
2010-11-23,14081909.030117143,-0.01651481000587507
2010-11-24,14345741.385324182,0.0187355531585085
2010-11-26,14312766.339953585,-0.002298594717755842
2010-11-29,14153745.326837752,-0.011110431718006297
2010-11-30,14025862.284961639,-0.009035279279303254
2010-12-01,14318494.857371103,0.020863784804391106
2010-12-02,14450945.900542066,0.009250346806024545
2010-12-03,14597981.205896044,0.01017478761362356
2010-12-06,14599801.870592762,0.00012472030694099523
2010-12-07,14558733.764233464,-0.0028129221699930707
2010-12-08,14677794.369827688,0.008177950604929762
2010-12-09,14706096.912232062,0.0019282558190454324
2010-12-10,14792723.02879794,0.005890489984043512
2010-12-13,14671130.44085097,-0.008219756951459045
2010-12-14,14662965.31368163,-0.0005565438329553363
2010-12-15,14536401.03716246,-0.008631560793578075
2010-12-16,14633546.34804168,0.006682899751518034
2010-12-17,14701717.858055424,0.004658577517189899
2010-12-20,14713897.375099946,0.0008284417618480422
2010-12-21,14825708.125485677,0.007598989413569512
2010-12-22,14743623.111817034,-0.005536667319622879
2010-12-23,14674180.00031064,-0.004710043859621926
2010-12-27,14655312.637997268,-0.0012857524108995655
2010-12-28,14585576.32281072,-0.004758432447612204
2010-12-29,14605483.93453393,0.001364883449416654
2010-12-30,14635340.195983857,0.002044181595334482
2010-12-31,14542462.58419416,-0.006346119088860291
2011-01-03,14782500.119495515,0.016505975787226568
2011-01-04,14722667.431827007,-0.004047535070850428
2011-01-05,14906178.480152076,0.01246452446031343
2011-01-06,14903391.484994011,-0.00018696912570692614
2011-01-07,14880860.71230561,-0.0015117882873229016
2011-01-10,15017691.149943087,0.009195062052044234
2011-01-11,15015169.721870016,-0.00016789718525278552
2011-01-12,15013255.156739864,-0.0001275087238850059
2011-01-13,15153143.36544468,0.00931764678907876
2011-01-14,15219130.708869958,0.004354696701131644
2011-01-18,15339144.53254743,0.007885721331476914
2011-01-19,14960449.865462646,-0.024688121705956134
2011-01-20,14694082.89329829,-0.017804743477619844
2011-01-21,14566024.7048895,-0.008714949366945168
2011-01-24,14779953.481609223,0.014686833302425484
2011-01-25,14685526.046961136,-0.006388885781378417
2011-01-26,14786073.396146743,0.006846697140032942
2011-01-27,15076849.075463362,0.01966551034383457
2011-01-28,14745862.738906864,-0.02195328313627265
2011-01-31,14812641.878153212,0.004528669527768869
2011-02-01,15139639.83417444,0.022075599930860834
2011-02-02,15099154.562137702,-0.0026741238550040958
2011-02-03,15106992.027369117,0.0005190664946941315
2011-02-04,15254184.506560547,0.009743334670777815
2011-02-07,15345791.25719082,0.0060053522094789535
2011-02-08,15442976.901107015,0.006333048735473579
2011-02-09,15445720.005006278,0.00017762792218301016
2011-02-10,15583905.359207978,0.008946514254881688
2011-02-11,15707376.221227676,0.007922973040050074
2011-02-14,15783108.324771097,0.004821435641241711
2011-02-15,15633212.707642151,-0.009497217787809875
2011-02-16,15745626.590406224,0.007190708964710746
2011-02-17,15763640.63652787,0.001144066640867969
2011-02-18,15742834.994743556,-0.0013198500437838767
2011-02-22,15392940.392303452,-0.022225641223892145
2011-02-23,15137094.342558088,-0.016620999186957697
2011-02-24,15178916.472120559,0.0027628901964948938
2011-02-25,15467523.584281381,0.01901368340032139
2011-02-28,15478195.977635892,0.0006899872042449573
2011-03-01,15147940.704727873,-0.021336806523524987
2011-03-02,15252854.897566086,0.00692597065721734
2011-03-03,15567185.688484168,0.02060799719324935
2011-03-04,15709838.269385304,0.009163671825836994
2011-03-07,15579659.738720918,-0.008286433534969828
2011-03-08,15537708.684070803,-0.002692681056817414
2011-03-09,15598429.744280703,0.003907980349261653
2011-03-10,15161551.896332376,-0.028007809446877974
2011-03-11,15197235.506482603,0.0023535592130816685
2011-03-14,15214604.454049898,0.0011429017836754873
2011-03-15,15065874.205935238,-0.009775492262309227
2011-03-16,14923177.829822328,-0.009471496586417438
2011-03-17,14941699.951673616,0.0012411647212482446
2011-03-18,14877054.987690195,-0.004326479864573907
2011-03-21,15157255.410388298,0.0188344012259114
2011-03-22,15115663.366675083,-0.002744035287860269
2011-03-23,15344817.640425932,0.015160054057306915
2011-03-24,15472574.954065343,0.008325762914433987
2011-03-25,15572089.187802104,0.006431653039794316
2011-03-28,15457099.209109318,-0.007384364249779729
2011-03-29,15618680.17170523,0.010453511387226389
2011-03-30,15956760.23315015,0.021645879019751346
2011-03-31,15961979.987190813,0.00032711866095591624
2011-04-01,16201794.610087479,0.015024114996329496
2011-04-04,16284635.09621368,0.005113043839885645
2011-04-05,16413322.181314962,0.007902362216958947
2011-04-06,16290440.752449455,-0.007486688405190511
2011-04-07,16377038.0745728,0.005315836657785011
2011-04-08,16341129.501380224,-0.0021926170672050826
2011-04-11,16245865.696089454,-0.005829695265723411
2011-04-12,16160436.205602128,-0.005258537284836051
2011-04-13,16237862.681130772,0.0047911129714310885
2011-04-14,16296601.398736939,0.003617392187607482
2011-04-15,16374819.818707526,0.004799676819526866
2011-04-18,16137067.872091742,-0.014519362609667463
2011-04-19,16316314.711104367,0.011107770038113474
2011-04-20,16432587.37731628,0.007126159814310418
2011-04-21,16460153.508393146,0.0016775283431578192
2011-04-25,16339578.001596998,-0.007325296616138233
2011-04-26,16350838.547170447,0.0006891576742280581
2011-04-27,16402013.405781018,0.003129800252319459
2011-04-28,16454163.05342192,0.0031794662247088823
2011-04-29,16344860.692416973,-0.006642839301523429
2011-05-02,16072641.045708565,-0.016654754777732816
2011-05-03,15911530.306167057,-0.010023912005707736
2011-05-04,15940262.025160102,0.0018057168883316432
2011-05-05,15949318.813309431,0.0005681705943749726
2011-05-06,15966313.002186283,0.0010655118927507257
2011-05-09,16226448.720524084,0.016292785836165224
2011-05-10,16490227.191114252,0.016256081360336516
2011-05-11,16352268.388664957,-0.008366094708727512
2011-05-12,16439919.553363202,0.005360183835962706
2011-05-13,16272121.365988938,-0.01020675234021673
2011-05-16,16057896.0400161,-0.01316517503492809
2011-05-17,15921416.311747279,-0.008499228537083292
2011-05-18,16120013.749093806,0.012473603695670965
2011-05-19,16094436.375925798,-0.0015866843270804232
2011-05-20,15903631.103676055,-0.011855355962334335
2011-05-23,15741124.941616885,-0.010218179798046623
2011-05-24,15718786.59494071,-0.001419107386481322
2011-05-25,15874362.920582736,0.00989747679964692
2011-05-26,16069501.598638816,0.012292693510431274
2011-05-27,16147531.026695179,0.004855746618984913
2011-05-31,16242213.412071528,0.005863582811503454
2011-06-01,15921117.678594487,-0.019769210349027677
2011-06-02,15930258.332641073,0.0005741213796111033
2011-06-03,15789255.857495109,-0.008851235943678981
2011-06-06,15560052.959302733,-0.014516383815743494
2011-06-07,15620391.000405086,0.00387775293954129
2011-06-08,15512612.433175549,-0.006899863596675826
2011-06-09,15626186.87410352,0.007321425802212289
2011-06-10,15418552.496453933,-0.01328759084493536
2011-06-13,15471404.221367681,0.0034278006917902726
2011-06-14,15646184.993486121,0.011297020594746687
2011-06-15,15422624.405870989,-0.014288504687130166
2011-06-16,15315999.564020757,-0.006913534236731023
2011-06-17,15311265.749963183,-0.0003090764032596116
2011-06-20,15498450.640450966,0.012225304788288538
2011-06-21,15694373.734074708,0.012641463212611947
2011-06-22,15668152.155012947,-0.0016707630075630808
2011-06-23,15698198.167899022,0.0019176487813505894
2011-06-24,15623541.135125266,-0.0047557708200181015
2011-06-27,15753569.168861158,0.008322571215533259
2011-06-28,16075781.462819623,0.020453288426558913
2011-06-29,16070177.401780691,-0.0003486027134601555
2011-06-30,16127373.153249562,0.003559123837832301
2011-07-01,16401161.760141574,0.01697663992085685
2011-07-05,16671027.859473346,0.01645408436782847
2011-07-06,16738439.332537143,0.004043630280750277
2011-07-07,16791272.14460874,0.003156376232095859
2011-07-08,16788503.542748246,-0.00016488338921849532
2011-07-11,16424175.020836731,-0.021701071866460975
2011-07-12,16264924.357695667,-0.009696113377933968
2011-07-13,16374482.537451828,0.00673585547321176
2011-07-14,16275390.625392087,-0.006051605712308561
2011-07-15,16384348.540279837,0.006694642076225277
2011-07-18,16280137.524406947,-0.006360400330638338
2011-07-19,16679448.07713827,0.024527468034756028
2011-07-20,16638510.484325381,-0.002454373347580918
2011-07-21,16739142.103993598,0.006048114689293893
2011-07-22,16833805.55255911,0.0056552150628392805
2011-07-25,16651006.228553552,-0.010859061157313277
2011-07-26,16562884.653337225,-0.005292267266419848
2011-07-27,16157198.257362287,-0.024493704114107784
2011-07-28,16463565.211105492,0.01896163857515365
2011-07-29,16379004.602529775,-0.005136227025643092
2011-08-01,16426546.947282642,0.002902639440343302
2011-08-02,16123953.53997565,-0.018420999147179096
2011-08-03,16244620.909245593,0.007483733376604906
2011-08-04,15248611.463358108,-0.0613131849276094
2011-08-05,15249109.682834145,3.267310451415817e-05
2011-08-08,14868063.189334322,-0.02498811415388824
2011-08-09,14970911.085276663,0.00691737011288196
2011-08-10,14981519.974666003,0.0007086335179542491
2011-08-11,14977983.67820289,-0.00023604390402931497
2011-08-12,14979751.826434448,0.00011804981695440198
2011-08-15,14974447.381739775,-0.0003541076485200634
2011-08-16,14974447.381739775,0.0
2011-08-17,14977983.678202892,0.00023615539011001552
2011-08-18,14976215.529971331,-0.000118049816954513
2011-08-19,14976215.529971331,0.0
2011-08-22,14974447.381739775,-0.00011806375435896577
2011-08-23,14967374.788791506,-0.00047231078169163165
2011-08-24,14967374.788791506,0.0
2011-08-25,14976215.52997133,0.0005906674553539659
2011-08-26,14977983.67820289,0.00011806375435918781
2011-08-29,14974447.381739775,-0.00023609963390880395
2011-08-30,14977983.678202892,0.00023615539011001552
2011-08-31,14977983.678202892,0.0
2011-09-01,14982308.391952118,0.0002887380465983469
2011-09-02,14975231.25053087,-0.0004723665563478585
2011-09-06,14977000.535902712,0.00011814744909388608
2011-09-07,14973461.96518107,-0.0002362669823747776
2011-09-08,14978769.821252516,0.0003544842257448
2011-09-09,14984077.67732396,0.00035435861120669543
2011-09-12,14973461.96518107,-0.0007084661713250284
2011-09-13,14975231.250530872,0.00011816140809095543
2011-09-14,14975231.250530872,0.0
2011-09-15,14977000.535902714,0.00011814744909388608
2011-09-16,14980539.106602315,0.00023626698090306597
2011-09-19,14987616.24802356,0.00047242234547661965
2011-09-20,14980539.106602315,-0.0004721992679909137
2011-09-21,14964615.538410021,-0.0010629502769546884
2011-09-22,14966384.823759824,0.00011823125995191752
2011-09-23,14968154.109109623,0.00011821728297345402
2011-09-26,14962846.253038177,-0.0003546099293710858
2011-09-27,14957538.396988774,-0.00035473572070732207
2011-09-28,14952230.54091733,-0.00035486160426723146
2011-09-29,14955769.111616934,0.00023665838283593033
2011-09-30,14962846.25303818,0.0004732047792679328
2011-10-03,14966170.740229478,0.000222182807674276
2011-10-04,14957319.207964355,-0.0005914360071631597
2011-10-05,14957319.207964355,0.0
2011-10-06,14953778.595067121,-0.00023671440369799068
2011-10-07,14948467.675721271,-0.0003551556760109653
2011-10-10,14936075.530558918,-0.0008289909996915812
2011-10-11,14943156.756353382,0.00047410216826881957
2011-10-12,14943156.756353382,0.0
2011-10-13,14946697.369272657,0.00023693875243391282
2011-10-14,14953778.595067121,0.0004737652485706789
2011-10-17,14955548.901515737,0.00011838522533702545
2011-10-18,14955548.901515737,0.0
2011-10-19,14960859.820883628,0.00035511363727702694
2011-10-20,14962630.127332244,0.00011832919162468869
2011-10-21,14957319.207964353,-0.0003549455759245257
2011-10-24,14957319.207964353,0.0
2011-10-25,14966170.740229478,0.0005917860107185202
2011-10-26,14957319.207964355,-0.0005914360071631597
2011-10-27,14946697.369272659,-0.000710143211093639
2011-10-28,14929298.848899322,-0.0011640377766064525
2011-10-31,14832731.535359796,-0.006468308693991065
2011-11-01,14651466.022740051,-0.01222064271760237
2011-11-02,14752686.327825097,0.006908544505235481
2011-11-03,14838279.865714008,0.005801895057408801
2011-11-04,14835976.826066284,-0.00015520934155222044
2011-11-07,14815746.650542103,-0.001363589048524072
2011-11-08,14847091.799868569,0.002115664506541659
2011-11-09,14729846.640389811,-0.007896843439722967
2011-11-10,14749238.964775046,0.001316532674010329
2011-11-11,14865984.719096081,0.007915374793225238
2011-11-14,14826869.475480456,-0.002631190893488511
2011-11-15,14878943.311326135,0.003512126139087801
2011-11-16,14817221.504278922,-0.004148265488734593
2011-11-17,14722201.427654907,-0.006412813400715867
2011-11-18,14707831.128626473,-0.0009760971617627234
2011-11-21,14623491.340770083,-0.005734345677401498
2011-11-22,14611020.386567676,-0.0008528027891422374
2011-11-23,14547240.455595843,-0.004365193483027885
2011-11-25,14556945.955472039,0.000667171200326333
2011-11-28,14636860.616085945,0.005489795789470842
2011-11-29,14635088.320571715,-0.0001210844019572388
2011-11-30,14712855.07268261,0.005313719357715296
2011-12-01,14706726.110540366,-0.0004165719102081633
2011-12-02,14706905.539612113,1.2200476870116717e-05
2011-12-05,14783425.205234319,0.005202975256494602
2011-12-06,14782424.398022866,-6.769792504501826e-05
2011-12-07,14741523.846371414,-0.0027668365181642285
2011-12-08,14562674.867335137,-0.012132326406696481
2011-12-09,14656581.72881055,0.006448462410298728
2011-12-12,14572458.246700553,-0.005739638591489293
2011-12-13,14483815.083007554,-0.0060829245273748
2011-12-14,14420608.04313583,-0.004363977274597919
2011-12-15,14521367.149828535,0.006987160762660594
2011-12-16,14529906.860907106,0.0005880790004453296
2011-12-19,14500015.319654299,-0.0020572424544048618
2011-12-20,14580920.708567815,0.005579676098952158
2011-12-21,14574305.479217228,-0.00045369078419721376
2011-12-22,14557001.898224024,-0.00118726624866472
2011-12-23,14598534.179934433,0.0028530793635106466
2011-12-27,14622755.15798598,0.0016591376745782593
2011-12-28,14593418.34841032,-0.002006243642781569
2011-12-29,14622294.348678112,0.0019787002317341873
2011-12-30,14613822.162061492,-0.0005794020018059509
2012-01-03,14581029.014716784,-0.0022439815526045237
2012-01-04,14580333.819815202,-4.767804116434515e-05
2012-01-05,14614858.980226027,0.0023679266083678208
2012-01-06,14608562.499635536,-0.00043082732436960924
2012-01-09,14599174.031099739,-0.0006426688824470173
2012-01-10,14657240.35843753,0.0039773707207062525
2012-01-11,14633596.187778315,-0.0016131393141550765
2012-01-12,14616380.332210738,-0.0011764610247995133
2012-01-13,14598117.097255826,-0.0012495046338295568
2012-01-17,14668796.270180883,0.004841663651152794
2012-01-18,14797611.63217715,0.008781590501609537
2012-01-19,14806690.636038743,0.0006135452184627965
2012-01-20,14789109.480945874,-0.0011873791061777217
2012-01-23,14706355.252803054,-0.005595619415045938
2012-01-24,14766302.152975915,0.00407625813074497
2012-01-25,14834134.95692363,0.004593757004629939
2012-01-26,14785626.815359829,-0.003270035071452626
2012-01-27,14908065.368675726,0.008280917329030801
2012-01-30,14853824.246693194,-0.003638374305528713
2012-01-31,14914610.067038272,0.004092267374081082
2012-02-01,15267323.98309253,0.02364888619071359
2012-02-02,15244304.09347578,-0.0015077881128509052
2012-02-03,15528529.6069222,0.01864470242154659
2012-02-06,15475612.918981444,-0.0034077075731089312
2012-02-07,15531896.700961135,0.003636933947259502
2012-02-08,15603400.424189085,0.004603669764525531
2012-02-09,15591527.321150552,-0.0007609304841095232
2012-02-10,15366844.225002306,-0.01441058925917127
2012-02-13,15637984.918911524,0.01764452674466921
2012-02-14,15607731.92544525,-0.0019345838752976574
2012-02-15,15522790.780084291,-0.005442247840154013
2012-02-16,15707269.989351204,0.011884409954400654
2012-02-17,15574709.519552428,-0.008439434089351328
2012-02-21,15493558.73962082,-0.005210420125635884
2012-02-22,15473842.019264007,-0.0012725753126292538
2012-02-23,15629592.130422805,0.010065380722182438
2012-02-24,15638653.097077882,0.0005797314849591562
2012-02-27,15694536.226416308,0.003573397849004456
2012-02-28,15759451.526891919,0.004136171947938694
2012-02-29,15778461.98126556,0.0012062890857085229
2012-03-01,15953986.00455004,0.011124279634662004
2012-03-02,15850743.669954622,-0.00647125643497326
2012-03-05,15882361.239072537,0.0019947057233564713
2012-03-06,15685151.858991265,-0.012416880406681097
2012-03-07,15898766.959307482,0.013618937338739645
2012-03-08,16051782.679889577,0.009624376593086348
2012-03-09,16142103.285723437,0.005626827102949594
2012-03-12,16132741.200244522,-0.0005799792823277805
2012-03-13,16347317.638934677,0.013300680648549834
2012-03-14,16282983.294594422,-0.003935467931878267
2012-03-15,16313929.341509333,0.0019005145651156408
2012-03-16,16229249.25008221,-0.00519066189723294
2012-03-19,16267078.92770299,0.0023309567212783655
2012-03-20,16211568.843293235,-0.0034124187050706967
2012-03-21,16309315.500073874,0.006029438466165438
2012-03-22,16341601.872047048,0.0019796276534738144
2012-03-23,16349611.560964731,0.0004901409898734332
2012-03-26,16601971.158764394,0.015435204491474286
2012-03-27,16591362.143823339,-0.0006390214053260124
2012-03-28,16512080.702254018,-0.004778476949756416
2012-03-29,16480036.737902705,-0.0019406375810008258
2012-03-30,16620658.412316702,0.008532849571298629
2012-04-02,16741818.3462981,0.0072897192743948125
2012-04-03,16782018.46548438,0.002401179988622326
2012-04-04,16656797.878097601,-0.0074615927544305904
2012-04-05,16670105.896680541,0.0007989541975794712
2012-04-09,16579122.666323109,-0.005457867569728547
2012-04-10,16036873.306146627,-0.03270675843890958
2012-04-11,16207268.085522097,0.010625187099916777
2012-04-12,16369294.93126744,0.00999717194103078
2012-04-13,16414872.884751035,0.002784356545286082
2012-04-16,16379486.405067513,-0.0021557571558409316
2012-04-17,16493285.381116776,0.006947652278892935
2012-04-18,16580563.801228529,0.005291754680464056
2012-04-19,16460795.99222623,-0.007223385793034609
2012-04-20,16501353.090592956,0.0024638600943647226
2012-04-23,16420772.178052582,-0.004883291212422591
2012-04-24,16286171.523499062,-0.008196974727742834
2012-04-25,16581106.558713403,0.018109537578477664
2012-04-26,16880473.049077302,0.01805467501845226
2012-04-27,16974875.933032673,0.005592431188445435
2012-04-30,16881307.24638577,-0.005512186776270855
2012-05-01,16878486.758201275,-0.00016707759318224102
2012-05-02,17107028.495473146,0.013540416303068348
2012-05-03,17007058.475654427,-0.005843798053248861
2012-05-04,16782952.63206339,-0.013177225439181317
2012-05-07,16741626.886813195,-0.002462364409659412
2012-05-08,16675224.29038406,-0.003966316826797711
2012-05-09,16577847.768761884,-0.005839592915000802
2012-05-10,16672242.557897568,0.005694031604847716
2012-05-11,16741136.521503404,0.0041322553559659525
2012-05-14,16545742.384981534,-0.011671497706914558
2012-05-15,16597312.453322792,0.0031168180394292033
2012-05-16,16537185.178680114,-0.00362271149692317
2012-05-17,15995599.846732633,-0.032749547525518286
2012-05-18,15850905.87760637,-0.009045860768755132
2012-05-21,15967056.818954214,0.007327716298658915
2012-05-22,15943996.851586217,-0.0014442215387261426
2012-05-23,16009994.4755929,0.004139340004957193
2012-05-24,16047375.371632772,0.0023348475289519666
2012-05-25,16094382.464700956,0.0029292698637359837
2012-05-29,16109991.157982552,0.0009698224405831901
2012-05-30,16034714.33534886,-0.004672679326480744
2012-05-31,16138925.394854978,0.006499090493703674
2012-06-01,15731957.391555851,-0.025216549016879752
2012-06-04,15591131.14903433,-0.008951603352111093
2012-06-05,15627390.925508216,0.0023256668247659817
2012-06-06,15787767.016574893,0.010262499468474795
2012-06-07,15705607.042216854,-0.005204027540549716
2012-06-08,15926120.322107607,0.014040417495357671
2012-06-11,15786958.015384955,-0.008737991670794809
2012-06-12,15949459.705085684,0.010293413686307762
2012-06-13,15865613.153305022,-0.005257015179888858
2012-06-14,16000062.370970372,0.008474252861594644
2012-06-15,16150460.253554363,0.009399831019212934
2012-06-18,16303904.81176703,0.009500940270658731
2012-06-19,16345881.546843387,0.002574643041712399
2012-06-20,16283997.913627895,-0.0037858853337551235
2012-06-21,16124515.649627034,-0.00979380277784192
2012-06-22,16204176.78769377,0.004940374011704218
2012-06-25,15974345.459155725,-0.01418346217455424
2012-06-26,16130473.911293264,0.0097736994944011
2012-06-27,16218704.504956175,0.005469807901994583
2012-06-28,16115669.315988569,-0.006352861841469548
2012-06-29,16401381.394843772,0.01772883727340724
2012-07-02,16677676.094424209,0.016845818832509796
2012-07-03,16587206.507928751,-0.005424591890575425
2012-07-05,16604605.580590941,0.0010489453214364008
2012-07-06,16621266.143813554,0.0010033700073002194
2012-07-09,16564104.787594076,-0.0034390494517623216
2012-07-10,16442938.219154323,-0.00731500856783418
2012-07-11,16260466.675909176,-0.011097258945641841
2012-07-12,16321904.298261376,0.0037783431174962523
2012-07-13,16454782.220753318,0.008141079623049663
2012-07-16,16429427.973771824,-0.0015408436672906811
2012-07-17,16527205.08585789,0.005951340012699147
2012-07-18,16315554.868813196,-0.012806171155085422
2012-07-19,16241612.374285774,-0.0045320245080209265
2012-07-20,16256075.255075445,0.0008904830663591934
2012-07-23,16193236.492684323,-0.0038655555787675544
2012-07-24,16143199.484105546,-0.0030899943072765224
2012-07-25,16098742.722442431,-0.002753900285187405
2012-07-26,16467199.332802465,0.022887291058225845
2012-07-27,16584432.419287294,0.007119187915051395
2012-07-30,16599491.013461832,0.0009079957513062897
2012-07-31,16476163.762026139,-0.007429580300725935
2012-08-01,16378669.304514982,-0.005917303258168638
2012-08-02,16397990.298991086,0.0011796437254385506
2012-08-03,16595928.676452491,0.012070892460131821
2012-08-06,16671435.050521756,0.004549692610838818
2012-08-07,16670269.13408616,-6.993497752671995e-05
2012-08-08,16714005.580954915,0.0026236197218512114
2012-08-09,16750970.974230519,0.002211641793258945
2012-08-10,16660794.964569865,-0.005383330303621148
2012-08-13,16721128.3397042,0.0036212782921005715
2012-08-14,16779773.209607426,0.003507231612114081
2012-08-15,16772451.756241579,-0.0004363261215982739
2012-08-16,16863553.694381617,0.0054316410900472345
2012-08-17,16979778.525071602,0.006892072264027549
2012-08-20,16845825.484913167,-0.007888974521113257
2012-08-21,16849722.12194234,0.00023131172958335
2012-08-22,16940521.128548283,0.005388753947918268
2012-08-23,16870003.70473306,-0.004162647847732792
2012-08-24,17070718.98909342,0.011897761723907996
2012-08-27,17113621.625413388,0.0025132296037080337
2012-08-28,17063252.164121907,-0.0029432379886605853
2012-08-29,17136460.59743415,0.004290415016322102
2012-08-30,17044956.50600476,-0.005339731090274857
2012-08-31,17145002.277785964,0.005869523442078695
2012-09-04,17349668.221218005,0.011937352944958013
2012-09-05,17225345.665692188,-0.007165702187536649
2012-09-06,17513025.022658378,0.016700933760601444
2012-09-07,17423508.996915013,-0.005111397124571537
2012-09-10,17164150.149249747,-0.014885569130258847
2012-09-11,17142944.198336996,-0.0012354792243342017
2012-09-12,17241850.375362385,0.005769497694274817
2012-09-13,17416422.22814853,0.010124890831647582
2012-09-14,17428825.2971431,0.0007121479275189468
2012-09-17,17376188.97435057,-0.0030200728904636875
2012-09-18,17278810.5048367,-0.005604132739210788
2012-09-19,17487026.50614582,0.012050366618167052
2012-09-20,17547865.366536625,0.0034790855020103706
2012-09-21,17522076.1589277,-0.001469649274726148
2012-09-24,17416257.778051578,-0.006039146269901874
2012-09-25,17276941.03896387,-0.007999235017253747
2012-09-26,17032661.456366245,-0.014139052859340806
2012-09-27,17282983.005836572,0.014696561081284587
2012-09-28,17300788.3825331,0.001030225898533521
2012-10-01,17384760.317089926,0.004853647862753219
2012-10-02,17470113.525520086,0.0049096568991091605
2012-10-03,17667635.040572822,0.011306252518863191
2012-10-04,17807507.632131092,0.007916882550327742
2012-10-05,17885963.60028452,0.0044057804030848136
2012-10-08,17791946.57801344,-0.005256469507160744
2012-10-09,17526465.66094078,-0.014921409296536847
2012-10-10,17429026.584289607,-0.0055595394152013755
2012-10-11,17436463.58192605,0.0004267018356118868
2012-10-12,17407117.870952036,-0.0016830081877631242
2012-10-15,17595176.17031668,0.010803528806940799
2012-10-16,17766432.549537014,0.009733143764098617
2012-10-17,17950118.687998045,0.010338943282444113
2012-10-18,17866395.934989907,-0.004664189382999284
2012-10-19,17540278.01648259,-0.018253145161114426
2012-10-22,17443939.691681765,-0.0054924058051016855
2012-10-23,17267716.24990472,-0.01010227304678657
2012-10-24,17304033.283081476,0.0021031752347075994
2012-10-25,17144890.426884755,-0.009196864892320633
2012-10-26,17054393.052149728,-0.005278387465989298
2012-10-31,17162579.189775188,0.006343593541830783
2012-11-01,17422469.735797364,0.015142860705750438
2012-11-02,17064268.629233535,-0.020559720406794324
2012-11-05,17021105.2125474,-0.002529461861154214
2012-11-06,17295785.068138212,0.01613760400166786
2012-11-07,17074131.068912737,-0.012815492234220627
2012-11-08,16920921.21738045,-0.008973215147167313
2012-11-09,16877355.31713007,-0.002574676620184846
2012-11-12,16754973.689491011,-0.007251232514779438
2012-11-13,16713569.885451177,-0.002471135127225077
2012-11-14,16360437.339760654,-0.02112849308141629
2012-11-15,16275609.24949948,-0.005184952486264938
2012-11-16,16325228.07544427,0.0030486616620091223
2012-11-19,16416115.566177428,0.005567302968946919
2012-11-20,16448048.790815074,0.0019452363446708087
2012-11-21,16478223.951051064,0.001834573852482757
2012-11-23,16670637.690286508,0.011676849386621502
2012-11-26,16600267.596092314,-0.00422119990258063
2012-11-27,16549661.158399086,-0.0030485314408509323
2012-11-28,16588834.238579853,0.002367001946797176
2012-11-29,16689362.774328677,0.006060012072158116
2012-11-30,16643798.603258802,-0.002730132461375989
2012-12-03,16555072.365250375,-0.005330888706563286
2012-12-04,16588864.151132727,0.002041174157189518
2012-12-05,16517850.063462205,-0.0042808288152551555
2012-12-06,16565989.278208563,0.0029143753310150178
2012-12-07,16588554.788143378,0.001362158912205702
2012-12-10,16617118.042748095,0.0017218651636328186
2012-12-11,16670281.386883939,0.003199311938392624
2012-12-12,16670459.271896096,1.0670786414923583e-05
2012-12-13,16591719.860389661,-0.004723289875953052
2012-12-14,16670384.027102394,0.004741170136348005
2012-12-17,16877679.516016852,0.012434955822099969
2012-12-18,16980490.88790211,0.006091558486324589
2012-12-19,16920018.27027676,-0.0035612997306477823
2012-12-20,16929403.16125033,0.000554661988164451
2012-12-21,16795050.40688742,-0.007936059711214805
2012-12-24,16777372.898505714,-0.001052542740476503
2012-12-26,16706892.329094699,-0.004200930016718729
2012-12-27,16684288.71033453,-0.0013529517228529908
2012-12-28,16577229.334209029,-0.006416777963041742
2012-12-31,16783384.085501872,0.01243601974350561
2013-01-02,17078527.393784724,0.017585446819262662
2013-01-03,17059763.740678705,-0.0010986692630681194
2013-01-04,17152938.450844474,0.005461664744136785
2013-01-07,17059435.46117183,-0.005451135380716177
2013-01-08,17054870.91098965,-0.00026756748150125187
2013-01-09,17103834.905852526,0.0028709683654846163
2013-01-10,17161723.46996885,0.003384537119012876
2013-01-11,17102972.002903223,-0.0034234013366103433
2013-01-14,17084129.689341664,-0.0011016982053387858
2013-01-15,17155641.14208628,0.004185841131212564
2013-01-16,17148652.52275137,-0.000407365675058613
2013-01-17,17325404.32996125,0.01030703765064822
2013-01-18,17288576.215494886,-0.002125671283912167
2013-01-22,17413090.445755355,0.007202110151145469
2013-01-23,17429292.42769459,0.0009304483882228709
2013-01-24,17545133.56479983,0.006646347669350794
2013-01-25,17664676.758428905,0.006813467289237929
2013-01-28,17570687.98459199,-0.005320718579923445
2013-01-29,17562056.953861374,-0.0004912175743024827
2013-01-30,17414223.853825536,-0.008417755415793371
2013-01-31,17393198.25544705,-0.001207380733989405
2013-02-01,17519980.326790303,0.007289175313318186
2013-02-04,17297991.229943488,-0.012670624778463146
2013-02-05,17439264.652873967,0.00816704211792696
2013-02-06,17401837.492681704,-0.002146143254159183
2013-02-07,17375030.02094339,-0.0015404966141989718
2013-02-08,17596685.069112707,0.012757103032463357
2013-02-11,17565407.76292476,-0.0017774544503752487
2013-02-12,17620738.96538517,0.0031500095646623816
2013-02-13,17656312.16403879,0.002018825585209605
2013-02-14,17682094.73000197,0.0014602463823500944
2013-02-15,17786138.59687945,0.005884136945660812
2013-02-19,17868683.34513239,0.004640959464210059
2013-02-20,17437320.33029845,-0.024140727467278467
2013-02-21,17331349.61699541,-0.006077236140401121
2013-02-22,17558355.765203618,0.013098007554218638
2013-02-25,17191986.88894439,-0.02086578499481595
2013-02-26,17252033.66563599,0.0034927188509092932
2013-02-27,17490134.14521499,0.013801299266721578
2013-02-28,17452336.790273014,-0.002161067183828136
2013-03-01,17538471.170611642,0.004935406723679314
2013-03-04,17705311.26162498,0.009512806982452604
2013-03-05,17923348.19662194,0.012314775593329275
2013-03-06,17964375.015002105,0.002289015307301634
2013-03-07,18028555.703305785,0.0035726646905378523
2013-03-08,18029806.129440796,6.93580870032573e-05
2013-03-11,18041823.9037359,0.0006665503893288349
2013-03-12,17941952.197360914,-0.005535565966493183
2013-03-13,18055563.265797067,0.006332146423445817
2013-03-14,18160216.196508188,0.005796159841181314
2013-03-15,18093710.083897434,-0.003662187271952222
2013-03-18,18079897.117888767,-0.00076341258617596
2013-03-19,18039315.333861366,-0.0022445804731514585
2013-03-20,18336801.860260695,0.016491009824575853
2013-03-21,18056496.847384404,-0.015286472254671835
2013-03-22,18132111.177889083,0.004187652297329869
2013-03-25,18068979.009468287,-0.00348178807207955
2013-03-26,18219712.69404405,0.008342125169151782
2013-03-27,18260379.33160364,0.002232013108136588
2013-03-28,18395833.62252982,0.007417934122088354
2013-04-01,18253866.659928497,-0.0077173432590438296
2013-04-02,18180282.737845723,-0.0040311416454196225
2013-04-03,17845969.904155213,-0.018388758772963087
2013-04-04,17952615.62717671,0.005975899522091321
2013-04-05,17946832.68316362,-0.00032212264403042035
2013-04-08,18098712.185677275,0.008462746892165418
2013-04-09,18035525.015834782,-0.0034912522611689756
2013-04-10,18152338.39683204,0.006476849489809755
2013-04-11,18221440.4183561,0.0038067834575030712
2013-04-12,18204915.15413979,-0.0009069131658582252
2013-04-15,17756641.274996385,-0.02462378293707501
2013-04-16,18033810.866883215,0.015609347938853713
2013-04-17,17825569.018177304,-0.011547301357602624
2013-04-18,17694861.14989681,-0.007332605660285263
2013-04-19,17894924.864825055,0.011306317310628256
2013-04-22,17901773.06354148,0.0003826894367064959
2013-04-23,18041713.205588967,0.007817110715836684
2013-04-24,17958577.65181517,-0.004607963380553248
2013-04-25,17963412.319626745,0.00026921217845377043
2013-04-26,17934249.145262513,-0.0016234763109216344
2013-04-29,18009204.781453863,0.004179468880142645
2013-04-30,17996789.078671977,-0.0006894087180724373
2013-05-01,17932838.221180707,-0.003553459298306638
2013-05-02,18031163.40888791,0.005482968534845201
2013-05-03,18226827.110357568,0.01085141857087324
2013-05-06,18239552.581424143,0.0006981725886534562
2013-05-07,18411795.36395098,0.009443366648272722
2013-05-08,18419117.605457403,0.0003976929659319506
2013-05-09,18417514.193118062,-8.705152840038366e-05
2013-05-10,18457427.07993737,0.0021671158442337912
2013-05-13,18458151.10190293,3.922659222355129e-05
2013-05-14,18657706.36308816,0.010811226979535293
2013-05-15,18715067.969106816,0.0030744189506668462
2013-05-16,18535686.23839435,-0.009584882673606798
2013-05-17,18633179.369537856,0.005259752991586764
2013-05-20,18628743.471491393,-0.000238064474048727
2013-05-21,18662636.845179614,0.0018194127660886572
2013-05-22,18429138.629841216,-0.012511533995728352
2013-05-23,18300628.22285729,-0.00697321831286446
2013-05-24,18308437.69170581,0.0004267322822704145
2013-05-28,18441867.98665596,0.007287912666114504
2013-05-29,18176676.091582526,-0.014379882518697262
2013-05-30,18199389.934448145,0.001249614767363294
2013-05-31,18079416.617880557,-0.006592161440560185
2013-06-03,18063881.65681767,-0.0008592622976297815
2013-06-04,17999055.096626427,-0.003588739199184121
2013-06-05,17773869.57935236,-0.01251096327363721
2013-06-06,17949140.40106729,0.009861151559170889
2013-06-07,18356085.36122677,0.022672114155131595
2013-06-10,18555761.0583841,0.010877901972448978
2013-06-11,18339940.598140854,-0.011630913955196331
2013-06-12,18098759.384787884,-0.013150599483262249
2013-06-13,18288625.022453032,0.010490533280680614
2013-06-14,18219544.268529955,-0.0037772524636634497
2013-06-17,18344326.526936594,0.006848813371373552
2013-06-18,18463011.198343344,0.006469829853523068
2013-06-19,18295495.151668888,-0.009073062073942095
2013-06-20,18031420.03225195,-0.014433887535033385
2013-06-21,18103211.950812805,0.00398149000092296
2013-06-24,17856951.58531511,-0.013603131099983679
2013-06-25,17879070.520798564,0.001238673654782474
2013-06-26,18056736.499067754,0.009937092538592207
2013-06-27,18158436.905549586,0.0056322695126598266
2013-06-28,18173227.648893073,0.000814538355940142
2013-07-01,18392845.211692356,0.01208467571321381
2013-07-02,18369432.438054778,-0.0012729283244712342
2013-07-03,18402645.39389407,0.0018080556354309607
2013-07-05,18725300.27763015,0.01753307075313959
2013-07-08,18746264.045810074,0.0011195424302470336
2013-07-09,18588515.923649214,-0.008414909860192554
2013-07-10,18679601.975978825,0.004900125039768666
2013-07-11,18914577.064718246,0.012579234238587533
2013-07-12,19217374.18011599,0.016008664341882417
2013-07-15,19478485.11514654,0.013587232708447639
2013-07-16,19268744.230026554,-0.010767823261414233
2013-07-17,19351424.585757807,0.004290905247598342
2013-07-18,19385852.199067514,0.0017790738432272857
2013-07-19,19452177.476760358,0.0034213238093310228
2013-07-22,19473064.490174003,0.0010737622273186975
2013-07-23,19279449.831678987,-0.009942690766145845
2013-07-24,19208274.418274984,-0.0036917761671316773
2013-07-25,19291864.586826008,0.004351779172391268
2013-07-26,19257688.966751944,-0.001771504248345268
2013-07-29,19238998.38815698,-0.0009705514834741358
2013-07-30,19314785.298038315,0.003939233651996554
2013-07-31,19463474.67772352,0.007698215506454886
2013-08-01,19976204.544883396,0.02634318258428503
2013-08-02,20135142.64976471,0.00795637151813322
2013-08-05,20043361.561594978,-0.004558253684425861
2013-08-06,19734865.977818776,-0.015391409411448675
2013-08-07,19602193.762922116,-0.006722731993507258
2013-08-08,19525225.777163923,-0.003926498568939674
2013-08-09,19479129.540524274,-0.0023608554987138985
2013-08-12,19425534.013713297,-0.0027514333584299777
2013-08-13,19446383.875050787,0.001073322428241763
2013-08-14,19225395.59689186,-0.011363977980628492
2013-08-15,18854750.091395937,-0.019278953383713215
2013-08-16,18890477.986561302,0.001894901549592376
2013-08-19,18740769.945262406,-0.007925053109053115
2013-08-20,18811905.86704713,0.0037957843777227662
2013-08-21,18767507.70536494,-0.0023601097090308887
2013-08-22,19121808.52585135,0.018878416146067778
2013-08-23,19152556.32616995,0.001607996454782601
2013-08-26,19264322.511193488,0.005835575320607411
2013-08-27,18883823.041617736,-0.01975151056335689
2013-08-28,18935806.24795497,0.002752790376327363
2013-08-29,19135430.614027653,0.01054216353181392
2013-08-30,18829942.457317084,-0.015964530031878366
2013-09-03,19051362.202373035,0.011758917774595146
2013-09-04,19211421.24534281,0.008401448739966622
2013-09-05,19415072.76765669,0.010600544317524108
2013-09-06,19401619.737756584,-0.0006929167900168176
2013-09-09,19534726.4719742,0.006860599064241191
2013-09-10,19766420.61377852,0.01186062892340578
2013-09-11,19801593.746455386,0.0017794386431475573
2013-09-12,19678423.727212973,-0.0062202073640896804
2013-09-13,19672140.583956536,-0.0003192909830348478
2013-09-16,19688002.840909902,0.0008063310083450403
2013-09-17,19873407.388855107,0.00941713333969818
2013-09-18,20042774.541327026,0.008522300638132974
2013-09-19,20119590.98675861,0.0038326253320462023
2013-09-20,19915085.921419065,-0.010164474291457282
2013-09-23,19948732.095088914,0.0016894817226804637
2013-09-24,20086242.144326422,0.006893172387199442
2013-09-25,20186446.89663707,0.004988725695460827
2013-09-26,20345975.716275714,0.007902768647473968
2013-09-27,20178075.634274248,-0.00825225019152831
2013-09-30,20067328.770704456,-0.005488474995191228
2013-10-01,20589982.536288112,0.026045009356036486
2013-10-02,20557691.55666816,-0.0015682859158837603
2013-10-03,20353710.955865953,-0.009922349512829554
2013-10-04,20506373.056434557,0.007500455366573178
2013-10-07,20048002.777013566,-0.022352576838406857
2013-10-08,19318408.021452416,-0.036392390986581535
2013-10-09,19223798.31501384,-0.0048973862822192515
2013-10-10,19520546.86846086,0.015436520326748138
2013-10-11,19692417.171100255,0.00880458441034171
2013-10-14,19882159.170355685,0.009635282332627337
2013-10-15,19823525.892783605,-0.0029490397431031212
2013-10-16,20144966.40980223,0.016215103143464304
2013-10-17,20254811.566457447,0.005452734664366021
2013-10-18,20553794.466135252,0.01476108028439671
2013-10-21,20382921.94011475,-0.00831342973201532
2013-10-22,20384553.70276932,8.00553845696772e-05
2013-10-23,20152901.8144598,-0.011364089284822021
2013-10-24,20331058.118147343,0.008840230817763084
2013-10-25,20153940.646952655,-0.008711670104203484
2013-10-28,20048416.873242475,-0.005235887887073631
2013-10-29,20284179.82002968,0.011759678994996525
2013-10-30,20081724.685967546,-0.009980937649853527
2013-10-31,20025787.31231871,-0.002785486531837744
2013-11-01,20227222.23332169,0.010058776609450426
2013-11-04,20651823.46328711,0.020991573883335723
2013-11-05,20633124.95731265,-0.0009054167060695839
2013-11-06,20303817.525783073,-0.015960133630309237
2013-11-07,19791861.599537827,-0.025214761982328304
2013-11-08,20279480.888728764,0.024637363531398337
2013-11-11,20255971.11811738,-0.0011592885804315722
2013-11-12,20231342.396334477,-0.0012158746494694839
2013-11-13,20652114.67468715,0.020798040491317504
2013-11-14,20721549.58550512,0.003362121115038752
2013-11-15,20766963.909294736,0.0021916470871166105
2013-11-18,20487325.746286284,-0.013465529397067688
2013-11-19,20284153.443533584,-0.009916975268942974
2013-11-20,20291763.35812436,0.0003751655010872934
2013-11-21,20462954.935124367,0.008436505688475204
2013-11-22,20563712.643240955,0.0049239080297067694
2013-11-25,20255972.267760027,-0.014965214736263999
2013-11-26,20391847.611693747,0.006707915183611357
2013-11-27,20446718.329127993,0.002690816373244198
2013-11-29,20457064.298021205,0.0005059965480362916
2013-12-02,20487691.00696771,0.001497121410009239
2013-12-03,20440754.00442503,-0.002290985476436358
2013-12-04,20456225.32731648,0.0007568861152627004
2013-12-05,20309859.07772004,-0.007155095686250168
2013-12-06,20379343.643217005,0.003421223418196506
2013-12-09,20324860.301067308,-0.00267345912133099
2013-12-10,20434894.163972877,0.005413757402297659
2013-12-11,20110146.641258635,-0.01589181329291045
2013-12-12,20174571.985284925,0.0032036237813459767
2013-12-13,20227972.799719393,0.0026469366722337018
2013-12-16,20390269.34187979,0.008023371583861572
2013-12-17,20423468.149742484,0.0016281691676582888
2013-12-18,20477261.80036211,0.002633913604938032
2013-12-19,20482140.734147552,0.00023826104451885044
2013-12-20,20543030.481668178,0.002972821459971353
2013-12-23,20610470.074500598,0.0032828453860593854
2013-12-24,20630034.170874417,0.000949230963830594
2013-12-26,20687970.45945242,0.0028083467093718006
2013-12-27,20544003.310451847,-0.006958978855985065
2013-12-30,20589724.016231842,0.002225501285659126
2013-12-31,20716946.537003312,0.00617893278565429
2014-01-02,20830068.7785913,0.005460372327839691
2014-01-03,20984630.584871136,0.007420129425529831
2014-01-06,21078790.32211687,0.004487081002684912
2014-01-07,21317022.060378466,0.011301964421157162
2014-01-08,21531075.022126354,0.010041410152956898
2014-01-09,21644912.671612527,0.005287132638253755
2014-01-10,21991795.5424593,0.016026069317512937
2014-01-13,21421031.747324314,-0.025953487701039224
2014-01-14,21921333.088476833,0.023355613634950645
2014-01-15,22030584.774610262,0.004983806673274804
2014-01-16,22131760.662923183,0.00459251941553207
2014-01-17,22111731.334798858,-0.000905003828180706
2014-01-21,22348314.310362887,0.010699432440719914
2014-01-22,22511512.48253399,0.007302482411187139
2014-01-23,22252261.029316988,-0.01151639426351958
2014-01-24,21535962.934920218,-0.03218990166675917
2014-01-27,21264389.78441188,-0.012610216284686504
2014-01-28,21758032.22460737,0.023214512393737285
2014-01-29,21591834.317108605,-0.007638462236984944
2014-01-30,21942313.297662117,0.01623201509451211
2014-01-31,21984846.483412676,0.0019384093725018925
2014-02-03,21422453.232688908,-0.025580949639474992
2014-02-04,21635567.749107577,0.009948184463461685
2014-02-05,21531582.320913706,-0.004806225997843749
2014-02-06,21817546.72168939,0.013281160507090162
2014-02-07,22137264.95404979,0.014654178878992008
2014-02-10,22120245.028121285,-0.0007688359860096305
2014-02-11,22032460.748887993,-0.003968503925778966
2014-02-12,21998302.278017756,-0.0015503702132755315
2014-02-13,22320890.251926772,0.014664221349088846
2014-02-14,22225306.931298677,-0.004282236037599141
2014-02-18,22553987.868187122,0.014788589327672241
2014-02-19,22321298.333382398,-0.010317001860807862
2014-02-20,22626878.11447079,0.013690054069632085
2014-02-21,22753168.180243842,0.005581418043361541
2014-02-24,23264749.086739738,0.022483941684221964
2014-02-25,23269238.506750736,0.0001929709189754103
2014-02-26,23430126.049857948,0.006914173107148924
2014-02-27,23551595.794588823,0.0051843402153446405
2014-02-28,23236525.07041547,-0.01337789281547297
2014-03-03,23197414.127779517,-0.0016831665886973823
2014-03-04,23982863.042702943,0.03385933063904867
2014-03-05,23666558.533501472,-0.013188771859234283
2014-03-06,23555002.896799117,-0.004713639988866203
2014-03-07,23469971.33185348,-0.003609915282888454
2014-03-10,23087045.017617784,-0.016315585086207007
2014-03-11,22824557.645867024,-0.011369465929938483
2014-03-12,22851317.671574507,0.0011724225337759187
2014-03-13,22407507.099686775,-0.019421662166983156
2014-03-14,22422167.793352794,0.0006542759799559317
2014-03-17,22765682.626184408,0.015320322102551076
2014-03-18,23030838.522852894,0.011647175313052704
2014-03-19,22998843.115342118,-0.0013892419713258386
2014-03-20,22890644.861673474,-0.0047045085322776625
2014-03-21,22690132.721685976,-0.008759567115700695
2014-03-24,22337803.986620877,-0.015527839320585435
2014-03-25,22353890.79478324,0.0007201606824016604
2014-03-26,21867112.290664196,-0.02177600797050694
2014-03-27,21940883.13381007,0.0033735978562368096
2014-03-28,21993211.90625097,0.0023849893425786917
2014-03-31,22242537.390612822,0.011336474427866117
2014-04-01,22384445.68053779,0.006380040524731623
2014-04-02,22548188.304351207,0.007315018033070331
2014-04-03,22401655.909700964,-0.006498632735915444
2014-04-04,22092045.57582071,-0.013820868204041048
2014-04-07,21708081.27332263,-0.017380205974150353
2014-04-08,21764960.221292455,0.0026201738999256374
2014-04-09,22088279.55509912,0.014855039040703844
2014-04-10,21621244.602274787,-0.0211440167469501
2014-04-11,21393541.11935298,-0.010531469723895959
2014-04-14,21451475.701991666,0.002708040820146307
2014-04-15,21528186.82179692,0.0035760299604064016
2014-04-16,21720274.95066475,0.008922633868698293
2014-04-17,21718035.24569477,-0.00010311586639977222
2014-04-21,21741484.86075015,0.001079730039577509
2014-04-22,21802212.173966907,0.0027931538993635208
2014-04-23,21883384.47347915,0.0037231221705644746
2014-04-24,21891335.54128236,0.0003633381213423714
2014-04-25,21662658.136333708,-0.010446023474329214
2014-04-28,21592617.414198417,-0.0032332468940095005
2014-04-29,21835695.011544425,0.011257440109422312
2014-04-30,21861734.356896095,0.001192512779552235
2014-05-01,22002619.28323862,0.00644436182612762
2014-05-02,22001240.730212197,-6.265404171557076e-05
2014-05-05,22037482.35090942,0.0016472534954565798
2014-05-06,21967038.95043647,-0.0031965266880880083
2014-05-07,22097267.794770766,0.005928374990736174
2014-05-08,21858880.045786977,-0.01078810969744426
2014-05-09,21727335.288329955,-0.006017909297341806
2014-05-12,21770245.305111572,0.001974932324290357
2014-05-13,21727509.82751943,-0.0019630223267216307
2014-05-14,21625228.90512743,-0.004707438781707873
2014-05-15,21242125.094692886,-0.017715595618213675
2014-05-16,21448944.808202364,0.009736300515486018
2014-05-19,21466330.828336768,0.0008105769439881172
2014-05-20,21334547.281657994,-0.006139081137462643
2014-05-21,21417516.848486707,0.003888977147410211
2014-05-22,21442342.131644692,0.0011591111767814688
2014-05-23,21504760.619324576,0.002910992059387274
2014-05-27,21468399.734838635,-0.0016908295390773986
2014-05-28,21400542.93731848,-0.0031607757615038645
2014-05-29,21472305.410470717,0.0033533015196121063
2014-05-30,21460304.155542158,-0.0005589178571717701
2014-06-02,21510049.938512016,0.0023180371820130663
2014-06-03,21402384.35866881,-0.005005361686791665
2014-06-04,21508262.091526862,0.004947006421514244
2014-06-05,21606354.836449828,0.004560700651012217
2014-06-06,21763361.128758095,0.007266671935027169
2014-06-09,21794188.38429269,0.0014164749347405081
2014-06-10,21831114.36636845,0.001694304069720376
2014-06-11,21858494.153064348,0.0012541634951113156
2014-06-12,21685436.510718092,-0.00791718043953149
2014-06-13,21923399.98072836,0.010973423103226798
2014-06-16,21938890.560630117,0.0007065774430685678
2014-06-17,22021637.268287357,0.003771690616194201
2014-06-18,22146022.14743071,0.0056483029680303165
2014-06-19,22235061.813515835,0.004020571527128869
2014-06-20,22358797.006176934,0.005564868391140898
2014-06-23,22349772.31114296,-0.0004036306171338877
2014-06-24,21966875.457470883,-0.017132024807303026
2014-06-25,22022630.27313532,0.002538131368404306
2014-06-26,22080747.998327926,0.002639000177172335
2014-06-27,22117987.336511884,0.001686507095990608
2014-06-30,22230577.445959993,0.0050904319518372265
2014-07-01,22336975.64550263,0.004786119469963435
2014-07-02,22363282.535416577,0.0011777283698315433
2014-07-03,22449483.811202813,0.003854589577792167
2014-07-07,22219823.281702843,-0.010230102902649585
2014-07-08,22085128.66110314,-0.006061912324506147
2014-07-09,22243823.368054688,0.007185591235927102
2014-07-10,22150692.914077666,-0.004186800642859367
2014-07-11,22185071.903909694,0.0015520503112649298
2014-07-14,22353384.320837937,0.007586742006393088
2014-07-15,22213758.40858346,-0.006246298558215124
2014-07-16,22312488.338369086,0.0044445396393379966
2014-07-17,22124307.208851717,-0.008433892565616219
2014-07-18,22274597.89925398,0.006793012273041077
2014-07-21,22304138.271209836,0.0013261910311228586
2014-07-22,22501965.758279867,0.008869541816165505
2014-07-23,22549862.710303787,0.002128567456658459
2014-07-24,22517849.53911674,-0.0014196614674917285
2014-07-25,22431606.47081167,-0.0038299868801972003
2014-07-28,22463591.018791776,0.0014258696996012343
2014-07-29,22231510.51461353,-0.010331407119373748
2014-07-30,22196496.601603474,-0.001574967791191706
2014-07-31,21672814.27695891,-0.023593017134367678
2014-08-01,21797120.405294217,0.005735578533862196
2014-08-04,21995363.73237297,0.009094931963150588
2014-08-05,21768468.138042144,-0.010315610011798926
2014-08-06,21742779.25654408,-0.0011800959688648138
2014-08-07,21625298.221512597,-0.005403220703541045
2014-08-08,21662365.856112104,0.0017140866322311599
2014-08-11,21745614.971275914,0.0038430296910676454
2014-08-12,21644047.246545527,-0.004670722114069825
2014-08-13,21770031.414870985,0.00582073060968602
2014-08-14,21840089.145371538,0.0032180812772137912
2014-08-15,21884215.919940904,0.0020204484640904408
2014-08-18,22196755.90645987,0.014281525445660748
2014-08-19,22312371.4203562,0.005208667175669479
2014-08-20,22313021.051825605,2.9115303665783188e-05
2014-08-21,22336876.560359906,0.001069129477307973
2014-08-22,22356715.44345446,0.0008881672887854908
2014-08-25,22831403.549951617,0.021232461794209456
2014-08-26,22811649.892988265,-0.0008651967856524445
2014-08-27,22837330.543487985,0.0011257690969390666
2014-08-28,22851050.201801937,0.0006007557795699725
2014-08-29,22956660.12403414,0.004621666019703374
2014-09-02,23055575.45127845,0.004308785629524303
2014-09-03,23122983.970832773,0.0029237404937807465
2014-09-04,23076797.81697669,-0.001997413219433253
2014-09-05,23144134.195263714,0.0029179255640696677
2014-09-08,23096403.719923977,-0.0020623141456509453
2014-09-09,22975326.796332248,-0.005242241392207858
2014-09-10,23091431.539282642,0.005053453384129103
2014-09-11,23010799.262330066,-0.003491869995820962
2014-09-12,22824575.45512622,-0.008092887390865444
2014-09-15,22695311.21936851,-0.0056633796327053565
2014-09-16,22788989.679448072,0.00412765699373252
2014-09-17,22789315.880881306,1.4313992757974958e-05
2014-09-18,22883589.753558125,0.004136757468700791
2014-09-19,22943675.362965412,0.0026257073323885383
2014-09-22,22739080.74079933,-0.008917255798359558
2014-09-23,22604137.493711445,-0.005934419628747967
2014-09-24,22740366.866948556,0.006026745027321256
2014-09-25,22477531.266714446,-0.011558107297561793
2014-09-26,22539380.060628735,0.0027515830444366784
2014-09-29,22626747.526697583,0.0038762142451940207
2014-09-30,22427516.544417925,-0.008805109176410975
2014-10-01,22214070.41330211,-0.009517154103669268
2014-10-02,22302162.801962554,0.003965612200801161
2014-10-03,22456665.62616989,0.006927705872263656
2014-10-06,22312346.094484683,-0.006426578820188933
2014-10-07,22187889.566765193,-0.0055779220702503185
2014-10-08,22441069.53193283,0.01141072765869855
2014-10-09,22210526.867790103,-0.010273247619266734
2014-10-10,22148839.372626893,-0.0027773990023023387
2014-10-13,21991581.254694626,-0.007100061329923135
2014-10-14,22083479.432533998,0.004178788999984029
2014-10-15,21937353.80771679,-0.006616965649078432
2014-10-16,21854421.982100137,-0.003780393311953678
2014-10-17,21882238.86805277,0.0012728264318964122
2014-10-20,22049608.666490316,0.007648659693679782
2014-10-21,22210888.01555428,0.007314386005819129
2014-10-22,22163372.99189452,-0.002139267175021664
2014-10-23,22252374.849551246,0.004015718080874864
2014-10-24,22410419.465313986,0.007102370728125917
2014-10-27,22426772.053930156,0.0007296868602340023
2014-10-28,22560938.095843446,0.005982405385432044
2014-10-29,22326239.44597465,-0.010402876372948122
2014-10-30,22532626.547298882,0.009244149773796284
2014-10-31,22565182.317425612,0.001444828016760047
2014-11-03,22602803.658319913,0.0016672296445505719
2014-11-04,22636042.826982252,0.001470577241868165
2014-11-05,22686125.68054952,0.0022125268957156052
2014-11-06,22717708.208581727,0.0013921516823511837
2014-11-07,22502875.448847033,-0.009456621141631705
2014-11-10,22772146.226791233,0.01196606089547525
2014-11-11,22722359.17256045,-0.0021863136541873107
2014-11-12,22809828.564170025,0.0038494854757513686
2014-11-13,22741260.395282652,-0.0030060799753260925
2014-11-14,22556259.76881296,-0.008135020805973836
2014-11-17,22548664.14507241,-0.0003367412779599066
2014-11-18,22634193.836647213,0.0037931156819102085
2014-11-19,22852506.42533242,0.009645255769248351
2014-11-20,22819887.39964273,-0.001427371907596675
2014-11-21,22958507.87963737,0.006074547063576352
2014-11-24,23076798.794451114,0.005152378169953176
2014-11-25,23114412.036688104,0.0016299159416355291
2014-11-26,23269804.356111802,0.0067227459291221425
2014-11-28,23446797.85813349,0.007606144826705519
2014-12-01,23227629.18257098,-0.009347488594758535
2014-12-02,23329954.484278817,0.004405326988111913
2014-12-03,23516410.39083525,0.007992124745981766
2014-12-04,23727586.48483534,0.008979945939469935
2014-12-05,23749525.219032865,0.0009246087549421578
2014-12-08,23693367.230954636,-0.0023645941365271206
2014-12-09,23825132.0314283,0.005561252615099654
2014-12-10,23678422.63037493,-0.0061577581547015425
2014-12-11,23935584.91017012,0.010860617018690233
2014-12-12,23815223.244192194,-0.005028565895909387
2014-12-15,23565913.56841013,-0.010468500472397002
2014-12-16,23354996.18362941,-0.008950104317765661
2014-12-17,23709078.83470502,0.015160895265904806
2014-12-18,23977241.102316085,0.011310530851098788
2014-12-19,23907893.563017115,-0.0028922234632020594
2014-12-22,24038693.467679568,0.005470992428407984
2014-12-23,23850203.090018753,-0.007841124057521798
2014-12-24,23937445.654366635,0.003657938006590422
2014-12-26,24110089.521182485,0.0072122927946722815
2014-12-29,24208096.49248152,0.004064977494709243
2014-12-30,24041139.268225398,-0.006896751436362369
2014-12-31,23881841.95682146,-0.006626030057339083
2015-01-02,23839781.359039117,-0.0017611957175828197
2015-01-05,23699818.763848595,-0.005870968071502558
2015-01-06,23641851.959369145,-0.0024458754329325094
2015-01-07,24088612.73558316,0.01889702959741979
2015-01-08,24414622.573438346,0.013533773880370026
2015-01-09,24415931.584043283,5.3615844398224866e-05
2015-01-12,24597922.707151506,0.007453785757949971
2015-01-13,24529816.88748453,-0.0027687630568565824
2015-01-14,24605501.739199255,0.003085422612891131
2015-01-15,24285934.612272114,-0.01298762895852823
2015-01-16,24492873.315718926,0.00852092813188432
2015-01-20,24628318.835146513,0.005529997141685339
2015-01-21,24384208.450413864,-0.00991177621041206
2015-01-22,24569529.369619623,0.007600038343775539
2015-01-23,24586735.962285466,0.0007003224362580607
2015-01-26,24801048.684447296,0.008716599165117911
2015-01-27,24735277.460109144,-0.0026519533578995835
2015-01-28,24354477.703826558,-0.0153950064597701
2015-01-29,24528822.088799138,0.007158617281502577
2015-01-30,24135556.015949104,-0.016032815250008103
2015-02-02,24108092.66573111,-0.001137879326245761
2015-02-03,23976315.54027347,-0.005466095028121343
2015-02-04,23770852.995881483,-0.008569396079513014
2015-02-05,24029794.53097032,0.010893236987907118
2015-02-06,23818154.896622267,-0.00880738426936134
2015-02-09,23619253.6248316,-0.008350826193462835
2015-02-10,23966281.973362733,0.014692604349118454
2015-02-11,23929407.153148547,-0.0015386124662628564
2015-02-12,24045574.588087987,0.0048545889246636165
2015-02-13,23997785.015139744,-0.0019874581400902702
2015-02-17,23860427.266621,-0.00572376777407102
2015-02-18,24093588.221087888,0.00977186836855437
2015-02-19,24023818.322454683,-0.0028957869617833865
2015-02-20,24200066.175957706,0.0073363797185515
2015-02-23,24227026.203295004,0.0011140476700051138
2015-02-24,24289908.60122753,0.0025955475263395034
2015-02-25,24298524.007588897,0.0003546907690270551
2015-02-26,24178082.068115234,-0.004956759490249096
2015-02-27,24264065.04698317,0.0035562365379397942
2015-03-02,24324591.060363602,0.0024944712793686374
2015-03-03,24292146.3885329,-0.0013338218821515868
2015-03-04,24241094.474565584,-0.0021015810274968016
2015-03-05,24277924.344190124,0.0015193154609081105
2015-03-06,24013300.989248496,-0.010899752021220621
2015-03-09,24089988.167610336,0.003193529219334579
2015-03-10,23941031.752445027,-0.006183332848854861
2015-03-11,23923589.97011853,-0.0007285309383007199
2015-03-12,23815490.08318605,-0.004518547887984337
2015-03-13,23832637.784816436,0.0007200230425865595
2015-03-16,23904800.108127944,0.003027878154447494
2015-03-17,23977866.87914644,0.0030565731856362355
2015-03-18,24124726.55332332,0.006124801464495677
2015-03-19,24162820.078022934,0.0015790241027360263
2015-03-20,24170501.888679884,0.00031791863003349796
2015-03-23,24082782.779890884,-0.003629180279044353
2015-03-24,24040577.443386134,-0.0017525107829312603
2015-03-25,23628207.356535275,-0.017153085770171828
2015-03-26,23636122.43787632,0.00033498442017254604
2015-03-27,23802603.701237757,0.00704350994115055
2015-03-30,24012866.53318002,0.008833606381108972
2015-03-31,23833479.699129857,-0.007470446470948966
2015-04-01,23829161.009586815,-0.00018120264424503763
2015-04-02,23775916.248398535,-0.002234437090204655
2015-04-06,23832196.513236895,0.0023671123438682162
2015-04-07,23856093.95529501,0.0010027377058947629
2015-04-08,24015854.302094072,0.0066968359153196655
2015-04-09,24025385.671317536,0.00039687820818579134
2015-04-10,24090829.71842728,0.0027239540711254673
2015-04-13,23979600.947919827,-0.004617058515937078
2015-04-14,23877881.996329714,-0.004241895092876313
2015-04-15,23912080.872170497,0.0014322407592950448
2015-04-16,23851835.06982698,-0.002519471336082435
2015-04-17,23609953.6529786,-0.010140998214194674
2015-04-20,23661760.20179946,0.0021942672816015474
2015-04-21,23763410.682342544,0.0042959813503373745
2015-04-22,23826887.65713963,0.0026712064040643746
2015-04-23,23951875.43957757,0.005245661298129534
2015-04-24,23922561.997828614,-0.0012238474529020493
2015-04-27,23783124.59648473,-0.005828698504639296
2015-04-28,23728729.864005182,-0.0022871146412606347
2015-04-29,23525010.28844062,-0.008585355252140658
2015-04-30,23370535.05664145,-0.006566425685053723
2015-05-01,23499296.640752103,0.005509569370088618
2015-05-04,23452194.312173504,-0.0020044144000852526
2015-05-05,23396857.561819408,-0.0023595553412830705
2015-05-06,23401170.972442538,0.00018435854523346507
2015-05-07,23454781.96090007,0.0022909532399324473
2015-05-08,23531966.196220923,0.003290767547936335
2015-05-11,23534280.542100742,9.834902279393098e-05
2015-05-12,23500528.076155856,-0.0014341830371447095
2015-05-13,23466138.711295567,-0.0014633443448098804
2015-05-14,23647335.640604634,0.0077216337778591715
2015-05-15,23752448.749672037,0.004445029692347724
2015-05-18,23812302.317015056,0.0025198903899896763
2015-05-19,23810590.0633902,-7.190626097641761e-05
2015-05-20,23858084.162798896,0.001994662848852302
2015-05-21,23848882.439950265,-0.00038568574013919665
2015-05-22,23836616.873993184,-0.000514303594223553
2015-05-26,23676617.509360794,-0.0067123352897850985
2015-05-27,23840463.365776487,0.006920154720196692
2015-05-28,23788686.639941894,-0.002171800314456962
2015-05-29,23712375.753140733,-0.003207864644071301
2015-06-01,23776418.587806385,0.0027008189871977617
2015-06-02,23752254.490186837,-0.0010163051903847586
2015-06-03,23804552.82804636,0.002201826267949736
2015-06-04,23752848.71488629,-0.0021720262310137572
2015-06-05,23944307.064901315,0.008060437394822317
2015-06-08,23965051.483959995,0.0008663612190760173
2015-06-09,24051386.162340283,0.0036025242189892115
2015-06-10,24183210.425192516,0.005480942427287028
2015-06-11,24173836.001008715,-0.0003876418398954806
2015-06-12,24270509.92291412,0.003999113831225198
2015-06-15,24195336.288030103,-0.003097324082715125
2015-06-16,24301733.0727669,0.004397408801027236
2015-06-17,24353107.86155817,0.002114038066233226
2015-06-18,24463889.722447377,0.004548982475623964
2015-06-19,24364837.49034536,-0.004048915901183503
2015-06-22,24196310.805160984,-0.006916799065503909
2015-06-23,24208872.73114916,0.0005191669957180789
2015-06-24,24024674.74744245,-0.007608697263698061
2015-06-25,23938482.244131632,-0.0035876657734978945
2015-06-26,24028811.595014017,0.0037733950699623264
2015-06-29,23714960.809977725,-0.013061436009653371
2015-06-30,23895558.28543299,0.0076153394012474784
2015-07-01,24034963.368728433,0.005833932885360715
2015-07-02,23985666.987821743,-0.002051027919219961
2015-07-06,23821780.84145527,-0.006832669962844151
2015-07-07,23842169.910146404,0.0008559002715553543
2015-07-08,23500924.4459683,-0.014312684854782542
2015-07-09,23752089.186467987,0.010687440873959897
2015-07-10,23950385.59267852,0.008348587976989785
2015-07-13,24142117.275835007,0.008005369367209525
2015-07-14,24331586.53056843,0.007848079460829549
2015-07-15,24251793.84671537,-0.003279386806643858
2015-07-16,24541524.40816629,0.011946768279582853
2015-07-17,24620472.096431814,0.003216902379513664
2015-07-20,24616913.005211722,-0.00014455820368319827
2015-07-21,24408973.00927742,-0.008447037851183059
2015-07-22,24525352.650407825,0.004767904044392646
2015-07-23,24338532.457885846,-0.007617431446755196
2015-07-24,24175195.88094286,-0.0067110281700680785
2015-07-27,23843983.78434968,-0.013700492778810136
2015-07-28,24079386.82294293,0.009872638763819275
2015-07-29,23943239.01192055,-0.005654122840564213
2015-07-30,23861910.17102236,-0.0033967351224994946
2015-07-31,24022658.378843173,0.006736602672154257
2015-08-03,23883390.94688762,-0.005797336404625653
2015-08-04,24034976.33044992,0.006346895375928696
2015-08-05,24285178.636941843,0.010409925229464045
2015-08-06,23969570.352412883,-0.01299592188499965
2015-08-07,23834142.023208324,-0.005650010709971953
2015-08-10,23917816.70708494,0.0035107067749757803
2015-08-11,23970928.65632593,0.002220601900726926
2015-08-12,23848508.491429973,-0.005107026375619772
2015-08-13,23989030.444681484,0.005892274282142562
2015-08-14,23933160.218667407,-0.0023289905835466307
2015-08-17,24048638.029915787,0.00482501308616623
2015-08-18,23803826.587186575,-0.010179846460521946
2015-08-19,23782258.9467978,-0.0009060577008398463
2015-08-20,23268326.97354233,-0.021609888884195683
2015-08-21,22793405.702157084,-0.02041063252743791
2015-08-24,22156517.296695985,-0.02794178341680753
2015-08-25,22198997.354789965,0.0019172714522384116
2015-08-26,22199092.853462607,4.3019363042962055e-06
2015-08-27,22206820.511438195,0.00034810692610731664
2015-08-28,22200214.08262941,-0.0002974954836683086
2015-08-31,22199761.791074518,-2.037329699644541e-05
2015-09-01,22200884.50147389,5.0573083168137245e-05
2015-09-02,22204788.920897588,0.00017586774182087872
2015-09-03,22207012.89079261,0.00010015721846956538
2015-09-04,22206195.34762413,-3.6814639253757164e-05
2015-09-08,22208972.28983461,0.00012505258856854162
2015-09-09,22203689.601056956,-0.00023786281997717484
2015-09-10,22207038.24742464,0.0001508148613069693
2015-09-11,22207871.49683599,3.7521861405709345e-05
2015-09-14,22205874.686959133,-8.991450968831582e-05
2015-09-15,22190702.30077611,-0.0006832600110066034
2015-09-16,22188403.535642076,-0.00010359136465687424
2015-09-17,22216942.548425775,0.001286212986790769
2015-09-18,22223613.183398392,0.00030024990873855906
2015-09-21,22213489.674751945,-0.0004555293760246659
2015-09-22,22221358.480325367,0.0003542354528098812
2015-09-23,22215740.30240941,-0.00025282783322766456
2015-09-24,22215698.84257178,-1.8662370493416347e-06
2015-09-25,22203195.12231147,-0.0005628326324063071
2015-09-28,22206254.833638936,0.0001378050010645282
2015-09-29,22209103.959421806,0.00012830284999498787
2015-09-30,22223781.2184075,0.0006608667784395728
2015-10-01,22225210.804163434,6.432684617818651e-05
2015-10-02,22243464.288216244,0.0008212963293645625
2015-10-05,22235145.6374237,-0.00037398179909187146
2015-10-06,22229018.39376124,-0.00027556570855780116
2015-10-07,22228885.27483542,-5.988520206501313e-06
2015-10-08,22226651.118706968,-0.00010050689005891567
2015-10-09,22228105.68291008,6.544234645811109e-05
2015-10-12,22225386.672067977,-0.0001223231021523219
2015-10-13,22229384.379229907,0.00017987120858298233
2015-10-14,22249092.427484218,0.0008865764304621937
2015-10-15,22241082.763502397,-0.00035999958236165863
2015-10-16,22234351.795838784,-0.0003026366897325161
2015-10-19,22239480.83071389,0.00023068065676934424
2015-10-20,22230824.69377344,-0.00038922387650774937
2015-10-21,22235630.49215861,0.00021617724269651362
2015-10-22,22247062.638561446,0.0005141363725604808
2015-10-23,22230398.601960044,-0.0007490443512536693
2015-10-26,22226922.491473056,-0.0001563674385344216
2015-10-27,22180693.516647913,-0.002079863950705696
2015-10-28,22293763.54058238,0.005097677574851467
2015-10-29,22256774.82455743,-0.0016591508184617965
2015-10-30,22169598.111775983,-0.0039168618754797935
2015-11-02,22285027.489270832,0.005206651781095584
2015-11-03,22342732.12642278,0.00258939044072215
2015-11-04,22327036.54491359,-0.0007024915941515886
2015-11-05,22352004.865689177,0.0011182998122192256
2015-11-06,22386820.70228217,0.0015576158291930042
2015-11-09,22097714.36731371,-0.012914130988639694
2015-11-10,22189471.60679357,0.004152340733283522
2015-11-11,22179481.676675837,-0.0004502103652921363
2015-11-12,22012345.996195737,-0.007535599024203643
2015-11-13,21862146.7533983,-0.006823409137008629
2015-11-16,21931032.972281456,0.0031509357091132895
2015-11-17,21954864.223640963,0.001086645184001478
2015-11-18,22100759.834005736,0.006645252226505249
2015-11-19,22156960.924917135,0.0025429483571386413
2015-11-20,22265812.583701648,0.004912752211522875
2015-11-23,22282330.842142742,0.0007418664097256222
2015-11-24,22282403.642671548,3.267186423183688e-06
2015-11-25,22281305.632041015,-4.9277028104421916e-05
2015-11-27,22340420.831049006,0.0026531299370078365
2015-11-30,22186594.823786788,-0.006885546535830178
2015-12-01,22328353.854123224,0.006389400061718842
2015-12-02,22369596.307878003,0.0018470888639721128
2015-12-03,22250753.953832053,-0.005312673166305459
2015-12-04,22515789.131487142,0.011911289756967758
2015-12-07,22506213.524863653,-0.0004252840781004963
2015-12-08,22480544.608504444,-0.0011405257632898236
2015-12-09,22308222.026322972,-0.007665409587821248
2015-12-10,22349025.34412338,0.00182907081309569
2015-12-11,22153015.318206955,-0.008770405997502007
2015-12-14,22206905.284149464,0.0024326244156125387
2015-12-15,22233473.91812162,0.0011964131711372783
2015-12-16,22351029.50866535,0.0052873244629536575
2015-12-17,22162539.71979305,-0.008433159143708457
2015-12-18,22048372.644808576,-0.005151353429161176
2015-12-21,22213998.37785971,0.007511925515742535
2015-12-22,22210546.25030579,-0.0001554032504730296
2015-12-23,22318000.438970543,0.004837980455490776
2015-12-24,22322573.94573033,0.00020492457522314211
2015-12-28,22338389.09495784,0.0007084823312024646
2015-12-29,22411900.40406647,0.003290806190014095
2015-12-30,22334485.218166556,-0.003454199978769612
2015-12-31,22246213.230041366,-0.0039522732341013
2016-01-04,22010217.478951227,-0.010608356067155267
2016-01-05,22145844.76615972,0.00616201486142498
2016-01-06,21975460.788345132,-0.007693722213520937
2016-01-07,21738144.395567738,-0.010799154341430528
2016-01-08,21721198.315894578,-0.0007795550238692828
2016-01-11,21722854.77688206,7.62601106711891e-05
2016-01-12,21746054.22197713,0.0010679740454628828
2016-01-13,21656257.692914926,-0.004129325170699416
2016-01-14,21657531.86735048,5.883631667225053e-05
2016-01-15,21626973.362132832,-0.0014109874294455649
2016-01-19,21640121.623080906,0.0006079565886503158
2016-01-20,21649328.33244383,0.0004254462855284302
2016-01-21,21647793.88088334,-7.087755966039833e-05
2016-01-22,21643190.526201878,-0.000212647750934436
2016-01-25,21643190.526201878,0.0
2016-01-26,21649328.332443826,0.0002835906394909049
2016-01-27,21652397.2355648,0.0001417551193205746
2016-01-28,21652397.2355648,0.0
2016-01-29,21667741.751169674,0.0007086751382736622
2016-02-01,21660859.275574673,-0.00031763695885056453
2016-02-02,21677747.226885628,0.0007796528796988333
2016-02-03,21680817.76349445,0.00014164463570343067
2016-02-04,21683888.30008449,0.00014162457447564059
2016-02-05,21680817.76349445,-0.00014160451979583488
2016-02-08,21696170.446500994,0.000708122874977235
2016-02-09,21691564.64158776,-0.0002122865380593808
2016-02-10,21691564.64158776,0.0
2016-02-11,21703846.788004264,0.0005662176343403935
2016-02-12,21688494.10499772,-0.0007073715160498262
2016-02-16,21680817.76349445,-0.0003539361223562354
2016-02-17,21683888.30008449,0.00014162457447564059
2016-02-18,21694635.178196583,0.0004956158214508566
2016-02-19,21682353.03178008,-0.000566137495082053
2016-02-22,21683888.30008449,7.08072736459453e-05
2016-02-23,21685423.5683889,7.080226033107095e-05
2016-02-24,21688494.104997724,0.00014159449545170233
2016-02-25,21691564.641587764,0.0001415744484229986
2016-02-26,21674676.69027681,-0.0007785492466770849
2016-02-29,21682353.03178008,0.000354161753504334
2016-03-01,21664970.57055678,-0.0008016870308228397
2016-03-02,21663434.45534076,-7.090317575153549e-05
2016-03-03,21668042.80098881,0.0002127246101049085
2016-03-04,21658826.109711498,-0.000425358735071768
2016-03-07,21649609.41841541,-0.0004255397429853147
2016-03-08,21658826.109711498,0.0004257209041493848
2016-03-09,21654217.764063455,-0.00021276987149254634
2016-03-10,21652681.64884744,-7.093838404848007e-05
2016-03-11,21640392.727119315,-0.0005675473332781289
2016-03-14,21652992.52145198,0.0005822350126241105
2016-03-15,21593297.655698873,-0.002756887561567556
2016-03-16,21689319.058852725,0.0044468151500014486
2016-03-17,21733316.70432638,0.0020285397321266885
2016-03-18,21666700.251300592,-0.0030651765642620843
2016-03-21,21621894.09444216,-0.0020679732649064864
2016-03-22,21585999.970645443,-0.0016600823054601088
2016-03-23,21526061.733219117,-0.002776718127852962
2016-03-24,21531475.7792494,0.00025151121916211494
2016-03-28,21572920.06098981,0.00192482308994113
2016-03-29,21744024.86538558,0.00793146240342213
2016-03-30,21750902.8696826,0.00031631698085332616
2016-03-31,21738874.70054285,-0.000552996315224985
2016-04-01,21836428.08825237,0.004487508624679837
2016-04-04,21769123.74340492,-0.003082204863150473
2016-04-05,21688042.368307743,-0.003724604446779467
2016-04-06,21708921.92895032,0.0009627222359676058
2016-04-07,21629271.20814585,-0.0036690316112958365
2016-04-08,21635650.956813216,0.00029495902131748686
2016-04-11,21628400.412168786,-0.00033512024477111435
2016-04-12,21702553.343280762,0.0034284981643974977
2016-04-13,21753554.90679654,0.0023500259489774855
2016-04-14,21686463.73296783,-0.0030841475848965016
2016-04-15,21711058.59257113,0.0011341111167841866
2016-04-18,21752002.809480887,0.001885869209701685
2016-04-19,21660850.139634755,-0.004190541470802001
2016-04-20,21533679.395077735,-0.00587099507808897
2016-04-21,21291945.787833393,-0.011225838502062935
2016-04-22,21288429.15427134,-0.00016516262050880748
2016-04-25,21372020.53717661,0.003926611132249569
2016-04-26,21511631.574129548,0.006532421055374105
2016-04-27,21610479.82338549,0.004595107019907285
2016-04-28,21486957.737060286,-0.005715841912567576
2016-04-29,21543696.246177394,0.0026406022579570365
2016-05-02,21582002.602732588,0.0017780772675901613
2016-05-03,21419646.217861023,-0.007522767365944483
2016-05-04,21337554.716891408,-0.003832532999595517
2016-05-05,21308256.381200034,-0.0013730877825555154
2016-05-06,21406641.749507044,0.004617241624416124
2016-05-09,21438681.02630384,0.0014966979487818222
2016-05-10,21568446.895154193,0.006052884908877454
2016-05-11,21441223.846465275,-0.005898572544762226
2016-05-12,21541132.865711417,0.004659669614083706
2016-05-13,21453880.86125487,-0.004050483556295781
2016-05-16,21505412.892856766,0.0024019911332200383
2016-05-17,21314243.592373703,-0.008889357364840977
2016-05-18,21226939.769352086,-0.00409603196300401
2016-05-19,21260506.71681707,0.0015813371041570878
2016-05-20,21345923.092813317,0.004017607723746375
2016-05-23,21351210.56311827,0.0002477039892800903
2016-05-24,21503172.76180392,0.007117263830845655
2016-05-25,21501582.486439116,-7.395538241827815e-05
2016-05-26,21549078.103273354,0.0022089358708454743
2016-05-27,21721766.33735163,0.008013717953532451
2016-05-31,21732889.28775207,0.0005120647293452851
2016-06-01,21769905.505796812,0.0017032350165058219
2016-06-02,21820080.35474034,0.0023047802816675844
2016-06-03,21795732.02130031,-0.0011158681839933404
2016-06-06,21774569.747644614,-0.000970936586805693
2016-06-07,21831056.85117263,0.0025941777120130904
2016-06-08,21749048.310204454,-0.0037565080576377197
2016-06-09,21843776.4032783,0.004355505202928711
2016-06-10,21734136.437380057,-0.005019277064280292
2016-06-13,21692761.30640406,-0.0019036933487192043
2016-06-14,21681355.905969735,-0.0005257698765606111
2016-06-15,21665700.818527468,-0.0007220529707718804
2016-06-16,21695898.29904204,0.0013937920018145533
2016-06-17,21643324.846784014,-0.0024231977645445824
2016-06-20,21754506.668562893,0.005137002866516527
2016-06-21,21794694.482825845,0.001847332825111847
2016-06-22,21746864.429580797,-0.0021945732381217775
2016-06-23,21901156.198239144,0.007094897250956134
2016-06-24,21603719.856263507,-0.013580851133309202
2016-06-27,21514324.505221814,-0.004137961038028104
2016-06-28,21652570.653963637,0.006425772220190806
2016-06-29,21784166.532356367,0.006077609928899719
2016-06-30,21959638.95325973,0.008055044045074178
2016-07-01,21948280.340850428,-0.000517249506400197
2016-07-05,22021175.177742656,0.0033212094870391784
2016-07-06,22019391.01226177,-8.102044811342246e-05
2016-07-07,21901969.76069498,-0.005332629385681131
2016-07-08,22063385.40107151,0.0073699143109129395
2016-07-11,22153921.951220505,0.004103474988230715
2016-07-12,22080642.06842,-0.0033077611703180576
2016-07-13,22102843.893706307,0.0010054882107826124
2016-07-14,22072126.81075642,-0.0013897344204939488
2016-07-15,22066062.015447523,-0.00027477167745970643
2016-07-18,22100981.05422749,0.0015824771432040308
2016-07-19,22138912.91810911,0.0017162977421025793
2016-07-20,22126941.943654563,-0.0005407209694002768
2016-07-21,22112566.344205324,-0.0006496875838444272
2016-07-22,22227420.02405137,0.0051940456868835305
2016-07-25,22224068.68439382,-0.00015077501814975136
2016-07-26,22188475.39122537,-0.0016015651172569534
2016-07-27,22118833.078809768,-0.003138670466883209
2016-07-28,22250758.428223882,0.005964390116967921
2016-07-29,22312823.957372345,0.00278936690399445
2016-08-01,22397985.052171517,0.0038166883296291143
2016-08-02,22219610.68114291,-0.007963857936913454
2016-08-03,22258595.66352311,0.0017545303983783622
2016-08-04,22219183.56344543,-0.001770646301027412
2016-08-05,22307298.32022753,0.0039657063244693536
2016-08-08,22292081.565199625,-0.0006821424454662717
2016-08-09,22323387.584455617,0.0014043560339769279
2016-08-10,22357375.133179527,0.0015225085617192047
2016-08-11,22315561.085534852,-0.0018702574607079026
2016-08-12,22438904.039584763,0.00552721724437677
2016-08-15,22455224.538528573,0.0007273304843684603
2016-08-16,22367294.834389508,-0.003915779331807423
2016-08-17,22354895.158636127,-0.0005543663570042323
2016-08-18,22438374.39793176,0.0037342711161578723
2016-08-19,22470861.326014012,0.001447828951693042
2016-08-22,22393128.271919694,-0.003459282355337545
2016-08-23,22459019.78507228,0.002942488086187245
2016-08-24,22366951.70930909,-0.004099380856522616
2016-08-25,22372036.574404,0.00022733831417864891
2016-08-26,22262643.281616304,-0.004889733325076695
2016-08-29,22305653.895729054,0.001931963494571587
2016-08-30,22289624.558065277,-0.0007186221815647098
2016-08-31,22292858.167944107,0.0001450724246345736
2016-09-01,22310901.746129256,0.0008093882825259691
2016-09-02,22457378.633801445,0.006565260756329572
2016-09-06,22603634.087184723,0.006512579039974931
2016-09-07,22639664.539344735,0.0015940114771384462
2016-09-08,22560538.970124207,-0.0034949974229087077
2016-09-09,22183068.729622923,-0.016731437178923336
2016-09-12,22284186.655252714,0.004558338021770636
2016-09-13,22072659.786709085,-0.00949224092474421
2016-09-14,22131802.991469424,0.0026794779302470317
2016-09-15,22292892.091836356,0.007278625262886251
2016-09-16,22253051.994121652,-0.0017871210944986338
2016-09-19,22227122.432339784,-0.0011652137328721501
2016-09-20,22151740.480866816,-0.00339143997170277
2016-09-21,22257718.043593813,0.0047841641526331635
2016-09-22,22307455.73112734,0.002234626543301088
2016-09-23,22216333.207437936,-0.0040848461065083885
2016-09-26,22087302.74423312,-0.005807909973263192
2016-09-27,22208016.788016085,0.005465313948960215
2016-09-28,22270873.38021371,0.0028303559384710297
2016-09-29,22165242.48860348,-0.0047430062488738045
2016-09-30,22217836.99810218,0.002372837090582003
2016-10-03,22209854.094172228,-0.0003593015796558019
2016-10-04,22156772.711560197,-0.0023899924054863186
2016-10-05,22184453.582173567,0.001249318706010305
2016-10-06,22206096.879634704,0.000975606515660532
2016-10-07,22108091.983694576,-0.004413422875318984
2016-10-10,22339419.159266986,0.010463461783270178
2016-10-11,22079600.35544071,-0.011630508473560619
2016-10-12,22128261.45986159,0.002203894257030381
2016-10-13,22000402.780242868,-0.005778071623504966
2016-10-14,22009402.860605888,0.00040908707231035457
2016-10-17,21995535.16613466,-0.0006300804505718904
2016-10-18,22112164.88888585,0.0053024271457944305
2016-10-19,22157065.45760086,0.002030582213032428
2016-10-20,22135621.92645545,-0.0009677965336359895
2016-10-21,22100309.81797991,-0.0015952616372317818
2016-10-24,22220716.781914793,0.005448202533202773
2016-10-25,22220700.396904726,-7.37375406401064e-07
2016-10-26,22177641.38050677,-0.001937788441806032
2016-10-27,22197704.206135068,0.0009046419898346425
2016-10-28,22199927.19379199,0.00010014493554288961
2016-10-31,22095533.964454517,-0.004702413139745065
2016-11-01,21972540.231637213,-0.005566452162467095
2016-11-02,21776285.17775959,-0.00893183272433129
2016-11-03,21777871.722607374,7.28565425567318e-05
2016-11-04,21652953.757845234,-0.005736004250243787
2016-11-07,21872806.709885415,0.01015348550128059
2016-11-08,21955516.24194069,0.0037813863192002195
2016-11-09,21968822.71001718,0.000606064914614457
2016-11-10,21769598.89832496,-0.009068479195354362
2016-11-11,21754671.83149421,-0.0006856840541926701
2016-11-14,21913236.832609925,0.007288779272053292
2016-11-15,22149183.7896052,0.010767325648767478
2016-11-16,22073186.973687075,-0.003431133925295704
2016-11-17,22287399.697102156,0.009704657676774975
2016-11-18,22273226.545547836,-0.0006359266557310894
2016-11-21,22341643.387837812,0.0030717077361948064
2016-11-22,22376336.862821914,0.0015528613711106587
2016-11-23,22483737.86575948,0.004799758047797864
2016-11-25,22540058.78693846,0.002504962542938527
2016-11-28,22349736.307233486,-0.008443743714424579
2016-11-29,22253453.407648165,-0.004308010540337359
2016-11-30,22365455.9679212,0.00503304175856778
2016-12-01,22318721.838257927,-0.002089567488823163
2016-12-02,22282457.088516887,-0.0016248578213325926
2016-12-05,22445674.38798099,0.007324923764723268
2016-12-06,22551097.28326585,0.00469680230865821
2016-12-07,22696704.77629591,0.006456780847560406
2016-12-08,22831473.131887767,0.00593779391855187
2016-12-09,22718558.25080672,-0.004945580183494336
2016-12-12,22452897.10795359,-0.011693574034069565
2016-12-13,22527938.35747945,0.0033421633370991355
2016-12-14,22526766.921407726,-5.199925768328839e-05
2016-12-15,22686025.477257177,0.0070697475765200135
2016-12-16,22574255.11045716,-0.004926837753579494
2016-12-19,22707756.957750916,0.005913898227893899
2016-12-20,22847168.898517344,0.006139397256444745
2016-12-21,22672341.63986056,-0.007652031612027432
2016-12-22,22653422.86197723,-0.0008344430488850252
2016-12-23,22725683.29247572,0.0031898239369281267
2016-12-27,22869495.867721476,0.006328195874021114
2016-12-28,22637977.24720572,-0.01012346847761203
2016-12-29,22578789.423188105,-0.0026145367746988057
2016-12-30,22499159.237484455,-0.003526769491984827
2017-01-03,22537546.2656697,0.0017061538957994227
2017-01-04,22695429.84939232,0.007005358163728603
2017-01-05,22564945.974012155,-0.005749345848307885
2017-01-06,22621473.120342042,0.0025050867125935294
2017-01-09,22568842.75496673,-0.002326566669435315
2017-01-10,22622390.323585887,0.0023726324473316573
2017-01-11,22773728.71555114,0.006689761329397248
2017-01-12,22627327.138608377,-0.0064285290639645165
2017-01-13,22665482.478139568,0.00168625040410042
2017-01-17,22424524.318883017,-0.010631062431119664
2017-01-18,22537693.314317055,0.005046662030585125
2017-01-19,22519518.9907121,-0.0008063967927636195
2017-01-20,22611908.367128376,0.004102635427265744
2017-01-23,22595301.19966262,-0.000734443426716691
2017-01-24,22730045.568346687,0.005963380062669055
2017-01-25,22858908.197427195,0.005669264000946805
2017-01-26,22993146.934939373,0.005872491212300712
2017-01-27,22978961.061316278,-0.0006169609433295253
2017-01-30,22827609.746886823,-0.006586516858860358
2017-01-31,22799728.565264568,-0.0012213798085477512
2017-02-01,22912745.77171447,0.00495695403243035
2017-02-02,22865134.63297529,-0.002077932484109146
2017-02-03,23010912.39444912,0.006375547916678048
2017-02-06,22995325.559157528,-0.0006773671128029735
2017-02-07,22915592.887405913,-0.0034673425930193957
2017-02-08,22980146.416386843,0.0028170132580949137
2017-02-09,23005227.08944381,0.0010914061469635694
2017-02-10,22998306.178226754,-0.00030084081283565656
2017-02-13,22957886.61801728,-0.0017575016132163057
2017-02-14,23003202.112698995,0.001973853056933983
2017-02-15,23068081.39556704,0.0028204457166520758
2017-02-16,22968467.764085673,-0.004318245187937886
2017-02-17,22895985.32910131,-0.003155736626789696
2017-02-21,23060813.492269214,0.007198998461900974
2017-02-22,22965696.79639779,-0.004124602798739496
2017-02-23,22871119.640437394,-0.004118192310856861
2017-02-24,22785653.867052622,-0.0037368425651389536
2017-02-27,22971206.761489335,0.00814340880974318
2017-02-28,22783233.797473103,-0.00818298167649445
2017-03-01,23043014.611675527,0.011402280137740473
2017-03-02,22877985.38686159,-0.007161789704821064
2017-03-03,22899279.318165686,0.0009307607704096554
2017-03-06,22806261.0565992,-0.004062060655886879
2017-03-07,22840909.169174224,0.0015192368660972289
2017-03-08,22823137.165358547,-0.0007780777763286562
2017-03-09,22828228.096221004,0.0002230600826509388
2017-03-10,22748840.318394322,-0.0034776145346043785
2017-03-13,22776857.761776388,0.001231598753603791
2017-03-14,22667677.572722893,-0.00479347020539056
2017-03-15,22718397.284436174,0.0022375345489435983
2017-03-16,22756913.798647236,0.0016953887076114338
2017-03-17,22772241.473084427,0.00067353924054947
2017-03-20,22622383.071788456,-0.00658074882409343
2017-03-21,22187791.45923006,-0.019210691074379227
2017-03-22,22118726.665382553,-0.003112738551487415
2017-03-23,22147505.772457536,0.001301119522401084
2017-03-24,22182889.921580095,0.0015976584219501433
2017-03-27,22173460.402162828,-0.000425080746945139
2017-03-28,22202368.48994554,0.0013037246897147359
2017-03-29,22202562.993570123,8.760489885295542e-06
2017-03-30,22274934.889286872,0.0032596189790208285
2017-03-31,22263915.816592876,-0.0004946848441427232
2017-04-03,22211568.813252896,-0.0023512037941216812
2017-04-04,22206249.02826648,-0.0002395051439699758
2017-04-05,22202872.41281429,-0.0001520569929613913
2017-04-06,22186016.73494114,-0.0007591665420471072
2017-04-07,22151922.116165563,-0.0015367616090309344
2017-04-10,22122106.371360525,-0.001345966487634076
2017-04-11,22074773.500501387,-0.002139618626932238
2017-04-12,22005987.474599585,-0.003116046735439415
2017-04-13,21990312.24045695,-0.0007123167801821317
2017-04-17,21999703.38968319,0.00042705847573021316
2017-04-18,22011351.039564293,0.0005294457690989685
2017-04-19,21994427.39721494,-0.000768859772347974
2017-04-20,22022462.403531622,0.001274641335751836
2017-04-21,21991864.362262905,-0.001389401453300243
2017-04-24,22113575.928680483,0.005534390555192337
2017-04-25,22127392.20786878,0.0006247872000828547
2017-04-26,22265077.70238443,0.006222400417645657
2017-04-27,22141045.73743311,-0.005570695355715638
2017-04-28,22137920.971647833,-0.00014113000001592102
2017-05-01,22163988.481181663,0.0011775048599738103
2017-05-02,22151435.37339166,-0.0005663740441238518
2017-05-03,22141544.37067935,-0.00044651746243917767
2017-05-04,22186675.41183889,0.0020382968958256864
2017-05-05,22171674.765397836,-0.0006761106007369122
2017-05-08,22175245.58011684,0.00016105299923374616
2017-05-09,22192202.030206364,0.0007646566992127735
2017-05-10,22230345.433542565,0.001718775058206612
2017-05-11,22243468.02285844,0.0005903007380207992
2017-05-12,22249205.445940483,0.0002579374347626562
2017-05-15,22279068.977676112,0.0013422291329994174
2017-05-16,22300843.166742876,0.0009773383748028497
2017-05-17,22187471.916904084,-0.005083720332505703
2017-05-18,22146362.773262866,-0.001852808819101992
2017-05-19,22284220.454898886,0.006224845273574919
2017-05-22,22217705.64800885,-0.002984838847051252
2017-05-23,22143230.536845673,-0.003352061294855213
2017-05-24,22159819.630134728,0.0007491722249584054
2017-05-25,22161482.923379067,7.505897033910358e-05
2017-05-26,22140018.721121915,-0.0009685363714767581
2017-05-30,22055472.699539676,-0.003818696932788912
2017-05-31,22032239.935951594,-0.0010533786287231228
2017-06-01,22094898.278822385,0.002843938839307336
2017-06-02,22058737.096635453,-0.001636630399045158
2017-06-05,21962682.517023675,-0.004354491337875799
2017-06-06,21984693.495252546,0.001002198989664027
2017-06-07,22087785.914707646,0.004689281634850273
2017-06-08,22085317.215372227,-0.00011176762328968248
2017-06-09,21807112.37311946,-0.012596823470533036
2017-06-12,21760287.50161363,-0.0021472293398894227
2017-06-13,21834861.661005598,0.003427076015720676
2017-06-14,21902973.737379286,0.0031194187273158036
2017-06-15,21844494.194228068,-0.0026699362311437547
2017-06-16,21894354.833503827,0.0022825266097914465
2017-06-19,21958858.268919036,0.0029461217700053055
2017-06-20,21932876.737947665,-0.0011831913414253048
2017-06-21,21873819.687615708,-0.002692626737366366
2017-06-22,21889170.56588028,0.0007017923016556793
2017-06-23,21885826.972178366,-0.00015275104608691858
2017-06-26,21991417.174357325,0.00482459275188396
2017-06-27,21994793.992874674,0.00015355165565633655
2017-06-28,22005226.77976763,0.00047432982988304673
2017-06-29,21820814.54337819,-0.008380383362328936
2017-06-30,21344772.925160594,-0.021815941713415832
2017-07-03,21347341.5930867,0.00012034177806019564
2017-07-05,21341960.786443386,-0.00025205979957043656
2017-07-06,21265922.541725405,-0.0035628518615909988
2017-07-07,21275863.24943181,0.0004674477529438281
2017-07-10,21305399.10410339,0.0013882329626444534
2017-07-11,21570375.02964944,0.012437031770740958
2017-07-12,21662272.960402388,0.004260377050775865
2017-07-13,21572986.614093445,-0.0041217441250118725
2017-07-14,21655352.759735856,0.003818022377513719
2017-07-17,21618754.042763796,-0.001690054065529245
2017-07-18,21748585.675514456,0.006005509498551165
2017-07-19,21667795.58599773,-0.003714728429797698
2017-07-20,21757927.623859234,0.0041597234708892206
2017-07-21,21781212.214014705,0.001070165806137613
2017-07-24,21829625.304750707,0.002222699556861718
2017-07-25,21913425.050837822,0.0038388082670790524
2017-07-26,21874578.53807167,-0.0017727266584767198
2017-07-27,21724780.999103066,-0.0068480194353408574
2017-07-28,21774380.665837646,0.002283091679341931
2017-07-31,21730419.652155314,-0.002018932908218307
2017-08-01,21810095.418782007,0.003666554438528369
2017-08-02,21702931.40756896,-0.004913504923080736
2017-08-03,21706488.565427385,0.00016390218407003054
2017-08-04,21711527.42556802,0.00023213612489403346
2017-08-07,21915924.436790124,0.009414216108139861
2017-08-08,21834164.95569741,-0.003730596960603849
2017-08-09,21905674.95818985,0.0032751425409460744
2017-08-10,21746868.21039963,-0.007249571085726547
2017-08-11,21946076.53803179,0.009160322567131507
2017-08-14,22106291.80294412,0.007300405821272005
2017-08-15,21943285.045704998,-0.00737377207774903
2017-08-16,22020088.80654792,0.0035001031378369962
2017-08-17,21875007.037392337,-0.00658860962960528
2017-08-18,21952282.204753563,0.003532577942906956
2017-08-21,21990131.84214368,0.001724177788764214
2017-08-22,22099190.162486807,0.004959420940538362
2017-08-23,22041622.898793325,-0.0026049490171454748
2017-08-24,22061714.484957185,0.0009115293486379183
2017-08-25,21958003.14283254,-0.0047009647502853635
2017-08-28,21943251.333295524,-0.0006718192652154231
2017-08-29,21968412.800292734,0.0011466608395918065
2017-08-30,22050201.164294723,0.0037229983224322805
2017-08-31,22045701.034903493,-0.00020408563884299902
2017-09-01,22127780.51793432,0.003723151416272774
2017-09-05,22063085.6416746,-0.0029236947739644803
2017-09-06,22075159.45902962,0.0005472406512447847
2017-09-07,22144616.811197624,0.0031464031911938584
2017-09-08,22075396.60734835,-0.0031258253163483074
2017-09-11,22232122.621566076,0.007099578639758519
2017-09-12,22209336.237302013,-0.001024930666852275
2017-09-13,22352952.398969322,0.0064664769866511485
2017-09-14,22308272.494455095,-0.0019988368299969084
2017-09-15,22414984.77007391,0.004783529322825775
2017-09-18,22495801.65842601,0.003605484865642161
2017-09-19,22588735.965664446,0.004131184504982066
2017-09-20,22588677.64414995,-2.5818848200520605e-06
2017-09-21,22602539.473071046,0.0006136627003787698
2017-09-22,22495520.072941534,-0.004734839651846068
2017-09-25,22229539.85830029,-0.01182369706407338
2017-09-26,22245362.788456514,0.0007117974666630555
2017-09-27,22345883.061716698,0.004518706852123966
2017-09-28,22254442.844304305,-0.004092038661432484
2017-09-29,22284960.289073583,0.0013712967330965498
2017-10-02,22288931.358182557,0.00017819502738447568
2017-10-03,22317508.01879606,0.0012821009744377054
2017-10-04,22448508.335180007,0.005869845158053444
2017-10-05,22483008.903717246,0.001536875770189683
2017-10-06,22427642.637976985,-0.002462582565232463
2017-10-09,22354688.960195668,-0.003252846451984426
2017-10-10,22353942.73755451,-3.3381034398982656e-05
2017-10-11,22339757.812130906,-0.0006345603364087404
2017-10-12,22296614.858638857,-0.0019312184964074275
2017-10-13,22351372.126699008,0.0024558556716933744
2017-10-16,22365692.018032007,0.0006406716890501318
2017-10-17,22353834.08500298,-0.0005301840434656091
2017-10-18,22311207.587252114,-0.0019068987265797865
2017-10-19,22334360.406210482,0.0010377214620869157
2017-10-20,22291691.84080711,-0.0019104449210690655
2017-10-23,22242933.64992631,-0.002187280859120122
2017-10-24,22266707.98545242,0.001068848916257581
2017-10-25,22197339.33244353,-0.0031153528871088465
2017-10-26,22220014.591018602,0.0010215304742369202
2017-10-27,22224660.78647867,0.00020909956836590027
2017-10-30,22117946.410113268,-0.004801620028789144
2017-10-31,22183801.350726776,0.0029774437188887504
2017-11-01,22166486.620585866,-0.0007805123146913395
2017-11-02,22005808.909952518,-0.007248677401322068
2017-11-03,22098919.409117136,0.004231178210518216
2017-11-06,22101220.865160372,0.00010414337464337287
2017-11-07,22074520.69992535,-0.0012080855350897757
2017-11-08,21996652.218993656,-0.003527527595738711
2017-11-09,22004576.67707624,0.0003602574611667464
2017-11-10,21957904.919637654,-0.0021210022861838373
2017-11-13,21948857.07750264,-0.00041205398092969414
2017-11-14,21934280.131372932,-0.0006641323545111266
2017-11-15,21826234.820886184,-0.004925865350475345
2017-11-16,21952379.973881617,0.005779519648286824
2017-11-17,21957892.972160384,0.0002511344230249346
2017-11-20,22049633.86353481,0.004178037095396103
2017-11-21,22216866.545153707,0.007584374536733884
2017-11-22,22159397.96478732,-0.0025867095276279617
2017-11-24,22281987.093896583,0.0055321507066241615
2017-11-27,22223817.159792647,-0.0026106259670112264
2017-11-28,22225901.77399284,9.380090671218255e-05
2017-11-29,22191595.83284176,-0.0015435117773813234
2017-11-30,22188258.463197302,-0.00015038889810348177
2017-12-01,22139314.607008845,-0.0022058448737488634
2017-12-04,22105608.90355354,-0.0015224366270414347
2017-12-05,22025371.84817339,-0.0036297147809962738
2017-12-06,21954091.35677404,-0.0032362900336351252
2017-12-07,22128351.088732917,0.007937460454500167
2017-12-08,22112866.049133234,-0.0006997828052162092
2017-12-11,22190490.831360873,0.003510389926622892
2017-12-12,22289370.133185238,0.004455931262440815
2017-12-13,22333937.516897734,0.0019994904946256664
2017-12-14,22154084.445836425,-0.008052904729639931
2017-12-15,22262928.40751376,0.004913042646535137
2017-12-18,22315644.308677882,0.0023678781245297653
2017-12-19,22286629.11384507,-0.001300217660376024
2017-12-20,22349731.120688878,0.002831384078833432
2017-12-21,22372410.255559642,0.001014738600133347
2017-12-22,22374179.712007653,7.909100663705537e-05
2017-12-26,22446195.379551843,0.003218695320729159
2017-12-27,22449320.52135556,0.0001392281297953879
2017-12-28,22470594.192333076,0.0009476309520051185
2017-12-29,22424940.63852407,-0.002031702117809675
2018-01-02,22424049.501561925,-3.9738654229237724e-05
2018-01-03,22495308.944974255,0.0031778133297184485
2018-01-04,22504970.94171351,0.00042951162675231025
2018-01-05,22482847.901773788,-0.0009830290382074613
2018-01-08,22465359.752624698,-0.0007778440358399141
2018-01-09,22756599.07631866,0.012963928773049638
2018-01-10,22775775.2256755,0.0008426632333122797
2018-01-11,22866731.071694076,0.003993534583009106
2018-01-12,22930292.0088413,0.0027796249909066706
2018-01-16,22820375.790692203,-0.004793494043020208
2018-01-17,22898984.300738543,0.0034446632591564885
2018-01-18,22912491.48811756,0.0005898596724476235
2018-01-19,23025965.10332283,0.004952478226303514
2018-01-22,23158735.168710135,0.005766102084821867
2018-01-23,23191754.38922024,0.0014257782331186242
2018-01-24,23127287.592581443,-0.0027797291898177257
2018-01-25,23095244.606839985,-0.0013855055683977824
2018-01-26,23116211.754462752,0.0009078556204837884
2018-01-29,23109043.784301274,-0.0003100841192154036
2018-01-30,23061350.91249993,-0.0020638184879697707
2018-01-31,23072189.058437366,0.00046997012354377254
2018-02-01,23213340.811597064,0.006117830987002915
2018-02-02,23092759.18238034,-0.005194497000469811
2018-02-05,22847461.312618352,-0.01062228501257445
2018-02-06,22719260.211219627,-0.005611174897927063
2018-02-07,22640044.406619888,-0.003486724649626516
2018-02-08,22394600.54741436,-0.01084113859484137
2018-02-09,22423282.505233698,0.001280753267226764
2018-02-12,22425396.610392813,9.428169843661571e-05
2018-02-13,22534887.27278412,0.004882440399763821
2018-02-14,22596228.09692689,0.00272203820681427
2018-02-15,22635638.438150696,0.0017441114974920957
2018-02-16,22567238.510859273,-0.0030217803433429946
2018-02-20,22556105.58332248,-0.0004933225450440837
2018-02-21,22575197.86853972,0.0008464353541313141
2018-02-22,22541834.87537577,-0.0014778604979779342
2018-02-23,22607839.02355759,0.002928073448622337
2018-02-26,22637408.41455114,0.0013079264658040213
2018-02-27,22550632.725431286,-0.0038332872531501305
2018-02-28,22538045.349480394,-0.000558182828133913
2018-03-01,22514406.266474538,-0.001048852402207201
2018-03-02,22624784.153733052,0.004902544884022753
2018-03-05,22652407.834989656,0.001220947836182873
2018-03-06,22730753.995150972,0.0034586239454994505
2018-03-07,22757258.359951034,0.0011660134461759508
2018-03-08,22728602.677885633,-0.0012591886778343664
2018-03-09,22836873.98195737,0.0047636586202055575
2018-03-12,22764456.93674428,-0.003171057705634417
2018-03-13,22749684.566571414,-0.0006489225819844568
2018-03-14,22830353.473680608,0.003545935191898497
2018-03-15,22745788.232943166,-0.0037040705845807764
2018-03-16,22735717.49218741,-0.00044275189114661995
2018-03-19,22662032.288066775,-0.003240944744583363
2018-03-20,22598573.299766425,-0.0028002337784049924
2018-03-21,22641331.523653306,0.0018920762527661061
2018-03-22,22560219.633936968,-0.003582469945798028
2018-03-23,22488221.645231478,-0.003191369138852873
2018-03-26,22642725.920024164,0.0068704532190275724
2018-03-27,22501074.65592716,-0.006255928044941572
2018-03-28,22421384.11189115,-0.003541632799970107
2018-03-29,22497734.628040213,0.0034052543664586654
2018-04-02,22353750.004762776,-0.006399960958646034
2018-04-03,22469147.064015202,0.005162313223858961
2018-04-04,22535717.63403745,0.0029627546534181093
2018-04-05,22609148.471659247,0.0032584202027312603
2018-04-06,22451943.889776226,-0.0069531403219399435
2018-04-09,22474062.911361463,0.0009851717826228068
2018-04-10,22603828.94082678,0.005774035161204338
2018-04-11,22597512.509182747,-0.0002794407823810685
2018-04-12,22632565.482421324,0.0015511872479030409
2018-04-13,22627176.416881513,-0.0002381111210745246
2018-04-16,22703706.43194624,0.0033822167492196797
2018-04-17,22710566.949925724,0.00030217612265426297
2018-04-18,22738120.869787686,0.001213264288941529
2018-04-19,22711813.85636794,-0.0011569563540627659
2018-04-20,22703119.956664998,-0.00038279195831392165
2018-04-23,22753453.023774683,0.002217011019003623
2018-04-24,22739771.797375675,-0.000601281325727232
2018-04-25,22783669.45925759,0.0019304354622846631
2018-04-26,22887876.95235912,0.004573780061542632
2018-04-27,22866196.519033834,-0.0009472452761963845
2018-04-30,22832368.714740492,-0.001479380458625168
2018-05-01,22650063.58060942,-0.007984503772198615
2018-05-02,22612942.693155214,-0.0016388866778274114
2018-05-03,22558757.85774459,-0.0023961868274237075
2018-05-04,22574040.874306366,0.0006774759788703566
2018-05-07,22551602.52790119,-0.0009939889154144677
2018-05-08,22680810.853298977,0.005729452052816608
2018-05-09,22731076.279985927,0.0022162094209094985
2018-05-10,22832721.863502424,0.004471657314616184
2018-05-11,22890375.489041485,0.0025250439209010267
2018-05-14,22927489.955710143,0.0016214005177166424
2018-05-15,22982453.46849787,0.0023972756238863635
2018-05-16,23079609.103946615,0.004227383102588078
2018-05-17,23127567.91744046,0.0020779733867175576
2018-05-18,23113817.769747064,-0.0005945349611545803
2018-05-21,23193564.70549887,0.0034501844976984053
2018-05-22,23028384.995065507,-0.0071217905712528395
2018-05-23,23138979.348920193,0.004802523228545352
2018-05-24,23172258.282095294,0.0014382195806166287
2018-05-25,23104671.723117646,-0.0029167014347440956
2018-05-29,23045036.733774513,-0.0025810792751261857
2018-05-30,23099443.256516498,0.0023608781088313435
2018-05-31,22772023.357508454,-0.014174363224779274
2018-06-01,23088814.55033903,0.01391142051178873
2018-06-04,23212558.49143141,0.0053594757246020475
2018-06-05,23341466.82222434,0.005553387440704327
2018-06-06,23428550.229959097,0.003730845554737794
2018-06-07,23199462.233880218,-0.009778155021557211
2018-06-08,23234852.89070945,0.0015254947064051727
2018-06-11,23250171.689944506,0.0006593026134966706
2018-06-12,23338445.454593092,0.0037966930234225593
2018-06-13,23465761.488857634,0.005455206282365621
2018-06-14,23497023.20550071,0.0013322268130067094
2018-06-15,23418329.359059162,-0.0033490985540298723
2018-06-18,23490380.99860949,0.003076719882345369
2018-06-19,23415291.91315361,-0.00319658865730299
2018-06-20,23429053.80874681,0.0005877311136774921
2018-06-21,23258243.303010337,-0.007290542210147022
2018-06-22,23211849.341657296,-0.001994731964431562
2018-06-25,23020041.667431585,-0.008263351678811759
2018-06-26,23133694.914061695,0.004937143393224375
2018-06-27,22913164.79923722,-0.00953285308048335
2018-06-28,23018970.92142589,0.004617700047799156
2018-06-29,22985147.311521936,-0.001469379757218947
2018-07-02,23095390.082625836,0.004796261238170896
2018-07-03,23089264.08335347,-0.00026524770746239046
2018-07-05,23129802.462655183,0.0017557241822592218
2018-07-06,23246217.42914685,0.005033115465626015
2018-07-09,23175737.62361509,-0.0030318827459382414
2018-07-10,23142752.578360047,-0.0014232576235861938
2018-07-11,23108213.52264631,-0.0014924350764581318
2018-07-12,23148740.072640143,0.0017537725256915326
2018-07-13,23200334.446210172,0.00222881994476265
2018-07-16,23205894.383036524,0.00023964899468342793
2018-07-17,23306398.562578063,0.004330976340864767
2018-07-18,23274922.2415176,-0.0013505441853639555
2018-07-19,23302126.6322372,0.0011688284256037296
2018-07-20,23268853.24838216,-0.00142791189749214
2018-07-23,23280171.2222723,0.00048640015772694056
2018-07-24,23138261.765560556,-0.006095722207402732
2018-07-25,23300855.206478935,0.0070270378374051035
2018-07-26,23116713.204920474,-0.007902800130153986
2018-07-27,23042116.359571777,-0.003226965905032686
2018-07-30,22965135.260352977,-0.0033408866623843014
2018-07-31,23044238.148469187,0.003444477344436647
2018-08-01,23006858.459319778,-0.0016220839634003559
2018-08-02,23121184.537003778,0.00496921723955257
2018-08-03,23140596.225743335,0.000839562899923596
2018-08-06,23189863.74741667,0.002129051524546677
2018-08-07,23309859.409899957,0.0051744876033026355
2018-08-08,23270729.84392744,-0.0016786701834803353
2018-08-09,23244822.46879178,-0.0011133030768444296
2018-08-10,23264988.711339153,0.000867558467028573
2018-08-13,23242106.513304535,-0.0009835464920499026
2018-08-14,23314308.66160885,0.0031065234238980555
2018-08-15,23270468.22177125,-0.0018804091716341231
2018-08-16,23356338.629774116,0.0036901022869202382
2018-08-17,23391884.639474973,0.0015218999118100651
2018-08-20,23496905.682153244,0.0044896357987780355
2018-08-21,23520788.463770915,0.0010164224149655787
2018-08-22,23536622.45078355,0.000673191166062459
2018-08-23,23568553.359801352,0.0013566478828714867
2018-08-24,23657830.005995844,0.00378795613084848
2018-08-27,23660338.812967442,0.00010604552365811593
2018-08-28,23716571.640448496,0.0023766704241037218
2018-08-29,23762229.973357428,0.001925165812374896
2018-08-30,23742780.55674663,-0.0008185013204822233
2018-08-31,24042973.56988417,0.012643549158872114
2018-09-04,24099387.81742638,0.002346392278735232
2018-09-05,23970673.20284913,-0.005340991047257049
2018-09-06,23967984.58858605,-0.000112162651433656
2018-09-07,24011853.428856988,0.0018303099331860029
2018-09-10,24063340.215716533,0.002144223768985265
2018-09-11,23981886.576420352,-0.0033849681119074715
2018-09-12,23974393.364752047,-0.0003124529692202227
2018-09-13,24051354.68274633,0.0032101466270022527
2018-09-14,24085427.88334511,0.0014166852989458967
2018-09-17,23987445.729499757,-0.004068109328176139
2018-09-18,24099857.786644574,0.004686287085855501
2018-09-19,24009444.17055953,-0.0037516244654003383
2018-09-20,24089383.290922023,0.003329486505169399
2018-09-21,24129356.78041803,0.0016593820195915931
2018-09-24,24188935.455198124,0.002469136468173261
2018-09-25,24257477.751023196,0.0028336218413589354
2018-09-26,24280435.309134576,0.0009464115909747495
2018-09-27,24344581.37098909,0.002641882694351061
2018-09-28,24394235.563447,0.002039640431733991
2018-10-01,24384054.507446382,-0.00041735499249961894
2018-10-02,24278319.681937523,-0.004336228229664174
2018-10-03,24311716.23788136,0.0013755711425400552
2018-10-04,24212883.746378273,-0.00406522067533388
2018-10-05,24218868.631508823,0.0002471777089105842
2018-10-08,24180271.11786945,-0.0015936959825264552
2018-10-09,24096051.567182697,-0.0034829862029345238
2018-10-10,23775632.38701948,-0.013297580280729804
2018-10-11,23638153.790201105,-0.005782331867371648
2018-10-12,23686454.78269968,0.002043348771112452
2018-10-15,23692439.274774898,0.0002526546133694296
2018-10-16,23779788.197889555,0.0036867847207129323
2018-10-17,23740629.13379979,-0.0016467372948779646
2018-10-18,23707851.036746,-0.0013806751653065996
2018-10-19,23617771.917971294,-0.0037995480330581533
2018-10-22,23613730.290226277,-0.00017112654652839954
2018-10-23,23557480.93471868,-0.0023820614031014875
2018-10-24,23440022.672539495,-0.004986028111608309
2018-10-25,23437837.657231387,-9.321728646061178e-05
2018-10-26,23407586.537587754,-0.0012906958434494298
2018-10-29,23427052.374144014,0.0008316037420177391
2018-10-30,23407728.638534606,-0.000824847074262558
2018-10-31,23384602.113712434,-0.000987986710684119
2018-11-01,23385544.333509713,4.029231682878276e-05
2018-11-02,23377311.32310954,-0.00035205553835981895
2018-11-05,23379440.765231524,9.109012120989135e-05
2018-11-06,23378743.32715342,-2.9831255807577506e-05
2018-11-07,23443809.863809675,0.0027831494510093258
2018-11-08,23416158.330218,-0.001179481225633161
2018-11-09,23349263.442920532,-0.00285678318168614
2018-11-12,23227518.641204234,-0.005214074611557429
2018-11-13,23247493.727616668,0.0008599750460214217
2018-11-14,23225633.08632295,-0.0009403440022331955
2018-11-15,23285311.421103187,0.0025695030382351103
2018-11-16,23335899.76886438,0.0021725433191046584
2018-11-19,23261700.95218375,-0.003179599561857427
2018-11-20,23229062.47764573,-0.0014030992232730854
2018-11-21,23252861.38020587,0.0010245313422805324
2018-11-23,23252670.093688093,-8.226364689001286e-06
2018-11-26,23269811.79832247,0.0007371929574242486
2018-11-27,23265325.695890073,-0.00019278636506714353
2018-11-28,23328989.95513069,0.0027364439283075193
2018-11-29,23362353.979350507,0.0014301529677875902
2018-11-30,23376008.851868402,0.0005844818775524452
2018-12-03,23460841.847636517,0.003629062441997455
2018-12-04,23289047.364216387,-0.007322605238798685
2018-12-06,23205135.81337158,-0.003603047798929615
2018-12-07,23143680.91878547,-0.002648331605570542
2018-12-10,23140372.85176401,-0.00014293607974769085
2018-12-11,23136718.016317602,-0.0001579419428467954
2018-12-12,23132668.332676537,-0.00017503276126751288
2018-12-13,23157061.87586444,0.0010545062435984853
2018-12-14,23151569.7851894,-0.0002371669905482099
2018-12-17,23101372.102705747,-0.0021682193885516066
2018-12-18,23110718.693062715,0.0004045902691587333
2018-12-19,23114738.107692145,0.00017391993225368552
2018-12-20,23111799.870377433,-0.000127115319283444
2018-12-21,23113644.28426573,7.980399184148723e-05
2018-12-24,23117395.235477872,0.00016228298601506097
2018-12-26,23113182.126951013,-0.00018224841008007697
2018-12-27,23128277.56279259,0.0006531093710362423
2018-12-28,23130934.690569192,0.0001148865396216614
2018-12-31,23133352.862513337,0.00010454276822335906
2019-01-02,23131029.429828055,-0.00010043648662128035
2019-01-03,23135378.324178237,0.0001880112756491581
2019-01-04,23121797.82251334,-0.0005870014950525304
2019-01-07,23114485.39862504,-0.00031625671777046893
2019-01-08,23117642.62205146,0.00013659068640170524
2019-01-09,23120935.63131032,0.00014244572046995252
2019-01-10,23123254.848625038,0.00010030810827466041
2019-01-11,23132581.19519862,0.00040333191130037527
2019-01-14,23133200.215198625,2.6759659667030533e-05
2019-01-15,23135927.89714277,0.00011791200174515737
2019-01-16,23137066.98251334,4.923447962101868e-05
2019-01-17,23134231.915198624,-0.00012253356559221995
2019-01-18,23128727.073995605,-0.00023795219237010556
2019-01-22,23132684.365198623,0.00017109852999519504
2019-01-23,23134442.470569186,7.60009233173875e-05
2019-01-24,23139534.6317722,0.00022011168885938126
2019-01-25,23131293.677883904,-0.00035614172970366287
2019-01-28,23132993.87519862,7.350204179634723e-05
2019-01-29,23136183.714457486,0.00013789132855324127
2019-01-30,23146735.454919364,0.00045607091437838143
2019-01-31,23152137.12612238,0.00023336643793836487
2019-02-01,23144591.222949516,-0.00032592685209831274
2019-02-04,23146654.62294952,8.915257911135122e-05
2019-02-05,23125801.406995043,-0.000900917056661843
2019-02-06,23105084.62386699,-0.0008958298466484882
2019-02-07,23046328.586222988,-0.002542991666142136
2019-02-08,23060894.91160017,0.0006320453742851839
2019-02-11,23058047.030575376,-0.000123493950937692
2019-02-12,23060685.84948897,0.00011444242914815383
2019-02-13,23037185.64397846,-0.0010190592623258166
2019-02-14,23032698.170649555,-0.00019479260176380464
2019-02-15,23122480.123944566,0.0038980215270401075
2019-02-19,23046927.24133686,-0.003267507732852004
2019-02-20,23021475.54952168,-0.0011043420907551615
2019-02-21,23015322.211854026,-0.0002672868493776015
2019-02-22,23103621.097115986,0.0038365261389423644
2019-02-25,23118306.890308354,0.000635648980332304
2019-02-26,23070586.361690663,-0.0020641878682602366
2019-02-27,23111706.284805357,0.0017823527529832184
2019-02-28,23118032.903542444,0.0002737408765551841
2019-03-01,23191289.465698853,0.003168806033889915
2019-03-04,23126173.388134893,-0.002807781674247556
2019-03-05,23134357.696356077,0.0003538980740056541
2019-03-06,23073870.1795316,-0.0026146183792258304
2019-03-07,23077176.75723088,0.00014330399163875462
2019-03-08,23073047.735029873,-0.00017892232851735024
2019-03-11,23155532.755346954,0.0035749512272647
2019-03-12,23167506.301381316,0.0005170922284911672
2019-03-13,23175900.255741976,0.0003623158337140442
2019-03-14,23173496.348967195,-0.00010372441839390234
2019-03-15,23170905.66149262,-0.00011179527834570546
2019-03-18,23225537.56997743,0.002357780454632863
2019-03-19,23232968.06222256,0.00031992767541955125
2019-03-20,23213303.14086814,-0.0008464231217361062
2019-03-21,23328646.579586927,0.004968850749883957
2019-03-22,23125654.615919184,-0.008701403357251114
2019-03-25,23108955.576712996,-0.0007221001733154209
2019-03-26,23086791.26347532,-0.0009591222400379129
2019-03-27,23060615.66180514,-0.0011337912389579596
2019-03-28,23095505.293664373,0.0015129531826427733
2019-03-29,23124442.83707304,0.0012529513011609872
2019-04-01,23156187.36794924,0.0013727695451890565
2019-04-02,23140906.612830177,-0.0006598994418318682
2019-04-03,23171551.24620402,0.001324262436496415
2019-04-04,23142823.772768646,-0.0012397734243225766
2019-04-05,23154009.50889901,0.00048333497416708227
2019-04-08,23157488.234998476,0.0001502429243680492
2019-04-09,23129569.46212882,-0.0012056045364824408
2019-04-10,23145293.12285388,0.0006798077565084437
2019-04-11,23160854.089307345,0.0006723166723734408
2019-04-12,23183240.796643652,0.0009665752070275868
2019-04-15,23163206.933917463,-0.000864152812021457
2019-04-16,23084664.585049756,-0.0033908236062382136
2019-04-17,23053524.47255387,-0.0013489523480472165
2019-04-18,23088958.43314864,0.0015370300813202231
2019-04-22,23050050.657231696,-0.0016851247763990385
2019-04-23,23152991.08502893,0.004465952345529489
2019-04-24,23139285.31806593,-0.000591965284859608
2019-04-25,23131046.860647883,-0.00035603767812197873
2019-04-26,23175741.557963487,0.0019322384146669425
2019-04-29,23163626.09904828,-0.0005227646711931655
2019-04-30,23223084.227194257,0.0025668748015414966
2019-05-01,23197000.442678742,-0.0011231834781433303
2019-05-02,23214284.852488488,0.0007451140009440138
2019-05-03,23260100.92459253,0.0019736154869802736
2019-05-06,23249551.59408448,-0.00045353760683364275
2019-05-07,23143475.18012606,-0.004562514400725415
2019-05-08,23151001.183796972,0.000325189005209392
2019-05-09,23069202.59796181,-0.0035332634293333554
2019-05-10,23126943.728978112,0.0025029530505491504
2019-05-13,23041730.411739994,-0.0036845905034718074
2019-05-14,23111879.606159803,0.003044441244919094
2019-05-15,23107950.918715347,-0.00016998563125991684
2019-05-16,23126278.68630829,0.0007931368582794196
2019-05-17,23121898.350919694,-0.00018940943538792165
2019-05-20,23056938.560547605,-0.0028094488344424517
2019-05-21,23170176.405446753,0.004911226379936906
2019-05-22,23192223.298037153,0.0009515202735019823
2019-05-23,23221527.498781875,0.0012635356415873211
2019-05-24,23323619.96730654,0.004396457921642671
2019-05-28,23197891.413767394,-0.0053906106219953065
2019-05-29,23180912.981365826,-0.0007318955028599028
2019-05-30,23235025.038046986,0.0023343367331847276
2019-05-31,23192618.198916867,-0.0018251256050155762
2019-06-03,23183168.103263278,-0.00040746135570113307
2019-06-04,23266902.880580913,0.0036118781067653316
2019-06-05,23449249.936210316,0.007837186434538124
2019-06-06,23437443.359084085,-0.0005034948733263489
2019-06-07,23467943.495296936,0.0013013422900083338
2019-06-10,23463360.586898115,-0.00019528376654476265
2019-06-11,23474318.104940314,0.0004670054829365444
2019-06-12,23511697.328847308,0.0015923454619595212
2019-06-13,23517012.7794805,0.00022607685692976887
2019-06-14,23458039.434856318,-0.0025076885902632906
2019-06-17,23484051.20608505,0.001108863820481032
2019-06-18,23473964.38913741,-0.0004295177547997131
2019-06-19,23535939.265208527,0.002640153790971711
2019-06-20,23535341.014491748,-2.541860386529038e-05
2019-06-21,23473904.85035674,-0.002610379178155098
2019-06-24,23416599.833889812,-0.002441222149967781
2019-06-25,23262799.787050817,-0.006567992275992474
2019-06-26,23191507.9819254,-0.0030646270344939497
2019-06-27,23259061.002419803,0.0029128343248334687
2019-06-28,23302845.031636916,0.001882450422764581
2019-07-01,23321149.949229617,0.0007855228650341939
2019-07-02,23313633.68548409,-0.0003222938732391212
2019-07-03,23415961.32140784,0.004389175763169995
2019-07-05,23401152.00959706,-0.0006324451773518369
2019-07-08,23406004.349167924,0.00020735473060784493
2019-07-09,23446638.627153177,0.001736062139401362
2019-07-10,23423382.543038618,-0.000991872843027708
2019-07-11,23383583.793072306,-0.001699103444738781
2019-07-12,23390904.05703188,0.0003130514135196716
2019-07-15,23429833.55106143,0.0016643005304382008
2019-07-16,23429283.539287835,-2.347484767206698e-05
2019-07-17,23364615.95620911,-0.0027601178230776124
2019-07-18,23459433.08657071,0.004058150604286048
2019-07-19,23383728.523628622,-0.0032270414490717103
2019-07-22,23401634.14629623,0.0007657300096310937
2019-07-23,23457371.375637133,0.0023817665464069826
2019-07-24,23418920.783489756,-0.0016391688365948731
2019-07-25,23352615.997480962,-0.0028312485712637114
2019-07-26,23416288.433127504,0.0027265654371830816
2019-07-29,23403732.014180597,-0.0005362258405197107
2019-07-30,23380449.95034538,-0.0009948013342961914
2019-07-31,23314629.46202094,-0.002815193397228244
2019-08-01,23364748.86578214,0.0021496976326749184
2019-08-02,23342863.817854594,-0.0009366695124036761
2019-08-05,23219844.962408718,-0.005270084099611716
2019-08-06,23374614.723020077,0.006665408871675105
2019-08-07,23447149.665528677,0.0031031502922340692
2019-08-08,23515505.649592504,0.002915321693208739
2019-08-09,23531907.77527482,0.00069750257241874
2019-08-12,23503821.442875553,-0.0011935425154426804
2019-08-13,23480864.669037797,-0.0009767251633335805
2019-08-14,23376319.73299984,-0.0044523460916586766
2019-08-15,23424026.750978466,0.0020408267222356002
2019-08-16,23479467.057748236,0.002366813672096457
2019-08-19,23538236.6141892,0.0025030191825230474
2019-08-20,23537986.1475241,-1.0640842353915048e-05
2019-08-21,23610456.298364285,0.003078859439630044
2019-08-22,23610429.525353264,-1.1339472089089142e-06
2019-08-23,23604448.568700194,-0.0002533184178901138
2019-08-26,23666216.42266709,0.0026167886865529066
2019-08-27,23724634.483201195,0.0024684157150760555
2019-08-28,23745205.60245876,0.000867078448442804
2019-08-29,23774967.648611933,0.001253391806811388
2019-08-30,23797170.58747363,0.0009338788254038555
2019-09-03,23887205.440324064,0.0037834267951932787
2019-09-04,24050973.032976314,0.0068558707321950685
2019-09-05,23931640.69151289,-0.0049616429780120486
2019-09-06,23930952.478982117,-2.8757432039228092e-05
2019-09-09,23773469.466577206,-0.00658072479744487
2019-09-10,23631727.024601918,-0.0059622110342186785
2019-09-11,23649877.02793565,0.00076803541759074
2019-09-12,23594263.039716385,-0.002351555069549538
2019-09-13,23594688.149327002,1.8017498995437364e-05
2019-09-16,23735858.46673423,0.005983139786115643
2019-09-17,23686627.67546296,-0.0020741104156930534
2019-09-18,23655135.692981068,-0.0013295257946117633
2019-09-19,23612957.17577877,-0.001783059617570193
2019-09-20,23548341.04232998,-0.0027364693446813027
2019-09-23,23581134.61429619,0.001392606464602375
2019-09-24,23474530.99459219,-0.004520716303420436
2019-09-25,23533060.17154481,0.00249330548781157
2019-09-26,23535392.76272829,9.911975605714218e-05
2019-09-27,23507858.339779712,-0.0011699155916438109
2019-09-30,23564924.247279126,0.002427524731287267
2019-10-01,23523652.800159365,-0.001751393159030723
2019-10-02,23474132.894203823,-0.002105111241703317
2019-10-03,23521639.065407585,0.0020237668167710776
2019-10-04,23535048.79748775,0.0005701019407224894
2019-10-07,23572502.990365863,0.0015914219341712776
2019-10-08,23555101.27741203,-0.0007382208398041268
2019-10-09,23576753.866880964,0.0009192314316091021
2019-10-10,23582997.84015894,0.0002648360038548514
2019-10-11,23611130.440363593,0.0011929187457562218
2019-10-14,23641290.360973727,0.0012773602977760312
2019-10-15,23683412.308607936,0.0017817110230049504
2019-10-16,23714469.77819643,0.0013113595787550558
2019-10-17,23708418.575706225,-0.0002551692087913171
2019-10-18,23742901.379810076,0.0014544539946323987
2019-10-21,23784321.641224694,0.001744532428957557
2019-10-22,23820008.28437396,0.0015004272010605835
2019-10-23,23775355.40618566,-0.0018745954096747175
2019-10-24,23752328.471410938,-0.0009685211590457765
2019-10-25,23725454.020450372,-0.0011314449020403128
2019-10-28,23679788.03146687,-0.0019247677597291624
2019-10-29,23714253.323040843,0.0014554729767080055
2019-10-30,23789049.69371092,0.0031540681315656016
2019-10-31,23695036.66966883,-0.003951945338402596
2019-11-01,23844363.599736594,0.0063020341411377245
2019-11-04,23914359.28844591,0.0029355234588894774
2019-11-05,23894279.956913535,-0.0008396349360727529
2019-11-06,23897000.935731545,0.00011387574025745195
2019-11-07,23856797.89360566,-0.0016823467611691845
2019-11-08,23829700.205236614,-0.0011358476728475786
2019-11-11,23846431.548738208,0.000702121443303616
2019-11-12,23821621.318287395,-0.0010404169026340115
2019-11-13,23808349.752234202,-0.0005571227027694192
2019-11-14,23844280.920369633,0.0015091834801383985
2019-11-15,23907195.156489857,0.0026385461708966496
2019-11-18,23863406.121952903,-0.0018316257616304288
2019-11-19,23914330.16739577,0.0021339805886311236
2019-11-20,23731721.478980366,-0.00763595246603932
2019-11-21,23693913.191603694,-0.001593154015824716
2019-11-22,23681572.78306349,-0.0005208261058615715
2019-11-25,24008368.874994915,0.013799594094744405
2019-11-26,24284441.506434325,0.011499016566966613
2019-11-27,24376333.47355622,0.0037839851946994685
2019-11-29,24377550.70104075,4.993480606296785e-05
2019-12-02,24107217.13238493,-0.011089447499099125
2019-12-03,24231765.796548836,0.005166447187991308
2019-12-04,24218562.096216496,-0.0005448922065027784
2019-12-05,24158956.9708262,-0.0024611339497981888
2019-12-06,24307490.489777055,0.006148175980039916
2019-12-09,24258661.506716773,-0.0020088039561639848
2019-12-10,24474752.202426266,0.008907774884845177
2019-12-11,24462799.37594387,-0.0004883737487324513
2019-12-12,24519615.88900158,0.0023225679197445004
2019-12-13,24541942.49410509,0.0009105609649260327
2019-12-16,25451534.136708677,0.03706274036059165
2019-12-17,25545164.14882503,0.0036787571080563186
2019-12-18,25781111.651689254,0.009236484114551136
2019-12-19,25978605.56397653,0.007660411038727943
2019-12-20,26061741.324763373,0.003200162556150632
2019-12-23,26006121.528636076,-0.0021341550218844096
2019-12-24,26139960.362778068,0.005146435772616753
2019-12-26,26297569.124412373,0.006029418539545084
2019-12-27,26135430.046491887,-0.006165553825656422
2019-12-30,26128022.0773776,-0.0002834454646857276
2019-12-31,26062635.18447382,-0.002502558085343609
2020-01-02,26140890.389968112,0.0030025822385340017
2020-01-03,25919377.13478958,-0.008473822118298724
2020-01-06,25853134.10617118,-0.0025557338154351683
2020-01-07,25809252.666150402,-0.0016973354116591732
2020-01-08,25822802.94385685,0.0005250162754313337
2020-01-09,25721808.652982954,-0.0039110506746101725
2020-01-10,25690729.162108853,-0.0012082933705556131
2020-01-13,25755624.96638023,0.0025260397967641346
2020-01-14,25764106.959210373,0.00032932584013067867
2020-01-15,25612624.257942326,-0.00587960225083195
2020-01-16,25728596.258098237,0.004527923378251586
2020-01-17,25683740.20005226,-0.0017434320005645931
2020-01-21,25637158.82856993,-0.001813652183035086
2020-01-22,25662758.641662553,0.000998543296618859
2020-01-23,25637343.496114556,-0.000990351267487588
2020-01-24,25490230.705543585,-0.005738222862024189
2020-01-27,25294580.413631782,-0.007675501025153686
2020-01-28,25392512.8776775,0.0038716777445708672
2020-01-29,25425325.649210926,0.0012922223055076287
2020-01-30,25360865.17284705,-0.0025352861651891656
2020-01-31,25263412.84398727,-0.0038426263534619975
2020-02-03,25771149.16825021,0.02009769334802214
2020-02-04,26084359.80800833,0.012153537962676264
2020-02-05,25738880.30513097,-0.013244699330182352
2020-02-06,25672157.307110798,-0.002592303830981746
2020-02-07,25944315.030020136,0.010601279808843955
2020-02-10,26055736.802954186,0.004294650785928278
2020-02-11,25991540.322751213,-0.0024638136579463454
2020-02-12,25954890.48413668,-0.0014100679744036837
2020-02-13,25891304.690024342,-0.002449857923738863
2020-02-14,26050670.321430974,0.0061551796371248635
2020-02-18,26103482.272890754,0.002027278024256285
2020-02-19,26152698.54755792,0.001885429466944366
2020-02-20,26067255.929290257,-0.003267066995487622
2020-02-21,25921662.608395986,-0.005585295256593348
2020-02-24,25643564.443936795,-0.01072840768975658
2020-02-25,25445836.294607103,-0.007710634368399694
2020-02-26,25376287.3446722,-0.0027332153335295484
2020-02-27,25231893.350011446,-0.005690115055032696
2020-02-28,25129396.728299182,-0.004062185119858119
2020-03-02,25322915.822816886,0.007700904904723638
2020-03-03,25110692.41451958,-0.008380686086161049
2020-03-04,25271162.197764423,0.006390496151832847
2020-03-05,25179559.09983398,-0.0036248074866357394
2020-03-06,25164970.65805547,-0.0005793763790965523
2020-03-09,24516116.170924667,-0.02578403511561811
2020-03-10,24568371.949194983,0.002131486810798
2020-03-11,24559243.46212316,-0.00037155441519287624
2020-03-12,24557417.76471301,-7.433850366622696e-05
2020-03-13,24567459.10048464,0.00040889216723982713
2020-03-16,24580238.9823873,0.0005201955094495947
2020-03-17,24561982.008243654,-0.0007427500666989939
2020-03-18,24551940.672461484,-0.0004088161850619443
2020-03-19,24565633.40307449,0.0005577046147056119
2020-03-20,24586628.92332809,0.0008546704214420497
2020-03-23,24595757.410399918,0.0003712785148501929
2020-03-24,24584803.225917943,-0.00044536886175916557
2020-03-25,24593931.712989766,0.0003713060864445339
2020-03-26,24603060.20006159,0.000371168269406974
2020-03-27,24601234.502640903,-7.420611118458265e-05
2020-03-30,24604885.89747174,0.00014842323585217976
2020-03-31,24603060.20006159,-7.420060461804656e-05
2020-04-01,24608172.700531412,0.00020779937244586044
2020-04-02,24610000.632234216,7.42814887171317e-05
2020-04-03,24608172.700531412,-7.427597138742748e-05
2020-04-06,24602688.90539138,-0.0002228444674363672
2020-04-07,24600860.973678038,-7.429804605385559e-05
2020-04-08,24605430.802961398,0.00018575891665939537
2020-04-09,24608172.700531412,0.00011143465001572928
2020-04-13,24609086.666377544,3.7140744144403826e-05
2020-04-14,24609086.666377544,0.0
2020-04-15,24611828.56394756,0.00011141809556702853
2020-04-16,24613656.4956609,7.427045530539189e-05
2020-04-17,24610914.598090887,-0.00011139740942178733
2020-04-20,24610914.598090887,0.0
2020-04-21,24612742.52980423,7.42732134579871e-05
2020-04-22,24610000.632234216,-0.00011140154603628272
2020-04-23,24609086.666377544,-3.713798590776474e-05
2020-04-24,24609086.666377544,0.0
2020-04-27,24609086.666377544,0.0
2020-04-28,24611828.56394756,0.00011141809556702853
2020-04-29,24610914.598090887,-3.7135227652695946e-05
2020-04-30,24624624.085930422,0.0005570491005075784
2020-05-01,24612958.408542167,-0.0004737403238135318
2020-05-04,24612958.408542167,0.0
2020-05-05,24612043.678982962,-3.7164551453860994e-05
2020-05-06,24614787.86765004,0.0001114977976990339
2020-05-07,24620276.244984195,0.00022297073465216144
2020-05-08,24618446.785876323,-7.430700978605653e-05
2020-05-11,24615702.597209245,-0.00011146879780621344
2020-05-12,24617532.056317113,7.432081617997355e-05
2020-05-13,24617532.056317113,0.0
2020-05-14,24615702.59720924,-7.43152930069435e-05
2020-05-15,24620276.24498419,0.00018580204066442896
2020-05-18,24613873.138101373,-0.00026007453446519335
2020-05-19,24618446.78587632,0.00018581585065002848
2020-05-20,24618446.78587632,0.0
2020-05-21,24616617.32676845,-7.431253172796026e-05
2020-05-22,24616617.32676845,0.0
2020-05-26,24616617.32676845,0.0
2020-05-27,24560584.90645681,-0.002276203085413764
2020-05-28,24501168.08539028,-0.002419194057992846
2020-05-29,24658208.48676915,0.006409506715417068
2020-06-01,24781779.60847471,0.005011358459876103
2020-06-02,24894091.66594122,0.004532041654833563
2020-06-03,24881922.694530524,-0.0004888297020029242
2020-06-04,24800412.142954543,-0.0032758944144577473
2020-06-05,24660160.147422116,-0.005655228418140257
2020-06-08,24746574.2396939,0.0035041983407726462
2020-06-09,24719010.66282265,-0.001113834044432549
2020-06-10,24695519.005957216,-0.0009503477783099346
2020-06-11,24189100.32305937,-0.020506500907135683
2020-06-12,24443328.87350285,0.010510045725062644
2020-06-15,24543936.59021317,0.004115958069008219
2020-06-16,24465431.25710743,-0.00319856323035983
2020-06-17,24560020.35582185,0.0038662346770177436
2020-06-18,24755446.689567667,0.007957091684555051
2020-06-19,24792525.741501074,0.0014978138911561079
2020-06-22,24881617.49580333,0.0035934924594278606
2020-06-23,24780733.093231186,-0.004054575736049282
2020-06-24,24505658.64025958,-0.011100335568633546
2020-06-25,24765992.560440637,0.01062342065572408
2020-06-26,24793621.555269863,0.001115602161383178
2020-06-29,24681519.452054493,-0.004521408982768871
2020-06-30,24759160.415904,0.0031457124833960126
2020-07-01,24833646.229790036,0.0030084143660296103
2020-07-02,24901296.67373852,0.002724144627112013
2020-07-06,24769532.565293487,-0.005291455708970938
2020-07-07,24729051.377368484,-0.0016343137610003167
2020-07-08,24983711.45248691,0.010298012294619907
2020-07-09,24895355.63789068,-0.0035365367857478347
2020-07-10,25059178.689295046,0.006580466404545904
2020-07-13,24735180.23530971,-0.01292933252133055
2020-07-14,24993613.671335336,0.010448011033964866
2020-07-15,24878664.854538564,-0.004599127533470915
2020-07-16,24927801.811155483,0.001975064052038844
2020-07-17,24944959.44572754,0.0006882931235587808
2020-07-20,25044342.600271657,0.0039840976595029165
2020-07-21,25102481.002666492,0.0023214185863358328
2020-07-22,25165332.72906369,0.0025038053565511476
2020-07-23,24949879.43368895,-0.008561511889962459
2020-07-24,24814010.274257373,-0.005445684007920226
2020-07-27,25071422.24506307,0.010373654558882173
2020-07-28,24932969.937665544,-0.005522315648638143
2020-07-29,24956832.010558534,0.0009570489577714891
2020-07-30,25114322.465729497,0.006310514696109326
2020-07-31,25112312.296729565,-8.004074179890353e-05
2020-08-03,25404427.12341274,0.011632334897380803
2020-08-04,25321160.825184803,-0.003277629439287666
2020-08-05,25480808.283164944,0.006304902807668711
2020-08-06,24936274.61936263,-0.021370344996555102
2020-08-07,24721351.918231316,-0.008618877695725669
2020-08-10,24654288.412550174,-0.002712776627385227
2020-08-11,24567409.9905694,-0.003523866539037801
2020-08-12,24562334.280484702,-0.000206603385812687
2020-08-13,24687554.175918173,0.0050980454057643065
2020-08-14,24639608.241250213,-0.0019421095474386751
2020-08-17,24855685.218765628,0.008769497282577365
2020-08-18,24847983.964952905,-0.00030983872482048813
2020-08-19,24826291.246872183,-0.0008730172279295401
2020-08-20,24673065.7414364,-0.006171904772731107
2020-08-21,24651715.047915496,-0.0008653441669814743
2020-08-24,24589247.008596603,-0.002534024070839469
2020-08-25,24409440.60180957,-0.0073123998764245135
2020-08-26,24475133.27963862,0.0026912815783324273
2020-08-27,24496897.764343195,0.0008892488737817228
2020-08-28,24527286.638992555,0.0012405193074527254
2020-08-31,24446749.907924376,-0.003283556483583694
2020-09-01,24930633.243691005,0.019793360573046037
2020-09-02,24891029.87779004,-0.0015885423171505542
2020-09-03,24512388.635252077,-0.015211955648159914
2020-09-04,24273926.948495716,-0.009728210918352631
2020-09-08,24029040.910516758,-0.010088439274722916
2020-09-09,24119676.82701549,0.003771932339549311
2020-09-10,24004174.693019517,-0.0047887098498187175
2020-09-11,24018356.76657639,0.0005908169615596037
2020-09-14,24168348.58746175,0.006244882709631749
2020-09-15,24154095.38858349,-0.0005897464953669163
2020-09-16,24289463.10140612,0.005604337924682179
2020-09-17,24309124.090645533,0.0008094451967641803
2020-09-18,24309517.409283284,1.6179876999533604e-05
2020-09-21,24138984.21440056,-0.007015079403328683
2020-09-22,24174208.6271989,0.0014592334327525602
2020-09-23,23820741.452685937,-0.014621664765285036
2020-09-24,23707230.986743685,-0.004765194491015867
2020-09-25,23727554.422586933,0.0008572673820326226
2020-09-28,23872767.23645212,0.006120007619788925
2020-09-29,24138633.0437508,0.011136782119364863
2020-09-30,24326915.80213017,0.0078000588532958215
2020-10-01,24277157.664841287,-0.0020453943974486632
2020-10-02,24282700.279621832,0.00022830575378973705
2020-10-05,24515008.812809154,0.009566832786808144
2020-10-06,24556496.990798775,0.001692358273513772
2020-10-07,24737379.272224043,0.007365964351228271
2020-10-08,24817269.274319608,0.0032295256994046007
2020-10-09,24856881.260927647,0.0015961460614455358
2020-10-12,24879404.77369036,0.0009061278656110616
2020-10-13,24692462.78356724,-0.007513925346028016
2020-10-14,24621516.597808298,-0.002873191968771782
2020-10-15,24687488.095855422,0.0026794246319090664
2020-10-16,24624728.89308624,-0.002542146148101554
2020-10-19,24587416.667621613,-0.0015152339595950748
2020-10-20,24722440.299952615,0.005491574578829539
2020-10-21,24760085.83947776,0.0015227274924480838
2020-10-22,24841863.612488277,0.003302806522590185
2020-10-23,24859408.132368986,0.0007062481363873108
2020-10-26,24733062.58717942,-0.005082403592105433
2020-10-27,24875588.975710876,0.005762585528139796
2020-10-28,24594670.201808684,-0.01129294965343286
2020-10-29,24802283.16317972,0.008441380171699597
2020-10-30,24381065.294861913,-0.016983027955391194
2020-11-02,24266676.541283764,-0.004691704492594706
2020-11-03,24199911.42148609,-0.002751308762206861
2020-11-04,24096207.05763301,-0.004285319976874313
2020-11-05,24437186.238483712,0.01415074082137302
2020-11-06,24339778.69393415,-0.003986037655847818
2020-11-09,24224449.43324659,-0.004738303586807158
2020-11-10,24290525.191862907,0.002727647486825191
2020-11-11,24567304.910100963,0.011394554710195237
2020-11-12,24540102.1517092,-0.0011072748309717273
2020-11-13,24513292.595074978,-0.0010924794228027723
2020-11-16,24562716.256446566,0.0020161984025564017
2020-11-17,24554085.60364315,-0.00035137208415014776
2020-11-18,24379223.99632833,-0.007121487239943214
2020-11-19,24389819.81532513,0.0004346249494402432
2020-11-20,24390472.413509406,2.675699079435212e-05
2020-11-23,24549179.106891446,0.006506913465691433
2020-11-24,24560461.799388994,0.0004595955102377758
2020-11-25,24542028.2597724,-0.0007505371750400336
2020-11-27,24780883.994737238,0.009732518129169865
2020-11-30,24267950.946696088,-0.020698738921100746
2020-12-01,24216663.224838737,-0.002113393173160838
2020-12-02,24227435.80743307,0.00044484173952108463
2020-12-03,24281281.92998879,0.00222252668353784
2020-12-04,24540578.02921348,0.010678847186583074
2020-12-07,24336393.586214047,-0.008320278469250764
2020-12-08,24431192.427208863,0.003895352886161385
2020-12-09,24236159.329609353,-0.007982954502961714
2020-12-10,24327217.390157055,0.0037571159402494114
2020-12-11,24392739.555872463,0.0026933686933681145
2020-12-14,24508668.980246242,0.004752620102725258
2020-12-15,24753640.137693964,0.009995286061644792
2020-12-16,24656796.739533085,-0.003912289167257055
2020-12-17,24737511.357392713,0.0032735240798824616
2020-12-18,24736581.674142748,-3.758192311809072e-05
2020-12-21,24797513.6212552,0.0024632323057047767
2020-12-22,24882888.108098514,0.003442864802789547
2020-12-23,24856737.798219495,-0.0010509354768392098
2020-12-24,24729762.643953137,-0.005108279103119173
2020-12-28,24835237.549705677,0.004265099801850747
2020-12-29,24575064.407536607,-0.010475967529940289
2020-12-30,24746781.698567018,0.006987460467356765
2020-12-31,24722441.85577258,-0.0009835558858082294
2021-01-04,24604820.52538985,-0.004757674467146811
2021-01-05,24946112.300920676,0.013870931315212998
2021-01-06,25326864.94325474,0.015263005222661885
2021-01-07,25507324.733950257,0.007125232084580491
2021-01-08,25292669.39145144,-0.008415439280196613
2021-01-11,25447475.63416141,0.006120597249505533
2021-01-12,25374454.772182837,-0.0028694736966580203
2021-01-13,25364693.623972375,-0.0003846840571787302
2021-01-14,25457300.546052046,0.0036510167815371197
2021-01-15,25291860.936801303,-0.00649870982791223
2021-01-19,25613409.31867124,0.012713512171896646
2021-01-20,25711736.468234025,0.0038388934616020443
2021-01-21,25964180.94652562,0.009818258623002007
2021-01-22,26066666.12096986,0.003947175328014918
2021-01-25,25940355.203476958,-0.004845687473293392
2021-01-26,25771806.12794907,-0.006497562358178333
2021-01-27,25477411.046123054,-0.011423145136372548
2021-01-28,25335965.13828235,-0.005551816375087615
2021-01-29,25070077.611752138,-0.010494470018371671
2021-02-01,25593883.403418466,0.020893664542178447
2021-02-02,25571102.934085876,-0.000890074748466918
2021-02-03,25579084.218034174,0.0003121212240579929
2021-02-04,25698098.017830495,0.004652777979925249
2021-02-05,25779213.672489353,0.00315648475628727
2021-02-08,26269243.489408545,0.019008718541408953
2021-02-09,26225170.21570983,-0.0016777519199014934
2021-02-10,26321407.876713403,0.0036696677356899965
2021-02-11,26333968.290014528,0.0004771938248879781
2021-02-12,26381260.42499018,0.0017958605575441045
2021-02-16,26452013.993467752,0.002681963156337508
2021-02-17,26185670.788624633,-0.010068919701497592
2021-02-18,25975295.681735333,-0.00803397814734197
2021-02-19,26205621.92356307,0.008867126851983986
2021-02-22,25971733.575198248,-0.008925121069327413
2021-02-23,25797525.922264837,-0.006707586631790052
2021-02-24,26000122.43043975,0.007853330927368507
2021-02-25,25435377.933401983,-0.021720839913299428
2021-02-26,25268140.706758693,-0.006574984931663752
2021-03-01,25569961.59991453,0.011944721088050114
2021-03-02,25383706.664247345,-0.007284130441080006
2021-03-03,25350988.060477108,-0.001288960836295927
2021-03-04,25371758.433978576,0.0008193121882238419
2021-03-05,25544714.917353563,0.0068168898827034585
2021-03-08,25362549.278638262,-0.007131245711869294
2021-03-09,25449617.44792741,0.0034329423407954973
2021-03-10,25511975.542603824,0.0024502566611857013
2021-03-11,25855101.981222376,0.013449622434983377
2021-03-12,25759585.056929596,-0.0036943162847375977
2021-03-15,25748742.565174345,-0.0004209109630953778
2021-03-16,25640821.08816303,-0.004191329993616155
2021-03-17,25717535.024630677,0.0029918673900448667
2021-03-18,25341997.56156402,-0.014602389486666922
2021-03-19,25371953.579519197,0.0011820701143390178
2021-03-22,25360843.803158496,-0.00043787626860825046
2021-03-23,25070858.32034107,-0.0114343783301607
2021-03-24,24743105.0970849,-0.013073075483428953
2021-03-25,24878598.43401701,0.0054760037756165225
2021-03-26,25014770.775426324,0.0054734731850136775
2021-03-29,24941839.735993516,-0.0029155189982573715
2021-03-30,25022191.557711735,0.003221567557515126
2021-03-31,25038232.692998536,0.000641076352157377
2021-04-01,25172439.338471863,0.005360068624606029
2021-04-05,25256421.403740525,0.0033362704400408116
2021-04-06,25203890.45406408,-0.002079904703707003
2021-04-07,25146072.892921694,-0.002293993510555925
2021-04-08,25125350.14441585,-0.0008240948236364343
2021-04-09,25127697.60672201,9.343003351847123e-05
2021-04-12,25156122.99987712,0.0011312374734846475
2021-04-13,25051184.229619693,-0.004171500125752292
2021-04-14,25020940.292001806,-0.0012072857450837748
2021-04-15,25025665.47554414,0.00018884915943173652
2021-04-16,25044543.60603891,0.0007543507889218315
2021-04-19,25012398.817701023,-0.0012835046564847463
2021-04-20,25085613.932641238,0.0029271528682166537
2021-04-21,25259701.152988944,0.00693972333366677
2021-04-22,25072004.05407795,-0.0074306935689453235
2021-04-23,25233580.429836947,0.006444493843032806
2021-04-26,25244795.07091067,0.00044443320696818667
2021-04-27,25277794.31708502,0.0013071702931894968
2021-04-28,25178488.341591336,-0.003928585471026036
2021-04-29,25197834.335631195,0.0007683540718328441
2021-04-30,25132624.453174252,-0.0025879161513786553
2021-05-03,25110169.58180043,-0.0008934550952153231
2021-05-04,25134328.66897135,0.0009621236165775482
2021-05-05,25159853.484675955,0.0010155360041947947
2021-05-06,25211192.401988816,0.002040509391047607
2021-05-07,25307559.717558574,0.003822402131291369
2021-05-10,25179525.025106132,-0.005059148091769994
2021-05-11,25020702.62278119,-0.00630760120242857
2021-05-12,24825796.62610447,-0.007789789104453826
2021-05-13,24971241.431163616,0.005858615828110425
2021-05-14,25073666.870889913,0.0041017359913260165
2021-05-17,25090884.97539765,0.0006867006966471134
2021-05-18,25124022.56536168,0.0013207023186516675
2021-05-19,25121457.79991085,-0.00010208418831636479
2021-05-20,25116042.29881857,-0.0002155727241394123
2021-05-21,25125198.508845866,0.00036455624331099834
2021-05-24,25224847.04558085,0.003966079579426962
2021-05-25,25188592.707237117,-0.001437247103152739
2021-05-26,25240057.459207155,0.0020431769479225537
2021-05-27,25273776.48400823,0.001335932965111919
2021-05-28,25307665.17790681,0.0013408638760425973
2021-06-01,25369540.90829985,0.0024449402960748934
2021-06-02,25337709.741639376,-0.0012547001451673756
2021-06-03,25305408.607156478,-0.0012748245525053825
2021-06-04,25290663.008019898,-0.0005827054352487426
2021-06-07,25259309.03131453,-0.0012397451460812725
2021-06-08,25241855.28338418,-0.000690982794054662
2021-06-09,25087429.682252225,-0.006117838780004825
2021-06-10,25052355.209012367,-0.00139808954859455
2021-06-11,25164496.928697415,0.004476294494048405
2021-06-14,25074569.023285568,-0.003573602352022087
2021-06-15,25084786.86890664,0.0004074983546709099
2021-06-16,25079292.16451763,-0.00021904528899230336
2021-06-17,24922244.04800725,-0.0062620633580947604
2021-06-18,24724959.320068907,-0.007916009792630074
2021-06-21,24775296.65248315,0.0020358914149307683
2021-06-22,24758975.156852763,-0.0006587810373908098
2021-06-23,24748020.31404586,-0.00044245946116516777
2021-06-24,24880482.318123907,0.005352428291117262
2021-06-25,24833843.369323473,-0.0018745194809370869
2021-06-28,24939538.927195888,0.004256109547786657
2021-06-29,24939487.819945533,-2.0492459986698464e-06
2021-06-30,24955486.419601087,0.000641496720825252
2021-07-01,24941262.707012393,-0.0005699633479202548
2021-07-02,24819981.64494758,-0.004862667279099453
2021-07-06,24848462.253218282,0.0011474870802936632
2021-07-07,24764010.87262614,-0.0033986562118628605
2021-07-08,24649891.112741217,-0.004608290655011449
2021-07-09,24743449.75555988,0.0037954992332727144
2021-07-12,24791180.83596436,0.001929039033603308
2021-07-13,24688899.6144685,-0.004125709951963263
2021-07-14,24579943.290569976,-0.004413170517922671
2021-07-15,24502633.37960837,-0.0031452436666632444
2021-07-16,24490931.274393417,-0.0004775856143157675
2021-07-19,24424127.56048365,-0.0027276918611753853
2021-07-20,24546048.02303815,0.004991804200685346
2021-07-21,24605602.88737692,0.0024262506242500592
2021-07-22,24564533.865449704,-0.0016690922841920974
2021-07-23,24606153.16266441,0.0016942840211287002
2021-07-26,24584788.803976122,-0.0008682526905792187
2021-07-27,24599967.876929354,0.0006174172604962447
2021-07-28,24676927.144776933,0.0031284296074123308
2021-07-29,24704958.31892849,0.0011359264460726326
2021-07-30,24676091.716637757,-0.0011684537945007012
2021-08-02,24667482.364927646,-0.00034889446063723906
2021-08-03,24714607.829200186,0.0019104286191582442
2021-08-04,24681366.76706288,-0.0013449965448382173
2021-08-05,24735911.275200516,0.002209946825571407
2021-08-06,24716462.706482917,-0.0007862483213665339
2021-08-09,24733939.940511417,0.0007071090323906848
2021-08-10,24753884.206221525,0.0008063521524706019
2021-08-11,24690640.7552129,-0.002554889991475795
2021-08-12,24738993.52756357,0.001958344168952353
2021-08-13,24734660.519185975,-0.00017514893533421283
2021-08-16,24606680.869274195,-0.005174101735195058
2021-08-17,24609138.99208147,9.989656143938319e-05
2021-08-18,24547047.508092955,-0.0025231067209826596
2021-08-19,24593250.193906102,0.0018822094917083643
2021-08-20,24673240.363836765,0.003252525359599856
2021-08-23,24730084.84189041,0.002303891877005304
2021-08-24,24757745.014935832,0.0011184827396373276
2021-08-25,24766119.09679421,0.00033824089606415697
2021-08-26,24788280.364997726,0.0008948219992361839
2021-08-27,24863241.266470995,0.0030240460560191362
2021-08-30,24930712.68005483,0.0027137014382281333
2021-08-31,24899986.9241232,-0.0012324459523457287
2021-09-01,24990449.348741893,0.003633031008986265
2021-09-02,25056318.268877577,0.00263576373583696
2021-09-03,25114848.391449142,0.0023359426530060734
2021-09-07,25066739.667460043,-0.0019155490504764172
2021-09-08,25042200.763122655,-0.0009789428008158962
2021-09-09,24983252.37405237,-0.0023539620030956776
2021-09-10,24916291.30283088,-0.0026802383540358576
2021-09-13,24925060.9691414,0.000351965154201217
2021-09-14,25034035.5248616,0.004372087829799698
2021-09-15,25139400.13805003,0.0042088545046519155
2021-09-16,25197916.665059686,0.002327681913184776
2021-09-17,25152600.206745397,-0.0017984208344147268
2021-09-20,24994381.300716706,-0.006290359832708647
2021-09-21,25070771.289001904,0.0030562864255818667
2021-09-22,25129365.04127526,0.002337134011471731
2021-09-23,25237578.707546476,0.004306263452875658
2021-09-24,25179241.607442312,-0.002311517312345024
2021-09-27,25136804.218424134,-0.0016854117244593514
2021-09-28,24800698.20438659,-0.013371071800415857
2021-09-29,24901430.299522478,0.004061663680019922
2021-09-30,24863397.507260166,-0.0015273336432823914
2021-10-01,25026105.25629501,0.0065440673981636
2021-10-04,24994092.12636981,-0.001279189454265861
2021-10-05,25130829.000904996,0.0054707678056016285
2021-10-06,25090300.660670545,-0.0016126941229432923
2021-10-07,25119690.211465653,0.0011713510807456196
2021-10-08,25159590.479911752,0.0015884060715003478
2021-10-11,25053727.66558977,-0.00420765252147115
2021-10-12,24999740.497886226,-0.002154855693497937
2021-10-13,25000812.98773656,4.290003931939346e-05
2021-10-14,25088719.71141199,0.0035161546033943836
2021-10-15,25109185.21881303,0.0008157254589491458
2021-10-18,25115058.286345553,0.00023390115933041855
2021-10-19,25103088.035489973,-0.0004766164871728984
2021-10-20,25043079.056204293,-0.0023905018856978932
2021-10-21,25083349.326484546,0.0016080398975650834
2021-10-22,25007678.956189107,-0.0030167570251689035
2021-10-25,25062535.832006015,0.0021936012499605972
2021-10-26,24942384.452749766,-0.004794063141161042
2021-10-27,24860218.643105075,-0.0032942243272828797
2021-10-28,24953936.09490344,0.00376977584725946
2021-10-29,24969998.62776496,0.0006436873445707647
2021-11-01,25072774.773319434,0.004115985230379371
2021-11-02,25103042.738067657,0.0012072044287827488
2021-11-03,25133625.794354737,0.0012183007695996118
2021-11-04,25179994.468448736,0.001844885989526146
2021-11-05,25275210.994783297,0.0037814355540812805
2021-11-08,25143862.73515881,-0.0051967225773742465
2021-11-09,25118554.48000514,-0.0010065380733358387
2021-11-10,24840823.444368143,-0.011056808060275869
2021-11-11,24884125.901624564,0.0017431973361672348
2021-11-12,24869376.534578297,-0.0005927219266039785
2021-11-15,24813948.81068903,-0.0022287540587196952
2021-11-16,24917599.197538115,0.004177101663256355
2021-11-17,24872099.259925716,-0.0018260161122142238
2021-11-18,24920840.431552023,0.0019596726081276827
2021-11-19,24879547.43104664,-0.0016569666106887038
2021-11-22,24660627.18738154,-0.00879920522155131
2021-11-23,24520987.766053732,-0.005662444035456571
2021-11-24,24560200.22567595,0.0015991386642468797
2021-11-26,24275207.66403453,-0.011603837062512334
2021-11-29,24313450.386781,0.0015753818989210355
2021-11-30,24151942.329284977,-0.006642745267608441
2021-12-01,23922726.78479629,-0.009490563589610646
2021-12-02,23890568.637744118,-0.0013442509017245197
2021-12-03,23845166.58375153,-0.001900417469379856
2021-12-06,23894899.911103398,0.002085677496828975
2021-12-07,24131066.449148208,0.00988355418618303
2021-12-08,24140845.68403203,0.00040525498135068894
2021-12-09,24088090.397938475,-0.0021853122622149668
2021-12-10,24164290.511718947,0.003163393715385432
2021-12-13,23979739.671930403,-0.007637337404921674
2021-12-14,23902980.955636863,-0.0032009820516688547
2021-12-15,24017855.824883938,0.004805880465715839
2021-12-16,23850729.282296676,-0.0069584289207910155
2021-12-17,23776947.89557769,-0.003093464600000706
2021-12-20,23666310.925164625,-0.004653119100860081
2021-12-21,23779525.76435479,0.004783797506428655
2021-12-22,23874074.08097492,0.003976038780464597
2021-12-23,23932128.369804427,0.002431687554985462
2021-12-27,24090604.451545592,0.006621896694366525
2021-12-28,24060290.08466885,-0.0012583481223028548
2021-12-29,24061045.570283398,3.139968852794439e-05
2021-12-30,24022918.121165734,-0.0015846131460203194
2021-12-31,24027823.546099205,0.00020419771273116893
2022-01-03,24069823.349371105,0.0017479653615450896
2022-01-04,24104788.953043085,0.0014526738798392724
2022-01-05,23889717.066464532,-0.008922371691265196
2022-01-06,23825297.57834149,-0.002696536252137949
2022-01-07,23773595.088910922,-0.00217006689047905
2022-01-10,23719167.862533707,-0.002289398224108008
2022-01-11,23841472.31389933,0.005156355065845775
2022-01-12,23927217.65202795,0.003596478313070861
2022-01-13,23962941.33817591,0.0014930146357796659
2022-01-14,24088689.1756291,0.005247596097598395
2022-01-18,23955567.646665156,-0.00552630855059677
2022-01-19,23790949.8264303,-0.006871797932860635
2022-01-20,23685125.25214224,-0.004448102116986319
2022-01-21,23672722.209942166,-0.0005236637791877774
2022-01-24,23669062.98894833,-0.00015457542066277252
2022-01-25,23731522.632615477,0.0026388726793413753
2022-01-26,23760313.59661826,0.001213194974822862
2022-01-27,23784714.583386913,0.0010269640032076754
2022-01-28,23749989.20023946,-0.0014599873807906727
2022-01-31,23755073.778483607,0.00021408760236796276
2022-02-01,23848008.758884758,0.003912216028784776
2022-02-02,23855138.444917753,0.0002989635782626454
2022-02-03,23789216.268850386,-0.0027634371613304287
2022-02-04,23796454.326882467,0.0003042579440315496
2022-02-07,23809554.922515288,0.0005505272110233328
2022-02-08,23794795.431315176,-0.0006198978203558747
2022-02-09,23830089.127261452,0.001483252757862763
2022-02-10,23808539.742391583,-0.0009042930873983668
2022-02-11,23891129.86982401,0.003468928725829157
2022-02-14,23875956.81663586,-0.0006350914867077062
2022-02-15,23913116.236603845,0.0015563531234943362
2022-02-16,23982600.27874789,0.0029056874669344257
2022-02-17,23930496.25686391,-0.0021725760042021758
2022-02-18,23904192.540935427,-0.0010991713521586455
2022-02-22,23900072.61651627,-0.00017235154093164784
2022-02-23,23938454.2418378,0.001605920866324384
2022-02-24,23840479.93147488,-0.004092758428474008
2022-02-25,23920476.766164348,0.0033555043740480794
2022-02-28,23918689.165870786,-7.473096422938585e-05
2022-03-01,23947483.59806466,0.0012038465818169364
2022-03-02,23979487.443132948,0.001336417871933504
2022-03-03,23978140.2483526,-5.618113329342034e-05
2022-03-04,23931334.79325268,-0.0019520052270581845
2022-03-07,23727614.19198161,-0.008512713688185403
2022-03-08,23759756.67736895,0.0013546446400920509
2022-03-09,23775476.20624609,0.0006616031085922014
2022-03-10,23806216.336530525,0.00129293436723521
2022-03-11,23764625.538713705,-0.0017470561986366873
2022-03-14,23725715.32753182,-0.0016373164019983788
2022-03-15,23683272.38944673,-0.0017889002501785267
2022-03-16,23701172.047628608,0.0007557932825976721
2022-03-17,23676052.229767106,-0.001059855513095398
2022-03-18,23700271.926751148,0.001022961799078681
2022-03-21,23764041.638399612,0.0026906742608503453
2022-03-22,23755630.262775775,-0.0003539539170914763
2022-03-23,23860432.0135905,0.004411659453167349
2022-03-24,23965282.099377804,0.004394307937408026
2022-03-25,24104277.44460257,0.005799862678369072
2022-03-28,23979677.869695205,-0.005169189377019379
2022-03-29,23985634.7715217,0.0002484145891725742
2022-03-30,24124148.80108666,0.005774874456498491
2022-03-31,24125774.84655731,6.740322670273358e-05
2022-04-01,24195157.75741034,0.002875883211806096
2022-04-04,24184949.093727298,-0.0004219300318434316
2022-04-05,24134057.79419375,-0.0021042549784299203
2022-04-06,24068786.153692927,-0.0027045447996119076
2022-04-07,24189939.97431559,0.005033648969625215
2022-04-08,24207597.82873062,0.0007299668553861771
2022-04-11,24167864.080861647,-0.0016413750819098682
2022-04-12,24217055.30223435,0.0020353979651706045
2022-04-13,24330901.7065111,0.004701083713767762
2022-04-14,24294955.070781924,-0.0014774066396213703
2022-04-18,24269856.936814707,-0.001033059492972721
2022-04-19,24276321.719213087,0.0002663708490417971
2022-04-20,24268235.287729524,-0.0003330995353041377
2022-04-21,24111507.38280467,-0.006458150049505229
2022-04-22,23984423.177023694,-0.005270686886694076
2022-04-25,23924583.644443657,-0.0024949331546718634
2022-04-26,23835922.008674737,-0.0037058799888253224
2022-04-27,23844400.498049002,0.000355702178047812
2022-04-28,23858799.491306506,0.0006038731507920225
2022-04-29,23831004.35014312,-0.0011649849010011426
2022-05-02,23750743.4833598,-0.0033679179275899473
2022-05-03,23789815.817384623,0.0016450994071910419
2022-05-04,23885529.98882797,0.004023325450607462
2022-05-05,23833579.90475566,-0.002174960492675293
2022-05-06,23883625.538140398,0.002099795061620169
2022-05-09,23785302.02508632,-0.004116775022161567
2022-05-10,23816326.52943765,0.001304356123735806
2022-05-11,23889679.601161428,0.0030799490271142815
2022-05-12,23901671.504511792,0.0005019700368764646
2022-05-13,23947877.344559267,0.001933163546271377
2022-05-16,23989487.804929283,0.0017375427379775488
2022-05-17,24022152.619291566,0.0013616303369166083
2022-05-18,23970441.015574753,-0.0021526631911947813
2022-05-19,24012843.916285787,0.001768966231513236
2022-05-20,24057487.692014992,0.0018591623668084978
2022-05-23,24159874.3180901,0.004255915139014688
2022-05-24,24103391.21860616,-0.002337888796120402
2022-05-25,24150258.70855475,0.0019444355162940852
2022-05-26,24183809.526199944,0.0013892529289265543
2022-05-27,24114218.494180117,-0.00287758766642765
2022-05-31,24061045.93009774,-0.0022050295387018304
2022-06-01,24046601.294468828,-0.0006003328230567151
2022-06-02,24040240.18788041,-0.0002645324597234655
2022-06-03,24096648.953530636,0.0023464310343563888
2022-06-06,24071296.133662567,-0.0010521305230848377
2022-06-07,24054986.83388877,-0.0006775414038046046
2022-06-08,24038125.8521831,-0.0007009349795991104
2022-06-09,23998584.232319437,-0.0016449543573744396
2022-06-10,23945812.14119748,-0.0021989668478396007
2022-06-13,23847797.597050488,-0.004093181035959237
2022-06-14,23880403.30464874,0.0013672418790691143
2022-06-15,23898765.47183465,0.000768921988111293
2022-06-16,23905077.466801327,0.0002641138503207685
2022-06-17,23903929.831353437,-4.8008020450240885e-05
2022-06-21,23902208.378178325,-7.201548813340342e-05
2022-06-22,23915980.00356612,0.0005761653973517245
2022-06-23,23919996.727643564,0.00016795147331816196
2022-06-24,23918849.092189122,-4.79780774015337e-05
2022-06-27,23913684.732670337,-0.00021591170623969091
2022-06-28,23912537.097222447,-4.79907408966751e-05
2022-06-29,23918275.27446845,0.00023996522086622285
2022-06-30,23927456.358058132,0.0003838522420336332
2022-07-01,23941744.24725392,0.0005971336435424135
2022-07-05,23941169.883127615,-2.399007024611599e-05
2022-07-06,23927959.50811115,-0.0005517848576721551
2022-07-07,23924513.323327094,-0.00014402334569674213
2022-07-08,23918769.68201815,-0.00024007348577259613
2022-07-11,23920492.774410177,7.20393404398667e-05
2022-07-12,23922790.230935067,9.604553495434764e-05
2022-07-13,23917620.953752432,-0.00021608170003306615
2022-07-14,23915897.861360405,-7.204280038386468e-05
2022-07-15,23919344.04614446,0.00014409598184572658
2022-07-18,23916472.225493263,-0.00012006268422981581
2022-07-19,23911302.94831063,-0.00021613878225423822
2022-07-20,23910728.584184323,-2.4020611823050153e-05
2022-07-21,23923938.95919423,0.0005524873474014314
2022-07-22,23936000.60594498,0.000504166423903829
2022-07-25,23931980.057028066,-0.00016797078940222754
2022-07-26,23929682.600503176,-9.599943336968675e-05
2022-07-27,23937149.334210698,0.00031202811304176237
2022-07-28,23947487.888562866,0.0004319041590048478
2022-07-29,23946913.524436556,-2.398431639183407e-05
2022-08-01,23946812.780964937,-4.206950157348288e-06
2022-08-02,23930138.50329612,-0.0006963046740847689
2022-08-03,23931863.428568814,7.208170869787978e-05
2022-08-04,23938188.154581804,0.00026428054931315614
2022-08-05,23911835.49988004,-0.0011008625436308428
2022-08-08,23917650.84047797,0.00024319925578120127
2022-08-09,23911835.49988004,-0.00024314012428383602
2022-08-10,23917650.84047797,0.00024319925578120127
2022-08-11,23915470.08775685,-9.117754647658405e-05
2022-08-12,23916923.922904264,6.0790573719771146e-05
2022-08-15,23922012.345936775,0.00021275407526966106
2022-08-16,23916923.92290426,-0.00021270882060131502
2022-08-17,23914272.893075395,-0.00011084326050503357
2022-08-18,23930667.327795517,0.0006855502064990748
2022-08-19,23889372.20781531,-0.0017256150618182309
2022-08-22,23881573.789658703,-0.0003264388067115709
2022-08-23,23899048.514082756,0.0007317241559523513
2022-08-24,23951574.113263417,0.002197811312434128
2022-08-25,23969446.319834083,0.0007461808767204037
2022-08-26,23939565.501393136,-0.0012466211376864766
2022-08-29,23917200.26438917,-0.0009342373821557004
2022-08-30,23830443.856734216,-0.0036273646871672893
2022-08-31,23836698.25109305,0.00026245396000312837
2022-09-01,23790901.794633433,-0.0019212583881039746
2022-09-02,23835096.245909043,0.0018576198438000624
2022-09-06,23828612.97230322,-0.00027200534618931904
2022-09-07,23832132.952922035,0.00014772075164026788
2022-09-08,23854308.551541828,0.0009304915621106691
2022-09-09,23858953.614398606,0.00019472636763895323
2022-09-12,23854047.622423932,-0.0002056247752505458
2022-09-13,23830752.940801367,-0.0009765504786142243
2022-09-14,23835879.324725058,0.00021511632202408926
2022-09-15,23833600.330066286,-9.561193978724347e-05
2022-09-16,23832527.491944373,-4.5013682660410836e-05
2022-09-19,23826397.928731043,-0.00025719316658301405
2022-09-20,23903038.174774613,0.003216610680003562
2022-09-21,23903351.348003387,1.3101816868754668e-05
2022-09-22,23897627.73928554,-0.00023944796001695856
2022-09-23,23894774.642286632,-0.00011938829368474124
2022-09-26,23882034.194774836,-0.000533189691157343
2022-09-27,23886366.08440284,0.00018138696195957316
2022-09-28,24007055.769933097,0.005052659961075623
2022-09-29,23999191.474165402,-0.0003275826841516727
2022-09-30,23998787.487771343,-1.6833333510213322e-05
2022-10-03,24009007.829894524,0.0004258691039449314
2022-10-04,24010732.42590631,7.183120702047852e-05
2022-10-05,24006133.503212567,-0.00019153612693556532
2022-10-06,24000384.84983559,-0.00023946602547253448
2022-10-07,23994636.19645861,-0.00023952338318511401
2022-10-10,23992911.600446824,-7.187423045995622e-05
2022-10-11,23995211.061793696,9.583919555766762e-05
2022-10-12,23999809.98449397,0.0001916600228450971
2022-10-13,23986013.216393143,-0.0005748698889591619
2022-10-14,23983713.75504627,-9.58667589368023e-05
2022-10-17,23988887.54308163,0.00021572088827448432
2022-10-18,23991187.004435036,9.58552725414119e-05
2022-10-19,23982564.024369568,-0.00035942281904910445
2022-10-20,23977390.23633421,-0.00021573122999285488
2022-10-21,23989462.40842325,0.0005034814869362414
2022-10-24,23988312.67774655,-4.7926487768856774e-05
2022-10-25,23992911.600446824,0.00019171513903692983
2022-10-26,23996935.657812018,0.00016771859256636823
2022-10-27,24006708.368547656,0.0004072482784882592
2022-10-28,23999809.984493975,-0.0002873523495090513
2022-10-31,23992911.600446824,-0.00028743494434357864
2022-11-01,23988352.343454473,-0.00019002516527699687
2022-11-02,23986048.877259657,-9.602436056610486e-05
2022-11-03,23977410.879038896,-0.000360125932576949
2022-11-04,23982593.677973967,0.0002161534021007938
2022-11-07,23978562.612136304,-0.0001680829810065676
2022-11-08,23983169.544519402,0.00019212712861960135
2022-11-09,23990655.809649292,0.00031214661248135656
2022-11-10,24015993.937772673,0.0010561665476935822
2022-11-11,24014842.204675265,-4.795691989234463e-05
2022-11-14,24010811.138837602,-0.00016785726940471424
2022-11-15,24015418.071220703,0.00019186908582402573
2022-11-16,24015993.937772673,2.397903506246024e-05
2022-11-17,24010235.272285633,-0.0002397845994615011
2022-11-18,24005052.473357093,-0.00021585789850719905
2022-11-21,24003900.740259685,-4.797877857942723e-05
2022-11-22,24007355.939545378,0.00014394324168720551
2022-11-23,24011387.00538304,0.00016790961269586013
2022-11-25,24011962.87193501,2.3983060696952663e-05
2022-11-28,24013114.605032418,4.7964970775193905e-05
2022-11-29,24011387.00538304,-7.194400550669666e-05
2022-11-30,24025207.802545406,0.0005755934531923579
2022-12-01,24021595.405838717,-0.0001503586040286775
2022-12-02,24116285.698737036,0.003941881931593283
2022-12-05,24009619.816381246,-0.0044229813698623
2022-12-06,24032075.948957764,0.0009352972995098074
2022-12-07,23995863.757114954,-0.0015068274550946725
2022-12-08,24062176.8231871,0.002763520694373245
2022-12-09,24028378.81022931,-0.0014046116112497176
2022-12-12,24012019.00254518,-0.0006808535779019298
2022-12-13,24089928.811883293,0.0032446171781661537
2022-12-14,24101195.866600953,0.0004677080951813739
2022-12-15,23924872.725455068,-0.007315949885716266
2022-12-16,23894601.996352904,-0.001265240966985659
2022-12-19,23855498.26200728,-0.0016365091308736535
2022-12-20,23781633.32358063,-0.003096348590810649
2022-12-21,23788213.066936143,0.00027667331616743063
2022-12-22,23785478.936789796,-0.00011493634005432796
2022-12-23,23783291.63267148,-9.195964160024772e-05
2022-12-27,23777276.546356928,-0.00025291227166757135
2022-12-28,23777276.546356928,0.0
2022-12-29,23780557.50253131,0.00013798704691780905
2022-12-30,23775089.242244788,-0.00022994668169318278
2023-01-03,23778917.02444103,0.00016099969834981742
2023-01-04,23783291.63267148,0.00018397003639614162
2023-01-05,23777276.546356928,-0.00025291227166757135
2023-01-06,23794228.153250698,0.0007129330754396257
2023-01-09,23798602.76148115,0.0001838516552115088
2023-01-10,23794774.979278732,-0.00016084062752685924
2023-01-11,23798602.76148115,0.00016086650139590652
2023-01-12,23785266.12166281,-0.0005603959170210615
2023-01-13,23818078.608206104,0.0013795299314902643
2023-01-17,23756761.34730086,-0.002574399972133712
2023-01-18,23609876.64918188,-0.0061828586805948715
2023-01-19,23568554.166097637,-0.001750220202259123
2023-01-20,23654354.30940193,0.003640450012318164
2023-01-23,23779460.460523482,0.005288926913207925
2023-01-24,23896157.20338071,0.004907459656242397
2023-01-25,23957175.68352458,0.002553485048852666
2023-01-26,23990729.014119256,0.0014005545160213906
2023-01-27,24009337.867303275,0.0007756685164950206
2023-01-30,23935644.02430343,-0.0030693825630320193
2023-01-31,24069417.821556963,0.005588894834737124
2023-02-01,24246289.046232678,0.007348379839802632
2023-02-02,24516262.781138055,0.011134641445154525
2023-02-03,24299281.48308157,-0.008850504662701764
2023-02-06,24365222.46947588,0.0027137010796067784
2023-02-07,24440536.291334774,0.0030910377261379463
2023-02-08,24280208.29720183,-0.006559921280851255
2023-02-09,24209775.246517994,-0.0029008421106483384
2023-02-10,24116781.850835577,-0.003841150722611153
2023-02-13,24240342.51768094,0.005123430962289843
2023-02-14,24370519.832318455,0.005370275380496947
2023-02-15,24467049.838829778,0.003960933421835122
2023-02-16,24369366.80437604,-0.003992432070772711
2023-02-17,24298001.701040056,-0.002928475897993721
2023-02-21,24010592.879988953,-0.011828496210813944
2023-02-22,24036728.603282925,0.0010885080357909693
2023-02-23,24033580.96545507,-0.0001309511739224778
2023-02-24,23920183.258035395,-0.0047183025943020596
2023-02-27,23967372.94421941,0.001972797853384556
2023-02-28,24007068.493315343,0.0016562327956559653
2023-03-01,24126467.30485099,0.004973485686888157
2023-03-02,23921100.154257998,-0.008512110289420671
2023-03-03,24010275.463126086,0.003727893294749318
2023-03-06,23995731.014500525,-0.0006057593403248074
2023-03-07,23965770.11403335,-0.001248592945514826
2023-03-08,24019110.17333558,0.0022256768319326437
2023-03-09,23935225.548880827,-0.0034924118274737292
2023-03-10,23866846.605162367,-0.0028568330630022176
2023-03-13,23815922.906771142,-0.002133658427259988
2023-03-14,23873734.28633738,0.0024274255418337276
2023-03-15,23847873.812904663,-0.0010832186168510116
2023-03-16,23862972.41847356,0.0006331216647383897
2023-03-17,23852351.733668838,-0.0004450696509417096
2023-03-20,23888685.561335623,0.001523280726046794
2023-03-21,23938492.86420598,0.0020849746103641653
2023-03-22,23891486.204747677,-0.001963643230380119
2023-03-23,23983985.11111757,0.0038716263014024754
2023-03-24,23914188.000473507,-0.002910154852110547
2023-03-27,23902293.95652887,-0.0004973634874996247
2023-03-28,23854002.90775722,-0.002020352057399921
2023-03-29,23906378.47568635,0.0021956720694495946
2023-03-30,23940991.273929127,0.001447847831823612
2023-03-31,24013413.89817284,0.003025047017271243
2023-04-03,24017756.479406297,0.00018083981111027825
2023-04-04,23985813.393437337,-0.0013299779268037826
2023-04-05,23904824.311748873,-0.0033765409727828377
2023-04-06,23887454.73676608,-0.0007266137895962643
2023-04-10,23956463.704728413,0.002888920930370853
2023-04-11,23919006.80709608,-0.0015635403494440592
2023-04-12,23901085.6337053,-0.0007492440440906023
2023-04-13,23975444.545037966,0.0031111102011118774
2023-04-14,23948767.347860593,-0.0011126883227237094
2023-04-17,23935778.937144786,-0.0005423415129116593
2023-04-18,23955901.37851843,0.0008406846264115142
2023-04-19,23914058.35205572,-0.0017466688396132746
2023-04-20,23858225.762267835,-0.0023347183052718767
2023-04-21,23970250.628365748,0.004695439938165125
2023-04-24,23937543.282914314,-0.0013644974330275783
2023-04-25,23871149.684263263,-0.0027736179049936416
2023-04-26,23848873.310907677,-0.0009331923116493446
2023-04-27,23894174.61270477,0.0018995153861784964
2023-04-28,23871492.245280936,-0.000949284408919171
2023-05-01,23869458.858603664,-8.518054323458646e-05
2023-05-02,23806038.162932385,-0.00265698087447086
2023-05-03,23832822.629850786,0.0011251123238182892
2023-05-04,23797783.11465163,-0.0014702209529838806
2023-05-05,23856455.764923498,0.0024654670558681424
2023-05-08,23879852.562840816,0.000980732349677771
2023-05-09,23829213.160028696,-0.0021205910999182453
2023-05-10,23911679.5160572,0.0034607250971607773
2023-05-11,23879099.855641805,-0.0013624998776651243
2023-05-12,23849722.813119352,-0.0012302407837836427
2023-05-15,23883114.779584724,0.0014000987234537021
2023-05-16,23839368.280883264,-0.0018316915153318014
2023-05-17,23820632.048845537,-0.0007859365993666545
2023-05-18,23875027.842607796,0.002283557953068449
2023-05-19,23883162.724494047,0.0003407276397697778
2023-05-22,23867069.9373023,-0.0006738130697926392
2023-05-23,23761386.480078142,-0.0044280029975100055
2023-05-24,23779959.514222067,0.0007816477443138847
2023-05-25,24147837.290743195,0.015470075813253992
2023-05-26,24353559.32177721,0.008519273529844273
2023-05-30,24519300.852830607,0.006805638915589274
2023-05-31,24258533.93003933,-0.010635169589722326
2023-06-01,24357667.66072929,0.004086550777382403
2023-06-02,24304903.381241277,-0.0021662287302277594
2023-06-05,24281258.48653203,-0.0009728446288537196
2023-06-06,24435910.013281044,0.006369172620718677
2023-06-07,24416618.033473946,-0.0007894929960297059
2023-06-08,24598984.996703446,0.0074689690021558786
2023-06-09,24709630.285378292,0.0044979615496199
2023-06-12,24730155.537238825,0.0008306579913774925
2023-06-13,24652679.484851446,-0.003132857465077965
2023-06-14,24742294.15325024,0.003635088366514383
2023-06-15,24686819.46968081,-0.002242099428041322
2023-06-16,24497924.026657872,-0.007651671907550894
2023-06-20,24454888.74097812,-0.001756691123416032
2023-06-21,24328332.11129436,-0.005175105518746337
2023-06-22,24358175.97165814,0.0012267121406948078
2023-06-23,24259043.62487047,-0.0040697771008393335
2023-06-26,24222787.571319453,-0.0014945376294162038
2023-06-27,24338401.41577368,0.0047729372234233125
2023-06-28,24431381.287058942,0.0038202949198218317
2023-06-29,24430372.46862594,-4.129191146207134e-05
2023-06-30,24580705.537196334,0.006153531583010352
2023-07-03,24603828.121891566,0.0009406802689304605
2023-07-05,24628026.74860055,0.0009835309606740505
2023-07-06,24581377.576139178,-0.0018941498211594299
2023-07-07,24673128.505929396,0.003732538158450538
2023-07-10,24797004.777896076,0.005020695771795314
2023-07-11,24839264.45982358,0.0017042252605110608
2023-07-12,24912258.947952665,0.002938673496035049
2023-07-13,25067942.67464265,0.00624928181002149
2023-07-14,25066823.605946086,-4.464142554838624e-05
2023-07-17,25142111.625505198,0.0030034926140882767
2023-07-18,25294292.942636132,0.006052845496738346
2023-07-19,25184302.970786713,-0.004348410611787479
2023-07-20,25128791.701664872,-0.0022042011321985466
2023-07-21,25091002.543265004,-0.0015038191588561123
2023-07-24,25142409.3870051,0.0020488158514770927
2023-07-25,25249376.4772989,0.004254448674640088
2023-07-26,25239490.44389496,-0.0003915357439748801
2023-07-27,25334442.898893822,0.0037620591116898083
2023-07-28,25441381.254983205,0.004221066021311781
2023-07-31,25429112.855313707,-0.00048222223261151775
2023-08-01,25492364.91608578,0.002487387630546234
2023-08-02,25302340.78763579,-0.0074541584931606675
2023-08-03,25321472.84664291,0.0007561379070695207
2023-08-04,25463479.332383767,0.005608144778974866
2023-08-07,25585695.50468979,0.004799665069753045
2023-08-08,25546079.919777688,-0.0015483489555654373
2023-08-09,24865326.6313135,-0.026648052875507977
2023-08-10,24819682.147823486,-0.0018356679631359452
2023-08-11,24782909.928490434,-0.0014815749498338082
2023-08-14,24845201.041073933,0.0025134704828140286
2023-08-15,24799032.60311751,-0.0018582436857764728
2023-08-16,24773841.057166927,-0.0010158277685161643
2023-08-17,24678667.118530896,-0.003841711037719686
2023-08-18,24707283.548752595,0.0011595614173267599
2023-08-21,24737033.25970873,0.0012040866774136738
2023-08-22,24751930.63396185,0.0006022296245760117
2023-08-23,24804257.449280366,0.0021140498530130003
2023-08-24,24777641.07433787,-0.0010730567120149637
2023-08-25,24837210.88499586,0.0024041760262516476
2023-08-28,24875878.74132333,0.0015568517941291216
2023-08-29,24933275.270012345,0.002307316629328593
2023-08-30,25005533.495349552,0.0028980639147762055
2023-08-31,25110160.814722322,0.004184166652242194
2023-09-01,25100341.030187372,-0.0003910681658872983
2023-09-05,25105041.48477183,0.00018726656258594154
2023-09-06,25081808.79297687,-0.0009254193747917361
2023-09-07,25114236.211641423,0.0012928660341926523
2023-09-08,25071109.528813556,-0.0017172205622513204
2023-09-11,25080856.156008493,0.000388759308148412
2023-09-12,25113791.49030827,0.0013131662689229717
2023-09-13,25145231.19504839,0.0012518900123963395
2023-09-14,25200360.863890473,0.002192450266790047
2023-09-15,25166393.819672063,-0.0013478792784702431
2023-09-18,25165167.119917437,-4.874356506601174e-05
2023-09-19,25131980.710563626,-0.0013187438492131554
2023-09-20,24986482.337759107,-0.00578937149762182
2023-09-21,24878218.4643364,-0.004332897762847621
2023-09-22,24903535.437241185,0.0010176360876112955
2023-09-25,24945332.678393204,0.001678365758843725
2023-09-26,24894669.503300272,-0.0020309681071848384
2023-09-27,24876525.717462093,-0.0007288221213691548
2023-09-28,24897877.96314889,0.0008583290902155483
2023-09-29,24818485.5289351,-0.0031887229237486103
2023-10-02,24703147.212030992,-0.004647274579653082
2023-10-03,24677431.4582718,-0.0010409909935146233
2023-10-04,24700927.219262462,0.0009521153378702074
2023-10-05,24701742.207330722,3.2994229772320693e-05
2023-10-06,24719795.965234064,0.0007308698209143039
2023-10-09,24799735.773434,0.003233837702882436
2023-10-10,24794114.668115914,-0.00022665988740511178
2023-10-11,24816762.9729111,0.0009134548701716927
2023-10-12,24788501.771737732,-0.0011387948220409339
2023-10-13,24742870.929078225,-0.0018408068014635903
2023-10-16,24747000.12833914,0.00016688440370371538
2023-10-17,24752888.53179938,0.00023794413180189267
2023-10-18,24715499.827369146,-0.0015104784389992076
2023-10-19,24651472.654148478,-0.002590567606072347
2023-10-20,24606365.12804889,-0.0018298106053310503
2023-10-23,24601099.513157293,-0.0002139940159464615
2023-10-24,24612872.47203586,0.000478554174876189
2023-10-25,24561904.778581094,-0.0020707738811336363
2023-10-26,24522544.371152434,-0.0016024981687488005
2023-10-27,24536413.61055826,0.0005655709781136053
2023-10-30,24546344.02821878,0.0004047216442522039
2023-10-31,24561107.033454128,0.000601433973970833
2023-11-01,24568321.140244704,0.000293720750483617
2023-11-02,24694159.05602096,0.005121958275371208
2023-11-03,24660298.375701156,-0.0013712020013716408
2023-11-06,24638630.066172067,-0.0008786718310934694
2023-11-07,24650504.797440134,0.0004819558244990585
2023-11-08,24610051.986206423,-0.0016410540703374332
2023-11-09,24591696.706494264,-0.0007458448166809406
2023-11-10,24633800.320191678,0.0017121069033960712
2023-11-13,24671618.94247721,0.0015352329642184248
2023-11-14,24735421.998876877,0.002586091190384554
2023-11-15,24763670.19998366,0.001142014116761958
2023-11-16,24762411.63792141,-5.082292132330135e-05
2023-11-17,24824796.060237773,0.0025193193307886386
2023-11-20,24971750.46197205,0.005919661993504022
2023-11-21,24944463.34899395,-0.0010927192717088419
2023-11-22,24954013.16944267,0.00038284329131910155
2023-11-24,24998482.86989275,0.0017820660808394173
2023-11-27,25001678.60474344,0.0001278371518511623
2023-11-28,24930690.655843485,-0.002839327311666473
2023-11-29,24932273.957166705,6.350812117794646e-05
2023-11-30,24985662.84374737,0.002141356487273649
2023-12-01,25023060.4329241,0.0014967619394612441
2023-12-04,25035660.513172414,0.0005035387370817546
2023-12-05,25023694.3385119,-0.0004779652070381335
2023-12-06,24965118.213784143,-0.0023408264157704917
2023-12-07,24848984.488189932,-0.004651839602749841
2023-12-08,24899245.724695526,0.002022667627704644
2023-12-11,24858992.411971666,-0.0016166478763626202
2023-12-12,24904777.982023,0.001841811176115371
2023-12-13,24982649.3517216,0.00312676426004721
2023-12-14,25047535.51120753,0.0025972489375494234
2023-12-15,25111669.546053868,0.0025604928204470134
2023-12-18,25125026.782620754,0.0005319135210182235
2023-12-19,25166026.75413423,0.0016318379227295843
2023-12-20,25145222.343892448,-0.000826686327763837
2023-12-21,25188619.560155295,0.0017258632940022611
2023-12-22,25211488.797769435,0.0009079194498740062
2023-12-26,25219122.140753053,0.00030277240050557985
2023-12-27,25221696.79901689,0.00010209151014328732
2023-12-28,25167376.97655794,-0.002153694213827273
2023-12-29,25164153.832637545,-0.00012806832922629408
2024-01-02,25136810.501446,-0.001086598475490197
2024-01-03,25189198.070933484,0.002084097721326561
2024-01-04,25230818.850242745,0.0016523264929695358
2024-01-05,25259106.425880242,0.0011211517075762067
2024-01-08,25281365.682019897,0.0008812368800523718
2024-01-09,25219956.379622962,-0.0024290342210669946
2024-01-10,25185662.69301789,-0.0013597837398633406
2024-01-11,25081136.638801474,-0.004150220523893244
2024-01-12,25135522.520026587,0.002168397788678167
2024-01-16,25050902.568063166,-0.003366548353868515
2024-01-17,25083720.425771262,0.0013100469182270036
2024-01-18,25074770.043107666,-0.0003568203803770986
2024-01-19,25098176.00547157,0.0009334467404351621
2024-01-22,25085677.511976417,-0.0004979841360753801
2024-01-23,24906775.26258315,-0.007131649097691484
2024-01-24,24972650.10959875,0.0026448565228176513
2024-01-25,24954737.83632454,-0.0007172756273602365
2024-01-26,24898347.995960727,-0.0022596847433808964
2024-01-29,24873743.616987083,-0.0009881932318415165
2024-01-30,24886283.622162152,0.0005041462744073133
2024-01-31,24850097.490136523,-0.0014540592952739795
2024-02-01,24871816.474327102,0.0008739999591229619
2024-02-02,24865661.438846402,-0.00024747028376692626
2024-02-05,24845399.9456985,-0.0008148382940760257
2024-02-06,24827659.28233584,-0.0007140421728542012
2024-02-07,24817677.646866545,-0.0004020369119692724
2024-02-08,24815398.245369837,-9.184588216282208e-05
2024-02-09,24858245.03993671,0.0017266212753555
2024-02-12,24820035.2638107,-0.0015371067452517595
2024-02-13,24799486.905356213,-0.0008278940072438123
2024-02-14,24878903.037929412,0.0032023296641692234
2024-02-15,24892859.121030733,0.0005609605487848501
2024-02-16,24887432.80733434,-0.00021798675957662716
2024-02-20,24860932.859544564,-0.0010647923389658365
2024-02-21,24869128.331033047,0.00032965261339090723
2024-02-22,24921240.07094417,0.0020954389400973383
2024-02-23,24925694.552602798,0.00017874237581860797
2024-02-26,24900946.50963759,-0.000992872752772378
2024-02-27,24880639.375115126,-0.0008155165714124335
2024-02-28,24875127.930596143,-0.0002215153893712074
2024-02-29,24893134.4956716,0.0007238782902221352
2024-03-01,24911745.830406256,0.0007476493061928657
2024-03-04,24929848.2125374,0.0007266605180697994
2024-03-05,24939801.988030214,0.0003992714038190126
2024-03-06,24968662.234206628,0.001157196283686046
2024-03-07,25008161.196809303,0.0015819414845767987
2024-03-08,24951538.840854943,-0.002264155109556132
2024-03-11,24938307.28384465,-0.0005302902195606363
2024-03-12,24980585.661451373,0.0016953186567763012
2024-03-13,24952061.884793438,-0.0011418377873322338
2024-03-14,24953083.56801559,4.0945843548634286e-05
2024-03-15,24935414.756725483,-0.0007080812774881151
2024-03-18,24936163.027073044,3.0008337734255264e-05
2024-03-19,24937799.71527064,6.563512581370112e-05
2024-03-20,24958041.84778628,0.0008117048314910669
2024-03-21,24970456.143974952,0.000497406658117816
2024-03-22,24967468.49635934,-0.00011964729832669718
2024-03-25,24947081.433273092,-0.0008165450609949332
2024-03-26,24932064.663276095,-0.0006019449624663498
2024-03-27,24945630.235964328,0.0005441014561546886
2024-03-28,24954023.292424746,0.0003364539753465401
2024-04-01,24939394.218756992,-0.0005862410841058763
2024-04-02,24912783.15109956,-0.0010670294323916751
2024-04-03,24946005.01103747,0.0013335266371652388
2024-04-04,24918795.405708034,-0.0010907399929326322
2024-04-05,24992972.53337097,0.0029767541510432594
2024-04-08,24992943.27194314,-1.17078621963973e-06
2024-04-09,24983876.864793703,-0.0003627586815521111
2024-04-10,24951657.176202077,-0.0012896192518875305
2024-04-11,24961130.594468553,0.00037967090520596436
2024-04-12,24933800.936712336,-0.0010948886170353278
2024-04-15,24925992.41559082,-0.000313170107571481
2024-04-16,24964469.63250317,0.001543658373589274
2024-04-17,24936568.70820835,-0.0011176253573796924
2024-04-18,24924510.00921339,-0.00048357491104966677
2024-04-19,24902151.961915035,-0.0008970305650980448
2024-04-22,24959029.99454522,0.002284060940483279
2024-04-23,25011402.485232383,0.0020983383848893755
2024-04-24,24992976.132600717,-0.0007367180885815561
2024-04-25,25010433.685795594,0.0006984983741933348
2024-04-26,25015817.966088314,0.00021528136458415226
2024-04-29,25028728.950053412,0.0005161128044104402
2024-04-30,24973493.83266231,-0.0022068686548696315
2024-05-01,24954833.998260014,-0.0007471855771294944
2024-05-02,25005653.061310228,0.0020364416390730167
2024-05-03,25047484.561656296,0.001672881737721621
2024-05-06,25079177.009974383,0.0012652946542426324
2024-05-07,25103703.512132805,0.0009779627995236684
2024-05-08,24995307.1571151,-0.004317942767500971
2024-05-09,24996896.08663196,6.3569113468942e-05
2024-05-10,25029123.110033605,0.0012892410037612656
2024-05-13,24970569.857657652,-0.0023394048652259913
2024-05-14,25037132.182557475,0.002665630991973922
2024-05-15,25064447.942054972,0.0010910099167238396
2024-05-16,25032170.211841553,-0.0012877893934882811
2024-05-17,25059282.17875161,0.0010830849535063969
2024-05-20,25058540.83157745,-2.958373543471282e-05
2024-05-21,25069399.54602047,0.00043333386871990953
2024-05-22,25080893.422731254,0.0004584823298094953
2024-05-23,25062313.079059903,-0.0007408166590473497
2024-05-24,25065665.687862027,0.0001337709249560337
2024-05-28,25025808.96524446,-0.0015900923244527299
2024-05-29,24964052.51914268,-0.00246771028211501
2024-05-30,24896597.855250258,-0.002702071862759392
2024-05-31,24858789.070494164,-0.0015186325848983717
2024-06-03,24797349.261577792,-0.0024715527671980153
2024-06-04,24860056.006472465,0.002528768064408826
2024-06-05,24898571.097238168,0.0015492761060424964
2024-06-06,24849732.625752077,-0.001961496958815756
2024-06-07,24800471.086969264,-0.001982377014864256
2024-06-10,24792554.195482682,-0.0003192234316363729
2024-06-11,24925476.457840078,0.005361378311784293
2024-06-12,24957161.807606176,0.0012712033737727335
2024-06-13,24900984.245882813,-0.0022509595504662805
2024-06-14,24801985.847391453,-0.003975682146288184
2024-06-17,24776246.58248041,-0.0010377904845773056
2024-06-18,24820674.46311463,0.001793164290899485
2024-06-20,24831353.492762405,0.00043024735946017856
2024-06-21,24801282.458311122,-0.0012110106869546167
2024-06-24,24783201.685993116,-0.0007290257005216905
2024-06-25,24795214.030247685,0.00048469703014020205
2024-06-26,24781154.025803033,-0.0005670450929562421
2024-06-27,24765867.533343766,-0.0006168595878687233
2024-06-28,24764456.97537238,-5.695572624242473e-05
2024-07-01,24767926.154530663,0.00014008702721524102
2024-07-02,24785219.68336309,0.0006982227225860171
2024-07-03,24790087.35859412,0.00019639427421713762
2024-07-05,24811221.449448284,0.0008525218386064015
2024-07-08,24835016.822824772,0.0009590569099942048
2024-07-09,24811944.91430745,-0.0009290071628266228
2024-07-10,24866101.501052473,0.0021826820481853915
2024-07-11,24910149.88122246,0.0017714228411769284
2024-07-12,24948116.338376183,0.0015241360383120295
2024-07-15,25007682.66188799,0.0023876080544076306
2024-07-16,25016785.712291453,0.0003640101534612139
2024-07-17,24974573.287101388,-0.0016873640632947273
2024-07-18,24966265.949926224,-0.0003326317963340264
2024-07-19,24955569.347208086,-0.00042844223239435486
2024-07-22,24922649.077521805,-0.0013191552245617189
2024-07-23,24911284.61699298,-0.0004559892687762135
2024-07-24,24874259.83355262,-0.0014862655222165344
2024-07-25,24890136.267128915,0.000638267577911078
2024-07-26,25058455.220092773,0.006762476153501451
2024-07-29,25057321.006479867,-4.52627108472603e-05
2024-07-30,24975038.841328193,-0.0032837574747275333
2024-07-31,25239815.445842102,0.010601649358629395
2024-08-01,25184354.524521995,-0.0021973584331118623
2024-08-02,24974142.86346018,-0.008346914782236481
2024-08-05,24932975.695490524,-0.0016483916262802767
2024-08-06,25031070.430223145,0.003934337237988084
2024-08-07,25039056.305667844,0.0003190385112359362
2024-08-08,25331441.44510218,0.011677162903625637
2024-08-09,25241051.306223866,-0.0035682982776249483
2024-08-12,25150623.092729744,-0.0035825850673590898
2024-08-13,25218191.057343233,0.0026865324315969996
2024-08-14,25206670.96657411,-0.00045681669803077085
2024-08-15,25995516.775329433,0.031295120636969154
2024-08-16,25958822.91421113,-0.0014115457459620284
2024-08-19,26549875.875775553,0.022768866042876423
2024-08-20,26193258.554967985,-0.013431976950707747
2024-08-21,26362709.465309758,0.006469256583184313
2024-08-22,26201799.94989514,-0.006103678972237514
2024-08-23,26159827.152449887,-0.0016019051181794808
2024-08-26,26232286.2048846,0.0027698597552823223
2024-08-27,26030446.32824467,-0.007694330378354319
2024-08-28,25818830.81332177,-0.008129538474078601
2024-08-29,25915940.65185508,0.0037612020170645355
2024-08-30,25897274.334199727,-0.0007202639451182602
2024-09-03,25832232.02338496,-0.0025115504425450297
2024-09-04,26081977.356477633,0.009667973439793753
2024-09-05,25723498.067152765,-0.013744329443482028
2024-09-06,25562817.613383148,-0.006246446472798928
2024-09-09,25538111.799489997,-0.0009664745986458501
2024-09-10,25544233.36306425,0.00023970306114717843
2024-09-11,25677910.491085928,0.005233162652474421
2024-09-12,25606174.52585854,-0.0027936839040034744
2024-09-13,25854526.15892128,0.009698896366262755
2024-09-16,25907536.427398123,0.0020503283700115116
2024-09-17,25833863.4947637,-0.002843687312411247
2024-09-18,25870300.55718206,0.001410437986782087
2024-09-19,25952823.26949253,0.0031898629135780343
2024-09-20,25834614.702866774,-0.004554747874567777
2024-09-23,25870542.721943937,0.0013906930484695046
2024-09-24,25794904.75130432,-0.002923710238805999
2024-09-25,25665037.646793403,-0.005034602987024073
2024-09-26,25529046.69530899,-0.005298685057701591
2024-09-27,25586180.631823428,0.0022379972584301022
2024-09-30,25601835.090549786,0.0006118325728885488
2024-10-01,25891861.860390987,0.011328358643645009
2024-10-02,26107742.63893271,0.0083377850424875
2024-10-03,26009896.21981004,-0.003747793153773382
2024-10-04,26069637.871119045,0.002296881571695941
2024-10-07,26029234.655024502,-0.0015498188465172813
2024-10-08,25754066.99677909,-0.010571484789787866
2024-10-09,25742015.572332274,-0.0004679425757618816
2024-10-10,25788671.305187423,0.0018124351111532544
2024-10-11,25886449.877056584,0.003791531975883222
2024-10-14,25885460.89383615,-3.8204667891061916e-05
2024-10-15,25820394.479794987,-0.002513627797010143
2024-10-16,25893128.413342882,0.002816917983372136
2024-10-17,25922337.73664577,0.001128072391895163
2024-10-18,25905943.54042467,-0.0006324350985490446
2024-10-21,25923078.27160662,0.0006614208494359897
2024-10-22,25932004.55003945,0.0003443371323152977
2024-10-23,25916117.3733781,-0.0006126474577271557
2024-10-24,25926897.62048904,0.0004159669041323699
2024-10-25,25910185.64891755,-0.0006445804591090898
2024-10-28,25907639.10671757,-9.828344090168084e-05
2024-10-29,25951556.16935669,0.0016951395091699961
2024-10-30,26007079.216090295,0.002139488143650059
2024-10-31,26036700.91063731,0.0011389858238555206
2024-11-01,26081376.97206368,0.0017158879529208804
2024-11-04,26119147.891971756,0.0014481950070555083
2024-11-05,26227674.121596638,0.004155044799843521
2024-11-06,26441525.82507661,0.008153666333069243
2024-11-07,26474507.31407081,0.001247336829666601
2024-11-08,26597248.63176164,0.004636207814360249
2024-11-11,26694898.148654807,0.003671414222016889
2024-11-12,26724174.087712098,0.0010966866737704972
2024-11-13,26631386.04191488,-0.0034720641129142304
2024-11-14,26595914.393441644,-0.0013319490175016657
2024-11-15,26566027.029215027,-0.0011237577240054142
2024-11-18,26622092.90913003,0.0021104352507563817
2024-11-19,26678715.925993487,0.0021269183101693123
2024-11-20,26741015.902424067,0.0023351939652342946
2024-11-21,26889566.395895198,0.005555155197288775
2024-11-22,27312326.79749156,0.015722098131746076
2024-11-25,27145389.73931462,-0.006112150730133825
2024-11-26,27066788.333295494,-0.0028955710996952932
2024-11-27,27087584.795902412,0.0007683387608028447
2024-11-29,27015295.71450479,-0.0026687163858387652
2024-12-02,26849679.26146972,-0.006130469745187606
2024-12-03,26975507.0561911,0.0046863798072234175
2024-12-04,26706159.16570919,-0.009984905563437563
2024-12-05,26680275.62217827,-0.0009691975311879597
2024-12-06,27112855.513695773,0.016213471616384423
2024-12-09,27029365.804461837,-0.003079340322223234
2024-12-10,26892685.711660568,-0.005056725851063315
2024-12-11,26875081.46699623,-0.0006546108801882555
2024-12-12,26857570.47775933,-0.0006515697174128698
2024-12-13,26814037.014155664,-0.0016209010282489666
2024-12-16,26961287.849996436,0.005491557864376606
2024-12-17,26891156.805093534,-0.002601175629780239
2024-12-18,26646539.412858695,-0.009096573792188312
2024-12-19,26247619.616870668,-0.014970791884349577
2024-12-20,26229794.764085986,-0.0006791035928158662
2024-12-23,26235805.998938043,0.00022917582490156185
2024-12-24,26231396.032338977,-0.00016808961764869235
2024-12-26,26263744.15707991,0.0012331834989283141
2024-12-27,26203026.242980953,-0.0023118529382486486
2024-12-30,26173922.448103838,-0.001110703573214633
2024-12-31,26140203.491808303,-0.0012882653091981222
2025-01-02,26095884.056604467,-0.001695451040299778
2025-01-03,26112179.62584866,0.0006244497871328303
2025-01-06,26118996.839805655,0.0002610741062094579
2025-01-07,26121077.834292915,7.96735992589781e-05
2025-01-08,26143533.586558565,0.0008596793902651001
2025-01-10,26099227.37524788,-0.0016947292593019192
2025-01-13,26135650.258602317,0.001395554084063777
2025-01-14,26146932.453300305,0.0004316783621740594
2025-01-15,26157500.99376071,0.00040419810160452485
2025-01-16,26168637.75581193,0.0004257578754895963
2025-01-17,26181755.216269877,0.0005012664617987106
2025-01-21,26225124.427283127,0.0016564669043388491
2025-01-22,26199387.951559488,-0.000981367154043511
2025-01-23,26176973.625325125,-0.0008555286205848001
2025-01-24,26193492.27852093,0.0006310375459073203
2025-01-27,26148710.171723362,-0.0017096653749485435
2025-01-28,26158933.42222427,0.0003909657659504351
2025-01-29,26175677.269439004,0.00064008141862959
2025-01-30,26208457.16826584,0.0012523037508986867
2025-01-31,26206461.830409363,-7.613335816236688e-05
2025-02-03,26240697.29865661,0.0013063750638599991
2025-02-04,26279073.031063598,0.0014624509390972484
2025-02-05,26329377.380614497,0.0019142360726132068
2025-02-06,26342155.269292206,0.0004853091849834623
2025-02-07,26330970.33923224,-0.00042460193350257747
2025-02-10,26340594.021240495,0.0003654890755742102
2025-02-11,26371614.646987814,0.0011776737351596456
2025-02-12,26383942.074521117,0.0004674506168211856
2025-02-13,26281726.36159266,-0.003874163786433016
2025-02-14,26251146.06458587,-0.0011635573929223986
2025-02-18,26286305.81937965,0.0013393607542802055
2025-02-19,26488266.37082818,0.0076831089479159065
2025-02-20,26438088.309433024,-0.0018943505283689488
2025-02-21,26023245.81087357,-0.0156910928545253
2025-02-24,26032695.19582644,0.00036311323428073194
2025-02-25,26079840.36569628,0.0018109984200713747
2025-02-26,26037407.440289337,-0.0016270393074474532
2025-02-27,26043629.702243805,0.00023897394426608543
2025-02-28,26123805.179811932,0.0030785062790699147
2025-03-03,26095682.421945468,-0.0010765184349252888
2025-03-04,26030999.858245563,-0.002478669178067161
2025-03-05,26072824.40364411,0.0016067206648344712
2025-03-06,26050141.31389219,-0.0008699897410712198
2025-03-07,26066170.801412173,0.0006153320754322955
2025-03-10,26066243.40136799,2.7852175283893388e-06
2025-03-11,26006111.76404459,-0.002306877765142157
2025-03-12,25998611.65943863,-0.00028839776872491285
2025-03-13,25998515.84189663,-3.6854868734614854e-06
2025-03-14,26041278.28440544,0.0016448032175704341
2025-03-17,26055362.273822524,0.0005408332595377985
2025-03-18,26062172.19371641,0.0002613634699191181
2025-03-19,26085948.38406351,0.0009122873630935668
2025-03-20,26090023.499819715,0.00015621880777372255
2025-03-21,26093635.65154654,0.0001384495390297502
2025-03-24,26104396.25824025,0.0004123843391317106
2025-03-25,26109020.802251928,0.00017715575437682318
2025-03-26,26076349.116524275,-0.0012513562256932786
2025-03-27,26145421.556479122,0.002648853934505535
2025-03-28,26029795.686400488,-0.00442241368450913
2025-03-31,26026649.468708698,-0.00012086985736248224
2025-04-01,26036032.338672783,0.00036051009851911786
2025-04-02,26044390.63732565,0.0003210281253358538
2025-04-03,26038289.571311172,-0.0002342564316222262
2025-04-04,25890571.937949933,-0.005673092810366209
2025-04-07,25814009.831452236,-0.0029571423405087005
2025-04-08,25839983.60433543,0.0010061890056130007
2025-04-09,25837611.779467903,-9.178894630301748e-05
2025-04-10,25837137.414495386,-1.8359474419193944e-05
2025-04-11,25830021.9399027,-0.000275397172625369
2025-04-14,25838560.509417884,0.0003305676446985206
2025-04-15,25838560.509417884,0.0
2025-04-16,25843778.52412051,0.00020194680352747518
2025-04-17,25845201.619038057,5.50652806523555e-05
2025-04-21,25842829.794175476,-9.177041439034639e-05
2025-04-22,25844252.889093027,5.5067302183520184e-05
2025-04-23,25841406.699252978,-0.0001101285400766372
2025-04-24,25846150.34898804,0.00018356778291028775
2025-04-25,25849470.90379565,0.00012847386410630435
2025-04-28,25855163.28347574,0.00022021261871385533
2025-04-29,25857535.10834327,9.173505661230763e-05
2025-04-30,25862753.123045895,0.00020179861231017782
2025-05-01,25854650.732123327,-0.00031328416135822934
2025-05-02,25847037.10190831,-0.0002944781692817422
2025-05-05,25846561.25002049,-1.841030698979118e-05
2025-05-06,25849892.21323523,0.0001288745215473064
2025-05-07,25851319.76890364,5.522482092512604e-05
2025-05-08,25843230.2868008,-0.0003129233700698286
2025-05-09,25845133.69435208,7.365207561726983e-05
2025-05-12,25837995.916024882,-0.0002761749430901794
2025-05-13,25965588.86772336,0.004938190721647473
2025-05-14,25936325.116275594,-0.0011270205192281946
2025-05-15,25949067.773562707,0.000491305427040567
2025-05-16,26039381.42528388,0.0034804198944358156
2025-05-19,26038520.51645175,-3.3061800434830424e-05
2025-05-20,26133434.95848961,0.003645154953327401
2025-05-21,26029395.79926788,-0.003981074795065709
2025-05-22,26072423.925187103,0.0016530589588419353
2025-05-23,26090450.54314604,0.000691405525265365
2025-05-27,26180628.60209431,0.0034563626564878547
2025-05-28,26249882.64218877,0.002645239774300867
2025-05-29,26219270.949892543,-0.0011661649201823998
2025-05-30,26166153.47307836,-0.0020258945001062623
2025-06-02,26345017.530831035,0.006835703151275352
2025-06-03,26385189.653019734,0.0015248470471385112
2025-06-04,26296193.167926703,-0.003372971210871878
2025-06-05,26301763.818439383,0.00021184247001482248
2025-06-06,26404830.700267736,0.00391863004092885
2025-06-09,26419417.58878593,0.0005524325712888967
2025-06-10,26364122.30399429,-0.0020929789464818604
2025-06-11,26452037.892526887,0.0033346677548706793
2025-06-12,26510151.813030597,0.0021969543798410207
2025-06-13,26305181.394625165,-0.00773177082692833
2025-06-16,26442312.15619005,0.005213070364643135
2025-06-17,26334474.424249493,-0.004078226264918827
2025-06-18,26358226.584128898,0.0009019416714666217
2025-06-20,26419156.422773898,0.0023116061488630546
2025-06-23,26435029.261381704,0.0006008079271646594
2025-06-24,26586079.621727582,0.005714022816178277
2025-06-25,26555574.571253274,-0.0011474068726319286
2025-06-26,26753231.52608165,0.007443143596762791
2025-06-27,26819769.467337895,0.002487099219822264
2025-06-30,26930553.494953137,0.004130685304739812
2025-07-01,26914969.107627984,-0.0005786879697097236
2025-07-02,26978300.051252957,0.00235300079192835
2025-07-03,27072518.158865087,0.0034923663623407375
2025-07-07,27021018.656972367,-0.0019022797063248387
2025-07-08,26921389.787450526,-0.0036870878476720215
2025-07-09,26843843.835655566,-0.002880458713580558
2025-07-10,26733154.115655567,-0.004123467588236118
2025-07-11,26539496.113678094,-0.007244113475710745
2025-07-14,26642026.893850874,0.003863328065220495
2025-07-15,26611690.187944084,-0.0011386786008309446
2025-07-16,26728469.1371121,0.00438825750424976
2025-07-17,26878408.573850874,0.005609727813800758
2025-07-18,26865399.898127057,-0.00048398236406277384
2025-07-21,26828498.02689576,-0.00137358354505146
2025-07-22,26707124.653418202,-0.004524046532753401
2025-07-23,26866846.20914202,0.005980484900435679
2025-07-24,26850556.144865837,-0.000606325883930614
2025-07-25,26836891.92363454,-0.0005088990022245055
2025-07-28,26776984.71200393,-0.002232270853162799
2025-07-29,26814899.300156984,0.0014159394181547658
2025-07-30,26795702.53037332,-0.0007158993799970537
2025-07-31,26848609.39037332,0.0019744531773342455
2025-08-01,26704453.81576814,-0.005369200784635986
2025-08-04,26875058.038518906,0.006388605583463658
2025-08-05,26836465.659392625,-0.0014359924012431469
2025-08-06,26754926.4085189,-0.0030383751686462457
2025-08-07,26820030.403017104,0.002433346050149332
2025-08-08,26840936.540266342,0.0007794971495218572
2025-08-11,26909688.94026634,0.0025614754498919368
2025-08-12,27107582.788518902,0.007353999843396242
2025-08-13,27122167.238648508,0.0005380210490690818
2025-08-14,27078294.771269668,-0.0016175870826548033
2025-08-15,27078917.582143385,2.300037277014333e-05
2025-08-18,27194345.822143387,0.004262660782132555
2025-08-19,26954965.187645186,-0.00880258845216575
2025-08-20,26986855.986771468,0.0011831140906426452
2025-08-21,27042929.092143387,0.0020777931819624396
2025-08-22,27260755.596901067,0.008054841397375334
2025-08-25,27278934.693211645,0.0006668595903718266
2025-08-26,27316450.326027352,0.0013752601865733016
2025-08-27,27258207.83427991,-0.0021321398297474703
2025-08-28,27277312.525153633,0.0007008784653002031
2025-08-29,27142959.469781436,-0.0049254506010555366
2025-09-02,27038485.862026982,-0.0038490131435654495
2025-09-03,26979380.026708804,-0.002185989097902352
2025-09-04,27015720.494743176,0.0013469719466643326
2025-09-05,27036921.087937474,0.0007847502419349173
2025-09-08,26995575.385264695,-0.0015292311775554346
2025-09-09,27082058.520236824,0.003203604062439691
2025-09-10,26984495.4214576,-0.0036024993708038133
2025-09-11,27021619.821761295,0.001375767814957074
2025-09-12,27074929.924588222,0.001972868509681147
2025-09-15,27325230.29476337,0.009244728273436476
2025-09-16,27487989.098330673,0.005956356151863629
2025-09-17,27460500.64476337,-0.0010000168971608936
2025-09-18,27803822.064588226,0.012502372927069239
2025-09-19,27823405.894763373,0.0007043574847247491
2025-09-22,27912140.266196396,0.003189198754769418
2025-09-23,27881012.921371542,-0.0011151901834827171
2025-09-24,27737795.34780457,-0.005136742125218641
2025-09-25,27795339.244062122,0.0020745663285783866
2025-09-26,27868795.11102092,0.0026427404362221463
2025-09-29,27908062.751196396,0.0014090182233945647
2025-09-30,27921743.83476337,0.0004902197507918871
2025-10-01,27903235.591872573,-0.0006628612811694357
2025-10-02,27979928.127550274,0.002748517655781768
2025-10-03,27904443.45903405,-0.002697814954066957
2025-10-06,28100230.763356354,0.007016348654641069
2025-10-07,28244951.074711423,0.005150146722061377
2025-10-08,28328114.51187257,0.0029443647093305714
2025-10-09,28160472.899034057,-0.005917852837267201
2025-10-10,27768149.048777305,-0.013931720950261739
2025-10-13,27864306.527363386,0.003462869578277239
2025-10-14,27956598.11140337,0.003312179470511767
2025-10-15,27876846.21111452,-0.0028527040368448997
2025-10-16,27711486.36690934,-0.005931798846716352
2025-10-17,27441314.9588778,-0.009749437632264879
2025-10-20,27777366.58963312,0.012246192693714297
2025-10-21,27589643.60730559,-0.006758127402818226
2025-10-22,27360844.119699895,-0.008292948283866508
2025-10-23,27501250.6010831,0.0051316575164475076
2025-10-24,27578736.575251687,0.002817543656197685
2025-10-27,27628122.25070271,0.0017907156593728324
2025-10-28,27731745.6709363,0.0037506501271891146
2025-10-29,27660612.734613508,-0.0025650363726414938
2025-10-30,27516509.092286382,-0.005209705356483352
2025-10-31,27559353.040991284,0.0015570270400655506
2025-11-03,27647195.977376636,0.003187409234705063
2025-11-04,27454969.203733664,-0.006952848809704593
2025-11-05,27645752.832826387,0.0069489653285343955
2025-11-06,27359184.787615526,-0.01036571682253451
2025-11-07,27443058.136133112,0.0030656377069959717
2025-11-10,27684728.374917164,0.00880624300634536
2025-11-11,27719287.0899209,0.001248295252737508
2025-11-12,27844427.22996258,0.004514551172825065
2025-11-13,27496839.276001092,-0.012483214364253814
2025-11-14,27437764.053902663,-0.00214843682597321
2025-11-17,27300921.90152367,-0.004987365300983093
2025-11-18,27287253.02077605,-0.0005006746950496632
2025-11-19,27238551.09331198,-0.0017847867437219556
2025-11-20,27079087.246062484,-0.0058543439665059704
2025-11-21,27101107.084605165,0.0008131676796412357
2025-11-24,27281834.46538701,0.006668634613989921
2025-11-25,27339070.199293517,0.0020979430096288443
2025-11-26,27328841.618512575,-0.0003741378439858778
2025-11-28,27405574.978512574,0.0028077794540701806
2025-12-01,27322385.411255877,-0.003035497971559442
2025-12-02,27311456.74059117,-0.0003999896239003098
2025-12-03,27286360.839925554,-0.0009188781434831261
2025-12-04,27318034.404723924,0.0011607837697442669
2025-12-05,27217861.437123112,-0.003666917103797518
2025-12-08,27231473.81300026,0.0005001265771227281
2025-12-09,27133580.40195168,-0.0035948627577345738
2025-12-10,27163473.16210294,0.0011016887454009527
2025-12-11,27176814.53078654,0.0004911510617211512
2025-12-12,27163048.33972289,-0.0005065417452827514
2025-12-15,26997734.096775375,-0.006085997450652858
2025-12-16,27005440.08819188,0.00028543104354183946
2025-12-17,26874294.13965386,-0.004856278887132914
2025-12-18,26989724.350254193,0.004295190415066985
2025-12-19,27080398.182054803,0.003359568650050271
2025-12-22,27113133.764541037,0.0012088294369292374
2025-12-23,27070379.577028085,-0.0015768810748415518
2025-12-24,27092409.821419884,0.0008138136493103243
2025-12-26,27068329.28268972,-0.000888829708722505
2025-12-29,27039589.07020348,-0.0010617652898371466
2025-12-30,27010339.44396036,-0.001081733386079864
2025-12-31,26920659.873325445,-0.003320194136063326
2026-01-02,26926778.919087354,0.0002272992486329617
2026-01-05,26954760.279853363,0.0010391647976197849
2026-01-06,27018889.17027197,0.0023791304301281624
2026-01-07,26970961.80549221,-0.0017738466033049294
2026-01-08,27041887.809843484,0.0026297172812290714
2026-01-09,27100247.26058972,0.0021581130413901306
2026-01-12,27030721.993151583,-0.002565484616047886
2026-01-13,27130000.016907055,0.0036727847587876283
2026-01-14,27112967.139222685,-0.0006278244627259122
2026-01-15,27163273.240343787,0.001855425887649309
2026-01-16,27216395.139772743,0.0019556516241223676
2026-01-20,27230741.720293984,0.0005271300790410383
2026-01-21,27405932.890181296,0.006433580535073924
2026-01-22,27495820.561831333,0.0032798617733695856
2026-01-23,27477819.9747183,-0.0006546663000129849
2026-01-26,27464971.998578593,-0.0004675762542852846
2026-01-27,27421489.63074156,-0.001583193597986754
2026-01-28,27361486.43260548,-0.0021881815665043547
2026-01-29,27386565.914054036,0.0009165979162109039
2026-01-30,27357609.42495481,-0.0010573245725695735
2026-02-02,27408616.748431135,0.0018644656659876357
2026-02-03,27502950.70939367,0.003441762925446845
2026-02-04,27348249.247393433,-0.005624904165188238
2026-02-05,27284134.080629587,-0.002344397485332883
2026-02-06,27429845.47792859,0.005340517564838221
2026-02-09,27437964.11443603,0.0002959782078966189
2026-02-10,27360198.163465913,-0.002834246398376261
2026-02-11,27390658.895771626,0.0011133227955339997
2026-02-12,27385813.692161757,-0.00017689255407493665
2026-02-13,27448064.808823805,0.002273115466343345
2026-02-17,27507746.960998703,0.002174366484143153
2026-02-18,27562299.76318473,0.0019831795844047484
2026-02-19,27559272.25716605,-0.00010984228619137504
2026-02-20,27589389.925766665,0.0010928325073165102
2026-02-23,27525434.794753894,-0.0023181060249919394
2026-02-24,27686835.350622702,0.005863687788124183
2026-02-25,27689909.84285969,0.00011104527469640857
2026-02-26,27735769.299616225,0.0016561793453568896
2026-02-27,27694354.76863503,-0.001493181261129406
2026-03-02,27692311.863091167,-7.376613612886107e-05
2026-03-03,27548573.196723334,-0.005190562170412694
2026-03-04,27532842.46259285,-0.0005710181074769505
2026-03-05,27384341.13765919,-0.005393606749300339
2026-03-06,27247753.100178115,-0.004987815364790205
2026-03-09,27266265.572392825,0.0006794127995306543
2026-03-10,27245725.239103302,-0.0007533240382694428
2026-03-11,27298212.65026182,0.0019264457340701924
2026-03-12,26890113.52462522,-0.014949664685562691
2026-03-13,26818354.858666584,-0.00266858917843249
2026-03-16,26832007.740241174,0.0005090872145789849
2026-03-17,26995299.69709298,0.0060857151813842325
2026-03-18,27032323.129779022,0.001371477001606669
2026-03-19,27099560.833581757,0.0024873076383384873
2026-03-20,27073388.832107905,-0.0009657721626772364
2026-03-23,27118162.153120883,0.0016537760119590406
2026-03-24,27167154.059033677,0.001806608635060325
2026-03-25,27189749.317987166,0.0008317124018359934
2026-03-26,27224632.368213598,0.001282948578100962
2026-03-27,27204443.967556413,-0.0007415490642495026
2026-03-30,27083555.692905862,-0.0044436958459699305
2026-03-31,27150778.359307878,0.0024820473044322444
2026-04-01,27011588.902760535,-0.0051265365104947724
2026-04-02,27148871.111052595,0.00508234479601577
2026-04-06,27070769.379552502,-0.0028767948096485307
2026-04-07,27131682.605243035,0.0022501475608796007
2026-04-08,27122034.791331604,-0.0003555921706663856
2026-04-09,27201010.6679733,0.0029118713713520705
2026-04-10,27056511.89573244,-0.005312257474719195
2026-04-13,27139092.66152634,0.003052158612024458
2026-04-14,27177156.082899537,0.001402531095932913
2026-04-15,27238854.768486258,0.0022702406903252204
2026-04-16,27430191.517467175,0.007024405049594229
2026-04-17,27463728.376998037,0.001222625788431131
2026-04-20,27669051.823634528,0.007476167977559012
2026-04-21,27926266.767467175,0.009296124257244687
2026-04-22,28119645.485594403,0.006924617591654192
2026-04-23,28312136.04409314,0.006845411994875539
2026-04-24,28339254.577975564,0.0009578413243065409
2026-04-27,28129862.53001515,-0.00738876343357131
2026-04-28,27981382.35436054,-0.005278382555057859
2026-04-29,28098252.726686947,0.004176719035762444
2026-04-30,28285627.28679773,0.006668548465749158
2026-05-01,28275692.79285254,-0.0003512205631666099
2026-05-04,28129195.49705037,-0.005181032941452779
2026-05-05,28274703.39310783,0.005172842432437097
2026-05-06,28322036.656896506,0.001674049878811923
2026-05-07,28058780.444202468,-0.009295101757095359
2026-05-08,28406652.605868276,0.012397978677568755
2026-05-11,28612927.2066768,0.007261489189539727
2026-05-12,28350054.76166842,-0.009187191618305945
2026-05-13,28660999.283948105,0.010968039564428045
2026-05-14,28779674.996457834,0.004140669044159662
2026-05-15,28520638.82471864,-0.009000663550616017
2026-05-18,28027415.658669673,-0.017293552542080315
2026-05-19,28018292.405584596,-0.00032551174878858724
2026-05-20,28196510.980348457,0.0063607935909877344
2026-05-21,28415574.9024003,0.007769185421718339
2026-05-22,28518451.83190189,0.003620441601303037
2026-05-26,28921391.536776353,0.014129087625427195
2026-05-27,28602173.78762593,-0.011037427045808124
2026-05-28,28617289.696245376,0.0005284881048441825
2026-05-29,28374074.610867936,-0.00849888609155569
2026-06-01,28518774.85954302,0.005099734552035828
2026-06-02,29675931.900188696,0.04057527177604059
2026-06-03,29841020.146172404,0.005563034938177003
2026-06-04,30023530.877892267,0.006116102292276215
2026-06-05,29033382.50448828,-0.03297907822470947
2026-06-08,29263956.485877454,0.007941685105189888
2026-06-09,28989815.767266624,-0.009367862433199314
2026-06-10,28822118.927266628,-0.005784681122028679
2026-06-11,29328122.91497603,0.017556099500745104
2026-06-12,27929014.733627416,-0.047705343618639096
