ticker,entry_date,entry_price,exit_date,exit_price,shares,stop_loss,atr_at_entry,R,gross_pnl,net_pnl,pnl_r_multiple,exit_reason,holding_days,gap_adjusted_loss_multiple,entry_commission,exit_commission
INFY,2004-10-29,2.7102687168848423,2004-11-08,2.581055291721918,186948,2.5590513346223305,0.07560869113125591,0.1512173822625118,-24156.191407358398,-24452.952139586705,-0.8544879115723037,stop_loss,10,-0.8544879115723037,152.00379482525625,144.7569374030487
AVTA,2004-10-28,20.597206008942436,2004-11-17,17.549629699727415,24550,18.682531914905205,0.9573370470186156,1.914674094037231,-74817.99839122877,-75098.94983622314,-1.5916945441033163,stop_loss,20,-1.5916945441033163,151.69842225586103,129.25302273849243
AMX,2004-10-28,4.135923255102547,2004-11-22,4.099193053816538,122262,3.9536092431233945,0.09115700598957631,0.18231401197915265,-4490.707869629993,-4792.760406678313,-0.20146669412446877,trailing_stop,25,-0.20146669412446877,151.6998747046043,150.35266234371528
WYNN,2004-10-28,30.79707738606906,2004-11-22,31.190687848414196,16419,28.88620098178538,0.9554382021418398,1.9108764042836803,6462.690181244806,6157.357046029311,0.2059842601346515,trailing_stop,25,0.2059842601346515,151.69716408056038,153.6359711349338
PGR,2004-10-28,12.253048181034655,2004-11-22,12.192822136547576,41268,11.868508134014988,0.19227002350983338,0.3845400470196676,-2485.408403892777,-2788.0580567725724,-0.156618393724799,trailing_stop,25,-0.156618393724799,151.69763770048147,150.9520151793136
CTSH,2004-10-29,7.614094932671049,2004-11-23,8.128527529945394,66545,7.136363677386223,0.2388656276424134,0.4777312552848265,34232.91718562128,33918.639342088834,1.0768242428844994,stop_loss,25,1.0768242428844994,152.0039841883785,162.27385934406487
NVS,2004-10-29,22.6824714869621,2004-11-24,23.0451139466599,22337,22.14571504958365,0.2683782186892255,0.5367564373784504,8100.344622269738,7793.919499520493,0.6756182775729079,trailing_stop,26,0.6756182775729079,151.9975096812817,154.42761306796265
ADEA,2004-11-17,7.143170089057008,2004-11-24,6.6827705223228,74158,6.535838343896552,0.3036658725802276,0.6073317451604554,-34142.31106987538,-34449.90230103299,-0.758069326036253,stop_loss,7,-0.758069326036253,158.91696223928687,148.67426891832426
BBWI,2004-10-29,7.001839627441657,2004-11-26,7.319524762590838,72363,6.7508818225349065,0.12547890245337542,0.2509578049067507,22988.649434800165,22677.74836739339,1.2658906355481718,trailing_stop,28,1.2658906355481718,152.00223628816818,158.89883111860823
DUK,2004-10-28,16.034142867447756,2004-12-02,16.416346539994514,31537,15.547710596511598,0.24321613546807921,0.4864322709361577,12053.557221107118,11746.539895774366,0.7857284464519441,trailing_stop,35,0.7857284464519441,151.70062908320995,155.3166962495421
FRO,2004-11-23,53.22145741089822,2004-12-02,49.96087336568942,9951,50.106449666140556,1.5575038723788297,3.115007744757662,-32446.071833872717,-32754.102045940064,-1.0467338486384592,stop_loss,9,-1.0467338486384592,158.88201680875446,149.14819525859264
TK,2004-11-26,19.027692812739186,2004-12-02,17.572952138632242,28055,17.839853960590645,0.5939194260742703,1.1878388521485412,-40812.74961207031,-41120.798940303524,-1.2246953123949729,stop_loss,6,-1.2246953123949729,160.14657655841935,147.90275167479828
WMB,2004-11-22,5.115888729729612,2004-12-03,5.108973953101983,102287,4.8847833600606085,0.11555268483450172,0.2311053696690033,-707.2917569102834,-1021.0529156819221,-0.029920449868960336,trailing_stop,11,-0.029920449868960336,156.98667314935585,156.77448562228275
SWN,2004-11-24,6.6065999999999985,2004-12-03,6.15508875,79966,6.245605456457234,0.1804972717713822,0.3609945435427644,-36105.54861749988,-36411.69897827463,-1.2507425889846207,stop_loss,9,-1.2507425889846207,158.49101267999998,147.65934809475
CERN,2004-11-24,6.461593508590581,2004-12-06,6.269888717324796,81760,6.183789113076324,0.13890219775712814,0.2778043955142566,-15673.783733890581,-15986.061529927834,-0.6900711232841055,stop_loss,12,-0.6900711232841055,158.48996557870979,153.7878304585426
B,2004-11-22,18.023564299496563,2004-12-07,17.16598229681186,29033,17.211713814591224,0.40592524245266864,0.8118504849053387,-24898.17828394503,-25204.675715844216,-1.0563299753213775,stop_loss,15,-1.0563299753213775,156.9834426921851,149.5139892070016
ELV,2004-12-02,42.779205953632065,2004-12-08,40.71717130103326,12650,40.7441119189845,1.0175470173237826,2.035094034647564,-26084.73835537487,-26401.607107056323,-1.013238021188493,stop_loss,6,-1.013238021188493,162.3470865940337,154.52166508742124
HAL,2004-10-28,13.036355280637295,2004-12-09,13.795318443602012,38789,12.399218242688315,0.31856851897448996,0.63713703794898,29439.422128238402,29127.189990611547,1.1912086690296795,trailing_stop,42,1.1912086690296795,151.70015549419202,160.53198213266353
ATB,2004-12-09,48.7487,2004-12-13,44.4555,10766,44.94947104271286,1.8996144786435714,3.7992289572871414,-46220.59119999999,-46521.622125159985,-1.1300187612450658,stop_loss,4,-1.1300187612450658,157.44855126,143.5823739
BC,2004-10-28,34.5939983646651,2004-12-20,34.73109068499367,14617,33.293319585263454,0.6503393897008205,1.3006787794016432,2003.8784462427059,1699.8809982510472,0.10540059736473678,trailing_stop,53,0.10540059736473678,151.69814222889292,152.29930576276575
DVA,2004-12-07,18.768749999999997,2004-12-20,19.13085,28390,17.952307549708195,0.40822122514590137,0.8164424502918024,10280.019000000048,9957.228106800047,0.4435095209351063,trailing_stop,13,0.4435095209351063,159.85344374999994,162.93744945
WM,2004-12-08,15.340305922332176,2004-12-20,15.152503862883131,34131,14.869595032589853,0.23535544487116108,0.4707108897423229,-6409.872091055334,-6722.097118289089,-0.39897538710406977,trailing_stop,12,-0.39897538710406977,157.07399443053583,155.15103280321924
NTAP,2004-12-03,24.731339750949502,2004-12-27,23.448931049234595,21526,23.156856491550986,0.7872416296992581,1.5744832593985159,-27605.129713115086,-27916.268265888517,-0.8144949741827122,stop_loss,24,-0.8144949741827122,159.71004584368168,151.42850692974716
GRMN,2004-12-27,15.212639174495834,2005-01-04,14.655664019059971,35664,14.348161098141674,0.4322390381770799,0.8644780763541604,-19863.961943464612,-20183.528892993105,-0.644290665860311,stop_loss,8,-0.644290665860311,162.7630690557658,156.80388047272643
VYX,2004-12-06,9.55027062071527,2005-01-05,9.808326815016073,55459,9.1763306626617,0.18696997902678517,0.3739399580535707,14311.538479728224,13989.455943171757,0.6901006130610777,trailing_stop,30,0.6901006130610777,158.89453750627445,163.1879990501929
KBH,2004-12-13,36.64512426316556,2005-01-05,35.8477110489408,7274,34.743491238604335,0.9508165122806138,1.901633024561228,-5800.383720270913,-5958.577585488991,-0.41933075621083715,trailing_stop,23,-0.41933075621083715,79.96699016707989,78.22687505099861
WLT,2004-12-20,30.27669938642826,2005-01-05,28.78442315814747,17847,28.16692875361237,1.0548853164079446,2.109770632815888,-26632.65384612726,-26948.873002343174,-0.7073168073673798,trailing_stop,16,-0.7073168073673798,162.10447618487555,154.11468003103735
NVR,2004-10-28,614.6139999999999,2005-01-06,709.29,822,592.15058827451,11.231705862744937,22.46341172548989,77823.67200000004,77497.19727360005,4.214675898611092,trailing_stop,70,4.214675898611092,151.5638124,174.91091400000002
POT,2004-11-08,6.333618673218044,2005-01-06,6.4416487128558835,82550,6.057359905702774,0.138129383757635,0.27625876751527034,8917.879772103615,8601.500275287495,0.3910465561309929,trailing_stop,59,0.3910465561309929,156.85206644224488,159.52743037387597
STJ,2004-12-03,36.266484070583004,2005-01-06,35.196795853392956,14679,34.78518522733316,0.7406494216249226,1.4812988432498457,-15701.95334013272,-16016.656185933933,-0.7221285711958311,trailing_stop,34,-0.7221285711958311,159.70671590162635,154.99612989958655
NKE,2004-12-20,8.533756999171283,2005-01-06,8.184754337444355,63320,8.215399173021641,0.15917891307482082,0.3183578261496418,-22098.84854054908,-22416.43338189943,-1.0962590929455642,stop_loss,17,-1.0962590929455642,162.10724795625768,155.47759339409296
FFIV,2004-10-28,19.789769999999997,2005-01-07,21.163815,25552,18.204421950643777,0.7926740246781108,1.5853480493562202,35109.59784000006,34795.66403882406,0.8667150412541751,trailing_stop,71,0.8667150412541751,151.70046091199998,162.233340264
ADSK,2004-11-22,31.94779763276174,2005-01-10,34.727201735528695,16379,30.2698739749899,0.8389618288859204,1.6779236577718422,45523.859799219936,45196.23885482397,1.6564544458821182,trailing_stop,49,1.6564544458821182,156.98189322810137,170.63905116786734
ADBE,2004-10-28,27.666928756267122,2005-01-12,29.205273587016045,18277,26.426164924015385,0.6203819161258682,1.2407638322517371,28116.328471598055,27804.4924989296,1.2398369381521506,trailing_stop,76,1.2398369381521506,151.70053706348824,160.13543560496765
VRSN,2004-10-28,22.385438531456,2005-01-12,25.6675176374516,22589,20.74027583303537,0.822581349210315,1.6451626984206307,74138.8849253346,73813.24445726475,1.9949875529918235,trailing_stop,76,1.9949875529918235,151.69940129611788,173.94106677371826
BALL,2004-10-29,8.10439287349662,2005-01-13,8.477414186820317,62519,7.782533226017739,0.1609298237394407,0.3218596474788811,23320.91948768423,23009.916089003043,1.158956446530543,trailing_stop,76,1.158956446530543,152.00356141744055,158.9998372637458
ABT,2005-01-11,14.195202415752895,2005-01-14,13.57757731909242,37139,13.703776196441568,0.2457131096556632,0.491426219311327,-22937.9784648734,-23247.414444845122,-1.2568012702415443,stop_loss,3,-1.2568012702415443,158.15868675559403,151.277293216132
MGM,2005-01-07,36.215678760105455,2005-01-21,34.239303438263924,14395,34.52947472996138,0.8431020150720363,1.6862040301440757,-28449.92275790883,-28754.182598532487,-1.1720855166457296,stop_loss,14,-1.1720855166457296,156.3974087255154,147.86243189814277
DVA,2005-01-11,21.27125,2005-01-25,19.98,24784,20.36127794877032,0.4549860256148398,0.9099720512296798,-32002.33999999995,-32309.051293999946,-1.4189996255984816,stop_loss,14,-1.4189996255984816,158.15599799999998,148.555296
ROK,2005-01-12,33.4448929602243,2005-01-25,33.724755086676275,15629,31.88431009417277,0.7802914330257655,1.5605828660515328,4373.965174317899,4059.026845520397,0.17933179489536466,trailing_stop,13,0.17933179489536466,156.81306962260368,158.12525917489907
HNT,2005-01-13,29.8298,2005-01-25,28.63134,17546,28.568224264957585,0.6307878675212073,1.2615757350424133,-21028.179159999952,-21335.90690873195,-0.9499707125864353,trailing_stop,12,-0.9499707125864353,157.01810124,150.709647492
MCO,2004-10-28,30.228667539449543,2005-01-26,32.36274493911684,16728,29.299374878461407,0.46464633049406745,0.9292926609881356,35698.8467416345,35384.737997252065,2.2964535170202325,trailing_stop,90,2.2964535170202325,151.6995451799736,162.40919920246395
CCJ,2005-01-25,14.271764774977399,2005-01-27,13.480631195675853,36787,13.416171733492918,0.42779652074224056,0.8555930414844806,-29103.430981765963,-29409.70919893769,-0.9246610724286681,stop_loss,2,-0.9246610724286681,157.5046232331281,148.77359393859828
EPC,2005-01-26,35.194166701365866,2005-01-28,33.87579126123554,14944,33.95660626988606,0.6187802157399019,1.2375604314798068,-19701.80257730757,-20011.457012845505,-1.065301868575326,stop_loss,2,-1.065301868575326,157.78248815556344,151.87194738237116
ENR,2005-01-26,36.81252569529592,2005-01-28,35.43352841181418,7143,35.518058002496645,0.6472338463996377,1.294467692799273,-9850.177595910052,-10004.993665256177,-1.0653006569052876,stop_loss,2,-1.0653006569052876,78.88556131244962,75.9305080336766
CI,2004-12-02,22.62900423341097,2005-01-31,23.543293890605405,11957,21.445087423538354,0.5919584049363076,1.183916809872617,10932.16143107385,10766.53678047319,0.7722583627246636,trailing_stop,60,0.7722583627246636,81.17250108566849,84.45214951499065
FFIV,2005-01-21,25.23521,2005-01-31,23.811165000000003,21135,23.11318478860876,1.0610126056956193,2.1220252113912395,-30097.191074999915,-30408.169615687413,-0.671078266344614,stop_loss,10,-0.671078266344614,160.00384900499998,150.9746916825
MATX,2005-01-28,32.096149622085335,2005-02-10,30.736963379382697,16551,30.70725349402018,0.6944480640325771,1.3888961280651557,-22495.891502971357,-22807.876758957544,-0.9786089940333362,stop_loss,13,-0.9786089940333362,159.3670117185403,152.6182442676489
ATVI,2005-01-14,5.2678225035819075,2005-02-11,5.000964084137592,99967,4.915472154978878,0.17617517430151458,0.3523503486030295,-26677.035616589914,-26984.99755323428,-0.7573666962508614,trailing_stop,28,-0.7573666962508614,157.98252366467176,149.97941297969479
ANF,2005-01-07,33.681348539492554,2005-02-17,35.415045988914194,15478,31.89082323355908,0.895262652966738,1.7905253059334747,26834.169122148152,26513.326923794946,0.9682619082101119,trailing_stop,41,0.9682619082101119,156.39597380827973,164.44622454492418
GIS,2005-01-10,12.558571953736026,2005-02-22,12.781667622755553,41593,12.232702686579378,0.16293463357832436,0.3258692671566479,9279.218161529174,8963.02518611767,0.6846170888287016,trailing_stop,43,0.6846170888287016,156.70460498152278,159.4883704299815
LNG,2005-01-14,32.662971354918895,2005-02-23,34.674058642752314,16122,30.253130632178458,1.204920361370219,2.4098407227404373,32422.749254450384,32097.066975163645,0.8345312073349141,trailing_stop,40,0.8345312073349141,157.97772725520073,167.70455203153585
NVDA,2005-02-22,0.21452874703280977,2005-03-09,0.20029950518463543,2602597,0.19900297689865937,0.007762885067075201,0.015525770134150407,-37032.98214633299,-37356.8713757539,-0.916491853558734,trailing_stop,15,-0.916491853558734,167.49956203240487,156.389667388505
AAPL,2004-10-28,0.7488110200098214,2005-03-10,1.1839214348596787,675296,0.708896447725212,0.019957286142304693,0.03991457228460937,293828.32270644925,293436.7727576962,10.90104164833131,trailing_stop,133,10.90104164833131,151.70072597056568,239.84922278250045
SPGI,2004-10-28,29.939734776931875,2005-03-10,31.067950925485448,16889,29.195935467521558,0.37189965470515846,0.743799309410317,19054.442532921297,18745.334891772858,1.5168287120998016,trailing_stop,133,1.5168287120998016,151.69565419428073,157.41198695415713
NIHD1,2005-01-11,51.2512,2005-03-10,53.30664,10286,48.78476491592469,1.2332175420376532,2.4664350840753073,21142.255840000045,20819.611257328044,0.833364726795804,trailing_stop,58,0.833364726795804,158.15095296,164.493629712
ISRG,2005-02-10,5.26636695585,2005-03-10,4.868455131539999,104172,4.8833148581184105,0.1915260488657948,0.3830520977315892,-41451.27056202136,-41767.99996796764,-1.0387929648901795,stop_loss,28,-1.0387929648901795,164.58239355744186,152.14701238883544
CLF,2005-01-25,12.389173471748114,2005-03-11,14.473711536060122,42377,11.520998331137903,0.4340875703051056,0.8681751406102105,88336.46955134998,87994.95900795721,2.401057075703479,trailing_stop,45,2.401057075703479,157.50480126368095,184.00574212908595
ATI,2005-02-01,19.672369822268333,2005-03-11,19.132806690662445,27452,18.022741844650596,0.8248139888088686,1.6496279776177367,-14812.087088844843,-15131.671000534736,-0.3270817050430261,trailing_stop,38,-0.3270817050430261,162.01376890827308,157.57014278161964
WMB,2005-02-17,6.2164387122743365,2005-03-11,5.8847201097654285,90273,5.893835924855801,0.16130139370926783,0.32260278741853554,-29945.233404286657,-30272.955777389256,-1.028257087185505,stop_loss,22,-1.028257087185505,168.35297156194235,159.36940154065636
EOG,2005-02-23,14.715109641964569,2005-03-11,15.2676917224814,18623,14.072494076063723,0.3213077829504226,0.6426155659008455,10290.736085464954,10123.22517252193,0.8598952621731141,trailing_stop,16,0.8598952621731141,82.21184605869183,85.29906688433134
VLO,2005-02-23,16.963034422631388,2005-03-11,17.563030429319912,16155,15.9568255669034,0.5031044278639942,1.006208855727989,9692.935488053112,9525.60491474813,0.5962937051020378,trailing_stop,16,0.5962937051020378,82.21134632928302,85.11922697569895
EMN,2005-03-10,16.227216999165524,2005-03-17,15.760685340312886,33999,15.730028133923444,0.24859443262103995,0.49718886524208017,-15861.609869330841,-16187.876876822818,-0.9383389119655461,stop_loss,7,-0.9383389119655461,165.5127452263886,160.75426226558935
TOL,2004-12-13,28.679643957023178,2005-03-18,34.649286218988834,9294,27.073409238707832,0.8031173591576726,1.6062347183153456,55481.855182708816,55305.281459592064,3.716544160013394,trailing_stop,95,3.716544160013394,79.96458328097202,96.60913983578467
STZ,2005-01-10,20.772977314524404,2005-03-18,21.84125860887983,25145,19.926543291012017,0.42321701175619425,0.8464340235123871,26861.93314656719,26540.47265787899,1.2620963532662064,trailing_stop,67,1.2620963532662064,156.70095437211486,164.759534316085
BOOM,2005-03-15,14.618308074704705,2005-03-18,13.093930484201005,37492,12.59540543466899,1.011451320017858,2.0229026400357153,-57151.964623164735,-57463.660797579876,-0.7535595437637013,stop_loss,3,-0.7535595437637013,164.42088190104863,147.27529251409922
CB,2005-03-15,21.10336268651881,2005-03-21,20.51050590160784,25971,20.513555261121436,0.2949037126986877,0.5898074253973746,-15397.083560922832,-15721.309695253505,-1.005170093461509,stop_loss,6,-1.005170093461509,164.422629699474,159.80350463119717
HUM,2004-12-02,23.711769208781273,2005-03-22,27.56339182710297,22823,22.44879348513845,0.631487861821412,1.2629757236428247,87905.58301795604,87554.50711785945,3.0496410550254973,trailing_stop,110,3.0496410550254973,162.3521125956045,188.72378750099134
M,2005-03-15,16.678414073396134,2005-03-22,16.132535680369912,32861,15.925439396850592,0.37648733827277114,0.7529746765455414,-17938.10987323466,-18261.57005919221,-0.724962485498947,stop_loss,7,-0.724962485498947,164.4208094597611,159.0393764977907
BYD,2005-03-16,51.1181469459626,2005-03-22,48.963286962593195,10705,48.1365589265573,1.4907940097026486,2.981588019405301,-23067.776121969488,-23389.187646966813,-0.7227222437656587,stop_loss,6,-0.7227222437656587,164.1659289169589,157.24559608036805
NFX,2005-02-11,34.33429999999999,2005-03-24,35.31465,15895,32.69889108315648,0.8177044584217557,1.6354089168435095,15582.663250000134,15250.542231925136,0.5994525221815317,trailing_stop,41,0.5994525221815317,163.72310954999995,168.397908525
NOV,2005-03-15,17.431977615474665,2005-03-24,16.31957167603469,31441,16.434995628695628,0.49849099338951797,0.996981986779037,-34975.15514193221,-35293.509880314516,-1.115773358186579,stop_loss,9,-1.115773358186579,164.42364246244168,153.93109591986203
LM,2005-03-18,61.17986897030856,2005-03-24,57.802189033694276,8923,58.67077788953769,1.2545455403854378,2.5090910807708724,-30139.03807440927,-30457.541145480183,-1.3461766942220985,stop_loss,6,-1.3461766942220985,163.77239124661898,154.7306798242962
BZH,2004-11-03,165.66293771408377,2005-03-30,210.63830633538237,1533,157.83121958547187,3.915859064305944,7.831718128611897,68947.24009645075,68774.17915431241,5.74272054774143,trailing_stop,147,5.74272054774143,76.18838505470713,96.87255708364235
SONY,2005-03-09,6.910907137313761,2005-03-30,6.694408914050043,81806,6.721029436552038,0.0949388503808618,0.1898777007617234,-17710.853652311736,-18044.752597781095,-1.1401982560100663,stop_loss,21,-1.1401982560100663,169.60610078252685,164.29284468683335
WLT,2005-03-18,40.19251142828271,2005-03-30,38.5765885877929,13583,37.421451982225996,1.3855297230283543,2.771059446056711,-21949.07994237307,-22270.056148028576,-0.5831426109567258,trailing_stop,12,-0.5831426109567258,163.7804648191092,157.19574083639728
CNX,2005-03-18,21.79692535627809,2005-03-30,20.049172823486916,25047,20.356033025624054,0.720446165327019,1.4408923306540373,-43775.957688820556,-44090.39345515313,-1.2129653934640976,stop_loss,12,-1.2129653934640976,163.7842768196092,150.65148951296302
CAKE,2005-03-28,27.144063070831336,2005-04-04,26.730263527322304,19823,26.05923266349954,0.5424152036658991,1.084830407331797,-8202.748350979551,-8523.133583826111,-0.3814416896063933,trailing_stop,7,-0.3814416896063933,161.42302867592687,158.96220417063302
YUM,2005-03-28,12.609894887862202,2005-04-05,12.303813239184844,42671,12.189614756120044,0.21014006587107897,0.4202801317421585,-13060.810030711538,-13379.737882558306,-0.7282800816887978,stop_loss,8,-0.7282800816887978,161.42304742799038,157.50480441877696
SNY,2005-03-28,18.76603314384957,2005-04-05,18.555126177881164,28673,18.16937243236544,0.2983303557420659,0.5966607114841302,-6047.335435212085,-6368.368315581681,-0.35347888994366095,stop_loss,8,-0.35347888994366095,161.4235405000796,159.60933986951596
CMCSK,2005-03-30,19.572696518416688,2005-04-05,18.981241288528373,27080,18.877558531155927,0.3475689936303812,0.695137987260761,-16016.607625375555,-16329.819816119178,-0.8508457899401878,stop_loss,6,-0.8508457899401878,159.0085865156172,154.2036042280045
NIHD1,2005-03-21,59.00895,2005-04-08,55.15479,9237,55.58149023988499,1.7137298800575018,3.4274597601150063,-35600.875920000006,-35917.235059914005,-1.1244946023438291,stop_loss,18,-1.1244946023438291,163.519701345,152.83943856899998
VLO,2005-04-04,20.25360801735347,2005-04-13,18.728977368968312,13054,18.8277806454928,0.7129136859303352,1.4258273718606702,-19902.528484019866,-20055.19208490978,-1.0692953989202445,stop_loss,9,-1.0692953989202445,79.31717971755967,73.3464211723537
ANDV,2005-04-04,16.98458817018541,2005-04-14,15.648346667462043,31134,15.765575990950648,0.6095060896173812,1.2190121792347632,-41602.54294578934,-41907.34108375994,-1.0961674751783004,stop_loss,10,-1.0961674751783004,158.63945042716577,146.15868754342898
CHS,2005-01-07,17.90277063703431,2005-04-15,18.19120047794671,29120,16.959449545016714,0.47166054600879653,0.9433210920175945,8399.076967369088,8083.760035708614,0.30575998284476,trailing_stop,98,0.30575998284476,156.3986042851317,158.91832737534244
MUR,2005-01-31,20.527446023378445,2005-04-15,21.35459079858812,25945,19.707244264520305,0.4101008794290701,0.8202017588581398,21460.271192815013,21134.282359211236,1.00846501031795,trailing_stop,74,1.00846501031795,159.77537612296612,166.21345748081063
ADBE,2005-03-21,33.93253053909522,2005-04-15,31.343625,16064,32.226388896722526,0.8530708211863456,1.7061416423726925,-41588.1785800256,-41902.7574287996,-1.5174036403536149,stop_loss,25,-1.5174036403536149,163.52765117400767,151.05119759999997
UNP,2005-03-23,11.279775368792668,2005-04-15,10.484523294601965,48063,10.887261674045195,0.19625684737373678,0.392513694747473,-38222.20044182776,-38536.01768782538,-2.026049243204967,stop_loss,23,-2.026049243204967,162.6419530650846,151.17529293253628
HNT,2005-04-05,33.74371,2005-04-15,32.767199999999995,15658,32.28207649251803,0.7308167537409858,1.4616335074819702,-15290.193580000072,-15602.621928634073,-0.6680949738777456,trailing_stop,10,-0.6680949738777456,158.50770335400003,153.92064527999997
COL,2005-01-27,34.15576344874528,2005-04-18,35.41318047286462,15494,32.75916433219585,0.6982995582747152,1.3965991165494316,19482.419371704967,19159.04900656854,0.9003421305506955,trailing_stop,81,0.9003421305506955,158.76281966245784,164.6075454739693
ODP,2005-03-15,183.13339897750055,2005-04-18,186.53861248421507,2992,175.75472460455478,3.689337186472882,7.378674372945767,10188.398812089836,9856.5812146018,0.4614939397786521,trailing_stop,34,0.4614939397786521,164.3805389222045,167.43705856583142
WAG,2005-01-04,34.865215931925896,2005-04-19,36.99635221382561,15433,33.783235387110274,0.5409902724078104,1.0819805448156217,32889.826238558286,32557.11436420027,1.9696622939397463,trailing_stop,105,1.9696622939397463,161.42246324322372,171.28941111479116
WBA,2005-01-04,23.422429710495475,2005-04-19,24.85384088966757,11486,22.695163645979846,0.3636330322578135,0.7272660645156286,16441.18880397068,16274.838430736636,1.968208402691577,trailing_stop,105,1.968208402691577,80.70900829642531,85.64136493761652
DGX,2005-03-31,37.58683245723132,2005-04-19,36.95689858968221,14229,36.564900763457466,0.5109658468869266,1.0219316937738512,-8963.329001356225,-9281.533826076186,-0.6164148459109315,stop_loss,19,-0.6164148459109315,160.44691171018331,157.75791300977644
MCK,2005-04-05,33.046911682114995,2005-04-19,30.659848849777898,15988,31.602238348692815,0.7223366667110903,1.4446733334221804,-38164.36056340551,-38469.923669620686,-1.6523201315570488,stop_loss,14,-1.6523201315570488,158.50620719209635,147.0568990230747
LPNT,2005-03-30,43.63359,2005-04-21,42.41754,12147,41.75557046644195,0.9390097667790226,1.8780195335580459,-14771.359349999948,-15084.938272832947,-0.6475172266691496,trailing_stop,22,-0.6475172266691496,159.00516531899999,154.57375751400002
CLX,2005-03-30,33.967054992175136,2005-04-21,34.30243048610692,15604,33.08988242025785,0.4385862859586414,0.8771725719172849,5233.199207311577,4913.6160918906435,0.3823369593040698,trailing_stop,22,0.3823369593040698,159.00657782937026,160.57653759156372
ESRX,2005-04-22,11.35259125,2005-04-26,10.84539375,44744,10.80154689181251,0.27552217909374505,0.5510443581874895,-22694.044940000007,-22992.012932252008,-0.9204295306974711,stop_loss,4,-0.9204295306974711,152.388102867,145.579889385
PNRA,2005-01-07,45.73568999999999,2005-04-27,52.077870000000004,11398,43.228605724359866,1.2535421378200609,2.507084275640125,72288.16764000015,71953.70395293615,2.529703553096829,trailing_stop,110,2.529703553096829,156.38861838599996,178.075068678
GILD,2005-04-25,6.840975893020257,2005-04-28,6.299476349223136,74240,6.4208817726365135,0.21004706019187164,0.4200941203837436,-40200.926131498265,-40493.59028383751,-1.2889957690968805,stop_loss,3,-1.2889957690968805,152.36221508934716,140.3019372498977
MNST,2005-04-26,0.6511707029689225,2005-04-29,0.593155656793518,780121,0.5850941570209466,0.03303827297398797,0.06607654594797596,-45258.755837402765,-45549.973374634035,-0.8779975609058246,stop_loss,3,-0.8779975609058246,152.39758199124563,138.81995524002483
CELG,2005-04-08,9.279269999999999,2005-05-09,9.318172500000001,57505,8.720754586003714,0.27925770699814234,0.5585154139962842,2237.088262500144,1916.2544832113942,0.0696534044094642,trailing_stop,31,0.0696534044094642,160.081326405,160.75245288375
HIG,2005-05-05,47.842845333839925,2005-05-11,46.132460792337724,5329,46.044277581555534,0.8992838761421961,1.7985677522843915,-9114.639221665228,-9264.877543569148,-0.9509703147572908,stop_loss,6,-0.9509703147572908,76.48635683520989,73.75196506871032
PEG,2005-05-02,13.236440876949011,2005-05-13,12.684791551113017,19005,12.730975075315596,0.25273290081670735,0.5054658016334148,-10484.095437513066,-10631.885344201663,-1.091368246978009,stop_loss,11,-1.091368246978009,75.46756765992478,72.32233902867087
EIX,2005-04-05,17.014404706086143,2005-05-16,17.109085464610448,31054,16.38618072147987,0.3141119923031359,0.6282239846062723,2940.2162752137683,2622.315016085525,0.1507117856756845,trailing_stop,41,0.1507117856756845,158.50959712283975,159.39166200540387
CB,2005-05-02,21.602737322283627,2005-05-16,21.219327251675782,23290,20.87364134206303,0.3645479901102973,0.7290959802205954,-8929.620544456699,-9228.818309634953,-0.5258705040341052,trailing_stop,14,-0.5258705040341052,150.9383256707957,148.2594395074587
CYH,2005-05-02,36.69713267577232,2005-05-16,34.82085426990971,13710,35.08199971624938,0.8075664797614728,1.6151329595229456,-25723.776944376437,-26017.930424684026,-1.1616866554545464,stop_loss,14,-1.1616866554545464,150.93530669545157,143.21817361213863
MNST,2005-05-04,0.6871441045468394,2005-05-16,0.6490371634271622,735532,0.6136456953233315,0.03674920461175394,0.07349840922350792,-28028.874615638382,-28323.715839757017,-0.51847300536525,trailing_stop,12,-0.51847300536525,151.62494325166378,143.21628086697223
PPL,2005-05-11,10.51325977318759,2005-05-16,10.131727460784376,24308,10.206813920710623,0.15322292623848321,0.3064458524769673,-9274.287449897336,-9424.838954802353,-1.2450235802486203,stop_loss,5,-1.2450235802486203,76.66689556999319,73.88460933502398
SWN,2005-05-03,8.383375,2005-05-17,8.0344575,60112,7.7666287822841875,0.30837310885790575,0.6167462177158116,-20974.128759999934,-21270.201384171934,-0.5657391808453301,stop_loss,14,-0.5657391808453301,151.18243139999998,144.890192772
RSG,2005-05-02,14.612562753420839,2005-05-26,14.7092663934906,34431,14.057660927074092,0.27745091317337306,0.5549018263467467,3329.6030312419243,3026.729061434732,0.1742716197321225,trailing_stop,24,0.1742716197321225,150.93754444890988,151.93642535828243
BXP,2005-04-28,26.431424398601308,2005-05-27,26.10367109837821,19055,25.759542583691875,0.3359409074547164,0.6718818149094332,-6245.339135751122,-6545.656009159606,-0.48781391749273223,trailing_stop,29,-0.48781391749273223,151.0952375746044,149.22163583387905
BMY,2005-04-14,11.571660913737905,2005-06-01,11.38247152973799,45223,11.163997976793972,0.20383146847196634,0.4076629369439324,-8555.711512628168,-8867.127932075562,-0.4640828656590267,trailing_stop,48,-0.4640828656590267,156.99156645059077,154.42485299680234
UL,2005-05-09,11.580334920514458,2005-06-01,11.47958470914873,44008,11.286239813222231,0.1470475536461136,0.2940951072922271,-4433.8153017829645,-4738.2615847016295,-0.3425769721004501,trailing_stop,23,-0.3425769721004501,152.8882137546001,151.5580691640652
CELG,2005-06-01,10.660649999999999,2005-06-06,10.012477500000001,47868,10.01645457584256,0.32209771207871885,0.6441954241574379,-31026.721229999886,-31323.59561015089,-1.006173710171508,stop_loss,5,-1.006173710171508,153.09119825999997,143.78318189100003
BAX,2005-04-25,13.618986218338513,2005-06-09,13.476904944305764,37291,13.06794191337646,0.27552215248102635,0.551044304962053,-5298.352789955262,-5601.4826531591125,-0.2578400189482654,trailing_stop,45,-0.2578400189482654,152.35968452041845,150.77017868343188
EFX,2005-05-16,28.81640916899699,2005-06-10,27.928946223715904,17363,27.66698789699669,0.5747106360001507,1.1494212720002999,-15409.019118915505,-15704.600000620607,-0.7720954596017385,trailing_stop,25,-0.7720954596017385,150.10179372038843,145.47908798471377
SNY,2005-04-28,19.326407744702454,2005-06-13,19.120961909861983,26060,18.744222413670173,0.2910926655161409,0.5821853310322815,-5353.918455942688,-5654.499991902073,-0.35288734341037487,trailing_stop,46,-0.35288734341037487,151.09385574808377,149.48768021130098
WFM,2005-05-18,24.018137308376716,2005-06-13,23.827357069922662,21009,22.95419583147372,0.5319707384514977,1.063941476902997,-4008.102029681202,-4309.6578270993095,-0.17931459821398352,trailing_stop,26,-0.17931459821398352,151.37911401350593,150.17668340460156
BLUD,2005-06-13,23.45677839505,2005-06-14,21.63835081917,21875,21.959690133692426,0.7485441306787886,1.4970882613575753,-39778.10322237503,-40074.040007843345,-1.2146428656324058,stop_loss,1,-1.2146428656324058,153.93510821751562,142.0016772508031
CERN,2005-04-25,7.233885876158658,2005-06-16,7.502121181982078,70208,6.841676572828723,0.19610465166496777,0.39220930332993564,18832.26435125065,18521.888676189268,0.683908575207289,trailing_stop,52,0.683908575207289,152.36299787800414,158.01267718337934
COP,2005-06-20,23.040843262078024,2005-06-22,22.071989674181662,11276,22.033739731378844,0.5035517653495903,1.0071035306991796,-10924.793057119377,-11077.400748376156,-0.962019850356137,stop_loss,2,-0.962019850356137,77.94256458695754,74.66512666982173
SGI,2005-05-26,5.238718157183122,2005-06-27,5.287767182014849,96480,4.989971303547796,0.12437342681766275,0.24874685363532567,4732.249915765023,4427.571324107276,0.19718450350184186,stop_loss,32,0.19718450350184186,151.6294583415083,153.04913331623777
DVA,2005-05-27,22.48246,2005-06-27,22.302675,22649,21.68554812456137,0.39845593771931387,0.796911875438628,-4071.9504649999767,-4376.252021784477,-0.22560210926841012,trailing_stop,31,-0.22560210926841012,152.761570962,151.5399858225
MGM,2005-06-10,38.676021521082426,2005-06-27,36.477936491717664,13288,36.20861168914644,1.2337049159679947,2.4674098319359885,-29208.15387019896,-29507.747608421185,-0.8908471551481547,trailing_stop,17,-0.8908471551481547,154.17809219164297,145.4156460305833
GLW,2005-04-28,8.861332838872716,2005-06-30,11.139822060163192,56837,8.322595177818224,0.26936883052724603,0.5387376610544923,129502.49187048679,129161.45017818784,4.229311195416894,trailing_stop,63,4.229311195416894,151.09547236890256,189.9462199300486
DRI,2005-03-28,14.55301781719015,2005-07-07,15.276859263291993,36973,13.813023839669912,0.36999698876011966,0.7399939775202391,26762.589786723398,26431.7197731344,0.978172077193756,trailing_stop,101,0.978172077193756,161.42061832649145,169.44939526250846
ZION,2005-05-03,46.49895939533308,2005-07-07,45.344125643550385,10837,44.96004095279781,0.7694592212676348,1.5389184425352695,-12514.933368069082,-12813.524421838996,-0.7504190734631667,trailing_stop,65,-0.7504190734631667,151.17276689016737,147.41828687974666
UHS,2005-03-30,23.177580599367595,2005-07-14,25.736102553743134,22868,22.29635022386767,0.4406151877499628,0.8812303754999249,58508.28005265983,58172.71262075623,2.9033519786742272,trailing_stop,106,2.9033519786742272,159.00747394390146,176.5599579596994
HAL,2005-06-24,17.507960986268365,2005-07-18,16.7269183973197,14692,16.735095070263796,0.38643295800228544,0.7728659160045694,-11475.077716833788,-11625.97137120489,-1.010579678537729,trailing_stop,24,-1.010579678537729,77.16808884307645,73.72556552802632
OVV,2005-06-09,63.35905069422779,2005-07-19,66.46280038210841,8067,60.223820286375656,1.5676152039260673,3.1352304078521342,25037.94873213298,24723.76687034314,0.9899590410029614,trailing_stop,40,0.9899590410029614,153.33523858510068,160.84662320474055
CCI,2005-06-27,12.428506475501468,2005-07-19,12.275297182668064,41177,11.925986107933934,0.251260183783767,0.5025203675675343,-6308.699051001082,-6613.867607970816,-0.3048817574798382,trailing_stop,22,-0.3048817574798382,153.53058334251716,151.63797362721687
HUM,2005-07-07,35.83422549061937,2005-07-22,33.424973886612555,14755,34.00559657552908,0.9143144575451437,1.8286289150902846,-35548.50741712051,-35855.083263163826,-1.3175180508877933,stop_loss,15,-1.3175180508877933,158.6201991342266,147.95564690909046
FISV,2005-04-25,10.495484999999999,2005-07-26,10.7167725,48390,10.065152864230097,0.21516606788495113,0.4303321357699019,10708.102125000036,10400.163782872536,0.5142249012012501,trailing_stop,92,0.5142249012012501,152.36295574499997,155.5753863825
ROP,2005-05-04,31.283523283511155,2005-07-27,32.95742894686395,16156,29.97509394072892,0.6542146713911164,1.308429342782233,27043.619897127748,26732.256849857567,1.2793244607258774,trailing_stop,84,1.2793244607258774,151.62498065052185,159.7380666196602
LM,2005-06-27,71.0099094029195,2005-07-27,74.1364108658457,7207,67.5999601575779,1.7049746226708073,3.4099492453416076,22532.696043309123,22218.875184256027,0.916876245943358,trailing_stop,30,0.916876245943358,153.53052512005226,160.290333933045
SWK,2005-07-19,29.36876645378377,2005-07-27,28.193622452592034,18124,28.185239310002054,0.5917635718908584,1.183527143781717,-21298.309877599022,-21611.28809856077,-0.9929168142581045,stop_loss,8,-0.9929168142581045,159.68385696251312,153.2943639992334
TOL,2005-07-19,51.659547947857234,2005-07-27,48.215553982853024,10304,48.956214086706716,1.3516669305752593,2.7033338611505187,-35486.913815403386,-35795.647730491604,-1.2739802561931706,stop_loss,8,-1.2739802561931706,159.68999461641627,149.04392047179527
WHR,2005-07-26,42.81033397299402,2005-07-27,41.79599886536595,12457,41.080035178161204,0.8651493974164091,1.7302987948328195,-12635.57243572288,-12951.754762173114,-0.5862196232564997,stop_loss,1,-0.5862196232564997,159.98649909047597,156.1958273597591
JOE,2005-06-01,72.54031520290283,2005-07-28,74.32794814081846,7034,69.63223036437331,1.4540424192647596,2.9080848385295184,12574.210085298553,12264.288675990632,0.6147114122088521,trailing_stop,57,0.6147114122088521,153.07457314116553,156.8468361667551
AFL,2005-07-28,14.248361411017454,2005-08-02,13.788146237733484,37066,13.788206661124857,0.2300773749462986,0.4601547498925971,-17058.335612943636,-17370.095970696217,-1.0001313110239265,stop_loss,5,-1.0001313110239265,158.4389292182319,153.3214285343488
KSS,2005-06-13,28.71232754803845,2005-08-05,28.263748923351773,17871,27.441914379955595,0.6352065840414268,1.2704131680828539,-8016.548601775572,-8322.014440561636,-0.35309664285329556,trailing_stop,53,-0.35309664285329556,153.93540168329855,151.53043710276586
OKE,2005-07-14,5.23196942543575,2005-08-08,5.219371235861367,103035,5.068648338161316,0.08166054363721668,0.16332108727443373,-1298.0544627965949,-1621.1106283076194,-0.07713755635984877,trailing_stop,25,-0.07713755635984877,161.72279092493173,161.3333745860928
KEY,2005-07-21,16.944866976390106,2005-08-08,16.579327004067842,15934,16.464953859626828,0.23995655838163868,0.47991311676327797,-5824.513918982949,-5984.766271048334,-0.7616794781263917,stop_loss,18,-0.7616794781263917,80.99985312053998,79.2524989448451
EG,2005-07-27,63.41295348930365,2005-08-08,61.62201021016136,8368,61.84935241130616,0.7818005389987478,1.5636010779974967,-14986.613359862684,-15300.50113273382,-1.1453965492502414,stop_loss,12,-1.1453965492502414,159.19187843954788,154.69589443158907
SPG,2005-05-02,24.663083709548623,2005-08-09,27.13352074211322,10200,23.923106454174526,0.3699886276870488,0.7399772553740966,25198.457732158888,25039.960122536802,3.3385310354108975,trailing_stop,99,3.3385310354108975,75.46903615121879,83.02857347086645
ED,2005-05-17,17.692166667816537,2005-08-09,18.214812142844508,28460,17.243393526079885,0.22438657086832534,0.44877314173665184,14874.490219296067,14567.916434210643,1.1646095241026462,trailing_stop,84,1.1646095241026462,151.05571900981758,155.5180660756064
SNV,2005-05-19,51.86441319713742,2005-08-11,51.0793251330114,4888,49.889862034147235,0.9872755814950909,1.9745511629901813,-3837.51045744796,-3988.4671553352905,-0.3976033028878871,trailing_stop,84,-0.3976033028878871,76.05397551228232,74.90272237504793
GT,2005-07-27,15.456921675412891,2005-08-17,14.92842456286991,34331,14.634485763626481,0.4112179558932049,0.8224359117864104,-18143.834370713077,-18456.78216722502,-0.6425997515052985,trailing_stop,21,-0.6425997515052985,159.19547341158,153.75232310036608
HP,2005-07-28,15.181965105475358,2005-08-17,14.786665964549538,34787,14.46084548948305,0.3605598079961542,0.7211196159923077,-13751.2712153865,-14064.026846096387,-0.5481741616220807,trailing_stop,20,-0.5481741616220807,158.44050603725137,154.31512467263545
CME,2005-06-06,23.69300957372713,2005-08-18,25.893641480432162,21525,22.4061267544372,0.6434414096449654,1.2868828192899322,47368.601791825786,47048.39599264355,1.7100484004590883,trailing_stop,73,1.7100484004590883,152.99760932234295,167.2081898598907
MDR,2005-08-08,19.934997666712903,2005-08-18,19.164420827917834,26542,18.72290852244341,0.6060445721347463,1.2120891442694912,-20452.650455298724,-20763.983485004068,-0.6357427112009032,trailing_stop,10,-0.6357427112009032,158.73441242096814,152.59861728437855
RDC,2005-08-11,33.6541747361155,2005-08-18,31.315034702720546,7954,31.810744504861052,0.9217151156272243,1.8434302312544482,-18605.51982562347,-18760.54935318642,-1.2689061911516868,stop_loss,7,-1.2689061911516868,80.3055917553188,74.72393580763178
CNQ,2005-06-16,4.5249419209244035,2005-08-19,5.5600030293512575,57352,4.267824059590711,0.1285589306668464,0.2571178613336924,59362.82469049693,59189.307161660465,4.025628958866969,trailing_stop,64,4.025628958866969,77.85434071465691,95.66318812180599
QSII,2005-08-05,11.962862590404393,2005-08-19,11.397931218932225,44774,10.958416064043476,0.5022232631804584,1.0044465263609172,-25294.23722629486,-25608.024080900628,-0.5624305093859993,stop_loss,14,-0.5624305093859993,160.6875628868299,153.0992917189414
ANDV,2005-08-08,22.187949879583176,2005-08-19,21.129564762630885,23846,20.854874210737517,0.6665378344228292,1.3330756688456589,-25238.25149884433,-25548.1363350918,-0.7939422657595807,stop_loss,11,-0.7939422657595807,158.72815584856212,151.1566803989088
L,2005-08-17,25.990134869239093,2005-08-19,25.738636710693928,20134,25.340835558896902,0.3246496551710959,0.6492993103421902,-5063.663924148339,-5376.11605024545,-0.3873377878880252,stop_loss,2,-0.3873377878880252,156.98561263717798,155.46651345993348
RL,2005-08-10,39.272635025626286,2005-08-23,37.150906351824574,13549,37.58584046450486,0.8433972805607126,1.686794561121424,-28747.3018013394,-29057.940569976327,-1.2578465230473195,stop_loss,13,-1.2578465230473195,159.63147958866315,151.00728904826133
PRU,2005-05-17,29.470123678016652,2005-08-25,31.13448165746783,17085,28.326482237191804,0.571820720412423,1.1436414408248474,28435.55607892339,28124.927174276367,1.4553145068359592,trailing_stop,100,1.4553145068359592,151.04911891167436,159.57978573535135
VRTX,2005-08-22,18.948929999999997,2005-08-29,17.30268,27260,17.448991107706213,0.7499694461468913,1.499938892293784,-44876.77499999996,-45173.24066657996,-1.097544712293224,stop_loss,7,-1.097544712293224,154.96434954,141.50131704
AGN,2005-08-23,33.591838812417464,2005-08-29,32.70566838000542,15411,32.59689136308838,0.4974737246645418,0.9949474493290822,-13656.772533902007,-13963.285798904735,-0.8906705907026654,stop_loss,6,-0.8906705907026654,155.30514838144964,151.20811662127906
URBN,2005-05-16,25.345319999999997,2005-08-31,27.34263,19741,23.6387210925518,0.8532994537240984,1.7065989074481962,39428.896710000045,39116.86286371505,1.170345293954567,trailing_stop,107,1.170345293954567,150.10258863599998,161.931257649
BWA,2005-07-07,9.909523167227148,2005-09-09,10.106607676657832,53356,9.479727987047072,0.21489759009003756,0.4297951801800757,10515.641085183606,10195.246881991709,0.4585544894852242,trailing_stop,64,0.4585544894852242,158.6197554331715,161.77444775872658
TS,2005-08-29,12.823108353802802,2005-09-13,13.322339054978094,40083,12.151158096610148,0.33597512859632694,0.6719502571926537,20010.66419520926,19696.267804663414,0.7429578243797877,trailing_stop,15,0.7429578243797877,154.19659564364332,160.1997949022061
ELX,2005-08-25,20.5205,2005-09-15,21.12885,25203,19.414493983852374,0.5530030080738129,1.1060060161476244,15332.245050000038,15017.338479585036,0.5500422159718179,trailing_stop,21,0.5500422159718179,155.15344845,159.753121965
CMI,2005-09-13,15.000346935092965,2005-09-16,14.511691683988133,35517,14.411989710942052,0.2941786120754564,0.5883572241509132,-17355.56855349034,-17670.022276180513,-0.8305417713023489,stop_loss,3,-0.8305417713023489,159.83019662810904,154.62352606206196
ODP,2005-07-22,245.17379229712148,2005-09-20,256.52347979141416,2171,233.3639449089399,5.9049236940907885,11.809847388181566,24640.17155010941,24313.416116798147,0.9610359153032426,trailing_stop,60,0.9610359153032426,159.6816909231152,167.07374238814805
MU,2005-09-15,12.864971686671844,2005-09-20,12.15736401705459,41057,12.216331540619425,0.32432007302620935,0.6486401460524185,-29052.248091475576,-29360.450702571943,-1.0909094571523326,stop_loss,5,-1.0909094571523326,158.45914276190575,149.7434683344631
ISRG,2005-07-28,7.229437215000001,2005-09-21,7.482502517489999,73053,6.708574894014833,0.26043116049258386,0.5208623209851675,18487.17954280181,18164.754142818532,0.48585833970740283,trailing_stop,55,0.48585833970740283,158.43962306021854,163.98577692305906
TXN,2005-07-27,20.083905386677518,2005-09-22,19.991265754778087,26422,19.19917484461568,0.44236527103091927,0.8847305420618383,-2447.724354046758,-2765.38420561662,-0.1047094312846223,trailing_stop,57,-0.1047094312846223,159.19708443803802,158.462767131824
ADSK,2005-08-22,40.26022,2005-09-22,40.96899,12830,38.19175862899611,1.0342306855019436,2.0684613710038846,9093.519100000016,8780.867870710015,0.34265566180528406,trailing_stop,31,0.34265566180528406,154.96158677999998,157.68964250999997
NFLX,2005-09-09,0.347775652224,2005-09-22,0.32253396318,1520732,0.323104417414303,0.012335617404848493,0.024671234809696962,-38385.84426326018,-38691.65264787595,-1.0231222408891671,stop_loss,13,-1.0231222408891671,158.66206894737238,147.14631566839432
NFX,2005-09-20,50.750699999999995,2005-09-23,48.86109,5264,48.199460009250714,1.2756199953746417,2.5512399907492807,-9946.907039999987,-10104.213978767986,-0.740663366383275,stop_loss,3,-0.740663366383275,80.14550544000001,77.161433328
RHT,2005-09-21,17.00699,2005-09-23,16.25373,31270,16.064762183901518,0.47111390804924086,0.9422278160984803,-23554.440199999917,-23866.459014319917,-0.7994457254712036,stop_loss,2,-0.7994457254712036,159.54257318999996,152.47624113000003
DVN,2005-09-22,41.818168288701145,2005-09-26,39.2644190742706,6320,39.88298539173397,0.9675914484835868,1.9351828969671772,-16139.695035201052,-16293.427620841247,-1.3196423027677577,stop_loss,4,-1.3196423027677577,79.28724707537735,74.44533856481705
MDT,2005-08-19,35.403996677028275,2005-09-27,34.67076080677621,14557,34.506513733014415,0.44874147200692943,0.8974829440138592,-10673.714563259331,-10979.738036666855,-0.8169914260128197,trailing_stop,39,-0.8169914260128197,154.61279388825017,151.41067951927235
ETFC,2005-08-09,160.41400932645894,2005-09-28,160.3859990780126,3281,151.49746568386308,4.4582718212979335,8.916543642595855,-91.90162515247371,-407.66507342499506,-0.0031413796162607288,trailing_stop,50,-0.0031413796162607288,157.89550938003353,157.86793889248779
VEON,2005-09-28,109.15602846743474,2005-10-03,105.62243214997251,4847,104.56305285612044,2.2964878056571534,4.592975611314301,-17127.34135073941,-17439.65071032318,-0.7693479383512493,stop_loss,5,-0.7693479383512493,158.72378099449688,153.585578589275
A,2005-08-18,19.667792049189263,2005-10-05,20.503001100992932,26280,18.72144439177549,0.4731738287068875,0.9463476574137744,21949.293881400437,21632.5873482044,0.8825604895416239,trailing_stop,48,0.8825604895416239,155.06087251580814,161.64566068022827
RIG,2005-09-20,49.024572345399676,2005-10-05,46.219374271844295,5449,46.27428221266862,1.375145066365526,2.7502901327310525,-15285.524302803273,-15441.21958233848,-1.0199644176339333,stop_loss,15,-1.0199644176339333,80.14046841302486,75.55481112218386
DNR,2005-06-27,9.560847364438622,2005-10-06,10.548889353691534,53527,9.105073114990368,0.2278871247241269,0.45577424944825395,52886.92355874059,52563.99939554719,2.1678319704305458,trailing_stop,101,2.1678319704305458,153.52904306289184,169.39512013051402
HPQ,2005-08-18,7.66063784200067,2005-10-06,7.983351856457092,67471,7.266321350236079,0.19715824588229566,0.3943164917645916,21773.837269389205,21457.182580705812,0.8184136884872744,trailing_stop,49,0.8184136884872744,155.06126875128817,161.59341993210492
PXD,2005-08-29,36.67677907790952,2005-10-06,38.49839211700946,14014,34.69442901585301,0.9911750310282548,1.9823500620565113,25528.085129946514,25212.033675208837,0.9189159240675059,trailing_stop,38,0.9189159240675059,154.1965145993472,161.85494013833116
CHK,2005-09-20,353.85349999999994,2005-10-06,338.661,755,332.4850639570898,10.684218021455084,21.36843604291016,-11470.337499999954,-11627.192034249954,-0.7109785652769222,trailing_stop,16,-0.7109785652769222,80.14781774999999,76.7067165
VALE,2005-09-22,3.4019613844025653,2005-10-06,3.1642282649525866,155395,3.2259456991881437,0.08800784260721076,0.17601568521442168,-36942.53809692945,-37248.644009097916,-1.350635991107117,trailing_stop,14,-1.350635991107117,158.59433679877097,147.51157536969214
FTO,2005-09-22,20.862458196395583,2005-10-06,17.76101932051174,25339,19.20290009654006,0.8297790499277624,1.6595580998555235,-78587.35967602071,-78880.963765061,-1.8688341650429992,stop_loss,14,-1.8688341650429992,158.59014847154032,135.01394056873409
NBL,2005-09-22,23.573549999999997,2005-10-06,21.4785,11212,22.523255313014605,0.5251473434926957,1.0502946869853922,-23489.700599999967,-23641.237675379965,-1.9947258859447468,stop_loss,14,-1.9947258859447468,79.29199278,72.2450826
ANDV,2005-09-23,28.725218118668458,2005-10-06,24.75292699801299,9139,26.66153516003103,1.031841479318714,2.063682958637429,-36302.76855167034,-36449.38958213675,-1.924855319480964,stop_loss,13,-1.924855319480964,78.75593051595331,67.86509995045222
UNT,2005-09-29,55.305249999999994,2005-10-06,48.4515,4859,52.156799873897505,1.5742250630512433,3.148450126102489,-33302.37124999995,-33453.61746447495,-2.176864719303763,stop_loss,7,-2.176864719303763,80.618462925,70.62775155
VRTX,2005-10-03,22.422399999999996,2005-10-06,22.33764,24088,20.883636939430865,0.7693815302845655,1.5387630605691314,-2041.6988799998971,-2365.152833055897,-0.055083204277496856,trailing_stop,3,-0.055083204277496856,162.03323136,161.42072169600002
RRC,2005-09-20,21.991311557110855,2005-10-07,21.31340474293413,12148,20.611830248706045,0.6897406542024049,1.3794813084048094,-8235.211978618869,-8393.031686702752,-0.4914215292707642,trailing_stop,17,-0.4914215292707642,80.1451358387348,77.67457224514914
NTES,2005-09-27,3.5473408481911193,2005-10-07,3.2605362085577525,149644,3.26063824054627,0.1433513038224245,0.2867026076448491,-42918.593493295535,-43224.220879579574,-1.00035588092259,stop_loss,10,-1.00035588092259,159.25148216601355,146.3759041180249
NOV,2005-08-02,19.15746912614563,2005-10-11,20.78926328153659,13957,18.14754672461479,0.5049612007654193,1.0099224015308401,22774.951026791627,22607.690063527418,1.6157619168735011,trailing_stop,70,1.6157619168735011,80.21423897808437,87.04672428612186
MO,2005-08-19,4.666390553852954,2005-10-11,4.813899961896788,110448,4.532030892446708,0.06717983070312313,0.1343596614062461,16292.119099625346,15977.995361560288,1.097869751233061,trailing_stop,53,1.097869751233061,154.61805116758532,159.50568689747294
TRV,2005-06-30,24.50787731901033,2005-10-12,25.57588688977716,21462,23.83703217191073,0.33542257354979876,0.6708451470995982,22921.62140779769,22599.152083562993,1.592035919741498,trailing_stop,104,1.592035919741498,157.7964189061799,164.6729053285192
SWN,2005-06-14,10.172662499999998,2005-10-13,16.73325,50413,9.58896658968039,0.29184795515980316,0.5836959103196069,330738.8976375002,330331.97530744143,11.239735252569625,trailing_stop,121,11.239735252569625,153.85033038374996,253.07199967500003
MDR,2005-08-31,25.1706901818644,2005-10-13,26.91190706666206,20538,23.469677525619055,0.8505063281226736,1.7010126562453465,35761.112379974315,35440.210665287246,1.0236354670288317,trailing_stop,43,1.0236354670288317,155.08669048653934,165.81502420053164
DVA,2005-10-05,25.150124999999996,2005-10-13,24.02595,21486,24.136955997661552,0.5065845011692225,1.0131690023384436,-24154.02404999987,-24471.00319423487,-1.1095631601493363,stop_loss,8,-1.1095631601493363,162.11267572499995,154.86646851
EWJ,2005-08-23,31.628714496682885,2005-10-21,33.0970010293323,16368,30.805379393772103,0.4116675514553906,0.8233351029107823,24032.91396640557,23715.084812886624,1.7833401338756198,trailing_stop,59,1.7833401338756198,155.30963966451165,162.5195138544333
CAH,2005-09-16,28.481719486034002,2005-11-03,28.137485722803845,18564,27.585596677855676,0.4480614040891638,0.8961228081783261,-6390.355580604641,-6705.6792582537,-0.3841368170618593,trailing_stop,48,-0.3841368170618593,158.62039216162054,156.70328548743916
NTRS,2005-10-20,31.913463262792913,2005-11-04,31.252327733904142,7910,30.60213115956519,0.6556660516138619,1.3113321032277234,-5229.582033510177,-5379.474455545339,-0.5041709321852538,trailing_stop,15,-0.5041709321852538,75.73064832260758,74.16177371255452
WCC,2005-10-26,38.73429451631827,2005-11-29,39.39248785838895,13071,36.958374049697056,0.8879602333106063,1.7759204666212156,8603.24517420579,8296.88662247985,0.37062095653580873,trailing_stop,34,0.37062095653580873,151.88878908683884,154.46976263910057
NVS,2005-10-20,25.567668187635913,2005-11-30,25.275178221895686,19748,24.915948789756598,0.32585969893965677,0.6517193978793152,-5776.0918434380055,-6077.305202706634,-0.44879739147244185,trailing_stop,41,-0.44879739147244185,151.4730934108302,149.7402658577988
CME,2005-10-26,35.3569640358218,2005-12-01,34.969965347582544,14320,33.06623399402322,1.1453650208992878,2.290730041798575,-5541.821215586095,-5843.9457042172,-0.1689412026636709,trailing_stop,36,-0.1689412026636709,151.89351749789043,150.2309711332146
CNW,2005-10-25,48.92540385002815,2005-12-06,49.98275044044413,10383,46.63715286663056,1.1441254916987937,2.288250983397589,10978.429648289139,10670.340638489746,0.4620763185889847,trailing_stop,42,0.4620763185889847,152.39774045245267,155.69126934693944
AFL,2005-10-25,14.73976516242955,2005-12-07,14.743324765181251,34464,14.274804798126674,0.23248018215143795,0.46496036430287546,122.67814923465681,-182.15341414489677,0.007655712239125927,trailing_stop,43,0.007655712239125927,152.3973799673916,152.43418341216199
BBD,2005-12-06,1.3968783432391119,2005-12-09,1.2158088474478093,385697,1.3210794845420444,0.03789942934853375,0.07579885869706748,-69837.96131821805,-70140.27300163396,-2.388815595693235,stop_loss,3,-2.388815595693235,161.6315359056887,140.6801475102233
CTXS,2005-10-25,20.93528163958857,2005-12-16,20.29302264697149,24265,19.885830777463124,0.524725431062723,1.0494508621254468,-15584.414455853448,-15884.535896907462,-0.6119952975371488,trailing_stop,52,-0.6119952975371488,152.398382695385,147.72305835862895
GS,2005-10-25,88.47968459979762,2005-12-19,91.74795483412863,2870,84.7827660720141,1.848459263891764,3.6969185277835237,9379.935572530007,9224.759574977395,0.8840525453208984,trailing_stop,55,0.8840525453208984,76.18100844042576,78.99498911218475
GS-P-I,2005-10-25,110.86991327674635,2005-12-19,114.96524123683804,2290,106.22969165998693,2.3201108083797086,4.640221616759419,9378.30102860998,9223.152277459147,0.8825716309109691,trailing_stop,55,0.8825716309109691,76.16763042112474,78.98112072970774
CHRW,2005-10-26,21.51887766456037,2005-12-19,23.854812469863052,23528,20.4416996468662,0.5385890088470855,1.0771780176941697,54959.87409916149,54639.60844471668,2.1685689523288207,trailing_stop,54,2.1685689523288207,151.8888461075329,168.37680833728137
PFG,2005-10-26,26.534602685580804,2005-12-20,26.26191345929196,19081,25.716634309423306,0.4089841880787496,0.8179683761574985,-5203.183126817421,-5505.406224185516,-0.3333738005493962,trailing_stop,55,-0.3333738005493962,151.8920261530702,150.33107121502496
XLK,2005-12-02,8.411242003764599,2005-12-20,8.168033900285836,32097,8.220074370984355,0.0955838163901224,0.1911676327802443,-7806.250497357842,-7965.894002965534,-1.2722242774138501,stop_loss,18,-1.2722242774138501,80.9926903784497,78.65081522924235
STT,2005-10-20,35.02955011438641,2005-12-28,36.80158610998614,14414,33.64066439207531,0.6944428611555492,1.3888857223111017,25542.126840574503,25231.51464131307,1.275868825731081,trailing_stop,69,1.275868825731081,151.4747806046297,159.13741865680208
ESRX,2005-11-30,21.521499999999996,2005-12-30,21.046432499999998,25038,20.43541995127349,0.5430400243632519,1.0860800487265045,-11894.740064999949,-12214.484833180448,-0.4374148116955502,trailing_stop,30,-0.4374148116955502,161.65659509999998,158.08817308049998
IWF,2005-11-21,10.249722681177818,2006-01-03,10.243790520474615,26387,10.047032224437455,0.10134522837018138,0.20269045674036335,-156.53192447542384,-318.76062433102464,-0.029267094260890872,trailing_stop,43,-0.029267094260890872,81.13782971647173,81.09087013912911
LH,2005-12-09,44.39408159472288,2006-01-04,43.78356680955748,12012,43.067024900125105,0.663528347298886,1.327056694597772,-7333.50359940678,-7651.260573196445,-0.46005177295793326,stop_loss,26,-0.46005177295793326,159.97851243474338,157.77846135492135
ADBE,2005-12-19,38.54850999999999,2006-01-04,38.661300000000004,13870,36.20871982702416,1.1698950864879163,2.3397901729758317,1564.3973000001533,1243.1272805901533,0.04820517724312029,stop_loss,16,0.04820517724312029,160.40035011,160.8696693
JBLU,2005-12-28,16.016,2006-01-04,14.430555,33087,14.945041800077238,0.5354790999613799,1.0709581999227602,-52457.61871499994,-52759.83426458544,-1.4803985814893093,stop_loss,7,-1.4803985814893093,158.9764176,143.2391319855
FFIV,2006-01-04,31.056024999999995,2006-01-12,29.075895,17192,29.20058442971396,0.9277202851430182,1.855440570286035,-34042.394959999925,-34352.531350591926,-1.0672020606376729,stop_loss,8,-1.0672020606376729,160.17455453999997,149.961836052
AAMRQ,2005-12-16,21.46144,2006-01-13,21.22875,25039,20.05064473941275,0.7053976302936246,1.4107952605872498,-5826.324909999951,-6147.000810222951,-0.1649353428527537,trailing_stop,28,-0.1649353428527537,161.21189884799998,159.46400137499998
MCO,2005-11-29,47.683315811711466,2006-01-18,49.72062071723813,11274,46.13121922503356,0.7760482933389536,1.552096586677905,22968.57550490757,22639.135910779358,1.312614770893409,trailing_stop,50,1.312614770893409,161.2745107383705,168.16508338984278
AZN,2005-12-20,22.30463562438474,2006-01-18,21.5303068335078,23656,21.68107938775604,0.3117781183143503,0.6235562366287013,-18317.521876984883,-18628.609696620053,-1.2417946375829714,trailing_stop,29,-1.2417946375829714,158.29153809913365,152.79628153603815
PGR,2005-09-23,13.700658340354817,2006-01-19,14.71752140879977,38324,13.262025781780485,0.2193162792871659,0.4386325585743318,38970.2602350844,38643.530738872425,2.31825715753983,trailing_stop,118,2.31825715753983,157.5192090707274,169.21028714125273
UNM,2005-11-03,13.14828783995066,2006-01-19,13.553820671046298,39748,12.54232961147504,0.30297911423781004,0.60595822847562,16119.118970389405,15800.712347660874,0.6692422217218126,trailing_stop,77,0.6692422217218126,156.78544351870764,161.62117920982448
AON,2005-10-26,26.968602640184386,2006-01-23,28.55249809709181,18774,25.74556265080228,0.6115199946910529,1.2230399893821051,29736.05330797998,29423.34736440749,1.2950479711686511,trailing_stop,89,1.2950479711686511,151.8925637900465,160.8133797824405
BCRX,2006-01-18,22.022,2006-01-24,20.31966,24649,19.713225717618894,1.1543871411905529,2.308774282381105,-41960.978659999986,-42274.08253320199,-0.7373349629675915,stop_loss,6,-0.7373349629675915,162.84608339999997,150.257789802
TEVA,2005-10-20,29.687592136113583,2006-01-25,33.56632616065694,17007,28.455138137562873,0.6162269992753546,1.2324539985507101,65965.6295554089,65642.90173886695,3.1471633254502893,trailing_stop,97,3.1471633254502893,151.46906383766512,171.2587527042878
MUR,2006-01-18,27.49683097196926,2006-01-25,26.38947961542918,19741,26.203604801365444,0.6466130853019079,1.2932261706038162,-21860.223129457696,-22179.354026649446,-0.8562704511485789,stop_loss,7,-0.8562704511485789,162.84448206529353,156.28641512645623
TLM,2006-01-24,17.714069257627884,2006-01-26,16.714030230029103,30330,16.638158337477673,0.5379554600751054,1.0759109201502106,-30331.18370707103,-30644.444984309222,-0.9294812506031291,stop_loss,2,-0.9294812506031291,161.1803161751561,152.08096106303478
EXC,2006-01-19,18.769924111987354,2006-02-03,18.286256644020696,28638,18.072638826077483,0.34864264295493563,0.6972852859098708,-13851.26894762915,-14169.633418976318,-0.6936435885572028,trailing_stop,15,-0.6936435885572028,161.25992601572815,157.10454533143943
MDR,2006-01-03,35.50823044119304,2006-02-08,37.519520071060285,14846,33.50882263345347,0.9997039038697878,1.9994078077395727,29859.605845009082,29534.354849777606,1.005942670665622,trailing_stop,36,1.005942670665622,158.14655673898557,167.1044384924883
NEM,2006-01-04,38.58289785342134,2006-02-08,38.248199859932285,6919,36.585604558768814,0.9986466473262634,1.997293294652529,-2315.775416950795,-2475.2537264744033,-0.16757578588240646,trailing_stop,35,-0.16757578588240646,80.08652107434669,79.39178844926143
VALE,2006-01-13,3.929185214713528,2006-02-08,3.855360609596329,138492,3.7397029906117747,0.0947411120508767,0.18948222410175353,-10224.117211891142,-10547.54640798124,-0.3896122998722809,trailing_stop,26,-0.3896122998722809,163.2482156268318,160.1809804632644
PBR,2006-01-13,6.355581225767065,2006-02-08,6.572143584480376,42809,6.025266988608542,0.16515711857926182,0.3303142371585235,9270.818014158102,9104.791122737537,0.6556252633136679,trailing_stop,26,0.6556252633136679,81.6228230081587,84.40406841240612
SLB,2006-01-23,39.53950937803791,2006-02-08,37.61955253319868,13478,37.5365630313563,1.0014731733408064,2.002946346681611,-25877.1783547432,-26189.163305675094,-0.9585662881185658,stop_loss,16,-0.9585662881185658,159.8740522191585,152.11089871273552
CBRE,2006-02-03,22.992969999999996,2006-02-09,21.911366699999995,24013,21.74062121711236,0.6261743914438184,1.252348782887637,-25972.54004290003,-26296.02639405316,-0.8636598005118552,stop_loss,6,-0.8636598005118552,165.63905658299998,157.84729457012995
STLD,2006-01-25,6.699985530185583,2006-02-10,6.883738885615364,80497,6.281470511269009,0.2092575094582873,0.4185150189165743,14791.593852031081,14463.559132741462,0.43906036133534776,trailing_stop,16,0.43906036133534776,161.7986205670047,166.236098722614
SLAB,2006-01-26,49.07402499999999,2006-02-13,46.77318,10947,45.18670424465907,1.9436603776704604,3.887320755340923,-25187.35021499987,-25502.12202094037,-0.5918845253093094,trailing_stop,18,-0.5918845253093094,161.16400550249998,153.60780043800003
AU,2006-01-04,40.11947245556546,2006-02-16,42.2863381166649,6654,37.83920625644064,1.140133099562408,2.280266199124817,14418.324108955696,14253.825629891411,0.9502687282437033,trailing_stop,43,0.9502687282437033,80.08649091579976,84.41198814848647
MU,2006-02-08,15.998246278040446,2006-02-24,15.34282718504363,33726,15.136517849772153,0.4308642141341467,0.8617284282682931,-22104.664330410607,-22421.767043495398,-0.760586597234501,trailing_stop,16,-0.760586597234501,161.8670561919576,155.23565689283444
HOLX,2006-01-25,24.224199999999996,2006-03-01,23.891085,22264,22.414243706269474,0.9049781468652606,1.8099562937305222,-7416.472359999907,-7737.843971571907,-0.18404588064024938,trailing_stop,35,-0.18404588064024938,161.79827663999995,159.573334932
GFI,2006-01-04,12.618925094950313,2006-03-07,12.653141110751804,42310,11.790834260041768,0.41404541745427303,0.8280908349085454,1447.6796285610667,1126.9012922120899,0.04131915770480591,trailing_stop,62,0.04131915770480591,160.17201623020432,160.60632011877266
MUFG,2006-03-01,9.357796455892299,2006-03-07,8.8872076456506,59964,8.920088465337301,0.21885399527749874,0.43770799055499765,-28218.38741733323,-28546.600445116706,-1.0751204464990678,stop_loss,6,-1.0751204464990678,168.33927200433772,159.87375577913775
MTU,2006-03-01,12.000049812665699,2006-03-07,11.3965862526531,23380,11.44086955492327,0.2795901288712144,0.5591802577424296,-14108.978033094576,-14273.082038456721,-1.0791932505788995,stop_loss,6,-1.0791932505788995,84.1683493860372,79.93565597610885
DRI,2005-12-19,18.808629942904158,2006-03-08,19.60314375545984,28427,17.75762241794126,0.5255037624814487,1.0510075249628983,22585.64414952036,22258.064702243344,0.7559544472183763,trailing_stop,79,0.7559544472183763,160.40187701608096,167.17757026093705
WHR,2006-02-09,46.26270971844896,2006-03-08,45.05442032951516,11730,44.29068620687818,0.9860117557853929,1.9720235115707823,-14173.234532193468,-14494.579512832253,-0.6127155086357753,trailing_stop,27,-0.6127155086357753,162.79847549922192,158.54650513956383
VRTX,2006-02-24,41.73168999999999,2006-03-08,38.841120000000004,13375,38.72358261029234,1.5040536948538263,3.0081073897076536,-38661.37374999986,-38984.672150124854,-0.9609264648895773,trailing_stop,12,-0.9609264648895773,167.448406125,155.849994
CCJ,2005-12-07,23.78686534734337,2006-03-09,26.549111884014696,22648,22.444609283476396,0.6711280319334867,1.342256063866973,62559.35956253222,62217.356798831475,2.057913248470215,trailing_stop,92,2.057913248470215,161.61747791598978,180.38528578474944
VAR,2005-10-20,38.68233022174063,2006-03-13,47.88085405944374,13053,36.6184675134605,1.0319313541400614,2.0638627082801264,120068.33165353874,119729.35888021205,4.456945610189593,trailing_stop,144,4.456945610189593,151.47613691531413,187.49663641137576
CNO,2006-03-08,19.349259045498446,2006-03-20,19.47113861044799,28241,18.84996446276703,0.24964729136570735,0.4992945827314159,3442.0007937400937,3113.1027386796186,0.24410351957515047,stop_loss,12,0.24410351957515047,163.9327274111765,164.9653276492985
ALXN,2006-02-09,8.548539999999997,2006-03-22,8.83116,63481,7.886096600922886,0.3312216995385559,0.6624433990771115,17941.0002200002,17610.0159992902,0.4266326759293513,trailing_stop,41,0.4266326759293513,162.80096032199995,168.18326038800004
PDLI,2006-03-09,5.197618704144081,2006-03-23,5.062221199201992,104247,4.890303140058689,0.1536577820426957,0.30731556408539173,-14114.783697697978,-14435.650956819212,-0.44058134622972506,stop_loss,14,-0.44058134622972506,162.55084711527243,158.316412005963
CBRL,2006-03-20,23.93750265812654,2006-03-27,22.858134175724906,23558,22.953112584248125,0.49219503693920785,0.9843900738784157,-25427.76270841769,-25758.48619217725,-1.096484524827654,stop_loss,7,-1.096484524827654,169.1759062860435,161.5475774735182
PSA,2006-03-09,39.45449149988433,2006-03-28,38.785103876999756,13733,38.205026427048864,0.6247325364177307,1.2494650728354628,-9192.700225073813,-9515.039534067037,-0.5357393635385918,trailing_stop,19,-0.5357393635385918,162.54855953037347,159.7907494628513
PSA-P-T,2006-03-09,78.3492209514587,2006-03-28,76.55316091599849,3457,75.8670612275558,1.2410798619514538,2.4821597239029103,-6208.979542585963,-6369.628802820703,-0.7235876153191776,trailing_stop,19,-0.7235876153191776,81.25597704875783,79.39328318598203
VNO,2006-03-13,32.12373052331369,2006-03-28,32.36105843051254,16867,31.27734260918378,0.42319395706495444,0.8463879141299095,4003.009810723061,3676.7103301378047,0.28040086966840444,trailing_stop,15,0.28040086966840444,162.54928882101962,163.75019176423652
BEN,2005-10-25,14.864689226582755,2006-03-29,16.069053887197164,34174,14.271192969309675,0.29674812863654,0.5934962572730793,41157.95791183683,40840.81899068573,2.029270860355666,trailing_stop,155,2.029270860355666,152.39576688877173,164.74315426232278
CELG,2005-12-30,16.08607,2006-04-10,19.005975,33050,15.052725526445823,0.5166722367770883,1.0333444735541768,96502.86025,96154.922623825,2.825684052828017,trailing_stop,101,2.825684052828017,159.49338405,188.44424212500002
PAAS,2006-03-28,20.407811321500247,2006-04-10,19.332593311919258,27446,18.68063555957046,0.8635878809648933,1.7271757619297858,-29510.433490959847,-29837.648034630496,-0.6225295845859028,stop_loss,13,-0.6225295845859028,168.03383685896873,159.18070681168078
AIZ,2006-03-27,33.26565613663369,2006-04-12,32.567087481540305,16775,32.08674040719824,0.5894578647177214,1.1789157294354453,-11718.489189191485,-12049.792471449946,-0.5925518149019099,trailing_stop,16,-0.5925518149019099,167.40941450760906,163.89386775085157
VMED,2006-03-07,25.401530383918576,2006-04-18,25.69766372213537,21868,24.64034953382727,0.38059042504565443,0.7611808500913071,6475.843840124859,6140.612687111502,0.38904465105930053,trailing_stop,42,0.38904465105930053,166.64419993065945,168.58695308269685
AOS,2006-04-10,6.7289321820587755,2006-04-19,6.230247344020253,84363,6.419068469464113,0.15493185629733125,0.3098637125946624,-42070.54899144391,-42398.531570151485,-1.6093683053841816,stop_loss,9,-1.6093683053841816,170.30187170250736,157.68070700507417
FCX,2006-04-19,22.95276240645319,2006-04-25,21.637010478430376,24944,21.382752333774217,0.7850050363394856,1.570010072678972,-32820.11609260105,-33153.7902810532,-0.8380531761670114,stop_loss,6,-0.8380531761670114,171.7601116399705,161.9140768121902
WRB,2005-10-26,5.732711712600496,2006-04-26,7.579509461256663,88320,5.468058649453794,0.13232653157335122,0.2646530631467021,163109.17716131266,162756.45654909013,6.9781839163238875,trailing_stop,182,6.9781839163238875,151.89392953706275,200.82668268545652
JNY,2006-03-22,29.14065954050595,2006-04-26,29.460130424366444,19073,27.655509705892072,0.7425749173069385,1.4851498346138783,6093.268167871186,5757.960307771183,0.21511020397719796,trailing_stop,35,0.21511020397719796,166.73993982482102,168.56792027518236
CHRW,2006-02-09,27.350617825977796,2006-04-27,29.677343642877354,19841,25.835864556751837,0.7573766346129801,1.5147532692259595,46164.56693310412,45825.11939805306,1.536042776186591,trailing_stop,77,1.536042776186591,162.79908248556765,176.64845256549887
CME,2006-04-10,47.14416662952873,2006-04-27,45.62920060039443,12041,45.03092067192733,1.0566229788007013,2.1132459576014,-18241.70595680619,-18576.83119125084,-0.7168905368941723,trailing_stop,17,-0.7168905368941723,170.29887311584665,164.82636132880478
TZOO,2006-04-25,50.450399999999995,2006-04-27,40.39956,11396,45.47094083844325,2.489729580778373,4.979459161556747,-114539.37263999993,-114849.97048324793,-2.0184601728629827,stop_loss,2,-2.0184601728629827,172.47982752,138.11801572800002
HWM,2006-04-12,45.74503726433811,2006-04-28,45.18159210374163,12324,43.42019911544297,1.1624190744475713,2.3248381488951395,-6943.898159191018,-7280.072093290682,-0.24235887597777617,trailing_stop,16,-0.24235887597777617,169.12855177371085,167.04538232595354
ODP,2006-04-27,364.9486592867219,2006-05-01,355.8879593140263,1537,351.7916617208622,6.578498782929873,13.15699756585974,-13926.29585803314,-14258.673622869945,-0.6886601542138032,stop_loss,4,-0.6886601542138032,168.27782679710748,164.09993803969752
WYNN,2006-03-07,38.50171207707364,2006-05-04,38.328402337982844,14427,35.86107914827086,1.3203164644013907,2.6406329288027806,-2500.3396058629305,-2832.868024062737,-0.06563189347539226,trailing_stop,58,-0.06563189347539226,166.6392600407824,165.88915815902357
PENN,2006-03-08,8.820342625296643,2006-05-04,9.281327364527096,61953,8.289548992488774,0.265396816403935,0.5307936328078693,28559.387549544237,28222.951721280373,0.8684820441267704,trailing_stop,57,0.8684820441267704,163.9340059995009,172.50182226436416
OVTI,2006-03-23,29.269239999999996,2006-05-12,29.53044,19100,27.083894731736358,1.0926726341318198,2.1853452682636387,4988.920000000045,4651.997833600045,0.1195234472983476,trailing_stop,50,0.1195234472983476,167.71274519999997,169.20942119999998
AMT-P-A,2006-04-27,31.722688554696482,2006-05-15,30.37618982342364,17683,30.339622441771606,0.6915330564624381,1.383066112924876,-23810.13706509766,-24139.565405005753,-0.9735606408758708,trailing_stop,18,-0.9735606408758708,168.28569051380939,161.14264939428008
TTI,2006-05-04,27.31749193081106,2006-05-15,25.225469740643785,20939,25.519262715460922,0.8991146076750687,1.798229215350137,-43804.85263991255,-44134.911762244126,-1.1633790466250056,trailing_stop,11,-1.1633790466250056,171.60028906177584,158.45883326980206
RSG,2006-02-08,16.475022824983746,2006-05-16,17.420850278361005,32750,15.957544886318972,0.258738969332387,0.5174779386647739,30975.849098105227,30642.822144864866,1.827763818913202,trailing_stop,97,1.827763818913202,161.8670992554653,171.15985398489687
NTRI,2006-04-26,43.872340553776155,2006-05-16,41.86458338955994,12930,39.524703659580496,2.1738184470978297,4.347636894195659,-25960.300133315668,-26292.87366129187,-0.46180424287425764,trailing_stop,20,-0.46180424287425764,170.1808090080977,162.39271896810303
WFTIQ,2006-04-26,26.101074999999998,2006-05-16,26.328645,21734,24.537588678121878,0.7817431609390592,1.5634863218781199,4946.006380000078,4604.1541196560775,0.14555292030098335,trailing_stop,20,0.14555292030098335,170.18422921500002,171.668031129
GRMN,2006-05-04,24.02098728916783,2006-05-16,22.969980746698617,23812,22.496402262777195,0.7622925131953171,1.5245850263906355,-25026.567789276916,-25362.252468537932,-0.689372205732211,stop_loss,12,-0.689372205732211,171.59632479889933,164.08835446211623
NWL,2006-04-28,13.732620082446033,2006-05-17,13.38388862957866,40451,13.21421277999576,0.25920365122513644,0.5184073024502727,-14106.535999938098,-14435.60296811113,-0.6726978019388998,trailing_stop,19,-0.6726978019388998,166.64946448650733,162.41750368652592
ETFC,2005-10-25,180.14825407907446,2006-05-18,235.46029651883427,2819,169.9009808064735,5.123636636300468,10.24727327260095,155924.6476376829,155573.16748644225,5.3977327400502295,trailing_stop,205,5.3977327400502295,152.35137847467328,199.12877276597814
STLD,2006-03-28,8.837245293318276,2006-05-18,9.577831967633218,63383,8.162714764171334,0.3372652645734706,0.6745305291469421,46940.60517810397,46590.444325494704,1.0979290666821844,trailing_stop,51,1.0979290666821844,168.0393355279177,182.12151708134888
JLL,2006-04-27,77.11242940517704,2006-05-18,77.42076171874713,7274,72.90801256005372,2.102208422561661,4.204416845123319,2242.809248908841,1905.5869192382133,0.07333533398995008,trailing_stop,21,0.07333533398995008,168.27474344797733,168.94758622265
PLXS,2006-05-01,43.82378,2006-05-18,41.90805,12642,40.92589740548874,1.4489412972556284,2.897882594511259,-24218.658659999954,-24543.805198457954,-0.661079231998042,trailing_stop,17,-0.661079231998042,166.206068028,158.94047043
BCR,2006-05-15,70.35879950882493,2006-05-18,68.2574396671411,7961,68.43601116885831,0.9613941699833107,1.9227883399666155,-16728.925699644977,-17059.982863668934,-1.0928711174316335,stop_loss,3,-1.0928711174316335,168.03792086692658,163.01924315703306
FAST,2005-10-20,2.7096264724557404,2006-05-19,3.3362434550318447,186344,2.5932377056021183,0.0581943834268111,0.1163887668536221,116766.31500116158,116428.33152543125,5.3838269750222345,trailing_stop,211,5.3838269750222345,151.47679061498775,186.50668511533624
MTW,2006-03-29,19.948704701443724,2006-05-19,20.781311492862738,27902,18.742143944760944,0.6032803783413896,1.20656075668278,23231.39469417333,22890.46002061727,0.6900661958442237,trailing_stop,51,0.6900661958442237,166.98262757390484,173.95204598215685
CTSH,2006-04-18,13.763266070733705,2006-05-19,13.987458116196718,40958,13.067430194865434,0.3479179379341358,0.695835875868271,9182.4577980741,8841.47354969961,0.3221909838771452,trailing_stop,31,0.3221909838771452,169.11475551753333,171.86949285695553
GSK,2006-05-17,27.342316469615415,2006-05-22,26.50239547238217,20204,26.620429787178395,0.3609433412185107,0.7218866824370203,-16969.76382810051,-17296.127396123346,-1.1635080929845576,stop_loss,5,-1.1635080929845576,165.72724858563296,160.63631943720281
BRK-A,2006-05-19,92692.59999999999,2006-05-24,91208.7,2,91098.58799923296,797.0060003835184,1594.012000767034,-2967.7999999999884,-3078.1407799999884,-0.9309214731670438,stop_loss,5,-0.9309214731670438,55.615559999999995,54.72521999999999
AKAM,2006-02-10,26.5265,2006-05-25,30.02994,20453,24.459295519718193,1.0336022401409029,2.0672044802818057,71655.85832000003,71308.83365980402,1.69477186868442,trailing_stop,104,1.69477186868442,162.76395134999999,184.26070884600003
BWA,2006-05-16,11.836614084696143,2006-05-25,11.639400709755288,46466,11.411477827927978,0.21256812838408196,0.42513625676816424,-9163.716680001764,-9490.967631033458,-0.4638827477102229,stop_loss,9,-0.4638827477102229,165.0000330178473,162.25091801384676
TFCF,2006-05-17,15.665836828224874,2006-05-25,15.327359164383445,17632,15.250524551171196,0.20765613852683887,0.4153122770536779,-5968.038168852077,-6131.979778374579,-0.814995564885942,stop_loss,8,-0.814995564885942,82.86601048657829,81.07559903592266
LUK,2006-05-26,28.557999209342597,2006-06-06,27.167690763365396,18723,27.550020448275752,0.5039893805334221,1.0079787610668447,-26030.745034031133,-26343.750662038838,-1.3793033143929527,stop_loss,11,-1.3793033143929527,160.4074257589564,152.5982022487471
JEF,2006-05-26,18.82868694466248,2006-06-06,17.912037206878363,14199,18.164112495438307,0.33228722461208565,0.6645744492241725,-13015.509626796664,-13172.014089464983,-1.3793033103427577,stop_loss,11,-1.3793033103427577,80.20455777817877,76.29990489013976
BBWI,2006-05-22,8.577927388343884,2006-06-07,8.280968120607202,62756,8.174114281444483,0.20190655344970038,0.40381310689940086,-18635.97580608321,-18953.37486005113,-0.7353878877702236,stop_loss,16,-0.7353878877702236,161.49492335487264,155.90413061304767
OII,2006-06-05,18.178335207891003,2006-06-07,17.456453907554447,29634,16.92039110183723,0.6289720530268869,1.257944106053774,-21392.23045417348,-21709.03085636761,-0.5738580091615746,stop_loss,2,-0.5738580091615746,161.6090356651926,155.19136652894056
MDLZ,2006-05-26,12.862340865991401,2006-06-08,12.381110460647244,41571,12.467210187310943,0.1975653393402292,0.3951306786804576,-20005.22918056193,-20320.047835091842,-1.2179019026091058,stop_loss,13,-1.2179019026091058,160.41011164203854,154.40854288787
BRK-B,2006-05-19,61.561499999999995,2006-06-09,60.079860000000004,8714,60.34044240254616,0.6105287987269196,1.2210575974538358,-12911.010959999927,-13229.005803311928,-1.2134071341839447,stop_loss,21,-1.2134071341839447,160.9340733,157.060770012
GIS,2006-05-26,13.351070028771277,2006-06-09,13.206297810762477,40050,13.026815340069014,0.1621273443511312,0.32425468870226304,-5798.127331252441,-6117.214105844439,-0.4464768685017619,stop_loss,14,-0.4464768685017619,160.4131063956869,158.67366819631118
TFCF,2006-06-02,16.15514760070884,2006-06-09,15.689670840458666,16703,15.702788509761572,0.2261795454736343,0.4523590909472688,-7774.858326458666,-7934.429527185513,-1.0289983545493395,stop_loss,7,-1.0289983545493395,80.95182911239192,78.61937161445432
OKE,2006-06-05,5.5111682183774695,2006-06-09,5.365620681536717,97748,5.274048719289487,0.1185597495439912,0.23711949908798235,-14226.980631109907,-14545.935939526551,-0.6138151328784139,stop_loss,4,-0.6138151328784139,161.61170130298828,157.3436071136553
TFCFA,2006-05-12,14.485737672140516,2006-06-13,14.558658736443006,39763,14.099528878676844,0.19310439673183613,0.38620879346367154,2899.560279859893,2553.0925795415405,0.1888125426883861,trailing_stop,32,0.1888125426883861,172.798916117197,173.668784201155
OMC,2006-05-25,26.583190175907035,2006-06-13,26.022335184826726,19991,25.8839128285283,0.34963867368936863,0.6992773473787359,-11212.052126686447,-11527.543243932376,-0.8020494202803677,trailing_stop,19,-0.8020494202803677,159.42736644196725,156.0637508039613
ADM,2006-01-19,16.904979237784843,2006-06-14,23.462186276304518,31797,16.094754478382555,0.40511237970114405,0.8102247594022884,208499.5122038101,208114.44577525466,8.093071659963831,trailing_stop,146,8.093071659963831,161.2582874471534,223.80814110829644
WM,2006-02-13,18.663724351069497,2006-06-14,19.95760947080443,28958,18.1135350972159,0.27509462692679765,0.5501892538535955,37468.32529728423,37132.80632184008,2.351709181290617,trailing_stop,121,2.351709181290617,162.13923892748113,173.3797365166664
PFG,2006-06-01,29.421099036774528,2006-06-14,28.167368955192043,18219,28.594462204421525,0.41331841617650245,0.8266368323530031,-22841.708356351308,-23156.469645855,-1.516663705890979,stop_loss,13,-1.516663705890979,160.80690100529856,153.95438849839314
WFC,2006-06-09,20.205458009810535,2006-06-14,19.43703266666172,26195,19.630089506063673,0.2876842518734309,0.5753685037468621,-20128.901863783158,-20440.432376764213,-1.3355359880576427,stop_loss,5,-1.3355359880576427,158.78459177009609,152.74592121096114
WFC-WS,2006-06-09,69.58951699699999,2006-06-14,66.942991998,3802,67.59717983345506,0.9961685817724643,1.9923371635449314,-10062.088046197974,-10217.817025957673,-1.3283519714560144,stop_loss,5,-1.3283519714560144,79.3738030867782,76.35517667291879
WCG,2006-05-23,49.04899999999999,2006-06-21,45.41454,10914,46.089115004596195,1.479942497701897,2.9598849954037973,-39666.49643999989,-39975.788962667895,-1.227905815815038,stop_loss,29,-1.227905815815038,160.5962358,148.69628686800002
CMCSA,2006-06-05,6.615223115601254,2006-06-23,6.302815343666718,81434,6.349053133196553,0.1330849912023507,0.26616998240470124,-25440.61449971702,-25756.204762884627,-1.1737152668835968,stop_loss,18,-1.1737152668835968,161.61122375876178,153.97903940884666
EXPD,2006-06-30,44.582693549943926,2006-07-07,42.63479378922163,11827,42.03839594581002,1.2721488020669534,2.5442976041339094,-23037.810470062566,-23347.26683689066,-0.7655943068756564,stop_loss,7,-0.7655943068756564,158.18385498455604,151.27251184353727
FMD,2006-06-30,375.7436338852508,2006-07-07,294.175462579466,1403,352.1142376609229,11.814698112163928,23.629396224327877,-114440.14434201608,-114722.11328971808,-3.451978651143252,stop_loss,7,-3.451978651143252,158.15049550230205,123.81845219969723
ECL,2006-06-30,32.776787911218214,2006-07-07,31.94003193746489,16087,31.563956615374096,0.6064156479220598,1.2128312958441185,-13460.893349769714,-13773.223194041444,-0.6899195103396055,stop_loss,7,-0.6899195103396055,158.18405613833022,154.14578813339932
GRMN,2006-06-30,27.113166990908134,2006-07-10,24.973523165979298,19448,25.029764669561516,1.0417011606733095,2.083402321346618,-41611.793107216,-41915.68769226735,-1.026995027799463,stop_loss,10,-1.026995027799463,158.18906149175442,145.7055235595896
IDCC,2006-06-06,22.258243841573744,2006-07-11,19.78484552265047,23821,20.805922542012897,0.7261606497804239,1.4523212995608468,-58918.82135507129,-59219.27388459485,-1.7030655128938617,stop_loss,35,-1.7030655128938617,159.06408796503845,141.3884415585171
DDS,2006-06-02,18.809112255759388,2006-07-14,19.525373154476153,28693,17.997191658278783,0.4059602987403016,0.8119205974806043,20551.673966880142,20221.694549917374,0.8821809681135422,trailing_stop,42,0.8821809681135422,161.90695738635122,168.07245957641527
SEIC,2006-07-03,19.07295358886365,2006-07-14,17.916303304936704,27683,18.181439648991088,0.4457569699362821,0.8915139398725636,-32019.54980994967,-32326.74188952699,-1.2974001103025745,stop_loss,11,-1.2974001103025745,158.39897226015376,148.79310731716882
AZN,2006-06-30,27.801018226173703,2006-07-17,26.09978897413617,18967,26.862569075072138,0.4692245755507821,0.9384491511015653,-32267.215223395866,-32573.91620644635,-1.8128091970040188,stop_loss,17,-1.8128091970040188,158.19057380875097,148.51040924173222
HES,2006-06-30,41.50554802453737,2006-07-17,43.43075066717212,12704,38.73382501068967,1.3858615069238491,2.771723013847698,24457.77437203188,24134.065150458035,0.6945869529589793,trailing_stop,17,0.6945869529589793,158.18594463111683,165.5232769427264
CMI,2006-06-30,19.238314152982767,2006-07-17,18.367763078919094,27409,18.213955245208282,0.5121794538872431,1.0243589077744844,-23860.93438901122,-24170.15788026598,-0.8498496644647988,stop_loss,17,-0.8498496644647988,158.19088578573138,151.03260546902803
LVS,2006-06-30,47.36463780953991,2006-07-17,42.59342418844369,11132,43.58966366548016,1.8874870720298726,3.7749741440597475,-53113.15003004307,-53413.573973891536,-1.2639063047899648,stop_loss,17,-1.2639063047899648,158.17894442873947,142.24499941972655
LECO,2006-07-03,22.010258883657812,2006-07-18,20.644762453180014,23989,20.64877251538277,0.6807431841375202,1.3614863682750418,-32756.89387073189,-33063.86926278671,-1.0029453561168127,stop_loss,15,-1.0029453561168127,158.40123010802017,148.57416194680061
OII,2006-06-30,19.437345058271813,2006-07-21,18.33599994986263,27128,17.861125412423366,0.7881098229242239,1.5762196458484468,-29877.290100924347,-30184.70469193855,-0.6987256574995628,trailing_stop,21,-0.6987256574995628,158.1888890222393,149.225701991962
SLG,2006-07-03,53.828473596192076,2006-07-24,53.87305251213943,9809,51.85525968495483,0.9866069556186238,1.973213911237245,437.2745865276038,120.34130564861664,0.0225920340888956,trailing_stop,21,0.0225920340888956,158.40104925151442,158.5322316274727
FTO,2006-07-05,31.984613312908692,2006-07-24,28.77038841580318,8299,29.29496727794487,1.3448230174819114,2.689646034963822,-26674.852421078653,-26826.11414888263,-1.1950363933850305,stop_loss,19,-1.1950363933850305,79.63209176514877,71.62963603882517
AES,2006-07-10,10.843490706506987,2006-08-07,11.174893748575585,47291,10.3472474332401,0.2481216366334444,0.496243273266888,15672.381262466039,15359.999836686446,0.6678237467822828,stop_loss,28,0.6678237467822828,153.83985570042657,158.5415700791664
AES-P-C,2006-07-10,19.329308999,2006-08-07,19.74024,13264,18.4447248620327,0.4422920684836498,0.8845841369672982,5450.588797264021,5295.1232478872,0.46454710617899436,stop_loss,28,0.46454710617899436,76.9151863688208,78.550363008
CXW,2006-08-07,9.876342580185371,2006-08-09,9.54357654217076,51956,9.40484638745903,0.23574809636317048,0.4714961927263417,-17289.192271087148,-17591.886666463488,-0.7057661188957896,stop_loss,2,-0.7057661188957896,153.94057652883333,148.7538188475072
WFC-WS,2006-07-20,71.04097100099999,2006-08-10,69.4305,7086,68.89278590492502,1.0740925480374846,2.148185096074968,-11411.797513085954,-11710.41176613988,-0.7496891231312176,trailing_stop,21,-0.7496891231312176,151.01889615392577,147.59535689999998
WFC,2006-07-20,20.626889455666586,2006-08-10,20.315214411697088,12203,20.003798351287006,0.3115455521897897,0.6230911043795793,-3803.3705615597783,-3953.25550960781,-0.5002078215830682,trailing_stop,21,-0.5002078215830682,75.51297960824981,74.37196843978188
DISH,2006-07-20,24.082224787115642,2006-08-10,23.435082042575324,20905,23.183655812690983,0.4492844872123297,0.8985689744246592,-13528.519074615348,-13826.523864397754,-0.7201926206662923,stop_loss,21,-0.7201926206662923,151.03167275239574,146.97311703001114
ILMN,2006-07-20,18.033579766570156,2006-08-14,16.61274805446379,27917,16.154986201715076,0.9392967824275402,1.8785935648550804,-39665.358906873436,-39955.52536700738,-0.7563273603654515,trailing_stop,25,-0.7563273603654515,151.03303390300172,139.13342623093968
DINO,2006-07-03,11.451055626133714,2006-08-18,11.2456100907423,46109,10.554684408576101,0.448185608778807,0.8963712175576131,-9472.888191362706,-9786.844359224537,-0.2291969346708851,trailing_stop,46,-0.2291969346708851,158.3990171596198,155.557150702211
MRK,2006-07-25,18.82982307325192,2006-08-18,18.466877812978197,26901,18.07576252112526,0.3770302760633304,0.7540605521266599,-9763.590446623408,-10064.58601178555,-0.4813211077679586,trailing_stop,24,-0.4813211077679586,151.96232114806497,149.03324401407792
ETR,2006-08-09,17.912975459749894,2006-08-18,17.552293634326194,28752,17.477978673884948,0.21749839293247247,0.4349967858649464,-10370.323844582237,-10676.2330696801,-0.8291597481726717,stop_loss,9,-0.8291597481726717,154.51016112561868,151.39906397224402
FRO,2006-08-10,52.41848531438044,2006-08-18,49.782833077640916,9727,49.6752383169673,1.3716234987065685,2.743246997413138,-25636.989306765354,-25935.222973965112,-0.9607783182574975,stop_loss,8,-0.9607783182574975,152.96238199589354,145.27128520386395
ECL,2006-07-20,33.43806000566381,2006-09-07,34.12661615033131,15056,32.1860761846139,0.6259919105249514,1.2519838210499046,10366.901314113898,10061.725184852501,0.5499720787845989,trailing_stop,49,0.5499720787845989,151.03302943358227,154.14309982781646
CCEP,2006-07-25,13.239037468626202,2006-09-08,13.36817446804657,38262,12.805101482901847,0.21696799286217816,0.43393598572435543,4941.0398718221095,4635.626328885817,0.29759458461321997,trailing_stop,45,0.29759458461321997,151.96561548737273,153.44792744891936
PLCM,2006-08-18,12.011999999999999,2006-09-08,11.458530000000001,42380,11.243115002436088,0.38444249878195513,0.7688849975639105,-23456.058599999884,-23754.462918419886,-0.7198345679179314,stop_loss,21,-0.7198345679179314,152.72056799999996,145.68375042000002
XLV,2006-09-05,23.47079133689098,2006-09-08,23.132430863598728,11003,23.09919755359855,0.18579689164621452,0.371593783292429,-3722.980287634642,-3876.8128637962386,-0.9105654844230148,stop_loss,3,-0.9105654844230148,77.47473512394343,76.35784103765303
KR,2006-06-30,7.704052326592762,2006-09-13,7.938511003836519,68445,7.382050999269788,0.16100066366148652,0.3220013273229734,16047.524163948956,15726.327589803586,0.7281295365860113,trailing_stop,75,0.7281295365860113,158.1911584480925,163.0054156972772
OKE,2006-07-11,5.693552202574162,2006-09-18,5.969290348987277,89452,5.409891736853381,0.14183023286039073,0.2836604657207813,24665.328672945965,24352.349295369284,0.972071119295614,trailing_stop,69,0.972071119295614,152.7898894873992,160.18948808928297
PNW,2006-08-21,19.060661706219754,2006-09-19,18.823898202084674,26793,18.621270590133552,0.2196955580431021,0.4393911160862025,-6343.604566291203,-6648.116870378162,-0.5388445406998862,stop_loss,29,-0.5388445406998862,153.20769272842378,151.30461135853642
RAI,2006-07-07,8.254080993864802,2006-09-21,8.647553258907191,63105,7.944712370302312,0.1546843117812447,0.30936862356248973,24830.067285499958,24510.0939966436,1.2718557574178528,trailing_stop,76,1.2718557574178528,156.2621343353515,163.7111545210015
MO,2006-07-07,5.37363825858815,2006-09-26,5.361017178566303,96932,5.1922595134007485,0.09068937259370073,0.18137874518740116,-1223.386528677601,-1535.5460149278776,-0.0695841180773751,trailing_stop,81,-0.0695841180773751,156.26325110443995,155.89623514583667
CPB,2006-05-23,17.97261005923544,2006-09-29,19.446331365817844,29785,17.52004262892543,0.22628371515500487,0.45256743031000823,43894.78911655694,43560.43216545338,3.256357413022204,trailing_stop,129,3.256357413022204,160.59425718429827,173.76269391926536
ABT,2006-07-20,14.10073912099707,2006-10-04,14.528791296169793,35703,13.64827123957287,0.22623394071209973,0.4524678814241998,15282.74681019175,14976.098772846517,0.9460388079378701,trailing_stop,76,0.9460388079378701,151.03160665108751,155.61643069414504
LH,2006-06-09,50.20272937053863,2006-10-10,53.60837090744441,10543,48.91930551988684,0.6417119253258934,1.2834238506517863,35905.67872359767,35577.334594528445,2.653559488688191,trailing_stop,123,2.653559488688191,158.78621272607663,169.5579163431559
CME,2006-10-10,50.965524764997795,2006-10-12,49.293567758910214,10355,48.70175001760275,1.1318873736975228,2.263774747395047,-17313.114798036902,-17624.569668962424,-0.7385703935479987,stop_loss,2,-0.7385703935479987,158.32440268246563,153.1304682430546
AKAM,2006-09-29,50.220169999999996,2006-10-19,46.128825,10429,46.464639834180346,1.8777650829098238,3.75553016581965,-42668.63700499997,-42970.08410565647,-1.089418755635812,stop_loss,20,-1.089418755635812,157.12384587900002,144.3232547775
ALL,2006-09-19,37.76561396276666,2006-10-20,38.26000117402078,13635,36.813397721605696,0.4761081205804798,0.9522162411609614,6740.969625449946,6429.986846732917,0.5191963651568834,trailing_stop,31,0.5191963651568834,154.48024391469698,156.502534802332
BDX,2006-08-18,37.06749305014288,2006-10-25,39.106266073457085,13733,35.77851757865509,0.6444877357438925,1.2889754714877881,27998.469929173996,27684.641658960674,1.5817004034692541,trailing_stop,68,1.5817004034692541,152.71436461728365,161.11390559603583
GEN,2006-09-21,7.6752845818974595,2006-10-27,7.044256019755808,67987,7.354031419624561,0.16062658113644943,0.3212531622728987,-42901.73885432444,-43201.96007638981,-1.9642719084134772,stop_loss,36,-1.9642719084134772,156.5458718608388,143.67535020454145
FMD,2006-09-18,392.08798076979724,2006-10-30,421.45481744909813,1315,366.4188536976682,12.834563536064513,25.669127072129015,38617.39023328067,38296.44759938331,1.1440527991770615,trailing_stop,42,1.1440527991770615,154.67870841368503,166.2639254836692
TJX,2006-08-14,5.167447868100306,2006-11-02,5.4303738596943365,98643,4.919730260939312,0.12385880358049714,0.2477176071609941,25935.80858880991,25622.188310201454,1.0613940389919554,trailing_stop,80,1.0613940389919554,152.91976801590556,160.70051059254854
SNV,2006-08-07,53.08423599765492,2006-11-03,53.51121446223893,4833,51.45237679442824,0.8159296016133414,1.631859203226682,2063.5869193345225,1909.0341757127223,0.26165153448272016,trailing_stop,88,0.26165153448272016,76.96683377299986,77.58590984880023
FDO,2006-09-13,24.966407057009878,2006-11-03,24.383223083104408,10326,23.725694797170508,0.6203561299196857,1.2407122598393698,-6021.957714547883,-6174.83299879593,-0.470039664136931,trailing_stop,51,-0.470039664136931,77.3409357812052,75.53434846684084
BCR,2006-10-20,76.90957589678213,2006-11-06,75.62332440774364,6931,74.54514029607348,1.1822178003543247,2.364435600708646,-8915.009070525784,-9232.170730128984,-0.5439993750106743,trailing_stop,17,-0.5439993750106743,159.91808116217908,157.24357844102136
DUK,2006-06-30,21.09228230744749,2006-11-07,21.929082109102374,24999,20.30111005440456,0.3955861265214644,0.7911722530429302,20919.158241570443,20596.510914855648,1.0576708149666088,trailing_stop,130,1.0576708149666088,158.18578962116393,164.46153709363506
SYK,2006-10-19,41.844252309647004,2006-11-10,40.19801150069416,12763,40.29544214154607,0.7744050840504677,1.5488101681009354,-21010.97144466518,-21325.1030685686,-1.0629067673098862,stop_loss,22,-1.0629067673098862,160.2174576684074,153.91416623500785
SCCO,2006-11-07,7.693304798224307,2006-11-13,7.071780910410093,68876,7.248220409049017,0.22254219458764474,0.4450843891752898,-42808.079297091805,-43113.167310072175,-1.3964180792003382,stop_loss,6,-1.3964180792003382,158.96521838474922,146.12279459562166
XRX,2006-10-12,22.667173399639523,2006-11-28,22.84669809930871,23345,21.891124285617785,0.3880245570108692,0.7760491140217383,4191.004113777177,3872.247714734293,0.23133162118932402,trailing_stop,47,0.23133162118932402,158.74954890437542,160.00685013850858
EAT,2006-10-25,21.36407483776621,2006-11-28,20.342534178234924,25250,20.262815840206102,0.5506294987800547,1.1012589975601088,-25793.90165316498,-26109.82921646119,-0.927611635223465,trailing_stop,34,-0.927611635223465,161.83286689607903,154.09469640012955
GES,2006-11-03,13.498346649689859,2006-11-29,13.10927709307068,39028,12.644282991188147,0.42703182925085564,0.8540636585017118,-15184.606655733294,-15496.139357563032,-0.4555510034248795,stop_loss,26,-0.4555510034248795,158.04404191322874,153.48865991650877
MSTR,2006-10-30,12.030017999999998,2006-11-30,11.956032,44141,11.433336042222795,0.29834097888860184,0.5966819577772036,-3265.8160259999067,-3583.446495914907,-0.1239957049742464,trailing_stop,31,-0.1239957049742464,159.30510736139996,158.3253625536
DLTR,2006-09-13,10.357018511839998,2006-12-01,9.990004995,49786,9.852723899243847,0.25214730629807536,0.5042946125961514,-18272.13494939616,-18576.03402308962,-0.727776001711741,trailing_stop,79,-0.727776001711741,154.69035708913984,149.208716604321
EA,2006-11-06,57.183337611927236,2006-12-04,53.54043782902405,9142,53.930715418829195,1.6263110965490213,3.2526221930980412,-33303.38981530092,-33607.060841825274,-1.1199886020064982,stop_loss,28,-1.1199886020064982,156.83102173447165,146.84000478988136
ORCL,2006-09-08,12.80339374219342,2006-12-08,14.003845638966968,39747,12.22574017642578,0.28882678288381897,0.5776535657676387,47714.36154105825,47394.709337953354,2.0781519718973414,trailing_stop,91,2.0781519718973414,152.66894732128856,166.98325578360604
IEF,2006-11-29,50.95291775161828,2006-12-15,50.84075811930416,10293,50.59470090555175,0.17910842303326507,0.3582168460665329,-1154.4590954092128,-1468.787787131034,-0.3131054096023329,stop_loss,16,-0.3131054096023329,157.33751472522212,156.99117699659934
PPL,2006-12-04,14.428332781640098,2006-12-19,13.955713211458015,36484,14.039811074106067,0.19426085376701502,0.38852170753403037,-17243.05239852311,-17553.721458726766,-1.21645602039028,stop_loss,15,-1.21645602039028,157.92098796160718,152.74807224205026
LVS,2006-11-13,55.09454670004571,2006-12-26,55.967683751640976,9665,51.72262730927886,1.6859596953834228,3.3719193907668483,8438.869603668234,8116.844666473568,0.25894363132942344,trailing_stop,43,0.25894363132942344,159.74663815678255,162.27829903788302
MBT,2006-11-30,6.3840219672721386,2006-12-26,6.352621667478976,82857,6.070905442194184,0.1565582625389771,0.3131165250779544,-2601.734639962056,-2918.3306644554277,-0.10028311276559064,trailing_stop,26,-0.10028311276559064,158.68827244268027,157.90775205069167
CTRA,2006-12-08,5.8355355970660625,2006-12-26,5.480611648800217,91550,5.539411435547837,0.14806208075911254,0.2961241615182253,-32493.287463738176,-32804.08544784589,-1.1985646373674967,stop_loss,18,-1.1985646373674967,160.27298517341939,150.52499893429797
KSS,2006-08-14,30.99302306967649,2007-01-04,34.446920312868734,16446,29.49817403146018,0.7474245191081548,1.4948490382163087,56802.79406153965,56479.926468878846,2.3105324717695384,trailing_stop,143,2.3105324717695384,152.9133772211699,169.95421543963175
FXI,2006-12-28,24.3511026324566,2007-01-08,23.26462207365176,22125,23.551039003660172,0.40003181439821256,0.8000636287964262,-24038.38236355702,-24354.431736293813,-1.357992689205584,stop_loss,11,-1.357992689205584,161.63044372293064,154.4189290138636
AGU,2007-01-04,26.808148298993967,2007-01-08,25.433371463144546,20211,25.48576186455525,0.6611932172193574,1.322386434438716,-27785.61462935264,-28102.370636126416,-1.0396180723321935,stop_loss,4,-1.0396180723321935,162.5458455812901,154.21016119248435
RNR,2006-11-29,46.800053506469474,2007-01-10,46.91796326376983,11206,45.189359875674505,0.8053468153974848,1.6106936307949695,1321.2967403077573,1006.2355115295669,0.07320433572594306,trailing_stop,42,0.07320433572594306,157.33241987804908,157.7288089001414
CMS,2006-11-29,8.38386496435528,2007-01-11,8.585896940433953,62557,8.161009012263756,0.11142797604576175,0.22285595209152298,12638.514327553592,12320.041108910222,0.9065585827194007,trailing_stop,43,0.9065585827194007,157.34083217255198,161.13238647081806
CSCO,2006-11-10,17.186712473390145,2007-01-18,17.448214848218438,30832,16.40854329715763,0.3890845881162574,0.7781691762325131,8062.641220705929,7742.281996951979,0.3360482306615513,trailing_stop,69,0.3360482306615513,158.97021569386948,161.38900806008127
BCO,2006-12-19,28.256175533141782,2007-01-19,27.417376318831977,18958,27.281521887319727,0.48732682291102736,0.9746536458220554,-15901.955504885289,-16218.593263688204,-0.8606126062375051,trailing_stop,31,-0.8606126062375051,160.70417272719055,155.93358607572497
ICE,2007-01-11,23.100015810764376,2007-01-22,21.632278136151964,23414,21.261492718209823,0.9192615462772767,1.8385230925545528,-34365.60991337501,-34679.81849251694,-0.798324307459772,stop_loss,11,-0.798324307459772,162.25913105797113,151.9494480839586
RYAAY,2007-01-04,12.790743105682552,2007-01-23,12.854496560325304,42361,12.308473006453097,0.24113504961472731,0.48227009922945463,2700.66009212162,2374.7526928740926,0.13219450002107516,trailing_stop,19,0.13219450002107516,162.54860060994557,163.35879863758208
VIAB,2007-01-09,33.92148206032001,2007-01-24,32.602242825936166,15860,32.8313424806406,0.545069789839704,1.090139579679409,-20923.134257327758,-21239.654140336566,-1.2101562579461693,stop_loss,15,-1.2101562579461693,161.3984116430026,155.12147136580427
RCL,2007-01-10,35.43743427945856,2007-02-06,34.36315344164261,15243,34.18247268525657,0.6274807971009946,1.254961594201987,-16375.262810828497,-16694.45391841832,-0.8560268639129699,stop_loss,27,-0.8560268639129699,162.05184321653604,157.1392643732875
CMCSK,2006-09-26,20.875621235166044,2007-02-09,23.624424592480967,24939,20.1599875367128,0.3578168492266207,0.7156336984532423,68552.40692807686,68219.47093520816,3.841075906928554,trailing_stop,136,3.841075906928554,156.18513539514177,176.75085747356485
CMCSA,2006-10-27,7.925561427769991,2007-02-09,8.248544569542194,34006,7.631446934495022,0.1470572466374844,0.29411449327496886,10983.364719105524,10818.359724542144,1.098154457387601,trailing_stop,105,1.098154457387601,80.85499257382389,84.15000198955555
FDO,2007-01-22,28.258177337576992,2007-02-12,27.38567521436645,19199,27.02291123852551,0.617633049525742,1.2352660990514828,-16751.16826351918,-17071.66016106261,-0.7063272633163856,trailing_stop,21,-0.7063272633163856,162.7586240112422,157.73327353218644
SNPS,2006-12-01,25.465439999999997,2007-02-13,25.914060000000003,20692,24.407575025388287,0.5289324873058554,1.0578649746117108,9282.845040000111,8963.901655800111,0.42408058756711486,trailing_stop,74,0.42408058756711486,158.07926534399996,160.864118856
KMX,2006-09-11,19.519499999999997,2007-02-28,27.042930000000002,26221,18.77186825570452,0.37381587214773904,0.7476317442954787,197271.85803000012,196905.58398689114,10.06301572586329,trailing_stop,170,10.06301572586329,153.54624284999997,212.72780025900002
SPW,2007-01-18,58.954852352410306,2007-02-28,60.89640174692341,9231,57.28319726510323,0.835827543653535,1.671655087307073,17922.442460750455,17590.53838277317,1.1614533460014245,trailing_stop,41,1.1614533460014245,163.26367261952987,168.640405357755
SPXC,2007-01-22,15.143476910127402,2007-02-28,15.279543252730841,17913,14.704444975731215,0.2195159671980936,0.43903193439618704,2437.3563950553944,2273.8661270022103,0.3099235657892959,trailing_stop,37,0.3099235657892959,81.37953056733365,82.11073748585025
JPM,2007-01-23,30.37809721312169,2007-02-28,30.16459222978023,17765,29.53775575969369,0.42017072671399963,0.8403414534279996,-3792.9160290610716,-4115.578292447018,-0.2540693220244133,stop_loss,36,-0.2540693220244133,161.90006909733205,160.76219428861373
CTSH,2007-02-06,20.416827138107198,2007-02-28,19.22700978738379,26956,19.578898242652507,0.4189644477273454,0.8379288954546915,-32072.716506100216,-32393.308286549276,-1.419950257327944,stop_loss,22,-1.419950257327944,165.1067977004453,155.48498274861524
BWA,2007-02-09,13.307737730204451,2007-02-28,13.15976199927421,41544,12.752637096068604,0.2775503170679236,0.5551006341358473,-6147.5037657659495,-6477.373508394388,-0.26657460256841997,trailing_stop,19,-0.26657460256841997,165.85699687908414,164.01274574935434
ONXX,2007-02-13,24.174149999999997,2007-02-28,25.998974999999998,22562,22.069252386711923,1.0524488066440363,2.104897613288074,41171.70165000001,40832.09983612501,0.8669424054072777,trailing_stop,15,0.8669424054072777,163.62515169,175.97666218499998
XLU,2007-02-27,10.154843162536944,2007-02-28,9.839123174191503,27888,9.943458831618317,0.10569216545931301,0.21138433091862652,-8804.79903497765,-8972.076554937255,-1.4935827408464761,stop_loss,1,-1.4935827408464761,84.95947983504908,82.31804012455578
PVH,2007-01-09,51.38191446779303,2007-03-02,51.913516927813184,10470,48.62568609473463,1.3781141865291997,2.7562283730583985,5565.877756411001,5241.426806397402,0.19287315420466047,trailing_stop,52,0.19287315420466047,161.3905933433379,163.0603566702612
XEL,2006-07-25,9.76734244095415,2007-03-05,11.51341483032079,51862,9.475616526398282,0.14586295727793483,0.2917259145558688,90554.80625733269,90223.70746725182,5.985318075101098,trailing_stop,223,5.985318075101098,151.96617410182924,179.13261597902905
AEO,2006-08-18,13.095975866136179,2007-03-05,15.54326259387906,38872,12.187415644636618,0.45428011074978086,0.9085602214995614,95130.92968082128,94796.95033759596,2.69358779950071,trailing_stop,199,2.69358779950071,152.72003216053366,181.25931106478004
MCD,2006-09-11,21.455866930869057,2007-03-06,25.17735207851583,23855,20.740536455389606,0.35766523773972575,0.7153304754794512,88776.0281971138,88442.29756527314,5.2024697328216645,trailing_stop,176,5.2024697328216645,153.5489116907644,180.18172014989855
SRE,2006-10-04,14.022623256660287,2007-03-06,15.998435463684583,37524,13.633915759922623,0.19435374836883243,0.38870749673766447,74140.37725637968,73802.42419415302,5.083030874389736,trailing_stop,153,5.083030874389736,157.85547452487617,180.09758770179008
TRA,2007-02-12,12.432727209011208,2007-03-06,13.347636671109065,43859,11.630032000090923,0.40134760446014256,0.8026952089202855,40127.01409814989,39787.80380432444,1.1397968393613709,trailing_stop,22,1.1397968393613709,163.58609479800677,175.62419902745177
ANDV,2007-03-02,39.55847012417725,2007-03-06,38.70606342028482,13892,37.489281819180476,1.034594152498385,2.0691883049967714,-11841.6339304736,-12167.809200473499,-0.4119522142252574,stop_loss,4,-0.4119522142252574,164.86388008952107,161.311389910379
DISH,2007-03-09,32.097433340854685,2007-03-15,31.025184985941994,17171,30.698281093943663,0.6995761234555116,1.3991522469110222,-18411.576502205822,-18736.74004599265,-0.766355739541531,stop_loss,6,-0.766355739541531,165.34350836874475,159.820035418083
CLGX,2007-03-08,26.34260835973233,2007-04-02,26.40872385959738,20801,25.23705134653666,0.5527785065978357,1.1055570131956713,1375.2685126928807,1046.0843742445975,0.05980288585383622,trailing_stop,25,0.05980288585383622,164.38577894723767,164.79835950104552
OKE,2007-03-14,7.183165864815043,2007-04-02,7.296915286775459,76017,6.91525982208142,0.13395302136681206,0.26790604273362373,8646.889809164895,8316.670110494759,0.42458699624597596,stop_loss,19,0.42458699624597596,163.81281586369354,166.40688280644304
IEF,2007-02-28,51.29057584884198,2007-04-09,50.80414701157734,10592,50.92347208541113,0.18355188171542705,0.3671037634308547,-5152.254244307066,-5476.670435668334,-1.3250445397742716,trailing_stop,40,-1.3250445397742716,162.98093381728026,161.43525754398814
DNDN,2007-04-02,13.26325,2007-04-16,17.192790000000002,42407,11.438139733579778,0.9125551332101104,1.8251102664202214,166640.00278000013,166252.53799351613,2.1530425160050295,trailing_stop,14,2.1530425160050295,168.736392825,218.728393659
AXL,2007-03-08,25.405485249282155,2007-04-19,25.592842291355833,21568,23.791256109894928,0.8071145696936138,1.614229139387227,4040.916683445094,3710.93710492615,0.11606595216389193,trailing_stop,42,0.11606595216389193,164.38365175695523,165.59592676198878
DCH,2007-03-08,25.405485249282155,2007-04-19,25.592842291355833,10784,23.791256109894928,0.8071145696936138,1.614229139387227,2020.458341722547,1855.468552463075,0.11606595216389193,trailing_stop,42,0.11606595216389193,82.19182587847762,82.79796338099439
PKX,2007-03-13,65.66522989262953,2007-04-20,65.01252703618403,8431,61.99594705990931,1.8346414163601057,3.6692828327202136,-5502.937782692018,-5833.461033292066,-0.17788295048425615,trailing_stop,38,-0.17788295048425615,166.08706596742783,164.43618463262027
ES,2007-03-16,16.09403807615124,2007-04-20,16.91108319106397,34164,15.588024844467048,0.2530066158420955,0.5060132316841912,27913.529305878517,27575.253216986574,1.614671442865861,trailing_stop,35,1.614671442865861,164.95101505008927,173.32507384185283
WCG,2007-03-05,82.57248999999999,2007-04-30,84.73518,6603,78.36854272202044,2.1019736389897767,4.203947277979552,14280.242070000078,13948.822306497077,0.5144427027732414,trailing_stop,56,0.5144427027732414,163.56784544099997,167.85191806199998
EL,2007-03-13,18.343606324392788,2007-05-04,17.807742886365542,30181,17.464514384215835,0.4395459700884755,0.8790919401769521,-16172.894423100299,-16500.219584259266,-0.6095647264373528,stop_loss,52,-0.6095647264373528,166.0885147429496,161.23664641601954
CMI,2007-04-30,31.062116564058268,2007-05-08,28.950947870424358,19583,28.97823140338368,1.041942580337294,2.083885160674587,-41343.01652743287,-41695.58727967901,-1.0130926278828587,stop_loss,8,-1.0130926278828587,182.4868286021859,170.08392364395604
ASML,2007-04-19,14.33976985226202,2007-05-11,13.754162888222787,41151,13.77342229219058,0.28317378003572025,0.5663475600714403,-24098.312177178468,-24445.140205039574,-1.034006333434831,stop_loss,22,-1.034006333434831,177.0287607571303,169.79926710397675
HRC,2007-05-11,30.782006343980722,2007-05-15,29.64667323077171,19954,29.85804634602724,0.46197999897674125,0.9239599979534816,-22654.43694097261,-23016.175102642992,-1.228768686657116,stop_loss,4,-1.228768686657116,184.2672463763374,177.47091529404562
BEAV,2007-03-16,22.92090830883652,2007-05-25,24.740814188797792,23988,21.286533622413483,0.8171873432115191,1.6343746864230368,43655.902248510996,43312.90942872902,1.113518151669545,trailing_stop,70,1.113518151669545,164.9480245537111,178.04479522826443
AEP,2007-03-22,22.641282858369493,2007-05-25,22.540989333132348,12497,21.874555883217443,0.3833634875760243,0.76672697515205,-1253.368184888602,-1422.7610415617614,-0.1308073518833165,trailing_stop,64,-0.1308073518833165,84.88443356431306,84.50842310884649
CMC,2007-04-02,19.87793377769395,2007-05-25,21.167633677867848,14148,18.75330598908153,0.5623138943062107,1.1246277886124219,18246.674187660294,18072.46038115191,1.1467793284435404,trailing_stop,53,1.1467793284435404,84.36990212604421,89.84390438234229
RS,2007-04-20,41.068221501706205,2007-05-25,42.80427511980431,7187,39.120821477314486,0.9737000121958594,1.9474000243917189,12477.017353271076,12296.179863305437,0.8914725256000601,trailing_stop,35,0.8914725256000601,88.54719237982876,92.29029758581007
ISIL,2007-04-20,21.21321435115212,2007-05-25,20.2032584276735,27830,20.256838430064242,0.4781879605439392,0.9563759210878793,-28107.07335041003,-28452.859481640447,-1.0560239976868036,stop_loss,35,-1.0560239976868036,177.10912661776905,168.67700461264607
UNM,2007-05-04,16.752509393409994,2007-05-30,15.952671974937566,36496,15.950053949107762,0.4012277221511166,0.8024554443022325,-29190.866424569747,-29548.948914335513,-0.9967374813786944,stop_loss,26,-0.9967374813786944,183.41987484656735,174.66261491919644
MRK,2007-04-16,24.614052795012817,2007-06-01,25.96970368768027,23980,23.710113304194806,0.451969745409005,0.9039394908180114,32508.508406165492,32144.608862029,1.4997142025963137,trailing_stop,46,1.4997142025963137,177.07349580732222,186.82604832917187
BDC,2007-03-09,48.72515957261159,2007-06-07,50.83874903700444,11311,45.76428657684079,1.4804364978854003,2.9608729957707993,23906.81043174755,23568.960220662542,0.7138399611911165,trailing_stop,90,0.7138399611911165,165.33908397774292,172.51112710726716
STLD,2007-04-17,14.926883868620841,2007-06-08,14.627340579774136,20012,14.118232063217206,0.4043259027018172,0.8086518054036347,-5994.460296400254,-6171.892038298639,-0.3704230755995024,trailing_stop,52,-0.3704230755995024,89.61503999365209,87.81670190473201
IJH,2007-04-23,13.32853277333077,2007-06-08,13.45666383453392,22409,13.072826017370932,0.12785337797991855,0.25570675595983694,2871.2889505014055,2691.2201092657137,0.5010859440228318,trailing_stop,46,0.5010859440228318,89.60372727527077,90.46511396042118
CRS,2007-05-15,48.29732316597704,2007-06-08,45.792391771321654,6401,46.01855358814082,1.1393847889181106,2.278769577836222,-16034.065857189129,-16214.746336783224,-1.0992473390108681,stop_loss,24,-1.0992473390108681,92.74534967562572,87.93512991846897
WNR,2007-05-30,33.77496856402007,2007-06-08,34.81432082281317,18391,31.46489224180637,1.1550381611068505,2.3100763222136997,19114.727391463934,18736.29970512996,0.4499211774081608,trailing_stop,9,0.4499211774081608,186.34663405826794,192.08105227570712
CLF,2007-05-29,31.37579919933572,2007-06-12,32.48628262806864,9865,29.644246507397376,0.8657763459691725,1.7315526919383437,10954.919024450288,10765.919193282083,0.6413223426021302,trailing_stop,14,0.6413223426021302,92.85667773043406,96.14315343776916
AAPL,2007-06-08,3.7702739733923063,2007-06-12,3.5691089480287155,163281,3.607311838996912,0.08148106719769707,0.1629621343953942,-32846.426506392476,-33205.941041230246,-1.234428022865147,stop_loss,4,-1.234428022865147,184.68423139484074,174.83030344292303
MWV,2007-05-25,25.07908307103971,2007-06-13,25.38253322388668,24357,24.213612553834594,0.43273525860255957,0.865470517205118,7391.135372893572,7022.407296464916,0.35061870602698836,trailing_stop,19,0.35061870602698836,183.25536790839428,185.47270852026236
HWM,2007-05-08,53.45046107131373,2007-06-26,54.491288601174745,11485,50.95018561462508,1.250137728344327,2.500275456688655,11953.904180453725,11581.990881957165,0.416285144533425,trailing_stop,49,0.416285144533425,184.16356362121147,187.74973487534757
JOSB,2007-06-12,29.656308161479995,2007-06-26,27.972013986,20877,28.00580594840148,0.8252511065392565,1.6505022130785143,-35163.00950149584,-35523.94144593772,-1.020473745587079,stop_loss,14,-1.020473745587079,185.7404236461654,175.19152079571663
MTN,2007-06-12,41.81559444128604,2007-06-26,41.35913655249968,14806,39.91615187829306,0.9497212814964909,1.8994425629929808,-6758.315501370852,-7127.761021499049,-0.24031149858362272,trailing_stop,14,-0.24031149858362272,185.7365073893043,183.70901273889308
CCJ,2007-04-09,36.03993869658754,2007-06-27,37.54612820592589,16264,34.151458936321134,0.9442398801332039,1.8884797602664065,24496.6661798789,24137.625042248157,0.797567197186096,trailing_stop,79,0.797567197186096,175.84606888838994,183.1950687423536
CYH,2007-06-26,40.498864300065236,2007-06-27,39.239090686539406,15460,39.34700565522406,0.5759293224205868,1.1518586448411767,-19476.100065109335,-19845.924700337207,-1.0936876839601557,stop_loss,1,-1.0936876839601557,187.83373262370256,181.99090260416978
CROX,2007-06-08,43.638594999999995,2007-06-28,42.73722,14107,41.0506487793781,1.2939731103109482,2.5879462206218946,-12715.697124999922,-13081.248211661423,-0.3482974231911937,stop_loss,20,-0.3482974231911937,184.68289789949998,180.868188762
ANDV,2007-03-14,41.04966192465953,2007-07-18,45.75477513476506,13302,38.767947254916905,1.140857334871312,2.2817146697426267,62587.41592082376,62241.01413429442,2.0620953498257775,trailing_stop,126,2.0620953498257775,163.8127808765463,182.58900565279345
CE,2006-12-15,19.02801181400659,2007-07-20,27.98927891619713,28307,18.14672152038631,0.44064514681013894,0.8812902936202782,253666.5878617076,253267.31232709764,10.168348802956048,trailing_stop,217,10.168348802956048,161.58777912572535,237.68775548423767
MAN,2007-05-25,57.18242437617973,2007-07-20,57.65623498067982,10682,55.16183257978911,1.01029589819531,2.020591796390619,5061.244877269935,4693.232909494944,0.23449100671716822,trailing_stop,56,0.23449100671716822,183.2467971559056,184.76517061908655
GWW,2007-06-26,68.35546667774355,2007-07-23,68.54040380778737,9160,66.26682030075456,1.0443231884944932,2.08864637698899,1694.0241112013978,1317.834259107159,0.08854401208424167,trailing_stop,27,0.08854401208424167,187.84082243043926,188.3490296637997
DLTR,2007-03-09,11.875202604264999,2007-07-25,13.503156751574998,46411,11.352851536491183,0.26117553388690745,0.5223510677738155,75554.97993080439,75201.62941998523,3.116590063169784,trailing_stop,138,3.116590063169784,165.34200841996284,188.0085023992042
GES,2007-06-07,20.744197153217904,2007-07-25,20.318438198623404,30368,19.50231468762059,0.6209412327986572,1.241882465597314,-12929.44793312576,-13303.544966235177,-0.34283353408144,trailing_stop,48,-0.34283353408144,188.98793374467635,185.10909936473868
KLAC,2007-07-18,3.256058964668518,2007-07-25,3.1905680604848685,200485,3.1193302785437633,0.06836434306237735,0.13672868612475453,-13129.943925258936,-13517.6795310003,-0.4789843743828114,stop_loss,7,-0.4789843743828114,195.83729445947031,191.89831128189266
HAS,2006-11-02,14.497664253790761,2007-07-26,16.091572273950923,36390,13.990286348324894,0.25368895273293357,0.5073779054658676,58002.312853628304,57668.37015845495,3.1414612323267357,trailing_stop,266,3.1414612323267357,158.27100065863374,175.67169451472225
GT,2007-01-03,19.143076959739183,2007-07-26,27.635357375309912,28039,18.129122245898866,0.5069773569201587,1.0139547138403167,238115.05057218767,237721.56441609154,8.37540404877307,trailing_stop,204,8.37540404877307,161.0258204622381,232.46033563389437
AXON,2007-06-13,12.212199999999998,2007-07-26,14.25573,50029,11.343799031697007,0.4342004841514958,0.868400968302991,102235.76237000011,101838.51314900912,2.3532101812293247,trailing_stop,43,2.3532101812293247,183.28924613999993,213.95997485099997
HUN,2007-06-27,12.914624496722833,2007-07-26,13.287444382652204,47944,12.205120597230612,0.3547519497461108,0.7095038994922209,17874.476610997743,17497.607013891913,0.5254655910928622,trailing_stop,29,0.5254655910928622,185.75362706126387,191.11597004456317
DRYS,2007-07-20,642.1415,2007-07-26,543.0564,1015,589.9069252365118,26.117287381744056,52.234574763488126,-100571.3764999999,-100932.26926054989,-1.896925560294983,stop_loss,6,-1.896925560294983,195.53208674999996,165.3606738
KCI,2007-07-23,65.45539,2007-07-26,61.66827,9840,62.34295118421746,1.5562194078912672,3.1124388157825322,-37265.260799999945,-37640.52984431994,-1.2167693002658537,stop_loss,3,-1.2167693002658537,193.22431127999997,182.04473303999998
VOD,2007-05-25,7.929965827799722,2007-07-27,8.30808068465912,77032,7.678382974646153,0.12579142657678452,0.2515828531535691,29126.943653593193,28751.688893908875,1.5029436709209785,trailing_stop,63,1.5029436709209785,183.25833829412045,191.99642139019844
FMC,2007-06-26,12.398104577733465,2007-07-27,12.374819949595613,50502,11.957024132288097,0.2205402227226833,0.4410804454453672,-1175.92029021777,-1551.2449605615218,-0.05278998055409245,trailing_stop,31,-0.05278998055409245,187.83872321540863,187.4859471283433
CHKP,2007-07-25,25.495469999999997,2007-07-27,25.324650000000002,24736,24.31689468719763,0.5892876564011825,1.1785753128023657,-4225.40351999989,-4602.52946649589,-0.14493770414537793,stop_loss,2,-0.14493770414537793,189.196783776,187.92916272
HOS,2007-07-26,44.033989999999996,2007-07-27,41.78817,7133,41.47573171705184,1.279129141474076,2.5582582829481524,-16019.434059999963,-16203.084900183963,-0.8778707040525627,stop_loss,1,-0.8778707040525627,94.22833520100001,89.422504983
BA,2007-07-26,77.13879047742405,2007-07-27,75.19905245397712,8144,74.72549048515386,1.2066499961350967,2.413299992270197,-15797.226462951841,-16169.41828080184,-0.80376995386397,stop_loss,1,-0.80376995386397,188.46549289444246,183.7263249555569
CIEN,2007-06-01,34.21418,2007-07-30,36.31365,18415,32.033032948264804,1.0905735258675975,2.181147051735195,38661.740050000066,38272.10905316507,0.9625531659269769,trailing_stop,59,0.9625531659269769,189.01623740999997,200.61475942500002
CYT,2007-06-28,30.28467387647372,2007-07-30,31.52216406315744,20525,29.339183703007667,0.47274508673302595,0.9454901734660517,25399.486081683393,25018.910477070112,1.3088345298684956,trailing_stop,32,1.3088345298684956,186.47787939438695,194.09772521889192
APD,2007-07-26,55.96641299323525,2007-07-30,53.86962498594479,11225,54.14572339665275,0.910344798291252,1.820689596582504,-23536.445381835452,-23906.31823973034,-1.1516449653066647,stop_loss,4,-1.1516449653066647,188.4668957547197,181.4059621401691
BIIB,2007-07-25,56.99693999999999,2007-07-31,56.043898002,11064,55.00125844585996,0.9978407770700143,1.9956815541400275,-10544.45666587188,-10919.66181536812,-0.4775521405320955,stop_loss,6,-0.4775521405320955,189.18424324799997,186.0209062482384
NOV,2007-07-26,42.67553651665264,2007-07-31,41.925014284398316,7360,40.1138766148366,1.280829950908023,2.561659901816043,-5523.84362939184,-5710.641645560561,-0.2929827771915612,stop_loss,5,-0.2929827771915612,94.22758462876904,92.57043153995147
GD,2007-07-26,53.631320904660654,2007-07-31,52.031589446512406,11714,51.69138134085234,0.9699697819041567,1.9399395638083163,-18739.254300748584,-19110.574900304677,-0.8246295338231044,stop_loss,5,-0.8246295338231044,188.47118792315848,182.8494116329339
SRCL,2007-07-30,51.01096,2007-07-31,49.180769999999995,11744,48.55945357899996,1.2257532105000197,2.4515064210000403,-21493.75136000002,-21846.74686313602,-0.7465572940467414,stop_loss,1,-0.7465572940467414,179.721814272,173.27368886399995
AMZN,2007-07-26,4.255250999999999,2007-08-01,3.9010949999999993,147639,3.9724417585989955,0.1414046207005016,0.28280924140100305,-52287.23768399989,-52648.49611412809,-1.2522787382956544,stop_loss,6,-1.2522787382956544,188.47230071669995,172.78612941149996
ALGN,2007-07-26,27.717689999999997,2007-08-01,25.93404,22665,26.076627089397757,0.8205314553011206,1.6410629106022405,-40426.42724999996,-40791.232188134956,-1.0868870342974424,stop_loss,6,-1.0868870342974424,188.46643315499998,176.33850497999998
AAPL,2007-07-27,4.380499520462508,2007-08-01,3.9964450759507346,138751,4.138338089512134,0.12108071547518713,0.24216143095037435,-53287.93823045309,-53636.63106236217,-1.585943901159376,stop_loss,5,-1.585943901159376,182.33960668910802,166.3532252199721
AXE,2007-07-25,69.82443685844079,2007-08-02,64.9391507912593,9032,66.3531290042251,1.7356539271078486,3.471307854215695,-44123.90375878328,-44489.0591758789,-1.407332991583737,stop_loss,8,-1.407332991583737,189.19629411163115,175.9591229839962
DECK,2007-07-30,6.022677310649999,2007-08-02,5.724819275175,99473,5.579263356409705,0.22170697712014675,0.4434139542402935,-29628.832362804544,-29979.399981169074,-0.671738073704339,stop_loss,3,-0.671738073704339,179.7281340366862,170.83948432784484
SPXC,2007-07-31,21.13444898464228,2007-08-02,18.74864205625354,28400,20.121784806621605,0.5063320890103378,1.0126641780206747,-67756.91676624019,-68096.72070190862,-2.3559704985832233,stop_loss,2,-2.3559704985832233,180.0655053491522,159.73843031928018
SPW,2007-07-31,84.23104505016542,2007-08-02,74.72244555895374,3562,80.19508640931656,2.017979320424427,4.035958640848861,-33869.63138769601,-34039.48908776092,-2.355970498550944,stop_loss,2,-2.355970498550944,90.00929474060676,79.84840532429796
FLS,2007-03-12,13.566919318166978,2007-08-06,16.47751226654173,40521,12.959665565819302,0.30362687617383777,0.6072537523476758,117940.13686109334,117574.90773742014,4.793042343702683,trailing_stop,147,4.793042343702683,164.92354130743323,200.30558236576124
LRCX,2007-07-18,4.987862781134009,2007-08-06,4.693372963608475,65438,4.745351628568672,0.12125557628266823,0.24251115256533673,-19270.82467923589,-19460.880890635228,-1.214335152880003,stop_loss,19,-1.214335152880003,97.91872940155419,92.13748199778341
FFIV,2007-07-27,45.7457,2007-08-06,41.873084999999996,13286,42.70183688201092,1.52193155899454,3.0438631179890763,-51451.562890000045,-51800.79384325305,-1.2722697604609896,stop_loss,10,-1.2722697604609896,182.33321106,166.89774219299997
ISRG,2007-07-31,24.010629322679996,2007-08-07,23.225616774360002,24998,22.429362607395554,0.790633357642222,1.5812667152844426,-19623.74368290321,-19977.98718688335,-0.4964453755537273,stop_loss,7,-0.4964453755537273,180.06531354250637,174.1781904376354
AKS,2007-01-24,17.171725066688328,2007-08-08,32.13848550019452,31534,16.035824806097914,0.5679501302952076,1.1359002605904145,471961.82351018424,471495.33905617945,13.176122017726115,trailing_stop,196,13.176122017726115,162.4479534758849,304.03650052894017
RTN,2007-08-02,42.58246094195498,2007-08-09,40.73059519617606,13858,41.20084211881025,0.6908094115723638,1.381618823144727,-25663.15550500422,-26009.521204592882,-1.34035937753356,stop_loss,7,-1.34035937753356,177.03232312008365,169.33337646858237
OI,2007-07-27,39.24067336480296,2007-08-10,34.443216835269695,15489,37.00709835052413,1.1167875071394122,2.233575014278827,-74307.80418594072,-74650.1911185334,-2.1478824301239143,stop_loss,14,-2.1478824301239143,182.33963692422992,160.04729566844767
BG,2007-07-27,57.572220386781524,2007-08-10,58.051798576008835,10557,54.57976771412642,1.4962263363275536,2.992452672655105,5062.906943672724,4696.714113215671,0.16026258112941089,stop_loss,14,0.16026258112941089,182.33697918697578,183.8558512700776
CROX,2007-07-30,56.771715,2007-08-10,50.039910000000006,10552,52.149522877950815,2.311096061024592,4.622192122049185,-71034.00635999994,-71372.12924009995,-1.4564096044141803,trailing_stop,11,-1.4564096044141803,179.716541004,158.40633909600004
CMG,2007-08-02,1.9919899999999997,2007-08-13,2.076921,296255,1.8538293693569894,0.06908031532150517,0.13816063064301032,25161.233405000094,24799.60283650859,0.6147264933919658,trailing_stop,11,0.6147264933919658,177.04109923499996,184.5894692565
TRMB,2007-08-02,18.213195,2007-08-13,18.73125,32401,17.33695649673545,0.43811925163227405,0.876238503264549,16785.50005500001,16426.38896626651,0.5912260167407779,stop_loss,11,0.5912260167407779,177.0377193585,182.073369375
STJ,2007-08-07,41.717608736526934,2007-08-13,40.280876408052855,14047,39.539390410754244,1.0891091628863456,2.17821832577269,-20181.77901807539,-20527.328834323165,-0.6595905981850649,stop_loss,6,-0.6595905981850649,175.80217497659814,169.74764127117552
MR,2007-08-08,32.61449675943385,2007-08-13,32.07853996902127,18245,30.185629039024928,1.2144338602044598,2.4288677204089204,-9778.531641077465,-10132.628977610662,-0.22066116895091512,stop_loss,5,-0.22066116895091512,178.51544801276117,175.58188852043796
HSIC,2007-08-08,23.655003921539446,2007-08-13,22.788952941135147,25156,22.699572804000773,0.4777155587693372,0.9554311175386729,-21786.378463050558,-22136.881716701788,-0.9064504646189152,stop_loss,5,-0.9064504646189152,178.5195835950739,171.98367005615873
HXL,2007-08-09,24.111755246140618,2007-08-13,22.55903278725897,12423,22.116897206351126,0.9974290198947454,1.9948580397894915,-19289.471106686695,-19463.40846660837,-0.7783623836438499,stop_loss,4,-0.7783623836438499,89.86210062684147,84.07525929483546
WTRG,2007-08-10,12.49041263804801,2007-08-13,11.511002787578978,47164,11.761797066121911,0.36430778596304925,0.7286155719260989,-46192.88618752145,-46532.48701466173,-1.3442065860326833,stop_loss,3,-1.3442065860326833,176.72934649826888,162.87148064201247
FCN,2007-08-10,51.63157999999999,2007-08-13,49.5504,11409,47.9905846061519,1.8204976969240463,3.640995393848094,-23744.182619999876,-24090.498182945877,-0.5715964385773178,stop_loss,3,-0.5715964385773178,176.71940886599998,169.59615408000002
ALXN,2007-07-26,14.587072499999998,2007-08-14,15.169815,21534,13.718463703361742,0.43430439831912804,0.8686087966382559,12548.776995000042,12356.541550372542,0.6708917780425071,trailing_stop,19,0.6708917780425071,94.23540576449999,98.000038863
UAA,2007-08-01,7.683926249999999,2007-08-14,7.96577625,77304,7.130871473709901,0.27652738814504935,0.5530547762900984,21788.132400000097,21425.197019382096,0.5096240229415543,trailing_stop,13,0.5096240229415543,178.199470449,184.735910169
GRMN,2007-08-02,47.23373380871001,2007-08-15,46.53204462555087,12494,43.738654305971025,1.7475397513694912,3.4950795027389816,-8766.904654390288,-9118.357545117586,-0.20076487032963003,trailing_stop,13,-0.20076487032963003,177.04148106180682,174.41140966548974
SIAL,2007-08-02,42.26959868921918,2007-08-15,41.83665797478657,13961,40.91486509899449,0.6773667951123439,1.35473359022469,-6044.285314193685,-6396.54754897954,-0.31957627503781433,trailing_stop,13,-0.31957627503781433,177.03776019005667,175.2244745957986
AMAT,2007-08-02,16.65207653031234,2007-08-15,15.209161794547711,35439,15.941985743550227,0.35504539338105584,0.7100907867621125,-51135.45532076265,-51474.19444826106,-2.0320144447220083,stop_loss,13,-2.0320144447220083,177.0398820473217,161.69924545109288
T,2006-07-26,7.2618251285617665,2007-08-16,9.775424274825818,70232,7.007023993331977,0.127400567614895,0.25480113522978964,176535.09524041688,176176.12721038726,9.864944848056464,trailing_stop,386,9.864944848056464,153.003750728745,205.96427930087006
JNPR,2007-07-20,22.900958938881047,2007-08-16,22.68703740554912,28474,21.670817727702435,0.6150706055893064,1.230141211178612,-6091.201740093292,-6480.623522466683,-0.17389998106556115,trailing_stop,27,-0.17389998106556115,195.62457144770966,193.7972109256817
CLB,2007-08-01,42.75093605086787,2007-08-16,40.781504089153806,13894,40.279654431206296,1.2356408098307867,2.471281619661575,-27363.287676055217,-27711.46759304686,-0.7969273700112597,trailing_stop,15,-0.7969273700112597,178.19445164722745,169.9854653444109
PAYX,2007-08-07,23.471600087521228,2007-08-16,22.948144864756248,24967,22.480544608942083,0.4955277392895723,0.9910554785791454,-13069.106546773257,-13416.795078440311,-0.5281795359382366,trailing_stop,9,-0.5281795359382366,175.80463181554273,171.8838998515108
J,2007-08-10,51.573680707723916,2007-08-16,46.45608931099323,11422,48.10847962990211,1.7326005389109043,3.46520107782181,-58453.12893345792,-58789.03774340406,-1.4768526506252717,stop_loss,6,-1.4768526506252717,176.7223743130868,159.1864356330494
FLR,2007-08-14,52.40608356167109,2007-08-16,48.068366015227944,10853,48.72695511633182,1.8395642226696345,3.6791284453392663,-47077.24853154745,-47404.383291924874,-1.1790068248196612,stop_loss,2,-1.1790068248196612,170.6289674684449,156.50579290898065
LUK,2007-08-07,36.127626113770404,2007-08-17,36.99939518695932,16220,33.992742492436555,1.0674418106669246,2.1348836213338487,14140.0943671242,13784.25828147485,0.4083450097594756,trailing_stop,10,0.4083450097594756,175.7970286696068,180.03905697974403
JEF,2007-08-07,23.81944747465249,2007-08-17,24.394216976028524,12301,22.411888945284876,0.7037792646838061,1.4075585293676127,7070.239636426615,6892.3167505042675,0.4083450097341727,trailing_stop,10,0.4083450097341727,87.90090701571006,90.02197890663805
WFC,2007-08-20,22.515114696681234,2007-09-10,21.335152467834288,24550,21.11023052933895,0.7024420836711429,1.404884167342285,-28968.072718192536,-29291.02993585919,-0.8399000118843687,stop_loss,21,-0.8399000118843687,165.8238197410573,157.13339792559952
WFC-WS,2007-08-20,37.257221001,2007-09-10,35.304660000000005,7418,34.92225862984443,1.167481185577784,2.3349623711555694,-14484.097505417943,-14645.576715397568,-0.8362280373853189,stop_loss,21,-0.8362280373853189,82.91221961562538,78.56699036400002
BRK-A,2007-08-20,119319.19999999998,2007-09-24,117382.5,4,116800.3042978422,1259.4478510788927,2518.8957021577808,-7746.79999999993,-8030.84203999993,-0.7688686746104384,trailing_stop,35,-0.7688686746104384,143.18303999999998,140.859
MR,2007-09-05,34.21469753638586,2007-10-12,36.14951439391263,16465,31.239483946236327,1.4876067950747673,2.9752135901495365,31856.759559178256,31509.195534348546,0.6503119184224766,trailing_stop,37,0.6503119184224766,169.00349848097795,178.56052634873143
FLG,2007-09-11,19.62543935702873,2007-10-16,19.19012516083309,28290,18.469863255360334,0.5777880508341969,1.1555761016683945,-12315.038610374584,-12644.466306437678,-0.37670751027746313,trailing_stop,35,-0.37670751027746313,166.56110382310283,162.86659223999047
NOK,2007-08-31,18.187816858168407,2007-10-17,19.66364412197253,30510,17.222498391395888,0.48265923338625943,0.9653184667725192,45027.489818663824,44681.035396312596,1.5288501304014814,trailing_stop,47,1.5288501304014814,166.47308770281543,179.98133464841456
OVTI,2007-09-04,20.68066,2007-10-22,22.377599999999997,27184,18.971577564067324,0.8545412179663376,1.7090824359326753,46129.61695999994,45778.468238047935,0.9928953480081544,trailing_stop,48,0.9928953480081544,168.654918432,182.49380351999997
VDSI,2007-09-05,34.534499999999994,2007-10-22,35.2647,16312,31.27900579340001,1.627747103299992,3.255494206599984,11911.022400000058,11569.453034880058,0.22429774211228576,trailing_stop,47,0.22429774211228576,168.99802919999993,172.57133592
OSPN,2007-09-05,32.70182398787941,2007-10-22,33.39327375190909,8613,29.61909224794852,1.5413658699654444,3.082731739930889,5955.456817587672,5784.6736945378325,0.22429774056343477,trailing_stop,47,0.22429774056343477,84.49824300228161,86.2848800475579
OII,2007-09-06,32.15997091465379,2007-10-22,31.765058821636245,17494,29.968229108365712,1.095870903144039,2.1917418062880785,-6908.592155248939,-7244.083496310936,-0.1801818498349339,trailing_stop,46,-0.1801818498349339,168.78195935428602,166.70938170771134
UPL1,2007-10-17,69.50943999999998,2007-10-23,66.13380000000001,9254,65.79451704699395,1.857461476503018,3.714922953006038,-31238.172559999777,-31614.74532288778,-0.9086702584957995,stop_loss,6,-0.9086702584957995,192.97210732799994,183.60065556
NVDA,2007-10-18,0.9032664202919228,2007-10-25,0.8429044241593685,359857,0.8400530952988814,0.03160666249652071,0.06321332499304144,-21721.686842272604,-21910.198382744118,-0.9548935471943457,stop_loss,7,-0.9548935471943457,97.51402326209714,90.99751720941538
PCLN,2007-08-24,80.95980115395662,2007-10-29,86.54794112838727,6813,74.31311745513258,3.3233418494120195,6.6466836988240345,38071.99764579599,37729.628571345114,0.8407410714337631,trailing_stop,66,0.8407410714337631,165.4737375785719,176.89533687231074
BKNG,2007-08-24,3.173556686188463,2007-10-29,3.3926071128019366,86912,2.913012228423447,0.13027222888250795,0.260544457765016,19038.11067783022,18866.907149400864,0.8407410715718786,trailing_stop,66,0.8407410715718786,82.7460476130035,88.45748081635257
DVA,2007-09-12,30.20017,2007-10-31,32.012955000000005,18649,28.96192986670347,0.6191200666482638,1.2382401332965287,33806.6274650001,33458.5636945626,1.4640011668608117,trailing_stop,49,1.4640011668608117,168.96089109900004,179.10287933850003
BIIB,2007-09-07,66.06599999999999,2007-11-02,73.35657,8537,62.79618572338665,1.6349071383066693,3.2698142766133387,62239.596090000145,61882.52094597314,2.2296587461080866,trailing_stop,56,2.2296587461080866,169.20163259999998,187.87351142700004
CF,2007-10-22,10.716032986276698,2007-11-02,11.58435110138989,58435,9.710579826801567,0.5027265797375651,1.005453159475131,50740.16905663939,50349.232173390556,0.863608719044131,trailing_stop,11,0.863608719044131,187.85741626592363,203.07946698291548
DSX,2007-10-24,16.305693516374827,2007-11-06,16.419155481192625,19773,14.652979846969703,0.8263568347025622,1.6527136694051237,2243.4834303423227,2049.3628985736523,0.06865191891263145,trailing_stop,13,0.06865191891263145,96.72374336978383,97.39678839888654
MSFT,2007-10-29,24.818873396163678,2007-11-09,24.29308950980418,13237,23.749303245209546,0.5347850754770653,1.0695701509541315,-6959.80130374068,-7154.829819636569,-0.4915842928960408,trailing_stop,11,-0.4915842928960408,98.55822814350557,96.47028775238338
CHL,2007-08-23,35.577201664038604,2007-11-12,47.828191217268355,15525,33.225887908869694,1.1756568775844567,2.35131375516891,190196.61281389187,189808.1521965472,5.210274267438071,trailing_stop,81,5.210274267438071,165.7008167502598,222.7598005944274
GME,2007-08-24,8.137189239975871,2007-11-12,8.587381295578034,67793,7.509420410061562,0.31388441495715447,0.6277688299143094,30519.870025437394,30179.727382342353,0.7171303099958207,trailing_stop,80,0.7171303099958207,165.49334104370527,174.6493020513365
DRYS,2007-08-28,659.4587999999999,2007-11-12,969.03,840,577.5055828848082,40.976608557595846,81.9532171151917,260039.80800000008,259629.42882240008,3.7774136378914007,trailing_stop,76,3.7774136378914007,166.18361759999996,244.19555999999997
RTN,2007-09-04,44.505774832218954,2007-11-12,45.47759750264903,12632,42.46593076600867,1.0199220331051442,2.0398440662102857,12276.063972872758,11935.062985072542,0.4764200786364886,trailing_stop,69,0.4764200786364886,168.65908430417696,172.34190349603878
QGEN,2007-10-12,21.41770309234096,2007-11-12,21.34486140119818,29586,20.447371995126332,0.4851655486073138,0.9703310972146291,-2155.0942741503104,-2534.646244082065,-0.07506890313200872,trailing_stop,31,-0.07506890313200872,190.0992491069999,189.4527208247548
ISRG,2007-10-22,29.787505768019994,2007-11-12,30.642629357340006,21021,27.52491270019085,1.1312965339145715,2.262593067829144,17975.552971095978,17594.46240995492,0.3779396310713816,trailing_stop,21,0.3779396310713816,187.84894762486448,193.24161351619327
GOOGL,2007-10-22,15.890479358170701,2007-11-12,16.332254791942162,39406,15.232809770465474,0.32883479385261344,0.657669587705227,17408.6027431982,17027.672024622396,0.6717285427670843,trailing_stop,21,0.6717285427670843,187.8540688764224,193.07664969938187
DECK,2007-10-23,6.629950036709999,2007-11-12,6.81428318571,94499,6.093689145107918,0.2681304458010402,0.5362608916020806,17419.298247351122,17038.15826876548,0.3437378184512125,trailing_stop,20,0.3437378184512125,187.95709455571742,193.1828840299228
AEM,2007-09-07,36.61305466022931,2007-11-13,37.28561398348422,15404,33.733573482773714,1.4397405887277988,2.8794811774555953,10360.103815418614,10018.603287882286,0.2335696195969596,trailing_stop,67,0.2335696195969596,169.1962481958517,172.30427934047728
POT,2007-09-24,27.25143332850709,2007-11-13,27.45387623302939,21558,25.397886030956936,0.9267736487750776,1.8535472975501541,4364.2641356917475,4010.463016633466,0.10921917384566897,trailing_stop,50,0.10921917384566897,176.24591990878676,177.55519914949429
MOS,2007-10-26,47.3984798838577,2007-11-13,44.58467362041722,6783,43.06678078261126,2.165849550623221,4.331699101246443,-19086.0478849168,-19273.224403982647,-0.6495848852083962,trailing_stop,18,-0.6495848852083962,96.45116671566204,90.725352350187
AGCO,2007-10-31,46.36345769662779,2007-11-13,45.2123150917842,14059,42.78943620121937,1.7870107477042112,3.5740214954084237,-16183.913881496062,-16570.153018385747,-0.32208608882808204,trailing_stop,13,-0.32208608882808204,195.54715552706702,190.6919813626182
SWN,2007-11-02,27.417389999999997,2007-11-13,24.570404999999997,23887,25.749923218356688,0.8337333908216544,1.6674667816433093,-68005.930695,-68378.48043274951,-1.7073713439701994,stop_loss,11,-1.7073713439701994,196.475758479,176.07397927049996
SLV,2007-11-07,15.465449999999997,2007-11-13,14.686299,21582,14.796369692748149,0.33454015362592415,0.6690803072518481,-16815.636881999937,-17010.85739607534,-1.1645104355264149,stop_loss,6,-1.1645104355264149,100.13260256999999,95.08791150539999
B,2007-09-07,27.443511603371984,2007-11-20,29.278831848082856,10276,25.65778045549624,0.8928655739378722,1.7857311478757438,18859.750834648916,18684.887194256768,1.027769632004301,trailing_stop,74,1.027769632004301,84.60285757087514,90.26078282126983
INVX,2007-11-02,58.77871999999999,2007-11-20,56.793150000000004,11142,54.690890798284,2.0439146008579945,4.087829201715991,-22123.220939999872,-22509.53147266187,-0.48572724104189213,trailing_stop,18,-0.48572724104189213,196.47374947199995,189.83678319
CVSA,2007-10-29,50.479051381992804,2007-11-21,48.13998540123544,6508,46.80626228732142,1.8363945473356922,3.672789094671387,-15222.641402768908,-15415.185210184482,-0.6368636805611739,trailing_stop,23,-0.6368636805611739,98.55529991820273,93.98850749737207
PCLN,2007-11-14,110.27697154960241,2007-11-21,99.49519368242328,5576,99.76977863619055,5.253596456705925,10.507192913411856,-60119.19338739083,-60470.10026539096,-1.0261330458125293,stop_loss,7,-1.0261330458125293,184.47131800817488,166.43555999195766
BKNG,2007-11-14,4.322765315704789,2007-11-21,3.900128615110923,71133,3.910892116314942,0.2059365996949233,0.4118731993898468,-30063.416423343457,-30238.89215753767,-1.0261330458499465,stop_loss,7,-1.0261330458499465,92.24737956060862,83.22835463360559
O,2007-11-14,11.395909480690458,2007-11-21,10.580192392835963,53965,10.651104915216921,0.3724022827367682,0.7448045654735367,-44020.172646067804,-44375.95474734926,-1.095209569957285,stop_loss,7,-1.095209569957285,184.49407653763816,171.28802474381783
OXPS,2007-11-15,23.050577296981103,2007-11-21,21.893377720877776,26573,21.31757477800755,0.866501259486777,1.733002518973553,-30750.264335793712,-31108.55305080058,-0.6677425816949935,stop_loss,6,-0.6677425816949935,183.75689715380366,174.53181785306555
TKC,2007-11-15,13.013915203880748,2007-11-23,12.233589292436509,47067,11.959138278595749,0.5273884626424994,1.0547769252849992,-36727.59967394598,-37084.09696218443,-0.7398018412598434,stop_loss,8,-0.7398018412598434,183.75778407031657,172.73950416813273
VOD,2007-11-14,10.67828334377135,2007-11-28,10.331572164151174,57592,10.12226942332408,0.27800696022363397,0.5560139204472687,-19967.790256685155,-20330.790136208838,-0.6235656462364723,stop_loss,14,-0.6235656462364723,184.49510830034384,178.5047712233383
SCHW-P-B,2007-11-15,23.575426024432996,2007-11-28,22.602939578757557,12990,21.875138745830792,0.8501436393011025,1.7002872786022039,-12632.59892932396,-12812.556020079594,-0.5719541973371199,stop_loss,13,-0.5719541973371199,91.8734352172154,88.08365553841818
SCHW,2007-11-15,18.89069691151045,2007-11-28,18.11461166080497,16212,17.534959966856388,0.6778684723270313,1.355736944654062,-12581.894084437206,-12761.87310320952,-0.5724453064185755,stop_loss,13,-0.5724453064185755,91.87679349882222,88.10222527349104
CCI,2007-12-04,25.573688780203952,2007-12-13,23.96372756786089,23583,24.122916706323792,0.7253860369400806,1.4507720738801595,-37967.71527068644,-38318.18753760737,-1.1097271868744647,stop_loss,9,-1.1097271868744647,180.93129075106495,169.540976169859
UN,2007-11-14,22.54503790702296,2007-12-17,22.060066690696964,27278,21.747117404303083,0.39896025135993873,0.7979205027198759,-13229.044838940496,-13594.066251905477,-0.6077939026167033,trailing_stop,33,-0.6077939026167033,184.4950632083317,180.52634975664952
RAI,2007-12-03,10.327179782671347,2007-12-17,10.012065401754578,58372,9.948817283257142,0.1891812497071027,0.3783624994142052,-18393.856642873674,-18750.029368845266,-0.8328372431322906,trailing_stop,14,-0.8328372431322906,180.84544148222759,175.32728448936547
BRK-B,2007-08-20,79.37929999999999,2007-12-18,90.2097,3481,77.36266747281614,1.0083162635919227,2.0166325271838446,37700.622400000044,37523.520607300045,5.370537197039204,trailing_stop,120,5.370537197039204,82.89580298999998,94.20598971
BRK-A,2007-11-14,135935.8,2007-12-18,136263.6,2,132592.52715970323,1671.636420148384,3343.2728402967623,655.6000000000349,492.280360000035,0.0980476364504312,trailing_stop,34,0.0980476364504312,81.56147999999999,81.75816
PCLN,2007-12-06,119.17914884475667,2007-12-18,110.01670809410653,5119,108.43198876061888,5.373580042068896,10.74716008413779,-46902.534202578034,-47254.51028007904,-0.8525452937258642,stop_loss,12,-0.8525452937258642,183.02341888089282,168.95265862011942
AGCO,2007-12-03,53.3745171532046,2007-12-19,48.83147958096914,11294,48.900814257653046,2.236851447775776,4.473702895551554,-51309.06634082732,-51655.360698962046,-1.015498274763139,stop_loss,16,-1.015498274763139,180.8435390184878,165.45081911623961
LO,2007-12-03,20.68204294049692,2007-12-19,20.10408020005518,29147,19.693024579705604,0.4945091803956587,0.9890183607913166,-16845.87999565543,-17202.51793500873,-0.5843801928806573,trailing_stop,16,-0.5843801928806573,180.8458516759991,175.7920876773025
WDC,2007-12-06,18.596563145012876,2007-12-19,17.567636964079924,32807,17.109782921042736,0.7433901119850693,1.4867802239701398,-33755.98121786737,-34111.912891761065,-0.6920499508565008,stop_loss,13,-0.6920499508565008,183.02923412953123,172.902439764171
FOSL,2007-11-14,40.190149999999996,2008-01-02,40.24971,15301,36.90707607264998,1.641536963675008,3.283073927350017,911.3275600000723,542.0844706420723,0.018141534829244455,trailing_stop,49,0.018141534829244455,184.48484554499998,184.75824381299998
NEE-P-G,2007-12-04,65.38410908362023,2008-01-02,62.37680713628808,9224,62.589945139393784,1.3970819721132233,2.7941639442264474,-27739.353162191772,-28092.893169555504,-1.076279705615023,stop_loss,29,-1.076279705615023,180.9309066561939,172.60910070753638
NEE-P-C,2007-12-04,64.38787476061538,2008-01-02,61.426393999235685,4683,61.636284494677405,1.3757951329689841,2.7515902659379705,-13868.614405541088,-14045.370871721801,-1.076279705608775,stop_loss,29,-1.076279705608775,90.45852525118855,86.29794092952622
NEE-P-H,2007-12-04,64.43628833216438,2008-01-02,61.47258081812176,4680,61.682629131466165,1.3768296003491078,2.753659200698216,-13870.151165719451,-14046.927218006453,-1.0762797056698743,stop_loss,29,-1.0762797056698743,90.46854881835878,86.30750346864295
NEE,2007-12-04,10.295900817582806,2008-01-02,9.768799255380802,29289,9.857997673102142,0.2189515722403319,0.43790314448066425,-15438.277655334497,-15614.580155465606,-1.20369439873999,stop_loss,29,-1.20369439873999,90.46699171385484,85.83550841725449
CNQR,2007-12-24,39.68964999999999,2008-01-02,36.173790000000004,15572,36.41528563077303,1.6371821846134846,3.2743643692269657,-54748.971919999836,-55103.37556630383,-1.0737534383902538,stop_loss,9,-1.0737534383902538,185.41416893999997,168.98947736400004
NFLX,2007-12-24,0.40182959816999997,2008-01-02,0.379048763808,1538111,0.37034602098126956,0.015741788594365196,0.031483577188730405,-35039.45192137011,-35399.775200836215,-0.7235783349979173,stop_loss,9,-0.7235783349979173,185.41755752125704,174.905721944846
CL,2007-11-15,25.21323508287635,2008-01-03,25.059587026805477,24293,24.313340683406665,0.44994719973484176,0.8998943994696837,-3732.572226129671,-4098.9555263828215,-0.17074009590616113,trailing_stop,49,-0.17074009590616113,183.75153596049455,182.63176429265565
ANR,2007-12-24,33.48345,2008-01-07,29.750220000000002,18458,30.66172157415704,1.4108642129214801,2.8217284258429594,-68907.95933999991,-69258.10946425791,-1.3230295182941765,stop_loss,14,-1.3230295182941765,185.41125603,164.738868228
ANRZQ,2007-12-24,33.48345,2008-01-07,29.750220000000002,9229,30.664119310702166,1.4096653446489167,2.819330689297832,-34453.97966999996,-34629.054732128956,-1.324154705998598,stop_loss,14,-1.324154705998598,92.705628015,82.369434114
IVZ,2007-12-24,15.876480076712712,2008-01-07,14.431564147851384,38929,14.56577031192646,0.6553548823931252,1.3107097647862513,-56249.13219464261,-56603.09075072803,-1.1023919769888662,stop_loss,14,-1.1023919769888662,185.41664787190473,168.54190821351196
BUCY,2007-12-24,51.261367397230494,2008-01-08,45.57310908938654,12057,46.71713583012399,2.272115783553251,4.5442315671065,-68583.33041767453,-68933.59040257428,-1.251753618591647,stop_loss,15,-1.251753618591647,185.41749201252242,164.84249288722006
ECL,2007-12-04,39.96093723378922,2008-01-14,40.0546612410182,15092,38.159683349936294,0.9006269419264606,1.8012538838529224,1414.4827170998465,1052.2040934453084,0.05203264685181835,trailing_stop,41,0.05203264685181835,180.92713941970405,181.351484234834
HQCL,2007-12-06,240.64039999999994,2008-01-14,261.2385,2535,201.29756093516397,19.671419532417993,39.34283906483597,52216.183500000116,51834.50459655011,0.523553980587291,trailing_stop,39,0.523553980587291,183.00702419999996,198.67187924999996
RIG,2007-12-24,113.13786230599105,2008-01-14,108.30556938869776,5462,106.03761826983717,3.5501220180769395,7.100244036153882,-26393.983914255936,-26756.841121430854,-0.6805812437836831,trailing_stop,21,-0.6805812437836831,185.38770117459694,177.46950600032014
ONXX,2007-08-28,36.47644,2008-01-16,50.099849999999996,15200,33.688603590343845,1.3939182048280756,2.787836409656151,207075.832,206681.0441176,4.886732217433194,trailing_stop,141,4.886732217433194,166.3325664,228.455316
ATVI,2007-12-04,11.121233027316004,2008-01-16,11.59415231733613,54232,10.12807371921855,0.4965796540487267,0.9931593080974537,25647.358936371485,25277.788702968133,0.4761766678963865,trailing_stop,43,0.4761766678963865,180.93801286122047,188.63222054213188
AYE,2007-12-03,56.60552026765904,2008-01-17,56.864695289343885,10649,54.34272815569584,1.1313960559816008,2.2627921119632006,2759.954805921933,2397.4515082819757,0.11453770777907929,trailing_stop,45,0.11453770777907929,180.8376555990903,181.6656420408669
HES,2007-12-13,65.2410730423239,2008-01-17,69.65337913793056,9305,60.410500770305184,2.415286136009361,4.8305722720187205,41056.5082196199,40679.95035635872,0.9134127070544227,trailing_stop,35,0.9134127070544227,182.12045539764716,194.43740786353317
BYI,2007-08-23,33.18315,2008-02-07,43.84611,16645,30.409895218199917,1.3866273909000397,2.7732547818000803,177484.96920000008,177100.3235901901,3.844926210883094,trailing_stop,168,3.844926210883094,165.70005952499997,218.94555028499997
GLD,2007-09-07,69.32925999999999,2008-03-24,90.55935000000001,4067,67.62530869541905,0.8519756522904712,1.70395130458094,86342.77603000008,86147.69593693908,12.459329056484524,trailing_stop,199,12.459329056484524,84.58863012599998,110.491462935
AME,2008-05-16,20.935051462334446,2008-05-20,20.02431787550563,27771,20.03094197549543,0.4520547434195075,0.9041094868390154,-25291.98243982303,-25633.22723358738,-1.0073266568775419,stop_loss,4,-1.0073266568775419,174.41619424814698,166.82859951620003
BBL,2008-05-16,43.134614712068924,2008-05-21,40.6364733139531,13478,40.392526045784045,1.3710443331424407,2.7420886662848787,-33669.94976380512,-34008.66978112954,-0.911035966426438,stop_loss,5,-0.911035966426438,174.4105011267795,164.30951619763795
MRSH,2008-05-16,19.78588317634449,2008-05-22,18.45649012489237,29384,18.7164042237548,0.5347394762948455,1.0694789525896908,-39062.88542386916,-39399.99959299422,-1.2430287180809516,stop_loss,6,-1.2430287180809516,174.41651737611195,162.69765174895122
HWM,2008-05-20,62.23324623948002,2008-05-23,57.12102930523151,4665,58.22851657504363,2.0023648322181966,4.00472966443639,-23848.491998269288,-24015.528306894113,-1.276544826395412,stop_loss,3,-1.276544826395412,87.09542811215229,79.9408805126715
LUK,2008-05-16,49.47041116868033,2008-05-27,46.80900031342213,11752,46.68768392128705,1.391363623696641,2.7827272473932823,-31276.900370994328,-31616.34306411563,-0.9564037789730457,stop_loss,11,-0.9564037789730457,174.41288161629936,165.02981150500108
JEF,2008-05-16,32.61653164445059,2008-05-27,30.861826370624733,8912,30.781840782210047,0.9173454311202713,1.8346908622405422,-15637.933400336025,-15807.64913832513,-0.9564037789358109,stop_loss,11,-0.9564037789358109,87.2035590046031,82.51217898450228
CIG,2008-05-20,0.9296598195224653,2008-05-27,0.8830647110143692,624631,0.8617707931629564,0.03394451317975451,0.067889026359509,-29104.749222520586,-29444.434403390715,-0.6863422707132357,stop_loss,7,-0.6863422707132357,174.2083028184411,165.47687805168493
FRO,2008-05-20,114.5980190821569,2008-05-28,109.46801601484219,5067,108.0507411889478,3.273638946604546,6.547277893209099,-25993.7255420836,-26334.32832203455,-0.7835322023883533,stop_loss,8,-0.7835322023883533,174.20044880678668,166.40233114416162
SU,2008-05-21,40.55499024176419,2008-05-29,38.652772693932114,7147,38.17836498613258,1.1883126278158043,2.376625255631609,-13595.148814355827,-13764.978178866253,-0.8003859856847908,stop_loss,8,-0.8003859856847908,86.95395457736659,82.87540993305984
PBR,2008-05-19,23.02497012851424,2008-06-04,21.740965903529304,25249,21.459409604053256,0.782780262230492,1.5655605244609845,-32419.82267664467,-32758.911212306593,-0.8201562347306973,trailing_stop,16,-0.8201562347306973,174.4072412324568,164.68129442946343
PBR-A,2008-05-20,15.894583654246235,2008-06-04,15.0258758078025,18267,14.886721301416026,0.5039311764151047,1.0078623528302089,-15868.68623098771,-16038.133440885684,-0.8619310404881086,trailing_stop,15,-0.8619310404881086,87.10390788363479,82.34330201433848
CSX,2008-05-20,5.433139300467836,2008-06-05,5.221532796468777,53440,5.120124492248912,0.15650740410946207,0.3130148082189237,-11308.251573709718,-11479.067276767806,-0.6760271349560586,trailing_stop,16,-0.6760271349560586,87.10408926510036,83.71161379298744
RDC,2008-05-19,44.28139834471104,2008-06-06,43.224387508504144,13128,41.061073972407875,1.6101621861515845,3.2203243723031676,-13876.438257724174,-14221.071044728476,-0.3282311699088027,stop_loss,18,-0.3282311699088027,174.39785924080996,170.23492776349272
VMI,2008-05-20,98.1160306238112,2008-06-19,91.00104625123531,5918,91.89367914199373,3.111175740908733,6.222351481817469,-42106.47751690412,-42442.23597518807,-1.143455877310501,stop_loss,30,-1.143455877310501,174.1952007695144,161.56325751444317
GLW,2008-05-19,18.139592224608805,2008-06-20,16.701039204891867,32049,17.140184449322884,0.4997038876429606,0.9994077752859205,-46104.185728908145,-46439.16794791337,-1.4394054712105702,stop_loss,32,-1.4394054712105702,174.40673736194628,160.57548164327383
QCOM,2008-05-19,30.072543464012167,2008-06-25,30.292689340291336,19332,28.57669585540399,0.7479238043040878,1.4958476086081767,4255.860080228892,3905.7658760570534,0.14717132615133524,trailing_stop,37,0.14717132615133524,174.40872307388494,175.68548109795364
WMB,2008-05-19,13.524573255821878,2008-07-07,12.9940376845612,21493,12.837286298728458,0.3436434785467103,0.6872869570934199,-11402.80103310576,-11573.790384588256,-0.7719273089429004,stop_loss,49,-0.7719273089429004,87.20509589621389,83.78425558628216
TE1,2008-05-20,13.119987148330356,2008-07-07,13.448020447293741,44260,12.548365111143374,0.2858110185934912,0.571622037186982,14518.753812119428,14165.98380726473,0.5738639828822466,trailing_stop,48,0.5738639828822466,174.20718935553046,178.56281549916628
EXC,2008-05-21,30.806902736769093,2008-07-17,29.57806938041632,18818,29.523039276027994,0.64193173037055,1.2838634607410988,-23124.18609984648,-23465.083421436837,-0.9571371052521735,stop_loss,57,-0.9571371052521735,173.9172887101562,166.98003288020232
TS,2008-05-20,36.27554679994676,2008-07-18,37.59763747391445,16007,34.36186739081505,0.9568397045658553,1.91367940913171,21162.70541820087,20807.95899999936,0.6908631966561019,trailing_stop,59,0.6908631966561019,174.19880328802435,180.54761491348458
GDX,2009-06-01,38.33551489018771,2009-06-04,36.565366631890775,7651,35.454901504743134,1.4403066927222872,2.880613385444576,-13543.404324229848,-13715.324317587476,-0.6145039342111301,stop_loss,3,-0.6145039342111301,87.99150732744785,83.9284860301789
AU,2009-06-01,33.59671611327754,2009-06-09,31.996762700295836,17461,30.564465526667536,1.516125293305001,3.032250586610001,-27936.78654407349,-28280.384864142634,-0.5276455119002613,stop_loss,8,-0.5276455119002613,175.9896780161817,167.60864205295968
SLV,2009-06-01,15.605589999999998,2009-06-09,15.00498,37591,14.838018195305112,0.3837859023474429,0.7675718046948852,-22577.53050999992,-22922.73509106092,-0.7824805397050043,stop_loss,8,-0.7824805397050043,175.98892010699998,169.215660954
GMCR,2009-06-05,19.64913378064828,2009-06-10,20.44766239546144,29743,17.888364872371532,0.8803844541383734,1.7607689082767486,23750.636590387752,23392.856887787944,0.4535113103483136,trailing_stop,5,0.4535113103483136,175.32725581134656,182.45244678846288
SYNA,2009-06-10,40.34029999999999,2009-06-16,37.42254,14475,36.455054619882674,1.942622690058661,3.8852453801173183,-42234.57599999991,-42572.26113269992,-0.7509847421559485,stop_loss,6,-0.7509847421559485,175.17775275,162.50737995000003
SLAB,2009-06-10,38.498459999999994,2009-06-18,37.4625,15167,35.85399575087625,1.3222321245618724,2.644464249123743,-15712.405319999936,-16058.035284095937,-0.39174664597688036,stop_loss,8,-0.39174664597688036,175.17184284599998,170.45812124999998
RMBS,2009-06-16,19.26925,2009-06-24,14.96502,30187,17.518366025331133,0.8754419873344332,1.7508839746688665,-129931.79100999996,-130241.81998254696,-2.4583182336876606,stop_loss,8,-2.4583182336876606,174.50425492499997,135.524717622
CAG,2009-06-25,8.360192685002762,2009-06-26,8.025482401406979,69111,7.972663837195123,0.19376442390381934,0.38752884780763885,-23132.162409588138,-23471.891526857195,-0.863704174513289,stop_loss,1,-0.863704174513289,173.33438299596776,166.39473427309133
PWRD,2009-06-29,27.139564203465522,2009-06-30,24.705112512976136,21290,24.610717350270285,1.2644234265976189,2.528846853195237,-51829.476490519024,-52160.608440706936,-0.9626726456026464,stop_loss,1,-0.9626726456026464,173.34039656753427,157.79155362037858
MFE,2009-06-30,42.522479999999995,2009-07-07,40.81914,13563,40.36577670213445,1.0783516489327751,2.1567032978655476,-23102.40041999996,-23441.509137617963,-0.7897887491922342,stop_loss,7,-0.7897887491922342,173.01971887199997,166.088998746
VRTX,2009-06-29,35.925889999999995,2009-07-08,33.3666,16083,33.57396202428752,1.1759639878562385,2.351927975712478,-41161.06106999995,-41495.39040500095,-1.0881668258674897,stop_loss,9,-1.0881668258674897,173.33882666099998,160.99050834
RVBD,2009-06-02,10.780769999999999,2009-07-09,10.804185,54266,9.747071108897128,0.5168494455514354,1.0336988911028708,1270.6383900000944,919.2396395910944,0.022651664040211825,trailing_stop,37,0.022651664040211825,175.50877944599998,175.889970963
ORCL,2009-06-25,16.995886292371114,2009-07-09,16.39520051437124,33995,15.894404965169635,0.5507406636007397,1.1014813272014798,-20420.31302310574,-20760.852021904302,-0.5453435870093502,stop_loss,14,-0.5453435870093502,173.33254635274682,167.20645244581507
CMPR,2009-06-02,40.780739999999994,2009-07-23,40.52943,14345,37.01394554600871,1.8833972269956416,3.766794453991281,-3605.041949999951,-3954.9602665949515,-0.0667172055894129,trailing_stop,51,-0.0667172055894129,175.49991458999997,174.418402005
VPRT,2009-06-02,40.780739999999994,2009-07-23,40.52943,7172,37.01293728360378,1.8839013581981061,3.7678027163962113,-1802.3953199999755,-1977.3422817719754,-0.06669935209356369,trailing_stop,51,-0.06669935209356369,87.74384018399999,87.20312158799999
ADEA,2009-07-17,5.290965687892288,2009-07-27,4.991508488640636,109602,4.8654357761374305,0.21276495587742864,0.42552991175485744,-32821.107952379556,-33159.201872788464,-0.7037277309524731,stop_loss,10,-0.7037277309524731,173.97012639731116,164.1237940115973
CY,2009-07-17,7.47396260989754,2009-08-12,7.643659063611174,77589,6.8199124849804615,0.32702506245853913,0.6540501249170783,13166.578147187136,12814.689802779374,0.25945481431587264,trailing_stop,26,0.25945481431587264,173.96918548180204,177.91915892595821
RHT,2009-07-21,22.272249999999996,2009-08-12,21.54843,26186,20.6068712376476,0.8326893811761984,1.6653787623523968,-18953.950519999904,-19298.197017943905,-0.4346278554540825,trailing_stop,22,-0.4346278554540825,174.96634154999995,169.28015639400002
MR,2009-08-12,31.43190723646058,2009-08-13,29.61805462191663,18899,29.128097456740303,1.151904889860139,2.303809779720279,-34280.00056226613,-34626.13553101457,-0.7873274219558972,stop_loss,1,-0.7873274219558972,178.20948445856055,167.92548428988076
FFIV,2009-06-12,35.10507,2009-08-18,34.47549,16683,32.39821520265998,1.3534273986700058,2.7068547973400143,-10503.283139999952,-10851.526884743951,-0.23258728196971482,trailing_stop,67,-0.23258728196971482,175.697364843,172.54637990100002
BIDU,2009-07-16,31.708676999999994,2009-08-18,32.364603,18143,29.426478786453,1.1410991067734968,2.2821982135469945,11900.465418000145,11551.720962288146,0.28740974211024695,trailing_stop,33,0.28740974211024695,172.58715804329995,176.1572976687
EPD,2009-07-16,4.609451830532916,2009-08-18,4.64774446129603,124807,4.389920280874562,0.10976577482917718,0.2195315496583543,4779.188367651964,4432.579498373675,0.17442882730389692,trailing_stop,33,0.17442882730389692,172.5875563839965,174.0213128942921
VMED,2009-07-17,10.338731803252985,2009-08-18,9.899116332774433,56090,9.482008586090673,0.4283616085811556,0.8567232171623118,-24658.03173914198,-24998.574009726915,-0.5131359366385234,trailing_stop,32,-0.5131359366385234,173.96984005333795,166.5724305315954
PLCM,2009-07-17,11.82181,2009-08-18,11.23875,49053,11.038296733747734,0.3917566331261325,0.7835132662522657,-28600.842179999985,-28940.199074903983,-0.7441609799268841,trailing_stop,32,-0.7441609799268841,173.968573779,165.38832112499998
CRM,2009-08-13,11.824056711498494,2009-08-18,11.086221370481463,50817,11.114022980733433,0.3550168653825311,0.7100337307650619,-37494.578524462515,-37843.84800485011,-1.0391553373415285,stop_loss,5,-1.0391553373415285,180.25892697246567,169.01055341512696
CNW,2009-07-27,38.26764267934171,2009-08-28,39.81715310573287,15447,34.832595275079626,1.717523702131043,3.435047404262086,23935.287556464227,23573.43480431661,0.4510885132090406,trailing_stop,32,0.4510885132090406,177.33608294033743,184.5166692072767
TXN,2009-07-21,15.06896631861583,2009-09-25,15.276986180715046,38703,14.132991260221308,0.4679875291972607,0.9359750583945221,8050.99272282593,7698.64890295145,0.22224936469571288,trailing_stop,66,0.22224936469571288,174.96426102881654,177.37955884566432
SBUX,2009-07-23,6.346033291173473,2009-09-25,7.044015126957783,91055,5.848975496872005,0.24852889715073392,0.497057794301468,63554.73605734032,63188.96679972643,1.40422671927961,trailing_stop,64,1.40422671927961,173.35141839834017,192.41783921554227
CI,2009-08-18,26.95211721583776,2009-09-25,26.125379779477132,21442,24.526791519921343,1.2126628479582091,2.425325695916417,-17726.904110444568,-18068.330417616628,-0.34087687181669096,trailing_stop,38,-0.34087687181669096,173.37218920259798,168.0541179694646
HTS,2009-06-26,11.236153181997402,2009-09-30,12.829820965805087,51490,10.618595341886424,0.3087789200554892,0.6175578401109778,82057.95418825772,81686.20708559662,2.5805967964414416,trailing_stop,96,2.5805967964414416,173.56485820231387,198.1822444587912
INTC,2009-07-23,12.2000783166782,2009-10-02,12.17612864108334,23681,11.523167357446365,0.33845547961591743,0.6769109592318348,-567.1522677618809,-740.3281548519062,-0.03538083594042912,trailing_stop,71,-0.03538083594042912,86.67301638517694,86.50287070484836
A,2009-08-19,16.086015285796297,2009-10-02,16.85816497752658,36417,15.064109029413343,0.510953128191477,1.0219062563829535,28119.375323741766,27759.456859946935,0.7555973817630937,trailing_stop,44,0.7555973817630937,175.74132559885314,184.17713819597563
CX,2009-08-19,6.47653809517715,2009-10-02,6.983657565100831,90451,5.843338765567346,0.3165996648049024,0.6331993296098046,45869.46317406685,45504.216726766506,0.8008844074995817,trailing_stop,44,0.8008844074995817,175.74280417406052,189.5036431262806
PCG,2009-09-25,30.167987245518123,2009-10-02,29.024310391591754,20705,29.135471043869916,0.5162581008241034,1.0325162016482068,-23679.829260545466,-24047.502217318375,-1.1076599593311138,stop_loss,7,-1.1076599593311138,187.38845277553582,180.28450399737218
CIEN,2009-08-20,13.373359999999998,2009-10-05,14.785200000000001,44044,12.082427316427063,0.6454663417864674,1.290932683572935,62183.080960000145,61811.01627500814,1.0936588855217697,trailing_stop,46,1.0936588855217697,176.70488035199995,195.35980464000002
TGT,2009-08-20,28.25263928202779,2009-10-05,29.00018073477593,20848,26.60241480321435,0.8251122394067198,1.6502244788134384,15584.744206893249,15226.66216938015,0.4529937971139819,trailing_stop,46,0.4529937971139819,176.7033071255146,181.37873038758258
CTAS,2009-09-25,6.024547980236049,2009-10-05,5.7972801690988005,103681,5.751277361473663,0.13663530938119253,0.27327061876238545,-23563.35392652105,-23931.063615826406,-0.8316584203838705,stop_loss,10,-0.8316584203838705,187.38934774165614,180.32034156369983
BND,2009-10-02,48.66629735782702,2009-10-12,48.1004718752411,12658,48.30458895290485,0.18085420246108302,0.3617084049221688,-7162.218958572596,-7529.681088058249,-1.5643138917595074,stop_loss,10,-1.5643138917595074,184.80539758661232,182.65673189904052
TIVO,2009-07-20,22.385348238358983,2009-10-15,25.636779651562954,25875,21.041188322400046,0.6720799579794688,1.3441599159589366,84130.78781665274,83758.01604890722,2.4189319846547934,trailing_stop,87,2.4189319846547934,173.7662657002616,199.00550204525743
FMX,2009-10-02,29.441589217829844,2009-10-15,28.456851393785808,20923,27.590063327683783,0.9257629450730296,1.8515258901460605,-20603.669492473357,-20967.092214348406,-0.5318520412190149,trailing_stop,13,-0.5318520412190149,184.80191136139618,178.62081051365416
IBM,2009-07-20,61.599439082529805,2009-10-19,65.66345654038446,9403,58.984312341441424,1.3075633705441898,2.615126741088382,38213.95615620731,37854.96025394463,1.5540422550087427,trailing_stop,91,1.5540422550087427,173.76585770790834,185.2300445547705
DPS,2009-08-18,20.678528941115,2009-10-26,21.906707282804,27947,19.52485047799334,0.5768392315608307,1.1536784631216612,34323.90011518245,33966.86123615749,1.0645759463739604,trailing_stop,69,1.0645759463739604,173.37085449520228,183.668024529757
KDP,2009-08-18,3.015874644886,2009-10-26,3.1949991817600543,95812,2.847615590149911,0.08412952736804444,0.16825905473608893,17162.280126976897,16983.75725405331,1.0645759133439074,trailing_stop,69,1.0645759133439074,86.68709444274523,91.83577848083831
IOC,2009-10-15,49.609559999999995,2009-10-27,46.06389,12928,45.010842507826474,2.299358746086759,4.59871749217352,-45838.421759999925,-46209.48166847992,-0.7710127891165983,stop_loss,12,-0.7710127891165983,192.40571750399997,178.65419097600002
ASML,2009-07-16,13.371745053428365,2009-10-28,15.926449985416578,43023,12.552877346753176,0.40943385333759447,0.8188677066751886,109911.07028892892,109532.92141538205,3.1198017838082372,trailing_stop,104,3.1198017838082372,172.58777623009456,205.56109731677324
MAT,2009-07-21,12.513063035160187,2009-10-28,13.20354179267287,46609,11.740876379373942,0.38609332789312245,0.7721866557862445,32182.524408908703,31822.936838582562,0.8941863373819057,trailing_stop,99,0.8941863373819057,174.96640650173435,184.62116382440698
TGNA,2009-09-30,4.176707968278134,2009-10-28,4.111358961448224,150963,3.7195938359422653,0.2285570661679342,0.4571141323358683,-9865.282118063613,-10240.639552437297,-0.14295993540163335,trailing_stop,28,-0.14295993540163335,189.15850950455157,186.1989248691325
VEON,2009-10-06,199.49929999999998,2009-10-28,175.824,3109,180.7008580337269,9.399220983136539,18.79844196627309,-73606.50769999989,-73956.57174190988,-1.2594288421602498,stop_loss,22,-1.2594288421602498,186.07299710999996,163.9910448
CERN,2009-10-12,20.215176394296904,2009-10-28,19.155174470558713,31473,19.13277410041868,0.5412011469391117,1.082402293878225,-33361.4405458121,-33733.171461642974,-0.9793049494936181,stop_loss,16,-0.9793049494936181,190.86967399731193,180.8612418335683
GGB,2009-10-15,7.520838181511267,2009-10-28,6.944335504646535,42639,7.046886791890036,0.23697569481061526,0.47395138962123085,-24581.497638835302,-24766.531801076526,-1.2163751167086085,trailing_stop,13,-1.2163751167086085,96.20430576643768,88.82985647478708
MBT,2009-10-15,7.868791621555198,2009-10-28,6.953161633950326,40754,7.222351046348974,0.32322028760311194,0.6464405752062241,-37315.584514848975,-37496.800679741435,-1.4164178777187262,stop_loss,13,-1.4164178777187262,96.20542012345817,85.01074476900348
BALL,2009-07-02,9.958279707217992,2009-10-29,10.528261009476616,57636,9.336995291193313,0.3106422080123393,0.6212844160246789,32851.44233697804,32497.21365875382,0.9174241097268772,trailing_stop,119,0.9174241097268772,172.18662276156488,182.04205546265825
GES,2009-08-28,15.52432623657101,2009-10-29,16.23236545683717,39478,14.390599824440812,0.5668632060650992,1.1337264121301978,27951.972337667405,27575.865135265693,0.624523882208759,trailing_stop,62,0.624523882208759,183.86080535020508,192.2463970515053
RHT,2009-09-25,27.647619999999996,2009-10-29,26.06391,22592,25.970949067145117,0.8383354664274403,1.6766709328548792,-35779.17631999992,-36143.21158572792,-0.944556244738735,stop_loss,34,-0.944556244738735,187.38450931199998,176.65075641599998
JBL,2009-10-06,11.447762135895097,2009-10-29,11.625033533586539,54186,10.53446926078677,0.45664643755416356,0.9132928751083274,9605.627955308462,9230.561203464502,0.19410136936677103,trailing_stop,23,0.19410136936677103,186.0925317286835,188.97422011527604
CLF,2009-10-09,29.349331632269827,2009-10-29,28.196022500193127,10726,26.649045477841696,1.3501430772140661,2.700286154428131,-12370.393750654683,-12555.563191182122,-0.4271062643436576,trailing_stop,20,-0.4271062643436576,94.44027932631785,90.72916120112144
HAL,2009-10-19,23.420303646655857,2009-10-29,22.125409793524494,13515,21.990974503651564,0.7146645715021455,1.429329143004292,-17500.49042507037,-17685.155520213582,-0.9059451837731645,stop_loss,10,-0.9059451837731645,94.95762113536617,89.70747400784506
WHR,2009-10-26,44.88329083880207,2009-10-29,42.15563950516619,7065,42.08853608168127,1.397377378560401,2.794754757120799,-19270.856672137463,-19455.335685001504,-0.9759895127420576,stop_loss,3,-0.9759895127420576,95.13013493284099,89.34887793119975
PXD,2009-10-27,35.14450660138317,2009-10-29,32.96473050997117,17709,32.6851430748015,1.229681763290833,2.4593635265816687,-38601.654802815145,-38963.49874681664,-0.886317158017598,stop_loss,2,-0.886317158017598,186.7122202211684,175.13172378032385
CTRA,2009-10-28,7.528283761839576,2009-11-02,7.044228314722546,80907,6.941574524422334,0.2933546187086209,0.5867092374172422,-39163.47405989756,-39517.17953027108,-0.8250346444993688,stop_loss,5,-0.8250346444993688,182.72725629574637,170.97821407777712
SONY,2009-10-30,5.395829710894214,2009-11-02,5.108485971197399,110727,5.133981287816327,0.13092421153894357,0.261848423077887,-31816.710265409212,-32165.6436741685,-1.0973666990973026,stop_loss,3,-1.0973666990973026,179.23921091945508,169.6941978398323
KMP,2009-07-16,37.71647283991347,2009-11-03,39.916581588238216,15253,36.36391720605119,0.6762778169311415,1.3525556338622806,33558.25873819733,33203.01764443955,1.626630870659449,trailing_stop,110,1.626630870659449,172.58680806816005,182.65428568961923
GPN,2009-10-06,22.181228027003492,2009-11-20,23.20579345390934,27965,21.164050297471345,0.5085888647660733,1.017177729532147,28651.97216342205,28271.19774670793,1.007262936612955,trailing_stop,45,1.007262936612955,186.08941253254582,194.68500418157242
B,2009-12-02,35.52713137947472,2009-12-07,31.683893819074985,8897,32.94293697389749,1.292097202788613,2.584194405577229,-34193.284574876416,-34372.67752223386,-1.487209148083142,stop_loss,5,-1.487209148083142,94.82546636495597,84.56748099249305
GLD,2009-11-04,107.21710999999999,2009-12-09,110.83905,5549,104.30743519594412,1.4548374020279373,2.909674804055868,20098.14506000005,19735.146970448048,1.2447920279445996,trailing_stop,35,1.2447920279445996,178.48432301699998,184.513766535
DVA,2009-11-05,29.274244999999997,2009-12-09,28.816155,20354,27.996814113077996,0.6387154434610016,1.2774308869220015,-9323.96385999997,-9678.67546047997,-0.3586025707455507,trailing_stop,34,-0.3586025707455507,178.754394819,175.957205661
PEP,2009-10-05,36.80018243899062,2009-12-14,37.51529376534213,16590,35.57141647881311,0.614382980088753,1.2287659601775047,11863.696904171575,11493.828779102612,0.5819752088902334,trailing_stop,70,0.5819752088902334,183.1545079988563,186.7136170701078
RGLD,2009-11-09,42.73690840679071,2009-12-14,41.761917012482975,7116,39.42830211026758,1.6543031482615649,3.3086062965231307,-6938.038761893849,-7118.426854398916,-0.294683412569308,trailing_stop,35,-0.294683412569308,91.23475206681681,89.15334043824866
AMZN,2009-10-26,5.966460499999999,2009-12-17,6.461532000000001,106309,5.599317048925681,0.18357172553715892,0.3671434510743179,52630.55609350018,52234.19385709543,1.3484415929287223,trailing_stop,52,1.3484415929287223,190.28653478834997,206.0757016164
PWRD,2009-07-21,29.401194553728008,2009-12-18,33.74176662489685,19836,26.59020610669033,1.4054942235188386,2.8109884470376763,86099.5876037051,85723.83647032334,1.544144400786526,trailing_stop,150,1.544144400786526,174.96062855032463,200.79050483143615
BP,2009-10-28,23.449355444669678,2009-12-18,23.249564929065283,12987,22.48443760881052,0.48245891792957896,0.9649178358591577,-2594.6794261542764,-2776.6230898223853,-0.20705443321658829,trailing_stop,51,-0.20705443321658829,91.36103374797753,90.58262992013125
DCI,2009-11-20,17.099195178838055,2009-12-18,16.406059618605017,35909,16.136584596595153,0.481305291121452,0.9626105822429025,-24889.80483240818,-25250.746890764596,-0.7200581138615973,trailing_stop,28,-0.7200581138615973,184.2044999030687,176.73755845334628
PG,2009-10-30,36.670927537783285,2010-01-04,37.79119531123104,16292,35.50676059962604,0.5820834690786219,1.1641669381572441,18251.402565010867,17887.461493374027,0.9622913490577438,trailing_stop,66,0.9622913490577438,179.23282543366957,184.70824620317285
NTRI,2009-12-09,20.1492179393453,2010-01-05,20.461384829589147,30562,18.65295493851852,0.7481315004133889,1.4962630008267794,9540.44449963248,9168.102127085229,0.2086310294856961,trailing_stop,27,0.2086310294856961,184.7401195986813,187.60225294857105
DPL,2009-11-06,24.328629616913652,2010-01-06,24.568423740975852,24849,23.468435856985323,0.4300968799641641,0.8601937599283289,5958.644188821617,5594.131325154558,0.2787675698579584,trailing_stop,61,0.2787675698579584,181.36263520520623,183.15022846185266
SLH,2009-11-05,33.7073041940709,2010-01-08,32.8113790199003,17677,31.853620666220863,0.9268417639250185,1.8536835278500376,-15837.269303813693,-16190.024532765703,-0.483321538283141,trailing_stop,64,-0.483321538283141,178.7532048715774,174.00202408043327
MELI,2009-11-06,42.46758771013081,2010-01-12,42.26656725055385,14235,38.870295347034286,1.79864618154826,3.5972923630965212,-2861.5262420780164,-3223.3834508376203,-0.05588104587749507,trailing_stop,67,-0.05588104587749507,181.3578333161136,180.4993754434902
MR,2010-01-12,36.78940545493323,2010-01-13,35.21767418048284,17788,34.699800341452146,1.0448025567405428,2.0896051134810847,-27957.95590992359,-28342.214489690024,-0.7521666482869757,stop_loss,1,-0.7521666482869757,196.3229832697057,187.93559649672864
YGE,2010-01-06,183.28309999999996,2010-01-14,172.42740000000003,3536,167.6075150698026,7.8377924650986825,15.675584930197374,-38385.755199999745,-38763.09289839975,-0.6925228020734051,stop_loss,8,-0.6925228020734051,194.42671247999996,182.91098592000003
HUM,2010-01-08,41.78620294400632,2010-01-14,40.78684183027224,15580,39.59268348658562,1.0967597287103479,2.193519457420699,-15570.046151977,-15955.992563251977,-0.4555971046225431,stop_loss,6,-0.4555971046225431,195.30871256028553,190.63769871469242
VECO,2009-12-09,31.3313,2010-01-19,33.49647,19655,28.76401396506915,1.2836430174654239,2.5672860349308486,42556.416350000065,42174.15940419506,0.8433692118994148,trailing_stop,41,0.8433692118994148,184.74501045,197.51193535500002
CENX,2009-12-17,14.114099999999999,2010-01-19,15.42456,43862,12.715702520443097,0.6991987397784512,1.3983974795569019,57479.39652000004,57090.70910852404,0.9371155334284749,trailing_stop,33,0.9371155334284749,185.72179626,202.96561521599997
NSC,2009-11-05,34.763204166099385,2010-01-22,34.79038717906232,17140,32.53225821335374,1.11547297637282,2.2309459527456426,465.9168421847309,108.27227548790935,0.01218452330926355,trailing_stop,78,0.01218452330926355,178.75239582208306,178.89217087473847
WAT,2009-11-06,59.099039999999995,2010-01-22,59.140800000000006,10229,56.35013862239056,1.3744506888047165,2.7489013776094353,427.1630400001092,64.32044299210924,0.015191523544699518,trailing_stop,77,0.015191523544699518,181.35722404799998,181.48537296
ANR,2009-12-18,43.723679999999995,2010-01-22,44.77518,7015,40.18053132958757,1.7715743352062119,3.543148670412421,7376.27250000003,7190.02664913003,0.2967699348268133,trailing_stop,35,0.2967699348268133,92.01648456,94.22936631
ANRZQ,2009-12-18,43.723679999999995,2010-01-22,44.77518,7015,40.18066108491124,1.7715094575443746,3.5430189150887514,7376.27250000003,7190.02664913003,0.2967808033770163,trailing_stop,35,0.2967808033770163,92.01648456,94.22936631
TTM,2010-01-05,16.728202573504383,2010-01-22,15.539853894054442,38227,15.808216885354302,0.45999284407504104,0.9199856881500814,-45427.0049693329,-45797.05826770851,-1.2917034414301458,stop_loss,17,-1.2917034414301458,191.84069993320563,178.21259844240575
IWD,2010-01-05,40.960092170550226,2010-01-22,40.39601762798986,7806,39.96538876339934,0.49735170357544406,0.9947034071508867,-4403.165879226191,-4593.685617152412,-0.5670781244994751,trailing_stop,17,-0.5670781244994751,95.92034384499453,94.59939408122665
OSK,2009-07-07,17.54405760627949,2010-01-25,28.802477343423632,32423,15.552546491458749,0.9957555574103709,1.9915111148207423,365031.74313742446,364580.9350266222,5.653204570820345,trailing_stop,202,5.653204570820345,170.64929393051997,280.1588168717473
CE,2009-10-28,21.82359553260945,2010-01-25,24.82736310355655,13954,20.154616052327118,0.8344897401411651,1.6689794802823315,41914.572684995845,41719.282441953124,1.7997630327000613,trailing_stop,89,1.7997630327000613,91.35793561860967,103.93230742410843
CTSH,2009-11-04,18.812077683007846,2010-01-25,19.87265211944499,31625,17.813652518923554,0.4992125820421456,0.998425164084292,33540.666552324656,33173.64517832389,1.0622473016391283,trailing_stop,82,1.0622473016391283,178.47958701753694,188.54178698323435
DHR,2009-12-18,23.45383845956362,2010-01-25,23.347028324457735,26158,22.633262192409962,0.41028813357682853,0.8205762671536583,-2793.93951409974,-3161.204636100669,-0.13016478709088,trailing_stop,38,-0.13016478709088,184.05165192757957,183.21347007334964
BMRN,2010-01-19,20.91089,2010-01-25,19.920060000000003,30416,19.911450752822194,0.4997196235889021,0.9994392471778042,-30137.08527999986,-30509.65953255986,-0.9913859224538967,trailing_stop,6,-0.9913859224538967,190.80768907200002,181.76656348800003
UNH,2010-01-19,26.797639064858657,2010-01-26,25.157714240381132,23735,25.420761331493097,0.6884388666827808,1.3768777333655606,-38923.61570897406,-39293.56380218402,-1.1910460781938765,trailing_stop,7,-1.1910460781938765,190.8125889613261,179.13550424863385
KRE,2010-01-22,17.386327812541154,2010-01-26,16.80804611503056,17991,16.56860218984239,0.40886281134938224,0.817725622698763,-10403.866019913092,-10588.423314312375,-0.70718304704954,stop_loss,4,-0.70718304704954,93.83922710262837,90.71806729665444
TM,2010-01-13,57.71027775362406,2010-01-27,52.70208575059471,11106,55.78213947151968,0.9640691410521937,1.9281382821043849,-55620.98038564396,-55988.85229836732,-2.5974236648438778,trailing_stop,14,-2.5974236648438778,192.27910341952463,175.59280930383147
BUCY,2009-11-06,50.51247656727083,2010-01-28,56.89118654050441,11968,45.65518843772211,2.4286440647743617,4.857288129548721,76340.40095965944,75954.77884763728,1.3132245407534033,trailing_stop,83,1.3132245407534033,181.3599958671292,204.26211615502703
TNL,2010-01-14,6.12024018724656,2010-01-28,5.981163831731754,105645,5.765618881390841,0.1773106529278594,0.35462130585571927,-14692.721578361705,-15076.257426637194,-0.3921827403438378,trailing_stop,14,-0.3921827403438378,193.97183237449886,189.56401590099034
SWK,2009-11-04,32.10373737307149,2010-01-29,33.75782518776751,18532,30.491936630427524,0.8059003713219823,1.6118007426439647,30653.555381946637,30287.391438733397,1.0262359179601122,trailing_stop,86,1.0262359179601122,178.4839382993283,187.68000491391226
UAL,2009-12-14,11.211199999999998,2010-02-01,12.33765,27710,10.135326312399261,0.5379368438003681,1.0758736876007369,31213.929500000053,31018.167909950054,1.0470095262874708,trailing_stop,49,1.0470095262874708,93.19870559999998,102.56288444999998
STX,2010-01-22,10.022922619721857,2010-02-01,8.895193463373424,62417,9.310552295841381,0.3561851619402384,0.7123703238804762,-70389.47075180017,-70743.71436726773,-1.5830658837743041,stop_loss,10,-1.5830658837743041,187.68022834655372,166.5633871210137
CVSA,2010-01-28,58.737328372609305,2010-02-01,56.859695488078685,10367,55.98657264986841,1.3753778613704504,2.750755722740898,-19465.420113928933,-19824.938417838057,-0.6825880135440436,stop_loss,4,-0.6825880135440436,182.6789649716522,176.83933893747354
ROK,2010-01-28,36.6816139471331,2010-02-01,34.7238086021512,16601,34.73277706130684,0.9744184429131313,1.9488368858262604,-32501.526532044514,-32857.14695796672,-1.004601954745862,stop_loss,4,-1.004601954745862,182.68544194090697,172.9349839812936
ISRG,2010-01-25,37.894485438809994,2010-02-02,36.45902354094,16242,36.07514814106942,0.9096686488702879,1.8193372977405744,-23314.772145204406,-23677.067053059134,-0.7890026218077784,stop_loss,8,-0.7890026218077784,184.64466974914558,177.65023810558424
DAL,2009-12-14,9.905526734957684,2010-02-05,9.799847241037815,62725,9.089039214531093,0.4082437602132957,0.8164875204265911,-6628.746256123774,-6999.55213091707,-0.12943185446931801,trailing_stop,53,-0.12943185446931801,186.39724933506622,184.4086254582291
CMA,2010-01-22,22.384987881898972,2010-02-05,20.660869795573504,27947,20.944015356709116,0.720486262594928,1.4409725251898564,-48183.92815853786,-48544.828933891564,-1.1964961553297526,stop_loss,14,-1.1964961553297526,187.67797690062918,173.2227984530678
CMA-WS,2010-01-22,36.086048999,2010-02-05,33.30666,8668,33.76227601037752,1.1618864943112412,2.32377298862248,-24091.743843331984,-24272.19264381298,-1.1960673493530902,stop_loss,14,-1.1960673493530902,93.8381618169996,86.61063866400002
FITB,2010-01-22,7.3712808374159495,2010-02-05,6.925625212556049,42435,6.798094676730437,0.28659308034275643,0.5731861606855126,-18911.396440929864,-19093.403203399033,-0.7775059054582023,trailing_stop,14,-0.7775059054582023,93.84009070072375,88.1666717684448
TGT,2010-01-27,32.7426618786149,2010-02-05,30.63491435131703,18656,31.460493885722943,0.6410839964459805,1.28216799289196,-39322.13786926915,-39676.849487912834,-1.6438934203495443,stop_loss,9,-1.6438934203495443,183.2541300022319,171.45748864145116
PXP,2010-01-28,34.91488,2010-02-05,31.85811,17441,32.347526299372376,1.28367685031381,2.5673537006276206,-53313.12556999994,-53662.50188557694,-1.190630647912959,stop_loss,8,-1.190630647912959,182.685126624,166.691188953
BRK-A,2010-01-29,111516.40499999998,2010-02-05,108151.74,5,106778.50410530645,2368.9504473467646,4737.9008946935355,-16823.324999999895,-17152.827217499897,-0.7101594302591713,trailing_stop,7,-0.7101594302591713,167.27460749999997,162.22761
BRK-B,2010-01-29,74.62454999999999,2010-02-05,72.17775,4048,71.51906571810169,1.5527421409491489,3.105484281898299,-9904.646399999927,-10082.923113119927,-0.7878964367207548,trailing_stop,7,-0.7878964367207548,90.62405351999998,87.6526596
EFX,2010-02-02,27.863161266009598,2010-02-05,26.343500680487953,21646,27.013611874616583,0.42477469569650805,0.8495493913930154,-32894.57303420154,-33246.58025554971,-1.788784267186445,stop_loss,3,-1.788784267186445,180.93779662921312,171.0694247189527
PNRA,2010-01-22,73.26319,2010-02-08,70.91901,8539,70.31124799308188,1.4759710034590579,2.9519420069181166,-20016.953019999954,-20386.30456173995,-0.7941145166491136,stop_loss,17,-0.7941145166491136,187.67831382299997,181.673227917
SPGI,2010-01-28,27.301751611395332,2010-02-08,26.032310558889304,22305,26.05132422218203,0.6252136946066524,1.2504273892133035,-28314.882676146965,-28671.767553159425,-1.0152057316216396,stop_loss,11,-1.0152057316216396,182.68967090765187,174.19520610480777
ALV,2010-02-02,23.209090204448927,2010-02-08,21.072483577301753,25987,21.8522866491824,0.6784017776332635,1.3568035552665272,-55523.996419673604,-55869.219997033506,-1.5747354278766346,stop_loss,6,-1.5747354278766346,180.94038814290425,164.2831892170022
SONY,2010-01-14,5.928881909995871,2010-02-09,5.883566601261012,109054,5.704584186811706,0.1121488615920823,0.22429772318416497,-4941.815678771362,-5328.274106755345,-0.20203196042989807,trailing_stop,26,-0.20203196042989807,193.97048634380693,192.4879416401755
UTHR,2009-12-18,52.45239999999999,2010-02-22,54.46548000000001,11696,49.77547672833233,1.338461635833832,2.676923271667661,23544.98368000019,23169.83022265619,0.7520125889696921,trailing_stop,66,0.7520125889696921,184.04498112,191.10847622400004
HUN,2010-02-22,7.978431535284131,2010-03-22,7.560399106826566,75189,7.434432851706976,0.27199934178857765,0.5439986835771551,-31431.4402632959,-31781.9450044408,-0.7684438236297244,trailing_stop,28,-0.7684438236297244,179.96708661194356,170.5376545329548
GPC,2010-02-17,24.921609641828898,2010-04-19,26.279174096283015,23748,23.934254314843457,0.4936776634927195,0.9873553269854405,32239.44066437637,31874.665800712566,1.3749502507866003,trailing_stop,61,1.3749502507866003,177.5515157322458,187.22334793155872
LBTYA,2010-01-26,5.143188291821036,2010-04-28,5.623904190507023,119655,4.831119939510313,0.15603417615536136,0.31206835231072283,57520.06085727177,57133.559921979875,1.5404186138277287,trailing_stop,92,1.5404186138277287,184.6224585173538,201.87847677453533
COL,2010-03-22,54.361663516296765,2010-04-28,56.70251402379192,11759,52.51171390356409,0.9249748063663364,1.8499496127326722,27526.061117635527,27134.260018527355,1.2653590624218913,trailing_stop,37,1.2653590624218913,191.7716403864401,200.02945872173078
TRA,2010-02-17,40.5839601234393,2010-04-30,45.71424,14583,37.478168740862806,1.5528956912882461,3.1057913825764913,74814.87143988468,74437.32544416466,1.6518430392142889,trailing_stop,72,1.6518430392142889,177.55076714403458,199.995228576
CAKE,2010-02-16,18.167588104485223,2010-05-03,20.931311107763996,32500,17.10132263341508,0.533132735535071,1.0662654710701425,89820.99760656014,89439.7833392407,2.5919652077873265,trailing_stop,76,2.5919652077873265,177.13398401873093,204.08028330069897
DRI,2010-02-17,21.769729671349968,2010-05-03,24.14515665873811,27186,20.82162906019813,0.474050305575918,0.9481006111518369,64578.35807913403,64203.885449203095,2.5054587661348116,trailing_stop,75,2.5054587661348116,177.54956125359604,196.92306867733626
AVY,2010-04-28,29.233474414932214,2010-05-03,27.570962612857432,23905,28.0352594868844,0.5991074640239077,1.1982149280478147,-39742.34462859766,-40149.71764874245,-1.3874904770076772,stop_loss,5,-1.3874904770076772,209.6478617666864,197.7251583781071
BC,2010-04-30,18.24276926093464,2010-05-05,16.317061226948148,19725,16.68843036903596,0.7771694459493401,1.5543388918986807,-37984.59097038356,-38189.0987672956,-1.2389241780048177,stop_loss,5,-1.2389241780048177,107.95158710158071,96.55620981046567
DLB,2010-05-03,51.90472602483666,2010-05-05,49.14455770014058,13736,49.808035388928126,1.048345317954268,2.096690635908537,-37913.67210802538,-38330.07599639926,-1.3164404311368743,stop_loss,2,-1.3164404311368743,213.8889950031469,202.5148933707393
EL,2009-11-06,17.773164571077636,2010-05-06,24.361001043912808,34014,16.769459206018716,0.50185268252946,1.00370536505892,224078.6697870155,223648.724334247,6.563516249062242,trailing_stop,181,6.563516249062242,181.3609259161904,248.58452685229508
EMR,2010-02-03,29.667577231098072,2010-05-06,31.458027266336494,20499,28.345691987474332,0.6609426218118699,1.3218852436237398,36702.435272352406,36326.53114237453,1.3544670718391452,trailing_stop,92,1.3544670718391452,182.4466996980838,193.45743027978955
CLB,2010-04-19,59.19170909450792,2010-05-06,59.947371091648165,11666,57.010642956643785,1.0905330689320665,2.1810661378641356,8815.552858638088,8398.589905802579,0.34646450376798077,trailing_stop,17,0.34646450376798077,207.1591434889588,209.80380934655022
AKAM,2010-04-30,39.66963,2010-05-06,37.98198,9071,37.46381406261381,1.1029079686930958,2.205815937386191,-15308.67314999998,-15519.986476292981,-0.7650910356554045,stop_loss,6,-0.7650910356554045,107.95296411899999,103.36036217399999
MTD,2010-05-03,126.70657999999999,2010-05-06,119.89998,5626,122.0118358459765,2.3473720770117383,4.694744154023482,-38293.93159999994,-38710.15415196794,-1.4498340647949064,stop_loss,3,-1.4498340647949064,213.85536572399997,202.36718624399998
DISCK,2010-05-03,16.846829999999997,2010-05-06,15.809175,42321,16.192295421576016,0.3272672892119895,0.6545345784239807,-43914.597254999884,-44329.207691281386,-1.5853325923567128,stop_loss,3,-1.5853325923567128,213.89240772899996,200.71802855250002
HNZ,2010-01-28,38.76913447939744,2010-05-07,40.56219776523953,15707,37.739112177587536,0.51501115090495,1.0300223018099004,28163.645030721786,27789.82786005183,1.7408004493605813,stop_loss,99,1.7408004493605813,182.68403858036868,191.13313208958522
TSN,2010-02-08,10.831825712832378,2010-05-07,13.64485409679607,53531,10.29081996514331,0.27050287384453453,0.5410057476890682,150584.2224219604,150191.14407789367,5.199627538117066,trailing_stop,88,5.199627538117066,173.951538670089,219.12680539667713
UAL,2010-02-10,15.265249999999998,2010-05-07,18.02196,38163,13.564528329177366,0.8503608354113167,1.7007216708226327,105204.32373000006,104823.22179143106,1.6209060231863757,trailing_stop,86,1.6209060231863757,174.77032072499995,206.33161784400002
RVBD,2010-02-16,13.343329999999998,2010-05-07,13.87611,44250,12.358134402025845,0.49259779898707634,0.9851955979741529,23575.51500000011,23214.176934000112,0.5407860135546203,trailing_stop,80,0.5407860135546203,177.13270574999996,184.20536025
AIZ,2010-04-30,26.511756648344576,2010-05-07,25.598693334127038,13573,25.446219289162272,0.5327686795911513,1.0655373591823043,-12393.00836387465,-12605.196905158275,-0.8569040835116519,stop_loss,7,-0.8569040835116519,107.95322189639427,104.23531938723188
SLXP,2010-05-05,41.67163,2010-05-07,38.361599999999996,16848,39.105593676408866,1.283018161795566,2.5660363235911348,-55767.38544000008,-56171.90539771208,-1.289938871702198,stop_loss,2,-1.289938871702198,210.62508667200004,193.89487103999997
NFLX,2010-01-29,0.8971811028179998,2010-05-10,1.373338198089,673543,0.8277673186586776,0.0347068920796611,0.0694137841593222,320712.2784201153,320253.49070566805,6.859690780985218,trailing_stop,101,6.859690780985218,181.2870154606032,277.50069898663776
DNDN,2010-02-12,30.860829999999996,2010-05-10,47.152800000000006,19082,28.81230443032008,1.0242627848399584,2.048525569679917,310883.3715400002,310436.7747137022,7.953022525633222,trailing_stop,87,7.953022525633222,176.66590741799996,269.93091888000004
IEF,2010-05-07,64.30756858367032,2010-05-13,63.7741665897057,10466,63.57497105441113,0.36629876462959393,0.7325975292591878,-5582.58526883368,-5984.736300931047,-0.7280969054099868,trailing_stop,6,-0.7280969054099868,201.9129038390081,200.23812825835793
DHR,2010-05-13,27.543913575960907,2010-05-18,26.778069905584893,25364,26.27010255410502,0.6369055109279447,1.273811021855888,-19424.85885541723,-19838.20569212501,-0.601222361273192,stop_loss,5,-0.601222361273192,209.58714718220173,203.75968952557656
CPT,2010-05-13,27.948019674243874,2010-05-18,26.523904367517943,12498,26.048384442627512,0.9498176158081805,1.8996352316163616,-17798.59310346068,-18002.83013546286,-0.7496782977193885,stop_loss,5,-0.7496782977193885,104.78830496660999,99.44872703557178
FIS,2010-05-07,21.51285581698584,2010-05-19,20.363644085705133,31286,20.472049809328045,0.5204030038288977,1.040806007657796,-35954.23822484824,-36347.28267763492,-1.1041555513950825,stop_loss,12,-1.1041555513950825,201.9153621270657,191.1290906596112
ICE,2010-05-11,20.917256460945097,2010-05-19,19.4266073531443,32498,19.561436395651146,0.6779100326469761,1.3558200652939512,-48443.11470531036,-48836.443171179446,-1.099444643104331,stop_loss,8,-1.099444643104331,203.93070014033813,189.39776572874504
MGA,2010-05-07,11.487893326571761,2010-05-20,11.013040101834001,58588,10.812471965647712,0.3377106804620246,0.6754213609240498,-27820.700730935903,-28216.186137246936,-0.7030473896888745,trailing_stop,13,-0.7030473896888745,201.91580826515587,193.56959804587513
EGO,2010-05-07,76.55392367645446,2010-05-20,74.60106995335964,8791,71.28985088556104,2.6320363954467103,5.264072790893422,-17167.537079726553,-17566.17814442646,-0.3709777202308365,trailing_stop,13,-0.3709777202308365,201.89566291191335,196.74540178799538
VTR,2010-05-11,21.221935385863166,2010-05-20,19.7113425826063,32031,19.839662730010897,0.6911363279261344,1.3822726558522689,-48385.79808112069,-48779.138229103104,-1.0928327322842677,stop_loss,9,-1.0928327322842677,203.92794370337492,189.41220427903872
NEM,2010-05-12,41.51574195371762,2010-05-20,37.6520950214619,16502,39.04993115175856,1.2329054009795333,2.4658108019590657,-63757.90167608387,-64149.829969813196,-1.566887017116676,stop_loss,8,-1.566887017116676,205.52783211607448,186.40046161324932
GLD,2010-05-12,121.40127999999999,2010-05-20,116.02386,2821,118.09432709523536,1.653476452382313,3.3069529047646284,-15169.701819999962,-15370.634715981962,-1.6260951258943686,stop_loss,8,-1.6260951258943686,102.74190326399999,98.190992718
PAAS,2010-05-13,21.408991818421047,2010-05-20,18.880523905647163,16316,19.994291089353204,0.7073503645339214,1.4147007290678424,-41254.48246481869,-41451.691586384855,-1.7872811265460447,stop_loss,7,-1.7872811265460447,104.79273315280734,92.41638841336174
PRGO,2010-02-03,33.37656643013945,2010-05-21,40.657941083673585,18221,31.860842829497745,0.757861800320851,1.515723600641703,132673.92756204552,132269.23273362278,4.8038934344305675,trailing_stop,107,4.8038934344305675,182.44632507707126,222.24850334568495
RMD,2010-02-08,22.82250245140766,2010-05-21,24.749965687445382,25406,21.778302281229596,0.5221000850890319,1.0442001701780654,48969.13097477432,48606.54313711361,1.8458752364587663,trailing_stop,102,1.8458752364587663,173.9485491841389,188.6392884765712
TIBX,2010-05-13,12.072059999999999,2010-05-21,10.94904,57872,11.322273064417956,0.37489346779102123,0.7497869355820423,-64991.41343999992,-65391.09656975992,-1.4977854997276312,stop_loss,8,-1.4977854997276312,209.59027689599998,190.092852864
KDP,2010-05-13,4.506319260492667,2010-05-21,4.165565589885791,155036,4.270523873000018,0.11789769374632435,0.23579538749264906,-52829.08607620765,-53232.42237810663,-1.4451244115939255,stop_loss,8,-1.4451244115939255,209.59251386092237,193.74378803806002
DPS,2010-05-13,30.897853597615224,2010-05-21,28.561455215746122,11305,29.28110810302714,0.8083727472940427,1.6167454945880841,-26412.983707030206,-26614.639952870722,-1.4451244117828033,stop_loss,8,-1.4451244117828033,104.79007047631204,96.86617536420296
AKAM,2010-05-18,41.88184,2010-05-21,36.51345,8080,38.70698677176865,1.587426614115675,3.174853228231349,-43376.59119999998,-43566.62138295998,-1.6909096622997677,stop_loss,3,-1.6909096622997677,101.52158016,88.50860279999999
NAV-P-D,2010-05-12,54.023971001,2010-05-26,52.137809001,12681,49.865262527687605,2.0793542366561977,4.1587084733123945,-23918.420321999984,-24322.291581661593,-0.45354513597287055,stop_loss,14,-0.45354513597287055,205.52339287910428,198.34786678250433
NAV,2010-05-12,54.02396999999999,2010-05-26,52.137809999999995,6340,49.865362911209665,2.079303544395164,4.158607088790326,-11958.25439999998,-12160.17410555998,-0.4535557122201346,stop_loss,14,-0.4535557122201346,102.75359094,99.16611462
VRSN,2010-05-19,23.359448610101534,2010-05-26,22.139595689950372,28590,21.944569912672897,0.707439348714319,1.4148786974286374,-34875.594987121716,-35265.840290083266,-0.862160779131165,stop_loss,7,-0.862160779131165,200.35399072884087,189.89131223270434
FDO,2010-05-20,38.36232268037003,2010-06-04,35.67040537070018,17250,36.579005486349814,0.8916585970101082,1.7833171940202135,-46435.57359180487,-46818.69295946916,-1.5095000029699344,stop_loss,15,-1.5095000029699344,198.5250198709149,184.59434779337343
THOR,2010-06-03,45.525479999999995,2010-06-09,42.567389999999996,14237,41.91946703697968,1.803006481510156,3.606012963020312,-42114.32732999998,-42490.58078705698,-0.8203215103038264,stop_loss,6,-0.8203215103038264,194.44387762799997,181.80957942900002
UHS,2010-05-18,38.95375312293091,2010-06-23,36.26019182810909,17376,36.20198165084352,1.3758857360436973,2.751771472087391,-46803.32105882393,-47195.39631106472,-0.9788462894335423,trailing_stop,36,-0.9788462894335423,203.05812427921427,189.01712796156707
GIS,2010-06-18,22.385670463658006,2010-06-23,21.59509826636749,29308,21.675192865044355,0.355238799306825,0.7104775986136502,-23170.08995819043,-23556.786469172308,-1.112733461031218,stop_loss,5,-1.112733461031218,196.82376898466666,189.87274199720952
SKX,2010-06-21,14.978281688369998,2010-06-23,13.85944614054,21919,13.687726150024387,0.6452777691728053,1.290555538345611,-24523.756372885746,-24713.38461977031,-0.8669410301119288,stop_loss,2,-0.8669410301119288,98.4926868982146,91.13555998634887
THOR,2010-06-17,47.42738,2010-06-24,44.24571,13886,43.839067627691534,1.7941561861542343,3.588312372308465,-44180.66961999996,-44562.56137832196,-0.8866758715192726,stop_loss,7,-0.8866758715192726,197.57297960399998,184.318778718
PXD,2010-06-04,51.41114716121309,2010-06-25,50.42686605748426,6296,46.91077757344024,2.250184793886424,4.500369587772845,-6197.033829076687,-6389.385468444162,-0.21871117127869702,trailing_stop,21,-0.21871117127869702,97.10537475809927,95.24626460937627
ICE,2010-06-17,21.163201176450077,2010-06-25,19.687401502917282,31119,19.712054682184814,0.7255732471326322,1.451146494265263,-45925.410040667026,-46306.77901210079,-1.016988759828837,stop_loss,8,-1.016988759828837,197.573297222985,183.79567421078485
CLB,2010-06-21,65.45645428219136,2010-06-25,62.553778530434315,5015,61.789828918038324,1.8333126820765187,3.6666253641530346,-14556.918895061579,-14749.510290328175,-0.7916477587634707,stop_loss,4,-0.7916477587634707,98.4792354675569,94.11215979903844
BAP,2010-06-17,56.67825164648233,2010-06-28,54.69718467201125,5809,53.92182670025002,1.3782124731161542,2.7564249462323076,-11508.018054702525,-11702.112027574763,-0.7187088395709658,stop_loss,11,-0.7187088395709658,98.77318914432476,95.320783727914
SM,2010-06-03,39.89510537055014,2010-06-29,36.745983560164504,16246,36.233097852783175,1.8310037588834835,3.662007517766966,-51160.632931525055,-51534.16627075557,-0.8599441140158885,trailing_stop,26,-0.8599441140158885,194.44076455498728,179.09257467552976
VMW,2010-06-04,48.1297636148059,2010-06-30,44.5540118001199,13451,44.28372377600549,1.9230199194002093,3.846039838800415,-48097.4376593414,-48471.444498273246,-0.9297230305865168,trailing_stop,26,-0.9297230305865168,194.21803511482625,179.78880381702385
MELI,2010-06-16,57.97824845670765,2010-06-30,52.47985823761347,5666,52.73316242791006,2.6225430143987922,5.245086028797587,-31153.878981387603,-31341.635671146607,-1.0482936197625452,stop_loss,14,-1.0482936197625452,98.55142672671165,89.20526303229538
TCOM,2010-06-16,20.926833955536182,2010-06-30,19.094877348111027,31397,19.01295891703288,0.9569375192516517,1.9138750385033028,-57517.94160332761,-57894.91010426779,-0.9571976072470177,stop_loss,14,-0.9571976072470177,197.11194171059086,179.85655922959256
FFIV,2010-06-17,75.35528,2010-06-30,69.03089999999999,4369,69.28251973679949,3.0363801316002563,6.072760263200507,-27631.21622000002,-27820.46318612602,-1.041434162702627,stop_loss,13,-1.041434162702627,98.768165496,90.47880062999998
NTAP,2010-05-28,27.658212549320695,2010-07-01,27.595612126812586,23308,25.451635318348313,1.1032886154861905,2.206577230972382,-1459.0906478189875,-1845.4474914843818,-0.028369921355765042,trailing_stop,34,-0.028369921355765042,193.39728542987004,192.95955823552433
MCK,2010-05-13,60.908267997309984,2010-07-02,59.301873235739144,11470,57.96130100699743,1.4734834951562776,2.9469669903125535,-18425.347915217535,-18838.991011200455,-0.5451010367104474,stop_loss,50,-0.5451010367104474,209.58535017874365,204.05774580417838
OVTI,2010-06-17,21.901879999999995,2010-07-07,21.16881,30069,19.828353634002514,1.0367631829987398,2.0735263659974805,-22042.68182999983,-22431.20960328283,-0.35353782426940455,trailing_stop,20,-0.35353782426940455,197.57028891599995,190.95748436700003
CMG,2010-02-16,2.1165144,2010-07-20,2.5664309999999997,278974,1.993520608165982,0.061496895917008874,0.12299379183401782,125515.03356839997,125123.1075653941,3.6580431686110617,trailing_stop,154,3.6580431686110617,177.13574646768,214.7902565382
OVTI,2010-07-27,25.045019999999997,2010-07-30,22.347630000000002,25204,22.401557937309857,1.321731031345071,2.6434620626901406,-67985.01755999988,-68343.36286517988,-1.0204004960279152,stop_loss,3,-1.0204004960279152,189.37040522399997,168.97489995600003
HRL,2010-07-27,7.691116140314942,2010-07-30,7.349712026036788,82073,7.459935428604265,0.11559035585533843,0.23118071171067722,-28020.059871150923,-28390.393638180016,-1.4767845974339817,stop_loss,3,-1.4767845974339817,189.36989249522045,180.96387453387518
MCHP,2010-07-27,10.579649119734995,2010-07-30,9.999119650525524,29832,10.027789986477877,0.2759295666285585,0.5518591332571177,-17318.355125456957,-17502.52687444328,-1.0519522722821297,stop_loss,3,-1.0519522722821297,94.6836277619803,89.48812122434322
CAVM,2010-07-27,31.281249999999996,2010-07-30,26.183790000000002,10089,29.058137683473195,1.1115561582634008,2.2231123165268016,-51428.27393999995,-51602.20337656795,-2.2929385807928164,stop_loss,3,-2.2929385807928164,94.67895937499998,79.25047719300001
SWKS,2010-07-27,15.128514878593691,2010-07-30,13.96337269408502,20862,13.970131110581308,0.5791918840061913,1.1583837680123832,-24307.196253219892,-24489.27074078226,-1.0058343501375924,stop_loss,3,-1.0058343501375924,94.68332321916648,87.3911643432005
MELI,2010-07-27,63.497676827476724,2010-08-02,60.29229977934078,9941,58.4095177882078,2.5440795196344603,5.088159039268923,-31864.653235519414,-32233.832082753925,-0.629967936025148,stop_loss,6,-0.629967936025148,189.36912160258382,179.80972563192802
CMS,2010-07-28,9.71943558203116,2010-08-02,9.464435896418914,32287,9.329149531618997,0.19514302520608165,0.390286050412163,-8233.174849362582,-8418.991746889998,-0.653366128107711,stop_loss,5,-0.653366128107711,94.14342499111201,91.67347253630324
DTE,2010-07-28,23.749443121483793,2010-08-02,22.628602309095708,13213,22.86860237451582,0.440420373483987,0.8808407469679729,-14809.669654083767,-14993.507588366041,-1.2724670336224109,stop_loss,5,-1.2724670336224109,94.14041758924961,89.69751669302448
RVBD,2010-08-03,18.768749999999997,2010-08-12,16.4835,16632,17.424505630802773,0.6721221845986113,1.3442443691972237,-38008.27799999996,-38184.17262659996,-1.7000257188093995,stop_loss,9,-1.7000257188093995,93.64855499999999,82.24607160000001
CNI,2010-08-04,24.15266659677966,2010-08-12,22.212279634648628,12922,22.965474900564793,0.5935958481074333,1.1871916962148674,-25073.680324657205,-25253.41867521796,-1.6344344121657721,stop_loss,8,-1.6344344121657721,93.63022732907604,86.10812323167887
MGA,2010-08-09,13.040997474960738,2010-08-12,11.836506629169785,24171,12.208379003967178,0.41630923549678,0.8326184709935607,-29113.74823361314,-29294.142479123424,-1.4466299845037534,stop_loss,3,-1.4466299845037534,94.5641849901828,85.83006052009885
BN,2010-08-10,4.985543744223243,2010-08-12,4.6458753359935185,63514,4.741639252478139,0.12195224587255213,0.24390449174510387,-21573.69928030271,-21757.218265740976,-1.392628753162529,stop_loss,2,-1.392628753162529,94.99554761117851,88.5234378270877
BAP,2010-07-27,59.56530008968351,2010-08-13,57.755230437933626,5298,56.7962280331782,1.3845360282526542,2.7690720565053084,-9589.749014970888,-9776.218266191483,-0.6536737270875763,stop_loss,17,-0.6536737270875763,94.67308796254298,91.7961632580517
CROX,2010-08-09,14.094079999999998,2010-08-13,13.16682,22365,12.77153740438864,0.6612712978056793,1.322542595611358,-20738.169899999968,-20921.076908549967,-0.7011191950088865,stop_loss,4,-0.7011191950088865,94.56422975999998,88.34277879000001
VMED,2010-07-29,19.91927347556743,2010-08-16,19.948227851449314,15602,18.74725497682406,0.5860092493716855,1.1720184987433697,451.7461725091609,265.1423457979263,0.024704708938407642,trailing_stop,18,0.024704708938407642,93.23415142974092,93.36967528149367
PPLI,2010-07-29,3.3902210837027487,2010-08-16,3.217967569889439,91672,3.222512297844427,0.08385439292916083,0.16770878585832172,-15790.824118293724,-15972.559879369355,-1.027098925865621,stop_loss,18,-1.027098925865621,93.23650415555952,88.49925692007139
IACI,2010-07-29,23.196178688259643,2010-08-16,22.017605613926612,13398,22.048466796652463,0.5738559458035905,1.1477118916071802,-15790.522049913943,-15972.25433453815,-1.0268893116395563,stop_loss,18,-1.0268893116395563,93.23472061959082,88.49756400461662
AZN,2010-07-27,27.533878644095328,2010-08-23,28.438240685046345,22925,26.33834505192123,0.5977667960870484,1.1955335921740975,20732.499788802077,20347.551538115906,0.7564505479987562,trailing_stop,27,0.7564505479987562,189.3642503747656,195.58400031140624
XLU,2010-07-28,9.095570182546265,2010-08-23,8.905410562671944,34502,8.801704938083658,0.14693262223130307,0.29386524446260687,-6560.887204903798,-6747.2081562052535,-0.6470980269274997,stop_loss,26,-0.6470980269274997,94.14460873146336,92.17634256999223
BBD,2010-07-29,3.404184458146827,2010-08-25,3.193255171835737,91296,3.2065180961695243,0.09883318098865132,0.1976663619773027,-19257.00012305728,-19437.69607759495,-1.0670975283862933,stop_loss,27,-1.0670975283862933,93.2365272872918,87.45942725037462
TRW,2010-08-06,36.54650999999999,2010-08-25,33.67629,8607,33.15108370600433,1.6977131469978322,3.395426293995662,-24703.983539999906,-24885.30583187991,-0.8453194831752269,trailing_stop,19,-0.8453194831752269,94.36674347099996,86.95554840900002
CMI,2010-07-28,54.2178913543817,2010-08-26,50.84581805882215,5788,50.01556620734175,2.1011625735199755,4.20232514703995,-19517.56023469869,-19699.992859723778,-0.8024303635654624,stop_loss,29,-0.8024303635654624,94.14394654774839,88.28867847733878
HDB,2010-07-28,6.787617780287404,2010-08-27,6.809389265885386,46233,6.414249306473872,0.18668423690676594,0.37336847381353166,1006.5610936515238,817.9719656218119,0.05831099068330989,trailing_stop,30,0.05831099068330989,94.14357985080825,94.4455481789037
CTSH,2010-08-04,26.574770274944214,2010-08-30,25.523663988659653,11744,24.921337184726035,0.8267165451090902,1.6534330902181793,-12344.192226125888,-12527.745429723416,-0.6357114131215689,stop_loss,26,-0.6357114131215689,93.62823063268345,89.9249729648457
EMB,2010-07-28,50.6274774596062,2010-09-09,51.769491232164654,12397,50.15964575591768,0.2339158518442593,0.46783170368851756,14157.544738407189,13776.720172145624,2.441078198750741,trailing_stop,43,2.441078198750741,188.28865142002138,192.53591484154356
EW,2010-06-03,8.90055833336642,2010-09-14,9.50382,72823,8.407199434279834,0.24667944954329352,0.49335889908658714,43931.32434925708,43529.24573624585,1.222764335964076,trailing_stop,103,1.222764335964076,194.44960785322286,207.62900515799998
FDS,2010-09-14,69.64259037744016,2010-09-23,66.95624156024496,4534,67.16560122904087,1.238494574199643,2.4769891483992836,-12179.905537163017,-12365.707268364657,-1.084521835281841,stop_loss,9,-1.084521835281841,94.72785143139411,91.0738797702452
BEAV,2010-09-14,22.595256214456956,2010-09-29,21.553694166225238,13977,21.127492026128845,0.7338820941640549,1.4677641883281112,-14557.912748134724,-14743.033711975962,-0.7096249223917447,stop_loss,15,-0.7096249223917447,94.74416883283946,90.37679500839906
CCEP,2010-09-13,20.207203402815317,2010-10-05,14.68909143526077,31036,19.47963969277483,0.36378185502024474,0.7275637100404886,-171260.12302502288,-171585.03544700125,-7.584369439272151,stop_loss,22,-7.584369439272151,188.14522944293287,136.767192535426
CNQR,2010-09-14,50.150099999999995,2010-10-07,47.77218,6297,47.776254481581134,1.1869227592094314,2.373845518418861,-14973.762239999975,-15158.747219147974,-1.0017164055325087,stop_loss,23,-1.0017164055325087,94.73855391,90.246425238
RVBD,2010-09-14,22.072049999999997,2010-10-08,21.34863,14308,20.4949047994126,0.7885726002936996,1.577145200587399,-10350.693359999961,-10537.07228683196,-0.4586895358338367,trailing_stop,24,-0.4586895358338367,94.74206741999998,91.636859412
IBN,2010-09-14,7.323674891149435,2010-10-20,7.71424413270478,86248,6.99964359343173,0.16201564885885228,0.32403129771770445,33685.815945665454,33296.71881367464,1.2053441883740779,trailing_stop,36,1.2053441883740779,189.49569360355693,199.6014383872566
INFY,2010-09-14,5.483937293327136,2010-10-20,5.7222154839438995,115182,5.274049643111968,0.10494382510758408,0.2098876502151681,27445.35855162005,27058.13442486256,1.1352654163905813,trailing_stop,36,1.1352654163905813,189.49525959600186,197.72886716148787
CLB,2010-09-13,72.13631683576253,2010-10-21,70.82375494709699,8694,69.09852848349934,1.5188941761315928,3.037788352263192,-11411.41306005822,-11784.281519282275,-0.4320781227855015,trailing_stop,38,-0.4320781227855015,188.14594157103582,184.72251765301837
BMS,2010-10-05,25.671172975578024,2010-10-29,24.933846301411112,12553,24.8194146824246,0.4258791465767124,0.8517582931534236,-9255.661740817246,-9446.23518291246,-0.8656524745267147,stop_loss,24,-0.8656524745267147,96.67507030872929,93.8983717864841
CMS,2010-08-09,10.113992013531503,2010-11-15,10.979516776396409,31167,9.687287191552175,0.21335241098966443,0.42670482197932813,26975.81028421053,26778.583867673824,2.028392270914709,trailing_stop,98,2.028392270914709,94.5668367257209,102.65957981098406
VWO,2010-09-30,29.323076168352618,2010-11-15,30.458433521435893,11301,28.487939807372502,0.41756818049005817,0.8351363609801155,12830.673447194096,12627.996194892805,1.3594873916767567,trailing_stop,46,1.3594873916767567,99.41402513356589,103.26322716772412
BEAV,2010-10-07,22.772279531669888,2010-11-15,24.380408155204737,14339,21.321285681164035,0.725496925252926,1.4509938505058528,23058.956332866204,22856.119616243577,1.1082945823472756,trailing_stop,39,1.1082945823472756,97.95951486138435,104.87720176124421
BND,2010-05-07,49.93574867870947,2010-11-16,51.56491872452131,6739,49.53074932118622,0.20249967876162617,0.404999357523252,10978.97693872599,10773.77303943688,4.022648469802339,trailing_stop,193,4.022648469802339,100.95510310374694,104.24879618536474
TTM,2010-08-11,20.196468588433152,2010-11-17,29.552773393878297,15629,19.10069142596608,0.5478885812335358,1.0957771624670727,146229.68780430217,145996.42853341973,8.53851049822942,trailing_stop,98,8.53851049822942,94.69518227058653,138.56408861187717
JNPR,2010-11-15,27.34328542194754,2010-11-17,25.790452899681465,25653,25.835664658805314,0.753810381571114,1.5076207631422278,-39834.81269369165,-40243.72463044108,-1.0299888143153566,stop_loss,2,-1.0299888143153566,210.43119027876608,198.48074647065857
BBD,2010-09-14,3.5269823516160566,2010-11-24,3.7636015336076154,179092,3.3615617112006513,0.0827103202077026,0.16542064041540527,42376.602541232256,41984.89696648051,1.4304090553473823,trailing_stop,71,1.4304090553473823,189.49629699468682,202.2092777570565
DG,2010-11-24,28.889438296517646,2010-12-06,27.471892869901634,24372,27.394546511981083,0.7474458922682823,1.4948917845365628,-34548.417137485456,-34960.50864644184,-0.9482595605109109,stop_loss,12,-0.9482595605109109,211.22801704881843,200.86349190757278
BIDU,2010-02-11,48.22818,2010-12-17,99.93996,12070,44.969621131484516,1.6292794342577437,3.258558868515486,624161.1845999999,623624.6677650599,15.869524561806836,trailing_stop,309,15.869524561806836,174.63423978,361.88259516
CTAS,2010-12-17,6.079616645962057,2010-12-27,5.833787194297262,60174,5.840050535392949,0.11978305528455387,0.2395661105691076,-14792.541424477373,-15007.604573282502,-1.0261445205284183,stop_loss,10,-1.0261445205284183,109.75045561623625,105.31269318889302
PII,2010-10-20,24.50657035367152,2011-01-05,25.413988059908267,26641,23.201577699343744,0.6524963271638887,1.3049926543277763,24174.515111853154,23775.5350328443,0.6953431524901359,trailing_stop,77,0.6953431524901359,195.8638622376489,203.11621677120485
DKS,2010-11-17,22.753488562262604,2011-01-07,24.121333338012647,30002,21.45594335758151,0.648772602340546,1.297545204681093,41038.07896205281,40616.17744005719,1.0541788993673085,trailing_stop,51,1.0541788993673085,204.7950491535008,217.10647284211666
ROK,2011-01-04,55.272885206892774,2011-01-07,53.6820705873697,6686,53.40342737287511,0.9347289170088338,1.8694578340176662,-10636.186546131265,-10854.728396463395,-0.8509497195260302,stop_loss,3,-0.8509497195260302,110.86635314798554,107.67549718414615
BBWI,2010-10-08,10.801391437887137,2011-01-10,11.758584894726338,30099,10.159718188192848,0.32083662484714426,0.6416732496942892,28810.565857403122,28606.85603911252,1.491714758711283,trailing_stop,94,1.491714758711283,97.53332426668948,106.1764940239104
KO,2010-10-21,18.999804779922695,2011-01-12,19.78196401025557,17329,18.61765268363291,0.19107604814489165,0.38215209628978286,13554.037302438415,13352.422521028915,2.0467223336641633,trailing_stop,83,2.0467223336641633,98.7742851093841,102.84049630011562
HAS,2010-02-09,20.62248200076628,2011-01-13,27.06713296667305,28024,19.61831421710298,0.502083891831649,1.0041677836632985,180604.89866857135,180203.96253761707,6.417902536562244,trailing_stop,338,6.417902536562244,173.37733067684223,227.55880027741367
HLF,2010-08-04,12.745571664070187,2011-01-20,14.861132962093565,24487,12.009883160827943,0.36784425162112233,0.735688503242244,51803.749504698455,51600.9478918442,2.875620984560603,trailing_stop,169,2.875620984560603,93.630244001426,109.17136885283554
SINA,2011-01-12,84.63454999999999,2011-01-21,81.52839,8870,79.07108535443135,2.7817323227843245,5.563464645568644,-27551.6391999999,-27993.7987833399,-0.5583139640285261,stop_loss,9,-0.5583139640285261,225.21253755,216.94704578999998
ARUN,2010-06-04,13.883869999999998,2011-01-26,21.22875,46630,12.483060973809243,0.7004045130953778,1.400809026190755,342491.75440000015,342000.5639588202,5.243312873256582,trailing_stop,236,5.243312873256582,194.22145743,296.96898375000006
DDS,2011-01-21,29.417496965527725,2011-01-26,27.6777195363288,24975,27.487979907349942,0.9647585290888914,1.9295170581777832,-43450.941294243115,-43878.727203883274,-0.9016647050749332,stop_loss,5,-0.9016647050749332,220.4105960142165,207.37531362594356
CHRW,2010-07-29,45.49999481186707,2011-01-31,53.44292084938264,6830,43.364328900595375,1.0678329556358477,2.135665911271694,54250.18483623134,54047.45080204144,3.719180043842115,trailing_stop,186,3.719180043842115,93.22948936951562,109.50454482038504
CEO,2010-09-14,129.77630505180787,2011-01-31,152.09766509074473,2433,124.37416036059231,2.7010723456077748,5.402144691215554,54307.86897473338,54102.12916392633,4.131944128640926,trailing_stop,139,4.131944128640926,94.72372505731457,111.01608574973459
GWW,2010-09-14,89.5517916649283,2011-01-31,102.2264596124829,3526,86.00165396950041,1.7750688477139493,3.5501376954278925,44690.87918307751,44488.01614887626,3.570190520744559,trailing_stop,139,3.570190520744559,94.72788522316117,108.13514897808442
CIEN,2010-12-17,20.94092,2011-02-01,22.197779999999998,34940,19.652418886002902,0.6442505569985489,1.2885011139970963,43914.688399999985,43462.50854659999,0.9754434717569301,trailing_stop,46,0.9754434717569301,219.50272343999998,232.67712996
XLE,2011-02-01,21.935225719620767,2011-02-02,22.058326974626606,16882,21.31736100325222,0.3089323581842742,0.6178647163685476,2078.1953870085704,1855.3856400332852,0.19923658325945034,stop_loss,1,0.19923658325945034,111.09314417959132,111.7166027956939
RDS-B,2011-02-02,41.2138231099018,2011-02-04,39.47990551930814,9183,39.94260389149658,0.635609609202612,1.2712192184052213,-15922.565234421605,-16144.868387422215,-1.3639800008443146,stop_loss,2,-1.3639800008443146,113.53996128546846,108.76319171514199
CSC,2011-02-04,37.32247229187546,2011-02-10,32.2582657947489,10119,36.182252136000315,0.5701100779375714,1.1402201558751415,-51244.70554442362,-51455.93179103319,-4.441428675885559,stop_loss,6,-4.441428675885559,113.2998291364463,97.92641747311924
NVDA,2011-01-13,0.5294456815677101,2011-02-11,0.5201532321552084,1417827,0.4941398496584783,0.017652915954615902,0.03530583190923181,-13175.085673179097,-13621.530576893205,-0.26319870995794137,trailing_stop,29,-0.26319870995794137,225.1987147080305,221.2461890060768
GNTX,2010-12-06,10.028315288399476,2011-02-24,11.502105713373473,72783,9.465298827124318,0.2815082306375792,0.5630164612751578,107266.8885008824,106796.77391135079,2.6176684454945707,trailing_stop,80,2.6176684454945707,218.9672614906737,251.14732804093845
EAT,2011-01-26,18.014678514468525,2011-02-24,17.60204745418738,40759,17.052627611521,0.4810254514737623,0.9620509029475244,-16818.429385999105,-17253.940026126038,-0.4289077210123986,stop_loss,29,-0.4289077210123986,220.27808447136678,215.23255565556707
DOV,2011-01-31,31.89323901830298,2011-02-24,32.452126706816735,23117,30.52834278716799,0.6824481155674957,1.364896231134992,12919.806695372428,12473.56514953215,0.40947265862768545,trailing_stop,24,0.40947265862768545,221.18280191583298,225.05874392444474
WFM,2011-02-11,27.002393248735004,2011-02-24,25.84980308293449,28856,25.648792015569448,0.6768006165827785,1.3536012331655556,-33259.14182433965,-33716.67271754364,-0.8514990512420316,stop_loss,13,-0.8514990512420316,233.75431787564918,223.77657532834726
DHR,2011-02-11,32.00774564857788,2011-02-24,31.03675665784674,12171,30.86031719438609,0.5737142270958948,1.1474284541917896,-11817.907006188705,-12048.101397460154,-0.8462305315716371,trailing_stop,13,-0.8462305315716371,116.8698816866524,113.3245095847958
IDCC,2011-01-05,34.64570249945928,2011-02-25,35.668471727562086,21247,31.692362573196466,1.4766699631314086,2.9533399262628173,21730.777789500247,21282.588211559792,0.3463093492922178,trailing_stop,51,0.3463093492922178,220.83517230180342,227.3544056386535
DIA,2011-01-24,86.0765991860797,2011-02-25,87.99021000042475,4230,84.80312614578403,0.6367365201478367,1.27347304029567,8094.573744679556,7873.6829638218815,1.5026708487686193,trailing_stop,32,1.5026708487686193,109.23120436713513,111.65957649053901
HOG,2011-01-26,27.728942456905983,2011-03-02,27.731698047444603,26480,26.449318197833932,0.6398121295360261,1.279624259072051,72.96803746264175,-367.6112907039193,0.0021534372446312335,trailing_stop,35,0.0021534372446312335,220.27871887766113,220.30060928889992
PPO,2011-02-25,57.44738999999999,2011-03-08,54.60534,13211,52.86947706020272,2.288956469898635,4.577912939797272,-37546.32254999991,-37990.42113480891,-0.6208178349774057,stop_loss,11,-0.6208178349774057,227.68124078699998,216.417344022
PH,2010-10-20,58.23747522787264,2011-03-11,65.22455109188438,5605,55.31727806110279,1.4600985833849276,2.920197166769853,39162.56021778578,38954.958820529115,2.392672639889046,trailing_stop,142,2.392672639889046,97.92631459566786,109.67508266100357
ETN,2010-10-21,28.877569572498505,2011-03-11,34.311631465250166,11401,27.622989189210895,0.6272901916438048,1.2545803832876103,61953.73963926169,61737.61361495228,4.331378017016157,trailing_stop,141,4.331378017016157,98.76995120881664,117.35607310059513
CTRA,2011-02-24,8.225661785842574,2011-03-11,7.726971076765066,92011,7.744728623589469,0.24046658112655234,0.48093316225310456,-45885.030832930555,-46325.37614362697,-1.0369231074463892,stop_loss,15,-1.0369231074463892,227.0554099731483,213.28990072326917
PBR,2011-02-24,13.997541123373555,2011-03-11,13.199193088728196,54070,13.337751232152637,0.3298949456104583,0.6597898912209175,-43166.67823327458,-43607.83645892908,-1.210003434832936,trailing_stop,15,-1.210003434832936,227.05411456224243,214.10411109226007
PBR-A,2011-02-24,9.98989100320243,2011-03-11,9.556042481810158,37881,9.564923659909269,0.212483671646581,0.42496734329316155,-16434.615838860682,-16656.74169076441,-1.0208984954709437,trailing_stop,15,-1.0208984954709437,113.52811832769339,108.59773357603517
SVM,2011-03-02,12.157825115873884,2011-03-11,11.072491312831573,62297,11.17201208731343,0.49290651428022664,0.9858130285604538,-67613.0399281268,-68047.19363489453,-1.1009529916917238,trailing_stop,9,-1.1009529916917238,227.21880937307859,206.93489739464056
SLW,2011-03-02,41.05184601963362,2011-03-11,36.49530428378505,9224,37.934124616962826,1.5588607013353974,3.117721402670796,-42029.5409714672,-42244.12944578682,-1.461497403823577,stop_loss,9,-1.461497403823577,113.59866830553017,100.98980601408998
ICE,2011-03-08,22.81308030940121,2011-03-11,21.785686459596224,34146,21.777042087345865,0.5180191110276737,1.0360382220553461,-35081.39039544109,-35538.25124246935,-0.9916563191720768,stop_loss,3,-0.9916563191720768,233.69263207344412,223.1682149548118
SBUX,2011-03-11,14.007322612051913,2011-03-16,13.076113442840114,27060,13.303782039097788,0.35177028647706254,0.7035405729541253,-25198.520118871285,-25418.383452764898,-1.3236040748889675,stop_loss,5,-1.3236040748889675,113.71144496463745,106.15188892897605
VRTX,2011-02-24,43.7437,2011-03-17,44.875080000000004,17302,41.41609425331353,1.163802873343234,2.3276057466864657,19575.136760000125,19115.152120532126,0.4860702898721649,trailing_stop,21,0.4860702898721649,227.05604922000003,232.928590248
CBG,2011-03-14,27.026999999999997,2011-03-17,25.914060000000003,28114,25.46892090193959,0.7790395490302044,1.5580790980604071,-31289.19515999985,-31735.71064825185,-0.7143026316093009,stop_loss,3,-0.7143026316093009,227.95112340000003,218.56436485200004
CBRE,2011-03-14,27.026999999999997,2011-03-17,25.914060000000003,14057,25.468920763097348,0.7790396184513251,1.5580792369026497,-15644.597579999925,-15867.855324125925,-0.7143025679569673,stop_loss,3,-0.7143025679569673,113.97556170000001,109.28218242600002
AGNC,2011-03-21,4.07511363481387,2011-03-23,3.9056713220516954,182535,4.0001777378344325,0.0374679484897187,0.07493589697943737,-30929.152560043516,-31366.184334673955,-2.261163468940259,stop_loss,2,-2.261163468940259,223.15526019922495,213.87651443121186
CNX,2011-03-18,53.41158022899472,2011-03-30,50.75884640933837,13987,49.71302122693676,1.8492795010289806,3.698559002057962,-37103.78793553344,-37540.897462750545,-0.7172344197240907,stop_loss,12,-0.7172344197240907,224.12033179888473,212.9891954182247
BUCY,2010-11-16,89.70050207083128,2011-04-15,91.11386189118038,7763,82.69078346924114,3.5048593007950672,7.009718601590137,10971.912285370066,10550.813713138938,0.20162861031660861,trailing_stop,150,0.20162861031660861,208.90349927275892,212.19507295837002
URI,2010-10-21,17.275967960942737,2011-04-21,27.538160391609694,19058,15.939529229503785,0.6682193657194755,1.3364387314389514,195576.86334365085,195320.64304620796,7.678760117658064,trailing_stop,182,7.678760117658064,98.773619219894,157.44667822298925
PII,2011-04-21,37.25927837598404,2011-04-26,35.81696722914604,22051,35.14733264264847,1.055972866667783,2.111945733335567,-31804.40309892477,-32287.824386476386,-0.6829300223353952,stop_loss,5,-0.6829300223353952,246.4813042406472,236.93998331096978
ALXN,2010-09-13,30.49046,2011-04-27,46.953,20569,29.0584658408646,0.7159970795677002,1.4319941591353995,338617.9852600001,338140.1049013781,11.496234041862051,trailing_stop,226,11.496234041862051,188.147481522,289.7328771
IRM,2011-03-11,10.221209409823912,2011-04-28,11.645127306133647,74167,9.66414635491362,0.2785315274551451,0.5570630549102908,105607.71861560413,105121.19043704041,2.556116195031175,trailing_stop,48,2.556116195031175,227.42293148952302,259.1052470742042
REGN,2011-04-28,65.37612462278528,2011-04-29,61.68791861258904,12544,60.47350105511165,2.451311783836819,4.902623567673636,-46264.856191901716,-46743.023599405074,-0.7522923102877246,stop_loss,1,-0.7522923102877246,246.02343218046556,232.14397532289507
KND,2011-04-27,12.667079454140938,2011-05-02,11.336274821939137,64540,11.809159776390928,0.42895983887500455,0.8579196777500098,-85890.13096230422,-86354.88390779767,-1.5511995664815437,stop_loss,5,-1.5511995664815437,245.25999239107682,219.49295310238557
UAA,2010-09-15,5.274018749999999,2011-05-03,8.294197500000001,59732,4.907344219335798,0.18333726533210082,0.3666745306642012,180401.31709500012,180158.18008708663,8.23667448221504,trailing_stop,230,8.23667448221504,94.50830639249999,148.62870152100004
ACOM,2011-05-02,45.66561999999999,2011-05-03,41.508449999999996,17896,41.843098403719125,1.911260798140433,3.8225215962808647,-74396.71431999988,-74864.73446701588,-1.087546504392474,stop_loss,1,-1.087546504392474,245.16958065599994,222.85056635999996
RAX,2011-03-30,42.87282999999999,2011-05-04,41.21874,18215,39.71436158356771,1.579234208216143,3.158468416432285,-30129.249349999936,-30588.767734264937,-0.5237000285943681,trailing_stop,35,-0.5237000285943681,234.27857953499998,225.23980472999997
CHK,2011-02-01,294.99469999999997,2011-05-05,300.3993,2510,281.4816354213194,6.756532289340257,13.513064578680542,13565.54600000004,13117.21431800004,0.3999536869324825,trailing_stop,93,0.3999536869324825,222.1310091,226.20067289999997
CRR,2011-04-29,152.1442037421315,2011-05-05,139.2126287433506,5407,141.6569808221403,5.243611459995605,10.487222919991211,-69921.02601840842,-70393.63593638311,-1.2330790617724139,stop_loss,6,-1.2330790617724139,246.7931128901115,225.816805084589
WCC,2010-11-19,45.9884888824478,2011-05-06,55.952818749240414,7663,43.73605248062492,1.1262182009114379,2.2524364018228766,76356.65976923183,76122.30689711733,4.423800760247248,trailing_stop,168,4.423800760247248,105.72293709185925,128.62993502262879
TMUS,2011-05-04,11.689072593729959,2011-05-09,11.133417320839829,68061,11.10734751175755,0.29086254098620423,0.581725081972408,-37818.45352817512,-38284.449973997784,-0.9551853446066217,stop_loss,5,-0.9551853446066217,238.6709909405564,227.32545488210386
PCLN,2010-08-05,279.5583744071584,2011-05-17,498.9833200973203,2245,259.0517531957906,10.253310605683918,20.506621211367815,492609.00307441346,492084.6552431647,10.70019987342059,trailing_stop,285,10.70019987342059,188.28256516322116,336.06526608554526
BKNG,2010-08-05,10.958455129970647,2011-05-17,19.559730004439505,28645,10.154612680653887,0.40192122465837976,0.8038424493167593,246383.51877916045,246121.2607552079,10.70019987346982,trailing_stop,285,10.70019987346982,94.17148415940275,168.08653979315088
PLCM,2011-04-26,29.059029999999996,2011-05-17,27.14283,28114,27.181332725311794,0.9388486373441015,1.8776972746882024,-53872.046799999895,-54346.06452761189,-1.020505289021196,trailing_stop,21,-1.020505289021196,245.08967082599997,228.92805678599998
CAT,2010-09-27,54.40461349602761,2011-05-18,71.06750068177125,6000,51.785155584538074,1.3097289557447669,2.6194579114895333,99977.32311446185,99751.47330894182,6.361196762374559,trailing_stop,233,6.361196762374559,97.92830429284969,127.92150122718824
HON,2011-03-29,38.11197628816036,2011-05-18,38.615343967984174,10139,36.541055664754325,0.7854603117030192,1.5709206234060389,5103.644905733614,4870.2634157104985,0.3204284623448502,trailing_stop,50,0.3204284623448502,115.92519827569737,117.45629174741747
WSM,2011-03-16,13.936662799131275,2011-05-20,14.554648077247741,54051,13.08437713709787,0.4261428310167025,0.8522856620334043,33402.722267473095,32940.72711421935,0.7250917217615291,trailing_stop,65,0.7250917217615291,225.98716828675336,236.00798496699528
BND,2011-05-17,52.739087699068264,2011-05-20,52.48515980470933,15223,52.46773855095593,0.13567457405616729,0.27134914811233557,-3865.5443358260054,-4346.092951751008,-0.9357976471472377,stop_loss,3,-0.9357976471472377,240.85413961287486,239.69447631212705
STJ,2011-03-23,45.21489330129046,2011-05-23,44.86137389611503,16715,43.18603385093752,1.0144297251764687,2.0288594503529396,-5909.076857507246,-6360.764299368636,-0.17424538950390472,trailing_stop,61,-0.17424538950390472,226.730082459321,224.95735940206885
XEL,2011-05-18,15.356395658845065,2011-05-26,14.925596028126844,25919,14.993812929275192,0.18129136478493635,0.3625827295698727,-11165.895628585573,-11401.359311345961,-1.1881416173055823,stop_loss,8,-1.1881416173055823,119.40672572448156,116.05695703590591
ULTA,2011-03-14,45.21523481135858,2011-06-03,49.382519377069976,16805,41.83357226045152,1.6908312754535302,3.381662550907059,70031.21712678004,69554.30254903909,1.2323182762850222,trailing_stop,81,1.2323182762850222,227.95260630146427,248.96197143949829
NI,2011-05-03,4.652978577501305,2011-06-03,4.657962845582527,86356,4.526081982540453,0.06344829748042563,0.1268965949608516,430.4214544220443,189.2047571624961,0.03927818617008683,trailing_stop,31,0.03927818617008683,120.54378541161078,120.67291184793741
AET,2011-05-17,40.579474849632646,2011-06-06,39.09498718151801,19785,38.83326605898547,0.873104395323588,1.7462087906471737,-29370.58851364813,-29843.496283034026,-0.8501203728131865,trailing_stop,20,-0.8501203728131865,240.8594729699946,232.04829641590015
TTWO,2011-05-18,17.057039999999997,2011-06-06,16.17381,46671,15.929552122668252,0.5637439386658725,1.1274878773317454,-41221.227329999885,-41686.50243010489,-0.7833609724391929,stop_loss,19,-0.7833609724391929,238.82073415199997,226.45436595299998
TMO,2011-05-20,62.008187045773276,2011-06-06,59.379431564311226,12977,59.8540838997281,1.0770515730225865,2.1541031460451734,-34113.35988293303,-34585.93402094395,-1.2203480071454866,stop_loss,17,-1.2203480071454866,241.40407298789992,231.17006502302004
PETM,2011-05-20,44.08192442441948,2011-06-06,41.71647460402331,18255,42.33263313702928,0.8746456436951003,1.7492912873902,-43181.286471332125,-43651.16140361139,-1.3522332372244479,stop_loss,17,-1.3522332372244479,241.4146591103333,228.46027316893367
AZO,2011-05-26,298.27798,2011-06-06,286.34337,2661,287.87638043154146,5.200799784229264,10.40159956845855,-31757.997210000056,-32224.700433705057,-1.1473821811204998,stop_loss,11,-1.1473821811204998,238.11531143399998,228.587912271
NUS,2011-05-05,22.375422522699395,2011-06-07,23.333898809179303,35620,21.256714537582297,0.5593539925585496,1.1187079851170978,34140.925324414304,33652.47551666184,0.8567707562931014,trailing_stop,33,0.8567707562931014,239.1037650775657,249.34604267489007
ROST,2011-05-06,16.32352966142202,2011-06-07,16.086354175751026,48853,15.709268801550426,0.30713042993579764,0.614260859871596,-11586.734001485145,-12061.730018014368,-0.3861152503198304,trailing_stop,32,-0.3861152503198304,239.23601836483502,235.75999816438946
GTAT,2011-06-06,13.513499999999999,2011-06-09,12.287700000000001,58420,12.247684756208585,0.6329076218957064,1.2658152437914136,-71611.23599999987,-72063.42783119988,-0.9683877690779258,stop_loss,3,-0.9683877690779258,236.83760099999998,215.35423020000002
DISH,2011-05-03,26.505441112371795,2011-06-13,25.239890580160072,30319,25.094482249410476,0.7054794314806603,1.4109588629613192,-38370.226586127224,-38840.886599602985,-0.8969436072399634,trailing_stop,41,-0.8969436072399634,241.08554072580012,229.574472749962
FE,2011-05-17,23.15075107957315,2011-06-13,22.63468005651566,34681,22.23147231074932,0.4596393844119149,0.9192787688238298,-17897.859150656885,-18374.224511826094,-0.5613868617000463,trailing_stop,27,-0.5613868617000463,240.86735945720295,235.49800171200587
CVSA,2011-06-03,57.32143755817356,2011-06-13,53.46483828991637,13895,54.26532752265388,1.5280550177598413,3.05611003551968,-53587.44683243358,-54049.25942330635,-1.2619307627781093,stop_loss,10,-1.2619307627781093,238.94441246124646,222.8681784115164
NLY,2011-06-09,11.711572573901849,2011-06-13,11.511366324330368,66227,11.533667452754615,0.08895256057361664,0.17790512114723356,-13259.059290370496,-13720.454962694464,-1.1253540554675292,stop_loss,4,-1.1253540554675292,232.68669505553936,228.70897726842816
AGNC,2011-06-09,4.240880969128157,2011-06-13,4.1855341101227905,182893,4.173910046734315,0.03348546119692108,0.06697092239384173,-10122.553084068497,-10584.892783995329,-0.8264311887461162,stop_loss,4,-0.8264311887461162,232.6882329260268,229.6514670008063
DAN,2010-10-29,10.934569102106613,2011-06-14,12.736639349364568,30825,10.173947683929162,0.380310709088725,0.7606214181774504,55548.815371726465,55329.91587157149,2.369207866346906,trailing_stop,228,2.369207866346906,101.1174277717309,117.78207238324883
AGG,2011-06-09,71.75692330397492,2011-06-15,71.26746502605955,10809,71.3699012320752,0.19351103594986346,0.3870220718997217,-5290.554525987136,-5754.3397100249385,-1.2646779433349233,stop_loss,6,-1.2646779433349233,232.68617519779946,231.09900884000334
DLR,2011-06-08,34.98332301149119,2011-06-16,33.80743791366824,22325,33.84656833488313,0.5683773383040267,1.1367546766080565,-26251.634808897335,-26712.36093019359,-1.0344229252099082,stop_loss,8,-1.0344229252099082,234.30080586946224,226.425315426793
MCO,2011-06-10,35.05991013031925,2011-06-17,32.23614571779577,22284,33.655813605242365,0.7020482625384454,1.4040965250768878,-62924.766168673246,-63374.65376122907,-2.0110899515037635,stop_loss,7,-2.0110899515037635,234.38251120321024,215.50508135260827
CL,2011-06-20,31.00917107874398,2011-06-24,30.299621436609197,24688,30.22965423484314,0.3897584219504198,0.77951684390084,-17517.361565023493,-17971.439005909204,-0.9102428609291751,stop_loss,4,-0.9102428609291751,229.66632467760937,224.41111620810236
DINO,2011-06-22,17.269359529593277,2011-06-27,15.307849070206585,45439,15.808763737394944,0.7302978960991664,1.4605957921983332,-89129.07376407193,-89573.15649854182,-1.3429522869119292,stop_loss,5,-1.3429522869119292,235.41072829955667,208.6720061703351
DGX,2011-06-20,45.43846335158047,2011-06-29,44.52344646195242,16848,44.28703677757111,0.5757132870046775,1.1514265740093563,-15416.204556453371,-15870.908033414893,-0.7946810593765345,stop_loss,9,-0.7946810593765345,229.6641691642283,225.03930779729228
GTAT,2011-06-24,15.225209999999999,2011-07-13,14.15583,51553,13.812796374022794,0.7062068129886024,1.412413625977205,-55129.74713999994,-55584.15136653594,-0.7571294841198718,trailing_stop,19,-0.7571294841198718,235.47157533900003,218.93265119699998
MNST,2011-06-27,6.528181805145,2011-07-13,6.522630977362499,119662,6.268475526569315,0.1298531392878423,0.25970627857568473,-664.2231541096002,-1132.729061863724,-0.021373483201651073,trailing_stop,16,-0.021373483201651073,234.35258735017828,234.1533204039454
SGEN,2011-06-21,20.16014,2011-07-18,18.781200000000002,38438,19.039326650581973,0.560406674709013,1.1208133494180252,-53003.695719999865,-53452.743888075864,-1.2303029765982014,stop_loss,27,-1.2303029765982014,232.474638396,216.57352968
WCG,2011-05-09,46.98693999999999,2011-07-28,47.84211,16990,44.203204628025766,1.3918676859871124,2.783735371974224,14529.33830000014,14045.99463215014,0.307202332739524,trailing_stop,80,0.307202332739524,239.49243317999992,243.85123466999997
ULTA,2011-06-14,57.82561334670632,2011-07-28,61.31572269931201,13377,53.57730319677746,2.124155074964432,4.248310149928862,46687.19280980635,46209.066714120076,0.8215288501627251,trailing_stop,44,0.8215288501627251,232.05996892166715,246.066126764609
ELS-P-C,2011-06-20,57.91560819055886,2011-07-29,58.07167811724527,13218,55.82724568526733,1.044181252645763,2.088362505291528,2062.932290941012,1602.9963058160456,0.07473315877437983,trailing_stop,39,0.07473315877437983,229.6585527188421,230.27743240612438
AGN,2011-06-29,64.60839764851043,2011-08-01,63.70732813117161,12440,62.418809645797666,1.0947940013563837,2.1895880027127674,-11209.304795694992,-11688.179084304766,-0.411524686937659,trailing_stop,33,-0.411524686937659,241.11854002424093,237.75574858553247
SWN,2011-07-18,46.86682,2011-08-01,45.26469,17479,44.39177457668858,1.2375227116557062,2.475045423311414,-28003.630269999918,-28486.74026898692,-0.6473133724780181,trailing_stop,14,-0.6473133724780181,245.75554403399997,237.354454953
OKE,2011-06-22,13.781368821204762,2011-08-03,13.722221597769144,56940,13.334062470632315,0.22365317528622303,0.44730635057244683,-3367.84290242408,-3837.6592339609924,-0.13222978694562088,trailing_stop,42,-0.13222978694562088,235.41334220381975,234.4029893330925
PDM,2011-06-23,9.677292197183641,2011-08-03,9.217467887810757,80953,9.296658918477055,0.1903166393532929,0.38063327870658625,-37224.15731666308,-37683.033570611246,-1.2080507278170565,stop_loss,41,-1.2080507278170565,235.02175057158217,223.8545033765833
SHPG,2011-07-14,96.67683286510666,2011-08-03,93.12671195393101,8468,93.69771752210343,1.4895576715016148,2.9791153430032296,-30062.423875835437,-30544.60080109372,-1.1916695066921432,stop_loss,20,-1.1916695066921432,245.59782621051698,236.57909904776633
DPL,2011-04-21,28.959069471449165,2011-08-04,29.094518654096674,14186,28.013976472765812,0.47254649934167664,0.9450929986833536,1921.4821050375633,1674.4176446928655,0.1433183642627854,trailing_stop,105,0.1433183642627854,123.24400785659336,123.82045248810462
IACI,2011-07-28,39.32286718619109,2011-08-04,37.616138787816695,20544,37.250783637749294,1.0360417742208963,2.072083548441796,-35063.028216203566,-35537.21869782257,-0.8236774041557601,stop_loss,7,-0.8236774041557601,242.3546950419329,231.83578657707184
EXPE,2011-08-01,26.92549029078357,2011-08-04,25.591281097519964,30415,25.33227127502615,0.7966095078787105,1.5932190157574198,-40579.972613112615,-41059.16189364519,-0.837429870010258,stop_loss,3,-0.837429870010258,245.6816361582547,233.50764437432093
CERN,2011-08-01,32.508908817135485,2011-08-04,30.791314764451215,12595,30.952468841063585,0.7782199880359496,1.5564399760718999,-21633.097093558375,-21872.276988361402,-1.103540180854957,stop_loss,3,-1.103540180854957,122.83491196554642,116.34498283747891
FOSL,2010-08-11,45.15510999999999,2011-08-05,112.63725,6990,42.00258110918192,1.576264445409039,3.1525288908180755,471700.1586,471369.26802108,21.4057165967759,trailing_stop,359,21.4057165967759,94.69026566999999,236.20031325
COO,2010-09-14,11.40829225177641,2011-08-05,17.950508723777652,55368,10.932490350914302,0.23790095043105475,0.47580190086210905,362229.44162176474,361741.7801940404,13.749874601482992,trailing_stop,325,13.749874601482992,189.4962976189069,298.16513010543633
BHC,2011-01-07,35.60556999999999,2011-08-05,41.43852,20928,33.538661308045015,1.0334543459774899,2.0669086919549784,122071.97760000009,121588.26398534408,2.822064672089084,trailing_stop,210,2.822064672089084,223.546010688,260.167603968
VRX,2011-01-07,35.60556999999999,2011-08-05,41.43852,10464,33.538493761979865,1.033538119010063,2.067076238020128,61035.98880000004,60794.13199267204,2.8218359307283594,trailing_stop,210,2.8218359307283594,111.773005344,130.083801984
LULU,2011-06-24,53.263209999999994,2011-08-05,57.117824999999996,14736,49.415284266470934,1.9239628667645292,3.8479257335290598,56801.606640000035,56313.63416047204,1.0017384084138257,trailing_stop,42,1.0017384084138257,235.46599876799993,252.50648076
RRC,2011-07-18,56.826466741140486,2011-08-05,56.11254619435294,7208,53.18357742349737,1.821444658821557,3.6428893176431174,-5145.939301244649,-5390.15862281636,-0.19597645839249433,trailing_stop,18,-0.19597645839249433,122.88155168104218,121.3377698906688
QCOR,2011-07-28,31.131256243753448,2011-08-05,27.3969088505778,25950,28.644434010837127,1.2434111164581607,2.486822232916321,-96906.31485290811,-97361.95661816747,-1.501654337711282,stop_loss,8,-1.501654337711282,242.3568298576206,213.28493540174813
MJN,2011-07-29,64.19002968193703,2011-08-05,62.16699289501578,12824,61.85072695126305,1.169651365336992,2.3393027306739853,-25943.423755478147,-26429.5444927362,-0.8648033281004157,stop_loss,7,-0.8648033281004157,246.95188219234814,239.1688550657047
HLF,2011-02-24,17.835794108363974,2011-08-09,24.687480178379968,42434,17.042624745083756,0.39658468164010885,0.7931693632802173,290744.44669505866,290203.11690873356,8.63836449970821,trailing_stop,166,8.63836449970821,227.05322615829505,314.27656016681266
GMCR,2011-03-11,59.03841913215417,2011-08-09,89.81089309670129,12840,53.70682068912054,2.665799221516813,5.331598443033627,395118.56570478505,394545.1981540795,5.771716361114001,trailing_stop,151,5.771716361114001,227.41599049705783,345.9515602084934
SUG,2011-06-17,32.93763418544216,2011-08-09,39.13718716131331,23249,31.0976315368846,0.920001324278779,1.840002648557558,144133.40713602837,143630.70687958115,3.369317419586974,trailing_stop,53,3.369317419586974,229.7301171532034,272.9701392940119
CROX,2011-06-17,24.044019999999996,2011-08-09,25.42455,31849,22.39168283180381,0.8261685840980931,1.652337168196187,43968.49997000012,43495.84262422112,0.8355013895300147,trailing_stop,53,0.8355013895300147,229.73339789399998,242.92394788500002
CRI,2011-10-28,29.17667139733151,2011-11-02,28.03253126501316,25614,27.287476158825328,0.944597619253091,1.8891952385061828,-29306.005349202267,-29745.612304300255,-0.6056230234959951,stop_loss,5,-0.6056230234959951,224.1993783513748,215.4075767466141
EIX,2011-10-28,23.977240944199398,2011-11-02,23.35586448196666,15584,23.025550810515824,0.4758450668417867,0.9516901336835737,-9683.530787435004,-9904.822521923415,-0.6529188863476645,stop_loss,5,-0.6529188863476645,112.09839686232102,109.19333762609052
LKQ,2011-10-28,13.228382539892323,2011-11-02,12.446802295178374,28247,12.265856041580225,0.4812632491560492,0.9625264983120978,-22077.297172434904,-22294.871256245777,-0.812009067890121,stop_loss,5,-0.812009067890121,112.09863648130154,105.47544732957105
TGI,2011-10-28,55.63877118243083,2011-11-02,52.66228424666453,6715,51.58517330783857,2.026798937296127,4.053597874592256,-19987.109773670723,-20205.282249832635,-0.7342827354491107,stop_loss,5,-0.7342827354491107,112.0843045470069,106.0881716149057
SM,2011-10-28,75.0608172410586,2011-11-02,70.59610639261683,4978,68.16035969717976,3.450228771939423,6.900457543878844,-22225.330603543123,-22442.854653297654,-0.6470166391215983,stop_loss,5,-0.6470166391215983,112.0958244677969,105.42822528673399
ESS,2011-10-28,92.92133048678899,2011-11-02,88.168689494864,4021,87.16877386171234,2.876278312538326,5.75255662507665,-19110.36942853039,-19328.818319634258,-0.8261789151639449,stop_loss,5,-0.8261789151639449,112.09100096621356,106.35789013765445
BMRN,2011-10-31,35.18514999999999,2011-11-03,32.37759,10607,32.58242020626404,1.3013648968679752,2.6027297937359535,-29779.788919999948,-29994.78031495395,-1.0786982216736485,stop_loss,3,-1.0786982216736485,111.96266581499998,103.02872913899999
DECK,2011-10-31,19.381028333366967,2011-11-10,18.040274999965206,19257,17.624005401915042,0.878511465725963,1.7570229314519246,-25818.886941317705,-26035.073552804697,-0.7630824330185734,stop_loss,10,-0.7630824330185734,111.9661387846943,104.22047270229899
WMT,2011-11-09,14.572489044546042,2011-11-17,14.048903463679851,50942,14.106515226725826,0.23298690891010812,0.46597381782021685,-26672.496660485518,-27109.905953631733,-1.1236373393584151,stop_loss,8,-1.1236373393584151,222.70552107217935,214.70377207403368
EMB,2011-11-09,55.825627982271534,2011-11-17,55.24176464613762,13297,55.07932277742349,0.37315260242401943,0.7463052048480421,-7763.630780572685,-8206.689716506671,-0.7823385557826825,stop_loss,8,-0.7823385557826825,222.6940125840794,220.36492334990757
BFH,2011-10-28,71.65337123265833,2011-11-18,66.04524445630551,5214,66.89550661259186,2.3789323100332367,4.757864620066471,-29240.7730119036,-29456.161186564274,-1.1787066728843725,stop_loss,21,-1.1787066728843725,112.08020328212417,103.30797137855308
PII,2011-10-28,44.24888925913731,2011-11-22,40.31593670485941,8444,40.65826864166666,1.795310308735323,3.5906206174706483,-33209.85136832256,-33424.07098545456,-1.0953406035551587,stop_loss,25,-1.0953406035551587,112.09128627124662,102.12833086074987
TDG,2011-11-09,41.58581044159031,2011-11-22,39.739393828166264,8925,39.012809201060186,1.286500620265063,2.5730012405301252,-16479.26827480962,-16697.016509241894,-0.7176120183461796,trailing_stop,13,-0.7176120183461796,111.34600745735807,106.40222697491518
CDNS,2011-10-28,11.15114,2011-11-23,10.47951,33509,10.37600366520817,0.38756816739591476,0.7751363347918296,-22505.649670000013,-22723.096105255016,-0.866466929563266,trailing_stop,26,-0.866466929563266,112.09906507800001,105.34737017699999
FAST,2011-10-28,6.76021155847334,2011-11-28,6.831167730506141,55274,6.3416638517254045,0.20927385337396798,0.41854770674793595,3922.0314529410007,3696.656483295285,0.16952947271918165,trailing_stop,31,0.16952947271918165,112.09918010491661,113.27578954079891
TSLA,2011-11-14,2.2022000000331454,2011-12-09,2.0339639999672365,337525,1.9974121282715531,0.10239393588079615,0.2047878717615923,-56783.85592224589,-57212.79929847593,-0.8215134940303693,stop_loss,25,-0.8215134940303693,222.98926650335622,205.95410972668247
BF-B,2011-12-06,15.827467512356426,2011-12-14,15.170828782617962,23350,15.119253862058669,0.354106825148879,0.7082136502977576,-15332.514339393143,-15549.657404939438,-0.9271760427978063,stop_loss,8,-0.9271760427978063,110.87140992405678,106.27165562223881
KSU,2011-10-28,58.15060752782741,2011-12-15,56.10619064740464,6425,53.547718474630415,2.3014445265984973,4.602889053196996,-13135.378456716317,-13355.608435199076,-0.4441594956547555,trailing_stop,48,-0.4441594956547555,112.08529600988733,108.14468247287243
PRGO,2011-12-06,75.33504644824335,2011-12-15,71.92981754664964,9811,71.06144341238549,2.136801517928931,4.27360303585786,-33408.70075353581,-33842.14542773198,-0.7968051484946015,stop_loss,9,-0.7968051484946015,221.73364221111467,211.7110319850539
MELI,2011-12-07,91.96819797029606,2011-12-15,85.05216118101752,8036,84.60195761771269,3.6831201762916868,7.366240352583375,-55577.27163864231,-56004.0323204843,-0.9388828572302897,stop_loss,8,-0.9388828572302897,221.71693166678978,205.04375017519706
QCOR,2011-12-12,43.57605298484475,2011-12-23,41.3837517901064,16817,40.205858087177766,1.6850974488334907,3.370194897666984,-36867.92919191481,-37296.55990298492,-0.6504968588777961,stop_loss,11,-0.6504968588777961,219.84554491384026,208.7851661562658
LLY-WD,2011-12-07,31.810422687341347,2012-01-09,32.28851041626035,23235,30.60924473774601,0.6005889747976685,1.201177949595337,11108.368381433052,10661.566768234396,0.39801573870055307,trailing_stop,33,0.39801573870055307,221.73455134211284,225.06706185654275
LLY,2011-12-07,28.656141407324444,2012-01-09,29.08682256165568,12896,27.574070748420667,0.541035329451889,1.0820706589037776,5554.064166255615,5330.668187252425,0.3980157402729591,trailing_stop,33,0.3980157402729591,110.8648798766568,112.53109912653349
DEO,2012-01-04,59.2747359337286,2012-01-12,57.687790863059924,12299,57.51867205324002,0.8780319402442898,1.7560638804885826,-19517.83742415405,-19949.39405927616,-0.9036943862356231,stop_loss,8,-0.9036943862356231,218.7059931746784,212.8506419474322
KMR,2011-12-27,63.6938885322552,2012-01-13,62.562857808881446,11459,61.85781248822929,0.9180380220129536,1.8360760440259085,-12960.481059139855,-13394.513876036779,-0.6160042918994671,trailing_stop,17,-0.6160042918994671,218.96048060733372,215.0723362895917
BMRN,2012-01-10,37.33729999999999,2012-01-17,35.20476,19550,35.343984885181676,0.9966575574091594,1.9933151148183157,-41691.15699999984,-42116.61618189984,-1.0698458984967691,stop_loss,7,-1.0698458984967691,218.98326449999996,206.4759174
JAZZ,2012-01-10,49.1491,2012-01-19,46.953,14851,45.315534984702424,1.9167825076487879,3.833565015297573,-32614.281099999913,-33042.44478612991,-0.5728610291560494,stop_loss,9,-0.5728610291560494,218.97398522999998,209.18970090000002
LNT,2011-11-09,12.968355759224856,2012-01-20,13.292747963693524,28621,12.395883654896725,0.28623605216406534,0.5724721043281313,9284.429284097729,9058.943569201634,0.5666515486363878,trailing_stop,72,0.5666515486363878,111.35019305543238,114.1355218406617
ETR,2011-12-06,20.08103951935033,2012-01-20,19.56381852028445,18404,19.311112146063454,0.38496368664343833,0.7699273732868761,-9518.935266808468,-9737.8224570169,-0.6717789456657796,trailing_stop,45,-0.6717789456657796,110.87143539423705,108.01575481419451
PBCT,2012-01-17,8.66571340178473,2012-01-23,8.139669919074352,42114,8.284589420403591,0.19056199069056895,0.3811239813811387,-22153.795230864856,-22366.117804817255,-1.3802424103675444,stop_loss,6,-1.3802424103675444,109.48435626082863,102.8382176915692
HUM,2012-01-09,82.01141453908878,2012-01-26,79.09230875321427,8906,78.26495161133083,1.8732314638789718,3.746462927757946,-25997.55612899836,-26427.993056890737,-0.7791631312421481,stop_loss,17,-0.7791631312421481,219.11809736553738,211.3188305268379
M,2012-01-06,19.6624715679173,2012-01-27,19.177861620730287,18582,18.558068357417667,0.5522016052498171,1.1044032104996333,-9005.022038629095,-9221.54136002253,-0.43879802465240564,trailing_stop,21,-0.43879802465240564,109.61041400251179,106.90890739092305
USB,2012-01-17,18.259954185513564,2012-01-27,17.476195426076014,19986,17.400391730629096,0.4297812274422349,0.8595624548844683,-15664.202566118873,-15878.46937196004,-0.9118113000211172,stop_loss,10,-0.9118113000211172,109.48303330550225,104.78377253566657
HNT,2012-01-11,35.315279999999994,2012-02-07,35.34462,20751,33.41803333139306,0.9486233343034678,1.8972466686069325,608.8343400000997,168.95526453009975,0.015464515229086116,trailing_stop,27,0.015464515229086116,219.84821258399998,220.030862886
KEX,2011-10-28,62.80273999999999,2012-02-13,65.78415,5949,58.464665805385266,2.169037097307364,4.338074194614727,17736.408090000023,17506.919067417024,0.6872657926646617,trailing_stop,108,0.6872657926646617,112.08405007799999,117.404972505
NUAN,2012-01-11,24.54399999999138,2012-02-13,23.604077922082762,29859,23.052023872974313,0.745988063508534,1.4919761270170682,-28065.13332427346,-28496.429361876028,-0.6299846632183188,stop_loss,33,-0.6299846632183188,219.85778879992282,211.43824880264074
KLAC,2012-01-19,2.978031128451843,2012-02-14,2.9168224127828646,124223,2.8239209486063928,0.07705508992272522,0.15411017984545028,-7603.5302865475105,-7823.21320398335,-0.3971750323720454,trailing_stop,26,-0.3971750323720454,110.981988260902,108.70092917493773
REGN,2012-02-14,112.45209771475106,2012-02-17,104.82486796529844,3476,104.98389003323663,3.734103840757213,7.4682076815144285,-26512.250609097322,-26738.827028908476,-1.021293203767192,stop_loss,3,-1.021293203767192,117.2650474969424,109.31137231421322
GILD,2012-01-11,15.230556531095958,2012-02-21,16.059179849718177,48117,14.573605359351511,0.32847558587222364,0.6569511717444474,39870.8682221453,39419.197748514605,1.2613164482558399,trailing_stop,41,1.2613164482558399,219.8546065820233,231.81586704866686
FNF,2012-01-20,7.2666608629394425,2012-02-23,7.340275730833412,50940,6.944076339197724,0.16129226187085907,0.3225845237417184,3749.9413705187912,3526.7181654927545,0.22820334664569936,trailing_stop,34,0.22820334664569936,111.04911130744055,112.1740937185962
BC,2012-02-17,20.037224680274356,2012-02-24,19.339281081109217,19597,18.827883470640476,0.6046706048169407,1.2093412096338803,-13677.600712839234,-13909.099127860984,-0.5771271115258173,stop_loss,7,-0.5771271115258173,117.80084761780098,113.6975674039492
RAX,2012-02-07,49.86982,2012-02-29,52.442505,15516,47.43264350314802,1.218588248425988,2.4371764968519756,39917.78046,39441.537049590006,1.0556006113316194,trailing_stop,22,1.0556006113316194,232.134038136,244.109372274
GTLS,2012-02-24,66.61654999999999,2012-02-29,69.30063,11731,62.099033228681314,2.2587583856593376,4.517516771318675,31486.942480000103,31008.609148426105,0.5941494267472345,stop_loss,5,0.5941494267472345,234.44362441499996,243.88970715899998
CNC,2012-01-10,10.985974999999998,2012-03-05,11.580907499999999,66444,10.360766190308228,0.3126044048458853,0.6252088096917703,39529.69503000003,39079.864847751036,0.9515740833743273,trailing_stop,55,0.9515740833743273,218.98563686999995,230.84454537899998
IBB,2012-01-12,35.94471158000565,2012-03-07,37.54327186537867,10177,34.81083384887607,0.5669388655647914,1.13387773112958,16268.54802424121,16044.181861984107,1.4098171623676896,trailing_stop,55,1.4098171623676896,109.74279892491526,114.62336333218762
JBL,2012-01-20,20.062930682885,2012-03-07,21.635999680078676,18450,18.903309551941668,0.5798105654716655,1.1596211309433322,29023.122998223327,28792.319418664323,1.3565370233586647,trailing_stop,47,1.3565370233586647,111.04832132976847,119.75525822923547
HYG,2012-01-26,41.454505701991906,2012-03-07,41.21905958341089,8946,40.875827836912336,0.289338932539784,0.5786778650795696,-2106.3009768257743,-2328.1802913387382,-0.406869059262604,trailing_stop,41,-0.406869059262604,111.25560240300588,110.62371210995815
DPZ,2012-02-29,30.391121873925268,2012-03-26,31.404362841370695,25927,28.911348569105435,0.7398866524099167,1.4797733048198332,26270.298562957574,25789.647103293533,0.6847271566159194,trailing_stop,26,0.6847271566159194,236.38518504757815,244.26627461646538
DHI,2012-01-12,12.185417134529681,2012-04-04,12.544581621634155,30022,11.357479161808259,0.41396898636071067,0.827937972721422,10782.836231850515,10560.10302505325,0.43380603250253713,trailing_stop,83,0.43380603250253713,109.74917796385502,112.98402883341019
MSI,2012-02-21,39.82108173331051,2012-04-05,39.45653088102168,19555,38.2827596184989,0.7691610574058025,1.5383221148116064,-7128.791916508056,-7593.874030910036,-0.236979530345941,trailing_stop,44,-0.236979530345941,233.6103759884661,231.4717384135137
CTAS,2012-01-05,7.609277557115471,2012-04-10,8.046729030426079,95806,7.253978511722819,0.1776495226963259,0.3552990453926519,41910.475851996096,41460.49404185829,1.2312205140522312,trailing_stop,96,1.2312205140522312,218.70433369110143,231.2774764467003
DFS-P-B,2012-03-26,33.58797395216977,2012-04-10,32.07583361617503,24338,31.971673454064728,0.8081502490525206,1.6163004981050406,-36802.471497439896,-37281.90922201941,-0.935556437535952,stop_loss,15,-0.935556437535952,245.23923301437236,234.1984915651404
MSFT,2012-01-09,21.889321215273768,2012-04-11,23.855839809547113,33369,21.098020383163263,0.39565041605525175,0.7913008321105046,65620.75897230727,65162.8178888361,2.485171902357766,trailing_stop,93,2.485171902357766,219.1274278897411,238.81365558143327
FFIV,2012-01-20,119.11899999999999,2012-04-11,122.7771,3107,110.07814507838448,4.520427460807754,9.040854921615505,11365.716700000059,11140.24534519006,0.4046188144501665,trailing_stop,82,0.4046188144501665,111.03081989999998,114.44053491
URI,2012-01-27,36.54011994433534,2012-04-11,37.815606050108705,20232,33.70978255853821,1.4151686928985647,2.8303373857971295,25805.634892006776,25354.3253775109,0.4506480789795111,trailing_stop,75,0.4506480789795111,221.78391201413777,229.52560248173978
EFX,2012-02-13,36.72767993073353,2012-04-11,36.89648901615951,10459,35.369558129874044,0.6790609004297414,1.358121800859486,1765.5742244702928,1534.5636695656267,0.12429598385000984,trailing_stop,58,0.12429598385000984,115.2404413186626,115.77011358600369
KATE,2012-03-05,11.40139,2012-04-11,12.537450000000002,69512,10.439817622945627,0.4807861885271859,0.961572377054372,78969.80272000015,78470.59172617616,1.1814607273559024,trailing_stop,37,1.1814607273559024,237.760026504,261.45096732
LEN,2012-03-09,21.198758282023523,2012-04-11,20.987826203384877,18930,19.739537637617712,0.7296103222029053,1.4592206444058107,-3992.9442486295593,-4232.521861922193,-0.1445511886412053,trailing_stop,33,-0.1445511886412053,120.38774828361159,119.18986500902271
LVS,2012-04-10,38.59190352939071,2012-04-11,37.495585407398394,21480,36.57737395398713,1.0072647877017924,2.0145295754035857,-23548.913260395002,-24039.22103910367,-0.5442055234024971,stop_loss,1,-0.5442055234024971,248.68622634339374,241.62155236527525
AOL,2012-04-10,22.41696947365972,2012-04-12,20.823932550615062,36978,20.827368455847004,0.794800508906358,1.589601017812715,-58907.31934034533,-59387.007962861426,-1.0021614890739503,stop_loss,2,-1.0021614890739503,248.6804091590967,231.0082133569931
BKNG,2012-04-04,28.918417764904163,2012-04-17,27.5556393172929,14508,27.775374420352858,0.5715216722756519,1.1430433445513053,-19771.189717944195,-20016.98740398875,-1.1922368946964235,stop_loss,13,-1.1922368946964235,125.86452147996889,119.93316456458564
SBUX,2012-04-12,22.653749815974635,2012-04-18,22.441129998890528,35771,21.88299484530501,0.38537748533481236,0.7707549706696248,-7605.623476915597,-8089.550160672859,-0.27585915780651404,trailing_stop,6,-0.27585915780651404,243.1041854001686,240.8224983570939
INTC,2012-01-23,18.23227204300936,2012-04-24,19.03471070978444,20278,17.465743526829243,0.3832642580900584,0.7665285161801165,16271.851284865108,16045.141321986763,1.0468477686569553,trailing_stop,92,1.0468477686569553,110.91420374644315,115.79575913190268
AIG-WS,2012-04-13,12.09208,2012-04-24,11.77821,67686,11.190509059627558,0.4507854701862204,0.9015709403724408,-21244.604819999975,-21729.310154681974,-0.3481367754270555,stop_loss,11,-0.3481367754270555,245.53935806399997,239.16597661800003
PCLN,2012-02-29,632.5547102762581,2012-04-25,700.3395508356117,1245,603.5194182584454,14.517646008906343,29.035292017812708,84392.12649639523,83894.29048986995,2.334567205928862,trailing_stop,56,2.334567205928862,236.25918428818238,261.576822237101
ESRX,2012-04-18,58.40834999999999,2012-05-01,55.80414,14118,55.885632896965625,1.2613585515171823,2.522717103034367,-36766.23677999993,-37249.972360145926,-1.0323036209123913,stop_loss,13,-1.0323036209123913,247.38272558999998,236.352854556
PIR,2012-01-06,147.74759999999998,2012-05-07,164.93490000000003,2472,136.8991944465384,5.424202776730794,10.848405553461589,42487.00560000012,42255.12025800012,1.5843157702115773,trailing_stop,122,1.5843157702115773,109.56962015999999,122.31572184000001
VRSN,2012-04-12,39.096283025359135,2012-05-07,39.864464285612,20727,37.956260663377904,0.5700111809906141,1.1400223619812309,15922.092981261167,15431.107158406818,0.6738299930519379,trailing_stop,25,0.6738299930519379,243.1045974799856,247.88122537436396
PSMT,2012-04-24,69.92903625714493,2012-05-08,64.76084866758558,11741,66.02452937896757,1.9522534390886808,3.904506878177358,-60679.69048901635,-61154.10867068673,-1.3236466859476723,stop_loss,14,-1.3236466859476723,246.3110444085416,228.1071372618367
CRI,2011-12-07,29.96122927863541,2012-05-09,37.28806793829637,24669,28.253770655330023,0.8537293116526936,1.7074586233053886,180745.78289517623,180248.0910212629,4.291078307641376,trailing_stop,154,4.291078307641376,221.73406952239708,275.95780439094995
TSCO,2012-04-13,8.051311471937215,2012-05-09,7.760214682886517,101656,7.699893901760972,0.17570878508812138,0.35141757017624276,-29591.73518773777,-30073.9361385762,-0.8283501274700278,stop_loss,26,-0.8283501274700278,245.53923569737486,236.6617151410535
DKS,2012-03-07,32.73204054055026,2012-05-14,33.052984401829306,23959,31.27774168866577,0.7271494259422449,1.454298851884488,7689.493972384707,7216.650948606365,0.2206863196399881,trailing_stop,68,0.2206863196399881,235.26808779331307,237.5749359850285
SBAC,2012-04-12,47.001965939991166,2012-05-15,47.15393390491159,17241,45.32313779095311,0.8394140745190288,1.678828149038054,2620.079683193022,2133.077122425231,0.09052026260549606,trailing_stop,33,0.09052026260549606,243.1082684314163,243.8942923363742
ORLY,2011-10-28,5.055049999966773,2012-05-18,6.325002,147839,4.784684923337896,0.13518253831443808,0.27036507662887654,187748.4337329122,187243.70908062527,4.697174708612453,trailing_stop,203,4.697174708612453,224.2000610835263,280.5245912034
MCK,2012-04-13,82.30779981757497,2012-05-18,79.59494177657682,9943,79.79537954712097,1.256210135226997,2.512420270454001,-26973.94750164467,-27456.887189545865,-1.0797787587137784,stop_loss,35,-1.0797787587137784,245.5159360758444,237.423751825351
MHK,2012-05-07,73.06298999999999,2012-05-18,68.27166,11485,68.8885932625922,2.0871983687038935,4.17439673740779,-55028.42504999986,-55515.39358657486,-1.1477898008743894,stop_loss,11,-1.1477898008743894,251.73853204499994,235.23000453
SKT,2012-05-09,16.471952168740906,2012-05-18,16.14014951758847,50617,15.96600926211746,0.25297145331172277,0.5059429066234458,-16794.85479338288,-17290.072818699962,-0.6558104616325509,trailing_stop,9,-0.6558104616325509,250.12824087754754,245.08978443953265
DDS,2012-05-14,48.84572756201602,2012-05-18,45.50845453577021,17136,46.4207848977522,1.2124713321319116,2.424942664263824,-57187.51057774821,-57672.56655707651,-1.3762276013478265,stop_loss,4,-1.3762276013478265,251.106116250812,233.94986307748752
EXR,2011-10-28,13.522687452598074,2012-05-21,17.077389232314527,27632,12.59787379785547,0.4624068273713019,0.9248136547426036,98223.51957712503,97969.85718143778,3.8436951719812207,trailing_stop,206,3.8436951719812207,112.09766990705701,141.56472578019452
EQIX,2012-01-10,79.90568597005958,2012-05-21,108.96051042084198,9135,75.52897322096561,2.188356374546985,4.376712749093969,265415.82135789725,264898.233546688,6.638503853559294,trailing_stop,132,6.638503853559294,218.98153240094828,298.6062788083175
VRSK,2012-04-12,45.54134532364903,2012-05-21,45.39321930210431,17794,44.027536799638696,0.756904262005168,1.5138085240103365,-2635.7544273667354,-3121.181320251932,-0.09784990584694837,trailing_stop,39,-0.09784990584694837,243.1088096067033,242.31808327849325
EAT,2012-04-24,24.64475655058516,2012-05-21,24.016518313113547,33314,23.334462087926365,0.6551472313293971,1.3102944626587956,-20929.128643129334,-21415.45915637211,-0.4794633995451819,trailing_stop,27,-0.4794633995451819,246.3046259178582,240.0258873249194
ALGN,2012-04-25,31.941909999999996,2012-05-21,29.93004,25493,29.599696395909735,1.1711068020451312,2.3422136040902615,-51288.60190999987,-51761.79239640487,-0.8589609404055292,stop_loss,26,-0.8589609404055292,244.28853348899995,228.90195291600003
STX,2012-01-13,10.32181972805967,2012-05-23,14.0339531261727,70803,9.598590457560656,0.3616146352495073,0.7232292704990151,262830.18098659674,262312.84245097724,5.132720078588251,trailing_stop,131,5.132720078588251,219.24474066174267,298.0937949577217
VRTX,2012-05-08,57.61756,2012-05-30,57.662279999999996,14528,53.14376852182925,2.236895739085374,4.473791478170746,649.6921599999723,147.25650534397238,0.009995995615397638,stop_loss,22,0.009995995615397638,251.120373504,251.31528115199995
DBI,2012-05-23,20.337431400199335,2012-06-04,19.12133277470199,39198,19.108716338287937,0.6143575309556998,1.228715061911398,-47668.63392224494,-48132.64531368328,-0.9897320080097117,stop_loss,12,-0.9897320080097117,239.15599080750405,224.8554006308306
CRUS,2012-05-30,29.279249999999998,2012-06-04,25.7742,27510,27.004082964669877,1.1375835176650602,2.2751670353301208,-96423.92549999992,-96878.28162284993,-1.5405682068927407,stop_loss,5,-1.5405682068927407,241.64165025,212.71447259999997
AAL,2012-05-25,11.473375405680805,2012-06-05,10.62180047766017,69933,10.441302699031723,0.5160363533245408,1.0320727066490818,-59553.18944126712,-60016.74402178202,-0.8251113730015364,trailing_stop,11,-0.8251113730015364,240.71026867364273,222.8443118412626
VHC,2012-05-30,223.25007338458497,2012-06-05,208.6733809002699,3608,200.3187075912261,11.465682896679445,22.93136579335888,-52592.706483408736,-53060.22043032666,-0.6356661271583133,stop_loss,6,-0.6356661271583133,241.64587943147475,225.86806748645216
DAL,2012-05-30,10.06904107722449,2012-06-05,8.889431984619847,39998,9.34877244042988,0.3601343183973057,0.7202686367946107,-47182.00448600052,-47409.49478765882,-1.6377349121491964,stop_loss,6,-1.6377349121491964,120.82245150204754,106.66785015624738
TLT,2012-05-18,83.51962258437185,2012-06-07,84.45569999416551,9575,81.82322238870307,0.8482000978343859,1.6964001956687724,8962.941198774375,8480.432084667525,0.5518022293228033,trailing_stop,20,0.5518022293228033,239.91011587360808,242.59899823324042
IEF,2012-06-01,80.69232178079312,2012-06-07,79.4382501525416,5000,80.01384054889566,0.339240615948735,0.6784812318974645,-6270.358141257617,-6510.553999157619,-1.8483512428845565,stop_loss,6,-1.8483512428845565,121.03848267118968,119.15737522881241
LQD,2012-06-04,71.39976844897696,2012-06-07,70.73221978359385,11016,70.79162698267729,0.3040707331498334,0.6081414662996707,-7353.716097860325,-7823.433892571325,-1.097686479833237,stop_loss,3,-1.097686479833237,235.96195477017903,233.75583994082095
WWW,2012-05-01,16.677384770443254,2012-06-12,15.900282978982741,50611,15.745657754740629,0.4658635078513124,0.9317270157026254,-39329.89876760803,-39824.535270347886,-0.8340444984033143,trailing_stop,42,-0.8340444984033143,253.21773618507106,241.41876655478868
ED,2012-06-08,36.57530488796857,2012-06-21,36.549540677049926,10735,35.87587541108921,0.3497147384396805,0.6994294768793594,-276.57880421165294,-512.077369353795,-0.036836038185861036,trailing_stop,13,-0.036836038185861036,117.7907693917028,117.70779575043929
RHP,2012-06-07,19.508985081759086,2012-06-22,18.37038721801558,40462,18.26521433736551,0.6218853721967885,1.2437707443935757,-46069.94676278974,-46529.749311387786,-0.915440300293163,stop_loss,15,-0.915440300293163,236.81176631344087,222.9907822846039
KMB,2012-06-07,47.8796293100094,2012-06-22,48.264773320291155,16486,46.89143235475015,0.4940984776296224,0.988196955259248,6349.484153505034,5873.973166976093,0.3897441782551494,trailing_stop,15,0.3897441782551494,236.8030706414445,238.70791588749603
SCG,2012-06-08,36.81094681183796,2012-06-22,36.71391408658929,10666,35.98871915060207,0.4111138306179442,0.8222276612358854,-1034.9510475022812,-1270.2158974050687,-0.11801199329978464,trailing_stop,14,-0.11801199329978464,117.78766760851909,117.47718229426839
LKQ,2012-05-09,15.313601470312578,2012-06-26,15.261052831729392,54445,14.586435216514623,0.36358312689897737,0.7271662537979555,-2861.0106276615697,-3360.4017437039724,-0.0722649577159653,trailing_stop,48,-0.0722649577159653,250.12470961535053,249.26640642705206
ARNA,2012-06-22,116.71659999999999,2012-06-26,96.20370000000001,6907,105.81407375866439,5.451263120667798,10.902526241335593,-141682.60029999982,-142123.79245362984,-1.8814813691736714,stop_loss,4,-1.8814813691736714,241.84846685999995,199.34368677000003
PETM,2012-05-24,61.36935665432035,2012-06-28,63.73525535022455,13043,58.402788935800174,1.4832838592600885,2.9665677185201744,30858.416690678478,30368.894854365895,0.79752054238775,trailing_stop,35,0.79752054238775,240.13215565269007,249.38968065989363
DLTR,2012-06-07,52.71265999999999,2012-06-28,52.3476,7487,50.431095106367366,1.140782446816313,2.281564893632627,-2733.2042199999446,-2969.1800699859446,-0.16000421509762844,trailing_stop,21,-0.16000421509762844,118.39790562599997,117.57794435999999
ROST,2012-01-06,20.972839992510412,2012-06-29,26.11662317096056,34842,20.033687543483175,0.4695762245136191,0.9391524490272367,179219.69350356,178727.4861808975,5.4770481446095545,trailing_stop,175,5.4770481446095545,219.2207073057143,272.98661535678235
DUK,2012-06-04,37.45598062151719,2012-07-06,37.810043519599155,21000,36.61448252296912,0.42074904927403745,0.8414980985480724,7435.320859721231,6961.144907632198,0.4207530577821463,trailing_stop,32,0.4207530577821463,235.9726779155583,238.20327417347468
EXPE,2012-05-24,41.50075157267022,2012-07-11,41.655318839242575,19288,38.74129684842826,1.3797273621209778,2.759454724241955,2981.2934376476255,2500.1191518161336,0.05601369908861907,trailing_stop,48,0.05601369908861907,240.13994890009891,241.0343369313932
SBH,2012-02-13,23.093069999999997,2012-07-19,25.40457,33271,21.992748711077066,0.5501606444614663,1.100321288922931,76905.91650000008,76421.84700586808,2.100750047527168,trailing_stop,157,2.100750047527168,230.49885959099996,253.57063454099995
AAL,2012-06-22,12.511262983526821,2012-07-20,11.695280313133704,64439,11.260174191338212,0.6255443960943047,1.2510887921886091,-52581.10729746207,-53049.060930510124,-0.6522180323953399,trailing_stop,28,-0.6522180323953399,241.86398261864548,226.08965042940684
CYH,2012-06-29,27.68415013057475,2012-07-24,26.04381959480788,29106,25.777539995797557,0.953305067388596,1.9066101347771927,-47743.460574030556,-48212.60246007865,-0.8603387267521061,stop_loss,25,-0.8603387267521061,241.73246211015257,227.40942393794344
IT,2012-07-06,46.316269999999996,2012-07-24,44.545410000000004,17925,44.378196992650906,0.9690365036745441,1.9380730073490895,-31742.665499999854,-32231.27418419985,-0.9137220286774372,stop_loss,18,-0.9137220286774372,249.06574192499997,239.54294227500003
ABT,2012-07-11,24.051872483553332,2012-07-25,23.61392948506236,34182,23.489809148846465,0.28103166735343316,0.5620633347068669,-14969.76757441838,-15458.561307285747,-0.7791701956851035,stop_loss,14,-0.7791701956851035,246.64233156984602,242.15140129752047
AMRN,2012-06-26,135.3352,2012-07-30,136.2636,5901,121.74138122283543,6.796909388582277,13.593818777164557,5478.488400000062,4997.677044360063,0.06829574641377258,trailing_stop,34,0.06829574641377258,239.58390455999998,241.22745107999998
IEF,2012-07-24,81.09323174725189,2012-07-30,80.44313533427032,9984,80.46390990216017,0.3146609225458626,0.6293218450917237,-6490.56258720798,-6974.396313890556,-1.0330110388696532,stop_loss,6,-1.0330110388696532,242.89044772936887,240.9432789532065
CLGX,2012-07-25,22.796508682946964,2012-08-02,22.282070642789446,35407,21.57077870228828,0.612864990329343,1.2257299806586843,-18214.70768785725,-18693.536865313155,-0.4196993206293845,stop_loss,8,-0.4196993206293845,242.14679488113094,236.68238257477375
AOS,2012-07-19,10.29432564912621,2012-08-03,10.10433908890913,79245,9.718458359372672,0.2879336448767684,0.5758672897535373,-15055.484964402438,-15540.432620552121,-0.3299137902039732,stop_loss,15,-0.3299137902039732,244.73215081950192,240.2155053301812
AGNC,2012-06-01,5.420160531143314,2012-08-08,5.64507588467959,148878,5.293130950586179,0.06351479027856749,0.1270295805571351,33484.9480037737,32990.73692363924,1.7705746374177318,stop_loss,68,1.7705746374177318,242.0827978666663,252.12828226779843
O,2012-06-07,20.04587146885072,2012-08-10,20.364268789506482,39379,19.42437381773643,0.3107488255571455,0.6214976511142893,12538.168090103269,12060.774816133115,0.5123065551171508,trailing_stop,64,0.5123065551171508,236.81591177156176,240.5773621985927
EXPE,2012-07-30,49.97721562956948,2012-08-15,47.65150432106274,16591,45.787437114642664,2.0948892574634064,4.1897785149268145,-38585.87631943533,-39071.803747245605,-0.5550917071680495,trailing_stop,16,-0.5550917071680495,248.75159535305616,237.1758324572256
AEE,2012-06-12,20.722167935656913,2012-08-17,21.068138848702613,19045,20.166237459409466,0.27796523812372415,0.5559304762474468,6589.01603895537,6350.247121142932,0.6223276611511179,trailing_stop,66,0.6223276611511179,118.39610650037578,120.37281131206238
PNW,2012-06-07,29.668642372639983,2012-08-21,30.70196423612191,13303,28.933315644108514,0.3676633642657339,0.7353267285314686,13746.280749900072,13505.347695985163,1.4052554101298458,trailing_stop,75,1.4052554101298458,118.40458484496891,122.52846906993892
DG,2012-06-01,41.756017979546044,2012-08-23,42.83446454057651,19325,40.01397178586902,0.8710230968385124,1.7420461936770266,20840.979791913793,20350.56646950338,0.6190688656505343,trailing_stop,83,0.6190688656505343,242.0805142364182,248.33280817399233
MO,2012-06-08,13.786078996377654,2012-08-23,14.438740455671754,56961,13.461466719549366,0.162306138414144,0.3246122768282884,37176.249382851216,36693.935200608765,2.010587725366102,trailing_stop,76,2.010587725366102,235.5806537138003,246.7335285286556
DTE,2012-06-12,30.84727616773258,2012-08-24,31.10335183090256,12794,30.117665839259114,0.36480516423673237,0.7296103284734663,3276.232034596728,3038.453134212367,0.350975929446828,trailing_stop,73,0.350975929446828,118.3980153869912,119.38088499737022
MLNX,2012-07-20,92.69259999999998,2012-09-11,102.32757000000001,8761,82.58173765734603,5.055431171326977,10.11086234265396,84411.97217000021,83899.40065718922,0.9529325663305371,trailing_stop,53,0.9529325663305371,243.62396057999996,268.94755223100003
AMGN,2012-07-30,57.089302557829186,2012-09-17,55.78284711762953,14524,54.870514678469576,1.1093939396798052,2.21878787935961,-18974.958813459805,-19466.765344025716,-0.5888149346555505,trailing_stop,49,-0.5888149346555505,248.7495091049733,243.05702146093537
STZ,2012-08-15,26.02858708489528,2012-09-17,27.14966342536555,32233,24.780735284401246,0.6239259002470157,1.2478518004940327,36135.653682378244,35621.42531776908,0.8984050349780556,trailing_stop,33,0.8984050349780556,251.69383425222887,262.5345303569423
HUN,2012-09-17,10.539840112562711,2012-09-21,10.369716811809232,82680,9.97205500178621,0.2838925553882511,0.5677851107765015,-14065.794506297665,-14584.435156249787,-0.2996262098539693,stop_loss,4,-0.2996262098539693,261.43019415200547,257.2104558001162
BBWI,2012-09-21,24.596350215903637,2012-09-25,23.786309417617872,35671,23.7188821800061,0.43873401794876854,0.877468035897536,-28894.965315651538,-29412.72267118774,-0.9231570440707834,stop_loss,4,-0.9231570440707834,263.21292256544956,254.54443297075414
HBI,2012-08-02,5.372773675682778,2012-09-26,5.4286162320218265,152422,5.085089874933319,0.1438419003747294,0.2876838007494591,8511.634122310492,8017.723286556846,0.19411088213368502,trailing_stop,55,0.19411088213368502,245.6786727584761,248.23216299516926
CHS,2012-08-23,13.6331491827201,2012-09-26,13.53799451154173,62129,12.950360022386683,0.34139458016670854,0.6827891603334173,-5911.864565640988,-6418.299361615226,-0.1393617191167842,trailing_stop,34,-0.1393617191167842,254.10417767196512,252.33061830227282
BKD,2012-08-23,22.182159999999996,2012-09-27,22.0779,38185,20.8235005906908,0.6793297046545989,1.3586594093091975,-3981.1680999998653,-4488.189217329865,-0.07673740695102303,trailing_stop,35,-0.07673740695102303,254.10773387999996,252.91338345
MTH,2012-09-13,18.552575906953887,2012-09-27,17.93100604877523,23233,17.398609628886764,0.5769831390335618,1.1539662780671236,-14440.932515064718,-14695.219432937954,-0.5386378007681268,trailing_stop,14,-0.5386378007681268,129.3095988138779,124.97731905935849
DHI,2012-09-17,19.000265758000495,2012-09-27,17.910279092140765,22932,17.907852070795975,0.5462068436022604,1.0924136872045196,-24995.57422149532,-25249.504005846353,-0.9977782946394597,stop_loss,10,-0.9977782946394597,130.71422830874022,123.21555604229162
RYL,2012-09-20,31.567334745140574,2012-09-27,29.9404323030205,13848,29.439954490842524,1.063690127149024,2.1273802542980498,-22529.345018478776,-22784.872885903656,-0.7647445438271617,trailing_stop,7,-0.7647445438271617,131.14333546521198,124.38453195966837
ANDV,2012-08-08,30.276966312846902,2012-10-11,34.656282920913476,27529,28.290955939121723,0.9930051868625889,1.986010373725179,120558.20690346471,120021.94267801785,2.205082443679409,trailing_stop,64,2.205082443679409,250.04838168790872,286.21584375894815
TJX,2012-01-06,13.691499930700827,2012-10-15,17.855871821561557,26686,13.171301843069644,0.26009904381559157,0.5201980876311829,111130.42827950945,110877.86633073518,8.005357939364904,trailing_stop,283,8.005357939364904,109.61141014520467,142.95053862905752
GE,2012-09-28,86.45343390904245,2012-10-22,82.83250316604992,9995,84.0574406044869,1.1979966522777716,2.395993304555546,-36191.20277621031,-36698.806658529975,-1.5112440990999372,stop_loss,24,-1.5112440990999372,259.23062157626373,248.3732607434007
PEP,2012-05-16,44.59504334362621,2012-10-23,45.72243364193096,18608,43.62214350248002,0.4864499205730932,0.9728998411461873,20978.478670854853,20474.29038733068,1.1587937942065636,trailing_stop,160,1.1587937942065636,248.94736996145895,255.24091356271543
SHW,2012-01-04,26.289015370772454,2012-10-26,40.80099593691738,27732,25.258931742674775,0.5150418140488394,1.0300836280976782,402446.24506033113,401888.08300225565,14.088157670212794,trailing_stop,296,14.088157670212794,218.7140922786785,339.4479657967778
GAP,2012-08-03,21.458292709696696,2012-10-26,22.986100323170618,38208,20.390171984544246,0.5340603625762256,1.0681207251524505,58374.4732956116,57865.03388491166,1.4303697863889506,trailing_stop,84,1.4303697863889506,245.96353435562742,263.47587634431085
FNF,2012-09-25,9.15020530417642,2012-10-26,9.376528260765838,95168,8.862894697171154,0.1436553035026331,0.2873106070052671,21538.703132701652,21009.757478729123,0.7877292068972173,trailing_stop,31,0.7877292068972173,261.2420215163585,267.703632456169
ONXX,2012-06-22,63.243179999999995,2012-10-31,79.73019000000001,12748,58.17791814718666,2.532630926406666,5.065261852813336,210176.40348000015,209629.61612377217,3.254917609213596,trailing_stop,131,3.254917609213596,241.86721759199997,304.920138636
PCYC,2012-06-08,36.83679999999999,2012-11-05,54.10583999999999,21317,33.79894398514206,1.5189280074289635,3.0378560148579297,368124.12568000006,367542.538402936,5.684614384466678,trailing_stop,150,5.684614384466678,235.5750196799999,346.01225738399995
PPG,2012-09-11,45.60234313741386,2012-11-05,47.04619814569947,18819,43.82801694847544,0.8871630944692118,1.7743261889384243,27171.907400926888,26648.841531404814,0.8137483498169326,trailing_stop,55,0.8137483498169326,257.4571486508974,265.6087208711755
AEM,2012-10-26,44.103614929719335,2012-11-05,41.44883539277475,19437,41.67759503079216,1.2130099494635866,2.426019898927173,-51600.94985959196,-52099.81475266745,-1.094294213381587,stop_loss,10,-1.094294213381587,257.1725890166864,241.69230405880884
WAC,2012-10-31,46.436389999999996,2012-11-06,43.086870000000005,18363,42.65955093125533,1.8884195343723307,3.776839068744664,-61507.235759999836,-62000.41044701383,-0.8868580151373238,stop_loss,6,-0.8868580151373238,255.813428871,237.36125814300001
DISH,2012-10-23,35.098865234966866,2012-11-07,34.766167971824686,24849,33.31285153805236,0.893006848457253,1.7860136969145088,-8267.194291820022,-8788.01715486669,-0.18627923386978643,stop_loss,15,-0.18627923386978643,261.65151066710746,259.1713523795615
COF-WS,2012-10-22,61.201138998999994,2012-11-09,57.981960998999995,14330,58.77782494907541,1.211657024962291,2.423314049924585,-46130.82073999999,-46643.188886891396,-1.3284196491578062,stop_loss,18,-1.3284196491578062,263.103696556701,249.264450334701
COF,2012-10-22,48.24296473070554,2012-11-09,45.743844354270095,9089,46.333045017221494,0.9549598567420213,1.9099197134840438,-22714.505101421735,-22970.778933753736,-1.3084949900205955,stop_loss,18,-1.3084949900205955,131.54409193121478,124.72974040078829
CVH,2012-08-21,41.61685192290466,2012-11-12,42.67174416294733,20239,39.31978219191879,1.148534865492935,2.297069730985868,21349.964046223577,20838.18897736911,0.4592338777586543,trailing_stop,83,0.4592338777586543,252.68503982030023,259.09002903416723
GWR,2012-10-11,69.16909999999999,2012-11-12,70.09983,12598,66.15932497837683,1.504887510811575,3.009775021623156,11725.33654000014,11198.98354595814,0.30923573799149723,trailing_stop,32,0.30923573799149723,261.4176965399999,264.93529750199997
MDC,2012-06-28,15.01419413315955,2012-11-13,16.790426476853433,54011,13.819177941445167,0.5975080958571921,1.1950161917143838,95936.08511525029,95420.74530612006,1.4863667588852327,trailing_stop,138,1.4863667588852327,243.2794917978241,272.0603173323992
SIG,2012-10-26,40.988157577355786,2012-11-13,41.40550658536728,20914,39.297791010611306,0.8451832833722396,1.6903665667444798,8728.437153552337,8211.48282586258,0.2468985226176561,trailing_stop,18,0.2468985226176561,257.1678982718457,259.78642941791134
TFCF,2012-06-28,18.54632849799968,2012-11-15,19.90773597842276,21862,17.67620917693724,0.43505966053122125,0.8701193210624432,29763.09033700935,29510.885509734286,1.5646215955310099,trailing_stop,140,1.5646215955310099,121.63795008698071,130.56687718808354
AOL,2012-07-26,25.597231578984463,2012-11-15,31.222996761170027,31446,24.40329904695929,0.5969662660125862,1.1939325320251726,176907.81191900725,176371.7812488919,4.711962385883754,trailing_stop,112,4.711962385883754,241.4791632698236,294.5515068455258
MHK,2012-11-05,87.08699999999999,2012-11-15,82.12778999999999,9797,82.52827329901994,2.2793633504900255,4.558726700980046,-48585.38036999999,-49082.71955928899,-1.087849815373634,stop_loss,10,-1.087849815373634,255.9574017,241.38178758899997
HCA,2012-11-06,28.052608571993176,2012-11-15,26.35328309110433,30337,26.234866059289693,0.9088712563517418,1.8177425127034823,-51552.437113724896,-52047.59057433991,-0.9348548922704578,stop_loss,9,-0.9348548922704578,255.3095958745671,239.84386474044965
CSC,2012-11-07,25.710200709178345,2012-11-15,24.438318633659225,16818,24.42199896102325,0.6441008740775475,1.288201748155096,-21390.512746080552,-21643.532085572904,-0.9873314310748695,stop_loss,8,-0.9873314310748695,129.71824665808842,123.30109283426425
AMCX,2012-11-09,52.622569999999996,2012-11-15,50.11983,16077,49.57756505973467,1.522502470132665,3.045004940265329,-40236.550979999934,-40732.08784943993,-0.8219165647008498,stop_loss,6,-0.8219165647008498,253.803917367,241.732952073
TFCFA,2012-06-27,18.02627665019912,2012-11-16,19.296640590647268,44741,17.186056507347338,0.4201100714258911,0.8402201428517806,56837.35305959065,56336.39366750883,1.5119417824671795,trailing_stop,142,1.5119417824671795,241.9540930819676,259.00529899984485
DFS-P-B,2012-09-28,39.03494191732038,2012-11-16,37.72817923805965,22137,37.36032290830825,0.8373095045060651,1.6746190090121331,-28927.805430794746,-29437.596994699743,-0.7803343161807264,stop_loss,49,-0.7803343161807264,259.2349527671164,250.55661113787795
DFS,2012-09-28,30.647245925270553,2012-11-16,29.69628551806878,14098,29.33018880736247,0.6585285589540406,1.3170571179080817,-13406.639820730596,-13661.856752617055,-0.7220342946949861,trailing_stop,49,-0.7220342946949861,129.61946191633928,125.59746997012012
HD,2012-11-14,45.9881306102647,2012-11-16,44.29241773007086,18171,44.34348183273715,0.8223243887637756,1.64464877752755,-30812.798746002234,-31304.945099169905,-1.0310486368664404,stop_loss,2,-1.0310486368664404,250.6950963957359,241.45125677193528
EFX,2012-11-14,44.56251353575893,2012-11-16,43.22752797922098,18752,43.10342617444132,0.7295436806588088,1.4590873613176143,-25033.649156199663,-25527.52081374633,-0.914945596768384,stop_loss,2,-0.914945596768384,250.69087614676542,243.18078139990556
HRL,2012-11-20,11.254286566168235,2012-11-21,10.811513751525526,72932,10.935322206112701,0.15948218002776704,0.3189643600555332,-32292.306917522023,-32775.09780215304,-1.3881576442133527,stop_loss,1,-1.3881576442133527,246.2392883531345,236.55159627787788
BMRN,2012-11-06,48.56852,2012-11-28,48.111839999999994,17522,45.19968432276535,1.6844178386173247,3.3688356772346495,-8001.946960000101,-8510.156940376102,-0.13556018866876796,trailing_stop,22,-0.13556018866876796,255.30528223199997,252.90469814399992
BAX,2012-11-05,27.57050322420845,2012-12-05,28.104405160043907,30946,26.775497070867505,0.39750307667047247,0.795006153340946,16522.129306364008,16005.254591906285,0.671569564074162,trailing_stop,30,0.671569564074162,255.95903783290643,260.91567662481566
ROP,2012-11-21,104.16345809716407,2012-12-05,100.66584664515891,7895,100.55407555018871,1.8046912734876788,3.609382546975354,-27613.642413580736,-28098.780621862927,-0.969033181294718,stop_loss,14,-0.969033181294718,246.7111505031331,238.42705777905886
DBI,2012-11-21,23.2679444223167,2012-12-11,22.69212209397887,35344,22.000902327865838,0.6335210472254301,1.2670420944508614,-20351.864372772212,-20839.188150057795,-0.45446187688609596,trailing_stop,20,-0.45446187688609596,246.71466829870846,240.60910898687678
LQD,2012-09-26,74.88097544132906,2012-12-13,75.28721322500529,11536,74.24313599346068,0.3189197239341877,0.6378394478683731,4686.359072489016,4166.657005152567,0.6368966125156703,trailing_stop,78,0.6368966125156703,259.1480798073516,260.55398752909826
GME,2012-11-20,4.485639752182936,2012-12-21,4.5044767682444755,182985,4.191021159898585,0.1473092961421754,0.29461859228435117,3446.891384020751,2953.3744425736277,0.06393695630504763,trailing_stop,31,0.06393695630504763,246.2414370159584,247.2755044311646
CAG,2012-11-28,14.011491860871494,2012-12-24,14.10148115212594,59057,13.645381635316873,0.1830551127773104,0.36611022555462114,5314.49757361379,4816.417219445213,0.2457983551760145,trailing_stop,26,0.2457983551760145,248.24300244824636,249.8373517203305
RCL,2012-10-26,27.845853124902103,2012-12-26,28.145479712022997,30785,26.37861396725612,0.7336195788229926,1.4672391576459844,9224.004484516725,8706.896530101303,0.20421114414749555,trailing_stop,61,0.20421114414749555,257.17037653503337,259.9375778803884
CPB,2012-11-14,23.71448319396731,2012-12-27,23.04071023303993,35239,23.080619711756526,0.316931741105393,0.6338634822107849,-23743.08537011994,-24237.367248472234,-1.0629622621221197,stop_loss,43,-1.0629622621221197,250.70240198166425,243.5794763706282
REGN,2012-11-21,170.78817489564364,2012-12-27,167.79113862624152,4815,157.6996291879289,6.544272853857359,13.08854570771473,-14430.72963717119,-14919.807455553553,-0.22898161005279488,trailing_stop,36,-0.22898161005279488,246.70351863675722,242.3742997456059
GILD,2012-11-13,25.673536108053533,2012-12-31,24.925365072763313,32630,24.291450497577777,0.6910428052378778,1.3820856104757553,-24412.82088151987,-24908.133525178884,-0.5413347983795859,trailing_stop,48,-0.5413347983795859,251.318244961736,243.99439869728005
AON,2012-11-21,49.81383584410062,2012-12-31,48.39453617056898,16509,48.358248198058064,0.727793823021281,1.4555876460425594,-23431.218310333843,-23917.614914410897,-0.9750698814945434,trailing_stop,40,-0.9750698814945434,246.71298478507717,239.68361929197704
ILMN,2012-12-21,53.828093385201406,2013-01-08,49.33777237353972,15725,50.60572406725163,1.6111846589748893,3.222369317949777,-70610.29790837999,-71096.98288009684,-1.3934842870582687,stop_loss,18,-1.3934842870582687,253.93403054468763,232.7509411721736
AABA,2012-11-20,5.071457039890909,2013-01-10,5.267180722465961,161848,4.893269968416619,0.08909353573714514,0.17818707147428992,31677.486577406966,31175.500224038384,1.09841685457686,trailing_stop,51,1.09841685457686,246.24155369767914,255.74479967090124
YHOO,2012-11-20,18.45844,2013-01-10,19.170810000000003,22233,17.809897511796823,0.3242712441015879,0.6485424882031765,15838.122210000078,15587.138875425078,1.0984168546515198,trailing_stop,51,1.0984168546515198,123.115948956,127.86738561900002
NSM,2013-01-08,38.96892999999999,2013-01-22,35.774190000000004,21888,35.59133385429975,1.6887980728501233,3.3775961457002452,-69926.46911999976,-70417.26234316776,-0.9458620457235433,stop_loss,14,-0.9458620457235433,255.88558195199994,234.90764121600003
F,2012-12-31,6.944656545304315,2013-01-30,7.0515382333314784,119352,6.623674742487891,0.16049090140821168,0.32098180281642374,12756.543229418041,12255.401077652119,0.3329836367337359,trailing_stop,30,0.3329836367337359,248.65759439854818,252.48455736737358
WBC,2013-01-02,66.24618,2013-01-31,63.0369,12667,63.377619514195075,1.4342802429024595,2.8685604858049203,-40651.94975999991,-41143.2383923079,-1.1187771761763867,stop_loss,29,-1.1187771761763867,251.74210861799997,239.54652369000004
BALL,2012-11-20,19.3887407006822,2013-02-01,19.445431003594255,42334,18.768562753449935,0.31008897361613136,0.6201779472322642,2399.927283478979,1906.7255360003269,0.09140973677805542,trailing_stop,73,0.09140973677805542,246.24088464680406,246.96086283184775
RVTY,2013-01-10,32.79777163687404,2013-02-04,31.82237898789509,26074,31.551226999666255,0.6232723186038917,1.2465446372077835,-25432.38792947714,-25937.85967169421,-0.7824771130248456,trailing_stop,25,-0.7824771130248456,256.5507292979561,248.921012919113
BAP,2012-11-13,84.06635799496732,2013-02-06,89.70537852483106,9965,80.97697620406166,1.5446908954528324,3.0893817909056622,56192.83958009219,55673.34897376625,1.8252909195177995,trailing_stop,85,1.8252909195177995,251.3163772259548,268.1742290999825
TRMB,2012-12-11,29.729699999999998,2013-02-07,30.20976,27946,28.51345418558947,0.6081229072052643,1.2162458144105273,13415.756760000048,12913.236315252047,0.39470639430950094,trailing_stop,58,0.39470639430950094,249.24785885999995,253.272585888
VAL,2012-11-21,56.406752241060204,2013-02-13,58.077482572465904,14579,53.550219713301274,1.4282662638794634,2.8565325277589295,24357.5775015637,23856.857803759784,0.5848805554181659,trailing_stop,84,0.5848805554181659,246.706212276725,254.0134855271941
SBAC,2012-09-28,56.66515404530362,2013-02-14,61.087019821185514,15250,54.91096943251955,0.877092306392037,1.7541846127840728,67433.45308219883,66894.73688675965,2.520752800849126,trailing_stop,139,2.520752800849126,259.24307975726407,279.47311568192373
PHM,2012-08-10,10.740873577628903,2013-02-21,15.730866413960959,38988,9.750717267289618,0.49507815516964315,0.9901563103392856,194549.84070291417,194240.21664327654,5.039601105629666,trailing_stop,195,5.039601105629666,125.62955371337871,183.99450592425296
BCS,2013-02-13,13.710721496782607,2013-02-21,12.841316668092837,64258,13.123066050511591,0.2938277231355086,0.5876554462710164,-55866.21548194727,-56378.06974246684,-1.4794465604064464,stop_loss,8,-1.4794465604064464,264.30706258207704,247.54719793749285
LOW,2012-11-20,26.715138240924944,2013-02-26,28.50387753466307,30724,25.448129302999515,0.6335044689627151,1.2670089379254286,54957.22606081015,54448.2613486034,1.4117811170826986,trailing_stop,98,1.4117811170826986,246.2387721942534,262.72594001249644
VLO,2013-01-30,25.252710404115476,2013-02-26,25.271457196853515,34772,23.986914543115887,0.6328979304997937,1.2657958609995887,651.8634770870893,124.81557034082124,0.014810281274924323,trailing_stop,27,0.014810281274924323,263.426173851571,263.6217328946971
MAN,2013-01-31,36.026185501756615,2013-02-26,37.43377344360415,24168,34.80759446174336,0.6092955200066246,1.2185910400132514,34018.585378571304,33485.97129223386,1.1550946097816635,trailing_stop,26,1.1550946097816635,261.20425536193613,271.4098309755076
MLCO,2012-12-13,12.799527276468812,2013-02-27,15.066714733065364,65121,12.01253289501188,0.39349719072846556,0.7869943814569318,147641.51436102408,147097.11109725322,2.8808178431965388,trailing_stop,76,2.8808178431965388,250.05540473127766,294.3478590395849
FMX,2013-02-26,80.97454270424682,2013-03-01,78.84548262630294,10615,78.39009080633545,1.2922259489556827,2.5844518979113644,-22599.972727374246,-23108.91959803938,-0.823795590726407,stop_loss,3,-0.823795590726407,257.863431241674,251.08343942346173
KSU,2013-02-28,94.23588208024132,2013-03-04,91.98170890369524,9279,90.34930048242401,1.9432907989086536,3.8865815978173117,-20916.472905171166,-21434.84681319315,-0.5799886403548105,stop_loss,4,-0.5799886403548105,262.3244249467678,256.0494830752164
SLM,2013-03-04,5.886707857332442,2013-03-11,5.66299438390498,148966,5.641288283392193,0.12270978697012454,0.24541957394024916,-33325.70128259526,-33841.855165815716,-0.9115551373336176,stop_loss,7,-0.9115551373336176,263.0757968026154,253.0780864178368
INFY,2013-02-26,4.858041557667389,2013-03-13,4.679351235751154,176943,4.660587791541833,0.09872688306277799,0.1974537661255562,-31618.001630824296,-32124.274098738053,-0.9049729737877453,stop_loss,15,-0.9049729737877453,257.87893420150226,248.39353371225494
ERIC,2013-02-04,8.325945912082979,2013-03-22,8.546719531372593,105213,7.941960760247534,0.19199257591772223,0.3839851518354447,23228.25480631822,22695.687681527532,0.5749535320163272,trailing_stop,46,0.5749535320163272,262.79932417439596,269.7678006162914
PCYC,2013-02-14,78.55847999999999,2013-03-22,80.87903999999999,11237,73.83815951188197,2.3601602440590117,4.72032048811802,26076.132720000005,25538.652896328003,0.49161068741864217,trailing_stop,36,0.49161068741864217,264.82849192799995,272.651331744
CRL,2013-03-13,44.574529999999996,2013-03-26,44.26569,20125,42.75956761255524,0.9074811937223786,1.8149623874447585,-6215.404999999929,-6751.777828249929,-0.1701633059375984,trailing_stop,13,-0.1701633059375984,269.118724875,267.254103375
BC,2013-01-03,25.543166586534166,2013-04-02,27.03044955609234,33430,24.238779342730496,0.6521936219018354,1.3043872438036708,49719.86967232972,49192.608876035316,1.140215819054752,trailing_stop,89,1.140215819054752,256.17241769635115,271.0883785980501
ALK,2012-11-07,18.537798070460763,2013-04-04,25.910949563129943,46650,17.765224241723608,0.38628691436857776,0.7725738287371549,343957.51713301725,343335.45690988516,9.543620581506488,trailing_stop,148,9.543620581506488,259.4364839960984,362.62373913600356
RRC,2013-03-01,70.94414691435874,2013-04-04,70.98634190378132,12300,67.59964146621044,1.6722527240741485,3.344505448148297,518.9983698977742,-4.725133841162631,0.012616211896423951,trailing_stop,34,0.012616211896423951,261.78390211398374,261.93960162495307
KBH,2013-03-22,19.087222638917876,2013-04-04,17.378416009879846,47299,17.80949316528416,0.6388647368168587,1.2777294736337161,-80824.84474686977,-81342.28121960461,-1.3373774842795005,stop_loss,13,-1.3373774842795005,270.84196307945297,246.59450965539202
TSLA,2013-04-02,2.909573333333333,2013-04-04,2.737926000032587,313686,2.6970933479833836,0.10623999267497455,0.21247998534994927,-53843.36539377774,-54374.827836543605,-0.8078282432957008,stop_loss,2,-0.8078282432957008,273.80772619199996,257.65471657386666
KEX,2013-02-01,71.25118,2013-04-05,72.5274,12205,68.4047390025141,1.4232204987429469,2.8464409974858995,15576.265099999939,15049.81982932994,0.44835638649359255,trailing_stop,63,0.44835638649359255,260.88619557000004,265.55907510000003
LNC,2013-03-11,21.358791866030504,2013-04-05,20.013573454677488,21103,20.38191099727107,0.4884404343797165,0.9768808687594337,-28388.14413478271,-28650.068442391577,-1.3770547201536911,stop_loss,25,-1.3770547201536911,135.2203754246525,126.7039321842177
ETP-,2013-03-22,34.78684209332538,2013-04-08,34.37945627913408,25953,33.73662276550602,0.5251096639096818,1.050219327819363,-10572.884035706827,-11111.405918204959,-0.3879054626019707,trailing_stop,17,-0.3879054626019707,270.8468738544221,267.67500864371004
ROP,2013-01-22,107.61228899292952,2013-04-16,110.99564747410793,4016,104.7397018591333,1.4362935668981085,2.872587133796216,13587.567660412475,13324.188818556988,1.1778088265358162,trailing_stop,84,1.1778088265358162,129.65128577868145,133.72755607680526
SIX,2013-02-21,22.356778407983462,2013-04-16,23.83265717852011,38997,21.526811792010474,0.41498330798649474,0.8299666159729888,57554.844414617575,57014.46958874751,1.778238717236162,trailing_stop,54,1.778238717236162,261.55418627283933,278.8206395972246
V,2013-03-26,37.55550569946034,2013-04-16,36.96906246581195,24056,36.415859724490524,0.5698229874849088,1.1396459749698167,-14107.478428645638,-14645.307332180775,-0.514583692241725,trailing_stop,21,-0.514583692241725,271.0305735318654,266.79833000327164
BBY,2013-04-05,15.738938495984236,2013-04-16,14.557084195822586,57032,14.530672267229484,0.6041331143773762,1.208266228754752,-67403.5144468192,-67921.86727666695,-0.9781406382430115,stop_loss,11,-0.9781406382430115,269.2869420908919,249.06588775684614
SNY,2013-04-16,31.175940335992394,2013-04-18,30.229283411110863,28478,30.074724658811842,0.5506078385902764,1.1012156771805515,-26958.895906776223,-27483.505295337225,-0.8596471558643819,stop_loss,2,-0.8596471558643819,266.34852866651744,258.26085989448455
BAC,2012-12-06,8.1183103554159,2013-04-19,8.91941436518096,101732,7.702040665707697,0.2081348448541016,0.4162696897082032,81497.91312141911,80977.9285780364,1.924483164572031,trailing_stop,134,1.924483164572031,247.7675847231511,272.21695865957685
UNG,2013-04-19,238.23799999999997,2013-04-26,225.9738,3713,225.89159532672548,6.1732023366372415,12.346404673274492,-45536.97459999985,-46054.06012401985,-0.9933418128232525,stop_loss,7,-0.9933418128232525,265.37330819999994,251.71221582000004
SIRO,2013-01-02,66.04598,2013-05-20,69.16077,12705,63.55002054926931,1.2479797253653433,2.4959594507306875,39573.40694999999,39058.066422374985,1.2479329338015288,trailing_stop,138,1.2479329338015288,251.73425277,263.60627485500004
ADBE,2012-12-05,35.3353,2013-05-23,42.61734,23473,34.17914052200683,0.5780797389965822,1.1561594779931639,170931.32492000004,170382.39022438403,6.298473643653388,trailing_stop,169,6.298473643653388,248.82764907,300.10704654599994
ELS-P-C,2013-04-05,71.43227893068895,2013-05-24,72.88403238831285,12566,69.78631433423068,0.8229822982291382,1.6459645964582705,18242.733948501857,17698.690318091485,0.8820077058447837,trailing_stop,49,0.8820077058447837,269.2854051129112,274.75822529746176
GEO,2013-02-27,11.554702632110569,2013-05-30,12.15829146782239,74653,11.107779674381453,0.22346147886455808,0.4469229577291163,45059.71735239463,44528.64350783195,1.350543366084277,trailing_stop,92,1.350543366084277,258.77796467848515,272.2958798842035
NGG,2013-04-04,27.71835162993833,2013-05-30,27.901767106532258,32191,27.11432120627633,0.302015211831,0.6040304236619995,5904.327607035164,5367.187434361447,0.3036527125272147,trailing_stop,56,0.3036527125272147,267.6844371958034,269.45573547791395
XLP,2013-04-17,28.83298683268503,2013-05-30,29.044439584942783,15636,28.315340368440083,0.25882323212247355,0.5176464642449474,3306.275234302218,3034.7838024624093,0.4084887406044258,trailing_stop,43,0.4084887406044258,135.24977463475895,136.2416572050496
KO,2013-04-18,28.37653860115145,2013-05-30,27.659845897340087,15704,27.522578137016204,0.42698023206762203,0.8539604641352447,-11254.942220653618,-11518.940835302912,-0.8392574760906685,trailing_stop,42,-0.8392574760906685,133.6875486577447,130.31106599154865
SPG,2013-04-08,82.87496674937736,2013-05-31,85.07895550798317,10827,81.00607050765393,0.9344481208617141,1.8688962417234336,23862.586289425028,23317.055154540893,1.1792996900530754,trailing_stop,53,1.1792996900530754,269.1861794986526,276.34495538548015
TWX,2013-04-04,50.738679683557486,2013-06-03,51.07589278078767,17586,49.09739562091035,0.8206420313235696,1.6412840626471379,5930.229527890002,5393.076206482609,0.2054568766641836,trailing_stop,60,0.2054568766641836,267.6871262745126,269.4661951328796
KATE,2013-04-04,19.999979999999997,2013-06-04,21.28869,44614,18.73800220538439,0.6309888973078038,1.261977794615607,57494.50794000008,56941.892122986086,1.0211827858607745,trailing_stop,61,1.0211827858607745,267.683732316,284.932084698
SKS,2013-05-23,15.57556,2013-06-04,14.8851,59160,14.683853500294488,0.4458532498527559,0.8917064997055117,-40847.61359999999,-41388.22939367999,-0.7743130729988241,stop_loss,12,-0.7743130729988241,276.43503888,264.1807548
MHK,2012-12-24,91.39129999999999,2013-06-06,106.36353,9188,86.73287867293062,2.3292106635346785,4.658421327069362,137564.8492400001,137019.7578265881,3.21401370739025,trailing_stop,164,3.21401370739025,251.91097931999997,293.180434092
GSK,2013-04-16,32.3361292899218,2013-06-06,33.95712160505999,27456,31.646887332216547,0.3446209788526256,0.6892419577052529,44505.96500443411,43959.92075546232,2.3518479933158525,trailing_stop,51,2.3518479933158525,266.34622973522784,279.69801923655814
EQT,2013-04-26,36.554876196005125,2013-06-06,38.43059514225775,24570,34.74298841532653,0.9059438903392966,1.811887780678596,46086.41450942701,45533.69660019268,1.0352290943482843,trailing_stop,41,1.0352290943482843,269.4459924407538,283.2719167935819
ANDV,2013-05-20,56.18781532106114,2013-06-06,51.39186288597238,16581,52.14417197400964,2.021821673525749,4.0436433470515,-79521.6873262067,-80056.82091951194,-1.1860473398540003,stop_loss,17,-1.1860473398540003,279.4950497515544,255.6385435536924
F,2013-05-30,8.623134291640548,2013-06-07,8.50761445603728,105394,8.254672742232158,0.18423077470419552,0.3684615494083907,-12175.097553570951,-12716.740993624779,-0.3135193775001765,stop_loss,8,-0.3135193775001765,272.6479846599492,268.99545539387793
TFCF,2013-01-02,22.41180379945557,2013-06-13,25.663273153669433,37443,21.612480725491576,0.3996615369819965,0.7993230739639934,121744.7670298297,121204.74449792293,4.067778674384083,trailing_stop,162,4.067778674384083,251.74955089890446,288.2729810078534
GCI,2013-06-14,8.245382148691883,2013-06-17,7.876151186424748,110902,7.679708090816712,0.28283702893758533,0.5656740578751709,-40948.452177349835,-41484.82526432917,-0.6527274092329237,stop_loss,3,-0.6527274092329237,274.3288113162682,262.0442756630632
AEGR,2013-05-30,68.73867,2013-06-18,62.61732,13221,62.54851941174783,3.095075294126082,6.190150588252166,-80930.36834999999,-81451.365613137,-0.9888854742269537,stop_loss,19,-0.9888854742269537,272.638186821,248.35907631599997
GWW,2013-04-17,192.39002688002748,2013-06-21,204.3495203569595,4686,184.10527906197518,4.142373909026147,8.284747818052296,56042.1864329034,55484.44997739764,1.4435555239077429,trailing_stop,65,1.4435555239077429,270.4618997879426,287.27455571781366
VYX,2013-05-31,20.462159509190197,2013-06-21,19.77774846623223,44470,19.6739423074672,0.3941086008614988,0.7882172017229969,-30435.759080340864,-30972.59969264097,-0.8683025966217001,trailing_stop,21,-0.8683025966217001,272.9856700121064,263.85494228800417
FHI,2013-06-07,16.33272808655752,2013-06-21,15.756758754449518,54948,15.588536977148337,0.3720955547045912,0.7441911094091829,-31648.362860670502,-32177.3387975524,-0.7739535246064242,stop_loss,14,-0.7739535246064242,269.2352228700488,259.7407140118476
BMS,2013-01-10,29.673140808152723,2013-06-25,32.943993507000584,14410,28.9142746345379,0.3794330868074118,0.7588661736148232,47132.98739039768,46862.29351875327,4.310183814449534,trailing_stop,166,4.310183814449534,128.27698771364425,142.4168839307635
HPQ,2013-05-24,7.8225716376750105,2013-06-25,7.578461928653474,116973,7.378623252020814,0.22197419282709818,0.44394838565419636,-28554.24499337619,-29094.696523182432,-0.549860562420606,trailing_stop,32,-0.549860562420606,274.5089016521277,265.9426281541148
KKD,2013-06-03,17.3173,2013-06-25,16.80318,52200,16.083383647146448,0.6169581764267764,1.2339163528535515,-26837.063999999915,-27371.390716799913,-0.41665709252579874,trailing_stop,22,-0.41665709252579874,271.18891799999994,263.1377988
SODA,2013-06-04,69.18912,2013-06-25,67.76217,13053,63.75739369002655,2.7158631549867294,5.431726309973456,-18625.978350000067,-19162.265906511067,-0.26270653537530286,trailing_stop,21,-0.26270653537530286,270.93767500800004,265.34988150299995
ACAD,2013-06-07,16.58657,2013-06-26,16.8831,54107,15.024687115374103,0.7809414423129476,1.561882884625895,16044.348710000035,15501.065679593035,0.18985418363875986,trailing_stop,19,0.18985418363875986,269.23486289699997,274.04816751
COO,2013-06-10,29.999797174316743,2013-06-26,29.367060378521845,30593,28.777536477503922,0.6111303484064099,1.2222606968128211,-19357.316793753314,-19902.17987568751,-0.5176774459367208,trailing_stop,16,-0.5176774459367208,275.33513848616167,269.52794344803567
BCR,2013-06-17,109.33488925907905,2013-06-27,105.81697863493963,8331,106.02806935843643,1.6534099503213107,3.3068199006426227,-29307.71340970549,-29845.44247313301,-1.0638349622414494,stop_loss,10,-1.0638349622414494,273.26068872521626,264.46837470230463
MU,2013-06-07,12.259790924521377,2013-07-10,12.595730508104364,73203,11.509490585822942,0.3751501693492177,0.7503003386984357,24591.785337025336,24045.935716395586,0.44774014652019045,trailing_stop,33,0.44774014652019045,269.2360425143215,276.6135781154291
IONS,2013-06-25,28.348319999999998,2013-07-24,28.541430000000002,31495,25.822820922788015,1.2627495386059917,2.5254990772119825,6081.999450000137,5544.476647125137,0.07646409446056403,trailing_stop,29,0.07646409446056403,267.84910152,269.67370135500005
ISIS,2013-06-25,28.348319999999998,2013-07-24,28.541430000000002,15747,25.822820922788015,1.2627495386059917,2.5254990772119825,3040.9031700000683,2772.1503020250684,0.07646409446056403,trailing_stop,29,0.07646409446056403,133.920298512,134.832569463
AXS,2013-04-04,29.710386716317018,2013-07-25,31.82979419309934,30033,28.993556951682393,0.35841488231731156,0.7168297646346247,63652.16475020345,63097.6938742277,2.9566398904523785,trailing_stop,112,2.9566398904523785,267.6876132753447,286.7832627004057
CNC,2013-07-24,14.692177499999998,2013-07-29,13.971015,65611,14.03524888118159,0.3284643094092045,0.6569286188184087,-47316.192787499895,-47880.37900443515,-1.0977790879275813,stop_loss,5,-1.0977790879275813,289.19053738574996,274.9956795495
DISH,2013-06-28,41.52147999999999,2013-07-30,43.63632,21866,39.165373336897055,1.1780533315514679,2.356106663102935,46243.09144000018,45684.473303560175,0.8975994309250904,trailing_stop,32,0.8975994309250904,272.3726045039999,286.24553193599996
CME,2013-05-30,39.08255949393617,2013-08-02,41.89504106196,23254,37.603250772481225,0.7396543607274717,1.4793087214549416,65401.44638282624,64836.5304458282,1.9012134027423835,trailing_stop,64,1.9012134027423835,272.6477515415975,292.26818545644534
CBOE,2013-06-27,38.11566521884709,2013-08-08,39.68473131681054,23686,36.73513787949653,0.6902636696752817,1.3805273393505644,37164.89959636228,36612.065538659204,1.1365701013219913,trailing_stop,42,1.1365701013219913,270.8422939120837,281.99176379099237
IPG,2013-07-30,10.841034813727722,2013-08-08,10.44853595532892,88732,10.370111614481205,0.23546159962325836,0.47092319924651704,-34827.20870344254,-35393.92856148652,-0.8334668137539317,stop_loss,9,-0.8334668137539317,288.58401032750646,278.1358477164737
UNM,2013-06-24,19.666748435535183,2013-08-12,20.61947697779421,23012,18.785173492986917,0.44078747127413226,0.8815749425482657,21924.18921446474,21646.06922870128,1.0807119125971143,trailing_stop,49,1.0807119125971143,135.7713644995607,142.34862126390013
CSIQ,2013-06-28,10.89088,2013-08-14,11.82816,83365,9.259142992682046,0.8158685036589768,1.6317370073179536,78136.3472000001,77568.1553691201,0.5744062896143941,trailing_stop,47,0.5744062896143941,272.37546335999997,295.81636752
LYV,2013-08-08,18.398379999999996,2013-08-15,17.192790000000002,53271,17.479143397982288,0.45961830100885426,0.9192366020177083,-64222.984889999665,-64791.77805512067,-1.3115121801653076,stop_loss,7,-1.3115121801653076,294.0300302939999,274.76313482700004
WWW,2013-07-10,22.686292044344032,2013-08-16,22.2679604074419,40968,21.5238101250428,0.5812409596506163,1.1624819193012321,-17138.210500606514,-17690.716244939944,-0.35986076854734256,trailing_stop,37,-0.35986076854734256,278.8236037418059,273.6821405916239
FNSR,2013-08-08,22.1221,2013-08-16,20.389590000000002,44304,20.73656056313881,0.6927697184305954,1.3855394368611904,-76757.1230399999,-77322.1544141279,-1.2504227262739174,stop_loss,8,-1.2504227262739174,294.02925552,271.00211860800005
OLED,2013-08-14,35.83455026788304,2013-08-16,33.74893384596742,27133,33.07972373453823,1.3774132666724044,2.7548265333448114,-56589.03037583644,-57155.432978174766,-0.7570772230741282,stop_loss,2,-0.7570772230741282,291.6896557255412,274.71294661279023
SFLY,2013-02-07,40.53049,2013-08-20,50.18976,21467,38.003933304803724,1.263278347598139,2.526556695196277,207355.54909,206771.30160797498,3.8230964768631934,trailing_stop,194,3.8230964768631934,261.020408649,323.227073376
CIEN,2013-06-07,19.13912,2013-08-20,20.739240000000002,46891,17.840102648640894,0.6495086756795514,1.2990173513591046,75031.22692000019,74470.24606637219,1.2317926302723123,trailing_stop,74,1.2317926302723123,269.23574277599994,291.74511085200004
ATVI,2013-07-29,16.189854540977358,2013-08-20,15.5271511906155,59474,15.285389958073672,0.4522322914518423,0.9044645829036853,-39413.6190594211,-39979.52021908533,-0.7327023776147433,trailing_stop,22,-0.7327023776147433,288.8626226910262,277.0385369731999
TRW,2013-07-31,72.68261,2013-08-21,69.78014999999999,6643,69.56278899982817,1.559910500085913,3.119821000171825,-19281.041780000032,-19564.95581440403,-0.9303290156198548,stop_loss,21,-0.9303290156198548,144.849173469,139.06486093499998
CHTR,2013-02-27,87.4874,2013-08-28,120.74913000000001,9859,82.99658276453911,2.2454086177304378,4.490817235460881,327927.39607000013,327311.49488521914,7.406609589309294,trailing_stop,182,7.406609589309294,258.76148298,357.139701801
PRU,2013-06-10,41.98073369036744,2013-08-28,43.70415844274546,10931,40.03184805239402,0.9744428189867085,1.9488856379734187,18838.755968244164,18557.769501472045,0.8843129215987012,trailing_stop,79,0.8843129215987012,137.66741999082194,143.31904678129516
SHPG,2013-08-19,110.8994269418884,2013-08-29,108.42727015180328,8516,107.71663630347378,1.5913953192073076,3.182790638414616,-21052.887224364782,-21613.223070099746,-0.7767261723870463,stop_loss,10,-0.7767261723870463,283.3258559511365,277.00998978382705
CNO,2013-06-04,9.645973973754852,2013-09-03,10.6860250558224,93634,9.204400690682327,0.2207866415362631,0.4415732830725254,97384.14301831274,96813.01309917211,2.3553306369233535,trailing_stop,91,2.3553306369233535,270.95733811756855,300.1725810230624
KRE,2013-06-27,24.957553702878588,2013-09-03,26.181587483929068,18087,24.20330617583233,0.37712376352312854,0.7542475270462567,22139.098997860026,21861.612903866288,1.6228542184870987,trailing_stop,68,1.6228542184870987,135.42218214718952,142.0639118465475
NTES,2013-08-21,11.640798643041489,2013-09-03,11.324184005321683,80801,11.027564390290726,0.3066171263753817,0.6132342527507628,-25582.779342397993,-26139.45741128911,-0.5163029238819887,trailing_stop,13,-0.5163029238819887,282.1764513469186,274.5016175441992
CFR,2013-06-28,45.85663192547129,2013-09-13,47.91365283023676,9899,44.561513059717406,0.6475594328769432,1.295118865753885,20362.449936273344,20083.980321634317,1.5882873450137565,trailing_stop,77,1.5882873450137565,136.18043982907207,142.2891748099541
SSYS,2013-08-20,106.20609999999998,2013-09-13,93.05685000000001,8822,97.42751566872236,4.389292165638808,8.778584331277614,-116002.68349999971,-116530.05282346971,-1.497878188986567,stop_loss,24,-1.497878188986567,281.08506425999997,246.28425921000004
DBI,2013-08-28,30.346180066420548,2013-09-13,29.258624572503066,31114,29.199839105026346,0.5731704806971002,1.146340961394202,-33838.20163774851,-34394.56480520916,-0.9487190378286537,stop_loss,16,-0.9487190378286537,283.25731397598264,273.10585348465816
CI,2013-06-24,63.835676493099164,2013-09-20,70.21153968730106,14179,61.30152152499931,1.2670774840499293,2.5341549680998554,90403.36423058862,89833.16758712205,2.515972098968597,trailing_stop,88,2.515972098968597,271.53781709869594,298.6588263678725
LNG,2013-09-13,31.49388034220344,2013-09-23,29.849883199134982,31241,29.67830420742132,0.9077880673910608,1.8155761347821198,-51360.11474660167,-51935.046901640155,-0.9054961186002519,stop_loss,10,-0.9054961186002519,295.1700947312333,279.7620603072528
WAG,2013-09-13,52.66600222707265,2013-10-01,53.520202475900085,18682,50.76644531127889,0.9497784578968789,1.8995569157937595,15958.169048594085,15363.037845715804,0.4496839456218616,trailing_stop,18,0.4496839456218616,295.1718760818514,299.9593267964296
WBA,2013-09-13,35.37415623007618,2013-10-01,35.94789662758295,13907,34.0975808152559,0.6382877074101401,1.2765754148202788,7979.007708126621,7681.444971399182,0.4494371353591681,trailing_stop,18,0.4494371353591681,147.58451720750085,149.97821951993882
HBI,2013-07-25,9.990903805957235,2013-10-09,10.082242947446032,96128,9.581557741952047,0.20467303200259446,0.409346064005188,8780.248993035095,8201.37155770175,0.22313428543834626,trailing_stop,76,0.22313428543834626,288.12168031771716,290.75575501562764
URS,2013-08-16,48.81825481941554,2013-10-09,51.711514405032,19311,46.57909476630585,1.1195800265548472,2.2391600531096927,55871.73585783937,55289.33674579138,1.2921182572895424,trailing_stop,54,1.2921182572895424,282.81879564532005,299.5803164026719
QIHU,2013-08-20,71.78170999999999,2013-10-09,77.50242,13054,65.42612505349679,3.1777924732516003,6.3555849465032,74678.14834000015,74093.52183009415,0.9001075507845281,trailing_stop,50,0.9001075507845281,281.111532702,303.514977204
BBY,2013-08-21,22.088576158289523,2013-10-09,22.82295050572026,42582,20.708005269829737,0.6902854442298931,1.3805708884597863,31271.12846229566,30697.401673773602,0.5319352693652923,trailing_stop,49,0.5319352693652923,282.17272499168536,291.55406353037404
NXPI,2013-08-29,33.167892264648394,2013-10-09,31.882182295972797,28545,31.43130891014002,0.8682916772541857,1.7365833545083724,-36700.591055844925,-37257.647369344806,-0.7403675529526093,trailing_stop,41,-0.7403675529526093,284.03324540831653,273.02306809156306
CRM,2013-09-03,48.65373086093451,2013-10-09,49.34190711343164,19350,46.09572247516351,1.279004192885497,2.5580083857709965,13316.210485819453,12747.345807378257,0.2690281456171652,trailing_stop,36,0.2690281456171652,282.4349076477248,286.42977079347065
SPLK,2013-09-03,54.80474999999999,2013-10-09,57.10283999999999,8589,51.747704910562504,1.528522544718745,3.057045089437487,19738.295010000016,19449.942722847016,0.7517357228194704,trailing_stop,36,0.7517357228194704,141.215399325,147.13688782799997
CNQR,2013-09-12,106.54643999999999,2013-10-09,105.25464,4646,101.80204349550733,2.3721982522463296,4.744396504492656,-6001.702799999976,-6296.911145303977,-0.27227909783188203,trailing_stop,27,-0.27227909783188203,148.504428072,146.70391723199998
CLDX,2013-09-20,287.287,2013-10-09,285.81390000000005,3501,264.37386284852533,11.456568575737318,22.913137151474643,-5157.3230999997595,-5759.250975269759,-0.06429062900734767,trailing_stop,19,-0.06429062900734767,301.73753609999994,300.1903391700001
PCYC,2013-10-01,138.76862999999997,2013-10-09,125.92394999999999,7230,129.7961433865166,4.486243306741686,8.972486613483369,-92867.03639999988,-93441.15460601987,-1.4315630162877804,stop_loss,8,-1.4315630162877804,300.98915846999995,273.12904755
GTLS,2013-08-15,117.11699999999999,2013-10-10,118.25163,8207,109.84566595793126,3.635667021034366,7.27133404206873,9311.908410000127,8732.407306077128,0.1560415177511509,trailing_stop,56,0.1560415177511509,288.35376569999994,291.147338223
CTSH,2013-10-14,38.7196025725555,2013-10-17,36.760029184904475,25429,37.251954803273044,0.7338238846412277,1.4676477692824577,-49829.991674577956,-50405.80314136609,-1.3351796177969013,stop_loss,3,-1.3351796177969013,295.3802321452541,280.4312346428808
CRZO,2013-10-11,42.702659999999995,2013-10-24,42.66729,22856,40.021592310652615,1.3405338446736894,2.6810676893473797,-808.4167199998456,-1393.7813931598453,-0.013192505411380694,trailing_stop,13,-0.013192505411380694,292.80359908799994,292.561074072
SYNA,2013-10-11,48.588539999999995,2013-10-28,44.90505,20087,45.519013709471636,1.534763145264178,3.0695262905283585,-73990.26362999984,-74553.66535269884,-1.2000190424711925,stop_loss,17,-1.2000190424711925,292.799400894,270.60232180500003
FLS,2013-10-28,55.44680556330685,2013-11-04,54.31214342453124,18174,53.33290783393232,1.0569488646872691,2.1138977293745356,-20621.34971010794,-21219.77745177943,-0.5367630245344633,stop_loss,7,-0.5367630245344633,302.30707329226163,296.12066837922924
TWX,2013-10-11,59.15174647738062,2013-11-07,59.517514942954,16500,57.1524102103927,0.9996681334939597,1.9993362669879176,6035.179681960798,5447.766837930142,0.18294494608674658,trailing_stop,27,0.18294494608674658,292.8011450630341,294.6116989676223
CNX,2013-10-11,35.995487797037526,2013-11-07,35.50116965496177,27115,34.04584415914843,0.9748218189445467,1.9496436378890962,-13403.436422384108,-13985.025982427394,-0.25354281801517325,trailing_stop,27,-0.25354281801517325,292.80529548500175,288.7842645582865
TCOM,2013-08-02,21.440039645319374,2013-11-08,24.937710911633204,46586,19.824263662000995,0.8078879916591895,1.615775983318379,162942.51361249608,162294.34744626223,2.1647006159421514,trailing_stop,98,2.1647006159421514,299.6417060750545,348.5244601588033
HIG-WS,2013-10-11,32.702667997999995,2013-11-08,33.106859001000004,29845,31.315133099530147,0.6937674492349235,1.3875348984698483,12063.080484535245,11473.854884549699,0.2913015041608998,trailing_stop,28,0.2913015041608998,292.803337920093,296.42226206545354
HIG,2013-10-11,25.115104013016687,2013-11-08,25.425515177886172,19431,24.050620313114855,0.5322418499509161,1.0644836999018317,6031.599344578971,5736.982913129441,0.2916072504427376,trailing_stop,28,0.2916072504427376,146.40347582307817,148.21295562645187
TTM,2013-10-14,31.515455089262822,2013-11-08,30.490667710328914,31242,29.84592363794001,0.8347657256614053,1.6695314513228112,-32016.40729265316,-32597.565879204612,-0.6138173546368016,stop_loss,25,-0.6138173546368016,295.38175436962473,285.7768321818288
HSIC,2013-10-16,42.713258823572225,2013-11-08,42.972670588217895,11602,41.506163923705216,0.6035474499335043,1.207094899867009,3009.6952934190576,2711.4568475083806,0.21490585758770916,trailing_stop,23,0.21490585758770916,148.66776866132548,149.57067724935118
AAP,2013-10-17,84.06641007431567,2013-11-08,84.13282266557852,11981,80.4616890622526,1.802360506031531,3.6047210120630666,795.6892559201624,191.13075368316072,0.018423781213746937,trailing_stop,22,0.018423781213746937,302.15989773011285,302.39860450688883
COST,2013-11-07,99.01861830730812,2013-11-11,97.23635083709284,10252,96.3741195691007,1.3222493691037072,2.6444987382074174,-18271.80610464699,-18875.407887747508,-0.6739528533197146,stop_loss,4,-0.6739528533197146,304.5416624659568,299.06012063456274
L,2013-10-11,44.83324706563694,2013-11-21,44.37173606564271,21770,43.685640150599575,0.5738034575186826,1.1476069150373647,-10047.09446987443,-10629.692214704817,-0.4021507660392633,trailing_stop,41,-0.4021507660392633,292.80593658567483,289.79180824471257
GME,2013-06-21,7.367943999638118,2013-11-22,8.91604310907283,122363,6.774853909348377,0.29654504514487057,0.5930900902897411,189430.05132775952,188832.28407338457,2.6102258911094283,trailing_stop,154,2.6102258911094283,270.46911948831576,327.2981348866436
ETE,2013-11-21,13.959383034092323,2013-12-04,13.876740394151884,72681,13.334229960415623,0.3125765368383493,0.6251530736766995,-6006.549713510996,-6613.496899577462,-0.1321958467778042,trailing_stop,13,-0.1321958467778042,304.3745754902592,302.57261057620593
HAL,2013-08-21,37.25709048316913,2013-12-05,39.97921505120181,25246,35.89938092018613,0.6788547814914973,1.357709562982997,68722.75684455312,68137.7845136969,2.0049387897452506,trailing_stop,106,2.0049387897452506,282.17775190142635,302.7945789547923
BCR,2013-10-24,132.6947120533435,2013-12-12,131.85159206798613,7593,127.8999096826688,2.3974011853373454,4.794802370674688,-6401.810048818447,-7004.420074976424,-0.17584040387439873,trailing_stop,49,-0.17584040387439873,302.2652845863111,300.3447415716656
MFC,2013-11-08,10.448907767285242,2013-12-12,10.528904958384482,94707,10.144340669410834,0.15228354893720367,0.3045670978744077,7576.293977435731,6980.27026449273,0.2626586773737063,trailing_stop,34,0.2626586773737063,296.875412374885,299.1483005681157
CF,2013-12-05,34.16347863860614,2013-12-12,32.55135564386473,29938,32.766168052432235,0.6986552930869541,1.3973105861739086,-48263.738216568396,-48862.93082919298,-1.1537327568351852,stop_loss,7,-1.1537327568351852,306.8358670447772,292.3567455798067
MSFT,2013-11-07,31.153191536065528,2013-12-16,30.312792246872508,32587,30.0150321920566,0.5690796720044626,1.1381593440089262,-27386.091636932924,-27986.9892409933,-0.7383845624224199,trailing_stop,39,-0.7383845624224199,304.5567157757302,296.34088828465036
ADBE,2013-12-16,60.69063,2013-12-18,57.52242,16664,58.201145989789744,1.2447420051051274,2.489484010210255,-52795.05144000003,-53386.02211956003,-1.2726372159877515,stop_loss,2,-1.2726372159877515,303.40459749599995,287.566082064
VXX,2013-11-11,487.3868999999999,2013-12-19,441.85769999999997,2080,438.8854385875267,24.250730706236585,48.50146141247319,-94700.73599999989,-95280.58463039988,-0.9387181060958946,stop_loss,38,-0.9387181060958946,304.12942559999993,275.7192048
FWLT,2013-11-08,28.920722147753555,2014-01-10,30.492218285395445,34217,27.345494456679276,0.7876138455371393,1.5752276910742786,53771.88334169257,53162.003566852254,0.997631102186984,trailing_stop,63,0.997631102186984,296.874104918905,313.0056699214128
PRU,2013-11-08,49.35371120014977,2014-01-14,52.5991149864103,10025,47.5069808734735,0.923365163338134,1.8467303266762656,32535.17295726183,32228.549832505752,1.7573782914485356,trailing_stop,67,1.7573782914485356,148.4312864344504,158.19183832162898
MA,2013-12-12,73.43057228564606,2014-01-14,75.35674083498373,13693,71.26034272367426,1.085114780985906,2.1702295619718086,26375.025946080583,25763.822542512346,0.8875413841416844,trailing_stop,33,0.8875413841416844,301.6454478922055,309.5579556760296
TRCO,2013-12-12,48.068524047758515,2014-01-15,49.00340126554734,20918,46.783201906076705,0.642661070840904,1.2853221416818101,19555.761641706613,18946.596481595494,0.7273485669246789,trailing_stop,34,0.7273485669246789,301.6492158093038,307.51594430181575
KATE,2013-11-08,28.98896,2014-01-21,29.840130000000002,34136,27.49693600338047,0.7460119983097655,1.4920239966195297,29055.539120000114,28453.082175128115,0.5704801008083612,trailing_stop,74,0.5704801008083612,296.870141568,305.586803304
XLI,2013-12-19,40.7268838180186,2014-01-27,40.089510535076734,12569,39.917021166602545,0.40493132570802803,0.8098626514160543,-8011.14479329631,-8315.879171483526,-0.7870140471688761,trailing_stop,39,-0.7870140471688761,153.56886081260274,151.16551737461384
DHR,2014-01-15,49.700484835157766,2014-01-27,47.10624302055296,11026,48.40507011870077,0.6477073582284987,1.295414716456996,-28604.110247832603,-28924.32754223372,-2.0026342001889157,stop_loss,12,-2.0026342001889157,164.39926373773486,155.8180306633851
VOD,2013-09-03,12.070269798145913,2014-01-28,14.245480953440786,78001,11.693437335621535,0.18841623126218893,0.3768324625243782,169668.6453241554,169052.84886184303,5.772356077614076,trailing_stop,147,5.772356077614076,282.44793435755383,333.34852795480043
ALNY,2014-01-14,91.89179999999999,2014-01-28,80.919,11655,82.49181020425745,4.699994897871273,9.399989795742542,-127887.98399999991,-128492.2169621999,-1.167320416131708,stop_loss,14,-1.167320416131708,321.29967869999996,282.9332835
OTEX,2014-01-27,19.207451203662345,2014-01-28,18.22846018426345,56061,18.31019074484091,0.4486302294107173,0.8972604588214352,-54883.215538521385,-55512.823927016936,-1.0910890029466058,stop_loss,1,-1.0910890029466058,323.0366765785544,306.57171191699797
SWKS,2014-01-21,24.006419929200643,2014-01-29,23.441872880476392,46053,22.824119612277286,0.5911501584616787,1.1823003169233566,-25999.08523489791,-26654.626103527127,-0.4774988559534047,stop_loss,8,-0.4774988559534047,331.67029709984314,323.8705715293738
SPR,2013-11-04,27.925196816514315,2014-02-04,32.06595313054909,36216,26.667592480643425,0.6288021679354446,1.2576043358708908,149961.6306690834,149309.83882313853,3.292574775648576,trailing_stop,92,3.292574775648576,303.40167837206474,348.3901675727898
AAP,2013-12-04,92.41651392034976,2014-02-04,96.3820247195873,11059,88.94399958824312,1.7362571660533228,3.472514332106641,43854.58392876806,43228.20701712233,1.141971038844302,trailing_stop,62,1.141971038844302,306.6102682335444,319.7666434121748
AVGO,2013-12-18,4.026706068102027,2014-02-04,4.023171826512491,253600,3.8181621875736407,0.10427194026419326,0.20854388052838635,-896.2836671063499,-1508.7183773286224,-0.016947232307087574,trailing_stop,48,-0.016947232307087574,306.3517976612022,306.0829125610703
WAT,2014-01-29,110.12001,2014-02-04,105.36453,9879,106.71062336039024,1.7046933198048777,3.4093866396097496,-46979.38691999992,-47618.01845119792,-1.3948198027033745,stop_loss,6,-1.3948198027033745,326.362673637,312.26885756099995
VXX,2014-02-04,521.8213000000001,2014-02-07,471.528,2052,480.7131237770543,20.554088111472893,41.10817622294576,-103201.8516000001,-103813.35742908009,-1.2234378807573403,trailing_stop,3,-1.2234378807573403,321.2331922800001,290.2726368
CTRA,2014-02-05,30.47916087877442,2014-02-10,28.523112899208922,35492,28.83123130780653,0.823964785483945,1.6479295709678894,-69424.05489073863,-70052.28750101708,-1.1869730442525153,stop_loss,5,-1.1869730442525153,324.5299133728385,303.7026969056169
UPL1,2014-02-05,25.004979999999996,2014-02-11,23.676299999999998,43262,23.456055743899608,0.7744621280501937,1.5489242561003884,-57481.35415999994,-58113.16902060794,-0.8578082464439659,stop_loss,6,-0.8578082464439659,324.52963342799995,307.28522718
ATHN,2014-02-10,174.38421,2014-03-10,180.26954999999998,6347,161.3225429610002,6.5308335194998985,13.061667038999786,37354.2529799999,36678.9567555839,0.4505810768585219,trailing_stop,28,0.4505810768585219,332.044974261,343.2512501549999
IONS,2014-01-10,46.05600999999999,2014-03-13,49.370580000000004,23498,42.49082870418269,1.782590647908652,3.565181295817304,77885.76586000025,77213.06565645424,0.9297058760766774,trailing_stop,62,0.9297058760766774,324.6672368939999,348.032966652
ORLY,2014-02-07,9.803794000032854,2014-03-14,9.721602,111270,9.412853427133072,0.195470286449891,0.39094057289978146,-9145.503843655539,-9797.281087532636,-0.2102416728537485,trailing_stop,35,-0.2102416728537485,327.2604475150967,324.516796362
NFLX,2014-01-29,5.764610235383999,2014-03-17,6.110876889116999,188720,5.376290623547777,0.19415980591811094,0.38831961183622177,65347.44289249179,64675.10031345104,0.8917052942436553,trailing_stop,47,0.8917052942436553,326.3691730865005,345.97340595424805
AZN,2013-11-22,37.27675527438724,2014-03-24,44.11926616464606,27447,36.49788919172002,0.3894330413336115,0.7788660826672213,187806.39640493388,187136.17342480275,8.785221288397477,trailing_stop,122,8.785221288397477,306.94053060483196,363.2824495263122
CPRI,2014-02-05,88.46837999999998,2014-03-25,94.73517,12227,82.84014614631896,2.8141169268405126,5.628233853681024,76624.04133000018,75952.03238824518,1.113455866070909,trailing_stop,48,1.113455866070909,324.51086467799996,347.498077077
MPC,2014-03-13,32.892447803113036,2014-03-25,31.313575404977982,34736,31.06934861804039,0.9115495925363234,1.8230991850726461,-54843.711621619244,-55512.78974826612,-0.8660375754992946,stop_loss,12,-0.8660375754992946,342.76562006668036,326.31250658019457
YELP,2013-06-27,35.35532,2014-03-26,79.93997999999999,25536,32.285585465398185,1.534867267300907,3.069734534601814,1138513.8777599998,1137630.62352576,14.523946451214298,trailing_stop,272,14.523946451214298,270.850035456,612.4041987839998
CSIQ,2013-10-01,17.257239999999996,2014-03-27,30.5694,58141,15.503488354519178,0.8768758227404089,1.7537516454808184,773982.2945600003,773148.0879571283,7.590675700464001,trailing_stop,177,7.590675700464001,301.0059572519999,533.20064562
EQT,2014-02-05,47.34950781034142,2014-03-27,47.0918733885711,11423,45.17043921379765,1.0895342982718872,2.1790685965437717,-2942.957999882359,-3266.5991691129125,-0.11823144171732562,trailing_stop,50,-0.11823144171732562,162.26202831525902,161.3791409152943
KATE,2014-03-10,37.86782999999999,2014-03-27,37.07289,30989,35.58305153213422,1.1423892339328838,2.2847784678657703,-24634.39565999968,-25331.09705162368,-0.34792869907538543,trailing_stop,17,-0.34792869907538543,352.04585516099985,344.6555364630001
SRC,2014-03-17,25.686910923573897,2014-03-28,24.776278901954967,43645,24.714984718586482,0.48596310249370694,0.9719262049874153,-39744.53458355821,-40405.27435953877,-0.9369353526492491,stop_loss,11,-0.9369353526492491,336.33156817781486,324.40820780274737
MCK,2013-10-09,122.45679484464041,2014-04-07,156.92511741324125,7887,118.42968569076966,2.013554576935376,4.027109153870754,271851.6600985548,271190.61455596145,8.559073333155316,trailing_stop,180,8.559073333155316,289.7450222819037,371.3005203114701
WSM,2014-03-14,24.38627874106702,2014-04-08,24.224409603310676,45942,23.382071153183904,0.5021037939415578,1.0042075878831156,-7436.591926801973,-8106.573599977193,-0.16119091282467493,trailing_stop,25,-0.16119091282467493,336.1063253766303,333.8753477985897
CNVR,2014-03-25,26.80678,2014-04-08,25.914060000000003,41664,25.17404776692391,0.8163661165380451,1.6327322330760907,-37194.286079999874,-37853.25440332787,-0.5467644858814968,stop_loss,14,-0.5467644858814968,335.06330457599995,323.905018752
UFS,2014-03-26,43.41498543646138,2014-04-08,39.93092281176569,25744,41.3829052369612,1.0160400997500898,2.0320801995001787,-89693.70821016582,-90337.40532874851,-1.7145300788584266,stop_loss,13,-1.7145300788584266,335.3026155228785,308.3945030598288
AAL,2013-12-12,24.720595035401097,2014-04-14,32.01606526947001,40674,22.90267921997654,0.9089579077122771,1.8179158154245556,296735.95630051906,296043.64422414696,4.013095750732073,trailing_stop,123,4.013095750732073,301.64564474097125,390.66643163112695
ANN,2014-03-24,42.21217,2014-04-14,39.7602,26876,39.68746416821233,1.262352915893834,2.5247058317876707,-65899.14572000007,-66560.07254483608,-0.97119037359843,stop_loss,21,-0.97119037359843,340.348284276,320.57854055999996
GLW,2014-03-27,15.028833079642638,2014-04-14,14.896023612311689,72750,14.468595109669675,0.2801189849864817,0.5602379699729632,-9661.88874832654,-10314.998745628443,-0.23705902571608692,trailing_stop,18,-0.23705902571608692,328.0042819632006,325.10571533870257
SIG,2014-03-28,85.15785963057556,2014-04-14,82.22603360574384,12882,81.16550306652083,1.9961782820273686,3.992356564054731,-37767.782851882235,-38414.65464568332,-0.7343597641624701,stop_loss,17,-0.7343597641624701,329.10106432832225,317.7707294727576
TD,2014-04-09,28.400874775614582,2014-04-14,28.109682038066214,38317,27.856300928548524,0.2722869235330296,0.5445738470660579,-11157.63212464081,-11807.226626269752,-0.5347167131091507,stop_loss,5,-0.5347167131091507,326.47089563316723,323.12360599577494
NVR,2014-01-28,1051.1500999999998,2014-04-22,1064.97396,1011,1008.0396270726268,21.555236463686505,43.11047292737305,13975.922460000198,13334.102032602197,0.32066129321496534,trailing_stop,84,0.32066129321496534,318.81382532999993,323.006602068
EW,2014-04-15,13.56688666663305,2014-04-22,13.175144999999999,79058,12.865325833744663,0.35078041644419294,0.7015608328883864,-30970.312680675717,-31604.56414252592,-0.5583858851130791,stop_loss,7,-0.5583858851130791,321.7712778272027,312.480184023
EXH,2014-03-26,42.345486235284,2014-05-06,41.58991790163925,26394,40.55078021736175,0.8973530089611266,1.7947060179222518,-19942.47059821961,-20607.087915256594,-0.4209983841919032,trailing_stop,41,-0.4209983841919032,335.3000291082257,329.31728792875987
CRK,2014-04-15,117.60819918207909,2014-05-06,121.06419945587027,9119,109.79025429884011,3.908972441619492,7.8179448832389795,31515.266496701734,30862.330415747896,0.44205994355377864,trailing_stop,21,0.44205994355377864,321.74075050241373,331.19533045142435
TE1,2014-04-15,16.134902054949876,2014-05-12,15.958839645430034,66475,15.671870566044284,0.23151574445279613,0.4630314889055924,-11703.748672831496,-12343.778116691321,-0.38023852316389517,trailing_stop,27,-0.38023852316389517,321.7702842308379,318.25915962898847
GTAT,2014-02-11,11.631619999999998,2014-05-13,13.56642,95086,10.489826376601822,0.5708968116990882,1.1417936233981756,183972.39280000026,183253.59855056825,1.6945268920329952,trailing_stop,91,1.6945268920329952,331.80126579599994,386.9929836360001
OA,2013-11-08,48.02402441286034,2014-05-16,58.53142944309743,10303,46.28975127582916,0.8671365685155921,1.734273137031181,108257.79402653272,107928.44177420935,6.058679458198961,trailing_stop,189,6.058679458198961,148.43745705771005,180.91479526566985
IBN,2014-05-12,7.936048660147183,2014-05-16,8.02036621134128,136890,7.583002729708057,0.17652296521956262,0.3530459304391256,11542.229582959939,10886.947493432523,0.23882884328739082,stop_loss,4,0.23882884328739082,325.90971032626436,329.37237920115234
EXC,2014-04-07,15.753239446997087,2014-05-19,15.80656303965858,70119,15.189138881149903,0.2820502829235921,0.564100565847184,3738.9969938311656,3075.114456662623,0.09452852184505268,trailing_stop,42,0.09452852184505268,331.3804190351966,332.50211813334596
CPN,2014-04-22,22.422399999999996,2014-05-19,22.21776,48481,21.661754496517922,0.38032275174103775,0.760645503482074,-9921.15183999989,-10570.41171908789,-0.269034654202515,trailing_stop,27,-0.269034654202515,326.1181123199999,323.14176676799997
ATK,2013-11-08,110.58010234441574,2014-05-20,129.5242674682029,8949,106.58663507668412,1.9967336338658073,3.993467267731617,169531.3336927714,168886.72549113547,4.743788756417653,trailing_stop,193,4.743788756417653,296.87440076405295,347.73380087188434
LNT,2014-03-27,18.84804705992544,2014-05-21,19.32577600173899,58008,18.319174730991353,0.2644361644670439,0.5288723289340886,27712.10045672034,27047.78431827203,0.9032972906266125,trailing_stop,55,0.9032972906266125,328.00125415564656,336.3148842926626
JWN,2014-05-19,47.42711952878005,2014-05-22,45.74152700977165,11306,45.41239168686673,1.0073639209566598,2.01472784191332,-19057.309019908917,-19373.318435238376,-0.8366353429690255,stop_loss,3,-0.8366353429690255,160.86330401771616,155.1461113117435
PF,2014-05-13,30.885549015187358,2014-05-28,28.356491669284694,35243,29.6551917838399,0.6151786156737294,1.2303572313474582,-89131.56804164761,-89757.92821360046,-2.0555471870010473,stop_loss,15,-2.0555471870010473,326.54982118267446,299.8103507701801
BEAV,2014-05-06,68.3805669892122,2014-05-29,66.99312153958819,16113,64.78232979157349,1.7991185988193543,3.59823719763871,-22355.908529791683,-23010.29140277105,-0.3855903247663887,trailing_stop,23,-0.3855903247663887,330.54482276915286,323.83805021021533
HDB,2014-05-20,10.336682243401123,2014-06-02,10.091720213245202,103835,9.90262881250008,0.2170267154505217,0.4340534309010433,-25435.632401240102,-26071.98735196586,-0.5643591611461506,stop_loss,13,-0.5643591611461506,321.9928202230667,314.36213050269464
MUB,2014-04-14,79.84224958115789,2014-06-04,80.62379892657538,13397,79.42766228983946,0.20729364565921488,0.4145872913184263,10470.416580558092,9825.487485000662,1.8851261526422785,stop_loss,51,1.8851261526422785,320.8939852916316,324.0351102657991
ATI,2014-04-15,38.14216649828634,2014-06-04,37.50009780797865,28120,36.34367562021985,0.8992454390332478,1.7984908780664952,-18054.9715714524,-18693.08971314005,-0.3570041406036848,trailing_stop,50,-0.3570041406036848,321.76731657954355,316.3508251081079
TLT,2014-05-16,81.48024766495863,2014-06-04,80.2013799266177,13035,80.0577637089564,0.7112419780011112,1.4224839560022247,-16670.0409692739,-17302.296973970762,-0.8990384270730719,trailing_stop,19,-0.8990384270730719,318.62850849382073,313.62749620303856
BN,2014-05-16,9.057021797714125,2014-06-13,8.859752949832632,117268,8.82485246417653,0.11608466676879707,0.23216933353759472,-23133.323253366845,-23763.64255569544,-0.8496765911142566,stop_loss,28,-0.8496765911142566,318.62964965230196,311.6896526762919
CAVM,2014-05-28,49.93989,2014-06-26,48.53142,21494,46.33659386044672,1.8016480697766397,3.6032961395532794,-30273.654180000027,-30908.61688114203,-0.39088377570171545,trailing_stop,29,-0.39088377570171545,322.022398698,312.940302444
ARRS,2014-05-29,33.32328999999999,2014-06-26,31.938029999999998,32110,31.290697791405634,1.0162961042971796,2.032592208594359,-44480.69859999985,-45109.360895559854,-0.6815238168004064,stop_loss,28,-0.6815238168004064,321.00325257,307.65904299
OVTI,2014-06-02,22.562539999999995,2014-06-26,21.96801,47557,21.250455951921296,0.6560420240393495,1.3120840480786988,-28274.06320999978,-28909.385019904777,-0.45311883859160784,trailing_stop,24,-0.45311883859160784,321.9020144339999,313.41979547100004
BTI,2014-04-09,27.236251445424415,2014-06-27,28.10140362341535,39955,26.54538269071452,0.34543437735494786,0.6908687547098964,34567.155271627846,33903.850469145196,1.2522670508586295,trailing_stop,79,1.2522670508586295,326.4673279505798,336.83747453206803
GBX,2014-05-22,40.17370081301544,2014-06-30,41.572707949065986,26656,37.51550290460367,1.329098954205881,2.658197908411765,37291.93421856345,36638.224536974834,0.5262990884250738,trailing_stop,39,0.5262990884250738,321.26105066152184,332.4486309270909
UHS,2014-06-04,88.09469666508565,2014-07-09,88.58401386138635,12147,84.55670568699306,1.7689954890462993,3.537990978092594,5943.735983464645,5299.9010944351285,0.1383036868467383,trailing_stop,35,0.1383036868467383,321.0258841172386,322.80900491227794
ETE,2014-06-26,22.78615587550811,2014-07-09,21.788785037471026,48324,21.80065487198412,0.49275050176199653,0.9855010035239928,-48196.9483773041,-48843.16021070774,-1.012044467200589,stop_loss,13,-1.012044467200589,330.33545895841627,315.87637444522494
ET,2014-06-26,11.586848162956024,2014-07-09,11.079681244327606,47516,11.08571710098309,0.2505655309864669,0.5011310619729343,-24098.54330554789,-24421.650148942837,-1.012044467233223,stop_loss,13,-1.012044467233223,165.16820319330552,157.93864020164116
RSG,2014-06-30,30.732031324409398,2014-07-10,29.927881142061487,35985,30.16289874606837,0.28456628917051396,0.5691325783410264,-28937.344311789573,-29592.198396821357,-1.412939994916371,stop_loss,10,-1.412939994916371,331.76764416266167,323.0864408691248
IJH,2014-07-01,24.06806261104449,2014-07-11,23.603211026445685,23091,23.632719735285107,0.21767143787969107,0.4353428757593818,-10733.887939970991,-11064.121153839977,-1.0677826845976282,stop_loss,10,-1.0677826845976282,166.7266901254885,163.50652374349718
CRZO,2014-06-04,60.310249999999996,2014-07-16,64.59534,17743,56.45349041552102,1.9283797922394885,3.8567595844789793,76030.35186999994,75365.49190498893,1.1110596619101634,trailing_stop,42,1.1110596619101634,321.025429725,343.834535286
CVE,2014-06-13,23.162617317376444,2014-07-16,23.23580264259079,46811,22.502324128057666,0.3301465946593894,0.6602931893187787,3425.8782586087796,2774.2913275849714,0.11083761940639063,trailing_stop,33,0.11083761940639063,325.2795837731127,326.3073472506953
SCCO,2014-07-09,21.539458520808356,2014-07-21,20.6097749403082,51266,20.67004420437848,0.43470715821493755,0.8694143164298751,-47661.158437921054,-48309.405218706335,-1.0693216834958148,stop_loss,12,-1.0693216834958148,331.2725641583284,316.97421662695206
NS,2014-07-16,25.61379740991734,2014-07-23,24.6128786685153,43362,24.497751426935515,0.5580229914909124,1.1160459829818237,-43401.83846467521,-44055.2172031091,-0.8968436396570411,stop_loss,7,-0.8968436396570411,333.1996449866507,320.1790934472482
HBI,2014-06-26,16.78076239276752,2014-07-28,17.371106674441588,65618,16.162190481379533,0.30928595569399453,0.6185719113879884,38737.21107488894,38064.9178715533,0.9543664540949129,trailing_stop,32,0.9543664540949129,330.3360200065857,341.9571833290524
CYT,2014-07-21,53.26065285302815,2014-07-28,51.90708761403059,10455,51.61932846574589,0.8206621936411299,1.6413243872822605,-14151.5245737195,-14481.38319169443,-0.824678685996266,stop_loss,7,-0.824678685996266,167.0520376735228,162.80658030140694
IRM,2014-06-27,16.516573357739468,2014-07-29,15.838705021995246,66844,15.747694762668573,0.38443929753544753,0.7688785950708947,-45311.43103448677,-45960.257902891266,-0.8816324710947621,stop_loss,32,-0.8816324710947621,331.21014885742113,317.61671954707504
LRCX,2014-06-04,5.484010878993673,2014-07-31,5.786287269233076,195134,5.251021812041561,0.11649453347605603,0.2329890669521122,58984.40113297558,58324.635625318755,1.2973844403674593,trailing_stop,57,1.2973844403674593,321.0350936584654,338.7304139983581
QCOR,2014-04-08,79.26478378105561,2014-08-01,90.18972,13693,70.94672419177908,4.159029794638264,8.31805958927653,149595.15164600543,148899.04948992323,1.3133996098114737,trailing_stop,115,1.3133996098114737,325.61180529419835,370.49035078799994
PPC,2014-07-09,19.002516301610335,2014-08-01,17.68075602371182,58111,17.93005449525093,0.5362309031797039,1.0724618063594065,-76808.81150896066,-77448.32200038969,-1.2324544054257573,stop_loss,23,-1.2324544054257573,331.27656744086346,308.23392398817526
BIDU,2014-07-28,226.88665999999998,2014-08-01,216.10368,4943,215.3637143506254,5.761472824687295,11.522945649374577,-53300.270139999906,-53957.18051518591,-0.9357832908450142,stop_loss,4,-0.9357832908450142,336.45022811399997,320.460147072
ZG,2014-07-29,48.656808566555526,2014-08-01,43.53650100709886,11541,43.98742691593061,2.3346908253124576,4.6693816506249135,-59093.469543689345,-59412.67043942621,-1.0965707972856322,stop_loss,3,-1.0965707972856322,168.4644682999852,150.7364274368784
NBR,2014-03-25,241.54129999999995,2014-08-04,268.731,4624,228.83539082076967,6.352954589615141,12.705909179230275,125725.1728000002,125017.3230654402,2.139925574507152,trailing_stop,132,2.139925574507152,335.06609136,372.78364320000003
HAL,2014-04-22,49.97460009490494,2014-08-06,53.47527034632364,21752,47.889728201581896,1.042435946661524,2.0848718933230472,76146.5793088595,75471.50683430821,1.6790817040748864,trailing_stop,106,1.6790817040748864,326.1142503793117,348.95822417196956
TRLA,2014-07-29,64.32426,2014-08-06,57.12282,17461,57.87206952251354,3.2260952387432282,6.452190477486454,-125744.34383999997,-126380.52007916398,-1.116123280167858,stop_loss,8,-1.116123280167858,336.949771158,299.226468006
AIV,2014-07-16,1.246118136406212,2014-08-08,1.2277365560226796,891318,1.217459252551198,0.014329441927506948,0.028658883855013917,-16383.833464289266,-17045.330829313167,-0.6413920540843547,trailing_stop,23,-0.6413920540843547,333.2062575315936,328.2911074923068
TEVA,2014-01-15,39.96583696646282,2014-08-11,46.99819309855405,27425,38.428842463644244,0.7684972514092856,1.5369945028185725,192862.366922602,192146.87036524207,4.575394459248325,trailing_stop,208,4.575394459248325,328.8189236415728,386.67763371835343
DDS,2014-05-19,81.96370552802222,2014-08-14,85.50451205141687,13084,77.50749156563127,2.2281069811954746,4.456213962390947,46327.9125520956,45670.56630445278,0.7945773145719551,trailing_stop,87,0.7945773145719551,321.72393693859283,335.6223107042215
KMR,2014-08-12,92.11862449789999,2014-09-05,93.7356661044,11803,88.11345945902139,2.002582519439297,4.0051650388786015,19085.942081519614,18427.85062392593,0.4037390696271438,trailing_stop,24,0.4037390696271438,326.182837484614,331.9086201090699
NVDA,2014-09-05,0.4781110032148626,2014-09-12,0.4657097217883496,2413330,0.46051727200025844,0.008796865607302088,0.01759373121460417,-29928.3845050467,-30611.7097661283,-0.7048693239225459,stop_loss,7,-0.7048693239225459,346.1518882165573,337.1733728650433
CMG,2014-07-23,13.187374199999999,2014-09-15,13.275111599999999,85316,12.620284769444222,0.28354471527788855,0.567089430555777,7485.404018399997,6808.101986846157,0.15471527994096587,trailing_stop,54,0.15471527994096587,337.52820517416,339.77382637968
GPRE,2014-07-10,31.0168203659449,2014-09-16,35.335633957595,35857,28.987743677038942,1.0145383444529772,2.029076688905956,154859.6989557977,154145.93896939396,2.128462475205278,trailing_stop,68,2.128462475205278,333.6510383585059,380.1089480452452
IQV,2014-09-12,58.728669999999994,2014-09-17,57.23271,19590,56.74704376675343,0.9908131166232828,1.9816262332465655,-29305.856399999935,-29987.361430259934,-0.7549153189949018,stop_loss,5,-0.7549153189949018,345.14839359,336.35663667
HWM,2014-03-28,19.70915685958193,2014-09-23,24.37621722774136,55661,18.65956275207977,0.5247970537510807,1.0495941075021626,259773.247152122,259037.09634999963,4.446538271128597,trailing_stop,179,4.446538271128597,329.10941398835695,407.04138813399356
CDNS,2014-05-21,16.3163,2014-09-23,17.35263,65378,15.604706229143495,0.35579688542825094,0.7115937708565028,67753.18274000021,67092.8205483382,1.4563505787194213,trailing_stop,125,1.4563505787194213,320.0181184199999,340.34407324200004
EXPE,2014-08-04,79.347834855616,2014-09-23,77.93849485989507,13735,75.8029215587015,1.772456648457251,3.544913296914501,-19357.284841226934,-20005.383162819697,-0.39756684513204293,trailing_stop,50,-0.39756684513204293,326.9527535225657,321.14556807019767
SPR,2014-08-04,36.11946306383743,2014-09-24,37.27006754948071,30173,34.46483686733894,0.827313098249245,1.6546261964984907,34717.18914531462,34052.87445315593,0.6953863586096847,trailing_stop,51,0.6953863586096847,326.94976770755005,337.3649244511444
FDO,2014-08-06,76.60496728412132,2014-09-24,78.12180000000001,14208,72.72910071290933,1.9379332856059954,3.8758665712119864,21551.159227204458,20891.65185433262,0.39135318205868413,trailing_stop,49,0.39135318205868413,326.52101255183874,332.98636031999996
WLK,2014-05-06,63.14881283146157,2014-09-26,75.85185706599276,17448,59.796267011862994,1.6762729097992868,3.352545819598575,221642.7158041002,220915.130697589,3.7890740106431178,trailing_stop,143,3.7890740106431178,330.54614588500243,397.03896062623255
DPS,2014-09-23,59.95118591932262,2014-09-29,58.57169805026638,18964,58.46104581260633,0.7450700533581431,1.4901401067162894,-26160.60794878256,-26834.908340262344,-0.9257437356653099,stop_loss,6,-0.9257437356653099,341.07428693221027,333.2261045475755
SLXP,2014-09-24,171.19101999999998,2014-09-29,158.841,6602,160.09133226804704,5.549843865976468,11.09968773195294,-81534.83203999982,-82188.49345881182,-1.1126457156490692,stop_loss,5,-1.1126457156490692,339.06093421199995,314.6004846
GLNG,2014-09-17,56.224775002621406,2014-09-30,54.11640628048877,20265,52.934364077088915,1.645205462766245,3.290410925532491,-42726.09215401792,-43396.91136562859,-0.6407615248820142,trailing_stop,13,-0.6407615248820142,341.8185196284369,329.00069198223144
SWKS,2014-07-21,41.440832198251655,2014-10-02,42.216424074563385,26875,39.16406915378209,1.1383815222347842,2.2767630444695683,20844.031675877726,20169.545047178155,0.34065551010927614,trailing_stop,73,0.34065551010927614,334.116709598404,340.3699191011673
HCA,2014-08-06,61.74629436382192,2014-10-02,63.65048232682968,17627,58.51367070339099,1.6163118302154633,3.2326236604309244,33565.121223937866,32902.01052912003,0.5890534015190395,trailing_stop,57,0.5890534015190395,326.5205792253267,336.590115592508
CF,2014-09-29,40.108769239379015,2014-10-03,40.17814948395656,28097,38.67664659778472,0.716061320797148,1.4321226415942974,1949.3767318952723,1272.6302652844045,0.048445742398365924,stop_loss,4,0.048445742398365924,338.0808267956496,338.6656398152183
SKM,2014-08-01,18.35453557962028,2014-10-07,19.057711964192368,59039,17.64967731112802,0.35242913424612937,0.7048582684922593,41514.83056875155,40852.19606392981,0.9976138693474248,trailing_stop,67,0.9976138693474248,325.09002782556047,337.5444769961859
NWL,2014-08-01,20.340188543783885,2014-10-10,21.31332587065544,53275,19.69645372961183,0.32186740708602823,0.6437348141720562,51843.8910890821,51178.16379495332,1.511705294552326,trailing_stop,70,1.511705294552326,325.087063401026,340.6402307277506
GPN,2014-10-06,36.21815004143507,2014-10-10,34.87437361852404,31001,34.87331950285907,0.6724152692879996,1.344830538575998,-41658.41288666475,-42319.59468445947,-0.999216172123748,stop_loss,4,-0.999216172123748,336.8396608303586,324.34213696435916
SBAC,2014-08-11,100.75630128306241,2014-10-13,98.0233573873964,10749,96.95371152945287,1.9012948768047717,3.8025897536095385,-29376.413934513956,-30017.418699828584,-0.7187059537705361,trailing_stop,63,-0.7187059537705361,324.90884474749134,316.09592056713717
UTHR,2014-09-23,132.9328,2014-10-14,122.95692,8552,124.90957644691478,4.011611776542603,8.023223553085202,-85313.72575999991,-85970.23642563191,-1.2433755502380242,stop_loss,21,-1.2433755502380242,341.05239167999997,315.458273952
NKE,2014-09-30,37.96611815158971,2014-10-14,36.647047635313186,29798,36.63552881816788,0.6652946667109172,1.330589333421834,-39305.663244007905,-39972.66017824335,-0.991343071182086,stop_loss,14,-0.991343071182086,339.3943166043211,327.6026176311187
EXAS,2014-10-13,24.984959999999997,2014-10-15,22.977,44324,22.3005366849203,1.3422116575398495,2.684423315079698,-89000.81903999987,-89638.57881451187,-0.7480042319407372,stop_loss,2,-0.7480042319407372,332.230010112,305.52976440000003
EW,2014-07-31,15.370355000034058,2014-10-16,16.34696999996665,72205,14.755082805965912,0.3076360970340732,0.6152721940681456,70516.48607013277,69829.44123464526,1.587289348272457,trailing_stop,77,1.587289348272457,332.94494483323774,354.09989065427754
BRK-A,2014-08-11,197896.69899999996,2014-10-16,199200.6,5,193601.0811073246,2147.808946337688,4295.617892675364,6519.505000000208,5923.859051500208,0.3035421288805453,trailing_stop,66,0.3035421288805453,296.84504849999996,298.8009
HRL,2014-10-03,19.35607589909188,2014-10-16,18.79898805561289,57610,18.863514022403333,0.24628093834427323,0.4925618766885478,-32093.830662824555,-32753.264633153718,-1.1310007327896423,stop_loss,13,-1.1310007327896423,334.53105976400497,324.9029105651576
INFY,2014-10-13,5.843423294690092,2014-10-24,5.65922075115687,189519,5.6306798813769365,0.106371706656578,0.21274341331315583,-34909.88184787269,-35563.87272695015,-0.8658436971774913,trailing_stop,11,-0.8658436971774913,332.2319218159115,321.75895726154965
BALL,2014-10-22,30.238604645264488,2014-10-28,29.177708102962043,36726,29.263471393981302,0.4875666256415928,0.9751332512831858,-38962.486412599574,-39617.123463196986,-1.08795032976919,stop_loss,6,-1.08795032976919,333.1628982605951,321.4741523368152
AFSI,2014-10-22,22.413288370150816,2014-10-30,20.520867932096966,49548,21.053143941487466,0.6800722143316744,1.3601444286633502,-93765.64786469219,-94403.83833763133,-1.3913378595489172,stop_loss,8,-1.3913378595489172,333.1600836492698,305.03038928986217
CCI,2014-10-22,52.49739976863347,2014-11-03,48.78521768606062,21154,50.69535160529145,0.9010240816710107,1.8020481633420218,-78527.49977474612,-79170.2595216371,-2.05997939349654,stop_loss,12,-2.05997939349654,333.1589984117017,309.6007484792779
HAS,2014-10-21,38.86774829662354,2014-11-14,38.160444995299414,28364,37.4747682453895,0.6964900256170199,1.3929800512340407,-20061.950838757464,-20717.399141117094,-0.5077626924359214,stop_loss,24,-0.5077626924359214,330.733443805629,324.7148585540018
BB,2014-11-14,11.891879999999999,2014-11-18,10.889100000000001,95616,11.009323148987418,0.4412784255062906,0.8825568510125805,-95881.81247999979,-96535.28033510379,-1.1362214217129265,stop_loss,4,-1.1362214217129265,341.11619942399994,312.35165568
ALK,2014-10-28,47.55386965693528,2014-12-02,50.416729366048315,23580,44.81844275980725,1.367713448564016,2.735426897128029,67506.23194088545,66813.18792339686,1.0465860784358023,trailing_stop,35,1.0465860784358023,336.39607395316017,356.6479435354258
CNVR,2014-09-15,34.834799999999994,2014-12-05,34.565400000000004,32761,32.88317477730061,0.9758126113496921,1.9516252226993842,-8825.813399999683,-9507.899385659683,-0.13803879805743163,trailing_stop,81,-0.13803879805743163,342.36686483999995,339.71912082
AVGO,2014-12-05,7.916620457102257,2014-12-10,7.760804212504383,149859,7.486060566138037,0.2152799454821103,0.4305598909642203,-23350.46659919282,-24055.287554261595,-0.3618921498909951,stop_loss,5,-0.3618921498909951,355.9130475242661,348.90790754450836
TRI,2014-12-02,30.461092380572577,2014-12-11,29.705324996759227,38126,29.624011581608425,0.41854039948207583,0.837080798964152,-28814.387275267767,-29502.558723946215,-0.902860733095988,stop_loss,9,-0.902860733095988,348.40788243051304,339.7635662479327
SPGI,2014-10-30,79.51786394181498,2014-12-15,79.45709478556336,14038,76.41423394737271,1.5518149972211392,3.1036299944422723,-853.0774154602937,-1522.5845566447747,-0.019580026085726766,trailing_stop,46,-0.019580026085726766,334.8815322045596,334.6256089799215
ADP,2014-11-03,62.79737074379793,2014-12-15,64.05015416727502,8983,60.86156603864625,0.9679023525758372,1.935804705151675,11253.75349309477,10911.912098211918,0.647164158731053,trailing_stop,42,0.647164158731053,169.23263441746104,172.60876046538945
PDCO,2014-11-18,32.665463844102206,2014-12-15,33.52337716218592,34514,31.694793499429682,0.48533517233626167,0.9706703446725236,29610.020260341425,28924.687762794118,0.8838359210130736,trailing_stop,27,0.8838359210130736,338.22474573460306,347.1077518127055
STE,2014-12-10,59.55457309857406,2014-12-16,56.99278399844652,20002,57.1823165351123,1.1861282817308807,2.372256563461761,-51240.905580751074,-51940.25965174745,-1.0798954630730164,stop_loss,6,-1.0798954630730164,357.3631713353035,341.99089966107823
UNH,2014-10-22,75.87628238408026,2014-12-17,80.25390926096381,14636,72.8818984972747,1.4971919434027756,2.994383886805551,64070.94697006769,63385.41052459263,1.4619457766163928,trailing_stop,56,1.4619457766163928,333.15758069201956,352.37886478303994
ADBE,2014-12-15,75.73565999999998,2014-12-17,72.4275,15722,72.58712637012717,1.5742668149364103,3.1485336298728157,-52010.891519999794,-52709.71788045579,-1.050698639078414,stop_loss,2,-1.050698639078414,357.2148139559999,341.6115465
CNC,2014-12-15,26.386359999999996,2014-12-18,26.44353,45127,25.200128169015596,0.5931159154922006,1.1862318309844007,2579.9105900001277,1864.6942561911278,0.04819462646906044,stop_loss,3,0.04819462646906044,357.22118031599996,357.995153493
RPAI-P-A,2014-12-17,23.57515656877116,2014-12-23,23.32039977971338,49533,23.038263080702645,0.26844674403425667,0.5368934880685146,-12618.868032398994,-13315.731310181838,-0.47450154401066097,stop_loss,6,-0.47450154401066097,350.3244690962826,346.5388086865628
BMS,2014-12-11,38.55668185342094,2015-01-06,40.059167153598636,30705,37.24757258264187,0.6545546353895327,1.309109270779068,46133.81114195616,45409.641248828004,1.1477157283314843,trailing_stop,26,1.1477157283314843,355.164874892787,369.0050182353739
ETR,2014-12-15,27.630805657626638,2015-01-06,27.766852975432133,21547,26.625522926880315,0.502641365373161,1.0052827307463232,2931.411556755007,2573.3155515850517,0.1353323932109065,trailing_stop,22,0.1353323932109065,178.60829085146435,179.48771431849084
CVS,2014-12-17,66.90584285750353,2015-01-06,68.07422925805535,17453,64.84737999671665,1.0292314303934376,2.058462860786875,20391.847848830992,19685.105689241136,0.5676013994759144,trailing_stop,20,0.5676013994759144,350.3123026176027,356.429856972252
GPC,2014-10-22,66.1575112032093,2015-01-07,73.25309026529764,16786,63.889558332404235,1.133976435402531,2.267952870805061,119106.390136215,118404.3462293399,3.1286272097751358,trailing_stop,77,3.1286272097751358,333.15599491712135,368.8879119579859
ORLY,2014-10-24,11.19318199996717,2015-01-16,11.955366,99401,10.77818331443879,0.20749934276418952,0.4149986855283796,75761.85178726335,75071.55514133994,1.8365937691161875,trailing_stop,84,1.8365937691161875,333.784045193621,356.5126007298
NVS,2015-01-16,64.93838241025796,2015-01-23,63.8124809605296,18699,63.08997522964741,0.9242035903052761,1.8484071806105504,-21053.231208470606,-21775.484926721714,-0.6091198203181951,stop_loss,7,-0.6091198203181951,364.2848438068241,357.9688744442829
ZBH,2015-01-06,103.86924146534736,2015-01-30,99.08735367636916,11408,100.15361100154423,1.8578152319015644,3.715630463803123,-54551.77589666326,-55246.37454787627,-1.2869653846264648,stop_loss,24,-1.2869653846264648,355.48209199100484,339.11655922200583
JHG,2015-01-23,25.103772671357124,2015-02-03,24.478299896929585,48935,23.527646346206744,0.7880631625751895,1.5761263251503799,-30607.510216611634,-31335.399832950367,-0.39684177876279186,stop_loss,11,-0.39684177876279186,368.53593470185825,359.3536816368748
OPK,2015-02-03,12.712699999999998,2015-02-04,12.33765,94818,12.002140903499694,0.3552795482501526,0.7105590965003046,-35561.49089999982,-36274.058125889824,-0.527823796566986,stop_loss,1,-0.527823796566986,361.61783657999996,350.94938931
IONS,2015-01-06,68.09803,2015-02-05,61.74819,17401,61.14663053244801,3.4756997337759925,6.951399467551987,-110493.56583999988,-111171.40206226587,-0.9134621063916731,stop_loss,30,-0.9134621063916731,355.49214600899995,322.34407625700004
ISIS,2015-01-06,68.09803,2015-02-05,61.74819,8700,61.14663053244801,3.4756997337759925,6.951399467551987,-55243.60799999994,-55582.50663419994,-0.9134621063916731,stop_loss,30,-0.9134621063916731,177.73585829999996,161.1627759
DUK,2014-10-02,46.42786770249725,2015-02-09,51.72989527817468,23923,45.3115015473399,0.5581830775786766,1.1163661551573512,126840.40569293112,126135.93724379514,4.749362519799886,trailing_stop,130,4.749362519799886,333.20816371405255,371.2602854219318
WEN,2015-02-04,7.846335237057824,2015-02-10,7.539091181350273,152786,7.458820015571924,0.19375761074294975,0.38751522148589945,-46942.59029533393,-47647.7936235628,-0.7928567412899187,stop_loss,6,-0.7928567412899187,359.64305265873503,345.5602755701348
GGP,2014-12-18,24.80548864020464,2015-02-12,25.918839108223768,47789,24.096705690905516,0.35439147464956283,0.708782949299124,53205.90551616611,52478.686046535215,1.570791832845384,trailing_stop,56,1.570791832845384,355.6288489880219,371.59062064287167
ADEA,2015-02-12,8.468083985877284,2015-02-13,7.9118999396233525,141291,8.005642983694019,0.23122050109163256,0.4624410021832652,-78583.80007926421,-79278.10337190959,-1.20271352156943,stop_loss,1,-1.20271352156943,358.9392163345762,335.3640763107969
AXON,2014-12-23,26.71669,2015-02-27,23.38659,44988,24.122098332656087,1.2972958336719573,2.594591667343913,-149814.53879999992,-150490.75270819193,-1.2834774897003451,stop_loss,66,-1.2834774897003451,360.579134916,315.63477327600003
AGIO,2014-09-29,62.54247999999999,2015-03-02,107.44245,18019,56.32883422428419,3.106822887857898,6.213645775715797,809052.55943,808133.671893899,7.226026654991873,trailing_stop,154,7.226026654991873,338.085884136,580.8016519649999
HE,2014-09-23,18.812209535716878,2015-03-09,23.07421993534575,60437,18.261792132426255,0.2752087016453123,0.5504174032906235,257583.12252237005,256823.67548098727,7.7432333609889605,trailing_stop,167,7.7432333609889605,341.0860523130363,418.36098906974735
SONY,2015-02-05,4.981892796212546,2015-03-11,5.018755715554131,238572,4.746099051174196,0.11789687251917531,0.23579374503835027,8794.460393160678,8078.697978135917,0.15633544195835114,trailing_stop,34,0.15633544195835114,356.5620384534059,359.200376571354
MNST,2015-03-02,23.72033961297,2015-03-11,22.60401739596,51146,22.55828796705515,0.5810258229574251,1.1620516459148504,-57095.41611119353,-57806.207780267156,-0.9606476794163071,stop_loss,9,-0.9606476794163071,363.9601469534891,346.831522120131
MO,2014-09-16,21.082445418283164,2015-03-12,25.378139309868526,53825,20.62643531124673,0.2280050535182175,0.45601010703643396,231215.7237145821,230465.5014226843,9.420172547276781,trailing_stop,177,9.420172547276781,340.42878739172744,409.793504506102
CFN,2014-10-07,56.756699999999995,2015-03-12,59.78016,19656,54.358512537308435,1.19909373134578,2.39818746269156,59429.12976000014,58741.93520395215,1.2607271312338046,trailing_stop,156,1.2607271312338046,334.68290856,352.51164748800005
ACAD,2015-03-11,45.79575,2015-03-12,34.565400000000004,26138,42.63578819522583,1.5799809023870846,3.15996180477417,-293538.8882999999,-294169.0322216099,-3.5539511848000274,stop_loss,1,-3.5539511848000274,359.10279404999994,271.04112756
AVGO,2015-02-27,9.846605152300699,2015-03-13,9.59862916390908,122773,9.321149908663651,0.2627276218185237,0.5254552436370474,-30444.756022804082,-31160.960948615288,-0.47192599444854805,stop_loss,14,-0.47192599444854805,362.66917630902407,353.53574950218285
XLS,2015-02-09,23.7830343873122,2015-03-26,23.401198248142,50073,22.41536723602242,0.6838335756448892,1.3676671512897798,-19119.680996669453,-19828.477820895983,-0.2791879141135397,trailing_stop,45,-0.2791879141135397,357.2663642627651,351.5304599637643
EFX,2015-02-13,82.23044172143457,2015-03-26,81.62737757920671,14620,79.72789390649598,1.251273907469297,2.5025478149385947,-8816.797759371384,-9535.478154823997,-0.2409800678444429,trailing_stop,41,-0.2409800678444429,360.66271739021204,358.0176780624006
HZNP,2015-03-12,22.89287,2015-03-26,20.019959999999998,52251,21.198452864975618,0.8472085675121898,1.6944171350243806,-150112.42041000005,-150785.09189409905,-1.695515195529856,stop_loss,14,-1.695515195529856,358.85260511099995,313.81887898799994
MYL,2015-03-13,61.32125999999999,2015-03-31,59.500440000000005,19418,57.95436857708319,1.6834457114583998,3.366891422916801,-35356.682759999676,-36060.51749117967,-0.5408015202410575,stop_loss,18,-0.5408015202410575,357.22086800399995,346.61386317600005
URBN,2015-03-11,43.94389999999999,2015-04-06,43.88607,27240,41.812376236439064,1.0657618817804626,2.131523763560928,-1575.2891999998803,-2293.0357148398803,-0.027130825838593838,trailing_stop,26,-0.027130825838593838,359.10955079999997,358.63696404
OA,2015-03-12,71.66624170533002,2015-04-14,72.74067005951217,16690,68.31878040169256,1.6737306518187303,3.347461303637459,17932.209231300018,17209.16382409345,0.32096811784340495,trailing_stop,33,0.32096811784340495,358.83287221858745,364.21253498797745
COO,2015-03-09,44.705689127081264,2015-04-17,44.52663582990281,26857,42.98555484407598,0.8600671415026419,1.7201342830052866,-4808.834402321786,-5527.788167732702,-0.10409262750442226,trailing_stop,39,-0.10409262750442226,360.1982078658064,358.75555754510987
ROST,2014-10-13,32.98642062359783,2015-04-20,43.32863336346053,33572,31.93380397654816,0.5263083235248361,1.0526166470496712,347208.76610267063,346440.1514049346,9.825241476895123,trailing_stop,189,9.825241476895123,332.2260339526279,436.3886637834291
KMX,2015-04-06,74.23415999999999,2015-04-20,70.89903,16014,71.13532855615112,1.549415721924433,3.0988314438488658,-53408.77181999988,-54106.02069139788,-1.0762540849455287,stop_loss,14,-1.0762540849455287,356.6357514719999,340.613119926
KSS,2015-02-05,37.713259281838624,2015-04-28,41.1691476165013,31515,35.970210716245234,0.8715242827966962,1.7430485655933907,108912.32086689418,108166.52715087384,1.982668987473781,trailing_stop,82,1.982668987473781,356.56000988014324,389.2337061402115
JACK,2014-09-29,53.26447478252476,2015-04-30,72.58648422697425,21157,51.27971438614291,0.9923801981909209,1.9847603963818443,408795.7538162179,407996.9651942887,9.735184901750815,trailing_stop,213,9.735184901750815,338.07494789216287,460.7136740370283
IPGP,2015-02-10,84.68459999999999,2015-05-01,88.58133000000001,13945,80.15456976048766,2.2650151197561668,4.530030239512328,54339.89985000027,53615.04183184527,0.8601995558465664,trailing_stop,80,0.8601995558465664,354.2780240999999,370.57999405500004
AMRX,2015-03-12,42.63259,2015-05-01,45.13482,28057,40.090354428255836,1.2711177858720835,2.5422355717441647,70205.06710999993,69466.32004328893,0.9842636252167927,trailing_stop,50,0.9842636252167927,358.842773289,379.90429342199997
IPXL,2015-03-12,42.63259,2015-05-01,45.13482,14028,40.090354428255836,1.2711177858720835,2.5422355717441647,35101.28243999996,34731.92207175596,0.9842636252167927,trailing_stop,50,0.9842636252167927,179.414991756,189.94537648799997
KRFT,2015-03-26,81.57435241200652,2015-05-01,84.78513000000001,14482,77.10356278854775,2.235394811729382,4.470789623458771,46498.48102932173,45775.71562203453,0.7181678983833537,trailing_stop,36,0.7181678983833537,354.4079314892035,368.35747579800005
JD,2015-04-14,29.62425962267195,2015-05-04,29.775186279434806,40472,27.82057971950938,0.9018399515812859,1.8036799031625712,6108.303652506299,5387.09934014128,0.08367707401863328,trailing_stop,20,0.08367707401863328,359.68591063463373,361.5184017303856
YUM,2015-05-04,53.454218998252315,2015-06-01,52.13484419943894,21980,51.51680657217899,0.968706213036663,1.9374124260733225,-28999.85807791805,-29696.112360643627,-0.6809984188485045,trailing_stop,28,-0.6809984188485045,352.47712007447575,343.77716265110035
WX,2015-05-01,43.22317999999999,2015-06-02,42.86709,27034,40.558154828045424,1.3325125859772828,2.665025171954568,-9626.537059999857,-10324.746367753856,-0.1336159987332627,trailing_stop,32,-0.1336159987332627,350.54863443599993,347.66067331799997
SIAL,2014-09-24,135.0349388722154,2015-06-03,137.8645478859559,8369,129.8524484894413,2.591245191387063,5.1824903827741196,23680.99783599408,22995.82909459034,0.5459940694044911,trailing_stop,252,0.5459940694044911,339.03222102647123,346.13652037726945
HME,2015-04-28,73.32867148397125,2015-06-10,72.45747,16216,70.66788161537701,1.3303949342971197,2.660789868594236,-14127.403264077759,-14836.623685168983,-0.3274221291407451,trailing_stop,43,-0.3274221291407451,356.72932103522334,352.49110005600005
EQIX,2015-05-01,199.53409861464186,2015-06-10,200.02742863936143,5856,191.55409259474303,3.9900030099494246,7.980006019898838,2888.9406247577954,2186.9909336779624,0.06182075846677404,trailing_stop,40,0.06182075846677404,350.54150444620285,351.4081866336301
HUM,2015-06-01,194.98192361402786,2015-06-16,185.27127081992742,6080,185.49176755976322,4.745078027132318,9.490156054264645,-59040.76898813067,-59734.350814778205,-1.0232342585912177,stop_loss,15,-1.0232342585912177,355.6470286719868,337.9347979755476
NVO,2015-03-27,21.609860336985573,2015-06-18,22.156288129338808,54688,20.754685602381805,0.4275873673018832,0.8551747346037679,29883.04310821372,29164.998170015817,0.6389662489343935,trailing_stop,83,0.6389662489343935,354.5400126327201,363.50492556518424
WUBA,2015-04-20,68.9689,2015-06-22,74.17575,17116,61.776747508868134,3.596076245565937,7.192152491131871,89120.4445999998,88385.42545117979,0.7239626810499614,trailing_stop,63,0.7239626810499614,354.14150772,380.87764109999995
LLY,2015-06-10,68.06513877229999,2015-06-22,69.01448635127454,17667,65.82846119998018,1.1183387861599043,2.236677572319806,16772.12367774343,16045.587956625972,0.42444543224436326,trailing_stop,12,0.42444543224436326,360.7520420070672,365.7836791103902
LLY-WD,2015-06-10,74.670525281118,2015-06-22,75.71200236720635,8052,72.21678917121544,1.2268680549512796,2.4537361099025645,8385.97349718339,8022.709463396098,0.42444543318462447,trailing_stop,12,0.42444543318462447,180.37412086906866,182.88991291822367
AMBA,2015-06-02,95.00490999999998,2015-06-23,98.19171,12513,88.80449964868438,3.100205175657795,6.200410351315597,39876.428400000244,39151.18760818224,0.513965982803678,trailing_stop,21,0.513965982803678,356.6389316489999,368.601860169
WMB,2015-06-23,32.35978924508374,2015-06-26,29.670517289282152,37386,30.641036283710196,0.8593764806867721,1.7187529613735428,-100541.12133959813,-101236.84085162627,-1.5646646238517332,stop_loss,3,-1.5646646238517332,362.9409242150102,332.77858781313074
RHT,2015-03-27,75.07499999999999,2015-06-29,76.6233,15741,71.63973076331204,1.7176346183439701,3.435269236687944,24371.790300000186,23655.425417910184,0.4507070314793663,trailing_stop,94,0.4507070314793663,354.5266724999999,361.83820959
PF,2015-06-22,43.01690048069978,2015-06-30,42.187076472051245,14160,41.66708938502782,0.6749055478359802,1.34981109567196,-11750.307962463276,-12112.254456558561,-0.6147704751496618,trailing_stop,8,-0.6147704751496618,182.73579324201268,179.2107008532737
FISV,2015-06-22,42.832789999999996,2015-06-30,41.753205,28441,41.64988996355455,0.5914500182227242,1.1829000364454458,-30704.47698499984,-31426.190070138342,-0.9126595373554068,stop_loss,8,-0.9126595373554068,365.462214117,356.2508710215
SC,2015-05-01,21.83201555925777,2015-07-07,21.087521963308095,53523,20.82787735862457,0.5020691003166007,1.0041382006332,-39847.5307360144,-40536.685458060485,-0.7414254287708637,trailing_stop,67,-0.7414254287708637,350.55449063344605,338.60023141264173
TGNA,2015-06-30,16.03970357563509,2015-07-07,15.361135086144815,73925,15.409404049669465,0.31514976298281305,0.6302995259656257,-50163.175585568664,-50859.56768499029,-1.0765809929028614,stop_loss,7,-1.0765809929028614,355.72052604864723,340.6715733729767
CE,2015-04-20,54.758487496522285,2015-07-09,56.21697109105322,21558,52.32716176581713,1.2156628653525763,2.4313257307051543,31441.98933089784,30724.266650028552,0.5998717391552181,trailing_stop,80,0.5998717391552181,354.1450420350082,363.57763883427754
CYH,2015-06-26,62.512449999999994,2015-07-21,60.02991,19146,59.391879426659465,1.5602852866702632,3.1205705733405296,-47530.71083999987,-48234.56964736787,-0.7955404121312555,trailing_stop,25,-0.7955404121312555,359.05901030999996,344.799797058
DE,2015-06-29,79.57214335056281,2015-07-24,77.61832262607074,15098,77.41462296831115,1.078760191125831,2.1575203822516613,-29498.785298381357,-30210.76379497592,-0.9055862185890462,stop_loss,25,-0.9055862185890462,360.4140660920392,351.5644305025248
GHC,2015-07-07,641.8163886127792,2015-07-24,604.8209379280856,1855,611.0508713870086,15.382758612885311,30.765517225770623,-68626.56102010651,-69320.3146923265,-1.2024972768442337,stop_loss,17,-1.2024972768442337,357.1708202630116,336.58285195697965
DY,2015-07-07,65.80573999999999,2015-07-27,63.29664,18100,62.574751722618586,1.6154941386906991,3.2309882773813996,-45414.70999999981,-46115.73592339981,-0.7765735386800986,trailing_stop,20,-0.7765735386800986,357.32516819999995,343.70075519999995
CAG,2015-06-22,22.323574978202405,2015-07-28,22.23192363810266,54571,21.578184201028535,0.3726953885869354,0.7453907771738706,-5001.505280583158,-5730.936715080273,-0.12295743777141722,trailing_stop,36,-0.12295743777141722,365.465943040645,363.9654914564701
LPNT,2015-06-30,86.65656999999999,2015-07-28,82.99692,6841,82.97010233443804,1.843233832780977,3.686467665561949,-25035.665649999897,-25383.845507526898,-0.9927253761609012,stop_loss,28,-0.9927253761609012,177.84527861099997,170.33457891600003
NVAX,2015-07-10,122.2221,2015-07-28,116.883,9716,113.33567282514261,4.443213587428691,8.886427174857388,-51874.69560000002,-52571.639145480025,-0.6008151414447038,stop_loss,18,-0.6008151414447038,356.25297707999994,340.69056839999996
CRI,2015-04-30,74.85235103053841,2015-07-30,76.79006925715943,15714,72.07468632971833,1.388832350410042,2.7776647008200825,30449.30421312264,29734.431515402375,0.6976069595617211,trailing_stop,91,0.6976069595617211,352.8689532281642,362.003744492101
CEMP,2015-07-21,44.694649999999996,2015-07-31,41.81814,27538,40.526146456639445,2.084251771680276,4.168503543360551,-79213.33237999989,-79928.04914330589,-0.690058187567479,stop_loss,10,-0.690058187567479,369.24038150999996,345.47638179599994
TEVA,2015-07-28,67.58416605054717,2015-08-03,64.88420543021523,17640,64.59835262489351,1.4929067128268285,2.98581342565366,-47627.30534265535,-48328.32796453155,-0.9042630048931658,stop_loss,6,-0.9042630048931658,357.6554067394956,343.36721513669903
CCEP,2015-08-03,37.42540000047372,2015-08-04,35.83105260008289,32094,35.94060246538,0.7423987675468591,1.484797535093719,-51168.98546814332,-51874.313245072,-1.073781012365566,stop_loss,1,-1.073781012365566,360.3392362845611,344.9885406441181
HRTX,2015-06-11,28.568539999999995,2015-08-07,31.1688,21162,25.20770049504323,1.680419752478382,3.3608395049567648,55026.702120000125,54647.45364327612,0.7736935953546692,trailing_stop,57,0.7736935953546692,181.37023304399997,197.87824368000003
AGN,2015-07-28,310.11842307060783,2015-08-07,302.0282751143789,3844,297.65823909556417,6.23009198752184,12.460183975043662,-31098.528743743962,-31804.456316090887,-0.6492799763175703,trailing_stop,10,-0.6492799763175703,357.6285654850249,348.2990068619018
SKX,2015-07-31,49.89980010015,2015-08-13,49.61362038633001,23909,47.207231135894354,1.3462844821278241,2.692568964255649,-6842.27077772215,-7556.050688845526,-0.10628500796788458,trailing_stop,13,-0.10628500796788458,357.9162961783459,355.86361494502927
PNRA,2015-07-30,201.76155999999997,2015-08-14,196.25355,2966,193.71246027773392,4.024549861133029,8.04909972226605,-16336.757659999954,-16690.911504877957,-0.6843013740733385,stop_loss,15,-0.6843013740733385,179.52743608799997,174.62640878999997
W,2015-08-13,49.87982999999999,2015-08-19,45.31464,23905,45.28214889064693,2.298840554676531,4.597681109353061,-109130.86694999987,-109813.55409160486,-0.9929331529133304,stop_loss,6,-0.9929331529133304,357.71320084499996,324.97394075999995
RARE,2015-06-03,91.74164999999999,2015-08-21,103.29660000000001,12945,83.36527751231662,4.188186243841685,8.37637248768337,149578.82775000026,148821.39670612526,1.3794694561387326,trailing_stop,79,1.3794694561387326,356.27869777499996,401.15234610000005
MIDD,2015-06-18,114.11399999999999,2015-08-21,114.30558,10670,109.58898906071215,2.2625054696439206,4.525010939287839,2044.1586000001714,1312.9875244201714,0.04233801919386466,trailing_stop,64,0.04233801919386466,365.278914,365.89216158000005
QLIK,2015-07-27,40.62058,2015-08-21,38.10186,14878,38.57618465757649,1.0221976712117533,2.044395342423506,-37473.51615999992,-37824.88589869592,-1.2320121982934111,trailing_stop,25,-1.2320121982934111,181.30589677199995,170.06384192400003
DXCM,2015-08-07,23.145622499999995,2015-08-21,22.425052500000003,51779,21.91290476217582,0.6163588689120871,1.2327177378241743,-37310.39402999956,-38018.27522424706,-0.5845377071249447,trailing_stop,14,-0.5845377071249447,359.53715622824996,348.34403801925004
NFLX,2015-04-17,7.985827014165001,2015-08-24,8.866125,149338,7.5370315755385455,0.22439771931322766,0.44879543862645566,131461.9406086271,130706.94956565968,1.961468210392607,trailing_stop,129,1.961468210392607,357.7762303924119,397.214812575
UAA,2015-07-24,48.40335499999999,2015-08-24,40.51944,25141,46.414059206211064,0.9946478968944639,1.9892957937889264,-198209.5070149997,-198880.18941172818,-3.9631687879778967,stop_loss,31,-3.9631687879778967,365.07262441649993,305.609772312
AMZN,2015-07-27,26.4138875,2015-08-24,23.155821000000003,45762,25.063409095983555,0.6752392020082234,1.350478404016446,-149095.63917299992,-149776.16187311301,-2.412527657095598,stop_loss,28,-2.412527657095598,362.6256959325,317.89700418060005
CLX,2015-08-04,84.08315427146673,2015-08-24,79.52929556182046,14202,82.05158062956887,1.0157868209489234,2.0315736418978503,-64673.901394396235,-65370.98859815594,-2.241542524341944,trailing_stop,20,-2.241542524341944,358.24468708901105,338.84251667069225
AAP,2015-08-14,164.45957329768802,2015-08-24,150.86919236996917,7293,157.95527284136162,3.252150228163207,6.504300456326405,-99114.6481058536,-99804.55591225786,-2.0894454398243822,stop_loss,10,-2.0894454398243822,359.8211004180116,330.0867059862556
TJX,2015-08-19,32.4145637254938,2015-08-24,29.07953499478151,36717,31.358358643591295,0.5281025409512526,1.0562050819025046,-122452.24990556309,-123129.6135523768,-3.1575579287168547,stop_loss,5,-3.1575579287168547,357.04966089268675,320.31398592101783
FLG,2015-05-01,30.11929845261943,2015-08-25,31.20020872417152,38796,29.27694670521149,0.42117587370396914,0.8423517474079389,41934.994895134965,41221.30941500573,1.28320535320101,stop_loss,116,1.28320535320101,350.55249083034704,363.1329892988875
TRAK,2015-06-16,62.32625120437986,2015-09-28,61.77602307094887,19410,58.07232592416517,2.126962640107344,4.253925280214688,-10679.92806989554,-11402.575613000781,-0.1293459798154288,trailing_stop,104,-0.1293459798154288,362.92576076310394,359.72178234213527
ATHN,2015-10-26,159.96981,2015-10-29,149.05079999999998,6948,146.8574713650813,6.556169317459345,13.1123386349187,-75865.28148000009,-76509.4040394841,-0.8327278835616889,stop_loss,3,-0.8327278835616889,333.441071964,310.68148751999996
KO,2015-10-23,31.201233087487207,2015-11-03,30.326448975133033,17825,30.318519705208185,0.44135669113951154,0.8827133822790216,-15593.026802713151,-15922.046082543013,-0.9910171635731005,stop_loss,11,-0.9910171635731005,166.84859393533785,162.1706858945239
DPS,2015-10-23,85.17106241651099,2015-11-09,81.25930564116165,6530,82.4235236833483,1.3737693665813526,2.747538733162699,-25543.77174303123,-25869.808834056214,-1.4237312574103413,stop_loss,17,-1.4237312574103413,166.85011127394503,159.18697975103566
KDP,2015-10-23,12.421833697739087,2015-11-09,11.851320770508657,44774,12.021116973256897,0.20035836224109507,0.40071672448219076,-25544.145803815278,-25870.187669263676,-1.4237312604500132,stop_loss,17,-1.4237312604500132,166.85255459477096,159.18931085362638
KMB,2015-10-23,83.91029647502178,2015-11-09,81.1964377574393,6628,81.57224789653667,1.1690242892425595,2.3380485784851146,-17987.455580136695,-18315.75381048452,-1.1607366684146765,stop_loss,17,-1.1607366684146765,166.8472335109333,161.45099683689233
MSCI,2015-11-03,63.09384562195258,2015-11-09,60.19227119274917,8830,60.507984311399106,1.2929306552767372,2.585861310553476,-25620.902209866148,-25947.487133308292,-1.122092053955656,stop_loss,6,-1.122092053955656,167.13559705255238,159.44932638959256
NOC,2015-10-29,158.80926378631193,2015-11-10,152.082392017026,3509,152.76537521293574,3.021944286688097,6.043888573376194,-23604.593038424347,-23931.868684488523,-1.1130039357307706,stop_loss,12,-1.1130039357307706,167.17851198785058,160.09713407632327
CTXS,2015-10-23,61.396959104728104,2015-11-16,59.252585976016505,9058,57.91699312647625,1.7399829891259262,3.4799659782518546,-19423.731799869667,-19751.584873672084,-0.6162051991637044,trailing_stop,24,-0.6162051991637044,166.84009667118815,161.01297713122727
EEFT,2015-10-23,81.35126999999999,2015-11-16,76.71321,6836,77.18097595485703,2.085147022571477,4.170294045142953,-31705.778159999874,-32029.936795583875,-1.1121661805602954,stop_loss,24,-1.1121661805602954,166.83518451599997,157.323451068
FMX,2015-10-23,73.42104907128883,2015-11-16,70.54887168085858,15150,70.17297790828705,1.6240355815008898,3.2480711630017822,-43513.48746501832,-44167.830754836825,-0.8842716942740445,trailing_stop,24,-0.8842716942740445,333.69866802900776,320.64462178950225
WAL,2015-11-09,33.52554354687703,2015-11-16,31.79425481177851,16693,31.917822658665443,0.8038604441057947,1.6077208882115883,-28900.402854999593,-29227.517873199904,-1.0768590168809633,stop_loss,7,-1.0768590168809633,167.89256952840552,159.2224486719056
STMP,2015-11-09,102.97286999999999,2015-11-17,94.51539,10870,95.50402130618748,3.734424346906253,7.468848693812504,-91932.80759999988,-92576.81681585989,-1.1323672960474493,stop_loss,8,-1.1323672960474493,335.79452906999995,308.21468679
OZRK,2015-11-11,52.29206156756462,2015-11-17,50.90443770800515,10608,49.6628743449547,1.3145936113049612,2.6291872226099215,-14719.913902206918,-15048.326441501491,-0.527776739376521,stop_loss,6,-0.527776739376521,166.41425673261764,161.9982825619556
UHAL,2015-11-18,41.73847005807205,2015-12-01,39.71934060299301,26300,39.889967513668054,0.9242512722019998,1.848502544403999,-53103.10466857891,-53745.80679469471,-1.09230547785373,stop_loss,13,-1.09230547785373,329.3165287581885,313.3855973576148
TAL,2015-12-01,7.191946274528251,2015-12-02,7.158019321718433,154246,6.849487058264465,0.17122960813189297,0.3424592162637863,-5233.096763103299,-5897.124201110899,-0.09906859327647875,stop_loss,1,-0.09906859327647875,332.79868351826536,331.2287544893344
BYD,2015-10-26,18.028322215896768,2015-12-04,18.178750313247363,30827,16.948976878066773,0.5396726689149977,1.079345337829995,4637.2469570267895,4302.400329570011,0.13936975690563316,trailing_stop,39,0.13936975690563316,166.7277266848349,168.11890077194295
DHR,2015-10-23,60.385153451216524,2015-12-14,59.70815703783721,9210,58.21560079589994,1.0847763276582936,2.1695526553165863,-6235.1369672234805,-6566.954784104736,-0.31204424180270696,trailing_stop,52,-0.31204424180270696,166.84417898571127,164.9736378955442
XRAY,2015-10-23,51.0098266028328,2015-12-14,51.85800557170825,21806,48.880691015726214,1.0645677935532958,2.129135587106589,18495.390595297948,17822.449810778533,0.3983677573245048,trailing_stop,52,0.3983677573245048,333.6960836704116,339.244700849001
VNTV,2015-10-29,50.450399999999995,2015-12-14,50.59935,11047,47.90578444175262,1.272307779123685,2.544615558247372,1645.4506500000703,1310.56167352507,0.05853536480874033,trailing_stop,46,0.05853536480874033,167.19767063999996,167.691305835
NUAN,2015-11-18,17.368000000048074,2015-12-14,17.47168831172315,63204,16.410814897696678,0.4785925511756977,0.9571851023513958,6553.516051111445,5892.913753094289,0.10832629072512423,trailing_stop,26,0.10832629072512423,329.31812160091147,331.284176416245
CRM,2015-11-20,79.58121364030288,2015-12-14,75.3578350582306,6960,75.58791327375621,1.9966501832733319,3.993300366546663,-29394.71493122301,-29718.227664905546,-1.0576160554946124,stop_loss,24,-1.0576160554946124,166.1655740809524,157.34715960158553
XLP,2015-12-17,38.786902099835444,2015-12-21,37.78989269157503,14406,37.84769734471931,0.46960237755806905,0.9392047551161369,-14362.917535399578,-14693.867127129095,-1.061546380413218,stop_loss,4,-1.061546380413218,167.62923349506883,163.32035823444897
HA,2015-10-23,32.72548726993851,2015-12-31,34.9221482165304,33990,30.390984045910514,1.1672516120139993,2.3345032240279977,74664.50557465837,73974.70263560284,0.9409543426552776,trailing_stop,69,0.9409543426552776,333.70179369156295,356.1011453639605
RTN,2015-10-23,108.51598930063093,2016-01-05,113.36151585699754,5125,104.2588618372599,2.12856373168552,4.2571274633710345,24833.323601378863,24492.186937199007,1.138215051829725,trailing_stop,74,1.138215051829725,166.84333354972009,174.2933306301337
VRSN,2015-10-26,79.02083535062376,2016-01-05,80.41777391802317,7033,75.93251302472349,1.5441611629501302,3.088322325900265,9824.6689445201,9488.269422824182,0.45232926488403397,trailing_stop,71,0.45232926488403397,166.72606050628107,169.67346118963707
ALKS,2015-12-17,79.50943,2016-01-05,75.26466,14055,73.64648475653094,2.9314726217345273,5.862945243469056,-59660.24234999984,-60312.84730048484,-0.7239995981078604,stop_loss,19,-0.7239995981078604,335.251511595,317.35343889
STMP,2015-12-24,111.86174999999999,2016-01-05,107.7921,4987,104.73712930587315,3.5623103470634185,7.124620694126833,-20295.344549999907,-20623.968674984906,-0.5712093562194531,stop_loss,12,-0.5712093562194531,167.35636417499998,161.26776081
NVDA,2015-11-09,0.759143301053291,2016-01-07,0.7482635194877293,737239,0.7167350292405557,0.021204135906367653,0.04240827181273532,-8020.999281613132,-8354.395010703784,-0.2565485717881684,trailing_stop,59,-0.2565485717881684,167.90101443756816,165.49471465308423
HD,2015-11-18,97.87623159190463,2016-01-07,98.48959431041763,11215,94.62895906575883,1.6236362630728933,3.2472725261457924,6878.862888123322,6218.190066874959,0.1888855073217419,trailing_stop,50,0.1888855073217419,329.30458119096306,331.36824005740016
MCD,2015-10-23,85.49150527548021,2016-01-08,89.51984236504494,13011,82.38596340249705,1.5527709364915772,3.105541872983153,52412.693872326694,51729.57207908143,1.2971446705032343,trailing_stop,77,1.2971446705032343,333.6989925417819,349.42280070347994
GE,2015-10-23,124.86131072071245,2016-01-08,123.09817734044059,4454,119.62495116335425,2.618179778679101,5.236359557358199,-7852.996075730896,-8184.319543678209,-0.3367097619937672,trailing_stop,77,-0.3367097619937672,166.83968338501597,164.4837845622967
MSFT,2015-10-26,45.528369947648734,2016-01-08,45.606872993295966,24413,43.39595425003169,1.0662078488085198,2.1324156976170414,1916.494853385858,1249.0294476106733,0.03681413794456582,trailing_stop,74,0.03681413794456582,333.4452286595846,334.0201771156003
ISEE,2015-12-17,74.90482999999999,2016-01-08,67.56237,14919,67.80759941175978,3.548615294120105,7.097230588240208,-109542.16073999983,-110179.80118703983,-1.0345528313770886,stop_loss,22,-1.0345528313770886,335.251547631,302.38889940900003
SIX,2015-10-23,40.45837777653101,2016-01-14,40.38070091223339,13746,38.67383840181408,0.8922696873584659,1.7845393747169283,-1067.746176635115,-1401.1103693318416,-0.04352768305263294,trailing_stop,83,-0.04352768305263294,166.84225827485855,166.52193442186805
FSLR,2015-12-17,66.56649999999999,2016-01-14,60.7392,16788,61.4565170877112,2.554991456144395,5.1099829122887925,-97828.7123999999,-98469.8748274799,-1.1403756333482358,stop_loss,28,-1.1403756333482358,335.25552059999995,305.90690687999995
HRL,2015-12-02,28.829901246465873,2016-01-19,29.551764961806562,38724,27.843207122703856,0.49334706188100863,0.9866941237620175,27953.450512852833,27275.21902017809,0.7315982713958034,trailing_stop,48,0.7315982713958034,334.92272876044336,343.3087639142992
HIMX,2016-03-15,7.558941882817087,2016-03-22,6.920953304415976,143227,6.94524817318782,0.30684685481463364,0.613693709629267,-91377.19011865593,-91999.36370305046,-1.039587938397675,stop_loss,7,-1.039587938397675,324.79337071507285,297.38021367947607
KIM,2016-03-18,17.42651112993654,2016-03-22,16.73178046579125,62357,16.809553793644955,0.30847866814579145,0.6169573362915841,-43321.32002410783,-43960.32260081827,-1.1260594911168196,stop_loss,4,-1.1260594911168196,325.99948635883584,313.0030903516035
FNV,2016-03-17,59.8098219363064,2016-03-24,54.20135106009065,18131,55.0864030816467,2.3617094273298482,4.723418854659698,-101687.18545666772,-102307.32642994703,-1.18737529928834,stop_loss,7,-1.18737529928834,325.32356445815134,294.8174088211511
PLCE,2016-03-16,71.63238954661658,2016-04-08,72.46259046825186,15072,67.39163813686481,2.1203757048758836,4.240751409751766,12512.788290886961,11861.248429251733,0.19576741039953519,trailing_stop,23,0.19576741039953519,323.89301257398154,327.6468490612476
DG,2016-03-14,74.31794129382388,2016-04-11,72.02276715551707,14559,70.77660762591726,1.7706668339533038,3.5413336679066134,-33415.44027960878,-34054.612591902966,-0.6481101058357911,trailing_stop,28,-0.6481101058357911,324.59847218903457,314.57384010515193
XLU,2016-03-17,17.665765512489596,2016-04-21,17.363703043273517,61387,17.14124616385364,0.2622596743179778,0.5245193486359554,-18542.708797767424,-19187.81499363721,-0.5758843215252414,trailing_stop,35,-0.5758843215252414,325.33450425455965,319.7716916152294
VVC,2016-03-30,47.13447592912768,2016-04-21,44.74317720880561,11532,45.54114139485735,0.7966672671351672,1.5933345342703333,-27576.456842754105,-27894.3167715501,-1.5008139652337125,stop_loss,22,-1.5008139652337125,163.06643292441015,154.7934958715839
VTR,2016-03-14,39.006389312375994,2016-04-22,39.143708992292396,27739,36.95576451341226,1.0253123994818656,2.0506247989637316,3809.110601201076,3158.768928139117,0.06696480018470251,trailing_stop,39,0.06696480018470251,324.59946994079934,325.7422031211596
PM,2016-03-18,59.541744870026896,2016-04-22,58.57582653746913,18250,57.8033145306065,0.8692151697101986,1.7384303394203968,-17628.009569179172,-18274.70327263521,-0.5556267114388983,trailing_stop,35,-0.5556267114388983,325.99105316339734,320.7026502926435
CAG,2016-04-08,24.050328274745265,2016-04-22,23.01878798973688,44966,23.236053077975498,0.40713759838488334,0.814275196769767,-46384.2404556871,-47019.19342027171,-1.2668202213459416,stop_loss,14,-1.2668202213459416,324.4341183606587,310.51884622395255
STOR,2016-04-11,19.33107480322138,2016-04-22,18.608686807330784,55960,18.636615648456814,0.3472295773822824,0.6944591547645658,-40424.832250037754,-41061.76496795571,-1.0402166793171568,stop_loss,11,-1.0402166793171568,324.5300837964805,312.40263412146925
IPHI,2016-03-24,32.89286,2016-04-29,31.05891,32721,30.528276659934562,1.1822916700327193,2.364583340065437,-60008.67794999993,-60636.44770985093,-0.7755911872191597,trailing_stop,36,-0.7755911872191597,322.88618161799997,304.88357823300004
JCI,2016-04-22,32.04632636636208,2016-05-04,31.049171058774032,33220,30.81973224250571,0.613297061928185,1.2265941238563691,-33125.49931807497,-33754.30904541388,-0.8129464247334132,trailing_stop,12,-0.8129464247334132,319.37368856716444,309.436038771742
VMI,2016-04-22,126.14445125711387,2016-05-05,120.75726958898653,8439,119.5801321754677,3.2821595408230864,6.564319081646175,-45462.42609732662,-46087.5071839927,-0.8206763871655616,trailing_stop,13,-0.8206763871655616,319.35990724763514,305.7211794184372
TECK,2016-04-21,9.769362803160092,2016-05-06,8.834978916086222,110210,8.453628482830545,0.6578671601647739,1.3157343203295468,-102978.44819441129,-103593.56354467473,-0.7101615216967505,trailing_stop,15,-0.7101615216967505,323.0044423608822,292.1109079025588
CHTR,2016-03-17,198.41822,2016-05-17,203.3964,5465,187.1635152471948,5.627352376402599,11.254704752805196,27205.75370000005,26546.97863051005,0.4423199105919873,trailing_stop,61,0.4423199105919873,325.3066716899999,333.4683978
GPC,2016-03-18,73.26267037022849,2016-05-18,69.55740290745773,14832,70.64348325109901,1.3095935595647379,2.619187119129478,-54956.52700781596,-55592.01920587235,-1.4146631356381512,stop_loss,61,-1.4146631356381512,325.9895780793687,309.5026199770239
BDN,2016-04-22,6.498684306641614,2016-05-19,6.516774460105366,163817,6.261904986849396,0.11838965989610895,0.2367793197922179,2963.4746699714397,2323.828647333783,0.07640090139471052,trailing_stop,27,0.07640090139471052,319.3784901183328,320.2675325193242
KHC,2016-05-06,51.878200293987284,2016-05-19,50.53690895938896,20536,50.009862810871304,0.9341687415579883,1.8683374831159796,-27544.758847311186,-28175.71785239939,-0.7179063454646013,trailing_stop,13,-0.7179063454646013,319.61121637119686,311.3477887170035
AG,2016-05-18,11.643763481101315,2016-05-20,11.433389485228401,91526,10.430639679365045,0.6065619008681351,1.2131238017362698,-19254.69034626429,-19888.33819698318,-0.17341510864086435,stop_loss,2,-0.17341510864086435,319.7121289113836,313.9357218075044
EDU,2016-04-22,38.892362334370816,2016-06-09,37.689174604929946,27372,36.39539069930348,1.2484858175336646,2.4969716350673323,-32933.654530255495,-33562.511478986264,-0.4818587894805723,trailing_stop,48,-0.4818587894805723,319.3685225449194,309.48842618584274
VMC,2016-05-04,103.98469053107357,2016-06-14,104.51032646078329,10299,100.06363165783173,1.9605294366209196,3.921058873241833,5413.524440080427,4769.337386080687,0.13405458747298515,trailing_stop,41,0.13405458747298515,321.28149833385794,322.90555566588216
LOW,2016-05-19,65.35229693422286,2016-06-15,63.454488849878054,16240,63.01985172045698,1.166222606882943,2.3324452137658866,-30820.40328975971,-31447.94995009985,-0.8136560177894483,stop_loss,27,-0.8136560177894483,318.39639066353385,309.1502696766059
SWK,2016-04-22,85.72839161183454,2016-06-27,81.17243399723645,6209,82.97880910904604,1.3747912513942522,2.749582502788499,-28287.940829039515,-28598.82699690153,-1.656963415346746,stop_loss,66,-1.656963415346746,159.6862750553642,151.19989280665234
AMAT,2016-05-23,20.452515426430598,2016-06-27,20.641892804700234,52184,19.50422262502144,0.47414640070457753,0.9482928014091563,9882.469107622706,9239.127927882708,0.19970348608385827,trailing_stop,35,0.19970348608385827,320.18821950385626,323.15296023614314
SOXX,2016-06-01,28.631563788141843,2016-06-27,27.31123571092546,18976,27.738331229789846,0.4466162791759977,0.8932325583519969,-25054.54559325811,-25373.0167622464,-1.478145937327199,stop_loss,26,-1.478145937327199,162.9937663331339,155.47740265515648
XRAY,2016-06-14,55.881580915643156,2016-06-27,52.621770741107014,19409,53.99094775656442,0.9453165795393709,1.8906331590787389,-63269.65567757198,-63901.43814326374,-1.7241896762905453,stop_loss,13,-1.7241896762905453,325.38168119751543,306.4007844942438
VAL,2016-03-22,101.04305497750786,2016-06-28,105.84288466291339,10699,95.67046208968505,2.6862964439114108,5.372592887822819,51353.37780415373,50689.33600368987,0.8933916612748602,trailing_stop,98,0.8933916612748602,324.31789356130696,339.72390690255315
NVDA,2016-05-17,1.0281542464902316,2016-06-28,1.1291222907062057,1045826,0.9731858875009103,0.027484179494660664,0.054968358989321287,105595.0058102154,104918.16504267839,1.8368393394386986,trailing_stop,42,1.8368393394386986,322.58113289696786,354.2596346400325
AWK,2016-06-27,65.97458835170924,2016-07-22,66.80332014523918,16372,63.981240064240694,0.9966741437342739,1.9933482874685495,13567.996923672175,12915.844948298563,0.4157486169074783,trailing_stop,25,0.4157486169074783,324.0407881482551,328.1111872253568
PLAY,2016-06-09,45.09438377839744,2016-07-28,44.16271769935492,24115,42.405134564514704,1.344624606941369,2.6892492138827393,-22467.127496110414,-23112.857996751212,-0.3464409598905792,trailing_stop,49,-0.3464409598905792,326.23531944481635,319.4951811959832
PHM,2016-07-22,19.435498016674877,2016-08-03,18.613321844102146,56887,18.606134305892603,0.414681855391137,0.8293637107822747,-46771.135929145,-47420.480893771004,-0.9913336716857755,stop_loss,12,-0.9913336716857755,331.68815270237513,317.65681192363166
DTE,2016-06-27,58.88065453283851,2016-08-04,59.57026279947024,9172,57.26792755618108,0.806363488328719,1.6127269766574344,6325.0870215462255,5999.157477414645,0.427603851496937,trailing_stop,38,0.427603851496937,162.01600901255844,163.9135351190223
O,2016-06-27,39.69420296487607,2016-08-12,41.61095907485035,13606,38.360718203064955,0.6667423809055555,1.333484761811114,26079.38363231005,25747.512221896297,1.4374038345747404,trailing_stop,46,1.4374038345747404,162.02379766203114,169.84761275172414
ELS,2016-06-29,30.885070750592693,2016-08-12,31.435746999321566,17526,29.913530772742966,0.4857699889248631,0.9715399778497265,9651.151935222231,9323.481539656732,0.5668076057432702,trailing_stop,44,0.5668076057432702,162.38752499246627,165.28287057303294
HIW,2016-06-29,29.328377433083162,2016-08-16,30.24642568194659,18457,28.353894015349493,0.4872417088668346,0.9744834177336692,16944.416529272297,16614.544886944066,0.9420870916392906,trailing_stop,48,0.9420870916392906,162.3941586847248,167.47748364350647
EPR,2016-05-05,37.99532926248239,2016-08-17,43.460101074684225,28079,36.82136105716428,0.586984102659054,1.1739682053181113,153445.32771481524,152759.17160628407,4.654957253055279,trailing_stop,104,4.654957253055279,320.06125510837296,366.0948534228175
GRMN,2016-07-28,40.32831851518399,2016-08-23,41.199756362254554,27423,38.75169374524048,0.7883123849717518,1.576624769943507,23897.440080216154,23226.716761006955,0.5527236814259818,trailing_stop,26,0.5527236814259818,331.7770435925671,338.94627561663197
ULTA,2016-03-14,189.70952,2016-08-29,254.34539999999998,5703,176.62792351886839,6.5407982405658105,13.081596481131612,368618.42363999994,367858.6900773719,4.9409779680353445,trailing_stop,168,4.9409779680353445,324.57401776800003,435.15954486
STOR,2016-06-27,20.45086267290594,2016-09-12,20.961143986853163,26409,19.74318741461626,0.35383762914484107,0.707675258289683,13476.019220032162,13147.924314868887,0.7210670543724735,trailing_stop,77,0.7210670543724735,162.02604969863188,166.06885546464153
NNN,2016-06-27,29.73674350566443,2016-09-12,29.97087127875626,18162,28.79979669597689,0.4684734048437685,0.9369468096875373,4252.228614893842,3926.9057049794474,0.24988374011317757,trailing_stop,77,0.24988374011317757,162.02362066496323,163.29928924943135
IDXX,2016-08-03,105.10499999999999,2016-09-12,109.4904,10570,100.89727171333402,2.103864143332983,4.207728286665969,46353.67800000004,45673.19598660005,1.042225091838051,trailing_stop,40,1.042225091838051,333.28795499999995,347.19405839999996
BBY,2016-08-24,27.679622450419178,2016-09-12,26.016367055926082,40569,26.11539037534441,0.7821160375373826,1.5642320750747665,-67476.60809919039,-68130.12587867526,-1.0633047493375278,trailing_stop,19,-1.0633047493375278,336.8803809573167,316.6373985275596
NDSN,2016-08-24,92.0051629070568,2016-09-12,86.98482809054467,6102,88.56372682017364,1.7207180434415812,3.441436086883158,-30634.083050357032,-30961.74212787724,-1.4587906588318926,stop_loss,19,-1.4587906588318926,168.42465121765815,159.23442630255107
TTM,2016-09-01,40.89085,2016-09-12,41.48847,13629,39.37750517992687,0.7566724100365662,1.5133448200731294,8144.962979999988,7808.138654315989,0.39490008626792694,trailing_stop,11,0.39490008626792694,167.190418395,169.633907289
ADSK,2016-08-29,68.56849999999999,2016-09-13,66.24369,16233,65.71529100046517,1.4266044997674052,2.8532089995348144,-37738.64072999976,-38395.16261408076,-0.8148053648993189,stop_loss,15,-0.8148053648993189,333.9217381499999,322.600145931
CIM,2016-03-14,12.837736343057337,2016-09-14,16.026078243299388,84284,12.264964958994618,0.28638569203135983,0.5727713840627189,268726.20872000104,267996.3813954221,5.566517443009906,trailing_stop,184,5.566517443009906,324.6047309814733,405.2225935974737
AMH,2016-06-29,16.975550119421772,2016-09-14,17.894092904175608,63775,16.356509131682998,0.3095204938693872,0.6190409877387744,58580.066097675866,57912.92265252689,1.4838157778680825,trailing_stop,77,1.4838157778680825,324.78471265983706,342.3587324891398
TFC,2016-09-13,25.712894749120185,2016-09-16,25.393094389098,43332,25.037579948846194,0.337657400136995,0.6753148002739913,-13857.589200481332,-14521.946616882515,-0.4735574577847763,stop_loss,3,-0.4735574577847763,334.2573465806628,330.1000698205184
AABA,2016-08-12,11.353023134809295,2016-09-21,11.772244980982304,49140,10.97710042292062,0.18796135594433755,0.3759227118886752,20600.561520941676,20259.648818378675,1.115180947878341,trailing_stop,40,1.115180947878341,167.36626705335863,173.54643550964116
VXX,2016-09-14,405.90549999999996,2016-09-22,337.06260000000003,2718,367.2552106037829,19.325144698108513,38.65028939621703,-187115.0021999998,-187720.81838873983,-1.7811742441115603,stop_loss,8,-1.7811742441115603,330.9753447,274.84084404000004
DKS,2016-08-17,44.139409905919486,2016-09-30,43.7993047190116,25337,41.92598000757765,1.1067149491709174,2.213429898341836,-8617.24512068506,-9285.676084420624,-0.1536552782460695,trailing_stop,44,-0.1536552782460695,335.50806863588457,332.9228950996791
CPA,2016-09-13,66.9455464213309,2016-10-05,63.06582473147466,16643,62.93200497231206,2.0067707245094235,4.013541449018845,-64570.208084277394,-65219.34185930624,-0.9666579351770942,stop_loss,22,-0.9666579351770942,334.2524187270631,314.8813563017798
QCOM,2016-09-30,52.61223657430646,2016-10-12,51.0409097075221,21064,50.768205960492416,0.92201530690702,1.8440306138140414,-33098.429121945774,-33753.434083929904,-0.8521153906085959,stop_loss,12,-0.8521153906085959,332.4672453603573,322.53771662377363
SWFT,2016-09-12,20.46044,2016-10-14,20.23974,54209,19.242164036790157,0.6091379816049209,1.218275963209841,-11963.92629999985,-12625.82111728585,-0.18115764134302545,trailing_stop,32,-0.18115764134302545,332.741997588,329.15281969800003
FDX,2016-09-22,97.64873386797865,2016-10-21,93.98891153407295,5698,94.41749674379243,1.6156185620931087,3.2312371241862223,-20853.667658594648,-21181.253049644918,-1.132638117614909,trailing_stop,29,-1.132638117614909,166.9207456739227,160.6646453763443
ISIL,2016-09-14,21.486977068370486,2016-10-27,21.819563902292398,51362,20.229560857743234,0.6287081053136258,1.2574162106272517,17082.324963897245,16415.031796696687,0.2645001958070859,trailing_stop,43,0.2645001958070859,331.08423485569347,336.20893234486266
WB,2016-10-05,39.49786711552985,2016-10-27,37.21096955663049,28048,36.332810468976966,1.5825283232764416,3.165056646552884,-64142.90273200931,-64788.36156730354,-0.7225455384471745,stop_loss,22,-0.7225455384471745,332.35085305691433,313.1079822373116
APA,2016-09-12,46.22362972701116,2016-11-01,47.28256772008013,23995,43.07298632183187,1.5753217025896444,3.150643405179288,25409.21714369001,24736.112781367123,0.3361021407018653,trailing_stop,50,0.3361021407018653,332.7407985898898,340.3635637329968
EDU,2016-10-26,51.16249300395204,2016-11-01,48.5111045259684,10857,48.30977818416372,1.4263574098941574,2.852714819788318,-28786.12470546835,-29110.771579983055,-0.9294264044873509,stop_loss,6,-0.9294264044873509,166.64135596317217,158.00551855153168
CSC,2016-10-17,54.01554489495064,2016-11-02,53.03236882938409,20373,51.75172827369133,1.1319083106296552,2.263816621259309,-20030.24598378725,-20684.51212767901,-0.43430022393758555,trailing_stop,16,-0.43430022393758555,330.13760884344873,324.12853504831264
BABA,2016-08-12,87.5199362538181,2016-11-03,92.09841670233119,12748,84.26054132333883,1.6296974652396372,3.2593949304792744,58366.46875764488,57679.53632859938,1.4047025739957977,trailing_stop,83,1.4047025739957977,334.711244209102,352.22118483639537
ADBE,2016-09-22,107.56745999999998,2016-11-03,106.43346000000001,10345,104.24385716740561,1.6618014162971897,3.323602832594375,-11731.22999999971,-12395.381855219712,-0.34119600238599557,trailing_stop,42,-0.34119600238599557,333.83561210999994,330.3162431100001
BA,2016-10-27,134.2462310532859,2016-11-03,129.32005924254167,8260,129.88402175985604,2.1811046467149215,4.362209293429856,-40690.179156747276,-41343.296424100336,-1.1292836907582078,stop_loss,7,-1.1292836907582078,332.6621605500424,320.4551068030183
L,2016-11-01,40.81953983205526,2016-11-03,39.52588055824837,27064,39.6846766946271,0.5674315687140823,1.1348631374281624,-35011.59458630982,-35663.93512354277,-1.1399253629284305,stop_loss,2,-1.1399253629284305,331.4220078044231,320.9185294285302
GEN,2016-06-17,9.727825008833328,2016-11-07,11.834022559370153,111514,9.338750743674652,0.19453713257933838,0.38907426515867627,234870.5136505635,234149.1792896473,5.4133561099906045,trailing_stop,143,5.4133561099906045,325.4366034105119,395.897757505681
AKAM,2016-10-27,68.15809,2016-11-07,67.25268,16269,65.09882237011942,1.5296338149402875,3.05926762988058,-14730.115290000054,-15391.014635139054,-0.2959564541384523,trailing_stop,11,-0.2959564541384523,332.659189863,328.24015527599994
WCG,2016-11-03,123.39326999999999,2016-11-10,117.67221,8823,118.15605698711403,2.618606506442977,5.2372130128859595,-50476.91237999983,-51114.98859901183,-1.0923863486024978,stop_loss,7,-1.0923863486024978,326.609646363,311.466572649
NTES,2016-09-13,38.311154964063554,2016-11-11,38.288109899270935,29083,35.99275267192225,1.1592011460706553,2.3184022921413074,-670.2196193637393,-1338.5405453698463,-0.009940062978170324,trailing_stop,59,-0.009940062978170324,334.26099594595814,334.059930060149
SMG,2016-10-13,61.954561286508245,2016-11-11,61.300258008043066,17858,60.29160820928207,0.8314765386130878,1.6629530772261774,-11684.547946831159,-12344.87331571979,-0.3934586534194717,trailing_stop,29,-0.3934586534194717,331.91536663633923,328.4100022522899
BG,2016-11-03,51.00227858456532,2016-11-14,48.17157300192002,21348,48.81515280964008,1.0935628874626158,2.187125774925235,-60429.90277831189,-61065.05179341237,-1.2942582521309576,stop_loss,11,-1.2942582521309576,326.6389929669901,308.51002213349653
TAL,2016-09-16,11.617521557892932,2016-11-15,11.773423651720961,95945,10.994337180867326,0.31159218851280257,0.6231843770256056,14958.026392330254,14284.753120889332,0.25017009343548313,trailing_stop,60,0.25017009343548313,334.3929317616112,338.8803396793103
SGEN,2016-11-10,69.56949999999999,2016-11-30,66.2337,15789,64.58488802794459,2.492305986027702,4.984611972055404,-52668.946199999875,-53312.20521743987,-0.6692195939625919,trailing_stop,20,-0.6692195939625919,329.5298506499999,313.72916679
STI-WS-A,2016-11-11,16.3163,2016-11-30,18.33165,66711,15.423670343232331,0.4463148283838332,0.8926296567676673,134446.0138500001,133752.59403226513,2.2577672439182184,trailing_stop,19,2.2577672439182184,326.54300679,366.876810945
BERY,2016-11-30,40.785155540253086,2016-12-02,38.88833965923069,27281,39.03292748597076,0.876114027141163,1.7522280542823268,-51747.03405017205,-52399.10583693318,-1.082516557354911,stop_loss,2,-1.082516557354911,333.7979484880933,318.2738382730417
DCI,2016-12-02,38.65835465483255,2016-12-19,37.02298174694061,28866,37.08318834140364,0.7875831567144539,1.575166313428909,-47206.67435920878,-47862.05959618086,-1.038222373059751,stop_loss,17,-1.038222373059751,334.7736196399189,320.6116173321563
CC,2016-11-08,13.9802997237039,2016-12-23,16.366468713952287,78227,12.881543160909409,0.5493782813972462,1.0987565627944917,186662.8416001605,185950.66060378874,2.171699420096832,trailing_stop,45,2.171699420096832,328.0910719458555,384.0899244259037
THO,2016-11-30,84.84218138742865,2016-12-29,83.569968851373,13114,80.99536987565949,1.9234057558845827,3.846811511769161,-16683.795197833762,-17346.362279303255,-0.33071870877046244,trailing_stop,29,-0.33071870877046244,333.78611001442175,328.78097145507166
SPR,2016-11-02,53.282334115339296,2017-01-18,54.29474884890029,20618,51.15884668594324,1.0617437146980286,2.1234874293960573,20873.96697656059,20208.559687593584,0.47676982662851763,trailing_stop,77,0.47676982662851763,329.57254943701963,335.83473952998787
LHX,2016-11-07,80.0463587675453,2017-01-18,83.88165704618746,13525,77.65325689537082,1.1965509360872382,2.3931018721744834,51872.40921863516,51207.27129447094,1.6026473102698409,trailing_stop,72,1.6026473102698409,324.788100699315,340.34982346490557
MU,2016-12-23,22.518580941731074,2017-01-19,20.944176792326445,50299,21.024392821948794,0.7470940598911403,1.4941881197822795,-79190.95431090341,-79846.79428628301,-1.053685361675903,stop_loss,27,-1.053685361675903,339.7986308364394,316.04134454316835
FMC,2016-11-04,31.214373158131025,2017-02-08,35.49031743140155,17442,29.785231860438493,0.7145706488462652,1.4291412976925315,74581.0200143845,74231.98105040571,2.9919674703784684,trailing_stop,96,2.9919674703784684,163.3323289872364,185.70663499155174
BRCD,2016-11-03,12.096581626215194,2017-02-10,12.165436996996677,90010,11.347043784902361,0.3747689206564161,0.7495378413128329,6197.671924041281,5542.524635158691,0.09186376856021197,trailing_stop,99,0.09186376856021197,326.6439936526889,328.50329522990125
CHTR,2017-01-18,306.4561499999999,2017-02-15,321.52815000000004,3658,293.63206852540713,6.412040737296385,12.824081474592788,55133.376000000426,54444.22602918043,1.175288852450051,trailing_stop,28,1.175288852450051,336.3049790099999,352.84499181
NVDA,2016-11-14,2.16585024310205,2017-02-24,2.388434854411088,502220,2.0195351076255004,0.07315756773827478,0.1463151354765495,111786.44349162503,111100.26757312313,1.5212685316804593,trailing_stop,102,1.5212685316804593,326.31999272721345,359.85592577470095
TTMI,2017-02-10,17.1171,2017-02-24,16.263720000000003,67199,16.170339336910416,0.4733803315447931,0.9467606630895844,-57346.28261999985,-58019.22993695385,-0.9013682478263773,trailing_stop,14,-0.9013682478263773,345.07560087,327.87171608400007
ASML,2017-01-19,110.10473871263383,2017-02-27,111.18489146696774,10234,106.69501070725696,1.704864002688441,3.409728005376877,11054.283287853226,10374.879865275812,0.316785606544156,trailing_stop,39,0.316785606544156,338.04356879552836,341.35985378188434
SCI,2017-02-15,27.365207411245553,2017-02-27,26.69334451569213,42030,26.55111156740345,0.4070479219210519,0.8140958438421038,-28238.397500110423,-28920.02178135718,-0.8252872197241361,stop_loss,12,-0.8252872197241361,345.0479002483952,336.576380998362
WAL,2017-02-15,46.18402841703846,2017-02-27,44.599914805091004,12451,44.18659947051307,0.9987144732626932,1.997428946525389,-19723.798582357806,-20062.903845475423,-0.7930763267965502,stop_loss,12,-0.7930763267965502,172.51120134616377,166.59406177145644
REN,2016-12-19,39.95992,2017-03-08,42.4575,28246,35.11654729065531,2.4216863546723415,4.843372709344685,70546.64468000017,69848.25594640417,0.5156695860265382,trailing_stop,79,0.5156695860265382,338.612370096,359.77636350000006
MSCC,2016-11-04,47.52747999999999,2017-03-10,51.778169999999996,22910,44.74275842413479,1.3923607879326008,2.7847215758651984,97383.30790000013,96700.78016755013,1.5264326734996259,trailing_stop,126,1.5264326734996259,326.6563700399999,355.87136240999996
AAOI,2017-02-27,46.09604999999999,2017-03-15,48.22173,24715,41.941224100970935,2.0774129495145273,4.154825899029056,52536.18120000024,51836.862020190245,0.5116171054235417,trailing_stop,16,0.5116171054235417,341.779162725,357.54001708500004
BIO,2017-03-15,202.34213999999997,2017-03-20,197.01279,5601,196.08970243778796,3.126218781106009,6.252437562212009,-29849.68934999987,-30520.725438878868,-0.8523635697234441,trailing_stop,5,-0.8523635697234441,339.99549784199996,331.04059103699996
PNC-WS,2016-11-11,38.268229999999996,2017-03-22,50.11983,28443,35.307663043441934,1.480283478279032,2.9605669565580612,337095.0588000001,336340.8523228261,4.003152157645713,trailing_stop,131,4.003152157645713,326.538979767,427.6674974069999
XYZ,2017-02-24,16.966949999999997,2017-03-22,16.443540000000002,67399,15.944485195235096,0.5112324023824504,1.0224648047649012,-35277.31058999965,-35952.86067465265,-0.5119100408745554,trailing_stop,26,-0.5119100408745554,343.066638915,332.48344573800006
LUK,2017-02-28,25.725439086564194,2017-03-22,25.330592624639202,22323,24.786185526950625,0.46962677980678513,0.9392535596135687,-8814.157569551593,-9156.074708318352,-0.42038324782867054,trailing_stop,22,-0.42038324782867054,172.28069301881175,169.63644574794628
AF,2017-03-08,20.688645747760606,2017-03-22,19.80151637898426,55201,19.810536663020148,0.4390545423702289,0.8781090847404585,-48970.42828582309,-49640.95751769062,-1.0102723957565636,trailing_stop,14,-1.0102723957565636,342.6101801766399,327.91905169089307
AVXS,2017-03-20,84.25416999999999,2017-03-22,73.17675,13514,77.59923911857454,3.327465440712723,6.654930881425443,-149700.25387999986,-150338.51031586388,-1.6645432082424991,stop_loss,2,-1.6645432082424991,341.5832560139999,296.67317985
AXTA,2017-03-10,30.97094,2017-03-23,31.05891,36854,29.88213792139151,0.5444010393042439,1.088802078608488,3242.0463800000775,2556.2319524300774,0.08079521680600538,trailing_stop,13,0.08079521680600538,342.42090682799994,343.39352074199996
PM,2017-03-22,72.10232052850421,2017-03-27,70.2714420896815,15386,70.52495000758265,0.7886852604607819,1.577370520921562,-28169.89565972619,-28827.06447321921,-1.160715516448879,stop_loss,5,-1.160715516448879,332.8098910954697,324.35892239755185
DOX,2017-03-22,51.942704633935016,2017-04-07,50.66055505457336,21357,50.66573499884215,0.6384848175464356,1.2769696350928683,-27382.868566426925,-28040.257911577166,-1.0040564349585437,stop_loss,16,-1.0040564349585437,332.8021028600851,324.587242290157
MAR,2017-03-23,85.1646623679695,2017-04-10,83.97980867752962,12985,82.74794113355256,1.2083606172084707,2.41672123441694,-15385.32517036184,-16044.227457319583,-0.4902732154483422,trailing_stop,18,-0.4902732154483422,331.75894225442516,327.1433447033166
OLED,2017-02-27,77.28003669612181,2017-04-13,76.49424726279105,14742,71.42740053875345,2.926318078684181,5.852636157368366,-11584.107826162104,-12264.189974398792,-0.13426247800172367,trailing_stop,45,-0.13426247800172367,341.7786902922683,338.3034579444197
WMGI,2017-03-22,30.390359999999998,2017-04-13,29.36061,36504,29.07988027455083,0.6552398627245837,1.3104797254491665,-37589.99399999987,-38244.33882266387,-0.7857809472382719,trailing_stop,22,-0.7857809472382719,332.810910432,321.53391223200003
MU,2017-03-27,27.428353899510537,2017-04-13,25.863622969092663,40437,25.785058462244358,0.8216477186330895,1.643295437266179,-63273.02463330755,-63919.51493389827,-0.9521908811607198,trailing_stop,17,-0.9521908811607198,332.7361039903523,313.75419660036
MDSO,2017-04-10,64.07401,2017-04-13,61.02891,17286,60.93399208201161,1.5700089589941926,3.140017917988388,-52637.59859999996,-53286.35732253596,-0.9697715361926349,stop_loss,3,-0.9697715361926349,332.27500105799993,316.483721478
CMS,2017-04-13,34.439062890155476,2017-04-21,33.84171276739375,15974,33.656774294839494,0.39114429765799136,0.7822885953159826,-9542.070860995793,-9869.285994101901,-0.7635930350236574,stop_loss,8,-0.7635930350236574,165.03887718220307,162.17625592390434
PEP,2017-04-13,85.28501251979374,2017-04-27,85.0018783077442,12901,83.92099387786712,0.6820093209633094,1.36401864192662,-3652.7144696510145,-4311.775823220834,-0.20757356486683845,stop_loss,14,-0.20757356486683845,330.0785839553577,328.98276961446237
UGI,2017-03-22,35.40913120821507,2017-05-03,34.867395542398064,31330,34.396891934406455,0.5061196369043075,1.0122392738086177,-16972.578410046855,-17633.107484975866,-0.5351853853473708,stop_loss,42,-0.5351853853473708,332.8104242260134,327.7186507029994
SQM,2017-04-07,25.36438194497172,2017-05-04,24.179449585158,43734,24.163125325790272,0.6006283095907232,1.2012566191814464,-51821.831824093155,-52471.85680253476,-0.9864106810259645,stop_loss,27,-0.9864106810259645,332.785763994418,317.23921444718997
WYNN,2017-04-27,112.78828488308035,2017-05-09,108.70455578934912,9870,107.76036864555654,2.513958118761904,5.027916237523812,-40306.4061551273,-40962.24645635836,-0.8122110434644837,stop_loss,12,-0.8122110434644837,333.96611153880093,321.87418969226275
VAC,2017-04-27,90.26733756008981,2017-05-09,94.66961218389034,6166,86.31269028063099,1.977323639729412,3.9546472794588254,27144.42533035402,26802.32896071761,1.1131902070424224,trailing_stop,12,1.1131902070424224,166.97652101865413,175.1198486177603
TNL,2017-04-13,27.931655936290824,2017-05-18,30.158549698890422,39392,27.163201586421195,0.3842271749348142,0.7684543498696286,87721.79909632338,87035.31228220905,2.8978868594828042,trailing_stop,35,2.8978868594828042,330.0851371927104,356.4016769216075
WYN,2017-04-13,85.19012622405364,2017-05-18,91.98203863910653,6457,82.84644529843888,1.1718404628073804,2.3436809256147626,43855.37846399652,43512.1782634401,2.8979680385764666,trailing_stop,35,2.8979680385764666,165.0217935086143,178.17840704781327
VAL,2017-04-13,112.14516651380144,2017-05-19,111.37344361769027,9811,111.3056322586287,0.41976712758637136,0.8395342551727367,-7571.373333746704,-8229.255658946724,-0.9192274065724539,stop_loss,36,-0.9192274065724539,330.0768686000718,327.8054565999478
NGG,2017-05-18,43.05466871530284,2017-05-23,40.323910773025204,25766,41.93512271416346,0.5597730005696894,1.1195460011393763,-70360.70914072552,-71005.2088844544,-2.4391654648388785,stop_loss,5,-2.4391654648388785,332.8039782355479,311.6957654933302
HPQ,2017-02-24,12.587863087995663,2017-05-26,13.338021984810268,90845,12.048733543496875,0.2695647722493941,0.5391295444987882,68148.18498112285,67441.61387229113,1.3914260579282567,trailing_stop,91,1.3914260579282567,343.0633266686898,363.50778216302666
VWR,2017-05-04,33.643609999999995,2017-05-30,32.8671,32906,31.790629171513494,0.926490414243251,1.8529808284865013,-25551.838059999827,-26208.418486977826,-0.41905992121582897,trailing_stop,26,-0.41905992121582897,332.1229891979999,324.45743777999996
BB,2017-05-23,11.291279999999999,2017-05-31,10.63935,98384,10.715293040937974,0.28799347953101256,0.5759869590620248,-64139.48111999984,-64786.76805057584,-1.1318485423031872,stop_loss,8,-1.1318485423031872,333.264387456,314.02254312
VEEV,2017-05-30,66.7667,2017-06-01,63.79614,16580,63.48481090747128,1.6409445462643617,3.281889092528722,-49251.884799999985,-49901.30436615999,-0.9051372292752156,stop_loss,2,-0.9051372292752156,332.0975658,317.32200036000006
RRGB,2017-05-18,71.72165,2017-06-07,67.18275,15467,67.30844988842443,2.2066000557877836,4.413200111575563,-70203.16629999997,-70847.69660643996,-1.0284827076149872,stop_loss,20,-1.0284827076149872,332.79562816500004,311.73467827499996
MTN,2017-06-01,162.29513573221234,2017-06-09,159.7014165990767,6787,158.2312902134216,2.0319227593953766,4.0638455187907425,-17603.571756591562,-18259.1889367933,-0.6382425515789378,stop_loss,8,-0.6382425515789378,330.44912586435754,325.16805433738006
JD,2017-05-09,34.071846128139384,2017-06-12,34.14384783589245,32541,32.66409296076689,0.703876583686249,1.4077531673724977,2343.007571992554,1677.065502807486,0.051146542889656345,trailing_stop,34,0.051146542889656345,332.6195834567351,333.3224857283329
BABA,2017-06-09,136.08041712422062,2017-06-12,130.73578796884436,8114,130.56787434310425,2.756271390558189,5.512542781116366,-43366.320966722924,-44015.80497316046,-0.9695397147183485,stop_loss,3,-0.9695397147183485,331.24695136377784,318.237055073761
RAI,2017-01-18,57.134028109658495,2017-06-13,65.01492,19624,55.77827101027879,0.6778785496898505,1.3557570993797015,154654.62245606177,153935.5071687506,5.812908443516355,trailing_stop,146,5.812908443516355,336.3594502871815,382.7558370240001
PPLI,2017-05-03,14.120675703348178,2017-06-13,14.893153908979317,78436,13.523310212423272,0.2986827454624527,0.597365490924906,60590.10053688397,59907.38191504221,1.2931416651388814,trailing_stop,41,1.2931416651388814,332.27079584034533,350.44782600141053
BBY,2017-05-26,43.55938443707274,2017-06-13,41.085794497279515,25438,41.46125507243115,1.0490646823207919,2.0981293646415864,-62923.18088845997,-63569.14210697958,-1.178950155066236,stop_loss,18,-1.178950155066236,332.41908639307684,313.5421321265389
LITE,2017-06-07,63.01295,2017-06-13,62.4375,17444,57.71625389425636,2.648348052871819,5.296696105743635,-10038.14979999994,-10694.65709493994,-0.10864319728971983,stop_loss,6,-0.10864319728971983,329.75936994,326.747925
LECO,2017-06-12,81.89402852590781,2017-06-23,78.89498183620344,13314,78.8838939922179,1.5050672668449512,3.0101345336899072,-39929.307626724,-40571.53109191235,-0.9963164955381766,trailing_stop,11,-0.9963164955381766,327.101128738181,315.1223364501638
MRSH,2017-05-31,66.62425320095267,2017-06-26,67.32690823460254,16552,65.21159007779903,0.7063315615768178,1.412663123153635,11630.346116972745,10965.198229748352,0.4973974489270066,trailing_stop,26,0.4973974489270066,330.8293916946506,334.31849552974234
XLU,2017-03-23,19.537401462090116,2017-06-29,19.76950855490541,28303,19.08962814677618,0.22388665765696766,0.4477733153139347,6569.327047951271,6235.5760056879635,0.5183584748737505,trailing_stop,98,0.5183584748737505,165.89012207446095,167.86092018884634
DFT,2017-06-12,60.36663955831015,2017-06-30,60.939,18062,57.58885590720453,1.3888918255528062,2.777783651105615,10337.974297802115,9680.667559291456,0.2060493233380653,trailing_stop,18,0.2060493233380653,327.1026731106594,330.2040654
HR,2017-06-13,16.264562230805183,2017-06-30,15.723947442432136,66894,15.729129635629107,0.2677162975880374,0.5354325951760757,-36163.88565342657,-36805.83746325103,-1.0096785164811768,stop_loss,17,-1.0096785164811768,326.4004877602445,315.5513220642166
WCN,2017-06-13,61.389227883500865,2017-06-30,60.167075390870586,17723,59.91732387505359,0.7359520042236367,1.4719040084472752,-21660.208626886437,-22306.511335765943,-0.8303207856058078,stop_loss,17,-0.8303207856058078,326.40038573378575,319.9023231457198
TVRD,2017-06-26,229.8296,2017-07-03,156.04379999999998,4761,206.12494981041274,11.852325094793626,23.704650189587255,-351294.1938000001,-351845.33677722013,-3.1127141472187563,stop_loss,7,-3.1127141472187563,328.26561768,222.87735953999996
ORCL,2017-06-23,44.00799973808793,2017-07-05,43.535421357522424,24869,42.60380090139854,0.702099418344696,1.404198836689389,-11752.551746283629,-12405.686948051649,-0.3365466258893102,trailing_stop,12,-0.3365466258893102,328.33048364595265,324.8047181220675
SNBR,2017-06-30,35.6356,2017-07-07,33.28668,30616,33.33493406610447,1.1503329669477609,2.300665933895523,-71914.53472,-72547.572077344,-1.0209739560157576,stop_loss,7,-1.0209739560157576,327.30585888,305.73149846399997
TWX,2017-07-05,99.94832414316578,2017-07-12,98.65435238876609,10679,98.53756436955348,0.7053798868061503,1.4107597736122983,-13818.324365234312,-14454.587760039662,-0.9172162253297267,stop_loss,7,-0.9172162253297267,320.2044460574602,316.0589487478899
MDT,2017-06-13,68.92812448885996,2017-07-18,67.89890678440135,15784,67.29419532316085,0.8169645828495551,1.633929165699115,-16245.172247174807,-16893.075605659953,-0.6299035025904821,trailing_stop,35,-0.6299035025904821,326.3884550796497,321.51490340549725
EMN,2017-06-13,61.66443595191144,2017-07-31,62.165863362556564,17644,59.73163403202172,0.9664009599448633,1.9328019198897266,8847.185233422517,8191.726693091175,0.25943031486316476,trailing_stop,48,0.25943031486316476,326.4021923806576,329.05634795068437
PRG,2017-07-31,38.82921925711419,2017-08-02,36.9396852324658,28038,36.94185904674382,0.943680105185184,1.8873602103703675,-52978.75498309159,-53616.077546315246,-1.0011517749850185,stop_loss,2,-1.0011517749850185,326.6080948592903,310.71446836436286
XYZ,2017-07-12,25.635609999999996,2017-08-04,25.24473,42071,23.96789685217292,0.8338565739135386,1.667713147827076,-16444.712479999816,-17086.888515241815,-0.23438083492313258,trailing_stop,23,-0.23438083492313258,323.554724493,318.621310749
CGNX,2017-08-02,49.19319873167212,2017-08-07,46.704000081368484,22167,46.489974072541976,1.3516123295650708,2.703224659130143,-55178.06648128068,-55815.79244310728,-0.9208256671883948,stop_loss,5,-0.9208256671883948,327.1396908854927,310.5862709411086
HSBC,2017-06-30,28.06726853808545,2017-08-14,29.417649247213784,38872,27.503409608835963,0.28192946462474405,0.5638589292494878,52491.99892523661,51821.63280799156,2.3948910606518714,trailing_stop,45,2.3948910606518714,327.3092587837373,343.0568584613083
NKE,2017-07-03,51.58854518377081,2017-08-18,48.38064234258418,20687,49.531017099282785,1.0287640422440134,2.057528084488027,-66361.88607562783,-66982.30485033515,-1.5591052512825605,trailing_stop,46,-1.5591052512825605,320.163670265,300.2551044423117
STMP,2017-08-04,205.30509999999998,2017-08-25,196.75305,5286,190.34274048518608,7.481179757406951,14.962359514813897,-45206.1362999999,-45843.7201142699,-0.5715709471846862,stop_loss,21,-0.5715709471846862,325.57282757999997,312.01098669000004
JOYY,2017-07-18,51.628765989026896,2017-08-29,54.79757839973336,20936,48.07420951727988,1.7772782358735064,3.554556471747013,66342.25663055056,65673.81404671364,0.8914789892616448,trailing_stop,42,0.8914789892616448,324.2699534238801,344.1726304130453
WW,2017-08-14,48.5485,2017-09-06,44.43552,11301,44.62498500945252,1.9617574952737384,3.923514990547474,-46480.786980000004,-46796.03070300601,-1.0482896101860155,stop_loss,23,-1.0482896101860155,164.59397955,150.649743456
BABA,2017-08-18,155.6495661317672,2017-09-26,159.70677094629437,7027,147.98437242869758,3.832596851534807,7.665193703069605,28509.978231682508,27845.175537488245,0.5293023205535475,trailing_stop,39,0.5293023205535475,328.12485036237837,336.6778438318832
SQM,2017-08-25,33.01828278663503,2017-09-26,37.83345412278297,33408,31.462123504817825,0.7780796409086015,1.5561592818172016,160865.2439980304,160155.13955002947,3.094266372607459,trailing_stop,32,3.094266372607459,330.92243740077083,379.18201060018
KWEB,2017-09-13,46.63263289429055,2017-09-26,44.95914640539843,11906,45.01879322222814,0.8069198360312075,1.6138396720624115,-19924.530136749625,-20251.677654052255,-1.0369595678320922,stop_loss,13,-1.0369595678320922,166.562438171827,160.58507913080211
ATHM,2017-05-19,33.082119838699406,2017-10-03,45.6536208896901,33471,30.90737165280007,1.0873740929496685,2.174748185899336,420780.71167770965,419990.1024843336,5.780669749491908,trailing_stop,137,5.780669749491908,332.1874899363323,458.4217034396453
ETSY,2017-08-14,16.326309999999996,2017-10-05,16.54344,33605,15.161936638076913,0.5821866809615417,1.164373361923083,7296.653650000151,6965.277265375152,0.18647798644361965,trailing_stop,52,0.18647798644361965,164.59369426499995,166.78269035999998
TRN,2017-10-03,18.928191981975665,2017-10-18,18.2264816107341,58877,18.15623526558948,0.38597835819309295,0.7719567163861853,-41314.60152758956,-41970.86824272495,-0.9090022229828242,stop_loss,15,-0.9090022229828242,334.33054779683437,321.9361673385575
FOLD,2017-07-07,10.600589999999999,2017-10-24,13.1868,100305,9.677727517106623,0.4614312414466875,0.9228624828933754,259409.7940500001,258693.9958038151,2.802378521111475,trailing_stop,109,2.802378521111475,318.98765398499995,396.8105922
BMA,2017-10-24,87.90271455434555,2017-10-31,82.61134859083738,12652,83.41965782557787,2.241528364383841,4.483056728767679,-66946.36217030536,-67593.56534837921,-1.1803031466351046,stop_loss,7,-1.1803031466351046,333.64354336247396,313.55963471138233
ANET,2017-08-07,10.638753125,2017-11-03,12.602072812500001,102039,9.967483152089912,0.33563498645504375,0.6712699729100873,200335.17759281272,199623.73640146176,2.9247840164645313,trailing_stop,88,2.9247840164645313,325.6703190365625,385.7708723144063
GM,2017-09-26,34.989588574165516,2017-11-03,36.885155924776626,31765,34.038420245015175,0.4755841645751692,0.9511683291503417,60212.6968921619,59527.76651445923,1.992883165385016,trailing_stop,38,1.992883165385016,333.4332843175103,351.49709338515885
TDC,2017-11-03,37.187149999999995,2017-11-07,35.31465,14793,35.57615484809803,0.805497575950984,1.6109951519019674,-27699.89249999993,-28021.648238219932,-1.1623250372847433,stop_loss,4,-1.1623250372847433,165.032852985,156.722885235
IJR,2017-09-26,63.38173440711952,2017-11-08,64.21177936164717,17536,62.28030020937687,0.5507170988713249,1.1014341977426483,14555.668322597008,13884.42436536228,0.7536037615581634,trailing_stop,43,0.7536037615581634,333.4386283689744,337.80532886575344
IWM,2017-09-28,132.46210348283563,2017-11-08,131.66775638417764,4217,130.0985071285921,1.1817981771217623,2.3635963542435263,-3349.7617150407605,-3683.9124007585187,-0.33607561512432027,trailing_stop,41,-0.33607561512432027,167.57780711613538,166.57287860162313
WW,2017-11-08,51.050999999999995,2017-11-09,44.825129999999994,21620,47.10225529932658,1.9743723503367079,3.9487447006734158,-134603.3094,-135225.16197918,-1.5766706819355136,stop_loss,1,-1.5766706819355136,331.11678599999993,290.7357931799999
JUNO,2017-11-03,59.459399999999995,2017-11-10,53.4465,18504,53.76435183664632,2.8475240816768372,5.695048163353675,-111262.7015999999,-111889.4648320799,-1.0558119663836423,stop_loss,7,-1.0558119663836423,330.07102127999997,296.6922108
VB,2017-10-03,126.18592126737373,2017-11-16,124.91174032723188,4415,124.3997657550394,0.8930777561671649,1.7861555123343322,-5625.508850726252,-5958.087703508308,-0.713365063312217,stop_loss,44,-0.713365063312217,167.1332527186365,165.44560006341865
JNJ,2017-10-18,110.81172093948075,2017-11-16,109.51418609979639,10086,108.22585606287524,1.292932438302754,2.5858648766055126,-13086.936393056456,-13753.598522575901,-0.5017798305794096,trailing_stop,29,-0.5017798305794096,335.29410521868084,331.3680243007639
WLK,2017-11-08,80.28973039700729,2017-11-16,79.54468063972668,13746,77.37056508036062,1.4595826583233378,2.9191653166466693,-10241.453963579284,-10900.579107812568,-0.2552269832174054,trailing_stop,8,-0.2552269832174054,331.0987902111787,328.02635402210484
NBIX,2017-11-03,73.073,2017-11-29,68.1318,15057,68.3523549364762,2.3603225317618968,4.72064506352379,-74399.64839999992,-75037.48460207992,-1.0467213555580408,stop_loss,26,-1.0467213555580408,330.0780483,307.75815378
SEDG,2017-11-10,38.7387,2017-12-01,36.21375,28401,36.154294243433824,1.292202878283089,2.584405756566177,-71711.10495000011,-72349.72230973511,-0.9769944187691447,stop_loss,21,-0.9769944187691447,330.06534561,308.5520141249999
THO,2017-11-29,130.10139719529684,2017-12-05,124.17759532994421,8541,124.24569267943453,2.9278522579311583,5.855704515862314,-50595.19173197681,-51246.730794524236,-1.0116292325382623,stop_loss,6,-1.0116292325382623,333.35881003350903,318.18025251391606
UNFI,2017-12-05,52.552499999999995,2017-12-06,49.78017,21031,49.74560792195711,1.403446039021443,2.8068920780428854,-58304.87222999993,-58950.51974483093,-0.9876867093276392,stop_loss,1,-0.9876867093276392,331.56948825,314.07802658099996
BRSL,2017-11-16,16.335510287737264,2017-12-11,15.845787155704253,66806,15.302557422655536,0.5164764325408646,1.0329528650817288,-32716.443558597384,-33361.41468569935,-0.4741001729970168,trailing_stop,25,-0.4741001729970168,327.3930300847727,317.5780970171935
BHC,2017-12-11,19.819799999999997,2017-12-15,19.71027,55784,18.21006609365843,0.804866953170784,1.6097339063415674,-6110.021519999772,-6771.565147463772,-0.06804230163041299,trailing_stop,4,-0.06804230163041299,331.68831695999995,329.8553105040001
CVSA,2017-12-06,43.89384999999999,2017-12-29,42.6573,25089,41.49087551331821,1.201487243340891,2.402974486681785,-31023.802949999852,-31675.247490704853,-0.5145913978086046,trailing_stop,23,-0.5145913978086046,330.3758407949999,321.06869991
CAA,2017-10-31,49.06303382544476,2018-01-30,57.65229,22540,46.992348559243375,1.0353426331006936,2.0706852662013873,193601.83417447508,192880.22515476742,4.148025928784428,trailing_stop,91,4.148025928784428,331.7642347276575,389.84478498
MDY,2018-01-03,314.30531570791305,2018-02-01,318.6694736793275,1783,309.6757405401309,2.3147875838910634,4.62957516778215,7781.293663031951,7442.715448188716,0.9426692111589888,trailing_stop,29,0.9426692111589888,168.12191337216268,170.45630147107224
IWB,2017-10-06,124.99255151259315,2018-02-05,134.5010440614762,4496,123.77821564693282,0.6071679328301689,1.2143358656603311,42750.18249977815,42400.177538067845,7.83019987943164,trailing_stop,122,7.83019987943164,168.58995348018567,181.41500823011907
UNP,2017-12-01,105.08477921506876,2018-02-05,106.70031691164961,10557,101.76761632234486,1.6585814463619493,3.3171628927239,17055.231462803975,16384.486884861046,0.4870239264175055,trailing_stop,66,0.4870239264175055,332.8140042520443,337.93057369088547
NDSN,2017-12-15,131.3923327769993,2018-02-05,128.48027308484134,8430,125.50167117434948,2.9453308013249044,5.890661602649814,-24548.663204891545,-25205.881025116138,-0.4943518892424601,trailing_stop,52,-0.4943518892424601,332.2912095930312,324.92661063156373
STZ,2017-06-30,168.37249770745737,2018-02-06,180.98667961314916,6479,163.07466136194907,2.648918172754146,5.297836345508301,81727.28456697713,81048.23513401908,2.381006335989702,trailing_stop,221,2.381006335989702,327.2656237939849,351.78380916407804
CRI,2017-11-16,81.46416591239431,2018-02-06,89.7730255865321,13396,78.36089541954556,1.5516352464243726,3.1032704928487505,111305.48419474986,110617.31616955399,2.6774526079131435,trailing_stop,82,2.6774526079131435,327.3881899687302,360.7798352271552
MSI,2018-02-05,92.51075813320324,2018-02-07,91.6393839401454,12481,89.14004018793244,1.6853589726354001,3.3707179452707976,-10875.621303554983,-11565.134680520221,-0.25851293617741183,stop_loss,2,-0.25851293617741183,346.3880316781529,343.12534528708636
NKTR,2017-11-16,425.82539999999995,2018-02-08,779.3199000000001,2562,387.28075291631114,19.2723235418444,38.5446470836888,905652.9090000003,904726.6343224203,9.17103999506045,trailing_stop,84,9.17103999506045,327.28940243999995,598.98527514
CMPR,2018-02-05,160.12997,2018-02-09,150.93891,7210,150.5891359768701,4.770417011564939,9.54083402312989,-66267.54259999996,-66940.38458743996,-0.9633392612970797,stop_loss,4,-0.9633392612970797,346.36112510999993,326.48086233000004
FTNT,2018-02-07,9.345336,2018-02-09,9.036954,121554,8.911564941389184,0.2168855293054075,0.4337710586108159,-37485.06562799999,-38155.39789159799,-0.710932631115631,stop_loss,2,-0.710932631115631,340.7888916432,329.5433719548
WW,2018-02-08,74.49441999999999,2018-02-09,69.05088,15195,68.1252291787109,3.1845954106445498,6.369190821289095,-82714.59029999976,-83368.94155004976,-0.8546674377857998,stop_loss,1,-0.8546674377857998,339.5828135699999,314.76843648000005
GRUB,2018-02-09,89.8898,2018-02-12,85.1148,12456,82.94591131132495,3.4719443443375253,6.943888688675045,-59477.39999999989,-60131.357189279894,-0.6876550322282172,stop_loss,3,-0.6876550322282172,335.90020464,318.05698464
DECK,2018-02-05,15.600585000032877,2018-03-13,15.053264999999998,74012,14.761321429867658,0.4196317850826093,0.8392635701652189,-40508.24784243348,-41188.87366629421,-0.6521431639468553,stop_loss,36,-0.6521431639468553,346.38914910673,334.2366747539999
TWTR,2018-02-09,30.40037,2018-03-21,32.15781,36832,27.371157153319988,1.514606423340006,3.029212846680011,64730.03007999996,64038.787214271964,0.5801639201174447,trailing_stop,40,0.5801639201174447,335.911928352,355.330937376
NYT,2018-02-09,23.015849803212237,2018-03-23,21.528435371173988,48650,21.42596355631209,0.7949431234500727,1.5898862469001465,-72362.71211866086,-73012.83596078103,-0.9355477065974441,trailing_stop,42,-0.9355477065974441,335.9163278778826,314.2075142422844
HQY,2018-03-21,64.92486,2018-03-28,61.38855,17403,60.54261393636838,2.191123031815806,4.382246063631612,-61542.40292999988,-62201.87261226888,-0.8069629018205831,trailing_stop,7,-0.8069629018205831,338.96620157399997,320.503480695
SRPT,2018-03-13,79.62955,2018-03-29,72.34758000000001,14293,72.99191072358907,3.3188196382054613,6.637639276410923,-104081.19720999981,-104732.85994572681,-1.0970722717456054,stop_loss,16,-1.0970722717456054,341.44354744500004,310.21918828200006
RSPP,2018-03-29,140.89075,2018-04-09,130.40071875,7957,129.7680469335783,5.561351533210856,11.122703066421707,-83469.1786562499,-84116.77852130303,-0.9431188792289448,stop_loss,11,-0.9431188792289448,336.320309325,311.279555728125
TPR,2018-02-07,39.5375549249012,2018-05-02,38.14870496098736,28731,37.75238912377365,0.8925829005637738,1.7851658011275475,-39903.04831320859,-40572.64949304302,-0.7779949420029307,stop_loss,84,-0.7779949420029307,340.7860471642009,328.8151326702383
KS,2018-01-30,34.205347249645634,2018-05-03,34.03716835008316,33779,32.22549232468591,0.9899274624798607,1.9798549249597244,-5680.915048320914,-6372.4642286538865,-0.08494506210645628,trailing_stop,93,-0.08494506210645628,346.626727423734,344.9224529092377
EGN,2018-04-02,62.65259,2018-05-04,63.15678,8977,58.91126688367894,1.870661558160529,3.7413231163210554,4526.113630000012,4187.2964156530115,0.1347624849082228,trailing_stop,32,0.1347624849082228,168.729690129,170.087524218
INGN,2018-05-02,172.21203999999997,2018-05-04,161.74809,6576,160.64807365546227,5.781983172268847,11.563966344537704,-68810.93519999989,-69469.77174446388,-0.9048755148740709,stop_loss,2,-0.9048755148740709,339.73991251199993,319.09663195199994
COP,2018-04-11,47.6096753083085,2018-05-29,49.62407224017607,11869,45.10151816469502,1.2540785718067389,2.508157143613481,23908.87718433614,23562.65697944025,0.8031382471376738,trailing_stop,48,0.8031382471376738,169.52377087029407,176.69643402559493
GES,2018-03-23,13.004490091784103,2018-06-01,12.928625842913409,86740,11.817150429994644,0.5936698308947295,1.1873396617894585,-6580.464947043996,-7255.296489896695,-0.06389431037480696,trailing_stop,70,-0.06389431037480696,338.4028411684059,336.4287016842927
MRO,2018-05-10,19.491530105025216,2018-06-18,18.247719648633936,29155,18.24828233323966,0.6216238858927777,1.2432477717855548,-36263.293856087774,-36593.38020405815,-1.0004525924908092,stop_loss,39,-1.0004525924908092,170.48266806360306,159.60367990677673
VKTX,2018-06-18,12.732719999999999,2018-06-22,10.71927,45980,10.82803958043255,0.9523402097837244,1.9046804195674483,-92578.43099999995,-92901.92775005996,-1.0571064727264075,stop_loss,4,-1.0571064727264075,175.63513968,147.86161038
SFLY,2018-05-03,94.5945,2018-06-26,92.42748,11952,89.06540948912607,2.7645452554369667,5.529090510873928,-25900.223039999924,-26570.809051487926,-0.3919306431569836,trailing_stop,54,-0.3919306431569836,339.1780392,331.40797228800005
QGEN,2018-05-31,36.62539947942221,2018-06-26,35.78175345319608,15767,35.44694739194237,0.5892260437399174,1.1784520874798332,-13301.766895507311,-13644.25996959389,-0.7158933614605373,trailing_stop,26,-0.7158933614605373,173.24180207761498,169.2512720089628
KDP,2018-01-30,16.990481529788195,2018-06-27,17.49855317739716,34002,16.245802213978802,0.37233965790469614,0.7446793158093925,17275.452162000023,16923.643314565907,0.6822690476594497,trailing_stop,148,0.6822690476594497,173.31310589275745,178.4957415413575
DGX,2018-06-26,96.47472662850915,2018-06-28,93.44814493743132,11930,93.37487199872842,1.5499273148903587,3.0998546297807223,-36107.11957455843,-36786.85353189293,-0.9763624597105437,stop_loss,2,-0.9763624597105437,345.28304660343423,334.45091073106664
EXR,2018-06-26,75.01037071142513,2018-07-16,72.32272889630349,15344,72.71379020383063,1.1482902537972488,2.2965805075944985,-41239.1760112264,-41917.3797353407,-1.1702798165507147,stop_loss,20,-1.1702798165507147,345.28773845883217,332.91598565546417
CUBE,2018-06-27,23.228464287137726,2018-07-17,22.11670720395098,24898,22.559788951829617,0.3343376676540551,0.6686753353081087,-27680.527857183588,-28019.229081119127,-1.6626261273334926,stop_loss,20,-1.6626261273334926,173.50269114634654,165.19853278919146
MDGL,2018-06-01,270.27,2018-07-25,273.24647999999996,4212,239.0982782721968,15.585860863901587,31.171721727803174,12536.93375999992,11850.14633587192,0.09548654469557746,trailing_stop,54,0.09548654469557746,341.513172,345.274252128
ZGNX,2018-07-16,61.66159999999999,2018-07-25,57.09285,18812,56.70331082832661,2.4791445858366945,4.9582891716733855,-85947.3249999999,-86617.5276140199,-0.9214367782543178,stop_loss,9,-0.9214367782543178,347.99340576,322.20920826
ABMD,2018-05-04,335.85551999999996,2018-07-27,390.13946999999996,3358,313.31433239770166,11.270593801149143,22.541187602298294,182285.50410000002,181554.13674707402,2.408211623883793,trailing_stop,84,2.408211623883793,338.340850848,393.02650207799996
LULU,2018-03-29,86.87679,2018-10-11,139.15071,12904,81.92093715966178,2.477926420169109,4.955852840338224,674542.66368,673667.666022,10.547916107297578,trailing_stop,196,10.547916107297578,336.31742944800004,538.680228552
WWE,2018-06-28,68.26790817966015,2018-10-11,79.1123087050772,16781,64.38590497133413,1.9410016041630151,3.882003208326026,181979.8852170234,181237.9289911606,2.7935063273925786,trailing_stop,105,2.7935063273925786,343.68113014886313,398.27509571397013
IQV,2018-07-25,119.66954999999999,2018-10-11,122.44743,9667,115.45706598540626,2.106242007296861,4.212484014593727,26853.7659600001,26151.602506302097,0.659439891136993,trailing_stop,78,0.659439891136993,347.05366195499994,355.109791743
LLY,2018-07-25,83.66199973729077,2018-10-12,98.22790145479578,13828,81.32360351329864,1.1691981119960686,2.3383962239921345,201417.28894965933,200662.73688355408,6.2290135298961244,trailing_stop,79,6.2290135298961244,347.063439710177,407.48862639507485
LLY-WD,2018-07-25,91.78098479090339,2018-10-12,107.76043553546555,6302,89.21549545204181,1.2827446694307918,2.565489338861582,100702.49859223072,100325.24558296168,6.228617091682373,trailing_stop,79,6.228617091682373,173.52112984568194,203.73187942335116
WING,2018-10-16,65.87300447009459,2018-10-23,62.129915129972915,17983,61.70643445893808,2.0832850055782535,4.166570011156509,-67311.975603408,-68002.53855435841,-0.8983622812287047,stop_loss,7,-0.8983622812287047,355.37827181571333,335.18467913469084
REGI,2018-10-17,30.20017,2018-10-24,28.961009999999998,39370,27.779313043617186,1.2104284781914059,2.4208569563828135,-48785.729200000074,-49484.481896980076,-0.5118683269297848,stop_loss,7,-0.5118683269297848,356.69420786999996,342.05848911
HAE,2018-02-08,70.10002999999999,2018-10-25,103.54635,16148,66.58279342279087,1.7586182886045614,3.5172365772091183,540091.1753600002,539249.9628367282,9.509260826162349,trailing_stop,259,9.509260826162349,339.592585332,501.61993794
LHX,2018-10-16,150.47602453783023,2018-10-25,140.27398427593937,7872,143.9855929361899,3.245215800820155,6.490431601640324,-80310.46094160483,-80997.09616241943,-1.5718585277614665,stop_loss,9,-1.5718585277614665,355.3641795485399,331.2710412660584
NYT,2018-10-23,24.872016127426086,2018-10-25,23.59802805666882,47470,23.6410051839679,0.6155054717290942,1.2310109434581875,-60476.213718847415,-61166.475618073106,-1.0349120594966816,stop_loss,2,-1.0349120594966816,354.20238167067487,336.05951755502065
PEG,2018-10-11,42.17090174262237,2018-11-01,41.0926535153816,28189,40.82929553380941,0.6708031044064825,1.341606208812962,-30394.73927769008,-31098.874185440443,-0.8036994910710739,stop_loss,21,-0.8036994910710739,356.6266647668346,347.50824298352757
J,2018-11-07,61.55775953653079,2018-11-13,57.932985290346934,18989,58.421599255987196,1.5680801402717972,3.136160280543592,-68830.8381607852,-69511.54108684049,-1.1558000618372637,stop_loss,6,-1.1558000618372637,350.6760887517549,330.02683730351936
AES,2018-11-07,12.23989940842579,2018-11-14,11.71437550793763,95502,11.701633078641416,0.2691331648921872,0.5382663297843742,-50188.583544420275,-50874.88789333904,-0.9763269062337254,stop_loss,7,-0.9763269062337254,350.68046199104396,335.62388692771793
ALK,2018-11-29,72.56637888953085,2018-12-06,67.55117407919502,16074,68.57739701432753,1.994490937601664,3.988981875203322,-80614.40212133815,-81290.07698526395,-1.2572643765347271,stop_loss,7,-1.2572643765347271,349.92959228109567,325.74527164469424
MOS,2018-11-07,30.987002979278568,2018-12-07,30.012812869036573,37723,29.134797957888885,0.9261025106948404,1.8522050213896826,-36749.37352865878,-37439.70234463258,-0.5259623524349775,stop_loss,30,-0.5259623524349775,350.6768140161976,339.65200195759996
UNH,2018-11-29,247.6107946564412,2018-12-07,242.01009758989633,4710,237.0512615749518,5.27976654074469,10.559533081489377,-26379.28318342626,-27071.117504170335,-0.5303924921039121,stop_loss,8,-0.5303924921039121,349.8740528495514,341.96026789452355
UDR,2018-12-03,32.285935652546854,2018-12-07,32.2666725128121,18100,31.255384756487384,0.5152754480297348,1.03055089605947,-348.6628291990478,-699.1834915369469,-0.01869207994327182,stop_loss,4,-0.01869207994327182,175.31263059332943,175.2080317445697
FN,2018-11-07,50.67061999999999,2018-12-10,47.92203,23069,46.813864045818406,1.9283779770907934,3.856755954181587,-63407.22270999984,-64089.55286285484,-0.7126688939236371,trailing_stop,33,-0.7126688939236371,350.6761598339999,331.65399302099996
MPT,2018-11-07,9.430992647431909,2018-12-18,9.390543629568858,123946,9.032477449789086,0.19925759882141095,0.3985151976428227,-5013.493968053636,-5713.3502086703775,-0.10149931069706299,trailing_stop,41,-0.10149931069706299,350.6801444035786,349.1760962131625
HLF,2019-02-05,61.83177,2019-02-08,57.32262,18717,59.555705271066195,1.138032364466902,2.276064728933804,-84397.76054999996,-85066.82436528897,-1.9811167682002864,stop_loss,3,-1.9811167682002864,347.191571727,321.872243562
CCJ,2019-02-05,12.500451483817049,2019-02-20,11.549561355317715,92583,11.73588521111365,0.38228313635169925,0.7645662727033979,-88036.26076685377,-88704.24746845945,-1.2436987641857657,stop_loss,15,-1.2436987641857657,347.19878991787016,320.78791168781396
COUP,2019-02-05,93.18308999999999,2019-03-11,90.909,12419,85.48670044309628,3.8481947784518566,7.696389556903711,-28241.923709999835,-28927.795609712837,-0.2954749084861633,stop_loss,34,-0.2954749084861633,347.17223841299995,338.6996613
BA,2019-02-06,400.28830827094305,2019-03-12,375.36566823738445,1444,379.6509193545533,10.318694458194878,20.63738891638974,-35988.29220845861,-36324.30551108202,-1.2076450240158825,stop_loss,34,-1.2076450240158825,173.40489514297252,162.60840748043492
CHGG,2019-02-13,38.00796999999999,2019-03-25,36.55341000000001,15168,35.633800948099314,1.1870845259503386,2.3741690519006795,-22062.766079999798,-22402.050183551797,-0.6126606691446487,trailing_stop,40,-0.6126606691446487,172.95146668799998,166.33263686400005
QURE,2019-03-11,62.56249999999999,2019-03-27,59.94,18439,56.141359402302136,3.2105702988489297,6.421140597697857,-48356.27749999991,-49033.924579249906,-0.408416535987427,trailing_stop,16,-0.408416535987427,346.0769812499999,331.570098
DTE,2019-03-25,84.42022631808356,2019-04-05,82.65580464310207,6848,82.35642171084075,1.03190230362141,2.0638046072428153,-12082.759630273255,-12426.000628279913,-0.8549363969773811,stop_loss,11,-0.8549363969773811,173.43291294787088,169.80808505878892
AWK,2019-03-12,90.61100634472758,2019-04-17,88.85870457495209,6388,88.16521467251216,1.2228958361077138,2.445791672215421,-11193.70370532589,-11537.639459332364,-0.7164558574967459,trailing_stop,36,-0.7164558574967459,173.64693255903592,170.28882144743818
RVTY,2019-04-10,99.4055612995445,2019-04-17,95.59861471237416,5816,95.7488737324023,1.828343783571103,3.6566875671421997,-22141.201350982723,-22481.44463728832,-1.0410915664160982,stop_loss,7,-1.0410915664160982,173.44282335544526,166.8004629501504
PGR,2019-04-17,63.37055334300242,2019-04-22,61.098966426290566,18214,61.463085994403365,0.9537336742995276,1.9074673485990559,-41374.68410098971,-42054.81045091308,-1.1908916387901616,stop_loss,5,-1.1908916387901616,346.26937757683385,333.8569723465369
BRKR,2019-02-13,37.01461221442577,2019-04-25,36.53019578668091,15575,35.126472698406076,0.9440697580098453,1.8881395160196917,-7544.785862126104,-7888.423977511275,-0.2565575391197957,trailing_stop,71,-0.2565575391197957,172.9507755719044,170.6873398132666
MAN,2019-04-22,74.95110050721624,2019-05-08,71.75154082464385,15402,71.72291537987824,1.6140925636689947,3.2281851273379942,-49279.618230979875,-49957.47245551787,-0.9911326508126211,stop_loss,16,-0.9911326508126211,346.31905500364337,331.5351695343494
UPBD,2019-05-08,18.994491806336903,2019-05-10,17.842710129364548,60921,17.90984029012565,0.5423257581056262,1.0846515162112524,-70167.69154283285,-70840.9392965703,-1.0618909942573926,stop_loss,2,-1.0618909942573926,347.14903060015513,326.0987231373053
TDG,2019-02-06,311.9928916080953,2019-05-16,336.1377286571993,3706,295.4039899673454,8.294450820374951,16.588901640749896,89480.76610397948,88760.17448036853,1.4554813556669297,trailing_stop,99,1.4554813556669297,346.8736968898804,373.71792672107426
CDNS,2019-02-21,55.05499999999999,2019-06-03,63.24669,10453,52.64307550893261,1.2059622455336894,2.4119244910673814,85627.73557000009,85256.75330032909,3.3963293752926855,trailing_stop,102,3.3963293752926855,172.64697449999997,198.335295171
MAA,2019-06-21,92.95790980341555,2019-06-27,89.93855246747863,6329,90.39120674178484,1.2833515308153545,2.5667030616307045,-19109.512579144746,-19456.778092058492,-1.176356307464186,stop_loss,6,-1.176356307464186,176.4991833437451,170.7663295700017
ROKU,2019-05-10,82.082,2019-07-01,92.25765,14052,74.32194592416924,3.880027037915378,7.760054075830752,142988.23380000007,142253.28757146007,1.311285965350783,trailing_stop,52,1.311285965350783,346.0248792,388.92134934
IOVA,2019-07-01,24.974949999999996,2019-08-05,22.977,46652,22.516721859683827,1.2291140701580852,2.4582281403161694,-93208.36339999981,-93879.4797114198,-0.8127602020465953,stop_loss,35,-0.8127602020465953,349.53941022,321.5769012
CCEP,2019-03-27,41.130484378657215,2019-08-06,44.79554787172267,28065,39.81286197411282,0.658811202272199,1.3176224045443945,102860.00693288195,102136.55270434987,2.781573446554101,trailing_stop,132,2.781573446554101,346.29811322610436,377.156115305969
LM,2019-05-16,34.47759553435691,2019-08-13,35.167635147029465,33511,33.035321343048174,0.7211370956543663,1.4422741913087336,23123.917460270048,22423.753062660868,0.4784385776510416,trailing_stop,89,0.4784385776510416,346.61361118555027,353.55078642363134
AEM,2019-08-06,47.62393377053356,2019-09-10,48.76826389100421,24378,45.367161737363375,1.1283860165850927,2.2567720331701864,27896.47967683347,27191.524978455578,0.5070650041967943,trailing_stop,35,0.5070650041967943,348.29287723742016,356.6618211404702
ELS,2019-02-06,45.156411107033435,2019-09-11,54.091156734182995,25606,43.5452711878824,0.8055699595755165,1.6111399191510358,228783.09652879165,228020.696562149,5.545605022224004,trailing_stop,217,5.545605022224004,346.8825188420094,415.51744780064695
SUI,2019-04-26,98.83079695191117,2019-09-11,113.64104326958513,5851,95.51270751929489,1.6590447163081397,3.3180894326162758,86654.75120471032,86281.79938356954,4.463486177344005,trailing_stop,138,4.463486177344005,173.4776978896897,199.47412325110278
ROKU,2019-08-13,137.33719999999997,2019-09-11,146.40345000000002,8556,124.69811324617507,6.319543376912449,12.639086753824898,77570.83500000046,76842.52949958046,0.7173184405318196,trailing_stop,29,0.7173184405318196,352.51712495999993,375.78837546000005
FLG,2019-09-11,28.74486597030413,2019-09-20,28.084662690772223,41105,27.600230168331247,0.5723179009864406,1.144635801972882,-27137.655805159004,-27838.449137843065,-0.5767802111326475,trailing_stop,9,-0.5767802111326475,354.4673147128054,346.32601797125767
ALLY,2019-09-11,28.411010985017672,2019-09-24,27.47372926554,41589,27.226413939270596,0.5922985228735382,1.1845970457470756,-38980.609431356854,-39677.866570040984,-0.791224089949141,stop_loss,13,-0.791224089949141,354.47566075677,342.7814779273629
ACAD,2019-09-10,39.08904999999999,2019-09-27,37.52244,30409,34.77318675928467,2.157931620357662,4.3158632407153235,-47639.0434899997,-48337.94712982269,-0.3629887956645113,trailing_stop,17,-0.3629887956645113,356.5976764349999,342.30596338800007
EQIX,2019-09-24,513.9041212977668,2019-10-03,496.0959150519506,2294,491.69574391196943,11.104188692898688,22.20837738579735,-40852.025127902285,-41547.107152918165,-0.8018688595054598,stop_loss,9,-0.8018688595054598,353.668816277123,341.4132087387525
CONE,2019-09-20,70.75919548636145,2019-10-28,69.40847520678363,16685,67.05928844993792,1.8499535182117612,3.699907036423525,-22536.767864755828,-23238.377140410368,-0.36506870747851905,trailing_stop,38,-0.36506870747851905,354.18515300698226,347.42412264755546
LEN,2019-10-03,51.20183742542061,2019-11-06,51.54758468761119,22923,49.01506489651935,1.0933862644506303,2.1867725289012583,7925.564491194781,7218.966990265673,0.15810847155845031,trailing_stop,34,0.15810847155845031,352.109915790875,354.4875851382334
KIM,2019-09-11,14.720712662569284,2019-11-11,15.409916292624189,80266,14.163465252651443,0.2786237049589205,0.5572474099178404,55319.61856998702,54594.07905087175,1.236800060060432,trailing_stop,61,1.236800060060432,354.4718167721358,371.067702343132
MAA,2019-07-03,94.04695644551708,2019-11-13,104.2881920532942,6197,90.98151942487216,1.5327185103224634,3.0654370206449215,63464.937061394776,63096.21218682064,3.3408729452946035,trailing_stop,133,3.3408729452946035,174.8426967278608,193.88217784627923
RHP,2019-11-06,74.40254541992033,2019-11-14,72.29612808713807,16057,71.75044448841112,1.3260504657546015,2.65210093150921,-33822.743112484706,-34529.40529263556,-0.794244784486228,stop_loss,8,-0.794244784486228,358.4045015422982,348.25767860855285
MTZ,2019-08-05,57.056999999999995,2019-12-04,64.21572,20455,53.57270823055262,1.7421458847236877,3.484291769447374,146431.6176000002,145687.42755372022,2.0545696152005712,trailing_stop,121,2.0545696152005712,350.13028049999997,394.05976578
ARWR,2019-11-14,48.528479999999995,2020-01-14,55.81413,24530,44.56575330051036,1.9813633497448175,3.962726699489636,178716.9945000001,177949.1372330101,1.8385446568743515,trailing_stop,61,1.8385446568743515,357.12108431999997,410.73618266999995
TSM,2019-09-27,40.750599676475325,2020-01-28,49.620120688197865,28877,39.30588512651636,0.7223572749794827,1.4447145499589666,256125.15825551178,255342.2676679206,6.1392896001320505,trailing_stop,123,6.1392896001320505,353.0265200572734,429.86406753392686
SMH,2019-12-13,66.70621193605781,2020-01-28,68.94377891134394,9189,64.6681554307016,1.0190282526781047,2.0380565053562094,20561.002935904235,20187.0566061352,1.097892511520454,trailing_stop,46,1.097892511520454,183.88901444413057,190.05731532490182
VIPS,2019-10-28,10.390904318520986,2020-01-31,11.614560463402421,114164,9.620691387549256,0.3851064654858655,0.7702129309717307,139697.48012424415,138943.8105598351,1.5887244886133274,trailing_stop,95,1.5887244886133274,355.880160185889,397.7894042231622
TSLA,2020-01-31,42.7093333333005,2020-02-06,46.61467200003112,29690,39.7088584894805,1.5002374219100003,3.000474843820001,115949.50501523215,115153.89609972817,1.301573540859489,trailing_stop,6,1.301573540859489,380.41203199970755,415.1968835042772
CDLX,2020-01-14,866.2653999999998,2020-02-25,924.5745,1486,795.1837597999179,35.54082010004097,71.08164020008189,86647.32260000026,85848.96617258027,0.8203116843656204,trailing_stop,42,0.8203116843656204,386.1811153199999,412.1753121
AXSM,2019-12-04,46.306259999999995,2020-02-26,84.30561,26164,41.59136986431547,2.3574450678422627,4.714890135684527,994214.9934000002,993189.7947099962,8.059434876838992,trailing_stop,84,8.059434876838992,363.46709599199994,661.731594012
JKHY,2020-02-06,152.6959794129574,2020-02-26,151.6808538913304,8428,147.47367044155345,2.611154485701969,5.2223089714039475,-8555.477896272345,-9325.064281598907,-0.19438250919000985,trailing_stop,20,-0.19438250919000985,386.07651434772157,383.5098709788398
MDU,2020-02-06,9.916227202381497,2020-02-26,9.651438256069287,64890,9.65890498052752,0.1286611109269885,0.25732222185397724,-17182.15472619932,-17563.078469678978,-1.0290170215554493,stop_loss,20,-1.0290170215554493,193.0391949487606,187.88454853090082
UTHR,2020-02-25,116.53641999999999,2020-02-26,104.33556,11002,110.24497203343935,3.145723983280317,6.291447966560639,-134233.8617199999,-134962.8717771879,-1.9392769462368875,stop_loss,1,-1.9392769462368875,384.64010785199997,344.369949336
SYNA,2019-11-11,57.887829999999994,2020-02-27,66.84308999999999,20582,53.79566752080608,2.0460812395969583,4.092162479193917,184317.1613199999,183546.9977813679,2.1883930673652094,trailing_stop,108,2.1883930673652094,357.43419511799993,412.72934351399994
PEGI,2020-02-26,28.23821,2020-02-27,26.99298,45055,27.756340322196728,0.2409348389016348,0.48186967780327095,-56103.83764999997,-56850.37002963497,-2.584163431234574,stop_loss,1,-2.584163431234574,381.681765465,364.85061417
HPQ,2020-02-26,18.600103054974653,2020-02-28,16.572360912793144,68402,17.871956575679864,0.36407323964739446,0.7281464792947894,-138701.6180094996,-139423.37807359657,-2.784799761917931,stop_loss,2,-2.784799761917931,381.6852747499129,340.074789347063
DGX,2020-01-28,96.97443898224476,2020-03-02,94.44128029988256,13041,94.51080835930966,1.2318153114675474,2.4636306229350993,-33034.922376685434,-33783.7980952329,-1.0282217873003485,stop_loss,34,-1.0282217873003485,379.3930976302362,369.4826209172306
REGN,2020-02-26,440.89165940205805,2020-03-02,440.98190815419156,2885,415.61620611787254,12.637726642092748,25.275453284185517,260.36764990516104,-502.8939228147731,0.0035706086501709556,stop_loss,5,0.0035706086501709556,381.5917312124813,381.6698415074528
EVBG,2020-03-03,112.59248,2020-03-04,109.70019,11245,104.72357206001405,3.9344539699929717,7.868907939985945,-32523.80104999987,-33273.705372244876,-0.3675592626141658,stop_loss,1,-0.3675592626141658,379.83073127999995,370.07359096500005
JD,2020-03-03,38.212400034520726,2020-03-04,37.1992844755801,33134,35.46386301730453,1.3742685086080955,2.7485370172161936,-33568.57092993871,-34318.178156306014,-0.3686017516208467,stop_loss,1,-0.3686017516208467,379.83889882314287,369.7683275441613
DGX,2020-03-05,104.64358416131154,2020-03-09,96.2598355197808,12074,99.99291096766397,2.325336596823779,4.650673193647563,-101225.3810978422,-101953.09346461105,-1.8026957157476158,stop_loss,4,-1.8026957157476158,379.03999054910264,348.67237621975
SMG,2020-03-05,96.9125944975285,2020-03-09,84.53626069744882,13038,91.33834546754602,2.7871245149912425,5.574249029982482,-161362.64008543885,-162072.35913764848,-2.2202692656016074,stop_loss,4,-2.2202692656016074,379.063922117633,330.65513009200134
NEE,2020-03-05,59.27767980482212,2020-03-09,54.33553850851576,10657,56.549336813294595,1.3641714957637627,2.7283429915275264,-52668.399794736884,-53031.63261500646,-1.81140762420761,stop_loss,4,-1.81140762420761,189.5166701039968,173.71615016557575
IOVA,2020-02-26,31.06103,2020-03-10,33.11685,40961,28.078105463535252,1.491462268232373,2.982924536464747,84208.44302000002,83419.80597719601,0.6891961143732062,trailing_stop,13,0.6891961143732062,381.687254949,406.94978785500007
INSP,2020-02-27,84.02393999999998,2020-03-10,80.2197,15100,77.6429215653257,3.1905092173371474,6.381018434674289,-57444.02399999968,-58188.04768919967,-0.5961806941863445,stop_loss,12,-0.5961806941863445,380.62844819999987,363.395241
CPB,2020-03-05,42.12437318989749,2020-03-10,40.61227742394393,29995,40.28132987696607,0.9215216564657123,1.843043312931421,-45355.31249977705,-46099.818250325705,-0.8204341999692468,stop_loss,5,-0.8204341999692468,379.0561721492926,365.4495783993595
CCOI,2020-03-05,61.83311611191005,2020-03-10,59.23513062555761,20434,57.80317703778058,2.014969537064738,4.029939074129473,-53087.23542812581,-53829.40799427584,-0.6446711571969971,stop_loss,5,-0.6446711571969971,379.04936838923095,363.12319776079323
BOX,2020-05-27,19.6196,2020-06-08,18.31167,62734,18.0141199778939,0.80274001105305,1.6054800221061,-82051.68061999993,-82765.55470765394,-0.8146660076680561,trailing_stop,12,-0.8146660076680561,369.24479591999994,344.629291734
IPHI,2020-05-27,121.30117999999999,2020-06-09,110.53935,5073,110.35296262718981,5.474108686405087,10.948217372810177,-54594.763589999944,-54947.60169260694,-0.9829755505884383,stop_loss,13,-0.9829755505884383,184.60826584199998,168.229836765
APPF,2020-05-27,155.26511,2020-06-12,155.40444,7927,139.46230580976282,7.901402095118577,15.802804190237168,1104.4689100000085,365.66565314500855,0.008816789623077017,trailing_stop,16,0.008816789623077017,369.235958091,369.567298764
FOXF,2020-06-08,89.36927999999999,2020-06-12,81.13878,13796,79.54762013706939,4.910829931465303,9.821659862930602,-113547.97799999989,-114253.67675872789,-0.8379948109447319,stop_loss,4,-0.8379948109447319,369.88157606399994,335.817182664
ARGX,2020-05-27,214.5143,2020-06-15,213.4863,5737,197.68385924661635,8.415220376691822,16.83044075338364,-5897.635999999951,-6634.267832659952,-0.061079802666089984,trailing_stop,19,-0.061079802666089984,369.20056173,367.43127093000004
CCXI,2020-06-15,63.833769999999994,2020-06-25,55.22472,19146,56.29117909311717,3.77129545344141,7.542590906882822,-164828.87129999994,-165512.71945486194,-1.141391612813576,stop_loss,10,-1.141391612813576,366.64840812599994,317.199746736
THO,2020-06-09,96.96956355443601,2020-07-07,90.99918425092727,6379,87.0314939499773,4.96903480222935,9.938069604458704,-38085.04957708222,-38444.76536975734,-0.600758451201643,trailing_stop,28,-0.600758451201643,185.5706537741242,174.1451389009995
CLDR,2020-06-16,12.832819999999998,2020-07-14,11.19879,95629,11.252731695443336,0.7900441522783316,1.5800883045566625,-156260.65486999977,-156950.09051980675,-1.0341384056117482,trailing_stop,28,-1.0341384056117482,368.15692313399995,321.27872667300005
MYOV,2020-06-25,20.16014,2020-07-15,17.89209,60777,17.447739618714458,1.3562001906427696,2.7124003812855406,-137845.27484999993,-138539.08496481294,-0.8361781747446363,stop_loss,20,-0.8361781747446363,367.5818486339999,326.228266179
ALT,2020-07-15,29.529499999999995,2020-07-16,25.234740000000002,42319,24.438136527289025,2.5456817363554847,5.09136347271097,-181749.94843999972,-182445.2188017677,-0.8435382826269101,stop_loss,1,-0.8435382826269101,374.89767314999995,320.37268861800004
SRPT,2020-05-27,154.14399,2020-07-29,156.25359,3992,139.7751212689024,7.184434365548799,14.368868731097592,8421.523200000001,8049.791058192002,0.14681740361607817,trailing_stop,63,0.14681740361607817,184.60284242400002,187.129299384
BMRN,2020-05-27,103.25314999999999,2020-08-12,116.883,11920,94.10151624271896,4.575816878640515,9.151633757281033,162467.81200000006,161680.60512760005,1.489335168068336,trailing_stop,77,1.489335168068336,369.2332644,417.97360799999996
HLF,2020-07-14,51.291239999999995,2020-08-13,47.88207,24112,47.51311677645805,1.8890616117709715,3.7781232235419466,-82201.9070399999,-82919.28709521591,-0.9023448411520942,stop_loss,30,-0.9023448411520942,371.020313664,346.359741552
CWH,2020-05-27,16.887029124136465,2020-08-26,22.11628091078769,72886,14.655157328558895,1.1159358977887848,2.23187179557757,381139.24572186125,380286.40714529966,2.342989322690009,trailing_stop,91,2.342989322690009,369.24840142254305,483.5901751391014
BLDR,2020-08-13,30.390359999999998,2020-08-27,29.97,40411,27.531618886160004,1.4293705569199964,2.8587411138399936,-16987.167959999948,-17718.93471238795,-0.1470437452222988,trailing_stop,14,-0.1470437452222988,368.43145138799997,363.33530099999996
DQ,2020-08-26,26.966939999999987,2020-09-01,22.984992,45258,23.9211128202406,1.5229135898796935,3.045827179759385,-180215.00258399948,-180893.2199455363,-1.3073453498811298,stop_loss,6,-1.3073453498811298,366.1409311559998,312.0764303808
KWEB,2020-09-02,61.14257098585915,2020-09-04,57.63269179143506,10193,58.51938252100275,1.3115942324282015,2.6231884648564048,-35776.198628764796,-36139.40150481148,-1.3380202152635754,stop_loss,2,-1.3380202152635754,186.96786781765869,176.23500822902926
DOCU,2020-06-16,165.10493999999997,2020-09-08,205.84395,7432,148.95844465382947,8.073247673085245,16.146495346170497,302772.32232000027,301945.2546748563,2.5230868449519113,trailing_stop,84,2.5230868449519113,368.11797422399997,458.94967092
BABA,2020-08-26,272.2737874894674,2020-09-08,253.8530716593536,4482,258.1054457845432,7.084170852462111,14.168341704924217,-82561.64835057007,-83269.07852538158,-1.3001320982900684,stop_loss,13,-1.3001320982900684,366.09933465833785,341.33084015316683
CRM,2020-08-27,262.6475159698206,2020-09-08,236.17063041672955,4659,245.82635037238134,8.41058279871962,16.821165597439233,-123355.80979185108,-124053.00791505555,-1.574022049763408,stop_loss,12,-1.574022049763408,367.10243307101825,330.09569013346294
PWR,2020-08-12,50.00422268488575,2020-09-22,48.590002508120186,24565,47.06019477915711,1.472013952864319,2.944027905728639,-34740.318642246,-35466.908784805855,-0.480369148000839,trailing_stop,41,-0.480369148000839,368.5061190762655,358.0840234835917
VIRT,2020-09-08,22.36734868700257,2020-09-24,18.15489748772734,54261,20.821959085288363,0.7726948008571035,1.5453896017142057,-228571.8145238732,-229231.44780377933,-2.725818262658566,stop_loss,16,-2.725818262658566,364.1024121316339,295.530867774472
ADM,2020-09-08,39.44291867661412,2020-09-24,38.39488729904587,30770,38.10900978432886,0.6669544461426291,1.3339088922852582,-32247.925487775065,-32966.44627473638,-0.7856843774185797,trailing_stop,16,-0.7856843774185797,364.09758230382494,354.4232046574924
RH,2020-09-11,388.63824999999997,2020-09-24,352.63701000000003,3088,354.9355996541578,16.851325172921094,33.70265034584219,-111171.8291199998,-111858.5465208638,-1.068202044366559,stop_loss,13,-1.068202044366559,360.03447479999994,326.682926064
INFY,2020-07-16,10.240304563581486,2020-09-25,11.471775355343967,121474,9.662614235355566,0.2888451641129595,0.5776903282259198,149591.68295855564,148800.44699973418,2.1317144005929847,trailing_stop,71,2.1317144005929847,373.1792269669492,418.0567318545159
NKE,2020-09-24,115.82935485689704,2020-10-29,111.7946423901229,10282,109.98080946058302,2.9242726981570097,5.848545396314023,-41484.913583371694,-42187.04256527985,-0.689865974079122,trailing_stop,35,-0.689865974079122,357.2872279915846,344.84175391657317
CLGX,2020-10-29,75.45930079494198,2020-10-30,75.80398383595328,16296,72.52288648285663,1.4682071560426755,2.936414312085347,5616.954836320043,4877.458890416523,0.11738229159035496,stop_loss,1,0.11738229159035496,368.9054297263123,370.59051617720837
TWTR,2020-09-24,44.73468999999999,2020-11-02,41.10885,26624,41.51733836871321,1.6086758156433905,3.217351631286782,-96534.36415999991,-97220.0136826879,-1.1269641666583516,stop_loss,39,-1.1269641666583516,357.30491596799993,328.34460671999994
FIVN,2020-11-02,153.51336,2020-11-03,143.86598999999998,7941,142.67217855730445,5.4205907213477715,10.841181442695557,-76609.76517000019,-77318.21199550517,-0.8898817948019968,stop_loss,1,-0.8898817948019968,365.714877528,342.731947977
BPMC,2020-09-24,89.27918999999999,2020-11-04,97.86204,13340,82.32856148178877,3.4753142591056116,6.950628518211218,114495.2190000001,113746.2797975401,1.2348307750172858,trailing_stop,41,1.2348307750172858,357.2953183799999,391.64388407999996
ACH,2020-09-25,20.28326122252292,2020-11-11,22.34989710698171,58440,17.821696765829145,1.2307822283468886,2.4615644566937753,120774.20108777171,120026.75655593883,0.8395619618405488,trailing_stop,47,0.8395619618405488,355.6061357532718,391.8383960796033
PINS,2020-10-30,61.17110999999999,2020-11-11,56.343599999999995,20272,54.591393449111884,3.289858275444054,6.579716550888108,-97863.28271999993,-98577.96018033594,-0.733695739423364,stop_loss,12,-0.733695739423364,372.01822257599997,342.65923776
DNLI,2020-11-11,59.85979999999999,2020-11-27,60.32961,20289,53.79496106529124,3.032419467354375,6.064838934708753,9531.975090000195,8800.418208153194,0.07746454688372872,trailing_stop,16,0.07746454688372872,364.34864466,367.208237187
APPN,2020-11-27,177.06038349999997,2020-12-01,144.855,6930,159.88403234389585,8.58817557805206,17.17635115610412,-223183.30765499987,-223852.56973729638,-1.8749839944064521,stop_loss,4,-1.8749839944064521,368.10853729649995,301.15354499999995
BNTX,2020-12-01,121.8276476482248,2020-12-02,118.01971800950389,9959,107.82311216979684,7.002267739213974,14.004535478427954,-37923.171272021515,-38639.76324639711,-0.27190688649305755,stop_loss,1,-0.27190688649305755,363.9844628786013,352.6075114969948
SWAV,2020-11-11,87.58749999999999,2020-12-03,86.57334,13866,80.71119048378175,3.4381547581091185,6.876309516218242,-14062.342559999857,-14786.816822231856,-0.14748608939257674,trailing_stop,22,-0.14748608939257674,364.3464825,360.127779732
RRX,2020-11-03,96.11683552044025,2020-12-04,104.5196554237186,6311,90.54084330564977,2.787996107395237,5.575992214790475,53030.196409589706,52650.33134128513,1.5069640665906316,trailing_stop,31,1.5069640665906316,181.97800469084953,197.88706361372644
INSP,2020-11-04,162.16199999999998,2021-01-05,182.55726,7461,147.6658567086118,7.248071645694088,14.496143291388165,152169.03486000028,151397.44974034227,1.40694387396932,trailing_stop,62,1.40694387396932,362.9672045999999,408.617915058
GRMN,2020-11-03,99.05151398426553,2021-01-28,104.53735873256086,12249,94.63624578317629,2.207634100544614,4.4152682010892335,67196.11232186956,66447.98429129703,1.242471464574223,trailing_stop,86,1.242471464574223,363.98459843798054,384.1434321345414
PRLB,2021-01-28,252.25199999999998,2021-01-29,221.44833,5049,224.59323000789203,13.829384996053978,27.65876999210795,-155527.7298299999,-156245.2437198509,-1.1137035381106748,stop_loss,1,-1.1137035381106748,382.08610439999995,335.427785451
LBTYA,2020-12-04,12.645296239092062,2021-02-01,12.470772797519421,48004,11.935525377844744,0.35488543062365896,0.7097708612473177,-8377.823289253032,-8739.524822663083,-0.2458870194613811,trailing_stop,59,-0.2458870194613811,182.10744019841258,179.5940932116367
PTC,2021-01-29,137.80766999999997,2021-02-26,135.05481,9192,129.01012242800059,4.398773785999698,8.797547571999388,-25304.289119999725,-26056.734694847724,-0.3129122039375727,trailing_stop,28,-0.3129122039375727,380.0184307919999,372.427144056
KLAC,2021-02-12,30.433021969795156,2021-02-26,29.489161292343564,21632,28.327447500343915,1.0527872347256202,2.1055744694512413,-20417.59417463285,-20806.465175130827,-0.44826753512906303,trailing_stop,14,-0.44826753512906303,197.49813937518266,191.3728611227928
REGI,2020-09-10,43.52347999999999,2021-03-01,80.92899,27708,39.0307941738165,2.2463429130917456,4.492685826183489,1036431.8710800002,1035397.3723683722,8.32586818824493,trailing_stop,172,8.32586818824493,361.78457515199995,672.714136476
PDCE,2021-02-26,33.015977922309354,2021-03-19,31.547282853026275,38519,29.656778247578664,1.679599837365344,3.3591996747306894,-56572.665373714924,-57318.73904625647,-0.4372157690807189,trailing_stop,21,-0.4372157690807189,381.52273607683026,364.55093646471573
UHAL,2021-03-01,58.45680959127338,2021-03-23,58.98524886087983,21612,55.486202709736595,1.4853034407683905,2.9706068815367814,11420.629494734629,10659.182164554248,0.17788933059128795,trailing_stop,22,0.17788933059128795,379.01057066598,382.4367595144005
AMBA,2020-12-03,84.718634,2021-03-24,101.21867999999999,14298,78.38943225180597,3.164600874097008,6.3292017481940235,235917.65770799996,235120.09819332836,2.6069710931095105,trailing_stop,111,2.6069710931095105,363.39210867959997,434.167405992
TME,2021-03-24,30.32805524127378,2021-03-25,22.133913280069837,41332,27.465165499533434,1.4314448708701728,2.8628897417403465,-338680.2755404814,-339330.78296535864,-2.8621926446328096,stop_loss,1,-2.8621926446328096,376.05575376969836,274.451671107554
ELV,2021-03-25,335.6910884768393,2021-04-07,326.0486857244552,3685,319.0756919214616,8.307698277688838,16.615396555377686,-35532.254142535414,-36263.80746291494,-0.5803293782514791,trailing_stop,13,-0.5803293782514791,371.10649831114586,360.44682206838525
GRBK,2021-04-07,27.016989999999996,2021-04-09,24.425549999999998,46644,24.585898724331507,1.2155456378342442,2.4310912756684893,-120875.12735999994,-121594.97311072794,-1.0659575088505953,stop_loss,2,-1.0659575088505953,378.05414446799995,341.79160626
LSCC,2021-04-19,56.79673999999999,2021-04-30,50.78916,11023,51.80115665002356,2.4977916749882167,4.995583349976435,-66221.55433999989,-66577.3301527099,-1.2025782734719717,stop_loss,11,-1.2025782734719717,187.82113950599995,167.954673204
MU,2020-12-02,65.9939860194696,2021-05-11,75.27239724365859,18347,62.27771664911265,1.8581346851784761,3.7162693703569545,170231.01073019532,169453.46643007672,2.4967004001913287,trailing_stop,160,2.4967004001913287,363.23749844976265,414.3068016688212
FLIR,2021-01-05,51.41734988201795,2021-05-12,58.03191,23926,47.98418381529919,1.716583033359381,3.433166066718762,158259.96538283856,157474.36048525744,1.926664772235704,trailing_stop,127,1.926664772235704,369.0634539831484,416.541443598
HIG,2021-03-19,61.146894414564144,2021-05-12,58.11279198938694,20722,57.615337514653845,1.7657784499551503,3.5315568999102993,-62872.67045452199,-63614.060221020794,-0.8591401784448859,stop_loss,54,-0.8591401784448859,380.1257838175794,361.26398268122284
BRK-A,2021-05-04,419514.10000499996,2021-05-13,425109.969495,2,407815.93700885604,5849.081498071969,11698.162996143918,11191.73898000014,10684.96453830014,0.4783545495001775,trailing_stop,9,0.4783545495001775,251.708460003,255.065981697
MED,2021-05-11,258.8015786270846,2021-06-09,265.8803132250087,4864,238.15761550436628,10.32198156135917,20.643963122718333,34430.96508430281,33665.349267712234,0.34289610748887983,trailing_stop,29,0.34289610748887983,377.6432635326419,387.97255305793266
WEN,2021-06-09,22.860823429161606,2021-06-10,20.195981152546906,55207,21.65482027689054,0.6030015761355322,1.206003152271066,-147117.9475650677,-147831.0586682304,-2.209647853404399,stop_loss,1,-2.209647853404399,378.6232437161175,334.4878594465971
KSU,2021-03-23,248.39338894040085,2021-06-16,292.1036971555031,5104,233.73576600985353,7.328811465273662,14.65762293054732,223097.41312988178,222269.80399165174,2.982087097083625,trailing_stop,85,2.982087097083625,380.33995714554175,447.2691810845064
UNVR,2021-05-12,26.025999999999996,2021-06-18,25.00497,48068,24.68402306532991,0.6709884673350421,1.341976934670086,-49078.87003999981,-49814.75703978781,-0.7608402004696213,trailing_stop,37,-0.7608402004696213,375.30533039999995,360.581669388
CVE,2021-06-16,9.243258586381701,2021-06-18,8.400673803364835,135692,8.657641133673627,0.2928087263540372,0.5856174527080746,-114332.01437712458,-115050.25651927343,-1.4387972542834844,stop_loss,2,-1.4387972542834844,376.2708732309917,341.97126891785433
GEN,2021-05-13,22.710662976201355,2021-06-21,24.359488462499655,54656,21.559411837153323,0.5756255695240167,1.151251139048032,90118.20577911987,89346.40592000978,1.432203131335628,trailing_stop,39,1.432203131335628,372.3821986881784,399.4176604219143
CXW,2021-06-10,10.92091,2021-06-30,10.62936,114859,9.997602176625792,0.4616539116871035,0.9233078233742074,-33487.141449999894,-34229.714188578895,-0.3157668467863039,trailing_stop,20,-0.3157668467863039,376.3094405069999,366.26329807200005
NTLA,2021-06-30,155.00484999999998,2021-07-01,161.838,8044,137.3065159386422,8.849167030678883,17.69833406135777,54965.858600000145,54201.253434380145,0.38609001142765165,trailing_stop,1,0.38609001142765165,374.05770401999996,390.5474616
SWBI,2021-07-01,29.639711316185053,2021-07-06,25.0796556104292,42098,27.288823086986227,1.1754441145994134,2.3508882291988265,-191969.22510090994,-192660.2978735729,-1.9397160822528356,stop_loss,5,-1.9397160822528356,374.3317700966275,316.74100256635455
NVDA,2021-06-18,18.738798738642224,2021-07-16,18.94677408870048,66499,17.714227343403778,0.5122856976192238,1.0245713952384463,13830.152803523933,13078.336931290294,0.20298766003500796,trailing_stop,28,0.20298766003500796,373.83341319629073,377.98245903734795
SPT,2021-06-21,90.42032999999999,2021-07-16,84.12579,13672,82.44464962247538,3.9878401887623065,7.975680377524611,-86058.95087999997,-86774.86924579198,-0.7892166814680726,stop_loss,25,-0.7892166814680726,370.868025528,345.050340264
V,2021-07-16,241.02855411310202,2021-07-20,231.55016170882777,5082,234.34197855285495,3.3432877801235334,6.686575560247064,-48169.19019852172,-48889.68370866383,-1.4175256555276294,stop_loss,4,-1.4175256555276294,367.4721336008353,353.0213765412788
ELS,2021-07-21,71.63752812511333,2021-08-11,71.46807278539306,8566,69.35783836415713,1.1398448804780992,2.2796897609562023,-1451.5544400438541,-1819.3072132636735,-0.07433263184425387,trailing_stop,21,-0.07433263184425387,184.09411977591623,183.6586534439031
SLM,2021-03-01,14.148988685566572,2021-08-16,16.58773301250468,89293,13.320544863076947,0.414221911244812,0.8284438224896249,217762.79718528435,216939.42495810858,2.943765480209913,trailing_stop,168,2.943765480209913,379.02169401008877,444.3505331656741
UFS,2021-05-12,55.05499999999999,2021-08-17,54.49545,22723,51.35783092048846,1.848584539755765,3.697169079511532,-12714.654649999873,-13461.449112604872,-0.1513455262570577,trailing_stop,97,-0.1513455262570577,375.30442949999997,371.490033105
DVAX,2021-08-16,13.053039999999998,2021-08-17,11.943045,94746,11.930877702205343,0.5610811488973266,1.1221622977946542,-105167.5862699998,-105878.0699908228,-0.9891572744703968,stop_loss,1,-0.9891572744703968,371.0169983519999,339.466722471
EBAY,2021-08-17,67.92870521664392,2021-09-13,66.96080148813404,18112,64.3254828947693,1.8016111609373162,3.6032223218746253,-17530.672330770973,-18263.607954402054,-0.26862170636374066,trailing_stop,27,-0.26862170636374066,369.09741266515636,363.8382109659251
SUI,2021-07-16,155.86553783255616,2021-09-20,164.18140389311677,7860,151.26282430964824,2.3013567614539587,4.602713522907919,65362.70723600638,64608.03654741725,1.8067311856738761,trailing_stop,66,1.8067311856738761,367.5309382091674,387.1397503799693
MUSA,2021-09-20,161.92436879104375,2021-09-22,157.45448047059273,7766,154.51409882567285,3.7051349826854554,7.410269965370901,-34713.152696622616,-35457.24153963238,-0.6032018187379616,stop_loss,2,-0.6032018187379616,377.2513944093737,366.83744860038695
DGX,2021-08-17,137.9906866321239,2021-09-23,138.7253155902436,8916,133.70325542134594,2.143715605388973,4.287431210777953,6549.951790595371,5809.791827850982,0.17134478012684334,trailing_stop,37,0.17134478012684334,369.09748860360503,371.06247414078365
NET,2021-06-18,102.40229999999998,2021-09-29,115.17471,12168,94.4564550456983,3.9729224771508362,7.945844954301677,155414.68488000028,154620.44176269628,1.6074325730563577,trailing_stop,103,1.6074325730563577,373.8093559199999,420.4337613840001
GLOB,2021-08-16,271.09081999999995,2021-09-29,290.84886,4562,256.16512640788756,7.462846796056195,14.925693592112395,90136.17848000024,89367.10783395224,1.3237602579783192,trailing_stop,44,1.3237602579783192,371.0148962519999,398.055749796
AMBA,2021-09-23,164.69453,2021-09-29,155.77407,7629,152.50774104943687,6.093394475281558,12.186788950563113,-68054.18933999994,-68787.64582481995,-0.731977884920031,stop_loss,6,-0.731977884920031,376.936370811,356.520114009
UNFI,2021-09-29,46.436389999999996,2021-10-13,45.894059999999996,26703,43.157596485530284,1.639396757234857,3.2787935144697116,-14481.837989999993,-15221.487991904993,-0.16540535340412013,trailing_stop,14,-0.16540535340412013,371.99727665099994,367.65272525399996
SC,2021-07-06,40.10693750597215,2021-10-18,41.3615692960034,30942,37.811366327560194,1.1477855892059785,2.2955711784119543,38820.81684714708,38064.577285907064,0.5465444948211939,trailing_stop,104,0.5465444948211939,372.29665809293704,383.9429031470812
AA,2021-10-18,52.437758064702855,2021-10-22,48.0504187988409,23941,47.542561544030065,2.4475982603363957,4.8951965206727905,-105037.28936400103,-105759.02559668806,-0.8962539598428548,stop_loss,4,-0.8962539598428548,376.6237097481153,345.112522938915
ABG,2021-10-22,229.08885999999998,2021-10-27,208.06173,5474,216.2912397838916,6.398810108054195,12.797620216108385,-115102.50961999984,-115820.39831889783,-1.643050008120501,stop_loss,5,-1.643050008120501,376.209725892,341.678973006
RDS-A,2021-09-29,43.91016944131373,2021-11-01,45.828741453357374,14120,41.9588371064285,0.9756661674426139,1.9513323348852296,27090.236810056296,26710.10278350647,0.9832113052933603,trailing_stop,33,0.9832113052933603,186.00347775340495,194.13054879642183
XLRN,2021-09-22,153.51336,2021-11-02,173.70612,8165,144.65744683372358,4.427956583138206,8.855913166276423,164873.88539999994,164072.36128373994,2.2801443082001542,trailing_stop,41,2.2801443082001542,376.03097532000004,425.49314094000005
MGM,2021-10-13,48.562255279698256,2021-11-11,46.12835095665027,25739,45.436585131517596,1.5628350740903287,3.12567014818066,-62646.263370932036,-63377.43582510725,-0.7786823969460345,trailing_stop,29,-0.7786823969460345,374.9831665932461,356.1892875819664
COP,2021-09-29,57.0767328043753,2021-11-12,60.67074146311179,21725,54.0278977741524,1.5244175151114474,3.0488350302228966,78079.83811105028,77312.41894751193,1.1788137511899874,trailing_stop,44,1.1788137511899874,371.997606052516,395.4215574858311
ISEE,2021-09-13,13.913899999999998,2021-11-18,16.363619999999997,89537,12.124375371707377,0.8947623141463108,1.7895246282926216,219340.57963999992,218527.2921475279,1.3689222049641572,trailing_stop,66,1.3689222049641572,373.74265928999995,439.5448331819999
BRSL,2021-09-29,18.148837541338388,2021-11-18,20.07014325586993,34162,16.69570206071388,0.7265677403122542,1.453135480624507,65635.64581982653,65243.95477322826,1.3221793426348873,trailing_stop,50,1.3221793426348873,186.0001764261606,205.69087017210856
AMG,2021-11-02,188.03552030778414,2021-11-18,177.7505509006542,3333,177.2963577075546,5.369581300114776,10.739162600229548,-34279.80303396412,-34645.552526565436,-0.957706833390353,stop_loss,16,-0.957706833390353,188.01671675575338,177.73277584556413
ASB,2021-11-11,19.76035302155703,2021-11-22,19.546937186198157,62855,18.730965535247957,0.5146937431545361,1.0293874863090728,-13414.252331481968,-14155.450249284504,-0.20732312972259617,stop_loss,11,-0.20732312972259617,372.6110967509901,368.58682105154554
MEDP,2021-10-27,215.04483,2021-11-24,210.40938,5799,202.81633044882966,6.114249775585158,12.22849955117033,-26880.97454999995,-27621.13723913695,-0.379069401000743,trailing_stop,28,-0.379069401000743,374.113490751,366.049198386
GTM,2021-11-18,77.34726999999998,2021-11-24,67.76217,16078,72.40620322106602,2.470533389466979,4.941066778933958,-154109.2377999997,-154809.1586728957,-1.939884731140586,stop_loss,6,-1.939884731140586,373.0768221179999,326.84405077799994
CNH,2021-11-18,16.70637078597615,2021-11-24,15.462998449612991,74438,15.98491865580311,0.3607260650865204,0.7214521301730414,-92554.14997420093,-93272.53702634857,-1.7234301270479797,stop_loss,6,-1.7234301270479797,373.07664856994785,345.31040357768757
INTU,2021-11-22,671.3567210625447,2021-11-24,640.5213500180398,1852,638.6384300806922,16.359145490926284,32.71829098185253,-57107.10717442304,-57835.986630715415,-0.942450541246423,stop_loss,2,-0.942450541246423,373.00579422234983,355.8736620700229
WRB,2021-11-24,33.720743934267276,2021-11-29,32.43707905201956,36358,32.4899612511108,0.6153913415782395,1.2307826831564768,-46671.48778876235,-47393.09762720298,-1.0429663171370058,stop_loss,5,-1.0429663171370058,367.80564238862684,353.8041960519982
PFG,2021-11-24,61.911460418238306,2021-11-29,60.808878336879,19803,59.421546271771035,1.244957073233634,2.489914146467271,-21834.432957158388,-22563.50221766866,-0.44281931685221726,stop_loss,5,-0.44281931685221726,367.809795198712,361.25946531156444
PFE,2021-11-29,43.45639883784798,2021-11-30,41.136216801982336,27930,41.31512976709942,1.070634535374279,2.1412690707485567,-64802.68426172738,-65511.485788173515,-1.0835546394244324,stop_loss,1,-1.0835546394244324,364.1211658623282,344.68036058381
DLTR,2021-11-24,146.41627,2021-12-01,135.7641,8373,137.74502864440305,4.3356206777984685,8.671241355596948,-89190.61940999987,-89899.42828140287,-1.2284481036990655,stop_loss,7,-1.2284481036990655,367.783028613,341.02584279000007
KRYS,2021-11-30,87.33725,2021-12-02,68.99094000000001,13919,74.2602278412005,6.538511079399749,13.077022158799494,-255362.28888999985,-256015.06851298286,-1.4029424877631491,stop_loss,2,-1.4029424877631491,364.694154825,288.085468158
XPEV,2021-11-24,51.351299999999995,2021-12-03,47.0030499,23875,46.184971518504476,2.583164240747758,5.166328481495519,-103814.47113749986,-104518.93416865861,-0.8416518840360859,stop_loss,9,-0.8416518840360859,367.80368625,336.65934490875
NUAN,2021-12-01,55.505449999999996,2021-12-03,55.05489,21756,55.159444241392,0.1730028793039968,0.3460057586079941,-9802.383359999909,-10523.988587111908,-1.3021748592064795,stop_loss,2,-1.3021748592064795,362.27297106,359.33225605200005
POOL,2021-11-12,520.8033856088878,2021-12-06,514.0050491005114,2389,497.6309904344842,11.586197587201788,23.17239517440356,-16241.22591851107,-16982.873123667297,-0.29338082909469115,trailing_stop,24,-0.29338082909469115,373.2597864658899,368.3874186903366
MRVL,2021-12-06,82.14812057872157,2021-12-17,80.50640146709365,14513,76.13576325841662,3.0061786601524765,6.012357320304957,-23826.269467056023,-24534.4509905913,-0.2730574754902708,trailing_stop,11,-0.2730574754902708,357.6647021876959,350.5168213475791
TOL,2021-12-03,65.82123658003535,2021-12-20,64.35689060530629,18148,62.42318042844357,1.6990280757958878,3.398056151591774,-26574.950749382915,-27283.692545030786,-0.4309363675591714,trailing_stop,17,-0.4309363675591714,358.3571404363444,350.3846552115296
BERY,2021-11-30,57.55193702503277,2021-12-21,55.18594258703694,21123,54.51090989377382,1.5205135656294737,3.04102713125895,-49976.90051378593,-50691.30918309966,-0.7780247711950982,stop_loss,21,-0.7780247711950982,364.7008697339302,349.7077995797944
ACN,2021-12-17,365.87458536358366,2022-01-07,349.2337140328209,3259,349.83616801854214,8.019208672520756,16.038417345041523,-54232.599666955844,-54931.76105127571,-1.0375631817504423,stop_loss,21,-1.0375631817504423,357.71558210997574,341.445802209889
AVGO,2021-12-21,59.96897893629693,2022-01-10,56.225520818759456,19732,56.92064756141939,1.5241656874387688,3.0483313748775345,-73865.9155752494,-74553.74053599942,-1.22803516323348,trailing_stop,20,-1.22803516323348,354.9923677113033,332.8325930387285
ON,2021-11-02,56.03597999999999,2022-01-20,59.37057,22372,52.581504942868825,1.7272375285655799,3.4544750571311624,74601.4474800003,73826.8848790203,0.9652957236198109,trailing_stop,79,0.9652957236198109,376.09108336799994,398.471517612
CFG,2022-01-07,44.587955062010366,2022-01-21,42.749608074317024,26717,42.28013924862639,1.153907906691987,2.307815813383975,-49115.116470203015,-49815.13577249699,-0.7965743960293582,trailing_stop,14,-0.7965743960293582,357.3769186175193,342.64238367645845
MTB,2022-01-07,148.9182011674197,2022-01-21,142.55961545397872,3999,141.29528034687024,3.811460410274729,7.622920820549467,-25427.98426805051,-25777.6702046512,-0.8341403332302558,trailing_stop,14,-0.8341403332302558,178.65716594055343,171.02877066013826
FBP,2022-01-10,13.766028796249289,2022-01-21,12.963443210222033,43174,13.038837810495687,0.36359549287680065,0.7271909857536016,-34650.830091140735,-34997.03555846296,-1.1036792283605128,stop_loss,11,-1.1036792283605128,178.30035817478006,167.9051091474378
BPOP,2022-01-10,81.239453160157,2022-01-21,79.01956345013681,7315,77.1226455318167,2.0584038141701493,4.116807628340297,-16238.49322879764,-16590.181640748928,-0.539225999956461,trailing_stop,11,-0.539225999956461,178.27997995996452,173.40843199132522
VRTX,2022-01-31,241.11086999999998,2022-02-11,236.31345000000002,4925,230.21295777349658,5.448956113251695,10.897912226503394,-23627.293499999803,-24332.687932799803,-0.44021459342760894,trailing_stop,11,-0.44021459342760894,356.241310425,349.15312237500007
BTI,2022-01-25,30.889105718502346,2022-02-25,32.11968493101966,38312,29.921935220659474,0.48358524892143573,0.9671704978428721,47145.95078996342,46421.752953754076,1.2723498238024604,trailing_stop,31,1.2723498238024604,355.02702548617856,369.17081072316756
MAT,2022-02-11,24.674449799999998,2022-03-08,22.827150000000003,48245,22.97459883175646,0.84992548412177,1.6998509682435383,-89122.97885099975,-89810.49325570505,-1.0867422112356213,stop_loss,25,-1.0867422112356213,357.1256491803,330.388755525
GLNG,2022-03-21,19.131309877630805,2022-04-25,19.659939575246586,61941,17.499182384157717,0.8160637467365447,1.6321274934730887,32743.852100019074,32023.02146531087,0.3238899532847659,trailing_stop,35,0.3238899532847659,355.5037395390989,365.32689516910466
TRQ,2022-03-21,28.6286,2022-05-02,26.89308,41392,26.286915596122164,1.1708422019389166,2.341684403877835,-71836.6438399999,-72526.0898535679,-0.7411417171015753,trailing_stop,42,-0.7411417171015753,355.49850336,333.947510208
PBR,2021-12-06,4.964866721057916,2022-06-14,7.17086675399271,240139,4.620339785438012,0.172263467809952,0.34452693561990433,529746.6419089285,528872.363038639,6.402982771043887,trailing_stop,190,6.402982771043887,357.6774388584381,516.6014314311167
CERN,2021-12-20,89.56760827547632,2022-08-05,94.82508,13273,85.08736752921223,2.2401203731320454,4.480240746264087,69782.42219960284,69048.18895415872,1.1734797351922885,trailing_stop,228,1.1734797351922885,356.6492593921192,377.58398605199994
GLNG,2022-08-17,25.753339616143855,2022-09-02,24.14978389935754,46434,23.447836422044272,1.152751597049791,2.3055031940995825,-74459.5061532557,-75154.66664445134,-0.6955339384869449,stop_loss,16,-0.6955339384869449,358.7491715208071,336.4113196748304
APO,2022-12-01,64.53030083071845,2022-12-06,60.45094195942574,18615,60.38129968727793,2.074500571720259,4.149001143440515,-75937.2653891137,-76635.22313947526,-0.9832146895746431,stop_loss,5,-0.9832146895746431,360.36946498914716,337.58828537241305
UTHR,2022-12-01,280.16988999999995,2022-12-06,274.725,4287,266.001607683241,7.0841411583794685,14.168282316758962,-23342.2434299997,-24055.8937480287,-0.38430134848170255,stop_loss,5,-0.38430134848170255,360.3264955289999,353.32382250000006
MCHP,2022-12-01,73.43090736471659,2022-12-16,66.30955879430974,8179,68.1164697180957,2.657218823310443,5.314437646620888,-58245.50995735764,-58588.39113917204,-1.3400003996537362,stop_loss,15,-1.3400003996537362,180.1774174008051,162.7037644135978
APH,2022-12-14,39.65561501045132,2022-12-16,37.42144871578523,15186,37.94405415582379,0.8557804273137627,1.7115608546275283,-33928.04935079923,-34279.197037723214,-1.3053385093644776,stop_loss,2,-1.3053385093644776,180.66305086461412,170.48463605937437
IBM,2022-12-14,133.18331540354578,2022-12-16,124.77275603666978,9043,128.80974901978317,2.186783191881299,4.373566383762608,-76056.68835465968,-76756.49738086984,-1.9230437196749124,stop_loss,2,-1.9230437196749124,361.31301635827936,338.49600985188147
FUTU,2022-12-01,57.847618722797996,2022-12-21,58.77891849571193,20765,51.605452094483894,3.1210833141570515,6.242166628314102,19338.43978455778,18611.914770955074,0.14919495559276005,trailing_stop,20,0.14919495559276005,360.36174083367007,366.16327276903746
CMC,2023-01-12,54.01839342196003,2023-01-19,49.949105941428826,22028,50.79139419707168,1.6134996124441727,3.2269992248883455,-89638.26462114131,-90325.32344393432,-1.2610128472131874,stop_loss,7,-1.2610128472131874,356.9751510896806,330.08367170333827
PFSI,2023-01-12,60.827146079012124,2023-02-06,62.19326076060478,19562,57.30199018779358,1.7625779456092736,3.525155891218546,26723.93540131553,26001.977841736556,0.3875331258387069,trailing_stop,25,0.3875331258387069,356.9701894792905,364.9873700996852
TGTX,2023-01-12,13.243229999999999,2023-02-27,15.984,89851,11.069845000465012,1.086692499767493,2.1733849995349868,246260.92527000012,245473.09651718114,1.2610605118680818,trailing_stop,46,1.2610605118680818,356.9752376189999,430.85351520000006
AEHR,2023-01-23,32.29225999999999,2023-03-03,31.278689999999997,36625,27.732386269844465,2.279936865077764,4.559873730155527,-37122.00124999979,-37820.48706312479,-0.22228027791581495,stop_loss,39,-0.22228027791581495,354.8112067499999,343.674606375
FIX,2023-02-27,146.0330352498421,2023-03-13,136.58754042181653,8189,137.96507443609156,4.033980406875271,8.067960813750545,-77349.15714670141,-78043.47111495398,-1.170741287182164,stop_loss,14,-1.170741287182164,358.7593576982871,335.5546105542767
CRUS,2023-02-06,100.74063999999998,2023-03-14,101.42847,6030,94.92271592800523,2.908962035997379,5.817924071994753,4147.614900000118,3781.890980010118,0.11822601867751563,trailing_stop,36,0.11822601867751563,182.23981775999997,183.48410223000002
CRH,2023-03-03,47.333746952116016,2023-03-14,46.29752936613328,25268,45.39768884485153,0.9680290536322435,1.9360581072644862,-26183.145962611703,-26892.90848961456,-0.5352202922498208,stop_loss,11,-0.5352202922498208,358.80873539582024,350.95379160703675
MCHP,2023-02-06,77.61117469298335,2023-03-27,73.44237190098822,7827,72.89048680387234,2.3603439445555123,4.720687889111019,-32629.219452945912,-32983.90828570321,-0.883092229336133,trailing_stop,49,-0.883092229336133,182.2387992965942,172.45003346071044
ANET,2023-03-17,40.67188125,2023-04-20,38.731230000000004,29335,38.25160705425831,1.2101370978708441,2.4202741957416904,-56929.00441874985,-57627.79149930547,-0.8018311534347803,trailing_stop,34,-0.8018311534347803,357.932890940625,340.85418961500005
STM,2023-01-27,45.114270727555365,2023-04-21,45.9614316448453,13294,42.56202488907421,1.2761229192405794,2.5522458384811557,11262.157234452376,10898.929118250768,0.3319276319377133,trailing_stop,84,0.3319276319377133,179.9247345156363,183.30338168597203
CDNS,2023-03-17,206.98677999999998,2023-04-26,203.6961,5764,197.1476919310286,4.919544034485691,9.839088068971392,-18967.479519999888,-19677.632356095888,-0.3344496946193102,stop_loss,40,-0.3344496946193102,357.92153997599996,352.23129612
NVS,2023-04-26,94.52742201231932,2023-04-28,91.77912253082445,12626,91.95028707154323,1.2885674703880439,2.577134940776091,-34700.02925335421,-35405.72118277473,-1.0664166000819624,stop_loss,2,-1.0664166000819624,358.0509690982631,347.64096032225683
CNMD,2023-04-28,123.74099382191811,2023-05-15,117.07597316460746,9654,117.05008962953612,3.345452096190999,6.690904192381993,-64344.109425677,-65041.56352546338,-0.9961315340457552,stop_loss,17,-0.9961315340457552,358.37866630703917,339.0754334793361
FSLR,2023-05-15,228.30808,2023-05-18,208.11168,5223,208.9617276253192,9.673176187340388,19.346352374680777,-105485.79719999991,-106169.6233219439,-1.0439383925639487,stop_loss,3,-1.0439383925639487,357.735930552,326.090191392
EZU,2023-04-14,42.787222458502704,2023-05-25,40.9760400592702,14008,41.61062128746155,0.5883005855205778,1.1766011710411561,-25371.04304844896,-25723.049782853646,-1.5393341803576652,stop_loss,41,-1.5393341803576652,179.80902365961174,172.1977107450771
SAP,2023-04-24,125.96766548076525,2023-05-25,124.83314996195301,4757,121.94946217408729,2.0091016533389796,4.018203306677961,-5396.890322989808,-5754.8081667081115,-0.28234398118351905,trailing_stop,31,-0.28234398118351905,179.76845540760007,178.14938831070316
LEGN,2023-04-20,62.91284999999999,2023-05-26,63.4365,19005,57.75948209512368,2.576683952438157,5.153367904876312,9951.968250000202,9231.587430975203,0.10161316049345383,trailing_stop,36,0.10161316049345383,358.6976142749999,361.68320475
AMD,2023-05-26,122.58245999999998,2023-06-22,112.12776,9849,113.59078466486321,4.4958376675683915,8.991675335136776,-102968.34029999988,-103661.83858703388,-1.1627087956730544,stop_loss,27,-1.1627087956730544,362.19439456199996,331.303892472
SMCI,2023-05-18,15.560544999999996,2023-08-10,26.515458,76541,14.14914302236673,0.705700988816633,1.4114019776332665,838499.9959330002,837533.8341293134,7.761724280966317,trailing_stop,84,7.761724280966317,357.3059024534999,608.8559012334
NVDA,2023-03-20,25.58878300612485,2023-08-14,40.36806253623458,23303,23.588445546017773,1.0001687300535382,2.000337460107076,344401.5508901471,343940.453178645,7.388393121087986,trailing_stop,147,7.388393121087986,178.8886231175182,282.20908838456234
URBN,2023-05-25,31.591559999999994,2023-08-18,34.80516,37636,29.26249664539367,1.1645316773031607,2.3290633546063226,120947.04960000025,120197.37751382425,1.3797821315784669,trailing_stop,85,1.3797821315784669,356.69398564799997,392.978100528
BRK-A,2023-08-08,548230.1825,2023-08-18,533357.109,2,531914.8499343744,8157.666282812778,16315.332565625547,-29746.14699999988,-30395.09937489988,-0.9116010010936415,stop_loss,10,-0.9116010010936415,328.9381095,320.0142654
CSCO,2023-08-18,50.69730277225717,2023-09-18,51.87410744752162,24339,49.051882969061026,0.8227099015980714,1.6454198031961411,28642.248991261436,27893.303325259676,0.7152002625582653,trailing_stop,31,0.7152002625582653,370.1764956521901,378.7691703495686
CELH,2023-08-10,58.455063333299535,2023-09-21,59.35392,21268,53.68484411870492,2.3851096072973044,4.770219214594611,19116.883587385546,18365.21515012576,0.18843089306051009,trailing_stop,42,0.18843089306051009,372.96668609178437,378.701751168
RELY,2023-09-18,26.186159999999997,2023-09-22,25.03494,48052,24.466437388814303,0.8598613055928478,1.719722611185695,-55318.42343999993,-56056.80632915993,-0.6694219128783033,stop_loss,4,-0.6694219128783033,377.48920809599997,360.89368106399996
UBS,2023-08-14,21.084781715828477,2023-09-28,22.11967615479776,58769,20.34462961422443,0.3700760508020223,0.7401521016040462,60819.71128378572,60057.986448406074,1.398218604968458,trailing_stop,45,1.398218604968458,371.73946099725714,389.9853743823929
CCJ,2023-08-22,36.0222229022656,2023-10-03,37.082385387141194,34335,33.94096020181997,1.0406313502228124,2.0812627004456274,36400.67891820364,35647.664900518605,0.5093842716965051,trailing_stop,42,0.5093842716965051,371.0469070047868,381.96711068024786
GSHD,2023-09-21,73.75781136591337,2023-10-03,69.66398453886387,16938,69.10852867377399,2.324641346069688,4.64928269213938,-69341.23879656439,-70070.02231027493,-0.8805286961730675,stop_loss,12,-0.8805286961730675,374.7929426747522,353.99057103578286
HCC,2023-09-28,50.06169648341098,2023-10-17,46.475293656868345,24845,46.88182749084346,1.5899344962837572,3.1798689925675134,-89104.17822545167,-89823.71668146225,-1.1278460952087437,stop_loss,19,-1.1278460952087437,373.13485473910373,346.40360127146823
JBL,2023-10-03,127.31699079916375,2023-10-20,128.91057786252262,9701,120.7996830877905,3.258653855686628,6.517307711373249,15459.388101644376,14713.68900856827,0.24451616126363415,trailing_stop,17,0.24451616126363415,370.5306383228063,375.1684547532995
NWS,2023-10-17,22.310982835806037,2023-10-25,21.677347102361807,55459,21.383283797154114,0.4638495193259618,0.927699038651923,-35140.804141083536,-35872.66877809579,-0.6830186375583523,stop_loss,8,-0.6830186375583523,371.20343912729004,360.661197884965
LBRT,2023-10-20,19.9659854111533,2023-10-27,18.793171637935583,61733,18.72352337501245,0.6212310180704248,1.24246203614085,-72401.31266204944,-73119.12837468286,-0.9439433472434601,stop_loss,7,-0.9439433472434601,369.768053216018,348.0476594174032
LOGI,2023-10-25,73.31536538700449,2024-01-24,82.37381627746204,16785,69.96292074110059,1.6762223229519506,3.3524446459039012,152046.09819633,151262.12532205856,2.702043388404753,trailing_stop,91,2.702043388404753,369.17952240626107,414.7933518651601
LPG,2023-11-02,27.537656320494296,2024-01-29,30.607777766072207,44608,25.64357111533378,0.9470426025802576,1.8940852051605148,136951.97744433946,136173.8519872194,1.6208993329409025,trailing_stop,88,1.6208993329409025,368.51993194338286,409.60552517668475
BAH,2024-01-29,139.51789652738194,2024-02-01,133.91082044254745,8922,133.87397911427993,2.821958706551,5.6439174131020025,-50026.33282889331,-50758.19213273503,-0.9934723835288609,stop_loss,3,-0.9934723835288609,373.4336018451905,358.4257019965225
VZ,2024-01-24,36.49840277877572,2024-02-08,34.760757744649936,34120,35.173001967089334,0.6627004058431927,1.3254008116863858,-59288.448564371734,-60017.85733148952,-1.3110336275672527,stop_loss,15,-1.3110336275672527,373.5976508435482,355.8111162742368
SYK,2024-02-01,328.94538692613696,2024-04-15,339.04083102813024,3777,317.16444553797356,5.890470694081701,11.780941388163399,38130.49237322862,37373.59718966464,0.8569301696158527,trailing_stop,74,0.8569301696158527,372.7280179260058,384.16716563797434
XPO,2024-02-08,117.11699999999999,2024-04-18,119.79008999999999,10595,108.81856337998197,4.149218310009013,8.298436620018023,28321.38855000002,27568.379364435023,0.32211971030203473,trailing_stop,70,0.32211971030203473,372.25638449999997,380.752801065
CPNG,2024-04-15,21.54152,2024-05-09,21.18879,57873,20.226746267034866,0.6573868664825672,1.3147737329651328,-20413.54328999986,-21155.422659188862,-0.2682819036888622,trailing_stop,24,-0.2682819036888622,374.00171608799997,367.877653101
BMI,2024-04-19,174.41732768451618,2024-05-30,187.660102909159,7145,165.55874688005295,4.429290402231616,8.85858080446323,94619.628980073,93843.51600759546,1.494909344617673,trailing_stop,41,1.494909344617673,373.8635418917604,402.2494305857823
ANF,2024-05-30,188.26808,2024-06-03,174.73508999999999,6629,174.40099217266115,6.933543913669422,13.86708782733885,-89710.19071000008,-90432.09511417909,-0.9759071384346347,stop_loss,4,-0.9759071384346347,374.408730696,347.49567348299996
FSS,2024-06-03,91.40671291725467,2024-06-04,85.83936158109235,13597,87.72564463136708,1.8405341429437982,3.6810682858875907,-75699.27611779903,-76422.28058028524,-1.5124281604626362,stop_loss,1,-1.5124281604626362,372.8571226607735,350.14733982543385
KD,2024-05-09,26.516489999999994,2024-06-05,26.16381,47131,24.76304802629722,0.8767209868513876,1.753441973702774,-16622.161079999638,-17367.02364578964,-0.2011358261575271,trailing_stop,27,-0.2011358261575271,374.92460705699995,369.937958733
SPOT,2024-06-05,326.87654999999995,2024-06-11,318.681,3802,306.35215171005683,10.262199144971568,20.52439828994312,-31159.48109999988,-31895.80404152988,-0.3993076865993074,stop_loss,6,-0.3993076865993074,372.8353929299999,363.4875486
AGIO,2024-06-04,44.094049999999996,2024-06-18,42.787169999999996,28118,40.158064422510336,1.96799278874483,3.93598557748966,-36746.85183999999,-37479.729683187994,-0.33203373698170846,trailing_stop,14,-0.33203373698170846,371.95094936999993,360.92689381799994
OLLI,2024-06-18,96.03593999999998,2024-07-26,97.4025,12899,90.03314580601455,3.001397096992716,6.002794193985437,17627.25744000027,16878.70870873227,0.22765398176890025,trailing_stop,38,0.22765398176890025,371.63027701799996,376.91845425
ASTS,2024-07-26,16.986969999999996,2024-09-27,23.126849999999997,73262,14.716316271083606,1.1353268644581946,2.2706537289163897,449819.8885600001,448938.2429557481,2.7040142324695626,trailing_stop,63,2.7040142324695626,373.3498188419999,508.2957854099999
BILI,2024-09-27,21.586565,2024-10-09,22.00797,59131,19.6821664123412,0.9521992938293998,1.9043985876588003,24918.099055000002,24144.762520274504,0.22127983224250355,trailing_stop,12,0.22127983224250355,382.9305525045,390.405982221
BABA,2024-09-27,103.3247312097351,2024-10-16,99.74653327316005,6176,97.89439732438032,2.7151669426773912,5.430333885354784,-22098.95045628752,-22475.20089512143,-0.6589277956232473,trailing_stop,19,-0.6589277956232473,191.4400619853972,184.81037684851094
TPL,2024-06-11,232.64711034468846,2024-12-05,462.32557683686025,5328,219.0290727010314,6.809018821828526,13.618037643657061,1223726.8694702913,1222616.0251271003,16.86575353234908,trailing_stop,177,16.86575353234908,371.8631411749501,738.9812020160373
BKR,2024-11-07,41.59521528867883,2024-12-09,40.25004668491173,15892,39.58237173478416,1.0064217769473336,2.012843553894669,-21377.419451066748,-21767.624922052037,-0.6682926753866791,trailing_stop,32,-0.6682926753866791,198.3093484103052,191.89612257498516
MRVL,2024-12-05,116.20871682830163,2024-12-10,107.28326497600193,11490,107.62115516452398,4.293780831888823,8.587561663777649,-102553.44178292358,-103323.81864420301,-1.0393464643109667,stop_loss,5,-1.0393464643109667,400.5714469071557,369.8054143722787
NWL,2024-12-10,10.443733204720637,2024-12-18,9.583196090345849,129404,9.700868958467758,0.3714321231264389,0.7428642462528785,-111356.94474855503,-112134.41417610466,-1.1584042693069014,stop_loss,8,-1.1584042693069014,405.4382554871008,372.03117206253427
ASAN,2024-12-09,22.222199999999997,2024-12-20,21.558419999999998,30501,20.48837405088025,0.8669129745598732,1.7338259491197476,-20245.953779999974,-20646.559587185973,-0.38284119599028726,trailing_stop,11,-0.38284119599028726,203.33979666,197.26601052599997
RGTI,2024-12-18,11.14113,2024-12-20,7.25274,120684,9.289466113214372,0.9258319433928144,1.8516638867856283,-469266.45876,-469932.412502124,-2.0999437466753212,stop_loss,2,-2.0999437466753212,403.36683987600003,262.586902248
DOCU,2024-10-09,66.94688,2025-01-02,90.42948,19234,63.21705406874777,1.8649129656261096,3.729825931252222,451664.3284000001,450756.23532752815,6.295897029198932,trailing_stop,85,6.295897029198932,386.296886976,521.796185496
GPOR,2025-01-02,186.65646999999998,2025-01-28,178.48134,7002,176.71951322323144,4.968478388384267,9.93695677676854,-57242.260259999974,-58009.26874368598,-0.8226995632216604,stop_loss,26,-0.8226995632216604,392.090580882,374.91790280400005
BTI,2025-01-28,36.36170864948015,2025-02-14,36.10390962850574,35956,35.28580931802115,0.5379496657294982,1.0758993314589986,-9269.42159815589,-10051.09372939687,-0.23961258589576004,trailing_stop,17,-0.23961258589576004,392.22647886021247,389.4456523807657
HIMS,2025-02-14,60.08002,2025-02-24,48.091860000000004,21872,53.38797306600378,3.346023466998107,6.692046933996217,-262205.03551999986,-262914.8161278079,-1.791404052936185,stop_loss,10,-1.791404052936185,394.22105923199996,315.55954857600005
DRI,2024-12-20,175.40121310234946,2025-03-12,182.27103373986014,7482,165.5705840805574,4.915314510896032,9.83062902179205,51399.99800985494,50597.166884592916,0.6988180127926716,trailing_stop,82,0.6988180127926716,393.7055629295336,409.12556233249006
GENI,2025-03-25,11.091079999999998,2025-03-31,9.8901,117681,10.076514799102473,0.5072826004487625,1.0145652008975254,-141332.52737999972,-142073.25325307372,-1.1837386093447342,stop_loss,6,-1.1837386093447342,391.5628156439999,349.16305743000004
BRK-A,2025-02-25,754804.3202699999,2025-04-07,701396.386515,1,732842.41911651,10980.950576744963,21961.901153489947,-53407.93375499989,-53844.79396703539,-2.431844737927567,trailing_stop,41,-2.431844737927567,226.44129608099996,210.41891595450002
VRSN,2025-01-02,207.0673249767648,2025-04-08,235.54574602316055,6312,199.17774363746122,3.944790669651789,7.889581339303589,179755.7936448499,178917.66153360446,3.609623859826955,trailing_stop,96,3.609623859826955,392.1026865760018,446.0294246694568
NRG,2025-05-13,148.07994284798613,2025-07-09,151.0038616036488,8724,135.95027449750452,6.0648341752408035,12.129668350481609,25508.267224401123,24725.505091390303,0.24105512790434824,trailing_stop,57,0.24105512790434824,387.55482642174934,395.2073065890696
DAVE,2025-05-13,173.43325999999996,2025-07-14,206.67311999999998,7448,155.68343908938303,8.874910455308472,17.749820910616933,247570.47728000017,246721.16758452816,1.8726870635701924,trailing_stop,62,1.8726870635701924,387.5192761439999,461.7904193279999
EYE,2025-05-13,18.758739999999996,2025-09-03,21.81816,68869,17.165794905346985,0.7964725473265062,1.592945094653011,210699.1959800002,209860.8488221702,1.920606058720707,trailing_stop,113,1.920606058720707,387.56869951799996,450.77845831199994
DK,2025-09-03,30.908929266025865,2025-09-12,28.383717718414104,43738,28.21584324106345,1.3465430124812072,2.6930860249624153,-110447.7026694432,-111225.70520758483,-0.9376646435373347,stop_loss,9,-0.9376646435373347,405.5684244712317,372.43411367039886
RMBS,2025-09-12,88.28819999999999,2025-10-13,95.50439999999999,15303,81.002446728818,3.642876635590997,7.285753271181989,110429.50860000002,109585.73515266001,0.990453523665549,trailing_stop,31,0.990453523665549,405.32229737999995,438.4511499599999
PTGX,2025-10-13,85.36528,2025-10-14,78.41150999999999,16264,78.05000318091179,3.6576384095441083,7.315276819088211,-113096.1152800001,-113895.21499376811,-0.9505819358544433,stop_loss,1,-0.9505819358544433,416.51427417599996,382.585439592
KTOS,2025-07-14,50.955904999999994,2025-10-17,84.83008500000001,26041,46.17854233519583,2.3886813324020837,4.777362664804166,882117.5213800004,881056.7204903234,7.09056070822469,trailing_stop,95,7.09056070822469,398.08281663149995,662.7180730455002
GRAL,2025-10-17,85.38029499999999,2025-10-22,83.80611,16228,75.4282828235524,4.976006088223801,9.952012176447596,-25545.87417999977,-26369.541274101768,-0.15817755968239744,trailing_stop,5,-0.15817755968239744,415.66542817799996,408.001665924
BE,2025-10-14,107.68757999999998,2025-10-23,94.14576,12937,93.26620912151155,7.210685439244219,14.421370878488432,-175190.52533999985,-175973.86071587386,-0.9390105915797213,stop_loss,9,-0.9390105915797213,417.94626673799996,365.389109136
TNL,2025-10-23,67.89587907383964,2025-10-24,64.05641331568218,10074,64.33042433407832,1.7827273698806614,3.5654547397613214,-38678.77804767824,-39077.564265737856,-1.0768516327918611,stop_loss,1,-1.0768516327918611,205.19492573695814,193.5912923226547
LC,2025-10-24,18.588569999999997,2025-10-31,16.89309,36986,16.900579566126677,0.8439952169366609,1.6879904338733205,-62709.02327999986,-63102.72068302786,-1.0044369719024355,stop_loss,7,-1.0044369719024355,206.255055006,187.44234802200003
GM,2025-10-22,66.67882556942901,2025-11-18,67.3197334155074,20688,63.0609966612081,1.8089144541104538,3.6178289082209076,13259.101519669766,12427.452863185657,0.17715261344228755,trailing_stop,27,0.17715261344228755,413.8354630141042,417.81319347000516
VICR,2025-10-23,84.44435999999999,2025-11-19,85.12478999999999,16200,76.34156071372442,4.051399643137788,8.10279928627557,11022.966000000019,10198.859931000019,0.0839746828176413,trailing_stop,27,0.0839746828176413,410.3995895999999,413.7064793999999
TIGO,2025-11-19,53.55549576876214,2025-11-21,49.93650548970823,25475,50.29238439867387,1.6315556850441382,3.263111370088275,-92193.77735889838,-92984.71497851625,-1.109061220596957,stop_loss,2,-1.109061220596957,409.29787641276465,381.63974320509516
JAZZ,2025-11-18,170.26009,2025-12-10,165.18465,8017,159.24721307234944,5.506438463825282,11.012876927650552,-40689.80247999989,-41496.58062417388,-0.46086413507962104,trailing_stop,22,-0.46086413507962104,409.492542459,397.28560171500004
DBRG,2025-12-08,14.295703838629546,2025-12-18,13.459002238197582,47597,12.872988693055415,0.7113575727870651,1.4227151455741307,-39824.486075760164,-40220.79829930179,-0.5881019844589592,trailing_stop,10,-0.5881019844589592,204.12978468217514,192.1824388594471
SOFI,2025-07-09,20.19017,2026-01-02,26.63334,66669,18.599624128360233,0.7952729358198833,1.5905458716397654,429559.70073000016,428623.19775354315,4.050917433369871,trailing_stop,177,4.050917433369871,403.81753311899996,532.685443338
FROG,2025-12-10,68.56849999999999,2026-01-02,62.917019999999994,19785,63.11005654158504,2.7292217292074725,5.458443458414948,-111814.53179999985,-112594.96410395986,-1.0353647597626852,stop_loss,23,-1.0353647597626852,406.9883317499999,373.44397220999997
AXSM,2026-01-02,183.51333,2026-01-06,172.827,7334,171.5829298143954,5.965200092802286,11.930400185604583,-78373.54421999998,-79157.56421406598,-0.8957226776763364,stop_loss,4,-0.8957226776763364,403.76602866599995,380.25396539999997
WFRD,2026-01-06,89.6283597530758,2026-01-16,84.34073422172976,15036,84.03009786824956,2.7991309424131243,5.598261884826243,-79504.73748931903,-80289.47727842059,-0.9445120003545802,stop_loss,10,-0.9445120003545802,404.29560517417434,380.4441839273786
MATX,2026-01-16,145.2276658697121,2026-03-09,148.225110172854,9351,137.9800451852463,3.6238103422329075,7.247620684465801,28029.101678679814,27205.8786060476,0.4135763216149635,trailing_stop,52,0.4135763216149635,407.4071710643033,415.81590156790725
EQNR,2026-03-09,33.48302067719878,2026-03-11,32.55549318284439,40688,31.68770268314939,0.8976589970246955,1.795317994049391,-37739.23869029156,-38545.3312058728,-0.5166368840666097,stop_loss,2,-0.5166368840666097,408.70714359415916,397.3853719870717
FTAI,2026-01-05,212.15275192064524,2026-03-13,241.47104346709145,6346,196.38523684723836,7.88375753670344,15.767515073406884,186053.87815374762,185190.26917208845,1.8594110365490462,trailing_stop,67,1.8594110365490462,403.8964091065244,459.71257255264874
AAOI,2026-03-11,118.66854999999998,2026-03-16,99.9,11479,100.30111955250025,9.183715223749866,18.36743044749973,-215444.18544999973,-216196.86996563472,-1.02183863190046,stop_loss,5,-1.02183863190046,408.65888563499993,344.02563000000004
SPLK,2023-09-22,144.56441999999998,2026-03-19,156.7431,8604,136.6872451382713,3.938587430864344,7.87717486172869,104785.36272000012,104007.62774937613,1.5460720643856996,trailing_stop,909,1.5460720643856996,373.149680904,404.58528972
PTEN,2026-03-16,10.122408082550075,2026-04-02,10.656813172804412,132470,9.304726953638706,0.4088405644556845,0.817681128911369,70792.642305992,69966.85527408296,0.6535617263979474,trailing_stop,17,0.6535617263979474,402.2746196086225,423.5124123004202
DOCN,2026-03-19,80.8808,2026-04-13,76.41850500000001,16711,70.98167576526602,4.94956211736699,9.899124234733975,-74569.41174499971,-75358.0003507562,-0.45077674491069775,trailing_stop,25,-0.45077674491069775,405.47971464,383.1088911165
PUMP,2026-03-13,14.094079999999998,2026-05-07,15.809175,95395,12.50704301842933,0.7935184907853341,1.5870369815706677,163611.48752500015,162755.70122178266,1.0806900027638906,trailing_stop,55,1.0806900027638906,403.35142848,452.4348747375
FLEX,2026-05-07,132.43730499999998,2026-05-20,127.63224000000001,10692,122.10340594728623,5.166949526356875,10.333899052713747,-51375.754979999685,-52209.95405254169,-0.46498083399974094,stop_loss,13,-0.46498083399974094,424.805899518,409.393173024
CMBT,2026-05-20,16.05863765824322,2026-05-28,15.236005036939865,87237,15.06139826919373,0.498619694524746,0.9972393890494917,-71764.00198464085,-72583.01720808075,-0.8249098765417194,stop_loss,8,-0.8249098765417194,420.2722120176491,398.7430114222569
DY,2026-05-28,524.2937699999999,2026-06-04,477.15237,2727,475.9060560499097,24.193856975045083,48.38771395009019,-128554.59779999962,-129373.88088713362,-0.9742431735589773,stop_loss,7,-0.9742431735589773,428.9247332369999,390.35835389700003
VMED,2013-02-06,44.62246244404678,2026-06-12,44.62246244404678,19540,42.564378602666366,1.0290419206902088,2.058083841380416,0.0,-523.1537496940044,0.0,end_of_backtest,4874,0.0,261.5768748470022,261.5768748470022
SPRD,2013-06-24,25.333366736518485,2026-06-12,25.333366736518485,35729,23.004662919321916,1.1643519085982836,2.328703817196569,0.0,-543.0815160774414,0.0,end_of_backtest,4736,0.0,271.5407580387207,271.5407580387207
ITMN,2014-08-14,51.14109,2026-06-12,51.14109,21284,46.550373263660134,2.2953583681699334,4.590716736339864,0.0,-653.092175736,0.0,end_of_backtest,4320,0.0,326.546087868,326.546087868
PETM,2014-12-16,81.05096999999999,2026-06-12,81.05096999999999,14537,78.25151814286464,1.399725928567679,2.7994518571353524,0.0,-706.942770534,0.0,end_of_backtest,4196,0.0,353.471385267,353.471385267
NPSP,2015-01-07,41.52147999999999,2026-06-12,41.52147999999999,28469,37.64065551313894,1.940412243430524,3.8808244868610515,0.0,-709.2450084719999,0.0,end_of_backtest,4174,0.0,354.62250423599994,354.62250423599994
CTRX,2015-03-31,59.879819999999995,2026-06-12,59.879819999999995,20050,56.56599492064247,1.6569125396787647,3.313825079357528,0.0,-720.3542345999999,0.0,end_of_backtest,4091,0.0,360.17711729999996,360.17711729999996
CYT,2015-07-30,73.94456698945275,2026-06-12,73.94456698945275,16189,70.17470956907536,1.8849287101886965,3.7698574203773916,0.0,-718.2531569953504,0.0,end_of_backtest,3970,0.0,359.1265784976752,359.1265784976752
DWA,2016-04-29,39.96993,2026-06-12,39.96993,26878,37.123859716111824,1.4230351419440868,2.8460702838881744,0.0,-644.5870671239999,0.0,end_of_backtest,3696,0.0,322.29353356199994,322.29353356199994
MENT,2016-11-15,36.247958410596645,2026-06-12,36.247958410596645,30226,34.25901318362602,0.9944726134853148,1.9889452269706283,0.0,-657.3784745512165,0.0,end_of_backtest,3496,0.0,328.68923727560826,328.68923727560826
CLNY1,2017-01-04,20.936025924142584,2026-06-12,20.936025924142584,53824,19.95002815800664,0.4929988830679733,0.9859977661359451,0.0,-676.1163956046302,0.0,end_of_backtest,3446,0.0,338.0581978023151,338.0581978023151
KITE,2017-08-29,178.17799999999997,2026-06-12,178.17799999999997,6157,165.4082506473137,6.3848746763431325,12.769749352686262,0.0,-658.2251675999998,0.0,end_of_backtest,3209,0.0,329.1125837999999,329.1125837999999
CSRA,2018-02-13,40.34255243167484,2026-06-12,40.34255243167484,27793,37.94241453886119,1.200068946406822,2.400137892813646,0.0,-672.7443358401233,0.0,end_of_backtest,3041,0.0,336.37216792006166,336.37216792006166
SVU,2018-07-27,32.072039999999994,2026-06-12,32.072039999999994,36038,29.364323703568854,1.35385814821557,2.7077162964311405,0.0,-693.4873065119998,0.0,end_of_backtest,2877,0.0,346.7436532559999,346.7436532559999
ESL,2018-10-11,115.21509999999998,2026-06-12,115.21509999999998,10317,109.27695136170188,2.969074319149051,5.938148638298102,0.0,-713.2045120199999,0.0,end_of_backtest,2801,0.0,356.60225600999996,356.60225600999996
ZGNX,2022-01-20,25.89587,2026-06-12,25.89587,45935,23.346381419810037,1.2747442900949801,2.549488580189962,0.0,-713.7160730699999,0.0,end_of_backtest,1604,0.0,356.85803653499994,356.85803653499994
CHNG,2022-08-17,23.15756567062564,2026-06-12,23.15756567062564,51639,22.47743419441199,0.3400657381068247,0.6801314762136492,0.0,-717.5001201992625,0.0,end_of_backtest,1395,0.0,358.75006009963124,358.75006009963124
HZNP,2023-10-04,116.34622999999999,2026-06-12,116.34622999999999,10605,115.09833699270956,0.6239465036452141,1.247893007290429,0.0,-740.3110614899998,0.0,end_of_backtest,982,0.0,370.1555307449999,370.1555307449999
EXAS,2025-11-21,101.09098999999999,2026-06-12,101.09098999999999,13393,93.73015774564684,3.680416127176578,7.360832254353156,0.0,-812.3469774419999,0.0,end_of_backtest,203,0.0,406.17348872099996,406.17348872099996
HAL,2026-01-06,31.505022642763727,2026-06-12,39.6,21389,29.667295784283134,0.9188634292402966,1.8377268584805933,173143.47069392668,172687.21109513487,4.404886025298171,end_of_backtest,157,4.404886025298171,202.158278791822,254.10132000000002
AEHR,2026-04-09,62.55248999999999,2026-06-12,108.47,21679,52.31022472538159,5.121132637309203,10.242265274618404,995445.6992900001,994333.4203217871,4.48314008364822,end_of_backtest,64,4.48314008364822,406.8226292129999,705.456339
MRVL,2026-04-13,130.09996999999998,2026-06-12,279.7,10398,118.78101316193744,5.6594784190312755,11.318956838062547,1555541.11194,1554262.781913582,13.216768306504724,end_of_backtest,60,13.216768306504724,405.83384641799995,872.4961800000001
AMAT,2026-06-12,549.1686199999999,2026-06-12,567.25,1335,495.8907217474917,26.638949126254126,53.27789825250824,24138.64230000011,23691.51664269011,0.33937862778115196,end_of_backtest,0,0.33937862778115196,219.94203230999997,227.183625
